container_chain,member_chain,depth,parent_narc_path,parent_file_id,member_index,name,container_relative_offset,container_relative_end,gmif_relative_offset,gmif_relative_end,size,sha256,signature_hex,extension,probable_format,format_evidence,structure_valid,compressed,compression,compression_evidence,decompression_supported,declared_decompressed_size,decompression_valid,decompressed_size,decompressed_sha256,decompressed_format,decompressed_format_evidence,nested_container,nested_after_decompression
/poketool/trgra/trfgra.narc,/poketool/trgra/trfgra.narc!/member_00159,0,/poketool/trgra/trfgra.narc,341,159,,523148,523220,521528,521600,72,ed3400c8436212eb716b18a62e0081b0549cdd92ba85fbdd18b41b18e9b2b2ae,524c434efffe00014800000010000100,,NCLR palette,Confirmed,True,False,,,,,,,,,,False,False
/poketool/trgra/trfgra.narc,/poketool/trgra/trfgra.narc!/member_00160,0,/poketool/trgra/trfgra.narc,341,160,,523220,529668,521600,528048,6448,446ae153d981182d81c2240962286e9b2d9b5671540f2a9a168dc826beea090a,5247434efffe00013019000010000100,,NCGR graphics,Confirmed,True,False,,,,,,,,,,False,False
/poketool/trgra/trfgra.narc,/poketool/trgra/trfgra.narc!/member_00161,0,/poketool/trgra/trfgra.narc,341,161,,529668,529740,528048,528120,72,89ed774fbed889c1be7c4b9e740423baee3ffd752924e98b66ab31ff76d76760,524c434efffe00014800000010000100,,NCLR palette,Confirmed,True,False,,,,,,,,,,False,False
/poketool/trgra/trfgra.narc,/poketool/trgra/trfgra.narc!/member_00162,0,/poketool/trgra/trfgra.narc,341,162,,529740,536188,528120,534568,6448,e535293a8e616a0e957f0a7a0d64aea93b55eff5cb50237d6f1fa004ab9ad38b,5247434efffe00013019000010000100,,NCGR graphics,Confirmed,True,False,,,,,,,,,,False,False
/poketool/trgra/trfgra.narc,/poketool/trgra/trfgra.narc!/member_00163,0,/poketool/trgra/trfgra.narc,341,163,,536188,536260,534568,534640,72,a03638bd69e0fd9b70bc952bbc1ee540031c357df615ad8d9e13633ef07cd4fa,524c434efffe00014800000010000100,,NCLR palette,Confirmed,True,False,,,,,,,,,,False,False
/poketool/trgra/trfgra.narc,/poketool/trgra/trfgra.narc!/member_00164,0,/poketool/trgra/trfgra.narc,341,164,,536260,542708,534640,541088,6448,62d8a75fc33aaeb77ae018df889e75f28cc4a8c4056e84d28a13f19f6ae266b2,5247434efffe00013019000010000100,,NCGR graphics,Confirmed,True,False,,,,,,,,,,False,False
/poketool/trgra/trfgra.narc,/poketool/trgra/trfgra.narc!/member_00165,0,/poketool/trgra/trfgra.narc,341,165,,542708,542780,541088,541160,72,85fe8d6d633841628ed8aa21bb1529838c4f3ec537e50dece204fe1286ab3e3e,524c434efffe00014800000010000100,,NCLR palette,Confirmed,True,False,,,,,,,,,,False,False
/poketool/trgra/trfgra.narc,/poketool/trgra/trfgra.narc!/member_00166,0,/poketool/trgra/trfgra.narc,341,166,,542780,549228,541160,547608,6448,2243cd0698061106a420bb8dede6e732dec0682617e0b452f8a36dec51a3817e,5247434efffe00013019000010000100,,NCGR graphics,Confirmed,True,False,,,,,,,,,,False,False
/poketool/trgra/trfgra.narc,/poketool/trgra/trfgra.narc!/member_00167,0,/poketool/trgra/trfgra.narc,341,167,,549228,549300,547608,547680,72,e1241ad63ed80f8b803174b2f60a00d94a288b446afcba914c0939263b61847e,524c434efffe00014800000010000100,,NCLR palette,Confirmed,True,False,,,,,,,,,,False,False
/poketool/trgra/trfgra.narc,/poketool/trgra/trfgra.narc!/member_00168,0,/poketool/trgra/trfgra.narc,341,168,,549300,555748,547680,554128,6448,398f20d58ebac22ecf03dc5cb5c78882d029f100dba70b45c65517ed61124d59,5247434efffe00013019000010000100,,NCGR graphics,Confirmed,True,False,,,,,,,,,,False,False
/poketool/trgra/trfgra.narc,/poketool/trgra/trfgra.narc!/member_00169,0,/poketool/trgra/trfgra.narc,341,169,,555748,555820,554128,554200,72,e1241ad63ed80f8b803174b2f60a00d94a288b446afcba914c0939263b61847e,524c434efffe00014800000010000100,,NCLR palette,Confirmed,True,False,,,,,,,,,,False,False
/poketool/trgra/trfgra.narc,/poketool/trgra/trfgra.narc!/member_00170,0,/poketool/trgra/trfgra.narc,341,170,,555820,562268,554200,560648,6448,2f25056cb76c73510e99835121a7a055a94e5460ec5163a79c9bac6fd13d352c,5247434efffe00013019000010000100,,NCGR graphics,Confirmed,True,False,,,,,,,,,,False,False
/poketool/trgra/trfgra.narc,/poketool/trgra/trfgra.narc!/member_00171,0,/poketool/trgra/trfgra.narc,341,171,,562268,562340,560648,560720,72,58550c6f1066f8a1d98da51ca282dd0117a0e11c0c2522967f482c0bd6e55315,524c434efffe00014800000010000100,,NCLR palette,Confirmed,True,False,,,,,,,,,,False,False
/poketool/trgra/trfgra.narc,/poketool/trgra/trfgra.narc!/member_00172,0,/poketool/trgra/trfgra.narc,341,172,,562340,568788,560720,567168,6448,e1cf6112960a1a10cd2da6e5be35d05d9a2f718a873afe946e7de2e405e8cb38,5247434efffe00013019000010000100,,NCGR graphics,Confirmed,True,False,,,,,,,,,,False,False
/poketool/trgra/trfgra.narc,/poketool/trgra/trfgra.narc!/member_00173,0,/poketool/trgra/trfgra.narc,341,173,,568788,568860,567168,567240,72,ba2a2f007db6f52e4ea0167d00a3fdbda71f53ce9c3b3bd0fc1d71273a655a9a,524c434efffe00014800000010000100,,NCLR palette,Confirmed,True,False,,,,,,,,,,False,False
/poketool/trgra/trfgra.narc,/poketool/trgra/trfgra.narc!/member_00174,0,/poketool/trgra/trfgra.narc,341,174,,568860,575308,567240,573688,6448,0f5f944c2f03e936e1c509e94991dc3027ad68fee1044ad55d477beac4a52919,5247434efffe00013019000010000100,,NCGR graphics,Confirmed,True,False,,,,,,,,,,False,False
/poketool/trgra/trfgra.narc,/poketool/trgra/trfgra.narc!/member_00175,0,/poketool/trgra/trfgra.narc,341,175,,575308,575380,573688,573760,72,d81522b2750fd38ade8e825a0eb508fc68ca9d9841e551b5e46e6a7ae90d820d,524c434efffe00014800000010000100,,NCLR palette,Confirmed,True,False,,,,,,,,,,False,False
/poketool/trgra/trfgra.narc,/poketool/trgra/trfgra.narc!/member_00176,0,/poketool/trgra/trfgra.narc,341,176,,575380,581828,573760,580208,6448,5671501bf75e4ed4b1f1f8654daad20e7456c59a4459125265e87844d3576965,5247434efffe00013019000010000100,,NCGR graphics,Confirmed,True,False,,,,,,,,,,False,False
/poketool/trgra/trfgra.narc,/poketool/trgra/trfgra.narc!/member_00177,0,/poketool/trgra/trfgra.narc,341,177,,581828,581900,580208,580280,72,1ad9811622e2107dad014e5764996d8a5beeb5c36f7105dddd76ed1a89d62452,524c434efffe00014800000010000100,,NCLR palette,Confirmed,True,False,,,,,,,,,,False,False
/poketool/trgra/trfgra.narc,/poketool/trgra/trfgra.narc!/member_00178,0,/poketool/trgra/trfgra.narc,341,178,,581900,588348,580280,586728,6448,16f2b52bd752cb80b4bacecd274023f1b55019bf70cff41859c510e813ca2d11,5247434efffe00013019000010000100,,NCGR graphics,Confirmed,True,False,,,,,,,,,,False,False
/poketool/trgra/trfgra.narc,/poketool/trgra/trfgra.narc!/member_00179,0,/poketool/trgra/trfgra.narc,341,179,,588348,588420,586728,586800,72,3ccdc699b687de678100b8a33fea0fd5d28a68898663b930ed2cbb35b71c2a14,524c434efffe00014800000010000100,,NCLR palette,Confirmed,True,False,,,,,,,,,,False,False
/poketool/trgra/trfgra.narc,/poketool/trgra/trfgra.narc!/member_00180,0,/poketool/trgra/trfgra.narc,341,180,,588420,594868,586800,593248,6448,6f3dbd93f42d76e1fe1232bb6b34f09efaed0c426d9150fd647ebf898ce2803c,5247434efffe00013019000010000100,,NCGR graphics,Confirmed,True,False,,,,,,,,,,False,False
/poketool/trgra/trfgra.narc,/poketool/trgra/trfgra.narc!/member_00181,0,/poketool/trgra/trfgra.narc,341,181,,594868,594940,593248,593320,72,4963d12cb7dd2066bf0648d3e5b1b1c6da5a41e82bad04a93fc2e43c41b3cea3,524c434efffe00014800000010000100,,NCLR palette,Confirmed,True,False,,,,,,,,,,False,False
/poketool/trgra/trfgra.narc,/poketool/trgra/trfgra.narc!/member_00182,0,/poketool/trgra/trfgra.narc,341,182,,594940,601388,593320,599768,6448,82363321a9c1b89922865dc55a26a95209945ae5881488024f5db4d58500e762,5247434efffe00013019000010000100,,NCGR graphics,Confirmed,True,False,,,,,,,,,,False,False
/poketool/trgra/trfgra.narc,/poketool/trgra/trfgra.narc!/member_00183,0,/poketool/trgra/trfgra.narc,341,183,,601388,601460,599768,599840,72,0d6afe050fc2b284fdb8378ef29b7a103a369c08617fdab44c0f15b6899b6ed1,524c434efffe00014800000010000100,,NCLR palette,Confirmed,True,False,,,,,,,,,,False,False
/poketool/trgra/trfgra.narc,/poketool/trgra/trfgra.narc!/member_00184,0,/poketool/trgra/trfgra.narc,341,184,,601460,607908,599840,606288,6448,a39031d69f2740a70b072d4313f609f2acbf0f803268fb1f2c4f8f7ee8d3b6bd,5247434efffe00013019000010000100,,NCGR graphics,Confirmed,True,False,,,,,,,,,,False,False
/poketool/trgra/trfgra.narc,/poketool/trgra/trfgra.narc!/member_00185,0,/poketool/trgra/trfgra.narc,341,185,,607908,607980,606288,606360,72,3903016fc6cc2fb3b18d24e66db68a36502a9387f53fd766fe7f5b7bcd16bb20,524c434efffe00014800000010000100,,NCLR palette,Confirmed,True,False,,,,,,,,,,False,False
/poketool/trgra/trfgra.narc,/poketool/trgra/trfgra.narc!/member_00186,0,/poketool/trgra/trfgra.narc,341,186,,607980,614428,606360,612808,6448,473b235d367657ce50469a993d780f33a3c975142b4246e5cb0cedf11b2da741,5247434efffe00013019000010000100,,NCGR graphics,Confirmed,True,False,,,,,,,,,,False,False
/poketool/trgra/trfgra.narc,/poketool/trgra/trfgra.narc!/member_00187,0,/poketool/trgra/trfgra.narc,341,187,,614428,614500,612808,612880,72,3903016fc6cc2fb3b18d24e66db68a36502a9387f53fd766fe7f5b7bcd16bb20,524c434efffe00014800000010000100,,NCLR palette,Confirmed,True,False,,,,,,,,,,False,False
/poketool/trgra/trfgra.narc,/poketool/trgra/trfgra.narc!/member_00188,0,/poketool/trgra/trfgra.narc,341,188,,614500,620948,612880,619328,6448,d08a5d7ce8763256f3d9f3409b35c938dd1fbb30010ac92c36189c1f2143e91a,5247434efffe00013019000010000100,,NCGR graphics,Confirmed,True,False,,,,,,,,,,False,False
/poketool/trgra/trfgra.narc,/poketool/trgra/trfgra.narc!/member_00189,0,/poketool/trgra/trfgra.narc,341,189,,620948,621020,619328,619400,72,1264eec88f4f650b8309f9e209a45e88b77e56c0c6ae95bd171905f1bd151681,524c434efffe00014800000010000100,,NCLR palette,Confirmed,True,False,,,,,,,,,,False,False
/poketool/trgra/trfgra.narc,/poketool/trgra/trfgra.narc!/member_00190,0,/poketool/trgra/trfgra.narc,341,190,,621020,627468,619400,625848,6448,974de59c5432e688d040a359943bcd79a3fdf61794e6d41974cb20864b78cdfd,5247434efffe00013019000010000100,,NCGR graphics,Confirmed,True,False,,,,,,,,,,False,False
/poketool/trgra/trfgra.narc,/poketool/trgra/trfgra.narc!/member_00191,0,/poketool/trgra/trfgra.narc,341,191,,627468,627540,625848,625920,72,54fd46bae7e60e5247bac2186b13ae21a262f9d3c61f8385114ec4bbab8d7a58,524c434efffe00014800000010000100,,NCLR palette,Confirmed,True,False,,,,,,,,,,False,False
/poketool/trgra/trfgra.narc,/poketool/trgra/trfgra.narc!/member_00192,0,/poketool/trgra/trfgra.narc,341,192,,627540,633988,625920,632368,6448,4298a2fac5e654fe429fa6d676b87975fae316b9650474d42ae0f4e3978b73f3,5247434efffe00013019000010000100,,NCGR graphics,Confirmed,True,False,,,,,,,,,,False,False
/poketool/trgra/trfgra.narc,/poketool/trgra/trfgra.narc!/member_00193,0,/poketool/trgra/trfgra.narc,341,193,,633988,634060,632368,632440,72,be36dc63cbd64c2b9df7bf48d005d7c5c226f61a22c4c369ca26ea5059354f28,524c434efffe00014800000010000100,,NCLR palette,Confirmed,True,False,,,,,,,,,,False,False
/poketool/trgra/trfgra.narc,/poketool/trgra/trfgra.narc!/member_00194,0,/poketool/trgra/trfgra.narc,341,194,,634060,640508,632440,638888,6448,b7fa2754abba7f9017772235d024dcfcbb0715d9dcf4f500a5708926df573033,5247434efffe00013019000010000100,,NCGR graphics,Confirmed,True,False,,,,,,,,,,False,False
/poketool/trgra/trfgra.narc,/poketool/trgra/trfgra.narc!/member_00195,0,/poketool/trgra/trfgra.narc,341,195,,640508,640580,638888,638960,72,58bd09c3f3a5d8becee18a9601d16dff790bc2293ad2fc973c2cfb6d144fc9fb,524c434efffe00014800000010000100,,NCLR palette,Confirmed,True,False,,,,,,,,,,False,False
/poketool/trmsg/trtbl.narc,/poketool/trmsg/trtbl.narc!/member_00000,0,/poketool/trmsg/trtbl.narc,342,0,,60,9604,0,9544,9544,a88352dc80a22d999514b3793045dbd1f22e42f2eb6fde77a5dee1c67ebbfca7,f7000d00f7000e00f7000100f6000f00,,,,,False,,,,,,,,,,False,False
/poketool/trmsg/trtblofs.narc,/poketool/trmsg/trtblofs.narc!/member_00000,0,/poketool/trmsg/trtblofs.narc,343,0,,60,1760,0,1700,1700,d5aa2f655d3e4a64b040be4a5632a62e77aca1575130ee48a6ce30ca4b4f5aec,00003000400050006000000000000000,,,,,False,,,,,,,,,,False,False
/poketool/waza/waza_tbl.narc,/poketool/waza/waza_tbl.narc!/member_00000,0,/poketool/waza/waza_tbl.narc,344,0,,3820,3836,0,16,16,374708fff7719dd5979ec875d56cd2286f6d3cf7ec317a3b25632aab28ec37bb,00000000000000000000000000000000,,,,,False,,,,,,,,,,False,False
/poketool/waza/waza_tbl.narc,/poketool/waza/waza_tbl.narc!/member_00001,0,/poketool/waza/waza_tbl.narc,344,1,,3836,3852,16,32,16,082e91ebc7f593f2a4e25fde618117e52927e2bb73a21325e834c0162b89ba20,00000028006423000000007305040000,,,,,False,,,,,,,,,,False,False
/poketool/waza/waza_tbl.narc,/poketool/waza/waza_tbl.narc!/member_00002,0,/poketool/waza/waza_tbl.narc,344,2,,3852,3868,32,48,16,8ffdfc0409b9601323c09556e9075368514bdd10ea392f796b0400e6041f9e99,2b000032016419000000007305040000,,,,,False,,,,,,,,,,False,False
/poketool/waza/waza_tbl.narc,/poketool/waza/waza_tbl.narc!/member_00003,0,/poketool/waza/waza_tbl.narc,344,3,,3868,3884,48,64,16,fe5f592c3b816d1338dd4d003e01723a5188440faa8f39c307ad85f496987eac,1d00000f00550a000000007307040000,,,,,False,,,,,,,,,,False,False
/poketool/waza/waza_tbl.narc,/poketool/waza/waza_tbl.narc!/member_00004,0,/poketool/waza/waza_tbl.narc,344,4,,3884,3900,64,80,16,d75e8de76f1f41fcb93d74f3efeba7e4e145f595840a4bea46ce41e9c81a8a8e,1d00001200550f000000007307040000,,,,,False,,,,,,,,,,False,False
/poketool/waza/waza_tbl.narc,/poketool/waza/waza_tbl.narc!/member_00005,0,/poketool/waza/waza_tbl.narc,344,5,,3900,3916,80,96,16,5a264f170519cf9f1b88660dbf6b7bc69fdb846921ac3eb07ad3eeb43e75dc1f,00000050005514000000003312040000,,,,,False,,,,,,,,,,False,False
/poketool/waza/waza_tbl.narc,/poketool/waza/waza_tbl.narc!/member_00006,0,/poketool/waza/waza_tbl.narc,344,6,,3916,3932,96,112,16,37caf1bf14ad113a1aa3b9f7fc892fbb378e6ffaddf79b6c609538fd5e505503,22000028006414000000003217030000,,,,,False,,,,,,,,,,False,False
/poketool/waza/waza_tbl.narc,/poketool/waza/waza_tbl.narc!/member_00007,0,/poketool/waza/waza_tbl.narc,344,7,,3932,3948,112,128,16,a4e6a20d643a7935ba7fa0066a7bb0b735086320fbc86fc54723e91042d4eff6,0400004b0a640f0a0000001311010000,,,,,False,,,,,,,,,,False,False
/poketool/waza/waza_tbl.narc,/poketool/waza/waza_tbl.narc!/member_00008,0,/poketool/waza/waza_tbl.narc,344,8,,3948,3964,128,144,16,768d4693b1a0d2576a528845b87bcf24dc220d69427b0e2617219f6dd5a556c9,0500004b0f640f0a0000001311010000,,,,,False,,,,,,,,,,False,False
/poketool/waza/waza_tbl.narc,/poketool/waza/waza_tbl.narc!/member_00009,0,/poketool/waza/waza_tbl.narc,344,9,,3964,3980,144,160,16,c9691d22c2f1be028a961efe867f7b806e75e339bee32af9ec14b13a895c5bdf,0600004b0d640f0a0000001311000000,,,,,False,,,,,,,,,,False,False
/poketool/waza/waza_tbl.narc,/poketool/waza/waza_tbl.narc!/member_00010,0,/poketool/waza/waza_tbl.narc,344,10,,3980,3996,160,176,16,082e91ebc7f593f2a4e25fde618117e52927e2bb73a21325e834c0162b89ba20,00000028006423000000007305040000,,,,,False,,,,,,,,,,False,False
/poketool/waza/waza_tbl.narc,/poketool/waza/waza_tbl.narc!/member_00011,0,/poketool/waza/waza_tbl.narc,344,11,,3996,4012,176,192,16,82a076f3fb599d90a5811ab1dcd745cc98b270fc1aa0cd4ce0591cef357fcbc2,0000003700641e000000003305040000,,,,,False,,,,,,,,,,False,False
/poketool/waza/waza_tbl.narc,/poketool/waza/waza_tbl.narc!/member_00012,0,/poketool/waza/waza_tbl.narc,344,12,,4012,4028,192,208,16,47b1f6a5a65000d0a426e7b6c23edc10a57f969b84cac36e8886b9c4e95163dc,26000001001e05000000001309000000,,,,,False,,,,,,,,,,False,False
/poketool/waza/waza_tbl.narc,/poketool/waza/waza_tbl.narc!/member_00013,0,/poketool/waza/waza_tbl.narc,344,13,,4028,4044,208,224,16,3c2f5a53c31f31523967bf9e8f50f56dd3767cf163dc4dde1e2943bfd227c34a,2700015000640a000400003206000000,,,,,False,,,,,,,,,,False,False
/poketool/waza/waza_tbl.narc,/poketool/waza/waza_tbl.narc!/member_00014,0,/poketool/waza/waza_tbl.narc,344,14,,4044,4060,224,240,16,0e3a49ef2a67e55186196259a359d07c809044e785cb93144a2138b264353d2e,3200020000001e00100000480b010000,,,,,False,,,,,,,,,,False,False
/poketool/waza/waza_tbl.narc,/poketool/waza/waza_tbl.narc!/member_00015,0,/poketool/waza/waza_tbl.narc,344,15,,4060,4076,240,256,16,4f6b56cab4eb8f9e255ab9d19a9d144a4ba66ae3cc5b3f93fb8dc80fc39b02c7,00000032005f1e000000007305000000,,,,,False,,,,,,,,,,False,False
/poketool/waza/waza_tbl.narc,/poketool/waza/waza_tbl.narc!/member_00016,0,/poketool/waza/waza_tbl.narc,344,16,,4076,4092,256,272,16,88621023ad806488c308af61a593cc80d08f0b692d69fb8bb2fbc7b844dfec2f,95000128026423000000003205030000,,,,,False,,,,,,,,,,False,False
/poketool/waza/waza_tbl.narc,/poketool/waza/waza_tbl.narc!/member_00017,0,/poketool/waza/waza_tbl.narc,344,17,,4092,4108,272,288,16,42bfd3c39c078eec1869f4bd0c9fa3d33a2bb7ffd8ac717589de4564c78a20a4,0000003c026423000000007305000000,,,,,False,,,,,,,,,,False,False
/poketool/waza/waza_tbl.narc,/poketool/waza/waza_tbl.narc!/member_00018,0,/poketool/waza/waza_tbl.narc,344,18,,4108,4124,288,304,16,fda13d791dbac1fc15da9f11d3d4b73a021c180d13a54d3f24577262d54bdab6,1c000200006414000000fa5209030000,,,,,False,,,,,,,,,,False,False
/poketool/waza/waza_tbl.narc,/poketool/waza/waza_tbl.narc!/member_00019,0,/poketool/waza/waza_tbl.narc,344,19,,4124,4140,304,320,16,a00918ecb24b501af98d906accfd1b2a3528a4a5913a160404245e787685fcd1,9b00005a025f0f00000000b306030000,,,,,False,,,,,,,,,,False,False
/poketool/waza/waza_tbl.narc,/poketool/waza/waza_tbl.narc!/member_00020,0,/poketool/waza/waza_tbl.narc,344,20,,4140,4156,320,336,16,6566caff19f465ede8a3f3b25ae102e128cf3e2e75dd102d08069774623ce3e3,2a00000f004b14000000007315040000,,,,,False,,,,,,,,,,False,False
/poketool/waza/waza_tbl.narc,/poketool/waza/waza_tbl.narc!/member_00021,0,/poketool/waza/waza_tbl.narc,344,21,,4156,4172,336,352,16,c9172a3386c7a4ecb79b614065edceafd8328ff5d65e4b8c2a60642258c44fe8,00000050004b14000000003305040000,,,,,False,,,,,,,,,,False,False
/poketool/waza/waza_tbl.narc,/poketool/waza/waza_tbl.narc!/member_00022,0,/poketool/waza/waza_tbl.narc,344,22,,4172,4188,352,368,16,0d53d3a8cef7236deba1dd291e02269b11f72f4c067d543d3e0815680a0353fd,000000230c640f000000007305000000,,,,,False,,,,,,,,,,False,False
/poketool/waza/waza_tbl.narc,/poketool/waza/waza_tbl.narc!/member_00023,0,/poketool/waza/waza_tbl.narc,344,23,,4188,4204,368,384,16,963c53a0de80330c523d320932d904aca7ace1ccf71f0142129c9c36d99e1dd9,960000410064141e0000005305040000,,,,,False,,,,,,,,,,False,False
/poketool/waza/waza_tbl.narc,/poketool/waza/waza_tbl.narc!/member_00024,0,/poketool/waza/waza_tbl.narc,344,24,,4204,4220,384,400,16,b154b16e28c5b59089decbc1698b28cfac0ebda788a9a15ff2d82e7095218a48,2c00001e01641e000000007307000000,,,,,False,,,,,,,,,,False,False
/poketool/waza/waza_tbl.narc,/poketool/waza/waza_tbl.narc!/member_00025,0,/poketool/waza/waza_tbl.narc,344,25,,4220,4236,400,416,16,35ccff9fb1a229eb1896fb765fe8a16fc838846f390d8532ec8a3781d656ada5,00000078004b0500000000b312000000,,,,,False,,,,,,,,,,False,False
/poketool/waza/waza_tbl.narc,/poketool/waza/waza_tbl.narc!/member_00026,0,/poketool/waza/waza_tbl.narc,344,26,,4236,4252,416,432,16,47f2a784da287a106574399de3ddcca2457dd468e40c4fdb6cb7fc4693a3dd9e,2d000055015f19000000003305000000,,,,,False,,,,,,,,,,False,False
/poketool/waza/waza_tbl.narc,/poketool/waza/waza_tbl.narc!/member_00027,0,/poketool/waza/waza_tbl.narc,344,27,,4252,4268,432,448,16,48d03ada963f5b271af11725ee82ff81300b2d05c89e7c02c9248db4fed2bfd9,1f00003c01550f1e0000003305000000,,,,,False,,,,,,,,,,False,False
/poketool/waza/waza_tbl.narc,/poketool/waza/waza_tbl.narc!/member_00028,0,/poketool/waza/waza_tbl.narc,344,28,,4268,4284,448,464,16,3ae9b68be7b5dc4507c350ced6b07c098aa894df841842d2c48e2c139859516a,1700020004640f000000001613020000,,,,,False,,,,,,,,,,False,False
/poketool/waza/waza_tbl.narc,/poketool/waza/waza_tbl.narc!/member_00029,0,/poketool/waza/waza_tbl.narc,344,29,,4284,4300,464,480,16,e479973863f1d736fa3585d704d239cd9df0e38e6aa3a313c6ce1df329e66334,1f00004600640f1e0000005305040000,,,,,False,,,,,,,,,,False,False
/poketool/waza/waza_tbl.narc,/poketool/waza/waza_tbl.narc!/member_00030,0,/poketool/waza/waza_tbl.narc,344,30,,4300,4316,480,496,16,911f0ce802608729a9f457479ca542374bcf4d1649a02aae5278ee2358365963,00000041006419000000003305000000,,,,,False,,,,,,,,,,False,False
/poketool/waza/waza_tbl.narc,/poketool/waza/waza_tbl.narc!/member_00031,0,/poketool/waza/waza_tbl.narc,344,31,,4316,4332,496,512,16,bd4bf18fff5363a524edff7787a9721039e2a90caf23d57f373304433dbd2cbf,1d00000f005514000000007307000000,,,,,False,,,,,,,,,,False,False
/poketool/waza/waza_tbl.narc,/poketool/waza/waza_tbl.narc!/member_00032,0,/poketool/waza/waza_tbl.narc,344,32,,4332,4348,512,528,16,47b1f6a5a65000d0a426e7b6c23edc10a57f969b84cac36e8886b9c4e95163dc,26000001001e05000000001309000000,,,,,False,,,,,,,,,,False,False
/poketool/waza/waza_tbl.narc,/poketool/waza/waza_tbl.narc!/member_00033,0,/poketool/waza/waza_tbl.narc,344,33,,4348,4364,528,544,16,d109c652da805ed1d78f1d866abc029c59060a3105b7f788dab31a819e04acb6,00000023005f23000000007305040000,,,,,False,,,,,,,,,,False,False
/poketool/waza/waza_tbl.narc,/poketool/waza/waza_tbl.narc!/member_00034,0,/poketool/waza/waza_tbl.narc,344,34,,4364,4380,544,560,16,0d7fce5b69a08a7fd2b6fd9929e2d46db73adb8f50ef290f4d763202b2c1cd5d,0600005500640f1e0000005305040000,,,,,False,,,,,,,,,,False,False
/poketool/waza/waza_tbl.narc,/poketool/waza/waza_tbl.narc!/member_00035,0,/poketool/waza/waza_tbl.narc,344,35,,4380,4396,560,576,16,e10fc677440861ab8eee1e8bd614edfcd6446eedb9b02782b980e11ff3738e5b,2a00000f005514000000003315040000,,,,,False,,,,,,,,,,False,False
/poketool/waza/waza_tbl.narc,/poketool/waza/waza_tbl.narc!/member_00036,0,/poketool/waza/waza_tbl.narc,344,36,,4396,4412,576,592,16,e13b8de06146697fc1b16d4592f886f19f9b032ef4a46b52f657be5d4b2b81d3,3000005a005514000000003305040000,,Nintendo RLE,Probable,,True,Nintendo RLE,Probable,False,5898240,,,,,,False,False
/poketool/waza/waza_tbl.narc,/poketool/waza/waza_tbl.narc!/member_00037,0,/poketool/waza/waza_tbl.narc,344,37,,4412,4428,592,608,16,8e97888c8091c2262a65fe31171070f6b3ea29a89b649dc5dfa18f0cbe7f4abd,1b00005a006414000200003307040000,,,,,False,,,,,,,,,,False,False
/poketool/waza/waza_tbl.narc,/poketool/waza/waza_tbl.narc!/member_00038,0,/poketool/waza/waza_tbl.narc,344,38,,4428,4444,608,624,16,5c04ed0075ce15336235e95e1f943e55d59a84516d8bb90825c56da4a7c1562a,c600007800640f00000000b309040000,,,,,False,,,,,,,,,,False,False
/poketool/waza/waza_tbl.narc,/poketool/waza/waza_tbl.narc!/member_00039,0,/poketool/waza/waza_tbl.narc,344,39,,4444,4460,624,640,16,9b724e189edac51fab145b64b5a26b257e33b7af19b30603549968044e42a360,1300020000641e000400005613020000,,,,,False,,,,,,,,,,False,False
/poketool/waza/waza_tbl.narc,/poketool/waza/waza_tbl.narc!/member_00040,0,/poketool/waza/waza_tbl.narc,344,40,,4460,4476,640,656,16,1c5a7f6c5fb347709792d409ad167c971daf23a535e0825b4da1b287c354d1e4,0200000f0364231e0000001213030000,,,,,False,,,,,,,,,,False,False
/poketool/waza/waza_tbl.narc,/poketool/waza/waza_tbl.narc!/member_00041,0,/poketool/waza/waza_tbl.narc,344,41,,4476,4492,656,672,16,04c5ba04494ca06fddc279668cfb0661bb0ee58ac7962a2398a3ed9930b5d232,4d000019066414140000005207000000,,,,,False,,,,,,,,,,False,False
/poketool/waza/waza_tbl.narc,/poketool/waza/waza_tbl.narc!/member_00042,0,/poketool/waza/waza_tbl.narc,344,42,,4492,4508,672,688,16,badc9aa09c058f7dc2f8c4bea926045d877cc7a6e9d580738ff1c81fc21336f8,1d00000e065514000000007207000000,,,,,False,,,,,,,,,,False,False
/poketool/waza/waza_tbl.narc,/poketool/waza/waza_tbl.narc!/member_00043,0,/poketool/waza/waza_tbl.narc,344,43,,4508,4524,688,704,16,115436643ffe32d6e64dd4dbf3dc9d293eaeb3acafeaf2ab9c12341d694693e0,1300020000641e000400001613000000,,,,,False,,,,,,,,,,False,False
/poketool/waza/waza_tbl.narc,/poketool/waza/waza_tbl.narc!/member_00044,0,/poketool/waza/waza_tbl.narc,344,44,,4524,4540,704,720,16,0555be5e1f33c22835bc0c3584778f93bb059e21a2f77b4923d7ca4161926aa7,1f00003c1164191e0000001305040000,,,,,False,,,,,,,,,,False,False
/poketool/waza/waza_tbl.narc,/poketool/waza/waza_tbl.narc!/member_00045,0,/poketool/waza/waza_tbl.narc,344,45,,4540,4556,720,736,16,c3b2938ed6c48a4c26c3ad21e1ab7231880deb66de2822935237bdd14a1f7347,12000200006428000400005613020000,,,,,False,,,,,,,,,,False,False
/poketool/waza/waza_tbl.narc,/poketool/waza/waza_tbl.narc!/member_00046,0,/poketool/waza/waza_tbl.narc,344,46,,4556,4572,736,752,16,b6e4a4707e3d3176274dd9c740c14e55b6a54c659f14097d6936176f5ca54810,1c000200006414000000fa5213000000,,,,,False,,,,,,,,,,False,False
/poketool/waza/waza_tbl.narc,/poketool/waza/waza_tbl.narc!/member_00047,0,/poketool/waza/waza_tbl.narc,344,47,,4572,4588,752,768,16,ff3d366aeca8add018d947ffba5a51388c03b117d1e084d680220fdbf72637a3,0100020000370f000000001613020000,,,,,False,,,,,,,,,,False,False
/poketool/waza/waza_tbl.narc,/poketool/waza/waza_tbl.narc!/member_00048,0,/poketool/waza/waza_tbl.narc,344,48,,4588,4604,768,784,16,bf611fafb91af763dc6b4bd7164c61dff62f9d336589eed301f127ed3afb0173,31000200003714000000001613030000,,,,,False,,,,,,,,,,False,False
/poketool/waza/waza_tbl.narc,/poketool/waza/waza_tbl.narc!/member_00049,0,/poketool/waza/waza_tbl.narc,344,49,,4604,4620,784,800,16,d3b716334dacedf8fbfc4a8a67ffde756af87bb2a31bac673ff743f3e0958df9,82000101005a14000000007205000000,,,,,False,,,,,,,,,,False,False
/poketool/waza/waza_tbl.narc,/poketool/waza/waza_tbl.narc!/member_00050,0,/poketool/waza/waza_tbl.narc,344,50,,4620,4636,800,816,16,048537547620f27bdf91e1c6bfbc47aa8ec68f3cfbc9dc4cf6caebe9b20f914d,56000200005014000000001213030000,,,,,False,,,,,,,,,,False,False
/poketool/waza/waza_tbl.narc,/poketool/waza/waza_tbl.narc!/member_00051,0,/poketool/waza/waza_tbl.narc,344,51,,4636,4652,816,832,16,f92313d87ac037ba599ad13c72cf25edd516d8d1eb3368ba4022f4a07e0e8a7c,4800012803641e0a0400001205030000,,,,,False,,,,,,,,,,False,False
/poketool/waza/waza_tbl.narc,/poketool/waza/waza_tbl.narc!/member_00052,0,/poketool/waza/waza_tbl.narc,344,52,,4652,4668,832,848,16,a303310d36a772aad407c922e84941b11fb90c73811bdaf3c19806c00ad9988f,040001280a64190a0000005205010000,,,,,False,,,,,,,,,,False,False
/poketool/waza/waza_tbl.narc,/poketool/waza/waza_tbl.narc!/member_00053,0,/poketool/waza/waza_tbl.narc,344,53,,4668,4684,848,864,16,40af2fcda57ff5b6dad3a9b93179c7072f2ff179af9c29dcdfc0dcca776b8c0e,0400015f0a640f0a0000001211010000,,,,,False,,,,,,,,,,False,False
/poketool/waza/waza_tbl.narc,/poketool/waza/waza_tbl.narc!/member_00054,0,/poketool/waza/waza_tbl.narc,344,54,,4684,4700,864,880,16,dd47153e2db4d9db23a534efdbb0f7aa76ceff994830a41515e5d3191934d1bd,2e0002000f001e00200000080d010000,,,,,False,,,,,,,,,,False,False
/poketool/waza/waza_tbl.narc,/poketool/waza/waza_tbl.narc!/member_00055,0,/poketool/waza/waza_tbl.narc,344,55,,4700,4716,880,896,16,02aded5506c26d71fc9bf37f8be99af1e84b44d4f8c363494d3d065f15835c17,000001280b6419000000003205020000,,,,,False,,,,,,,,,,False,False
/poketool/waza/waza_tbl.narc,/poketool/waza/waza_tbl.narc!/member_00056,0,/poketool/waza/waza_tbl.narc,344,56,,4716,4732,896,912,16,2aa074630ff822b1dbec55fb0dd78745862e1df93574b7928af7bd8222d28be8,000001780b500500000000b211010000,,,,,False,,,,,,,,,,False,False
/poketool/waza/waza_tbl.narc,/poketool/waza/waza_tbl.narc!/member_00057,0,/poketool/waza/waza_tbl.narc,344,57,,4732,4748,912,928,16,4d1930daf0d2746539822a131b9a88c279f4b4d588d2a02cf390279fd78e13f8,0101015f0b640f000800003211010000,,,,,False,,,,,,,,,,False,False
/poketool/waza/waza_tbl.narc,/poketool/waza/waza_tbl.narc!/member_00058,0,/poketool/waza/waza_tbl.narc,344,58,,4748,4764,928,944,16,e2dba7d2b1f203dfa717a96fd559a40ce2395b5d7b4ffe9e8da39ab425a9269c,0500015f0f640a0a0000001211010000,,,,,False,,,,,,,,,,False,False
/poketool/waza/waza_tbl.narc,/poketool/waza/waza_tbl.narc!/member_00059,0,/poketool/waza/waza_tbl.narc,344,59,,4764,4780,944,960,16,26d6cf7e06c3c5b67b06cc494f3fe4006e82c61f8fdec94938c08e75777cf259,040101780f46050a0400009211010000,,,,,False,,,,,,,,,,False,False
/poketool/waza/waza_tbl.narc,/poketool/waza/waza_tbl.narc!/member_00060,0,/poketool/waza/waza_tbl.narc,344,60,,4780,4796,960,976,16,8abe2b948b49c9eae6753e9681699154f0fdccbd2959c589781fe56945957c31,4c0001410e64140a0000001211010000,,,,,False,,,,,,,,,,False,False
/poketool/waza/waza_tbl.narc,/poketool/waza/waza_tbl.narc!/member_00061,0,/poketool/waza/waza_tbl.narc,344,61,,4796,4812,976,992,16,ec2b94efef996f36424f8d232f5bbb24d685a3456c77eaf54f9de45250d5d1c6,460001410b64140a0000001202010000,,,,,False,,,,,,,,,,False,False
/poketool/waza/waza_tbl.narc,/poketool/waza/waza_tbl.narc!/member_00062,0,/poketool/waza/waza_tbl.narc,344,62,,4812,4828,992,1008,16,aba1f28f4dbf06500cd07e5ad4afb2487ecafd23f53f9b2ad31d724f9bbccf4f,440001410f64140a0000001211010000,,,,,False,,,,,,,,,,False,False
/poketool/waza/waza_tbl.narc,/poketool/waza/waza_tbl.narc!/member_00063,0,/poketool/waza/waza_tbl.narc,344,63,,4828,4844,1008,1024,16,0454f320d277555db74440a9374b4e382a42bb2bef19da8997ecb01d9340f097,50000196005a0500000000b216000000,,,,,False,,,,,,,,,,False,False
/poketool/waza/waza_tbl.narc,/poketool/waza/waza_tbl.narc!/member_00064,0,/poketool/waza/waza_tbl.narc,344,64,,4844,4860,1024,1040,16,8adf4384e6d6f8b5ca3c251b6723b20dfabaca90cc14d70fa65d005017270916,00000023026423000000007305000000,,,,,False,,,,,,,,,,False,False
/poketool/waza/waza_tbl.narc,/poketool/waza/waza_tbl.narc!/member_00065,0,/poketool/waza/waza_tbl.narc,344,65,,4860,4876,1040,1056,16,bc9c47792f174f75ab641795bbef991902595b736675fe528d957999cfc75b21,00000050026414000000003305000000,,,,,False,,,,,,,,,,False,False
/poketool/waza/waza_tbl.narc,/poketool/waza/waza_tbl.narc!/member_00066,0,/poketool/waza/waza_tbl.narc,344,66,,4876,4892,1056,1072,16,c25e740a96573d6e945089fb6998544f1c255a086e387a7de61d1a93b5e90fe6,30000050015019000000003305000000,,Nintendo RLE,Probable,,True,Nintendo RLE,Probable,False,5242880,,,,,,False,False
/poketool/waza/waza_tbl.narc,/poketool/waza/waza_tbl.narc!/member_00067,0,/poketool/waza/waza_tbl.narc,344,67,,4892,4908,1072,1088,16,1d5707cf3d1030296e0dc6b1202230d83d6eb03d521e7061b5db4a4aa624ae5a,c4000001016414000000007305040000,,,,,False,,,,,,,,,,False,False
/poketool/waza/waza_tbl.narc,/poketool/waza/waza_tbl.narc!/member_00068,0,/poketool/waza/waza_tbl.narc,344,68,,4908,4924,1088,1104,16,eb3dd584fbed3470e71e43fa6bfbf1554a89c18f997e62c8cf2b800c1b211578,59000001016414000100fb010f040000,,,,,False,,,,,,,,,,False,False
/poketool/waza/waza_tbl.narc,/poketool/waza/waza_tbl.narc!/member_00069,0,/poketool/waza/waza_tbl.narc,344,69,,4924,4940,1104,1120,16,489d9d6a48bbaf0871e22c857c20692628043e5c5de10bed6601509ededcbee2,5700000101641400000000b305040000,,,,,False,,,,,,,,,,False,False
/poketool/waza/waza_tbl.narc,/poketool/waza/waza_tbl.narc!/member_00070,0,/poketool/waza/waza_tbl.narc,344,70,,4940,4956,1120,1136,16,4fb48b07c48a5bed2a82e239a62759805cb67d341d055faad993f5faa5323691,0000005000640f000000003305040000,,,,,False,,,,,,,,,,False,False
/poketool/waza/waza_tbl.narc,/poketool/waza/waza_tbl.narc!/member_00071,0,/poketool/waza/waza_tbl.narc,344,71,,4956,4972,1136,1152,16,afc27b3bd0fb123f5680ae1d5b50f946fc57360b8c7cc4d36d2ffc272b3b9cfe,030001140c6419000000001214030000,,,,,False,,,,,,,,,,False,False
/poketool/waza/waza_tbl.narc,/poketool/waza/waza_tbl.narc!/member_00072,0,/poketool/waza/waza_tbl.narc,344,72,,4972,4988,1152,1168,16,8285ebc3bb12385fc9777b3f193b002cdc86ce26351b6dd1dc364c4debb597ab,030001280c640f000000001214030000,,,,,False,,,,,,,,,,False,False
/poketool/waza/waza_tbl.narc,/poketool/waza/waza_tbl.narc!/member_00073,0,/poketool/waza/waza_tbl.narc,344,73,,4988,5004,1168,1184,16,146e644690cf825ac52c2210eb0663b49d36f8f0def03c4d69f69c9cea5b27ff,540002000c5a0a000000001615030000,,,,,False,,,,,,,,,,False,False
/poketool/waza/waza_tbl.narc,/poketool/waza/waza_tbl.narc!/member_00074,0,/poketool/waza/waza_tbl.narc,344,74,,5004,5020,1184,1200,16,8b5a545122069d41995f6ccf20bacb8ad092c5de659655c01e6a40559c7aa0bb,0d00020000002800100000480b010000,,,,,False,,,,,,,,,,False,False
/poketool/waza/waza_tbl.narc,/poketool/waza/waza_tbl.narc!/member_00075,0,/poketool/waza/waza_tbl.narc,344,75,,5020,5036,1200,1216,16,dd1819ba8162fa0d6382e7348bba42c45521c6f3533758e81ce81f3651a780a3,2b0000370c5f19000400003205000000,,,,,False,,,,,,,,,,False,False
/poketool/waza/waza_tbl.narc,/poketool/waza/waza_tbl.narc!/member_00076,0,/poketool/waza/waza_tbl.narc,344,76,,5036,5052,1216,1232,16,3ba2a1a5f6e32a38005ab956ea30deaae57080e580e057f5ebad9f4b2138afd2,970001780c640a000000003206000000,,,,,False,,,,,,,,,,False,False
/poketool/waza/waza_tbl.narc,/poketool/waza/waza_tbl.narc!/member_00077,0,/poketool/waza/waza_tbl.narc,344,77,,5052,5068,1232,1248,16,7808a932415f28a469c0f5ba1959a36c3d94b5d2ab3ffddcd7075d608650b467,42000200034b23000000005613030000,,,,,False,,,,,,,,,,False,False
/poketool/waza/waza_tbl.narc,/poketool/waza/waza_tbl.narc!/member_00078,0,/poketool/waza/waza_tbl.narc,344,78,,5068,5084,1248,1264,16,e98b718798f4591045ef07a6fdb447104fc4cb57089832743b795a63f7ebf4dd,430002000c4b1e000000005613030000,,,,,False,,,,,,,,,,False,False
/poketool/waza/waza_tbl.narc,/poketool/waza/waza_tbl.narc!/member_00079,0,/poketool/waza/waza_tbl.narc,344,79,,5084,5100,1264,1280,16,1fdd2cc1a73561e302c077d0ca95184e1af82a0da30e9ce07fdc914bee593262,010002000c4b0f000000005613030000,,,,,False,,,,,,,,,,False,False
/poketool/waza/waza_tbl.narc,/poketool/waza/waza_tbl.narc!/member_00080,0,/poketool/waza/waza_tbl.narc,344,80,,5100,5116,1280,1296,16,d4736bf940b3320f1a9be9c3bff0682f549c8c9009f74b13b4b15e15ebafbc08,1b00015a0c6414000200003315010000,,,,,False,,,,,,,,,,False,False
/poketool/waza/waza_tbl.narc,/poketool/waza/waza_tbl.narc!/member_00081,0,/poketool/waza/waza_tbl.narc,344,81,,5116,5132,1296,1312,16,f52b74843ed0b3379f0c2fa2b76cc4d17a96cb2490b9212e6b5fb37c930470c5,14000200065f28000400001613030000,,,,,False,,,,,,,,,,False,False
/poketool/waza/waza_tbl.narc,/poketool/waza/waza_tbl.narc!/member_00082,0,/poketool/waza/waza_tbl.narc,344,82,,5132,5148,1312,1328,16,ccebdaf55aa54998f8e1efd4804ffcce07b96efbea94b89aa9ffa689285bdfa1,2900010110640a000000003205000000,,,,,False,,,,,,,,,,False,False
/poketool/waza/waza_tbl.narc,/poketool/waza/waza_tbl.narc!/member_00083,0,/poketool/waza/waza_tbl.narc,344,83,,5148,5164,1328,1344,16,f0cc9f2675c97b79f0783a3dd9103af54266244741746f090b9bd5183942bd8e,2a00010f0a460f000000003215010000,,,,,False,,,,,,,,,,False,False
/poketool/waza/waza_tbl.narc,/poketool/waza/waza_tbl.narc!/member_00084,0,/poketool/waza/waza_tbl.narc,344,84,,5164,5180,1344,1360,16,b6cea89f962563fc555d07ee9b4cdf3ce3475138f0daca713f84490f5c7dd2bb,060001280d641e0a0000001205000000,,,,,False,,,,,,,,,,False,False
/poketool/waza/waza_tbl.narc,/poketool/waza/waza_tbl.narc!/member_00085,0,/poketool/waza/waza_tbl.narc,344,85,,5180,5196,1360,1376,16,c80a320bfcfee725b4f64730b3cf93b87558fb821c0105a7d18e0dcd361d6c3a,0600015f0d640f0a0000001211000000,,,,,False,,,,,,,,,,False,False
/poketool/waza/waza_tbl.narc,/poketool/waza/waza_tbl.narc!/member_00086,0,/poketool/waza/waza_tbl.narc,344,86,,5196,5212,1376,1392,16,a609173bb1ec61200a8f79dc363d9fcdb79c363de1f082329405a33005cd9e58,430002000d6414000000001613000000,,,,,False,,,,,,,,,,False,False
/poketool/waza/waza_tbl.narc,/poketool/waza/waza_tbl.narc!/member_00087,0,/poketool/waza/waza_tbl.narc,344,87,,5212,5228,1392,1408,16,cb7e1dab96b5a31a241a33e886ce80b5c79d0d2326124d12112b94e9753c9c2e,980001780d460a1e0000009211000000,,,,,False,,,,,,,,,,False,False
/poketool/waza/waza_tbl.narc,/poketool/waza/waza_tbl.narc!/member_00088,0,/poketool/waza/waza_tbl.narc,344,88,,5228,5244,1408,1424,16,2d6f43ec2c525a90449c1789dbe935d5dc3ef57c0537b07bc7d5c315cb9e9c73,00000032055a0f000000003205040000,,,,,False,,,,,,,,,,False,False
/poketool/waza/waza_tbl.narc,/poketool/waza/waza_tbl.narc!/member_00089,0,/poketool/waza/waza_tbl.narc,344,89,,5244,5260,1424,1440,16,421476e0cfd9af56650f89342f34c3abd8322bebc5b34c9425ce10bb9b7bceb6,9300006404640a000800003212040000,,,,,False,,,,,,,,,,False,False
/poketool/waza/waza_tbl.narc,/poketool/waza/waza_tbl.narc!/member_00090,0,/poketool/waza/waza_tbl.narc,344,90,,5260,5276,1440,1456,16,88b01c83235dcef5be1c2d52ac27f99c5a9d388a5ded1439b18feaff0ae4f01d,26000001041e05000000009209040000,,,,,False,,,,,,,,,,False,False
/poketool/waza/waza_tbl.narc,/poketool/waza/waza_tbl.narc!/member_00091,0,/poketool/waza/waza_tbl.narc,344,91,,5276,5292,1456,1472,16,0bdd27b56abbd5e40197127ec92033b046f9171bb77d55efb592b67ec460b2b9,0001005004640a000000003306030000,,,,,False,,,,,,,,,,False,False
/poketool/waza/waza_tbl.narc,/poketool/waza/waza_tbl.narc!/member_00092,0,/poketool/waza/waza_tbl.narc,344,92,,5292,5308,1472,1488,16,1d88c76ff73523dc102ea44f65afd04c177cbe35fbc8109984699db548489978,2100020003550a000000001613030000,,,,,False,,,,,,,,,,False,False
/poketool/waza/waza_tbl.narc,/poketool/waza/waza_tbl.narc!/member_00093,0,/poketool/waza/waza_tbl.narc,344,93,,5308,5324,1488,1504,16,241fe7b14ffa21fa5ae2ff34d875588b266b74a3960ca6fc66f6af11628786de,4c0001320e64190a0000001205030000,,,,,False,,,,,,,,,,False,False
/poketool/waza/waza_tbl.narc,/poketool/waza/waza_tbl.narc!/member_00094,0,/poketool/waza/waza_tbl.narc,344,94,,5324,5340,1504,1520,16,f783a4e3f917a000cb0cf9f4d51bd994acdc86fa4c498e31e60c2c577a3dc888,4800015a0e640a0a0000001211030000,,,,,False,,,,,,,,,,False,False
/poketool/waza/waza_tbl.narc,/poketool/waza/waza_tbl.narc!/member_00095,0,/poketool/waza/waza_tbl.narc,344,95,,5340,5356,1520,1536,16,753ba12f6aaa7b12bf2fe99f552eadc41cfa609cacb90e547626b1f86e38caef,010002000e4614000000001613030000,,,,,False,,,,,,,,,,False,False
/poketool/waza/waza_tbl.narc,/poketool/waza/waza_tbl.narc!/member_00096,0,/poketool/waza/waza_tbl.narc,344,96,,5356,5372,1536,1552,16,b8cc0647fa39e7e8853fb991f1bfd90cd07551eeb1efada694ae5194508a00e8,0a0002000e002800100000080b010000,,,,,False,,,,,,,,,,False,False
/poketool/waza/waza_tbl.narc,/poketool/waza/waza_tbl.narc!/member_00097,0,/poketool/waza/waza_tbl.narc,344,97,,5372,5388,1552,1568,16,c2eb49c39d0051a885f19f7da78a39a16097ec50fa63efb19ec93d8df1d1f91c,340002000e001e001000008801000000,,,,,False,,,,,,,,,,False,False
/poketool/waza/waza_tbl.narc,/poketool/waza/waza_tbl.narc!/member_00098,0,/poketool/waza/waza_tbl.narc,344,98,,5388,5404,1568,1584,16,409df1c9ed29658d7c005a7b0c15bc1e47061bcb354b01394bc3a1db10815174,6700002800641e000000017301000000,,,,,False,,,,,,,,,,False,False
/poketool/waza/waza_tbl.narc,/poketool/waza/waza_tbl.narc!/member_00099,0,/poketool/waza/waza_tbl.narc,344,99,,5404,5420,1584,1600,16,1942cdddedefe6d4daa3a3d9df77ba853dd72ae39c142311d13e854adcf85d5b,5100001400641400000000330b000000,,,,,False,,,,,,,,,,False,False
/poketool/waza/waza_tbl.narc,/poketool/waza/waza_tbl.narc!/member_00100,0,/poketool/waza/waza_tbl.narc,344,100,,5420,5436,1600,1616,16,8720ed7d7ffa685613acdd9d5c26a8d1ccd8a5562931964b865ea2abc73a1a04,990002000e0014001000000001000000,,,,,False,,,,,,,,,,False,False
/poketool/waza/waza_tbl.narc,/poketool/waza/waza_tbl.narc!/member_00101,0,/poketool/waza/waza_tbl.narc,344,101,,5436,5452,1616,1632,16,e190443ea1023158599da5312f9a10e9e20188bcd4d4fc529ada763d425837ff,5700010107640f000000003205030000,,,,,False,,,,,,,,,,False,False
/poketool/waza/waza_tbl.narc,/poketool/waza/waza_tbl.narc!/member_00102,0,/poketool/waza/waza_tbl.narc,344,102,,5452,5468,1632,1648,16,6e0c769f8977a723341ace19187435d693a952839198563e3b5ff50469c8ed16,5200020000000a00000000020c020000,,,,,False,,,,,,,,,,False,False
/poketool/waza/waza_tbl.narc,/poketool/waza/waza_tbl.narc!/member_00103,0,/poketool/waza/waza_tbl.narc,344,103,,5468,5484,1648,1664,16,e52fb5776eec826144f3d8f0cd636011b63b6bfb6a6238654cd21cd17eff08fa,3b00020000552800000000560a030000,,,,,False,,,,,,,,,,False,False
/poketool/waza/waza_tbl.narc,/poketool/waza/waza_tbl.narc!/member_00104,0,/poketool/waza/waza_tbl.narc,344,104,,5484,5500,1664,1680,16,0ee70be94ecb5c47f6ccd1cf9aad9051045a9c0d74b29b3a08a158e31fdf377d,1000020000000f001000004801000000,,Nintendo LZ10,Probable,,True,Nintendo LZ10,Probable,True,512,False,,,,,False,False
/poketool/waza/waza_tbl.narc,/poketool/waza/waza_tbl.narc!/member_00105,0,/poketool/waza/waza_tbl.narc,344,105,,5500,5516,1680,1696,16,9770b87564dc2db761745558ec9443ce14c1b46c4ef962946e94c63d503671c4,2000020000000a001000004808030000,,Nintendo Huffman,Probable,,True,Nintendo Huffman,Probable,False,512,,,,,,False,False
/poketool/waza/waza_tbl.narc,/poketool/waza/waza_tbl.narc!/member_00106,0,/poketool/waza/waza_tbl.narc,344,106,,5516,5532,1696,1712,16,ee249cfc9f16863adc53db564899a0db792ea44bf632d327240ebd96e03403e9,0b00020000001e00100000480d040000,,,,,False,,,,,,,,,,False,False
/poketool/waza/waza_tbl.narc,/poketool/waza/waza_tbl.narc!/member_00107,0,/poketool/waza/waza_tbl.narc,344,107,,5532,5548,1712,1728,16,4e7f60c2a53796795d1ca71f5fc079f49f517e4e6f82b79a7da190e9d1b221dc,6c00020000001400100000080d020000,,,,,False,,,,,,,,,,False,False
/poketool/waza/waza_tbl.narc,/poketool/waza/waza_tbl.narc!/member_00108,0,/poketool/waza/waza_tbl.narc,344,108,,5548,5564,1728,1744,16,0d31c34c64aae98081565ff03ddb1a1d9dd447dc658c04107832ed13756d20a6,1700020000641400000000160a030000,,,,,False,,,,,,,,,,False,False
/poketool/waza/waza_tbl.narc,/poketool/waza/waza_tbl.narc!/member_00109,0,/poketool/waza/waza_tbl.narc,344,109,,5564,5580,1744,1760,16,2dbb2ae8275b8b11eeca380c241adae26e7f0c8b91d20913683af4a38c73310e,3100020007640a00000000160a030000,,,,,False,,,,,,,,,,False,False
/poketool/waza/waza_tbl.narc,/poketool/waza/waza_tbl.narc!/member_00110,0,/poketool/waza/waza_tbl.narc,344,110,,5580,5596,1760,1776,16,d973fe98df208a4c892ce4072a2b352539c800f881764286c24e079f4c1fe96b,0b0002000b002800100000480d020000,,,,,False,,,,,,,,,,False,False
/poketool/waza/waza_tbl.narc,/poketool/waza/waza_tbl.narc!/member_00111,0,/poketool/waza/waza_tbl.narc,344,111,,5596,5612,1776,1792,16,e0ee888166f5c5f4238a431515bed0ef285410ad67414c817c1bf8de160e1d75,9c00020000002800100000480d020000,,,,,False,,,,,,,,,,False,False
/poketool/waza/waza_tbl.narc,/poketool/waza/waza_tbl.narc!/member_00112,0,/poketool/waza/waza_tbl.narc,344,112,,5612,5628,1792,1808,16,fc99c98bba776ca4ae6e9faadfbebd0846e20e926b935f4bba445ffe3fb3ff91,330002000e001e00100000480d000000,,,,,False,,,,,,,,,,False,False
/poketool/waza/waza_tbl.narc,/poketool/waza/waza_tbl.narc!/member_00113,0,/poketool/waza/waza_tbl.narc,344,113,,5628,5644,1808,1824,16,9e79c70d4affbda47f64381e4804a36af9653b454aa7b4028d78594452d80580,230002000e001e00200000480d010000,,,,,False,,,,,,,,,,False,False
/poketool/waza/waza_tbl.narc,/poketool/waza/waza_tbl.narc!/member_00114,0,/poketool/waza/waza_tbl.narc,344,114,,5644,5660,1824,1840,16,5e1d68bc6f14d2da22aff11554be9c4c28f08e15e416990cdea09d82250753cd,190002000f001e00400000000d010000,,,,,False,,,,,,,,,,False,False
/poketool/waza/waza_tbl.narc,/poketool/waza/waza_tbl.narc!/member_00115,0,/poketool/waza/waza_tbl.narc,344,115,,5660,5676,1840,1856,16,cf56841047cf9b6487d754ffcab0560abeb20afc9c771ead8065702adbf7a99c,410002000e001400200000480d030000,,,,,False,,,,,,,,,,False,False
/poketool/waza/waza_tbl.narc,/poketool/waza/waza_tbl.narc!/member_00116,0,/poketool/waza/waza_tbl.narc,344,116,,5676,5692,1856,1872,16,d54e5cf7d9d8a0982e6899b8eaa1dcfb08a60e1b6378e0b4574125a8de7b9a37,2f00020000001e00100000480b000000,,,,,False,,,,,,,,,,False,False
/poketool/waza/waza_tbl.narc,/poketool/waza/waza_tbl.narc!/member_00117,0,/poketool/waza/waza_tbl.narc,344,117,,5692,5708,1872,1888,16,73b2aa267faff7df579792cd60c180c8609fc909446092ff9794ba1de7ee1e48,1a00000100000a00100001630f040000,,,,,False,,,,,,,,,,False,False
/poketool/waza/waza_tbl.narc,/poketool/waza/waza_tbl.narc!/member_00118,0,/poketool/waza/waza_tbl.narc,344,118,,5708,5724,1888,1904,16,db4b29d7a81fa0b800f5830196506a49c72f8d9e436cede29f7433330f123f84,5300020000000a00010000400e020000,,,,,False,,,,,,,,,,False,False
/poketool/waza/waza_tbl.narc,/poketool/waza/waza_tbl.narc!/member_00119,0,/poketool/waza/waza_tbl.narc,344,119,,5724,5740,1904,1920,16,ec781033b50a698e940415267cfdd43b765098c0741a731de390cc0f0204a0d7,0900020002001400010000000f030000,,,,,False,,,,,,,,,,False,False
/poketool/waza/waza_tbl.narc,/poketool/waza/waza_tbl.narc!/member_00120,0,/poketool/waza/waza_tbl.narc,344,120,,5740,5756,1920,1936,16,d2e65c37b48cf665770cf4f83f80b98239dfec1be8a9185176dc325a4ea668aa,070000c8006405000800003209010000,,,,,False,,,,,,,,,,False,False
/poketool/waza/waza_tbl.narc,/poketool/waza/waza_tbl.narc!/member_00121,0,/poketool/waza/waza_tbl.narc,344,121,,5756,5772,1936,1952,16,a7fc6736831a7ef44c1a87880221cc896fdd109429ec762edc8c20dcf3849e5f,00000064004b0a000000003205040000,,,,,False,,,,,,,,,,False,False
/poketool/waza/waza_tbl.narc,/poketool/waza/waza_tbl.narc!/member_00122,0,/poketool/waza/waza_tbl.narc,344,122,,5772,5788,1952,1968,16,68ed138bc74e809cba31086c7db406b6dba2540c1a5701e516f1a0f7c10153d6,0600001407641e1e0000005310040000,,,,,False,,,,,,,,,,False,False
/poketool/waza/waza_tbl.narc,/poketool/waza/waza_tbl.narc!/member_00123,0,/poketool/waza/waza_tbl.narc,344,123,,5788,5804,1968,1984,16,f801f43e8d23da40292f30d6e5e90c612748b08001ba53339eb485286740950d,02000114034614280000001205040000,,,,,False,,,,,,,,,,False,False
/poketool/waza/waza_tbl.narc,/poketool/waza/waza_tbl.narc!/member_00124,0,/poketool/waza/waza_tbl.narc,344,124,,5804,5820,1984,2000,16,b61678da98049bca01753d86c4ac69781ec436051c3be0068d844e3f188c66b5,020001410364141e0000001212040000,,,,,False,,,,,,,,,,False,False
/poketool/waza/waza_tbl.narc,/poketool/waza/waza_tbl.narc!/member_00125,0,/poketool/waza/waza_tbl.narc,344,125,,5820,5836,2000,2016,16,c34ac76a977fbc808c40bcbaa2e86713635aaf508b54f44fc777e13fa48cef28,1f0000410455140a0000005205040000,,,,,False,,,,,,,,,,False,False
/poketool/waza/waza_tbl.narc,/poketool/waza/waza_tbl.narc!/member_00126,0,/poketool/waza/waza_tbl.narc,344,126,,5836,5852,2016,2032,16,a32caa46bc091d50b621137f44d5a9e0d29aed08780dc4ae05dceddbc3a05b16,040001780a55050a0000009211010000,,,,,False,,,,,,,,,,False,False
/poketool/waza/waza_tbl.narc,/poketool/waza/waza_tbl.narc!/member_00127,0,/poketool/waza/waza_tbl.narc,344,127,,5852,5868,2032,2048,16,425c625e05f8697805eaf95e3d073b08915b5311b720ccf51bc0bea6e3b92d44,1f0000500b640f14000000b305040000,,,,,False,,,,,,,,,,False,False
/poketool/waza/waza_tbl.narc,/poketool/waza/waza_tbl.narc!/member_00128,0,/poketool/waza/waza_tbl.narc,344,128,,5868,5884,2048,2064,16,764b52a76ca4cfaf663b2654d51ccb999feaa41830d47e94b711ecf70c60c39b,2a0000230b4b0a000000003305040000,,,,,False,,,,,,,,,,False,False
/poketool/waza/waza_tbl.narc,/poketool/waza/waza_tbl.narc!/member_00129,0,/poketool/waza/waza_tbl.narc,344,129,,5884,5900,2064,2080,16,3d19e968ce28212c91c30d1e2d1b921844015aa4c37959b68919b1adf8bb3ac0,1100013c000014000400003211000000,,Nintendo LZ11,Probable,,True,Nintendo LZ11,Probable,True,3932416,False,,,,,False,False
/poketool/waza/waza_tbl.narc,/poketool/waza/waza_tbl.narc!/member_00130,0,/poketool/waza/waza_tbl.narc,344,130,,5900,5916,2080,2096,16,4ee57604ca0ce79dd27a1ea4e8f8f5c6a86d718e7777bbbc6def97696e014e42,9100006400640f640000003306040000,,,,,False,,,,,,,,,,False,False
/poketool/waza/waza_tbl.narc,/poketool/waza/waza_tbl.narc!/member_00131,0,/poketool/waza/waza_tbl.narc,344,131,,5916,5932,2096,2112,16,a2d6c9ea64ff6b2ef71cc06ec676c5947be7997429bd4e1cf39d4732de64bd5b,1d00001400640f000000003207000000,,,,,False,,,,,,,,,,False,False
/poketool/waza/waza_tbl.narc,/poketool/waza/waza_tbl.narc!/member_00132,0,/poketool/waza/waza_tbl.narc,344,132,,5932,5948,2112,2128,16,8779d0fcb8f880e81d3d043639c35e25a58a3dee0cc65b8185f461140e88fbe8,4600000a0064230a0000001315040000,,,,,False,,,,,,,,,,False,False
/poketool/waza/waza_tbl.narc,/poketool/waza/waza_tbl.narc!/member_00133,0,/poketool/waza/waza_tbl.narc,344,133,,5948,5964,2128,2144,16,bc725a302f531a2c5356e8780d82c92de7008f2dd715ba887c07ca79cf012750,360002000e001400100000080b020000,,,,,False,,,,,,,,,,False,False
/poketool/waza/waza_tbl.narc,/poketool/waza/waza_tbl.narc!/member_00134,0,/poketool/waza/waza_tbl.narc,344,134,,5964,5980,2144,2160,16,78c93fcd154fe42bf8c1cbd31c236c3296b55381e75ab65ea1cd18de4dc182f5,170002000e500f00000000560b030000,,,,,False,,,,,,,,,,False,False
/poketool/waza/waza_tbl.narc,/poketool/waza/waza_tbl.narc!/member_00135,0,/poketool/waza/waza_tbl.narc,344,135,,5980,5996,2160,2176,16,d9b0138f3f86dd6dd860d62f80eb342ad43c64558f7d4f8fd35e0584b3ef341c,2000020000000a001000004808010000,,Nintendo Huffman,Probable,,True,Nintendo Huffman,Probable,False,512,,,,,,False,False
/poketool/waza/waza_tbl.narc,/poketool/waza/waza_tbl.narc!/member_00136,0,/poketool/waza/waza_tbl.narc,344,136,,5996,6012,2176,2192,16,7fed2c6f81f9b9f996344e3b341eca18dcd51c125fa4a3af4d907306266aae9a,2d000064015a14000000003305000000,,,,,False,,,,,,,,,,False,False
/poketool/waza/waza_tbl.narc,/poketool/waza/waza_tbl.narc!/member_00137,0,/poketool/waza/waza_tbl.narc,344,137,,6012,6028,2192,2208,16,1214fdcec01edc6638518bcdf268a0d875fa84799b92b7eac4aee28e54f04f55,43000200004b1e000000001613040000,,,,,False,,,,,,,,,,False,False
/poketool/waza/waza_tbl.narc,/poketool/waza/waza_tbl.narc!/member_00138,0,/poketool/waza/waza_tbl.narc,344,138,,6028,6044,2208,2224,16,506cc1b6faafcada644566497e902fba5b7d205c48076384e57c5ab4a20a66ee,080001640e640f000000001214030000,,,,,False,,,,,,,,,,False,False
/poketool/waza/waza_tbl.narc,/poketool/waza/waza_tbl.narc!/member_00139,0,/poketool/waza/waza_tbl.narc,344,139,,6044,6060,2224,2240,16,bc06818a25e31721accc64d53e8561d34920dc989e106955d27422c1cea209fd,42000200033728000000001605030000,,,,,False,,,,,,,,,,False,False
/poketool/waza/waza_tbl.narc,/poketool/waza/waza_tbl.narc!/member_00140,0,/poketool/waza/waza_tbl.narc,344,140,,6060,6076,2240,2256,16,8438bd1f3bd3716b45b71d1dfc83c804e2d2d3ac4ce1707466b708f554d70529,1d00000f005514000000007207040000,,,,,False,,,,,,,,,,False,False
/poketool/waza/waza_tbl.narc,/poketool/waza/waza_tbl.narc!/member_00141,0,/poketool/waza/waza_tbl.narc,344,141,,6076,6092,2256,2272,16,5a54ca27865d10cef3b784abcd3095231df370c49c57491c3d975405c956681d,0300001406640f000000001314030000,,,,,False,,,,,,,,,,False,False
/poketool/waza/waza_tbl.narc,/poketool/waza/waza_tbl.narc!/member_00142,0,/poketool/waza/waza_tbl.narc,344,142,,6092,6108,2272,2288,16,8ff806b80f2a0cc8efa64948ef76d12e44ce53a17fd5d2984276593230ec1797,01000200004b0a000000001613010000,,,,,False,,,,,,,,,,False,False
/poketool/waza/waza_tbl.narc,/poketool/waza/waza_tbl.narc!/member_00143,0,/poketool/waza/waza_tbl.narc,344,143,,6108,6124,2288,2304,16,769af1a45faaa051142b829473b3e417a5203cb86321f2f1f466d87cd4051812,4b00008c025a051e0000003206000000,,,,,False,,,,,,,,,,False,False
/poketool/waza/waza_tbl.narc,/poketool/waza/waza_tbl.narc!/member_00144,0,/poketool/waza/waza_tbl.narc,344,144,,6124,6140,2304,2320,16,9879732cad9f2c257071afe2339de816fa1343b88ae84b224956b9cd65bd9bf0,3900020000000a000000004017030000,,,,,False,,,,,,,,,,False,False
/poketool/waza/waza_tbl.narc,/poketool/waza/waza_tbl.narc!/member_00145,0,/poketool/waza/waza_tbl.narc,344,145,,6140,6156,2320,2336,16,cd2ff807c5ae3c72a0ef6b7b9886ca26a2b78540e8870659df5612b2bee8384f,460001140b641e0a0400001202020000,,,,,False,,,,,,,,,,False,False
/poketool/waza/waza_tbl.narc,/poketool/waza/waza_tbl.narc!/member_00146,0,/poketool/waza/waza_tbl.narc,344,146,,6156,6172,2336,2352,16,efec43c2ca55572f9f5cb53e70fde6b2a5e529a7bfc6eee21ab9f9b4371e99bf,4c00004600640a140000001310000000,,,,,False,,,,,,,,,,False,False
/poketool/waza/waza_tbl.narc,/poketool/waza/waza_tbl.narc!/member_00147,0,/poketool/waza/waza_tbl.narc,344,147,,6172,6188,2352,2368,16,f8bcdb9b595690b5331bf6e2cededeee5cf77af71b8145131c469e1a9928d6c7,010002000c640f00000000160a010000,,,,,False,,,,,,,,,,False,False
/poketool/waza/waza_tbl.narc,/poketool/waza/waza_tbl.narc!/member_00148,0,/poketool/waza/waza_tbl.narc,344,148,,6188,6204,2368,2384,16,9d39e92a58eaa233a5e982fe6541ad24c771ce1d03860759597b77a1713d4a39,1700020000641400000000960a010000,,,,,False,,,,,,,,,,False,False
/poketool/waza/waza_tbl.narc,/poketool/waza/waza_tbl.narc!/member_00149,0,/poketool/waza/waza_tbl.narc,344,149,,6204,6220,2384,2400,16,31457e4e59201d9f9b049ba5f025fdc9971d1bcb08da83856483e264fc71500d,580001010e500f000000003205030000,,,,,False,,,,,,,,,,False,False
/poketool/waza/waza_tbl.narc,/poketool/waza/waza_tbl.narc!/member_00150,0,/poketool/waza/waza_tbl.narc,344,150,,6220,6236,2400,2416,16,5e520f204c1fd96e3286a24435fd83b1f1324af0e0a8f4d3695bf4ee189e65ae,55000200000028001000004010020000,,,,,False,,,,,,,,,,False,False
/poketool/waza/waza_tbl.narc,/poketool/waza/waza_tbl.narc!/member_00151,0,/poketool/waza/waza_tbl.narc,344,151,,6236,6252,2416,2432,16,62948e8aa6a85971ff66f84a3e2a2704960b5f70a8c448f35fbdfa9d7dca603f,3300020003002800100000480b040000,,,,,False,,,,,,,,,,False,False
/poketool/waza/waza_tbl.narc,/poketool/waza/waza_tbl.narc!/member_00152,0,/poketool/waza/waza_tbl.narc,344,152,,6252,6268,2432,2448,16,a07de9d169b0c15bb817983b85281c0ae0a108995ed0d5ba1d2e0f8673b0c563,2b00005a0b550a000000007312040000,,,,,False,,,,,,,,,,False,False
/poketool/waza/waza_tbl.narc,/poketool/waza/waza_tbl.narc!/member_00153,0,/poketool/waza/waza_tbl.narc,344,153,,6268,6284,2448,2464,16,b01ed9b1fa107b66561b6441341d92ee5b1d5ad42d469c1984b805a1af9c7653,070000fa006405000800003209010000,,,,,False,,,,,,,,,,False,False
/poketool/waza/waza_tbl.narc,/poketool/waza/waza_tbl.narc!/member_00154,0,/poketool/waza/waza_tbl.narc,344,154,,6284,6300,2464,2480,16,2ae57c917f00a1e4935ed0a98b4f5cdbffc2ca8fcbc52eeabfe25d1e98cc5e47,1d00001200500f000000007307040000,,,,,False,,,,,,,,,,False,False
/poketool/waza/waza_tbl.narc,/poketool/waza/waza_tbl.narc!/member_00155,0,/poketool/waza/waza_tbl.narc,344,155,,6300,6316,2480,2496,16,314c581ff56ac858dc6e03b9b8df5ab1edeb6129743d76303c8e72677ebb5489,2c000032045a0a000000007207040000,,,,,False,,,,,,,,,,False,False
/poketool/waza/waza_tbl.narc,/poketool/waza/waza_tbl.narc!/member_00156,0,/poketool/waza/waza_tbl.narc,344,156,,6316,6332,2496,2512,16,6bfc6c637cd5fe153c91080923b090fabe6bc8c1b86d0fb4a3c4bda704f0fb84,250002000e000a001000004808020000,,,,,False,,,,,,,,,,False,False
/poketool/waza/waza_tbl.narc,/poketool/waza/waza_tbl.narc!/member_00157,0,/poketool/waza/waza_tbl.narc,344,157,,6332,6348,2512,2528,16,0f0c27e2dccf93e3c0a8fb413e2e4c0641e8b7f71c5d5a2ead0bd831dd90c2de,1f00004b055a0a1e0400001205040000,,,,,False,,,,,,,,,,False,False
/poketool/waza/waza_tbl.narc,/poketool/waza/waza_tbl.narc!/member_00158,0,/poketool/waza/waza_tbl.narc,344,158,,6348,6364,2528,2544,16,f2912e14e402916fd090dc8a4b9c6eab28645eddc1e446b6624e733247f533dd,1f000050005a0f0a0000001312000000,,,,,False,,,,,,,,,,False,False
/poketool/waza/waza_tbl.narc,/poketool/waza/waza_tbl.narc!/member_00159,0,/poketool/waza/waza_tbl.narc,344,159,,6364,6380,2544,2560,16,0dc7dbdd11edd1ed54bab34b6fddbff56744da3f44feedfa1ee28e89c72cc578,0a00020000001e00100000480b020000,,,,,False,,,,,,,,,,False,False
/poketool/waza/waza_tbl.narc,/poketool/waza/waza_tbl.narc!/member_00160,0,/poketool/waza/waza_tbl.narc,344,160,,6380,6396,2560,2576,16,6ffce506665c774a52bbfb24345701f4b905bc0fe5385f948629a1f8808f3713,1e00020000001e001000004017010000,,,,,False,,,,,,,,,,False,False
/poketool/waza/waza_tbl.narc,/poketool/waza/waza_tbl.narc!/member_00161,0,/poketool/waza/waza_tbl.narc,344,161,,6396,6412,2576,2592,16,95f04bf227d73b639558d418f74400da65ede0b24a6bd3ec715b6020524300f9,2400015000640a140000001205010000,,,,,True,Nintendo Huffman 4-bit,Probable,False,5243136,,,,,,False,False
/poketool/waza/waza_tbl.narc,/poketool/waza/waza_tbl.narc!/member_00162,0,/poketool/waza/waza_tbl.narc,344,162,,6412,6428,2592,2608,16,d0b54e56d4c6f973526355b9117971e1f83cacb8d4f0c4e9622ea1e768148329,28000001005a0a000000005305040000,,,,,True,Nintendo Huffman 8-bit,Probable,False,65536,,,,,,False,False
/poketool/waza/waza_tbl.narc,/poketool/waza/waza_tbl.narc!/member_00163,0,/poketool/waza/waza_tbl.narc,344,163,,6428,6444,2608,2624,16,dce1d7b0ce6809a68e100afec94d1512789c997db89282641714a9f7cd497aa5,2b000046006414000000007305000000,,,,,False,,,,,,,,,,False,False
/poketool/waza/waza_tbl.narc,/poketool/waza/waza_tbl.narc!/member_00164,0,/poketool/waza/waza_tbl.narc,344,164,,6444,6460,2624,2640,16,47cb1c931de19a82879bf51635f58832f56746908bed98ddce3b309360adae02,4f00020000000a001000004817030000,,,,,False,,,,,,,,,,False,False
/poketool/waza/waza_tbl.narc,/poketool/waza/waza_tbl.narc!/member_00165,0,/poketool/waza/waza_tbl.narc,344,165,,6460,6476,2640,2656,16,206e444af9c3960327bf008b9f501c2c5b1072f30aa30b101ba2644352e10e03,fe000032000001000000006305000000,,,,,False,,,,,,,,,,False,False
/poketool/waza/waza_tbl.narc,/poketool/waza/waza_tbl.narc!/member_00166,0,/poketool/waza/waza_tbl.narc,344,166,,6476,6492,2656,2672,16,ff6cba1d1d17aa34015a7682db04d7088512b18cb2eaff7d6e135df84dc427e4,5f000200000001000000000017030000,,,,,False,,,,,,,,,,False,False
/poketool/waza/waza_tbl.narc,/poketool/waza/waza_tbl.narc!/member_00167,0,/poketool/waza/waza_tbl.narc,344,167,,6492,6508,2672,2688,16,5d9ae8c1bf541dba2d186c719e397aced4164220813e17b61ea6c1dd17442cca,6800000a015a0a000000007307000000,,,,,False,,,,,,,,,,False,False
/poketool/waza/waza_tbl.narc,/poketool/waza/waza_tbl.narc!/member_00168,0,/poketool/waza/waza_tbl.narc,344,168,,6508,6524,2688,2704,16,1a757f24cdfcc9c46080f868cd7763bf382facf1eecb7c1f44d1d89200ff6a43,6900002811640a00000000530c040000,,,,,False,,,,,,,,,,False,False
/poketool/waza/waza_tbl.narc,/poketool/waza/waza_tbl.narc!/member_00169,0,/poketool/waza/waza_tbl.narc,344,169,,6524,6540,2704,2720,16,68eea80037f9fd86b4e3949d17e1de256662efd71b0818e2f13098fd2e42ac7f,6a00020006000a00000000160d030000,,,,,False,,,,,,,,,,False,False
/poketool/waza/waza_tbl.narc,/poketool/waza/waza_tbl.narc!/member_00170,0,/poketool/waza/waza_tbl.narc,344,170,,6540,6556,2720,2736,16,0874794b8848e06abb59a6c697be6555e3f2c80c3de4bb971c2a46d935e21836,5e000200000005000000001214030000,,,,,False,,,,,,,,,,False,False
/poketool/waza/waza_tbl.narc,/poketool/waza/waza_tbl.narc!/member_00171,0,/poketool/waza/waza_tbl.narc,344,171,,6556,6572,2736,2752,16,cd6416c97e91a0ac8dcd60d41a8986458652959e8209c9eaebc9240c6f562d5e,6b00020007640f000000001213030000,,,,,False,,,,,,,,,,False,False
/poketool/waza/waza_tbl.narc,/poketool/waza/waza_tbl.narc!/member_00172,0,/poketool/waza/waza_tbl.narc,344,172,,6572,6588,2752,2768,16,e319e0e6cd18eddc0ff3814bb0a790204c88cf95cee444761b4227a6999d1090,7d00003c0a64190a0000001307010000,,,,,False,,,,,,,,,,False,False
/poketool/waza/waza_tbl.narc,/poketool/waza/waza_tbl.narc!/member_00173,0,/poketool/waza/waza_tbl.narc,344,173,,6588,6604,2768,2784,16,5f01122a1508e65ef42e8db3fc20e3beb014cd2c18ca19127e31eb487b78873d,5c00012800640f1e0000003205020000,,,,,False,,,,,,,,,,False,False
/poketool/waza/waza_tbl.narc,/poketool/waza/waza_tbl.narc!/member_00174,0,/poketool/waza/waza_tbl.narc,344,174,,6604,6620,2784,2800,16,b1850bd56b01726a418e6153337faded4d25fa38ba4d6a5f09578ebf9ea6854e,6d00020009000a000000004015040000,,,,,False,,,,,,,,,,False,False
/poketool/waza/waza_tbl.narc,/poketool/waza/waza_tbl.narc!/member_00175,0,/poketool/waza/waza_tbl.narc,344,175,,6620,6636,2800,2816,16,3e729889025785e0b5a0c7e73b1e29be7fc458fd8fa23a7331c08bb969b48c13,6300000100640f00000000730f020000,,,,,False,,,,,,,,,,False,False
/poketool/waza/waza_tbl.narc,/poketool/waza/waza_tbl.narc!/member_00176,0,/poketool/waza/waza_tbl.narc,344,176,,6636,6652,2816,2832,16,e5e6961f96ecba4e83c695bf581f3d9a718d96ba1a12f324ef5d42df01fe0772,5d00020000001e001000000017010000,,,,,False,,,,,,,,,,False,False
/poketool/waza/waza_tbl.narc,/poketool/waza/waza_tbl.narc!/member_00177,0,/poketool/waza/waza_tbl.narc,344,177,,6652,6668,2832,2848,16,12b38062e7370a8981c7fad061625286e1201da0725e4695d330aa8479382406,2b000164025f0500000000b216000000,,,,,False,,,,,,,,,,False,False
/poketool/waza/waza_tbl.narc,/poketool/waza/waza_tbl.narc!/member_00178,0,/poketool/waza/waza_tbl.narc,344,178,,6668,6684,2848,2864,16,431cc8757dc5322817681c824866640428a89a3876f514072799a1d86ff8de7d,3c0002000c5528000000005601010000,,,,,False,,,,,,,,,,False,False
/poketool/waza/waza_tbl.narc,/poketool/waza/waza_tbl.narc!/member_00179,0,/poketool/waza/waza_tbl.narc,344,179,,6684,6700,2864,2880,16,672ce49a1a4fa8f0f57b2dbe3d7ea3e38118e156584263aadf51c8865456d74b,6300000101640f00000000730f000000,,,,,False,,,,,,,,,,False,False
/poketool/waza/waza_tbl.narc,/poketool/waza/waza_tbl.narc!/member_00180,0,/poketool/waza/waza_tbl.narc,344,180,,6700,6716,2880,2896,16,6a79d560cb4310a0f57943db6e1cbff61d8bd4c393c955057af37309d78a1322,6400020007640a000000001213040000,,,,,False,,,,,,,,,,False,False
/poketool/waza/waza_tbl.narc,/poketool/waza/waza_tbl.narc!/member_00181,0,/poketool/waza/waza_tbl.narc,344,181,,6716,6732,2896,2912,16,ecec5ef97e2d9cbc6b8c83680472682498c1fbae97c49f42fd8cc38c56d9c8dc,050001280f64190a0400001205010000,,,,,False,,,,,,,,,,False,False
/poketool/waza/waza_tbl.narc,/poketool/waza/waza_tbl.narc!/member_00182,0,/poketool/waza/waza_tbl.narc,344,182,,6732,6748,2912,2928,16,b047b92c0e8f7862b0dff63843c953100e7aa1478e2f92015c82aea5f173ddd5,6f00020000000a001000030010020000,,,,,False,,,,,,,,,,False,False
/poketool/waza/waza_tbl.narc,/poketool/waza/waza_tbl.narc!/member_00183,0,/poketool/waza/waza_tbl.narc,344,183,,6748,6764,2928,2944,16,bf40c8c8c190977a75c2a2caa10db5abd8c2d6c0656d413388d7ee3caccdae1a,6700002801641e000000017301000000,,,,,False,,,,,,,,,,False,False
/poketool/waza/waza_tbl.narc,/poketool/waza/waza_tbl.narc!/member_00184,0,/poketool/waza/waza_tbl.narc,344,184,,6764,6780,2944,2960,16,3068abc618d7bd6ff664a08964c66cb7ac658f4c57104a23a61f895ceafe24f9,3c000200005a0a000000001602040000,,,,,False,,,,,,,,,,False,False
/poketool/waza/waza_tbl.narc,/poketool/waza/waza_tbl.narc!/member_00185,0,/poketool/waza/waza_tbl.narc,344,185,,6780,6796,2960,2976,16,d55a181d7f997e9267957a091b3c08f69627404603fdfb405f5996fa1eac3e8d,1100003c110014000000003312030000,,Nintendo LZ11,Probable,,True,Nintendo LZ11,Probable,True,3932160,False,,,,,False,False
/poketool/waza/waza_tbl.narc,/poketool/waza/waza_tbl.narc!/member_00186,0,/poketool/waza/waza_tbl.narc,344,186,,6796,6812,2976,2992,16,01f563dc2ea2d0bf1c8ff880eff75f5aa2502f4fa0d4437381f73b5efcf25399,31000200004b0a000000001613020000,,,,,False,,,,,,,,,,False,False
/poketool/waza/waza_tbl.narc,/poketool/waza/waza_tbl.narc!/member_00187,0,/poketool/waza/waza_tbl.narc,344,187,,6812,6828,2992,3008,16,a850f8eb3bbf3f5d609df9f583c69c3b77e468256ee4d87a9c4d91be437cf299,8e00020000000a00100000480b020000,,,,,False,,,,,,,,,,False,False
/poketool/waza/waza_tbl.narc,/poketool/waza/waza_tbl.narc!/member_00188,0,/poketool/waza/waza_tbl.narc,344,188,,6828,6844,3008,3024,16,aa3840c34ba8f6a418569841b46985daae4021445f1e6f773208dabd634bb9af,0200015a03640a1e0000001212040000,,,,,False,,,,,,,,,,False,False
/poketool/waza/waza_tbl.narc,/poketool/waza/waza_tbl.narc!/member_00189,0,/poketool/waza/waza_tbl.narc,344,189,,6844,6860,3024,3040,16,22aac7bf7437c3141b372f6133624e12aa8e7b9d800ac4f072cece0624ffb87b,4900011404640a640000001205020000,,,,,False,,,,,,,,,,False,False
/poketool/waza/waza_tbl.narc,/poketool/waza/waza_tbl.narc!/member_00190,0,/poketool/waza/waza_tbl.narc,344,190,,6860,6876,3040,3056,16,c322161d50a926238d56ca14cbca83ad32d12b4a1f8c188df13d1114e845f27b,490001410b550a320000001204040000,,,,,False,,,,,,,,,,False,False
/poketool/waza/waza_tbl.narc,/poketool/waza/waza_tbl.narc!/member_00191,0,/poketool/waza/waza_tbl.narc,344,191,,6876,6892,3056,3072,16,9f1b507446c59f3c0c4ea5cf1d41659533ef361b6a36420b488db5c0c3899654,7000020004001400800000000d030000,,,,,False,,,,,,,,,,False,False
/poketool/waza/waza_tbl.narc,/poketool/waza/waza_tbl.narc!/member_00192,0,/poketool/waza/waza_tbl.narc,344,192,,6892,6908,3072,3088,16,d0aabb98356418391101ad3c091cf62fec65981cb394c3c1dda4a7d5d039396c,060001780d3205640000009204000000,,,,,False,,,,,,,,,,False,False
/poketool/waza/waza_tbl.narc,/poketool/waza/waza_tbl.narc!/member_00193,0,/poketool/waza/waza_tbl.narc,344,193,,6908,6924,3088,3104,16,d11fa1a56143268ff3941e87f88901b00cf7dc2e688dc1dd024a4049ffcab924,71000200000028000000005214030000,,,,,False,,,,,,,,,,False,False
/poketool/waza/waza_tbl.narc,/poketool/waza/waza_tbl.narc!/member_00194,0,/poketool/waza/waza_tbl.narc,344,194,,6924,6940,3104,3120,16,e4eebf8fd9606984058c435e9c0c1724c9eeea83171e1c5c5edf8379a5a8c5f3,62000200070005001000000009030000,,,,,False,,,,,,,,,,False,False
/poketool/waza/waza_tbl.narc,/poketool/waza/waza_tbl.narc!/member_00195,0,/poketool/waza/waza_tbl.narc,344,195,,6940,6956,3120,3136,16,0b6523ef302b9b48fcca2163d8db9ec9614609fe7f59ef911f1972f648343f65,7200020000000500400000800a010000,,,,,False,,,,,,,,,,False,False
/poketool/waza/waza_tbl.narc,/poketool/waza/waza_tbl.narc!/member_00196,0,/poketool/waza/waza_tbl.narc,344,196,,6956,6972,3136,3152,16,a2d43fe3ed89eee83d31bfd3801dc816a11f6fae264009a25f8621679aec38a1,460001370f5f0f640400001202010000,,,,,False,,,,,,,,,,False,False
/poketool/waza/waza_tbl.narc,/poketool/waza/waza_tbl.narc!/member_00197,0,/poketool/waza/waza_tbl.narc,344,197,,6972,6988,3152,3168,16,cebf27a69c4af6568204780182f4cdfd3120546ba1271b0b923e442ab176dacf,6f000200010005001000030010000000,,,,,False,,,,,,,,,,False,False
/poketool/waza/waza_tbl.narc,/poketool/waza/waza_tbl.narc!/member_00198,0,/poketool/waza/waza_tbl.narc,344,198,,6988,7004,3168,3184,16,dcfc6e170fbcaa37dceed75381bd9d55eb7109f4b13f58b8d6e2dd1e6211fcc8,1d00001904500a000000007207040000,,,,,False,,,,,,,,,,False,False
/poketool/waza/waza_tbl.narc,/poketool/waza/waza_tbl.narc!/member_00199,0,/poketool/waza/waza_tbl.narc,344,199,,7004,7020,3184,3200,16,0874794b8848e06abb59a6c697be6555e3f2c80c3de4bb971c2a46d935e21836,5e000200000005000000001214030000,,,,,False,,,,,,,,,,False,False
/poketool/waza/waza_tbl.narc,/poketool/waza/waza_tbl.narc!/member_00200,0,/poketool/waza/waza_tbl.narc,344,200,,7020,7036,3200,3216,16,e02d26ac400db398bf395c223832eb7195ac2afa7891dba60fab1e3120afd553,1b00007810640f00020000b307000000,,,,,False,,,,,,,,,,False,False
/poketool/waza/waza_tbl.narc,/poketool/waza/waza_tbl.narc!/member_00201,0,/poketool/waza/waza_tbl.narc,344,201,,7036,7052,3216,3232,16,e35446700ebd9f1c41261380127880760692e988c3bbfd87325fbb4abfe98cc1,7300020005000a00400000000d040000,,,,,False,,,,,,,,,,False,False
/poketool/waza/waza_tbl.narc,/poketool/waza/waza_tbl.narc!/member_00202,0,/poketool/waza/waza_tbl.narc,344,202,,7052,7068,3232,3248,16,aa24dddbaba6bae8054fcd6b716a57f65e68c85dea809ed1c86553d4c6f1c155,0300013c0c640a000000001214030000,,,,,False,,,,,,,,,,False,False
/poketool/waza/waza_tbl.narc,/poketool/waza/waza_tbl.narc!/member_00203,0,/poketool/waza/waza_tbl.narc,344,203,,7068,7084,3248,3264,16,25d39afe73ebdb5a1e557589618efad374364d971312e898b15e1b6de7ecded2,7400020000000a00100003400d040000,,,,,False,,,,,,,,,,False,False
/poketool/waza/waza_tbl.narc,/poketool/waza/waza_tbl.narc!/member_00204,0,/poketool/waza/waza_tbl.narc,344,204,,7084,7100,3264,3280,16,a6f6c75517cd780386910fb244e3b6ff981d108179428f9ce35a717c4e54622b,3a000200006414000000005613020000,,,,,False,,,,,,,,,,False,False
/poketool/waza/waza_tbl.narc,/poketool/waza/waza_tbl.narc!/member_00205,0,/poketool/waza/waza_tbl.narc,344,205,,7100,7116,3280,3296,16,dfdf1d934a6842198b7522e7dde011ce0d91d37a89371238b18c2a07bd42da24,7500001e055a14000000003307040000,,,,,False,,,,,,,,,,False,False
/poketool/waza/waza_tbl.narc,/poketool/waza/waza_tbl.narc!/member_00206,0,/poketool/waza/waza_tbl.narc,344,206,,7116,7132,3296,3312,16,669e915f5f33bb55770ac12123ed374dd5936e7a2d204f0c18ea47406d79b611,65000028006428000000007310000000,,,,,False,,,,,,,,,,False,False
/poketool/waza/waza_tbl.narc,/poketool/waza/waza_tbl.narc!/member_00207,0,/poketool/waza/waza_tbl.narc,344,207,,7132,7148,3312,3328,16,ff75adb232d92a408f4a2e6fb1e4b1e735ecad0ff829b777ee3aa0db92ad4608,76000200005a0f000000005613020000,,,,,False,,,,,,,,,,False,False
/poketool/waza/waza_tbl.narc,/poketool/waza/waza_tbl.narc!/member_00208,0,/poketool/waza/waza_tbl.narc,344,208,,7148,7164,3328,3344,16,3775f43840f971e26e507e187250e5f1117c48e728d0f8805f20b1aa5d20ae1f,2000020000000a001000000808020000,,Nintendo Huffman,Probable,,True,Nintendo Huffman,Probable,False,512,,,,,,False,False
/poketool/waza/waza_tbl.narc,/poketool/waza/waza_tbl.narc!/member_00209,0,/poketool/waza/waza_tbl.narc,344,209,,7164,7180,3344,3360,16,90c1769209e36c1e26c3571ff8c6f109b1f3730808ee382ff03ed4ae1404383f,060000410d64141e0000001305000000,,,,,False,,,,,,,,,,False,False
/poketool/waza/waza_tbl.narc,/poketool/waza/waza_tbl.narc!/member_00210,0,/poketool/waza/waza_tbl.narc,344,210,,7180,7196,3360,3376,16,5ff1e40057a73d6e20cc5e018db25e5e7c63c761dee53112a2b69a6e71a51f8d,7700000a065f14000000007307000000,,,,,False,,,,,,,,,,False,False
/poketool/waza/waza_tbl.narc,/poketool/waza/waza_tbl.narc!/member_00211,0,/poketool/waza/waza_tbl.narc,344,211,,7196,7212,3376,3392,16,5e4d47075b520ac3254a848bf0b4b75061ab0d2cad044b8fe2237133418fec70,8a000046085a190a0000003305000000,,,,,False,,,,,,,,,,False,False
/poketool/waza/waza_tbl.narc,/poketool/waza/waza_tbl.narc!/member_00212,0,/poketool/waza/waza_tbl.narc,344,212,,7212,7228,3392,3408,16,3c5a3238ad0acde161e2a6a9dde21110d5875d86e35b265c7e413e7c306057e4,6a00020000000500000000160a010000,,,,,False,,,,,,,,,,False,False
/poketool/waza/waza_tbl.narc,/poketool/waza/waza_tbl.narc!/member_00213,0,/poketool/waza/waza_tbl.narc,344,213,,7228,7244,3408,3424,16,76612c8eb3bb91135eb9e77d00327a639bc74572ba0d65aaa0689ff86b272542,7800020000640f000000001613020000,,,,,False,,,,,,,,,,False,False
/poketool/waza/waza_tbl.narc,/poketool/waza/waza_tbl.narc!/member_00214,0,/poketool/waza/waza_tbl.narc,344,214,,7244,7260,3424,3440,16,2fad79344cccb4fe82ffbd5b1e576540732a9999f1851e7a789c276e0efd15aa,6100020000000a000100000005020000,,,,,False,,,,,,,,,,False,False
/poketool/waza/waza_tbl.narc,/poketool/waza/waza_tbl.narc!/member_00215,0,/poketool/waza/waza_tbl.narc,344,215,,7260,7276,3440,3456,16,2f538666d5952eb844235564b83bf6596f4054bfd76b8c1f185273e88b9981bd,66000200000005002000004808010000,,,,,False,,,,,,,,,,False,False
/poketool/waza/waza_tbl.narc,/poketool/waza/waza_tbl.narc!/member_00216,0,/poketool/waza/waza_tbl.narc,344,216,,7276,7292,3456,3472,16,28d465c8c3d9be0819dc9fdf76f7305d06510da75762d616cba554aa821ef559,79000001006414000000007311020000,,,,,False,,,,,,,,,,False,False
/poketool/waza/waza_tbl.narc,/poketool/waza/waza_tbl.narc!/member_00217,0,/poketool/waza/waza_tbl.narc,344,217,,7292,7308,3472,3488,16,1d5a1ead1013f13bf9e213383c192d54526a8f57d81206d0b57563e1e5326b67,7a000001005a0f000000001210020000,,,,,False,,,,,,,,,,False,False
/poketool/waza/waza_tbl.narc,/poketool/waza/waza_tbl.narc!/member_00218,0,/poketool/waza/waza_tbl.narc,344,218,,7308,7324,3488,3504,16,710f27f315192d467ce2f8690ea11685cd099cff032b90b461ce1cba542ea0c1,7b000001006414000000007312020000,,,,,False,,,,,,,,,,False,False
/poketool/waza/waza_tbl.narc,/poketool/waza/waza_tbl.narc!/member_00219,0,/poketool/waza/waza_tbl.narc,344,219,,7324,7340,3504,3520,16,7b6ee397ab9f9300b74cce58d5bc7a32ab51a97b8036439dad80739bc85b4ecb,7c00020000001900200000480d010000,,,,,False,,,,,,,,,,False,False
/poketool/waza/waza_tbl.narc,/poketool/waza/waza_tbl.narc!/member_00220,0,/poketool/waza/waza_tbl.narc,344,220,,7340,7356,3520,3536,16,9647e8f625f30033c2eca1a57176a1131aef03eba630481d2ed154d5e7e8941a,5b00020000001400000000120a030000,,,,,False,,,,,,,,,,False,False
/poketool/waza/waza_tbl.narc,/poketool/waza/waza_tbl.narc!/member_00221,0,/poketool/waza/waza_tbl.narc,344,221,,7356,7372,3536,3552,16,f11aae203841c8c28b85db45dca6d2b143d3eb0852745be19d6d66d35365019f,7d0000640a5f05320000009216010000,,,,,False,,,,,,,,,,False,False
/poketool/waza/waza_tbl.narc,/poketool/waza/waza_tbl.narc!/member_00222,0,/poketool/waza/waza_tbl.narc,344,222,,7372,7388,3552,3568,16,5c4dbabe9e619d94b66b1aff833f996ba14c48ec966b9bb391983cef291943a7,7e00000104641e000800003212040000,,,,,False,,,,,,,,,,False,False
/poketool/waza/waza_tbl.narc,/poketool/waza/waza_tbl.narc!/member_00223,0,/poketool/waza/waza_tbl.narc,344,223,,7388,7404,3568,3584,16,1e8c38b7d70fa5f5cac13606da5fd84138f18f8f5741e15abd6f32f13fd29dba,4c000064013205640000009312000000,,,,,False,,,,,,,,,,False,False
/poketool/waza/waza_tbl.narc,/poketool/waza/waza_tbl.narc!/member_00224,0,/poketool/waza/waza_tbl.narc,344,224,,7404,7420,3584,3600,16,b5225922aeba2ccaf11f60eacbd022d9eea84e9bd8e4a1af77636429f4e017f3,0000007806550a00000000b312000000,,,,,False,,,,,,,,,,False,False
/poketool/waza/waza_tbl.narc,/poketool/waza/waza_tbl.narc!/member_00225,0,/poketool/waza/waza_tbl.narc,344,225,,7420,7436,3600,3616,16,0c2ca6c67f05a906a8e8df2814fab2d46e697aecb0d84fad7d4bcc80a591c9ed,0600013c1064141e0000003211000000,,,,,False,,,,,,,,,,False,False
/poketool/waza/waza_tbl.narc,/poketool/waza/waza_tbl.narc!/member_00226,0,/poketool/waza/waza_tbl.narc,344,226,,7436,7452,3616,3632,16,b5044cb0942bd8cc838f21b582892dd05eb4cfa230175598c5df0d38280de815,7f000200000028001000000010020000,,,,,False,,,,,,,,,,False,False
/poketool/waza/waza_tbl.narc,/poketool/waza/waza_tbl.narc!/member_00227,0,/poketool/waza/waza_tbl.narc,344,227,,7452,7468,3632,3648,16,47cba75584a1cd1ceddec95ece72af030bd5d4c73cb12751e3ef66409d8ca73e,5a000200006405000000001214020000,,,,,False,,,,,,,,,,False,False
/poketool/waza/waza_tbl.narc,/poketool/waza/waza_tbl.narc!/member_00228,0,/poketool/waza/waza_tbl.narc,344,228,,7468,7484,3648,3664,16,fdb4d602976274fe2fae05c6e588f518f0bde50c4fb501efcd7c49e373c25ae2,80000028116414000000009314030000,,,,,False,,,,,,,,,,False,False
/poketool/waza/waza_tbl.narc,/poketool/waza/waza_tbl.narc!/member_00229,0,/poketool/waza/waza_tbl.narc,344,229,,7484,7500,3664,3680,16,057c286ac83b56a52017208fb14ffaa0ae89a1801acb72bbe7aa516dfb90cc37,81000014006428000000003311000000,,,,,False,,,,,,,,,,False,False
/poketool/waza/waza_tbl.narc,/poketool/waza/waza_tbl.narc!/member_00230,0,/poketool/waza/waza_tbl.narc,344,230,,7500,7516,3680,3696,16,d30e064724e3f212a9a6f87fe1f38200912fd8cba015fa061c192ab5eef7097c,18000200006414000400001613020000,,,,,False,,,,,,,,,,False,False
/poketool/waza/waza_tbl.narc,/poketool/waza/waza_tbl.narc!/member_00231,0,/poketool/waza/waza_tbl.narc,344,231,,7516,7532,3696,3712,16,81ec604224379a9e39f8d8496a698fc791d8b7fab1d92493c75b464e93996ae3,45000064084b0f1e0000001312000000,,,,,False,,,,,,,,,,False,False
/poketool/waza/waza_tbl.narc,/poketool/waza/waza_tbl.narc!/member_00232,0,/poketool/waza/waza_tbl.narc,344,232,,7532,7548,3712,3728,16,25da0cc0773530086cf3abb3b01b63a2ff662bd5fb2dee0dcd9b645671506ae0,8b000032085f230a0000001312000000,,,,,False,,,,,,,,,,False,False
/poketool/waza/waza_tbl.narc,/poketool/waza/waza_tbl.narc!/member_00233,0,/poketool/waza/waza_tbl.narc,344,233,,7548,7564,3728,3744,16,1faba5004e3d06c384b8c100908526646f0acdb9f7243c70d74a133ee5ca5297,4e00004601000a000000ff3302000000,,,,,False,,,,,,,,,,False,False
/poketool/waza/waza_tbl.narc,/poketool/waza/waza_tbl.narc!/member_00234,0,/poketool/waza/waza_tbl.narc,344,234,,7564,7580,3744,3760,16,aa676c3737a7a3c44d363537fd61efb2faa602112b595905b5c0b83fe2111cf9,84000200000005001000000808010000,,,,,False,,,,,,,,,,False,False
/poketool/waza/waza_tbl.narc,/poketool/waza/waza_tbl.narc!/member_00235,0,/poketool/waza/waza_tbl.narc,344,235,,7580,7596,3760,3776,16,78a4a1757db24b830829d8d58edd2f87a3331814179acd06fdd187f04baf93e4,840002000c0005001000004808030000,,,,,False,,,,,,,,,,False,False
/poketool/waza/waza_tbl.narc,/poketool/waza/waza_tbl.narc!/member_00236,0,/poketool/waza/waza_tbl.narc,344,236,,7596,7612,3776,3792,16,c0a0c8294c8a461988878823322067a405f9b4209493d2a9d648d258fde76584,84000200000005001000008808010000,,,,,False,,,,,,,,,,False,False
/poketool/waza/waza_tbl.narc,/poketool/waza/waza_tbl.narc!/member_00237,0,/poketool/waza/waza_tbl.narc,344,237,,7612,7628,3792,3808,16,fc76c1bc3eba6f05fc9a9e6e7717455458289a4a5c00febc3a30135b18c07fca,8700010100640f000000003217030000,,,,,False,,,,,,,,,,False,False
/poketool/waza/waza_tbl.narc,/poketool/waza/waza_tbl.narc!/member_00238,0,/poketool/waza/waza_tbl.narc,344,238,,7628,7644,3808,3824,16,021aea6fcccdbb9e17a9c876404660f76307951eb633e79ff6383154feed91c1,2b000064015005000000003312000000,,,,,False,,,,,,,,,,False,False
/poketool/waza/waza_tbl.narc,/poketool/waza/waza_tbl.narc!/member_00239,0,/poketool/waza/waza_tbl.narc,344,239,,7644,7660,3824,3840,16,3c1855e88a6c9a647498559935d71332a25785b418e880e62de7d001f779ed91,92000128106414140400003205000000,,,,,False,,,,,,,,,,False,False
/poketool/waza/waza_tbl.narc,/poketool/waza/waza_tbl.narc!/member_00240,0,/poketool/waza/waza_tbl.narc,344,240,,7660,7676,3840,3856,16,1152b1366eec28ff2eaf63416131c52751919d30deabaf3bfab9ed05385697a5,880002000b000500400000000d040000,,,,,False,,,,,,,,,,False,False
/poketool/waza/waza_tbl.narc,/poketool/waza/waza_tbl.narc!/member_00241,0,/poketool/waza/waza_tbl.narc,344,241,,7676,7692,3856,3872,16,add7d46086c91de6710066475a9e555b5d257efce3e5546de17230428029a2e1,890002000a000500400000000d010000,,,,,False,,,,,,,,,,False,False
/poketool/waza/waza_tbl.narc,/poketool/waza/waza_tbl.narc!/member_00242,0,/poketool/waza/waza_tbl.narc,344,242,,7692,7708,3872,3888,16,fdd39a6f3d75f29437907dec4cde5e9bc202498b615210e7b23925671c645ec7,4500005011640f140000001312040000,,,,,False,,,,,,,,,,False,False
/poketool/waza/waza_tbl.narc,/poketool/waza/waza_tbl.narc!/member_00243,0,/poketool/waza/waza_tbl.narc,344,243,,7708,7724,3888,3904,16,d7e407fd5a62f79b5fc6be4eb935f7130790d7b400f82ace576ac8cda128bdf2,900001010e6414000100fb000f010000,,,,,False,,,,,,,,,,False,False
/poketool/waza/waza_tbl.narc,/poketool/waza/waza_tbl.narc!/member_00244,0,/poketool/waza/waza_tbl.narc,344,244,,7724,7740,3904,3920,16,6fab7d61394c6308289eb20303c522f8a6e75c366a167fdd1098d71820f7d4cc,8f00020000000a00000000480b030000,,,,,False,,,,,,,,,,False,False
/poketool/waza/waza_tbl.narc,/poketool/waza/waza_tbl.narc!/member_00245,0,/poketool/waza/waza_tbl.narc,344,245,,7740,7756,3920,3936,16,6a0d152e65af331287e39e135e7cb72348b452ff3ed8e4850b047b8fa04f97b0,6700005000640500000001b301000000,,,,,False,,,,,,,,,,False,False
/poketool/waza/waza_tbl.narc,/poketool/waza/waza_tbl.narc!/member_00246,0,/poketool/waza/waza_tbl.narc,344,246,,7756,7772,3936,3952,16,13355b509625fa7dc7e8c90088c5ac8b03e2a5bd29cd3979b5ab7348f1c7c353,8c00013c0564050a0000001212040000,,,,,False,,,,,,,,,,False,False
/poketool/waza/waza_tbl.narc,/poketool/waza/waza_tbl.narc!/member_00247,0,/poketool/waza/waza_tbl.narc,344,247,,7772,7788,3952,3968,16,6c59d399aba0f5cf6fab9f3f54026c0cf1ccc8ebf6e1280c3496745ddf7173f0,4800015007640f140000001211030000,,,,,False,,,,,,,,,,False,False
/poketool/waza/waza_tbl.narc,/poketool/waza/waza_tbl.narc!/member_00248,0,/poketool/waza/waza_tbl.narc,344,248,,7788,7804,3968,3984,16,0815900c9039c49c65ee467c860470da15d24e0efdf76132fc6bf597b91bd22e,940001500e5a0f000000000011030000,,,,,False,,,,,,,,,,False,False
/poketool/waza/waza_tbl.narc,/poketool/waza/waza_tbl.narc!/member_00249,0,/poketool/waza/waza_tbl.narc,344,249,,7804,7820,3984,4000,16,042ad2918653600ffa2ba984c137f5e566b8127a0c3c9d25a43befbb78592f1b,4500002801640f320000001312040000,,,,,False,,,,,,,,,,False,False
/poketool/waza/waza_tbl.narc,/poketool/waza/waza_tbl.narc!/member_00250,0,/poketool/waza/waza_tbl.narc,344,250,,7820,7836,4000,4016,16,be3fd4326844e53b678f4ae840fb0a90be623aa351f973e1b7f795b740296b62,0501010f0b460f00000000b215010000,,,,,False,,,,,,,,,,False,False
/poketool/waza/waza_tbl.narc,/poketool/waza/waza_tbl.narc!/member_00251,0,/poketool/waza/waza_tbl.narc,344,251,,7836,7852,4016,4032,16,d7d0543fd6c514035bbbc693fcc34c4259ed5fb257951ac0c40847d15d1f23a3,9a00000a11640a000000007207030000,,,,,False,,,,,,,,,,False,False
/poketool/waza/waza_tbl.narc,/poketool/waza/waza_tbl.narc!/member_00252,0,/poketool/waza/waza_tbl.narc,344,252,,7852,7868,4032,4048,16,fe67d89bc8f0511dc06a20e4977dfbff2617a5ea7c6d4ebedf3882df4798aa4e,9e00002800640a640000011311020000,,,,,False,,,,,,,,,,False,False
/poketool/waza/waza_tbl.narc,/poketool/waza/waza_tbl.narc!/member_00253,0,/poketool/waza/waza_tbl.narc,344,253,,7868,7884,4048,4064,16,595a9e572ab40b538cfe1f5c6ec7f5ec75def3ea8658fbd1565cfdd50d6ca40f,9f00013200640a00020000320a020000,,,,,False,,,,,,,,,,False,False
/poketool/waza/waza_tbl.narc,/poketool/waza/waza_tbl.narc!/member_00254,0,/poketool/waza/waza_tbl.narc,344,254,,7884,7900,4064,4080,16,cff769b83d6e4078be52a499be566c912a6ed233c9baa51d3580bc4f984ac2f4,a000020000001400100000480b040000,,,,,False,,,,,,,,,,False,False
/poketool/waza/waza_tbl.narc,/poketool/waza/waza_tbl.narc!/member_00255,0,/poketool/waza/waza_tbl.narc,344,255,,7900,7916,4080,4096,16,e890922a4ddbf6fb48a5a2516568bfdf5c5de0a3aaecee7881dc3edba986032f,a100010100640a000000002212040000,,,,,False,,,,,,,,,,False,False
/poketool/waza/waza_tbl.narc,/poketool/waza/waza_tbl.narc!/member_00256,0,/poketool/waza/waza_tbl.narc,344,256,,7916,7932,4096,4112,16,325d65a81ecbefe8f084565334218447bccefef5944a27c7dd6c3f270d5c977a,a200020000000a001000004808040000,,,,,False,,,,,,,,,,False,False
/poketool/waza/waza_tbl.narc,/poketool/waza/waza_tbl.narc!/member_00257,0,/poketool/waza/waza_tbl.narc,344,257,,7932,7948,4112,4128,16,1d743a09c3e782d51f32840299bf04c27770841aa569be7a794908bfcf61f11e,040001640a5a0a0a0400001211010000,,,,,False,,,,,,,,,,False,False
/poketool/waza/waza_tbl.narc,/poketool/waza/waza_tbl.narc!/member_00258,0,/poketool/waza/waza_tbl.narc,344,258,,7948,7964,4128,4144,16,bdc9c282391bd28312af0991ac328cd9e4ebb6f28f8ab970b9979ead2c3a05bb,a40002000f000a00400000020d010000,,,,,False,,,,,,,,,,False,False
/poketool/waza/waza_tbl.narc,/poketool/waza/waza_tbl.narc!/member_00259,0,/poketool/waza/waza_tbl.narc,344,259,,7964,7980,4144,4160,16,081909f9f9ae7fdd780bc8f38027c97337a91186addcb80f802e8ded074a3b5e,a500020011640f000000005210040000,,,,,False,,,,,,,,,,False,False
/poketool/waza/waza_tbl.narc,/poketool/waza/waza_tbl.narc!/member_00260,0,/poketool/waza/waza_tbl.narc,344,260,,7980,7996,4160,4176,16,4919f3bb210b04dc52834dfd39c706ec6f1558f01f92931783db703886778e3d,a600020011640f000000001613030000,,,,,False,,,,,,,,,,False,False
/poketool/waza/waza_tbl.narc,/poketool/waza/waza_tbl.narc!/member_00261,0,/poketool/waza/waza_tbl.narc,344,261,,7996,8012,4176,4192,16,2d633a94844cddd9a581ce6e5ece1d8d0373eabd7168510465b9bee3df2c5709,a70002000a4b0f000000001611010000,,,,,False,,,,,,,,,,False,False
/poketool/waza/waza_tbl.narc,/poketool/waza/waza_tbl.narc!/member_00262,0,/poketool/waza/waza_tbl.narc,344,262,,8012,8028,4192,4208,16,ae650719aa05bd91b4abc4ea9a6be8d2e11900d4141adca42a7e5317fe6b83e2,a800020011640a000000001209040000,,,,,False,,,,,,,,,,False,False
/poketool/waza/waza_tbl.narc,/poketool/waza/waza_tbl.narc!/member_00263,0,/poketool/waza/waza_tbl.narc,344,263,,8028,8044,4208,4224,16,765a4e4be94be6ced6fcd386c80421f5b814960150e09b585f85d30f2566b8d7,a900004600641400000000530f020000,,,,,False,,,,,,,,,,False,False
/poketool/waza/waza_tbl.narc,/poketool/waza/waza_tbl.narc!/member_00264,0,/poketool/waza/waza_tbl.narc,344,264,,8044,8060,4224,4240,16,e240de0b64e096893a83a19902b1193233ba4190859ad18039350e6c8b98578e,aa000096016414000000fd8306040000,,,,,False,,,,,,,,,,False,False
/poketool/waza/waza_tbl.narc,/poketool/waza/waza_tbl.narc!/member_00265,0,/poketool/waza/waza_tbl.narc,344,265,,8060,8076,4240,4256,16,34ae333e5d8cef5a06addabccfb73e14d47af495e2c8f488ac62d24d446a60fd,ab00003c00640a000000001310030000,,,,,False,,,,,,,,,,False,False
/poketool/waza/waza_tbl.narc,/poketool/waza/waza_tbl.narc!/member_00266,0,/poketool/waza/waza_tbl.narc,344,266,,8076,8092,4256,4272,16,67f2f8020aaa277b34ae603c3ca953c578d46ffb55a0c631f16648ace4eaac47,ac00020000001400100003000e020000,,,,,False,,,,,,,,,,False,False
/poketool/waza/waza_tbl.narc,/poketool/waza/waza_tbl.narc!/member_00267,0,/poketool/waza/waza_tbl.narc,344,267,,8092,8108,4272,4288,16,b176958431ea1ae293092061945fcf3c1025a49e8e286bd3eda936b7f8dfb826,ad00020000001400010000400e010000,,,,,False,,,,,,,,,,False,False
/poketool/waza/waza_tbl.narc,/poketool/waza/waza_tbl.narc!/member_00268,0,/poketool/waza/waza_tbl.narc,344,268,,8108,8124,4288,4304,16,c4d86b595ee0b98da90dbde6453e0d02e081c5e67bf09f743a0d642ce8e7bfb2,ae0002000d001400100000080b030000,,,,,False,,,,,,,,,,False,False
/poketool/waza/waza_tbl.narc,/poketool/waza/waza_tbl.narc!/member_00269,0,/poketool/waza/waza_tbl.narc,344,269,,8124,8140,4304,4320,16,d77888da3fc75466e45aaf2974b48ae6d0653f59b7a48b2e9d796fc7c99e0fc1,af000200116414000000005210030000,,,,,False,,,,,,,,,,False,False
/poketool/waza/waza_tbl.narc,/poketool/waza/waza_tbl.narc!/member_00270,0,/poketool/waza/waza_tbl.narc,344,270,,8140,8156,4320,4336,16,953135b81b9bd52e8331d09fe9566d2ec0803ce039ab7bdd12a92189918fad41,b0000200000014000001050014030000,,,,,False,,,,,,,,,,False,False
/poketool/waza/waza_tbl.narc,/poketool/waza/waza_tbl.narc!/member_00271,0,/poketool/waza/waza_tbl.narc,344,271,,8156,8172,4336,4352,16,fe2d6d45a95b020c2e25eed9d991d1a5bd59410fa784c422f16287388ffec128,b10002000e640a00000000120c030000,,,,,False,,,,,,,,,,False,False
/poketool/waza/waza_tbl.narc,/poketool/waza/waza_tbl.narc!/member_00272,0,/poketool/waza/waza_tbl.narc,344,272,,8172,8188,4352,4368,16,82e720d5fc5c5edc4ea1db4c84ac557cc5ec079cc209e7d582c587c0bff6014d,b20002000e000a000000000017020000,,,,,False,,,,,,,,,,False,False
/poketool/waza/waza_tbl.narc,/poketool/waza/waza_tbl.narc!/member_00273,0,/poketool/waza/waza_tbl.narc,344,273,,8188,8204,4368,4384,16,e69cf6e64c8158ab6466017f1afd019ee720c4db1b4fe57c9810e4dd0e445a86,b300020000000a001000008008020000,,,,,False,,,,,,,,,,False,False
/poketool/waza/waza_tbl.narc,/poketool/waza/waza_tbl.narc!/member_00274,0,/poketool/waza/waza_tbl.narc,344,274,,8204,8220,4384,4400,16,4a87521ab442c3700cd6fc4c8bb1ecebd4547af31c26e96ee6823f240fb918d8,b400020000001400010000000e020000,,,,,False,,,,,,,,,,False,False
/poketool/waza/waza_tbl.narc,/poketool/waza/waza_tbl.narc!/member_00275,0,/poketool/waza/waza_tbl.narc,344,275,,8220,8236,4400,4416,16,5650e5ad1e0c86dc098e19eeeecaffb552182b77c995d1b804df5234c6b70bf9,b50002000c0014001000004815030000,,,,,False,,,,,,,,,,False,False
/poketool/waza/waza_tbl.narc,/poketool/waza/waza_tbl.narc!/member_00276,0,/poketool/waza/waza_tbl.narc,344,276,,8236,8252,4416,4432,16,ed9055b23c586ae9e77ba2c6a928aba87232932bb612955b67ade5030d96371d,b6000078016405000000009312040000,,,,,False,,,,,,,,,,False,False
/poketool/waza/waza_tbl.narc,/poketool/waza/waza_tbl.narc!/member_00277,0,/poketool/waza/waza_tbl.narc,344,277,,8252,8268,4432,4448,16,87091c6499ee0c122c87fea040c4c10b07c59a2949b7efe649dc3cff652ac689,b70002000e000f00010004000f010000,,,,,False,,,,,,,,,,False,False
/poketool/waza/waza_tbl.narc,/poketool/waza/waza_tbl.narc!/member_00278,0,/poketool/waza/waza_tbl.narc,344,278,,8268,8284,4448,4464,16,39eeb2deca6eae9501f79fa6a524a8a6d469edd9232c89970b40c03adb6d24c1,b800020000000a00100000400c030000,,,,,False,,,,,,,,,,False,False
/poketool/waza/waza_tbl.narc,/poketool/waza/waza_tbl.narc!/member_00279,0,/poketool/waza/waza_tbl.narc,344,279,,8284,8300,4464,4480,16,dd60bba453e3f815dfff202b485404a5df100f60f2fe0b03765d5f5dddbf5563,b900003c01640a000000fc330f040000,,,,,False,,,,,,,,,,False,False
/poketool/waza/waza_tbl.narc,/poketool/waza/waza_tbl.narc!/member_00280,0,/poketool/waza/waza_tbl.narc,344,280,,8300,8316,4480,4496,16,50f2a350b9939e173456e82516ab1c8ae766598aca9a177b841b3260cc6c810f,ba00004b01640f000000003305000000,,,,,False,,,,,,,,,,False,False
/poketool/waza/waza_tbl.narc,/poketool/waza/waza_tbl.narc!/member_00281,0,/poketool/waza/waza_tbl.narc,344,281,,8316,8332,4496,4512,16,d336671abeafc179ab19b94c01ab96460990923239ddd88ee52c048ba8ab67c3,bb00020000000a000000001613020000,,,,,False,,,,,,,,,,False,False
/poketool/waza/waza_tbl.narc,/poketool/waza/waza_tbl.narc!/member_00282,0,/poketool/waza/waza_tbl.narc,344,282,,8332,8348,4512,4528,16,ad3e76a558a02219377082234eedba11b629aeae0361db010ae3beb8bbae66d6,bc000014116414000000001305030000,,,,,False,,,,,,,,,,False,False
/poketool/waza/waza_tbl.narc,/poketool/waza/waza_tbl.narc!/member_00283,0,/poketool/waza/waza_tbl.narc,344,283,,8348,8364,4528,4544,16,8e604ee8639a36257b8875dd664ae2931c86853e0aec6c50a38d3e4255c5cac9,bd00000100640500000000730f040000,,,,,False,,,,,,,,,,False,False
/poketool/waza/waza_tbl.narc,/poketool/waza/waza_tbl.narc!/member_00284,0,/poketool/waza/waza_tbl.narc,344,284,,8364,8380,4544,4560,16,6ca9a81cdcc24acf9a1afbb7d8aab9af39068a3f98994f81322da85ddd30caf5,be0001960a6405000400003212010000,,,,,False,,,,,,,,,,False,False
/poketool/waza/waza_tbl.narc,/poketool/waza/waza_tbl.narc!/member_00285,0,/poketool/waza/waza_tbl.narc,344,285,,8380,8396,4560,4576,16,b65cc09491f7fc02da4ad68ec778c8c3266baf8efb5ab329cadfe163619c900f,bf0002000e000a00000000120c030000,,,,,False,,,,,,,,,,False,False
/poketool/waza/waza_tbl.narc,/poketool/waza/waza_tbl.narc!/member_00286,0,/poketool/waza/waza_tbl.narc,344,286,,8396,8412,4576,4592,16,40cef7bbf469a57a6cc90c71b77f5a54b909d01fb3ac80cedf0dca89d4f4ce5d,c00002000e000a001000000014030000,,,,,False,,,,,,,,,,False,False
/poketool/waza/waza_tbl.narc,/poketool/waza/waza_tbl.narc!/member_00287,0,/poketool/waza/waza_tbl.narc,344,287,,8412,8428,4592,4608,16,929bbcd69ae283cfe0c8f957a3440cd47f0ef959d999fffbe4f1213a1273789f,c1000200000014001000000808020000,,,,,False,,,,,,,,,,False,False
/poketool/waza/waza_tbl.narc,/poketool/waza/waza_tbl.narc!/member_00288,0,/poketool/waza/waza_tbl.narc,344,288,,8428,8444,4608,4624,16,4cb2355a128a9916d4a8cd0e948c886e60e38a434fb5e6660037082a9caeb08c,c200020007000500100000000a040000,,,,,False,,,,,,,,,,False,False
/poketool/waza/waza_tbl.narc,/poketool/waza/waza_tbl.narc!/member_00289,0,/poketool/waza/waza_tbl.narc,344,289,,8444,8460,4624,4640,16,b4f578013ac178ecbb4d44ae774892245e746411b1c5789fa2f5beec3410a4fd,c300020011000a00010004000c030000,,,,,False,,,,,,,,,,False,False
/poketool/waza/waza_tbl.narc,/poketool/waza/waza_tbl.narc!/member_00290,0,/poketool/waza/waza_tbl.narc,344,290,,8460,8476,4640,4656,16,9eda1fa057fa9b952f37acb1afd3819e4b882b18ff8d74a9aac3a0a5e909f69b,c50000460064141e000000120e030000,,,,,False,,,,,,,,,,False,False
/poketool/waza/waza_tbl.narc,/poketool/waza/waza_tbl.narc!/member_00291,0,/poketool/waza/waza_tbl.narc,344,291,,8476,8492,4656,4672,16,22dbdb462b50c315f6460f1178a9d4e065326ea2e42283c91e6918f29eeec87a,ff0000500b640a000000003306010000,,,,,False,,,,,,,,,,False,False
/poketool/waza/waza_tbl.narc,/poketool/waza/waza_tbl.narc!/member_00292,0,/poketool/waza/waza_tbl.narc,344,292,,8492,8508,4672,4688,16,9156cf5da8fd103143c77b8e2863699bdb01570a809711cebde5f2ca6c1ea627,1d00000f016414000000007307040000,,,,,False,,,,,,,,,,False,False
/poketool/waza/waza_tbl.narc,/poketool/waza/waza_tbl.narc!/member_00293,0,/poketool/waza/waza_tbl.narc,344,293,,8508,8524,4688,4704,16,402fcfe9d0680da9d6c84762744d3b901c5798d5e2c9a57589f7869b03c346e9,d500020000001400100000480d030000,,,,,False,,,,,,,,,,False,False
/poketool/waza/waza_tbl.narc,/poketool/waza/waza_tbl.narc!/member_00294,0,/poketool/waza/waza_tbl.narc,344,294,,8524,8540,4704,4720,16,35f824943bdb65359fe2e81a589f385ffff9de57797023ef87e29b7947bb8d1b,3500020006001400100000080b010000,,,,,False,,,,,,,,,,False,False
/poketool/waza/waza_tbl.narc,/poketool/waza/waza_tbl.narc!/member_00295,0,/poketool/waza/waza_tbl.narc,344,295,,8540,8556,4720,4736,16,1498dcc496c5dd03e3ef0b9af852e91f2cc692b93b1186fc4046a51128a6d3e8,480001460e6405320000001216030000,,,,,False,,,,,,,,,,False,False
/poketool/waza/waza_tbl.narc,/poketool/waza/waza_tbl.narc!/member_00296,0,/poketool/waza/waza_tbl.narc,344,296,,8556,8572,4736,4752,16,fc44053a0d3d475766b64db6907c6a04666746bf87789b2912def82171971856,470001460e6405320000009216030000,,,,,False,,,,,,,,,,False,False
/poketool/waza/waza_tbl.narc,/poketool/waza/waza_tbl.narc!/member_00297,0,/poketool/waza/waza_tbl.narc,344,297,,8572,8588,4752,4768,16,4e07bce38abde8fe2be649de8ed078b1823a1be2cde04a24badd7d0469252504,3a00020002640f000000001613010000,,,,,False,,,,,,,,,,False,False
/poketool/waza/waza_tbl.narc,/poketool/waza/waza_tbl.narc!/member_00298,0,/poketool/waza/waza_tbl.narc,344,298,,8588,8604,4768,4784,16,3cc2e676fa4ae7d1ee60426a948dfdef73667a17d0f27c2fc01d0982f7ad8df5,c700020000641400080000120e020000,,,,,False,,,,,,,,,,False,False
/poketool/waza/waza_tbl.narc,/poketool/waza/waza_tbl.narc!/member_00299,0,/poketool/waza/waza_tbl.narc,344,299,,8604,8620,4784,4800,16,66d65b3fb4d9ed5b092b5ca76881672f5047618b29e5acfab9fac5279c65eff5,c80000550a5a0a0a0000001311010000,,,,,False,,,,,,,,,,False,False
/poketool/waza/waza_tbl.narc,/poketool/waza/waza_tbl.narc!/member_00300,0,/poketool/waza/waza_tbl.narc,344,300,,8620,8636,4800,4816,16,e4800cc15f0b141fb9b5dae414666a1b75e4fcff2881aaa1434912952fa6a0e1,c900020004000f00400000000d020000,,,,,False,,,,,,,,,,False,False
/poketool/waza/waza_tbl.narc,/poketool/waza/waza_tbl.narc!/member_00301,0,/poketool/waza/waza_tbl.narc,344,301,,8636,8652,4816,4832,16,ab1889ebb1e239caa0ce713cf8fb1ba5f6f632a0bb9b23aaaca87ef2428f7692,7500001e0f5a14000000003307010000,,,,,False,,,,,,,,,,False,False
/poketool/waza/waza_tbl.narc,/poketool/waza/waza_tbl.narc!/member_00302,0,/poketool/waza/waza_tbl.narc,344,302,,8652,8668,4832,4848,16,3c6f335986411376c8264619bee81a501ebd9ed8e955e292bf03f8d76fe224a8,1f00003c0c640f1e0000001305030000,,,,,False,,,,,,,,,,False,False
/poketool/waza/waza_tbl.narc,/poketool/waza/waza_tbl.narc!/member_00303,0,/poketool/waza/waza_tbl.narc,344,303,,8668,8684,4848,4864,16,3c21e77ad3691a185fd5e313202e5b39ddd6ea8f8154fb0385827fddc1fa97d4,2000020000000a001000004808020000,,Nintendo Huffman,Probable,,True,Nintendo Huffman,Probable,False,512,,,,,,False,False
/poketool/waza/waza_tbl.narc,/poketool/waza/waza_tbl.narc!/member_00304,0,/poketool/waza/waza_tbl.narc,344,304,,8684,8700,4864,4880,16,62290d79628a46e138b12661fea818f767529916c9f560f0703df6181098b8b5,0000015a00640a000400001205000000,,,,,False,,,,,,,,,,False,False
/poketool/waza/waza_tbl.narc,/poketool/waza/waza_tbl.narc!/member_00305,0,/poketool/waza/waza_tbl.narc,344,305,,8700,8716,4880,4896,16,e9349f833b3a1273907d988e5154a00aaa3d874facf3af41f29039f3a752aa7e,ca00003203640f1e0000001304030000,,,,,False,,,,,,,,,,False,False
/poketool/waza/waza_tbl.narc,/poketool/waza/waza_tbl.narc!/member_00306,0,/poketool/waza/waza_tbl.narc,344,306,,8716,8732,4896,4912,16,f703b01514b6647450c45710a08b95e797abeaac84aa35a1d67e4050f3a1f0d2,4500004b005f0a320000001305000000,,,,,False,,,,,,,,,,False,False
/poketool/waza/waza_tbl.narc,/poketool/waza/waza_tbl.narc!/member_00307,0,/poketool/waza/waza_tbl.narc,344,307,,8732,8748,4912,4928,16,407020aa055b1feb9f2900ebdafc861418e1c5d0fe6b37afa6a5ba12a3a2e124,500001960a5a05000000003216010000,,,,,False,,,,,,,,,,False,False
/poketool/waza/waza_tbl.narc,/poketool/waza/waza_tbl.narc!/member_00308,0,/poketool/waza/waza_tbl.narc,344,308,,8748,8764,4928,4944,16,9f7c02fa303008d18a08fc50b45c4d37d462094d44eed04b71394456b05fac93,500001960b5a0500000000b216010000,,,,,False,,,,,,,,,,False,False
/poketool/waza/waza_tbl.narc,/poketool/waza/waza_tbl.narc!/member_00309,0,/poketool/waza/waza_tbl.narc,344,309,,8764,8780,4944,4960,16,332f584fa070ba92d952eb84d2c7465975555451e9eb5cb3c5c364f6bf9769c1,8b00006408550a140000003312000000,,,,,False,,,,,,,,,,False,False
/poketool/waza/waza_tbl.narc,/poketool/waza/waza_tbl.narc!/member_00310,0,/poketool/waza/waza_tbl.narc,344,310,,8780,8796,4960,4976,16,85ac8d2ffc1e263ba41dfed64ea9b07613bd3fe76e8a68ef13e93394179dc5c8,1f00001e07640f1e0000005305030000,,,,,False,,,,,,,,,,False,False
/poketool/waza/waza_tbl.narc,/poketool/waza/waza_tbl.narc!/member_00311,0,/poketool/waza/waza_tbl.narc,344,311,,8796,8812,4976,4992,16,3adf4588e3b7f570a867b58fa18e528ee3e8deda4f52b65379f19392f9522523,cb00013200640a000000003204030000,,,,,False,,,,,,,,,,False,False
/poketool/waza/waza_tbl.narc,/poketool/waza/waza_tbl.narc!/member_00312,0,/poketool/waza/waza_tbl.narc,344,312,,8812,8828,4992,5008,16,319c60464fa07be2aeb60b438ae7823ada09cc389e7ce927d9572b83572159ea,660002000c0005002000000808030000,,,,,False,,,,,,,,,,False,False
/poketool/waza/waza_tbl.narc,/poketool/waza/waza_tbl.narc!/member_00313,0,/poketool/waza/waza_tbl.narc,344,313,,8828,8844,5008,5024,16,349bd63534d33ed78b877d6cacdaab137411a06e4f07fd9b2c4e6fe9747efadf,3e000200116414000000005613030000,,,,,False,,,,,,,,,,False,False
/poketool/waza/waza_tbl.narc,/poketool/waza/waza_tbl.narc!/member_00314,0,/poketool/waza/waza_tbl.narc,344,314,,8844,8860,5024,5040,16,d423eab30f2125fa6645e2612742f621b0bccd7cefd8bdaa6c4907554bf011c4,2b000137025f19000400003205000000,,,,,False,,,,,,,,,,False,False
/poketool/waza/waza_tbl.narc,/poketool/waza/waza_tbl.narc!/member_00315,0,/poketool/waza/waza_tbl.narc,344,315,,8860,8876,5040,5056,16,2fb86d3b9f5f63e02212b18f2b95588ee7b672f831c29763f6936d17d14e91a6,cc00018c0a5a0564000000b216010000,,,,,False,,,,,,,,,,False,False
/poketool/waza/waza_tbl.narc,/poketool/waza/waza_tbl.narc!/member_00316,0,/poketool/waza/waza_tbl.narc,344,316,,8876,8892,5056,5072,16,d11fa1a56143268ff3941e87f88901b00cf7dc2e688dc1dd024a4049ffcab924,71000200000028000000005214030000,,,,,False,,,,,,,,,,False,False
/poketool/waza/waza_tbl.narc,/poketool/waza/waza_tbl.narc!/member_00317,0,/poketool/waza/waza_tbl.narc,344,317,,8892,8908,5072,5088,16,1273a0144b1e49d897f184da2ab050662e9f85f6baec3e004df12674da4fe35d,4600003205500a640000001202030000,,,,,False,,,,,,,,,,False,False
/poketool/waza/waza_tbl.narc,/poketool/waza/waza_tbl.narc!/member_00318,0,/poketool/waza/waza_tbl.narc,344,318,,8908,8924,5088,5104,16,b9c96a7a2d7303ade8f1375113dc816f0e11982e78a56826bd4b7318425d1544,8c00013c0664050a0000003204010000,,,,,False,,,,,,,,,,False,False
/poketool/waza/waza_tbl.narc,/poketool/waza/waza_tbl.narc!/member_00319,0,/poketool/waza/waza_tbl.narc,344,319,,8924,8940,5104,5120,16,cb7017ae9091785eb859d4fa866c1bcd8c09f94b9474c36eb753e5fdb02d07d9,3e00020008552800000000160a030000,,,,,False,,,,,,,,,,False,False
/poketool/waza/waza_tbl.narc,/poketool/waza/waza_tbl.narc!/member_00320,0,/poketool/waza/waza_tbl.narc,344,320,,8940,8956,5120,5136,16,f2f07bb3f0a96bc21135da1e9dd536820e57cc73ff9cfb8dd26131f0ab0c90d8,010002000c370f000000001613030000,,,,,False,,,,,,,,,,False,False
/poketool/waza/waza_tbl.narc,/poketool/waza/waza_tbl.narc!/member_00321,0,/poketool/waza/waza_tbl.narc,344,321,,8956,8972,5136,5152,16,ed458e1eaf05679c51a63e7e03c9ee1c161083b6f30710a41980311503b67139,cd000200006414000000005613020000,,,,,False,,,,,,,,,,False,False
/poketool/waza/waza_tbl.narc,/poketool/waza/waza_tbl.narc!/member_00322,0,/poketool/waza/waza_tbl.narc,344,322,,8972,8988,5152,5168,16,8aa0c7b859db01eeff35f5eb10e13b4ba673ded6884044a78946bd8864b79b6c,ce0002000e001400100000880b000000,,,,,False,,,,,,,,,,False,False
/poketool/waza/waza_tbl.narc,/poketool/waza/waza_tbl.narc!/member_00323,0,/poketool/waza/waza_tbl.narc,344,323,,8988,9004,5168,5184,16,427953dfb1680c03b7fdaf334f8e50dbcc5d865ace9380cacf47fe90c611dda4,be0001960b6405000400001216010000,,,,,False,,,,,,,,,,False,False
/poketool/waza/waza_tbl.narc,/poketool/waza/waza_tbl.narc!/member_00324,0,/poketool/waza/waza_tbl.narc,344,324,,9004,9020,5184,5200,16,5cc34de610c8bd924f8c2237c82694f579fad7e4991b6ad7caf28a4a915afe8f,4c00014b06640f0a0000003204010000,,,,,False,,,,,,,,,,False,False
/poketool/waza/waza_tbl.narc,/poketool/waza/waza_tbl.narc!/member_00325,0,/poketool/waza/waza_tbl.narc,344,325,,9020,9036,5200,5216,16,f5f0db1386dfd64deb403527d0d66a77c5be4df1f6860dcbc7b4a8895f37e6f7,1100003c070014000000003311030000,,Nintendo LZ11,Probable,,True,Nintendo LZ11,Probable,True,3932160,False,,,,,False,False
/poketool/waza/waza_tbl.narc,/poketool/waza/waza_tbl.narc!/member_00326,0,/poketool/waza/waza_tbl.narc,344,326,,9036,9052,5216,5232,16,802c19ac5de3f872a17b21b6ce7c9048b49160c0093205b494f57b7fe3b6b94e,1f0001500e641e0a0000001211000000,,,,,False,,,,,,,,,,False,False
/poketool/waza/waza_tbl.narc,/poketool/waza/waza_tbl.narc!/member_00327,0,/poketool/waza/waza_tbl.narc,344,327,,9052,9068,5232,5248,16,6ae387cbb514b2cada08ad90f694662de27b348c59a066acbaea91be679c33d8,cf000055015a0f00000000b311000000,,,,,False,,,,,,,,,,False,False
/poketool/waza/waza_tbl.narc,/poketool/waza/waza_tbl.narc!/member_00328,0,/poketool/waza/waza_tbl.narc,344,328,,9068,9084,5248,5264,16,9e2082ac85a5bcecae56ba627974754fc6d27810d8738cd257368b3d510856b8,2a00000f04460f000000003215030000,,,,,False,,,,,,,,,,False,False
/poketool/waza/waza_tbl.narc,/poketool/waza/waza_tbl.narc!/member_00329,0,/poketool/waza/waza_tbl.narc,344,329,,9084,9100,5264,5280,16,2f82432981466ffb21c549e6620c0daf2c0bdf8e48cedd4b1a7444f9e732f50e,260001010f1e05000000001209010000,,,,,False,,,,,,,,,,False,False
/poketool/waza/waza_tbl.narc,/poketool/waza/waza_tbl.narc!/member_00330,0,/poketool/waza/waza_tbl.narc,344,330,,9100,9116,5280,5296,16,eb8ce30a326743aa6fb84d78aeebf3ed0b46ecd5427e03f6769f60b539f50fb6,4900015f0b550a1e0400003212040000,,,,,False,,,,,,,,,,False,False
/poketool/waza/waza_tbl.narc,/poketool/waza/waza_tbl.narc!/member_00331,0,/poketool/waza/waza_tbl.narc,344,331,,9116,9132,5296,5312,16,7a4be8a56ffd64dda058a32c405bfc9fd0bc93894be2008002bae5f9a722a192,1d00000a0c641e000000007207000000,,,,,False,,,,,,,,,,False,False
/poketool/waza/waza_tbl.narc,/poketool/waza/waza_tbl.narc!/member_00332,0,/poketool/waza/waza_tbl.narc,344,332,,9132,9148,5312,5328,16,a187cd75ff27bec01fc6d8d8eaa26a1c528d4197c3d960886947f9db3a0b0eb2,1100003c020014000000003311000000,,Nintendo LZ11,Probable,,True,Nintendo LZ11,Probable,True,3932160,False,,,,,False,False
/poketool/waza/waza_tbl.narc,/poketool/waza/waza_tbl.narc!/member_00333,0,/poketool/waza/waza_tbl.narc,344,333,,9148,9164,5328,5344,16,c66d9c9afe0629c194bba94556b79fe40cc2f3104c630a4a4ab54fbdf2ea9771,1d00000a0f641e000000007207010000,,,,,False,,,,,,,,,,False,False
/poketool/waza/waza_tbl.narc,/poketool/waza/waza_tbl.narc!/member_00334,0,/poketool/waza/waza_tbl.narc,344,334,,9164,9180,5344,5360,16,84375b2cf5be5374369f655a35351176c84303fb23284cc994537230e89dd19c,3300020008000f00100000480d040000,,,,,False,,,,,,,,,,False,False
/poketool/waza/waza_tbl.narc,/poketool/waza/waza_tbl.narc!/member_00335,0,/poketool/waza/waza_tbl.narc,344,335,,9180,9196,5360,5376,16,10222125078e832b1f845217dbfb5e1b6c492b21369191791fa91b8299c2bf4b,6a00020000000500000000160d020000,,,,,False,,,,,,,,,,False,False
/poketool/waza/waza_tbl.narc,/poketool/waza/waza_tbl.narc!/member_00336,0,/poketool/waza/waza_tbl.narc,344,336,,9196,9212,5376,5392,16,284eb73917cb9b8a7a0c1bcf08147eb14093fe428f6a0dbf51f80c4a0cd3d442,0a00020000002800100000080b000000,,,,,False,,,,,,,,,,False,False
/poketool/waza/waza_tbl.narc,/poketool/waza/waza_tbl.narc!/member_00337,0,/poketool/waza/waza_tbl.narc,344,337,,9212,9228,5392,5408,16,59c5051d1d7e0f8215cc42d2a43d9f9e10b372f14da715d50227774a7bf7755e,0000005010640f000000003311000000,,,,,False,,,,,,,,,,False,False
/poketool/waza/waza_tbl.narc,/poketool/waza/waza_tbl.narc!/member_00338,0,/poketool/waza/waza_tbl.narc,344,338,,9228,9244,5408,5424,16,a9a08f5d0ee1689ee71e927f7d07fbef23c005b811f7b9d69725c410278458cb,500001960c5a0500000000b216000000,,,,,False,,,,,,,,,,False,False
/poketool/waza/waza_tbl.narc,/poketool/waza/waza_tbl.narc!/member_00339,0,/poketool/waza/waza_tbl.narc,344,339,,9244,9260,5424,5440,16,362805e9303687d17dc8c503d90b7a54b0deb5a842333737f521c89f1956ec1b,d000020001001400100000480b010000,,,,,False,,,,,,,,,,False,False
/poketool/waza/waza_tbl.narc,/poketool/waza/waza_tbl.narc!/member_00340,0,/poketool/waza/waza_tbl.narc,344,340,,9260,9276,5440,5456,16,8e96f30824518562b848f8afa481fb1731ea694ba719eabae5c265fddbdd5d08,070100550255051e0000003306020000,,,,,False,,,,,,,,,,False,False
/poketool/waza/waza_tbl.narc,/poketool/waza/waza_tbl.narc!/member_00341,0,/poketool/waza/waza_tbl.narc,344,341,,9276,9292,5456,5472,16,e968f5a3136831171bc411870590aca685dbeccc7255e3143c305243bad93581,46000137045f0f640000003202040000,,,,,False,,,,,,,,,,False,False
/poketool/waza/waza_tbl.narc,/poketool/waza/waza_tbl.narc!/member_00342,0,/poketool/waza/waza_tbl.narc,344,342,,9292,9308,5472,5488,16,4dd8a17e89533ef955faa9db146264d78eefe0130fa3259e719d8e032412820c,d10000320364190a0000003304030000,,,,,False,,,,,,,,,,False,False
/poketool/waza/waza_tbl.narc,/poketool/waza/waza_tbl.narc!/member_00343,0,/poketool/waza/waza_tbl.narc,344,343,,9308,9324,5488,5504,16,17649195d42c2055373843848945059a75aea2bf0fb4bf53bb6db89c745921f2,6900002800642800000000130c020000,,,,,False,,,,,,,,,,False,False
/poketool/waza/waza_tbl.narc,/poketool/waza/waza_tbl.narc!/member_00344,0,/poketool/waza/waza_tbl.narc,344,344,,9324,9340,5504,5520,16,2a41e13f9a54c17a6ac8116693b7cc6a0ef9ad3ab75225f50d1d6d0f62102eea,060100780d640f0a000000b316000000,,,,,False,,,,,,,,,,False,False
/poketool/waza/waza_tbl.narc,/poketool/waza/waza_tbl.narc!/member_00345,0,/poketool/waza/waza_tbl.narc,344,345,,9340,9356,5520,5536,16,0c128bcec6d8b47c3fbebd95dd99f861c518b7d2b63c1e2dd64763c56d8d52ff,1100013c0c0014000000003211010000,,Nintendo LZ11,Probable,,True,Nintendo LZ11,Probable,True,3932416,False,,,,,False,False
/poketool/waza/waza_tbl.narc,/poketool/waza/waza_tbl.narc!/member_00346,0,/poketool/waza/waza_tbl.narc,344,346,,9356,9372,5536,5552,16,4c6d6e4620b4d83a2502d89d994f88c4cbb56579ddb650e26ec8ca6a2979d033,d20002000b000f00400000000d020000,,,,,False,,,,,,,,,,False,False
/poketool/waza/waza_tbl.narc,/poketool/waza/waza_tbl.narc!/member_00347,0,/poketool/waza/waza_tbl.narc,344,347,,9372,9388,5552,5568,16,81a8655e384cdb013ea862a4903f7a5d0dd54b7f8659fd60569591862421fed5,d30002000e001400100000080b030000,,,,,False,,,,,,,,,,False,False
/poketool/waza/waza_tbl.narc,/poketool/waza/waza_tbl.narc!/member_00348,0,/poketool/waza/waza_tbl.narc,344,348,,9388,9404,5568,5584,16,b6a07bb9182ca903d9b5ec31b8b2e6117107dd8cde0f6dd0e898a3b5943deac4,2b00005a0c640f000000003311000000,,,,,False,,,,,,,,,,False,False
/poketool/waza/waza_tbl.narc,/poketool/waza/waza_tbl.narc!/member_00349,0,/poketool/waza/waza_tbl.narc,344,349,,9404,9420,5584,5600,16,63b2549d6c3302a97b3c853a8ebc7d7296e6f245d440d9972efc46592c6000c3,d400020010001400100000080b000000,,,,,False,,,,,,,,,,False,False
/poketool/waza/waza_tbl.narc,/poketool/waza/waza_tbl.narc!/member_00350,0,/poketool/waza/waza_tbl.narc,344,350,,9420,9436,5600,5616,16,8864d262290f055839b30ec4ac62bf9133b1bc056f6a94cdf2badaf9c7ea2d66,1d00001905500a000000003207040000,,,,,False,,,,,,,,,,False,False
/poketool/waza/waza_tbl.narc,/poketool/waza/waza_tbl.narc!/member_00351,0,/poketool/waza/waza_tbl.narc,344,351,,9436,9452,5616,5632,16,d8316ac492acb733e7971f5c89a1cca6fe01794296c8a626ade5738aa14adc5d,1100013c0d0014000000003211000000,,Nintendo LZ11,Probable,,True,Nintendo LZ11,Probable,True,3932416,False,,,,,False,False
/poketool/waza/waza_tbl.narc,/poketool/waza/waza_tbl.narc!/member_00352,0,/poketool/waza/waza_tbl.narc,344,352,,9452,9468,5632,5648,16,91baa561ac641080c30a8994aef95dd49645ceb00f0f509087f70ee08bfc2aea,4c00013c0b641414000000b211010000,,,,,False,,,,,,,,,,False,False
/poketool/waza/waza_tbl.narc,/poketool/waza/waza_tbl.narc!/member_00353,0,/poketool/waza/waza_tbl.narc,344,353,,9468,9484,5648,5664,16,f7a97b207133d4bfa54ddea122e5659f5c6bc0d57342db1ab0ea6d3e0f35dd2b,94000178085505000000008011000000,,,,,False,,,,,,,,,,False,False
/poketool/waza/waza_tbl.narc,/poketool/waza/waza_tbl.narc!/member_00354,0,/poketool/waza/waza_tbl.narc,344,354,,9484,9500,5664,5680,16,dd44fed3cd38b180e7d424d0e0559133e58f6d05e39fdf03c00cf55032564be9,cc00018c0e5a0564000000b216030000,,,,,False,,,,,,,,,,False,False
/poketool/waza/waza_tbl.narc,/poketool/waza/waza_tbl.narc!/member_00355,0,/poketool/waza/waza_tbl.narc,344,355,,9500,9516,5680,5696,16,b7bc4cceca512a055b0a1bcb74dd0c121a08c4a357fcba07a345698b103b6105,d600020002000a001000004808000000,,,,,False,,,,,,,,,,False,False
/poketool/waza/waza_tbl.narc,/poketool/waza/waza_tbl.narc!/member_00356,0,/poketool/waza/waza_tbl.narc,344,356,,9516,9532,5696,5712,16,e41967b60c0a30a3e73bfd2ff0e0db746a1899675d8b904c82362ca0ca87e474,d70002000e000500400000000d010000,,,,,False,,,,,,,,,,False,False
/poketool/waza/waza_tbl.narc,/poketool/waza/waza_tbl.narc!/member_00357,0,/poketool/waza/waza_tbl.narc,344,357,,9532,9548,5712,5728,16,63769241a55830e02b48b4009874902680f4f1676660112d070f76e138d6d841,d80002000e0028000000001214020000,,,,,False,,,,,,,,,,False,False
/poketool/waza/waza_tbl.narc,/poketool/waza/waza_tbl.narc!/member_00358,0,/poketool/waza/waza_tbl.narc,344,358,,9548,9564,5728,5744,16,89e50db9f4b3afc034c5ace04d74627ca3a8454399f261a97d78e81b24d8ab55,d900003c01640a000000003310030000,,,,,False,,,,,,,,,,False,False
/poketool/waza/waza_tbl.narc,/poketool/waza/waza_tbl.narc!/member_00359,0,/poketool/waza/waza_tbl.narc,344,359,,9564,9580,5744,5760,16,b8af42e0f12e032abc5d82abe6d80b8b8f00301045557ffa02da62d082e195e5,da000064015a0a000000003302000000,,,,,False,,,,,,,,,,False,False
/poketool/waza/waza_tbl.narc,/poketool/waza/waza_tbl.narc!/member_00360,0,/poketool/waza/waza_tbl.narc,344,360,,9580,9596,5760,5776,16,3dac60d98af45beedbfbcc2aadbfccdf463d3ff6dbcc6688f1a115485ce0a564,db00000108640500000000330f010000,,,,,False,,,,,,,,,,False,False
/poketool/waza/waza_tbl.narc,/poketool/waza/waza_tbl.narc!/member_00361,0,/poketool/waza/waza_tbl.narc,344,361,,9596,9612,5776,5792,16,922847ff183222f7841ddd11eb0c4e9150605638aa5e1340c4f3f3f14e314266,dc0002000e000a001000000008020000,,,,,False,,,,,,,,,,False,False
/poketool/waza/waza_tbl.narc,/poketool/waza/waza_tbl.narc!/member_00362,0,/poketool/waza/waza_tbl.narc,344,362,,9612,9628,5792,5808,16,6627055db28462cf16dc2b0ca60486fbb0a5a4f5682bfe991900e06d8c7d9546,dd0001410b640a000000003204030000,,,,,False,,,,,,,,,,False,False
/poketool/waza/waza_tbl.narc,/poketool/waza/waza_tbl.narc!/member_00363,0,/poketool/waza/waza_tbl.narc,344,363,,9628,9644,5808,5824,16,0031f9a56a8c7fc100dff822dd784077cd16b33a207531c29da24bd55ded959c,de00000100640f000000005212000000,,,,,False,,,,,,,,,,False,False
/poketool/waza/waza_tbl.narc,/poketool/waza/waza_tbl.narc!/member_00364,0,/poketool/waza/waza_tbl.narc,344,364,,9644,9660,5824,5840,16,d68f7e6aa931f486d239b693d51e5891d2ae3419dacb1846dfe61eb71883377a,df00003200640a000000020010010000,,,,,False,,,,,,,,,,False,False
/poketool/waza/waza_tbl.narc,/poketool/waza/waza_tbl.narc!/member_00365,0,/poketool/waza/waza_tbl.narc,344,365,,9660,9676,5840,5856,16,78ecff45fc0aeab6a7b5896f5018f0468a6603284a9385b6b626fb72010d4239,e000003c02641400000000730c020000,,,,,False,,,,,,,,,,False,False
/poketool/waza/waza_tbl.narc,/poketool/waza/waza_tbl.narc!/member_00366,0,/poketool/waza/waza_tbl.narc,344,366,,9676,9692,5856,5872,16,10fd1309aab9330c6c9ec32f99eaa5b8d095ed9cc1620c7b37d2ab822939cec7,e100020002001e002000000801030000,,,,,False,,,,,,,,,,False,False
/poketool/waza/waza_tbl.narc,/poketool/waza/waza_tbl.narc!/member_00367,0,/poketool/waza/waza_tbl.narc,344,367,,9692,9708,5872,5888,16,a33abbede256f6433857767a7deebe4284e9ce4d5912765d6c39afc4a7d85566,e200020000001e00000200480b000000,,,,,False,,,,,,,,,,False,False
/poketool/waza/waza_tbl.narc,/poketool/waza/waza_tbl.narc!/member_00368,0,/poketool/waza/waza_tbl.narc,344,368,,9708,9724,5888,5904,16,28fc44e0dc1cb0730a08574ea1390e8db5080d72a2c2c30a3703e4f82c213b4c,e300000108640a00010000100f010000,,,,,False,,,,,,,,,,False,False
/poketool/waza/waza_tbl.narc,/poketool/waza/waza_tbl.narc!/member_00369,0,/poketool/waza/waza_tbl.narc,344,369,,9724,9740,5904,5920,16,7b1c0c00f499fecd0ce5ade2a65456001a3d92b895629d59c05dc3e25dcf79de,e4000046066414000000003310020000,,,,,False,,,,,,,,,,False,False
/poketool/waza/waza_tbl.narc,/poketool/waza/waza_tbl.narc!/member_00370,0,/poketool/waza/waza_tbl.narc,344,370,,9740,9756,5920,5936,16,c3ed6ea78c7370fb5507be921e5ecd02d8cc083a22313f2b4572f6d7463b19ad,e500007801640500000000b316030000,,,,,False,,,,,,,,,,False,False
/poketool/waza/waza_tbl.narc,/poketool/waza/waza_tbl.narc!/member_00371,0,/poketool/waza/waza_tbl.narc,344,371,,9756,9772,5936,5952,16,03dcf99bd6eabf2a49263dd83d4292a58b01e73b8fbf06b07bed879cedda4349,e600003211640a000000003306000000,,,,,False,,,,,,,,,,False,False
/poketool/waza/waza_tbl.narc,/poketool/waza/waza_tbl.narc!/member_00372,0,/poketool/waza/waza_tbl.narc,344,372,,9772,9788,5952,5968,16,6bcec3bb9aa9bf0a21329b1eec236485ea9fcc95496d1fe5aac4929e52ac5ed7,e700003211640a00000000330f010000,,,,,False,,,,,,,,,,False,False
/poketool/waza/waza_tbl.narc,/poketool/waza/waza_tbl.narc!/member_00373,0,/poketool/waza/waza_tbl.narc,344,373,,9788,9804,5968,5984,16,3c60c341b18296bbbeffea0a6ed44a37c2cd4a4cc4c2d6f1bedf962093ea86bb,e800020011640f00000000120d020000,,,,,False,,,,,,,,,,False,False
/poketool/waza/waza_tbl.narc,/poketool/waza/waza_tbl.narc!/member_00374,0,/poketool/waza/waza_tbl.narc,344,374,,9804,9820,5984,6000,16,d28a68830fa86d6ad21d8c17d5de07ac3a16d23d56b9086668d4aeacf24f5f11,e900000111640a000000001217040000,,,,,False,,,,,,,,,,False,False
/poketool/waza/waza_tbl.narc,/poketool/waza/waza_tbl.narc!/member_00375,0,/poketool/waza/waza_tbl.narc,344,375,,9820,9836,6000,6016,16,f3b5d81391d5ec3ad0d14c63a2f73cb4b5044f5e7d477a778f1dcc6d9812a171,ea0002000e5a0a000000001210000000,,,,,False,,,,,,,,,,False,False
/poketool/waza/waza_tbl.narc,/poketool/waza/waza_tbl.narc!/member_00376,0,/poketool/waza/waza_tbl.narc,344,376,,9836,9852,6016,6032,16,d970181790ae8761984b28ee1cfcbae98705ad97b5c7673e3c6244464315c4b2,eb000101000005000000003315000000,,,,,False,,,,,,,,,,False,False
/poketool/waza/waza_tbl.narc,/poketool/waza/waza_tbl.narc!/member_00377,0,/poketool/waza/waza_tbl.narc,344,377,,9852,9868,6032,6048,16,c0a26f5e30e8b40a0c531abbda611e96017a1240f986e4f60616e5cc611853d1,ec0002000e640f00040000120d020000,,,,,False,,,,,,,,,,False,False
/poketool/waza/waza_tbl.narc,/poketool/waza/waza_tbl.narc!/member_00378,0,/poketool/waza/waza_tbl.narc,344,378,,9868,9884,6048,6064,16,9c95b05b9b73c163633380dedc56efccff069b55079cee63f1c5cb64ac72de51,ed000101006405000000003316030000,,,,,False,,,,,,,,,,False,False
/poketool/waza/waza_tbl.narc,/poketool/waza/waza_tbl.narc!/member_00379,0,/poketool/waza/waza_tbl.narc,344,379,,9884,9900,6064,6080,16,e4fe92a467c2ead4d72376050ae500095174e4e79a94b05ea7bfdfb440ea0efa,ee0002000e000a001000004010000000,,,,,False,,,,,,,,,,False,False
/poketool/waza/waza_tbl.narc,/poketool/waza/waza_tbl.narc!/member_00380,0,/poketool/waza/waza_tbl.narc,344,380,,9900,9916,6080,6096,16,ceb3b91bb1fd86dabf63fdb4652387245d7351217f730df536c025d543b14188,ef00020003640a00000000160d010000,,,,,False,,,,,,,,,,False,False
/poketool/waza/waza_tbl.narc,/poketool/waza/waza_tbl.narc!/member_00381,0,/poketool/waza/waza_tbl.narc,344,381,,9916,9932,6096,6112,16,dc1e73963bbc6d07482b9e7f5620436095b46968cea4ef780071c9457f229911,f000020000001e00200000400d020000,,,,,False,,,,,,,,,,False,False
/poketool/waza/waza_tbl.narc,/poketool/waza/waza_tbl.narc!/member_00382,0,/poketool/waza/waza_tbl.narc,344,382,,9932,9948,6112,6128,16,df6a38355c3393e24db8207f15ac27db09704a96793fd84986a1e0c5145c210a,f1000200000014000004000201020000,,,,,False,,,,,,,,,,False,False
/poketool/waza/waza_tbl.narc,/poketool/waza/waza_tbl.narc!/member_00383,0,/poketool/waza/waza_tbl.narc,344,383,,9948,9964,6128,6144,16,e96e1971e484bcea4c22038fba11dcedf8233fc9a51afb40e8be5fbbf2249a9d,f200020000001400010000000c000000,,,,,False,,,,,,,,,,False,False
/poketool/waza/waza_tbl.narc,/poketool/waza/waza_tbl.narc!/member_00384,0,/poketool/waza/waza_tbl.narc,344,384,,9964,9980,6144,6160,16,0028b608ae4970d0776ea14d50786ce1294ff1979a1f76870f9edb4e0040130f,f30002000e000a000000001210010000,,,,,False,,,,,,,,,,False,False
/poketool/waza/waza_tbl.narc,/poketool/waza/waza_tbl.narc!/member_00385,0,/poketool/waza/waza_tbl.narc,344,385,,9980,9996,6160,6176,16,7770e9f2717f7ece82cced60aae4bd0afc60e7f9c1193548b6ec7b6b2fc4d8f6,f40002000e000a000000001210020000,,,,,False,,,,,,,,,,False,False
/poketool/waza/waza_tbl.narc,/poketool/waza/waza_tbl.narc!/member_00386,0,/poketool/waza/waza_tbl.narc,344,386,,9996,10012,6176,6192,16,902058d7902b27381a8cc32b6358aec758845593774110c7b7429a3561f6a658,f5000001116405000000007317030000,,,,,False,,,,,,,,,,False,False
/poketool/waza/waza_tbl.narc,/poketool/waza/waza_tbl.narc!/member_00387,0,/poketool/waza/waza_tbl.narc,344,387,,10012,10028,6192,6208,16,40db30ab20479139a60dc996a4030c16839de911b4e15952b0381b228f8d2dda,f6000082006405000000003315020000,,,,,False,,,,,,,,,,False,False
/poketool/waza/waza_tbl.narc,/poketool/waza/waza_tbl.narc!/member_00388,0,/poketool/waza/waza_tbl.narc,344,388,,10028,10044,6208,6224,16,09661fe1deb42c1f369599c60a7e70fca26349de2bbf8be4c6888a89f2dba3cd,f70002000c640a000000001613010000,,,,,False,,,,,,,,,,False,False
/poketool/waza/waza_tbl.narc,/poketool/waza/waza_tbl.narc!/member_00389,0,/poketool/waza/waza_tbl.narc,344,389,,10044,10060,6224,6240,16,dfe2f8acffec0c477cea1768bc13c82f6ea637ea7dde1281fcb1b9de267ea25c,f8000050116405000000017301030000,,,,,False,,,,,,,,,,False,False
/poketool/waza/waza_tbl.narc,/poketool/waza/waza_tbl.narc!/member_00390,0,/poketool/waza/waza_tbl.narc,344,390,,10060,10076,6240,6256,16,5ce9a538b100de148fd6aef9951f03f464868f7c3170eb25f54b1270adffdbfc,f900020003001400800000400d030000,,,,,False,,,,,,,,,,False,False
/poketool/waza/waza_tbl.narc,/poketool/waza/waza_tbl.narc!/member_00391,0,/poketool/waza/waza_tbl.narc,344,391,,10076,10092,6256,6272,16,ff72ac579a48de4a3c963f31dc6701e596edfa6465b5c44c8d52d2f381123808,fa0002000e000a000000001210000000,,,,,False,,,,,,,,,,False,False
/poketool/waza/waza_tbl.narc,/poketool/waza/waza_tbl.narc!/member_00392,0,/poketool/waza/waza_tbl.narc,344,392,,10092,10108,6272,6288,16,83a851917c19ced19223374cb420bf5a0d47ff364b811fc1a9856ddce0f3bfeb,fb0002000b0014001000000008010000,,,,,False,,,,,,,,,,False,False
/poketool/waza/waza_tbl.narc,/poketool/waza/waza_tbl.narc!/member_00393,0,/poketool/waza/waza_tbl.narc,344,393,,10108,10124,6288,6304,16,a0e920356c102690aa775af2430514c5c8fbc42ba65ff215a760a8fcc2deb3fd,fc0002000d000a00100000000d020000,,,,,False,,,,,,,,,,False,False
/poketool/waza/waza_tbl.narc,/poketool/waza/waza_tbl.narc!/member_00394,0,/poketool/waza/waza_tbl.narc,344,394,,10124,10140,6304,6320,16,75a5d12cbe4469e53a22982ddef3e1171a71d21c4bef116322923193dccf89d7,fd0000780a640f0a0000009316030000,,,,,False,,,,,,,,,,False,False
/poketool/waza/waza_tbl.narc,/poketool/waza/waza_tbl.narc!/member_00395,0,/poketool/waza/waza_tbl.narc,344,395,,10140,10156,6320,6336,16,3a4cd52dace268b40241e9764c95105fa73a44864599751b0b79d4f328de8221,0600003c01640a1e0000003312000000,,,,,False,,,,,,,,,,False,False
/poketool/waza/waza_tbl.narc,/poketool/waza/waza_tbl.narc!/member_00396,0,/poketool/waza/waza_tbl.narc,344,396,,10156,10172,6336,6352,16,c23945ae7c78dc5cb8a9c04c6de9887ec082ae91d16b3fb1d3edacd142fb27de,1100015a01001400000000b211010000,,Nintendo LZ11,Probable,,True,Nintendo LZ11,Probable,True,5898496,False,,,,,False,False
/poketool/waza/waza_tbl.narc,/poketool/waza/waza_tbl.narc!/member_00397,0,/poketool/waza/waza_tbl.narc,344,397,,10172,10188,6352,6368,16,c78c9cc2fbd9f7b5171a9678718fec81c782df9b4a95980135144a683d33b53a,34000200050014001000000801040000,,,,,False,,,,,,,,,,False,False
/poketool/waza/waza_tbl.narc,/poketool/waza/waza_tbl.narc!/member_00398,0,/poketool/waza/waza_tbl.narc,344,398,,10188,10204,6368,6384,16,5fd9e84d5532badd4adac7e5172031f0a5ef7cb60385daaf5dfbf349f8acd454,020000500364141e0000003304030000,,,,,False,,,,,,,,,,False,False
/poketool/waza/waza_tbl.narc,/poketool/waza/waza_tbl.narc!/member_00399,0,/poketool/waza/waza_tbl.narc,344,399,,10204,10220,6384,6400,16,510439affe21f343b578d0fd938794a371027460cf84430382e11c4fa7a983a9,1f00015011640f140000003211000000,,,,,False,,,,,,,,,,False,False
/poketool/waza/waza_tbl.narc,/poketool/waza/waza_tbl.narc!/member_00400,0,/poketool/waza/waza_tbl.narc,344,400,,10220,10236,6400,6416,16,5f861411dfed2cff7f8ac24153b0cfe2c4a22b61bff38c0b5bf1576a41c08fc1,2b00004611640f000000003305010000,,,,,False,,,,,,,,,,False,False
/poketool/waza/waza_tbl.narc,/poketool/waza/waza_tbl.narc!/member_00401,0,/poketool/waza/waza_tbl.narc,344,401,,10236,10252,6416,6432,16,99abd77456b01a5a5842e7a9fe96c333f0121dda176108c3c1f133f84453d1c2,0000005a0b5a0a000000003305020000,,,,,False,,,,,,,,,,False,False
/poketool/waza/waza_tbl.narc,/poketool/waza/waza_tbl.narc!/member_00402,0,/poketool/waza/waza_tbl.narc,344,402,,10252,10268,6432,6448,16,61b56c717157f73760e32b1ddd72baddfc2ece976bb942758c99363e1999717d,000000500c640f000000003205030000,,,,,False,,,,,,,,,,False,False
/poketool/waza/waza_tbl.narc,/poketool/waza/waza_tbl.narc!/member_00403,0,/poketool/waza/waza_tbl.narc,344,403,,10268,10284,6448,6464,16,fdb205785bac5dc657faf2134410a44e00a82216fad307cda4308006c8f6ffea,1f00014b025f141e0000003211000000,,,,,False,,,,,,,,,,False,False
/poketool/waza/waza_tbl.narc,/poketool/waza/waza_tbl.narc!/member_00404,0,/poketool/waza/waza_tbl.narc,344,404,,10284,10300,6464,6480,16,9875d594f85c855c76ce5d260591e73658ece974cdd75b186321f7d70a2a759d,0000005006640f000000003311010000,,,,,False,,,,,,,,,,False,False
/poketool/waza/waza_tbl.narc,/poketool/waza/waza_tbl.narc!/member_00405,0,/poketool/waza/waza_tbl.narc,344,405,,10300,10316,6480,6496,16,d2a71e78294ce9921f97edcebe85db139f3e1343a45836cade53554c9a69fd82,4800015a06640a0a0000001204020000,,,,,False,,,,,,,,,,False,False
/poketool/waza/waza_tbl.narc,/poketool/waza/waza_tbl.narc!/member_00406,0,/poketool/waza/waza_tbl.narc,344,406,,10316,10332,6496,6512,16,532fd529e7c88344e82ddf1fe94a2d11462bb6aa88bc0c1c09048a7dfacddca7,0000015a10640a000000003204030000,,,,,False,,,,,,,,,,False,False
/poketool/waza/waza_tbl.narc,/poketool/waza/waza_tbl.narc!/member_00407,0,/poketool/waza/waza_tbl.narc,344,407,,10332,10348,6512,6528,16,2394db77154126b9e37be07a87acbf69beffa27579883d0b3aca5d8321ec2dd7,1f000064104b0a140000003312000000,,,,,False,,,,,,,,,,False,False
/poketool/waza/waza_tbl.narc,/poketool/waza/waza_tbl.narc!/member_00408,0,/poketool/waza/waza_tbl.narc,344,408,,10348,10364,6528,6544,16,c8c8d6caebb4823151666a5955b4524ef9dbe2475766747ab5cb49666924b976,00000146056414000000003205010000,,,,,False,,,,,,,,,,False,False
/poketool/waza/waza_tbl.narc,/poketool/waza/waza_tbl.narc!/member_00409,0,/poketool/waza/waza_tbl.narc,344,409,,10364,10380,6544,6560,16,05ca31a2899f2b4448c5720ed7c9d5684bd7079f2c286d47892792b99a1a710d,0300003c016405000000003314010000,,,,,False,,,,,,,,,,False,False
/poketool/waza/waza_tbl.narc,/poketool/waza/waza_tbl.narc!/member_00410,0,/poketool/waza/waza_tbl.narc,344,410,,10380,10396,6560,6576,16,0ec24d0050519e98c05a7dfe4ff5426bcbd0c99ed2bc52f73ac376c59338426a,6700012801641e000000013201030000,,,,,False,,,,,,,,,,False,False
/poketool/waza/waza_tbl.narc,/poketool/waza/waza_tbl.narc!/member_00411,0,/poketool/waza/waza_tbl.narc,344,411,,10396,10412,6576,6592,16,cc51abedb0ce30223e8660ebc0e3e13f47a42b3567a46c33f199fe65e8d02004,480001780146050a0000009211000000,,,,,False,,,,,,,,,,False,False
/poketool/waza/waza_tbl.narc,/poketool/waza/waza_tbl.narc!/member_00412,0,/poketool/waza/waza_tbl.narc,344,412,,10412,10428,6592,6608,16,dcecfc01b74593d597d8fceb040c17ab5add8abd692b887f74de9c5e66336ad5,480001500c640a0a0000001211010000,,,,,False,,,,,,,,,,False,False
/poketool/waza/waza_tbl.narc,/poketool/waza/waza_tbl.narc!/member_00413,0,/poketool/waza/waza_tbl.narc,344,413,,10428,10444,6608,6624,16,d1415a4a43c890eeb3ea0f82e8cd6fea12b04965be1e19ecc41cd7b550a0349f,c600007802640f00000000b312020000,,,,,False,,,,,,,,,,False,False
/poketool/waza/waza_tbl.narc,/poketool/waza/waza_tbl.narc!/member_00414,0,/poketool/waza/waza_tbl.narc,344,414,,10444,10460,6624,6640,16,cf2ef9bfe4912a328156741c45accc49d1df72a80a964762029d6cafde076018,4800015a04640a0a0000003212030000,,,,,False,,,,,,,,,,False,False
/poketool/waza/waza_tbl.narc,/poketool/waza/waza_tbl.narc!/member_00415,0,/poketool/waza/waza_tbl.narc,344,415,,10460,10476,6640,6656,16,56bc78c3aaab05ef35ea1864384606c34eaca14b7721e5886e72dcb718a01097,b100020011640a00000000120c000000,,,,,False,,,,,,,,,,False,False
/poketool/waza/waza_tbl.narc,/poketool/waza/waza_tbl.narc!/member_00416,0,/poketool/waza/waza_tbl.narc,344,416,,10476,10492,6656,6672,16,ff728f2c6320116d2d13f8e5049fd309bfdb3a77f30068f323912e04d5e8659e,50000096005a0500000000b316010000,,,,,False,,,,,,,,,,False,False
/poketool/waza/waza_tbl.narc,/poketool/waza/waza_tbl.narc!/member_00417,0,/poketool/waza/waza_tbl.narc,344,417,,10492,10508,6672,6688,16,1a5260f86484184bc18a029e00646d672db5586a43f042997b9f9fecddf55fe5,3500020011001400100000480b020000,,,,,False,,,,,,,,,,False,False
/poketool/waza/waza_tbl.narc,/poketool/waza/waza_tbl.narc!/member_00418,0,/poketool/waza/waza_tbl.narc,344,418,,10508,10524,6688,6704,16,c352f6f30943b17b002b0847f90b7b3e3b5afb00be50daac289f2e1aee93efa5,6700002808641e000000017301030000,,,,,False,,,,,,,,,,False,False
/poketool/waza/waza_tbl.narc,/poketool/waza/waza_tbl.narc!/member_00419,0,/poketool/waza/waza_tbl.narc,344,419,,10524,10540,6704,6720,16,620141fdf55e70ded637530a860884746a6525bbcad5c14286b8f0b8510a87ed,b900003c0f640a000000fc330f000000,,,,,False,,,,,,,,,,False,False
/poketool/waza/waza_tbl.narc,/poketool/waza/waza_tbl.narc!/member_00420,0,/poketool/waza/waza_tbl.narc,344,420,,10540,10556,6720,6736,16,f0a5acec9d6d34a4a726c027b0d81dc3aad611e0429d1f2f3fc86453b73cf093,670000280f641e000000013201010000,,,,,False,,,,,,,,,,False,False
/poketool/waza/waza_tbl.narc,/poketool/waza/waza_tbl.narc!/member_00421,0,/poketool/waza/waza_tbl.narc,344,421,,10556,10572,6736,6752,16,e6d4398b19f1cc08cb39b98cf8b5a3ccfefaa7ab3b20cd746c795590c17733ac,2b00004607640f000000007311020000,,,,,False,,,,,,,,,,False,False
/poketool/waza/waza_tbl.narc,/poketool/waza/waza_tbl.narc!/member_00422,0,/poketool/waza/waza_tbl.narc,344,422,,10572,10588,6752,6768,16,bfd95fcef57d12535226d2b01c45b233b0f560d8889a3dfbe7271a58aee2be2a,130100410d5f0f0a0000003305030000,,,,,False,,,,,,,,,,False,False
/poketool/waza/waza_tbl.narc,/poketool/waza/waza_tbl.narc!/member_00423,0,/poketool/waza/waza_tbl.narc,344,423,,10588,10604,6768,6784,16,0e8ea26f120896f0b869f7aab9fdc538ec4b33a485ad8a41b8c96ff0f6289643,120100410f5f0f0a0000003305000000,,,,,False,,,,,,,,,,False,False
/poketool/waza/waza_tbl.narc,/poketool/waza/waza_tbl.narc!/member_00424,0,/poketool/waza/waza_tbl.narc,344,424,,10604,10620,6784,6800,16,4821889c95800f015ede24d8fb6c2b46c2c813db4d536b4bc8b0a830b31b483c,110100410a5f0f0a0000003305010000,,Nintendo LZ11,Probable,,True,Nintendo LZ11,Probable,True,4259841,False,,,,,False,False
/poketool/waza/waza_tbl.narc,/poketool/waza/waza_tbl.narc!/member_00425,0,/poketool/waza/waza_tbl.narc,344,425,,10620,10636,6800,6816,16,445735cbc0381234a4ca5792ed4130be290255da1ea1710cc4f54554f92281c0,6700002807641e000000013301030000,,,,,False,,,,,,,,,,False,False
/poketool/waza/waza_tbl.narc,/poketool/waza/waza_tbl.narc!/member_00426,0,/poketool/waza/waza_tbl.narc,344,426,,10636,10652,6816,6832,16,ee7f5ea4a3e11e0996669b469664140ad40566944ffe7698d1ac95704006a892,4900014104550a1e0000003212030000,,,,,False,,,,,,,,,,False,False
/poketool/waza/waza_tbl.narc,/poketool/waza/waza_tbl.narc!/member_00427,0,/poketool/waza/waza_tbl.narc,344,427,,10652,10668,6832,6848,16,322dae740265aad7d7eab624ae09151c8fcd7fd834c0c9f3e5bc08c1c4a58d0a,2b0000460e6414000000003211000000,,,,,False,,,,,,,,,,False,False
/poketool/waza/waza_tbl.narc,/poketool/waza/waza_tbl.narc!/member_00428,0,/poketool/waza/waza_tbl.narc,344,428,,10668,10684,6848,6864,16,0ed6ae9dc85f896f8d3d6caecf6313cd355ac3c78e9b3ef1251abd115c9f3736,1f0000500e5a0f140000003312010000,,,,,False,,,,,,,,,,False,False
/poketool/waza/waza_tbl.narc,/poketool/waza/waza_tbl.narc!/member_00429,0,/poketool/waza/waza_tbl.narc,344,429,,10684,10700,6864,6880,16,6e633a2a448d82c825cceceb3eb44fd1edd7b8726888e87fb899ddbfacdbb3ee,4900014108550a1e0000003211020000,,,,,False,,,,,,,,,,False,False
/poketool/waza/waza_tbl.narc,/poketool/waza/waza_tbl.narc!/member_00430,0,/poketool/waza/waza_tbl.narc,344,430,,10700,10716,6880,6896,16,38fdfdd95503c4b5e3d75541e8c1f35de4fba5475ba2fe635b113e45aac199db,4800015008640a0a0000003211030000,,,,,False,,,,,,,,,,False,False
/poketool/waza/waza_tbl.narc,/poketool/waza/waza_tbl.narc!/member_00431,0,/poketool/waza/waza_tbl.narc,344,431,,10716,10732,6896,6912,16,6c91dcb9b7a44f9c4cfa6c6d9fa39f0e01663d6651ad2f70aebc7304d0e05658,4c00005a005514140000003312000000,,,,,False,,,,,,,,,,False,False
/poketool/waza/waza_tbl.narc,/poketool/waza/waza_tbl.narc!/member_00432,0,/poketool/waza/waza_tbl.narc,344,432,,10732,10748,6912,6928,16,a6f96366d8c5789fd35b420d186a48d55278d36f58f94702f3c17ce555a61ca1,0201020002000f00000000120d010000,,,,,False,,,,,,,,,,False,False
/poketool/waza/waza_tbl.narc,/poketool/waza/waza_tbl.narc!/member_00433,0,/poketool/waza/waza_tbl.narc,344,433,,10748,10764,6928,6944,16,555d58be9ae039f69c7a8b2badc177b9ed7784e1e0ec11951a86145a52599700,030102000e0005004000f9100e020000,,,,,False,,,,,,,,,,False,False
/poketool/waza/waza_tbl.narc,/poketool/waza/waza_tbl.narc!/member_00434,0,/poketool/waza/waza_tbl.narc,344,434,,10764,10780,6944,6960,16,6fbdaf71f5e45acf4a1da0a17cfea3c5ef12dd5423bd69430e5987c203631a0e,cc00018c105a05640000003216030000,,,,,False,,,,,,,,,,False,False
/poketool/waza/waza_tbl.narc,/poketool/waza/waza_tbl.narc!/member_00435,0,/poketool/waza/waza_tbl.narc,344,435,,10780,10796,6960,6976,16,39f2d5e627939f662789bdb45df1c5c74e728fb192670be4cfe49a4bcfa964d8,060001500d640f1e0800003211000000,,,,,False,,,,,,,,,,False,False
/poketool/waza/waza_tbl.narc,/poketool/waza/waza_tbl.narc!/member_00436,0,/poketool/waza/waza_tbl.narc,344,436,,10796,10812,6976,6992,16,a86e053a6eeed9c83d5fbacd541e551dc558015960957a1bdea6bce11a081f4b,040001500a640f1e0800003211040000,,,,,False,,,,,,,,,,False,False
/poketool/waza/waza_tbl.narc,/poketool/waza/waza_tbl.narc!/member_00437,0,/poketool/waza/waza_tbl.narc,344,437,,10812,10828,6992,7008,16,c3d0d1c9954ed4d6ea4ad14341847b02e2f77538845748060de1855760ff889e,cc00018c0c5a0564000000b216020000,,,,,False,,,,,,,,,,False,False
/poketool/waza/waza_tbl.narc,/poketool/waza/waza_tbl.narc!/member_00438,0,/poketool/waza/waza_tbl.narc,344,438,,10828,10844,7008,7024,16,f1a2689eb4871558a07467d2cc1d9103e845013b04affc551c9a24852c779755,000000780c550a00000000b305010000,,,,,False,,,,,,,,,,False,False
/poketool/waza/waza_tbl.narc,/poketool/waza/waza_tbl.narc!/member_00439,0,/poketool/waza/waza_tbl.narc,344,439,,10844,10860,7024,7040,16,3c0acbaa3cf469ecfde8c9a023851d9afb79a6106e5d69ba0d43e1c56a496e82,50000096055a0500000000b216040000,,,,,False,,,,,,,,,,False,False
/poketool/waza/waza_tbl.narc,/poketool/waza/waza_tbl.narc!/member_00440,0,/poketool/waza/waza_tbl.narc,344,440,,10860,10876,7040,7056,16,b39dc64c312f7b27fc9446b8c6ad2c1e3d18c05da1fa89368910538455d54e6f,d10000460364140a0000003305000000,,,,,False,,,,,,,,,,False,False
/poketool/waza/waza_tbl.narc,/poketool/waza/waza_tbl.narc!/member_00441,0,/poketool/waza/waza_tbl.narc,344,441,,10876,10892,7056,7072,16,187b63b7e1cfccda7607d5f6d74166da8460657982a12f52e4ac179e318d2f00,020000780346051e000000b205000000,,,,,False,,,,,,,,,,False,False
/poketool/waza/waza_tbl.narc,/poketool/waza/waza_tbl.narc!/member_00442,0,/poketool/waza/waza_tbl.narc,344,442,,10892,10908,7072,7088,16,2ff1843b9e442d8b778030a807915994b9f211e3a576422ac509d0badc0d02a3,1f00005008640f1e0000003312040000,,,,,False,,,,,,,,,,False,False
/poketool/waza/waza_tbl.narc,/poketool/waza/waza_tbl.narc!/member_00443,0,/poketool/waza/waza_tbl.narc,344,443,,10908,10924,7088,7104,16,e5f343f17dc8c7846b7512b3b6bdd18470221330fb7b07aeeed8b6f7f895d8e5,1100003c080014000000003205000000,,Nintendo LZ11,Probable,,True,Nintendo LZ11,Probable,True,3932160,False,,,,,False,False
/poketool/waza/waza_tbl.narc,/poketool/waza/waza_tbl.narc!/member_00444,0,/poketool/waza/waza_tbl.narc,344,444,,10924,10940,7104,7120,16,940ccd7dbe7d85af4a67c44001a5e0755a26e926e1a3d2200a50a1c3a940445a,2b000064055005000000003204040000,,,,,False,,,,,,,,,,False,False
/poketool/waza/waza_tbl.narc,/poketool/waza/waza_tbl.narc!/member_00445,0,/poketool/waza/waza_tbl.narc,344,445,,10940,10956,7120,7136,16,60e6c73482947e2030138453746e6561f4c982cf78cfd0b957da426905744267,09010200006414000400005613010000,,,,,False,,,,,,,,,,False,False
/poketool/waza/waza_tbl.narc,/poketool/waza/waza_tbl.narc!/member_00446,0,/poketool/waza/waza_tbl.narc,344,446,,10956,10972,7136,7152,16,5cc2e93c97ba28d8a0ac806e120af68e686bb5da07bbd3b9ddee651b672f095d,0a01020005001400800000000d000000,,,,,False,,,,,,,,,,False,False
/poketool/waza/waza_tbl.narc,/poketool/waza/waza_tbl.narc!/member_00447,0,/poketool/waza/waza_tbl.narc,344,447,,10972,10988,7152,7168,16,68777889aa565808bf6cccefd7dbce34389e18a6c7016f156835a442bdd74bc8,c40001010c6414000000007304030000,,,,,False,,,,,,,,,,False,False
/poketool/waza/waza_tbl.narc,/poketool/waza/waza_tbl.narc!/member_00448,0,/poketool/waza/waza_tbl.narc,344,448,,10988,11004,7168,7184,16,a7e53e529f1b1e3cf363a25299d8fe877e6030bcd583018de9daace76b45eebb,0b01013c026414000000004217030000,,,,,False,,,,,,,,,,False,False
/poketool/waza/waza_tbl.narc,/poketool/waza/waza_tbl.narc!/member_00449,0,/poketool/waza/waza_tbl.narc,344,449,,11004,11020,7184,7200,16,6588357aea688965b621b1b690c0df015ec699da1f0423335e241dff844995bc,0c01016400640a00000000320e030000,,,,,False,,,,,,,,,,False,False
/poketool/waza/waza_tbl.narc,/poketool/waza/waza_tbl.narc!/member_00450,0,/poketool/waza/waza_tbl.narc,344,450,,11020,11036,7200,7216,16,32bcc1e955595a7909791b4484917c6b197f69cba974f93f1275bbf89fe3b9b9,e000003c06641400000000730c040000,,,,,False,,,,,,,,,,False,False
/poketool/waza/waza_tbl.narc,/poketool/waza/waza_tbl.narc!/member_00451,0,/poketool/waza/waza_tbl.narc,344,451,,11036,11052,7216,7232,16,9083209f6ebead07e5858e89f7863696964748b87c858ecc5abf869e7a75451a,140101320d5a0a460000003211010000,,,,,False,,,,,,,,,,False,False
/poketool/waza/waza_tbl.narc,/poketool/waza/waza_tbl.narc!/member_00452,0,/poketool/waza/waza_tbl.narc,344,452,,11052,11068,7232,7248,16,e9fe65e38f8b6eb84a7c5b268a7e29675f84932c74a36a842dae89aa4bee77f0,c60000780c640f000000003312040000,,,,,False,,,,,,,,,,False,False
/poketool/waza/waza_tbl.narc,/poketool/waza/waza_tbl.narc!/member_00453,0,/poketool/waza/waza_tbl.narc,344,453,,11068,11084,7248,7264,16,9982ff93a982eb9e1f82ea34af8533776841651b49795d94f176e73b5898e224,670000280b6414000000013301010000,,,,,False,,,,,,,,,,False,False
/poketool/waza/waza_tbl.narc,/poketool/waza/waza_tbl.narc!/member_00454,0,/poketool/waza/waza_tbl.narc,344,454,,11084,11100,7264,7280,16,1ace424d8c21ab5904633118021ab6af751f15ec97acd2e66e1e04a2b696f21f,2b00005a06640f000000003204030000,,,,,False,,,,,,,,,,False,False
/poketool/waza/waza_tbl.narc,/poketool/waza/waza_tbl.narc!/member_00455,0,/poketool/waza/waza_tbl.narc,344,455,,11100,11116,7280,7296,16,2745d84cbe6f6ef2de3c7af9c2710d357ffe86e456ed118e8ca990b173618163,ce00020006000a00100000080b030000,,,,,False,,,,,,,,,,False,False
/poketool/waza/waza_tbl.narc,/poketool/waza/waza_tbl.narc!/member_00456,0,/poketool/waza/waza_tbl.narc,344,456,,11116,11132,7296,7312,16,8674c0790cfa63907a92d1940ae5835030dccb130a3ca42c0a4639d09ec8ac66,2000020006000a001000000808030000,,Nintendo Huffman,Probable,,True,Nintendo Huffman,Probable,False,512,,,,,,False,False
/poketool/waza/waza_tbl.narc,/poketool/waza/waza_tbl.narc!/member_00457,0,/poketool/waza/waza_tbl.narc,344,457,,11132,11148,7312,7328,16,a986048ac167672b9b19867c106e3edf2c6615d55d545e07d60ff8b78f2b7989,0d01009605500500000000b316040000,,,,,False,,,,,,,,,,False,False
/poketool/waza/waza_tbl.narc,/poketool/waza/waza_tbl.narc!/member_00458,0,/poketool/waza/waza_tbl.narc,344,458,,11148,11164,7328,7344,16,28c46de50a7271fda675ca24f941cdac8944f1303fdd58353784b448a091f194,2c000023005a0a000000003307030000,,,,,False,,,,,,,,,,False,False
/poketool/waza/waza_tbl.narc,/poketool/waza/waza_tbl.narc!/member_00459,0,/poketool/waza/waza_tbl.narc,344,459,,11164,11180,7344,7360,16,9efa55b99cff4d05a14f0310293706fb2c7d9b5dd01ff65c371c7de8981a28fa,50000196105a05000000003216000000,,,,,False,,,,,,,,,,False,False
/poketool/waza/waza_tbl.narc,/poketool/waza/waza_tbl.narc!/member_00460,0,/poketool/waza/waza_tbl.narc,344,460,,11180,11196,7360,7376,16,9511e2774c3a392bb9dcb0deb35ddc8851fa12473160ae52042026e9ddc6bf2e,2b000164105f0500000000b204040000,,,,,False,,,,,,,,,,False,False
/poketool/waza/waza_tbl.narc,/poketool/waza/waza_tbl.narc!/member_00461,0,/poketool/waza/waza_tbl.narc,344,461,,11196,11212,7376,7392,16,f59352c6bd6dae48d091651171f41710ab0c69bd98883cf9b56ed7cda8fe5084,0e0102000e000a001000008008010000,,,,,False,,,,,,,,,,False,False
/poketool/waza/waza_tbl.narc,/poketool/waza/waza_tbl.narc!/member_00462,0,/poketool/waza/waza_tbl.narc,344,462,,11212,11228,7392,7408,16,d1d0d4ed923b885b86848b144ccc6dae3532a4125bbc4da5ff9133f1be7da14a,ed00000100640500000000330f040000,,,,,False,,,,,,,,,,False,False
/poketool/waza/waza_tbl.narc,/poketool/waza/waza_tbl.narc!/member_00463,0,/poketool/waza/waza_tbl.narc,344,463,,11228,11244,7408,7424,16,331802f4857462536f11e24a44b2729d7da453097662153fb5d03c5ee49d392f,2a0001780a460500000000b207040000,,,,,False,,,,,,,,,,False,False
/poketool/waza/waza_tbl.narc,/poketool/waza/waza_tbl.narc!/member_00464,0,/poketool/waza/waza_tbl.narc,344,464,,11244,11260,7424,7440,16,602661ea18510a797ca054311942fb5135a78202cc6669258986233dcf8ff423,0100020011500a000400009613030000,,,,,False,,,,,,,,,,False,False
/poketool/waza/waza_tbl.narc,/poketool/waza/waza_tbl.narc!/member_00465,0,/poketool/waza/waza_tbl.narc,344,465,,11260,11276,7440,7456,16,32fef283403f10d948ff15d8e2f0a8333fc09b2047d1e1bce02923acae8821cc,0f0101780c550528000000b216000000,,,,,False,,,,,,,,,,False,False
/poketool/waza/waza_tbl.narc,/poketool/waza/waza_tbl.narc!/member_00466,0,/poketool/waza/waza_tbl.narc,344,466,,11276,11292,7456,7472,16,4bfb4e9c94e119b7381c48ff08eeb39c9307f2b125e72dde941bbda6c31f1c46,8c00013c0764050a000000320b030000,,,,,False,,,,,,,,,,False,False
/poketool/waza/waza_tbl.narc,/poketool/waza/waza_tbl.narc!/member_00467,0,/poketool/waza/waza_tbl.narc,344,467,,11292,11308,7472,7488,16,4ba24af115cb5a9cec32173df7f65e51c1d049c4f8485c08c52fed0458633062,10010078076405000000003116030000,,Nintendo LZ10,Probable,,True,Nintendo LZ10,Probable,True,7864321,False,,,,,False,False
/poketool/waza/waza_tbl.narc,/poketool/waza/waza_tbl.narc!/member_00468,0,/poketool/waza/waza_tbl.narc,344,468,,11308,11324,7488,7504,16,32dc3d8fd4f81daa0463a2fbbc38b2322614becc0ab07c999cfcf1c9f66cd3d0,0000016400640a000000003210010000,,,,,False,,,,,,,,,,False,False
/poketool/waza/waza_tbl.narc,/poketool/waza/waza_tbl.narc!/member_00469,0,/poketool/waza/waza_tbl.narc,344,469,,11324,11340,7504,7520,16,51a749e47670eb82ea3779dfaaecdd1838a0e7c17fbc33740659d817c8dffeff,0000016400640a000000003211020000,,,,,False,,,,,,,,,,False,False
/poketool/waza/waza_tbl.narc,/poketool/waza/waza_tbl.narc!/member_00470,0,/poketool/waza/waza_tbl.narc,344,470,,11340,11356,7520,7536,16,ecc426597c558670337a07c39e35ed88b7d85f7ffc968ca11ac9045767f42a5d,0000016400640a000000003212030000,,,,,False,,,,,,,,,,False,False
/resource/eng/trial/trial.narc,/resource/eng/trial/trial.narc!/member_00000,0,/resource/eng/trial/trial.narc,345,0,,116,668,0,552,552,1b418d06080ef5a0d3a76a59c912fcd2a2c4c5b4435417f61ea1f6243e5eeba4,524c434efffe00012802000010000100,,NCLR palette,Confirmed,True,False,,,,,,,,,,False,False
/resource/eng/trial/trial.narc,/resource/eng/trial/trial.narc!/member_00001,0,/resource/eng/trial/trial.narc,345,1,,668,25308,552,25192,24640,e14d139c38f06dd5998e5d715827abb4eb7d8eb6e242b6be2d86da0d2a4fc5f5,5247434efffe01014060000010000200,,NCGR graphics,Confirmed,True,False,,,,,,,,,,False,False
/resource/eng/trial/trial.narc,/resource/eng/trial/trial.narc!/member_00002,0,/resource/eng/trial/trial.narc,345,2,,25308,27392,25192,27276,2084,2b584e5a53799e2fc81c34bebac184543ac0088a76f06a37c6131c870050f55b,5243534efffe00012408000010000100,,NSCR screen map,Confirmed,True,False,,,,,,,,,,False,False
/resource/eng/trial/trial.narc,/resource/eng/trial/trial.narc!/member_00003,0,/resource/eng/trial/trial.narc,345,3,,27392,27944,27276,27828,552,936819da8fe08b1035408f6cca5ee54ceec6562e82a2d700a11495ae0f8b141e,524c434efffe00012802000010000100,,NCLR palette,Confirmed,True,False,,,,,,,,,,False,False
/resource/eng/trial/trial.narc,/resource/eng/trial/trial.narc!/member_00004,0,/resource/eng/trial/trial.narc,345,4,,27944,52584,27828,52468,24640,76b3310ff8d83b575316134c91957e65747792ea1e4ddb8c2838a3c25935ed9e,5247434efffe01014060000010000200,,NCGR graphics,Confirmed,True,False,,,,,,,,,,False,False
/resource/eng/trial/trial.narc,/resource/eng/trial/trial.narc!/member_00005,0,/resource/eng/trial/trial.narc,345,5,,52584,54668,52468,54552,2084,2b584e5a53799e2fc81c34bebac184543ac0088a76f06a37c6131c870050f55b,5243534efffe00012408000010000100,,NSCR screen map,Confirmed,True,False,,,,,,,,,,False,False
/resource/eng/trial/trial.narc,/resource/eng/trial/trial.narc!/member_00006,0,/resource/eng/trial/trial.narc,345,6,,54668,55220,54552,55104,552,7261cd15dad5d63c21966bb6b82be3f2e0849dccb0b7d77e6854fa44d98a14f4,524c434efffe00012802000010000100,,NCLR palette,Confirmed,True,False,,,,,,,,,,False,False
/resource/eng/trial/trial.narc,/resource/eng/trial/trial.narc!/member_00007,0,/resource/eng/trial/trial.narc,345,7,,55220,56292,55104,56176,1072,d6b4b93c746ddda5672f14773749f493c23bf22327c93e834aa524a803be2224,5247434efffe01013004000010000100,,NCGR graphics,Confirmed,True,False,,,,,,,,,,False,False
/resource/eng/zukan/zukan.narc,/resource/eng/zukan/zukan.narc!/member_00000,0,/resource/eng/zukan/zukan.narc,346,0,,1092,1644,0,552,552,895c929c091efd94e5ec6a33036a6f3d088deee51794a027dd99f8bd796f2d3e,524c434efffe00012802000010000100,,NCLR palette,Confirmed,True,False,,,,,,,,,,False,False
/resource/eng/zukan/zukan.narc,/resource/eng/zukan/zukan.narc!/member_00001,0,/resource/eng/zukan/zukan.narc,346,1,,1644,2196,552,1104,552,d9a23a4be29bfebe764b69985c9ab896f5d374bf18a96b342041eb6319d6cfe3,524c434efffe00012802000010000100,,NCLR palette,Confirmed,True,False,,,,,,,,,,False,False
/resource/eng/zukan/zukan.narc,/resource/eng/zukan/zukan.narc!/member_00002,0,/resource/eng/zukan/zukan.narc,346,2,,2196,2748,1104,1656,552,fa17ec1d82e37fc63298c9933fee657970dc693fc1fdb76315d0e9684f2ed80a,524c434efffe00012802000010000100,,NCLR palette,Confirmed,True,False,,,,,,,,,,False,False
/resource/eng/zukan/zukan.narc,/resource/eng/zukan/zukan.narc!/member_00003,0,/resource/eng/zukan/zukan.narc,346,3,,2748,3300,1656,2208,552,01104871db6c9212803c3c534344721a67de5087c7cbb0ac62f610b80382d6a1,524c434efffe00012802000010000100,,NCLR palette,Confirmed,True,False,,,,,,,,,,False,False
/resource/eng/zukan/zukan.narc,/resource/eng/zukan/zukan.narc!/member_00004,0,/resource/eng/zukan/zukan.narc,346,4,,3300,3852,2208,2760,552,52f97c7cc185bee3d7317677be4de9e4e1fc9fd5f62d568bd89afbde4782e7e3,524c434efffe00012802000010000100,,NCLR palette,Confirmed,True,False,,,,,,,,,,False,False
/resource/eng/zukan/zukan.narc,/resource/eng/zukan/zukan.narc!/member_00005,0,/resource/eng/zukan/zukan.narc,346,5,,3852,4404,2760,3312,552,0320e97823219bc46e708dde03a9548d8c739868aa789de7676cf016d2bb6173,524c434efffe00012802000010000100,,NCLR palette,Confirmed,True,False,,,,,,,,,,False,False
/resource/eng/zukan/zukan.narc,/resource/eng/zukan/zukan.narc!/member_00006,0,/resource/eng/zukan/zukan.narc,346,6,,4404,4956,3312,3864,552,be93bdcdbafc03d7305ab28ee697a333d810b17e19e7ed472c9b477322b446bb,524c434efffe00012802000010000100,,NCLR palette,Confirmed,True,False,,,,,,,,,,False,False
/resource/eng/zukan/zukan.narc,/resource/eng/zukan/zukan.narc!/member_00007,0,/resource/eng/zukan/zukan.narc,346,7,,4956,5508,3864,4416,552,00002254c9ecaaad80abf2e9d923e932d77b80d9e6af06f7cf451e67b9edbb83,524c434efffe00012802000010000100,,NCLR palette,Confirmed,True,False,,,,,,,,,,False,False
/resource/eng/zukan/zukan.narc,/resource/eng/zukan/zukan.narc!/member_00008,0,/resource/eng/zukan/zukan.narc,346,8,,5508,6060,4416,4968,552,ff46f1d25ec5e924a89012c9b45e112d099001beb7039c37bcc96d72cd231e54,524c434efffe00012802000010000100,,NCLR palette,Confirmed,True,False,,,,,,,,,,False,False
/resource/eng/zukan/zukan.narc,/resource/eng/zukan/zukan.narc!/member_00009,0,/resource/eng/zukan/zukan.narc,346,9,,6060,6612,4968,5520,552,b3cbbfe63b44e583c497b13bc8a6187cbae7ed3dbdeedf8b1b743abb9759565e,524c434efffe00012802000010000100,,NCLR palette,Confirmed,True,False,,,,,,,,,,False,False
/resource/eng/zukan/zukan.narc,/resource/eng/zukan/zukan.narc!/member_00010,0,/resource/eng/zukan/zukan.narc,346,10,,6612,7164,5520,6072,552,d2aa0456445049bd14610e7d9ff058cd6ea2cba72a3177f50a2451236f8b2269,524c434efffe00012802000010000100,,NCLR palette,Confirmed,True,False,,,,,,,,,,False,False
/resource/eng/zukan/zukan.narc,/resource/eng/zukan/zukan.narc!/member_00011,0,/resource/eng/zukan/zukan.narc,346,11,,7164,7716,6072,6624,552,285c5211d32fe221c5004584538ca33110e7e67cc0d551b921fa51f91218ab87,524c434efffe00012802000010000100,,NCLR palette,Confirmed,True,False,,,,,,,,,,False,False
/resource/eng/zukan/zukan.narc,/resource/eng/zukan/zukan.narc!/member_00012,0,/resource/eng/zukan/zukan.narc,346,12,,7716,8268,6624,7176,552,6a31cc370e3de580fede9f7dfa9912a34595917f049e16c81926a077373f6682,524c434efffe00012802000010000100,,NCLR palette,Confirmed,True,False,,,,,,,,,,False,False
/resource/eng/zukan/zukan.narc,/resource/eng/zukan/zukan.narc!/member_00013,0,/resource/eng/zukan/zukan.narc,346,13,,8268,8820,7176,7728,552,d4295aa673e98697a9a402469eae9e4a3a4a93071658acfab0e4c57007642f6e,524c434efffe00012802000010000100,,NCLR palette,Confirmed,True,False,,,,,,,,,,False,False
/resource/eng/zukan/zukan.narc,/resource/eng/zukan/zukan.narc!/member_00014,0,/resource/eng/zukan/zukan.narc,346,14,,8820,9372,7728,8280,552,69182df901b7a4d6008c2731320dc42aa92818d820acaaef0cffd63882aa3cec,524c434efffe00012802000010000100,,NCLR palette,Confirmed,True,False,,,,,,,,,,False,False
/resource/eng/zukan/zukan.narc,/resource/eng/zukan/zukan.narc!/member_00015,0,/resource/eng/zukan/zukan.narc,346,15,,9372,9924,8280,8832,552,c4f409db2c4ef01e8fb959eb3e71c47e708b9b0b44990e1ea605b1688c1e978a,524c434efffe00012802000010000100,,NCLR palette,Confirmed,True,False,,,,,,,,,,False,False
/resource/eng/zukan/zukan.narc,/resource/eng/zukan/zukan.narc!/member_00016,0,/resource/eng/zukan/zukan.narc,346,16,,9924,10476,8832,9384,552,a9d1aac95661e871cfa239ecdebf65e13adc4149aa001677b3333c79b1536a0e,524c434efffe00012802000010000100,,NCLR palette,Confirmed,True,False,,,,,,,,,,False,False
/resource/eng/zukan/zukan.narc,/resource/eng/zukan/zukan.narc!/member_00017,0,/resource/eng/zukan/zukan.narc,346,17,,10476,11028,9384,9936,552,c11654545850f912cea60cbdf1ae7f5de108f9026aa73a3c85e8dc890b280055,524c434efffe00012802000010000100,,NCLR palette,Confirmed,True,False,,,,,,,,,,False,False
/resource/eng/zukan/zukan.narc,/resource/eng/zukan/zukan.narc!/member_00018,0,/resource/eng/zukan/zukan.narc,346,18,,11028,11580,9936,10488,552,f5693d874530be71b6069b2f666ffab3078d6b92a31224c2c98e944c049f54da,524c434efffe00012802000010000100,,NCLR palette,Confirmed,True,False,,,,,,,,,,False,False
/resource/eng/zukan/zukan.narc,/resource/eng/zukan/zukan.narc!/member_00019,0,/resource/eng/zukan/zukan.narc,346,19,,11580,12132,10488,11040,552,e8eec3c38041017acfbf11c16840fcd37552da92972fc817455ef9d79a70de8b,524c434efffe00012802000010000100,,NCLR palette,Confirmed,True,False,,,,,,,,,,False,False
/resource/eng/zukan/zukan.narc,/resource/eng/zukan/zukan.narc!/member_00020,0,/resource/eng/zukan/zukan.narc,346,20,,12132,12684,11040,11592,552,86fc6ec051240c65f4c2d9fa10e79c81f80532fe64fc26aff52b0ef981ccd255,524c434efffe00012802000010000100,,NCLR palette,Confirmed,True,False,,,,,,,,,,False,False
/resource/eng/zukan/zukan.narc,/resource/eng/zukan/zukan.narc!/member_00021,0,/resource/eng/zukan/zukan.narc,346,21,,12684,13236,11592,12144,552,841d4268899626a67fb1bba47d8c560bc64d1f3b5a3e2eef72bbd5b064784b25,524c434efffe00012802000010000100,,NCLR palette,Confirmed,True,False,,,,,,,,,,False,False
/resource/eng/zukan/zukan.narc,/resource/eng/zukan/zukan.narc!/member_00022,0,/resource/eng/zukan/zukan.narc,346,22,,13236,13788,12144,12696,552,f54e7b462bcd68980b6372793db661cef8dddbfad38e84c8976f9790763e6575,524c434efffe00012802000010000100,,NCLR palette,Confirmed,True,False,,,,,,,,,,False,False
/resource/eng/zukan/zukan.narc,/resource/eng/zukan/zukan.narc!/member_00023,0,/resource/eng/zukan/zukan.narc,346,23,,13788,14340,12696,13248,552,3a4fcc51bf64ba7fd1d60599280803c38f3bb401a58b4ba105858192b45064f1,524c434efffe00012802000010000100,,NCLR palette,Confirmed,True,False,,,,,,,,,,False,False
/resource/eng/zukan/zukan.narc,/resource/eng/zukan/zukan.narc!/member_00024,0,/resource/eng/zukan/zukan.narc,346,24,,14340,14892,13248,13800,552,fd2924ad13010aac7192c8840b48f77deed1b8f76126001a2d40ba0c1a2b94ae,524c434efffe00012802000010000100,,NCLR palette,Confirmed,True,False,,,,,,,,,,False,False
/resource/eng/zukan/zukan.narc,/resource/eng/zukan/zukan.narc!/member_00025,0,/resource/eng/zukan/zukan.narc,346,25,,14892,15444,13800,14352,552,1b0986f66c778a8fe10c33f7f28f6ea3008082f4646cb60b01c08891f8bd16c0,524c434efffe00012802000010000100,,NCLR palette,Confirmed,True,False,,,,,,,,,,False,False
/resource/eng/zukan/zukan.narc,/resource/eng/zukan/zukan.narc!/member_00026,0,/resource/eng/zukan/zukan.narc,346,26,,15444,15996,14352,14904,552,788070d8a42dbd52608e25369f463cff11c581d8b1f7b05e654aacf22daa38a0,524c434efffe00012802000010000100,,NCLR palette,Confirmed,True,False,,,,,,,,,,False,False
/resource/eng/zukan/zukan.narc,/resource/eng/zukan/zukan.narc!/member_00027,0,/resource/eng/zukan/zukan.narc,346,27,,15996,16704,14904,15612,708,057b2fc93304f5c4c32800b86141732380a68d50c569c9034343437f4fd61fcc,10401000005247434efffe0101004010,,Nintendo LZ10,Probable,,True,Nintendo LZ10,Confirmed,True,4160,True,4160,2a1974350f0b7f6ebd2cfc3ba6a016bb7b67a764a89d4e8be1f0319b7e4c7a96,NCGR graphics,Confirmed,False,False
/resource/eng/zukan/zukan.narc,/resource/eng/zukan/zukan.narc!/member_00028,0,/resource/eng/zukan/zukan.narc,346,28,,16704,18907,15612,17815,2203,56472be348a8d9e2a63e6823c4a4cbe6109f836f6cf742c88989bc98070d6bab,10402000005247434efffe0101004020,,Nintendo LZ10,Probable,,True,Nintendo LZ10,Confirmed,True,8256,True,8256,173aa034b03037c75584daee06dd102524b5a217aa3519e585a9a03606e29779,NCGR graphics,Confirmed,False,False
/resource/eng/zukan/zukan.narc,/resource/eng/zukan/zukan.narc!/member_00029,0,/resource/eng/zukan/zukan.narc,346,29,,18908,19769,17816,18677,861,bdcd31bf57a46d49da39c1d003b31c52c6c9036c57309eb36725e5e7f9387c86,10400c00005247434efffe010100400c,,Nintendo LZ10,Probable,,True,Nintendo LZ10,Confirmed,True,3136,True,3136,bb6d1c831ef970dfaf49e9f13b06acb6f8963be86b999066eba27a0c490d9d22,NCGR graphics,Confirmed,False,False
/resource/eng/zukan/zukan.narc,/resource/eng/zukan/zukan.narc!/member_00030,0,/resource/eng/zukan/zukan.narc,346,30,,19772,20089,18680,18997,317,7c09e1a2513c5c782eeeb6b37fad7d86e9c09af84b2d7a08b13c548d65d109f6,10400400005247434efffe0101004004,,Nintendo LZ10,Probable,,True,Nintendo LZ10,Confirmed,True,1088,True,1088,c33dc8488bc6f659095d9eb6b948815f59c0e00ba207ee3fa21d15d71ff3331b,NCGR graphics,Confirmed,False,False
/resource/eng/zukan/zukan.narc,/resource/eng/zukan/zukan.narc!/member_00031,0,/resource/eng/zukan/zukan.narc,346,31,,20092,20409,19000,19317,317,2605fc4c1928754da556dc36b09ae3f9775c64de41c386c8b8da0f88c49c590a,10400400005247434efffe0101004004,,Nintendo LZ10,Probable,,True,Nintendo LZ10,Confirmed,True,1088,True,1088,c6bdb7fc4c05d0d3c313cf853b9e57846706c4d512951220514eebb702a791af,NCGR graphics,Confirmed,False,False
/resource/eng/zukan/zukan.narc,/resource/eng/zukan/zukan.narc!/member_00032,0,/resource/eng/zukan/zukan.narc,346,32,,20412,20609,19320,19517,197,e2028abe9e6abcfdb640639a5eba7ef3de6b412f32c51d6780256b5c94b845e3,10800100005247434efffe0101008001,,Nintendo LZ10,Probable,,True,Nintendo LZ10,Confirmed,True,384,True,384,8e3d29696afaa0cb895d44e91595e62c53d605a7ed688c881d981ac0ae8c6393,NCGR graphics,Confirmed,False,False
/resource/eng/zukan/zukan.narc,/resource/eng/zukan/zukan.narc!/member_00033,0,/resource/eng/zukan/zukan.narc,346,33,,20612,26111,19520,25019,5499,30b3e58041050b1980b190c7dc6d5ddd7f1943baf42673dfdaeefa93e6ae1fc5,10404000005247434efffe0101004040,,Nintendo LZ10,Probable,,True,Nintendo LZ10,Confirmed,True,16448,True,16448,bb8e85fcc9e351699ff0227d422796d962a3170145483b6002603300cb197ac5,NCGR graphics,Confirmed,False,False
/resource/eng/zukan/zukan.narc,/resource/eng/zukan/zukan.narc!/member_00034,0,/resource/eng/zukan/zukan.narc,346,34,,26112,30863,25020,29771,4751,89f691050e7d36c8a2b141875fe5a1430134ebb85cf8e1628175882d1c358bff,10403c00005247434efffe010100403c,,Nintendo LZ10,Probable,,True,Nintendo LZ10,Confirmed,True,15424,True,15424,134c9d7e124e53ca9f03e5e16ccf7bebbb6cd087bc80c4e61722010d704ad9bb,NCGR graphics,Confirmed,False,False
/resource/eng/zukan/zukan.narc,/resource/eng/zukan/zukan.narc!/member_00035,0,/resource/eng/zukan/zukan.narc,346,35,,30864,31853,29772,30761,989,5d5d80065ef540e1a1269c3eb241c912d391387c556f7bc23a30bcb445818f03,10401800005247434efffe0101004018,,Nintendo LZ10,Probable,,True,Nintendo LZ10,Confirmed,True,6208,True,6208,afe5a4a699b075e40ce1429afd178fdc5e87e96905c0105190a8f4e7f2577a33,NCGR graphics,Confirmed,False,False
/resource/eng/zukan/zukan.narc,/resource/eng/zukan/zukan.narc!/member_00036,0,/resource/eng/zukan/zukan.narc,346,36,,31856,32094,30764,31002,238,bdf36e312d22fe38011844010f72fb0c098a8108f4d0f937d506af35d325e28b,10400400005247434efffe0101004004,,Nintendo LZ10,Probable,,True,Nintendo LZ10,Confirmed,True,1088,True,1088,c41b44a25da69fb5a776227823cd622b9dddeb0d6523edfc2cca1f8bd3d1997b,NCGR graphics,Confirmed,False,False
/resource/eng/zukan/zukan.narc,/resource/eng/zukan/zukan.narc!/member_00037,0,/resource/eng/zukan/zukan.narc,346,37,,32096,32346,31004,31254,250,bd2a048671c6714f4a9f97501a0871fe932fb6fc3d81e32a8285a18a6f77492d,10240400005243534efffe0001002404,,Nintendo LZ10,Probable,,True,Nintendo LZ10,Confirmed,True,1060,True,1060,7216cc3ba76aa5bc47c0b023641d9d064c1ee01a05a6a62d4e5c5627f6ae6cea,NSCR screen map,Confirmed,False,False
/resource/eng/zukan/zukan.narc,/resource/eng/zukan/zukan.narc!/member_00038,0,/resource/eng/zukan/zukan.narc,346,38,,32348,32593,31256,31501,245,32f0e9965ef83b4133db1733c3d4a28eec4b03f96b841141808d1cd4fcf2c454,10240600005243534efffe0001002406,,Nintendo LZ10,Probable,,True,Nintendo LZ10,Confirmed,True,1572,True,1572,70822ce85c99ba193a2452acb45661c0892304a9243de8b951714daa7d76d754,NSCR screen map,Confirmed,False,False
/resource/eng/zukan/zukan.narc,/resource/eng/zukan/zukan.narc!/member_00039,0,/resource/eng/zukan/zukan.narc,346,39,,32596,32732,31504,31640,136,f05dabe2b7bde130da5e30d4aaf0d56013f4bfba3fee40e0b378e4cf7581ca78,10440100005243534efffe0001004401,,Nintendo LZ10,Probable,,True,Nintendo LZ10,Confirmed,True,324,True,324,f638e28c6ebaf4a16ab5b4b6b75e9c3371bb6dcfbfcf60f7b9fdfc2ca5532e31,NSCR screen map,Confirmed,False,False
/resource/eng/zukan/zukan.narc,/resource/eng/zukan/zukan.narc!/member_00040,0,/resource/eng/zukan/zukan.narc,346,40,,32732,33158,31640,32066,426,d13a8957a488b6bad191efa5ca4b0b69f7cc8dfa508020521940128a89f1ae6d,10240800005243534efffe0001002408,,Nintendo LZ10,Probable,,True,Nintendo LZ10,Confirmed,True,2084,True,2084,1564643afe600a1c43c2901049f5c9d291d5d9fe74682d333ffbaa4759907b4d,NSCR screen map,Confirmed,False,False
/resource/eng/zukan/zukan.narc,/resource/eng/zukan/zukan.narc!/member_00041,0,/resource/eng/zukan/zukan.narc,346,41,,33160,33565,32068,32473,405,0dbe9318c3d62b29d0b9875ec40c490c1c664d7118ac2767fdac244aa0e0cc61,10240600005243534efffe0001002406,,Nintendo LZ10,Probable,,True,Nintendo LZ10,Confirmed,True,1572,True,1572,980a70f45419fd250a987ce4923113674283265e1973c12ad5809c7e8f7a537e,NSCR screen map,Confirmed,False,False
/resource/eng/zukan/zukan.narc,/resource/eng/zukan/zukan.narc!/member_00042,0,/resource/eng/zukan/zukan.narc,346,42,,33568,33997,32476,32905,429,584c04206081db7b17e51608a4edbb7229baffb5a65727d3cef9446487b4f88f,10240800005243534efffe0001002408,,Nintendo LZ10,Probable,,True,Nintendo LZ10,Confirmed,True,2084,True,2084,2b3c9a23d6c9eb0cfe006676bbf075a91d9fea36cc5607f48abe2e2b1ab4081a,NSCR screen map,Confirmed,False,False
/resource/eng/zukan/zukan.narc,/resource/eng/zukan/zukan.narc!/member_00043,0,/resource/eng/zukan/zukan.narc,346,43,,34000,34386,32908,33294,386,67c433916b62e03681087790d580d0a04df1d2e3e02701308a8322832bfbdbcb,10240600005243534efffe0001002406,,Nintendo LZ10,Probable,,True,Nintendo LZ10,Confirmed,True,1572,True,1572,0269b319568faee89534cabbc3f821322b4ed2fb570c1148920b39d2dd496eee,NSCR screen map,Confirmed,False,False
/resource/eng/zukan/zukan.narc,/resource/eng/zukan/zukan.narc!/member_00044,0,/resource/eng/zukan/zukan.narc,346,44,,34388,34486,33296,33394,98,43705dd27526a33625d3c7123aee63bf5ea43f9f7e57876119f18e0a87d6909a,109c0000005243534efffe0001009c00,,Nintendo LZ10,Probable,,True,Nintendo LZ10,Confirmed,True,156,True,156,766ed6084ac6a04e4e5ea306d34eed50ec92dd9996510d403263f47f5b960064,NSCR screen map,Confirmed,False,False
/resource/eng/zukan/zukan.narc,/resource/eng/zukan/zukan.narc!/member_00045,0,/resource/eng/zukan/zukan.narc,346,45,,34488,34597,33396,33505,109,9a5e45f6d3095a9307461476c199ba5cb03f6b3c1685f803679b9f52397033d5,10c40000005243534efffe000100c400,,Nintendo LZ10,Probable,,True,Nintendo LZ10,Confirmed,True,196,True,196,c1b357d72f331d35b3d5a937a672a95ae71556dc5ec1ec573a6f4ed3a581b68e,NSCR screen map,Confirmed,False,False
/resource/eng/zukan/zukan.narc,/resource/eng/zukan/zukan.narc!/member_00046,0,/resource/eng/zukan/zukan.narc,346,46,,34600,34722,33508,33630,122,4b92fb74fe00583706ace116127ddc09e6c3438fd9a9a906e4c4f7a10d82e11f,10140100005243534efffe0001001401,,Nintendo LZ10,Probable,,True,Nintendo LZ10,Confirmed,True,276,True,276,2c01c5f7d519b1de68ec4492b46f0f010efdf26885e3710672a0bcc691bddade,NSCR screen map,Confirmed,False,False
/resource/eng/zukan/zukan.narc,/resource/eng/zukan/zukan.narc!/member_00047,0,/resource/eng/zukan/zukan.narc,346,47,,34724,34847,33632,33755,123,f1c4d2a71de33e25aa37c3ad4aa36b98f508bc6accbba98365fdaf01a5da2305,103c0100005243534efffe0001003c01,,Nintendo LZ10,Probable,,True,Nintendo LZ10,Confirmed,True,316,True,316,871d6f44ef73a14f1311611e8f03bea3ad1f3493f15f3364b10be1554e8e3d89,NSCR screen map,Confirmed,False,False
/resource/eng/zukan/zukan.narc,/resource/eng/zukan/zukan.narc!/member_00048,0,/resource/eng/zukan/zukan.narc,346,48,,34848,34918,33756,33826,70,f955ac92aebd83c0d5ebe676207ff92cadb628ba6c36b83f213ba86b5951b6cf,105c0000005243534efffe0001005c00,,Nintendo LZ10,Probable,,True,Nintendo LZ10,Confirmed,True,92,True,92,2708d210eaa80060022677d6cdf471fde7798b20d5c5288d7447cc4e6bf82f66,NSCR screen map,Confirmed,False,False
/resource/eng/zukan/zukan.narc,/resource/eng/zukan/zukan.narc!/member_00049,0,/resource/eng/zukan/zukan.narc,346,49,,34920,35177,33828,34085,257,8e9f41c5f1c4e3b7bb723be4ecbc039386c7c2aaf6e657ab7b85fde36219ea99,10240600005243534efffe0001002406,,Nintendo LZ10,Probable,,True,Nintendo LZ10,Confirmed,True,1572,True,1572,13d6adfc9e619de5ce3e2c025ccacac2949ec0063a688187d393e6321c9ce60b,NSCR screen map,Confirmed,False,False
/resource/eng/zukan/zukan.narc,/resource/eng/zukan/zukan.narc!/member_00050,0,/resource/eng/zukan/zukan.narc,346,50,,35180,35415,34088,34323,235,a72ec14d1c92e7574fa5ced7c78f327d5c959298535a512ab8929ba800e1038a,10240600005243534efffe0001002406,,Nintendo LZ10,Probable,,True,Nintendo LZ10,Confirmed,True,1572,True,1572,b94f586008b61cb4d64e58790e510ba73bff206621a9b15f4bbc6f9db278570a,NSCR screen map,Confirmed,False,False
/resource/eng/zukan/zukan.narc,/resource/eng/zukan/zukan.narc!/member_00051,0,/resource/eng/zukan/zukan.narc,346,51,,35416,35547,34324,34455,131,94a9152fceb60ab0f60eeff18b59a877401eec0708a294a52110474d99d71f73,10440100005243534efffe0001004401,,Nintendo LZ10,Probable,,True,Nintendo LZ10,Confirmed,True,324,True,324,0a8aaaecf089cd8f5356982e65ba9767993c45ee2628e8002194a2f473edea9e,NSCR screen map,Confirmed,False,False
/resource/eng/zukan/zukan.narc,/resource/eng/zukan/zukan.narc!/member_00052,0,/resource/eng/zukan/zukan.narc,346,52,,35548,35660,34456,34568,112,a63ea58f293de4c82f5956b01a985749364506c7d47830d9246439fc1cca26d6,106c0000005243534efffe0001006c00,,Nintendo LZ10,Probable,,True,Nintendo LZ10,Confirmed,True,108,True,108,fa333df6effcf0e4471b655867f6ef4e8045748a6d5f262e7c0deacd4fe6aa73,NSCR screen map,Confirmed,False,False
/resource/eng/zukan/zukan.narc,/resource/eng/zukan/zukan.narc!/member_00053,0,/resource/eng/zukan/zukan.narc,346,53,,35660,35810,34568,34718,150,015f304e31b10a58e38688b041e526233f354c9007dfb4b19cecf3b2a38e2735,10740100005243534efffe0001007401,,Nintendo LZ10,Probable,,True,Nintendo LZ10,Confirmed,True,372,True,372,61ecb577d91d606f7ceeb1fd4c1aaf53be23951a3a06f9c449f3e16c149f639d,NSCR screen map,Confirmed,False,False
/resource/eng/zukan/zukan.narc,/resource/eng/zukan/zukan.narc!/member_00054,0,/resource/eng/zukan/zukan.narc,346,54,,35812,35950,34720,34858,138,4f2576e390523e4cc0a4a3623603af0fe3eeb6d1a32aa3b5daef7ec89e234d16,10240200005243534efffe0001002402,,Nintendo LZ10,Probable,,True,Nintendo LZ10,Confirmed,True,548,True,548,3842f2bda30f2568639c6ddf5689e88599af2f159c36d740beba6e676e942f7b,NSCR screen map,Confirmed,False,False
/resource/eng/zukan/zukan.narc,/resource/eng/zukan/zukan.narc!/member_00055,0,/resource/eng/zukan/zukan.narc,346,55,,35952,36089,34860,34997,137,147817504daae388bf96f325d0248dedc6b9b009709f14956b66b64ebdb20f83,10240200005243534efffe0001002402,,Nintendo LZ10,Probable,,True,Nintendo LZ10,Confirmed,True,548,True,548,36a9129d8d6a784746905674e3f65bcdcc117b8fa9259bea26de36b869f656ff,NSCR screen map,Confirmed,False,False
/resource/eng/zukan/zukan.narc,/resource/eng/zukan/zukan.narc!/member_00056,0,/resource/eng/zukan/zukan.narc,346,56,,36092,36239,35000,35147,147,2cf5d202d401fc9801ffd57ad6813815c996abfc6e506dba04611c7f80e50a2c,10440100005243534efffe0001004401,,Nintendo LZ10,Probable,,True,Nintendo LZ10,Confirmed,True,324,True,324,0e9e0813d1ea91dfcdf3b75d7ed966770793e36c84fe61b866b382e9028b950a,NSCR screen map,Confirmed,False,False
/resource/eng/zukan/zukan.narc,/resource/eng/zukan/zukan.narc!/member_00057,0,/resource/eng/zukan/zukan.narc,346,57,,36240,36483,35148,35391,243,2d8161931585aed8fe5c0f93f9269ac208447f3d4e62f6ec23197ef15eca4089,10240600005243534efffe0001002406,,Nintendo LZ10,Probable,,True,Nintendo LZ10,Confirmed,True,1572,True,1572,4863640fe74da3a55d68ab51ac04fd511062b85cb6dccaf1153cc154af403b3b,NSCR screen map,Confirmed,False,False
/resource/eng/zukan/zukan.narc,/resource/eng/zukan/zukan.narc!/member_00058,0,/resource/eng/zukan/zukan.narc,346,58,,36484,36793,35392,35701,309,1ae0828d7ab66e87a611d62cd5649f34b282591ecb961674b0f265c8ae770098,10240600005243534efffe0001002406,,Nintendo LZ10,Probable,,True,Nintendo LZ10,Confirmed,True,1572,True,1572,444446e5d8810650fe8cef62bf46bedb3073adadec457396b68c682c71015949,NSCR screen map,Confirmed,False,False
/resource/eng/zukan/zukan.narc,/resource/eng/zukan/zukan.narc!/member_00059,0,/resource/eng/zukan/zukan.narc,346,59,,36796,37024,35704,35932,228,243a706dfa245466816270b582b52a812043a1bf12626f31d269817be2eade2f,10240600005243534efffe0001002406,,Nintendo LZ10,Probable,,True,Nintendo LZ10,Confirmed,True,1572,True,1572,fbd8508e056e84eabc6984da96bba0ab23b14707801271f61ce4dd9299048e94,NSCR screen map,Confirmed,False,False
/resource/eng/zukan/zukan.narc,/resource/eng/zukan/zukan.narc!/member_00060,0,/resource/eng/zukan/zukan.narc,346,60,,37024,37136,35932,36044,112,979af873e10e9ea717baf2dbf0b4ed01c5b74145f45067db8ca19231296e4453,10ec0000005243534efffe000100ec00,,Nintendo LZ10,Probable,,True,Nintendo LZ10,Confirmed,True,236,True,236,6ed29d3bef73e3c74afab70f6a1ea653b379fd09b2204f3fc0f5dab3a9b6bcd1,NSCR screen map,Confirmed,False,False
/resource/eng/zukan/zukan.narc,/resource/eng/zukan/zukan.narc!/member_00061,0,/resource/eng/zukan/zukan.narc,346,61,,37136,37480,36044,36388,344,e73bd7fef263baf27465237996d8e81cdf89a55106d1cfbb11c921b1b32f3400,10240600005243534efffe0001002406,,Nintendo LZ10,Probable,,True,Nintendo LZ10,Confirmed,True,1572,True,1572,33eef254fee1d213bef398e498bcec7a1cd829408f7da3c30d6725f80a60c3de,NSCR screen map,Confirmed,False,False
/resource/eng/zukan/zukan.narc,/resource/eng/zukan/zukan.narc!/member_00062,0,/resource/eng/zukan/zukan.narc,346,62,,37480,37711,36388,36619,231,aa0a11306208862fb05dceb8e79fd9825f2adec10009d6099f34de544f04f6f6,10240600005243534efffe0001002406,,Nintendo LZ10,Probable,,True,Nintendo LZ10,Confirmed,True,1572,True,1572,950bb022fdc81f9bbc43d2106b6a080adb723fe643cd70ebff50176500e2d6c5,NSCR screen map,Confirmed,False,False
/resource/eng/zukan/zukan.narc,/resource/eng/zukan/zukan.narc!/member_00063,0,/resource/eng/zukan/zukan.narc,346,63,,37712,37824,36620,36732,112,8ec56c61bb36ea17c6b713a2ec226b35989c1d923bb508f78b4813a49663b764,10ec0000005243534efffe000100ec00,,Nintendo LZ10,Probable,,True,Nintendo LZ10,Confirmed,True,236,True,236,f87d2483501d6adf64b9c9fd36a1d5e6a9a19f131cc59911d0fce9557ac1bf0c,NSCR screen map,Confirmed,False,False
/resource/eng/zukan/zukan.narc,/resource/eng/zukan/zukan.narc!/member_00064,0,/resource/eng/zukan/zukan.narc,346,64,,37824,38729,36732,37637,905,c206a743c345b5676c63c19152d8a0802c685a8c1adccd5333f0a5a3073cb4f5,10240600005243534efffe0001002406,,Nintendo LZ10,Probable,,True,Nintendo LZ10,Confirmed,True,1572,True,1572,d32a98364412ab557d635485ca31bba6f74c752a953467b3e27a35aa9ad96336,NSCR screen map,Confirmed,False,False
/resource/eng/zukan/zukan.narc,/resource/eng/zukan/zukan.narc!/member_00065,0,/resource/eng/zukan/zukan.narc,346,65,,38732,38779,37640,37687,47,23e3c8cc7324d97013784b4945c6740c033be89ac5fafb79971a9b36e2d8dd68,102c0000005243534efffe0001002c00,,Nintendo LZ10,Probable,,True,Nintendo LZ10,Confirmed,True,44,True,44,b3620ba66a1ac507aa730dfce315918da5d6d5a5792989946ef186ee76a4a837,NSCR screen map,Confirmed,False,False
/resource/eng/zukan/zukan.narc,/resource/eng/zukan/zukan.narc!/member_00066,0,/resource/eng/zukan/zukan.narc,346,66,,38780,38852,37688,37760,72,b0d8c28fb47ffad816d71ea9b143fd31570febef67c3febc2fd1946c00fd65c5,10500000005243534efffe0001005000,,Nintendo LZ10,Probable,,True,Nintendo LZ10,Confirmed,True,80,True,80,20c4976b95417d82edc4ea47e68fbfacb10713af7976b91d0f43562befd2039b,NSCR screen map,Confirmed,False,False
/resource/eng/zukan/zukan.narc,/resource/eng/zukan/zukan.narc!/member_00067,0,/resource/eng/zukan/zukan.narc,346,67,,38852,38899,37760,37807,47,94e5db46eca9cdcad66fccb2c702ba8506d0dc51f4307517014958634dc3b692,102c0000005243534efffe0001002c00,,Nintendo LZ10,Probable,,True,Nintendo LZ10,Confirmed,True,44,True,44,28ade279fe5aae1b1c2a1e1f90024dd0696fdf2d79a03bd7933d6d05fd607655,NSCR screen map,Confirmed,False,False
/resource/eng/zukan/zukan.narc,/resource/eng/zukan/zukan.narc!/member_00068,0,/resource/eng/zukan/zukan.narc,346,68,,38900,38951,37808,37859,51,9f2875745552322b42041a47f12756f43db878b9f963dd5a9ea982949c51db79,10300000005243534efffe0001003000,,Nintendo LZ10,Probable,,True,Nintendo LZ10,Confirmed,True,48,True,48,446028683b20fd0359aca1850249433b72b46ac4fc8fcd346615ca55fa6c84f6,NSCR screen map,Confirmed,False,False
/resource/eng/zukan/zukan.narc,/resource/eng/zukan/zukan.narc!/member_00069,0,/resource/eng/zukan/zukan.narc,346,69,,38952,39504,37860,38412,552,4cb3041eb80e5327de20fdb070bd8ddba137b13b37314074e7c20f9abbeb60b5,10240600005243534efffe0001002406,,Nintendo LZ10,Probable,,True,Nintendo LZ10,Confirmed,True,1572,True,1572,89ae982662c0f71f61d95bb72ceafc83294da4eacd0dfaa1db952d1b309f28ac,NSCR screen map,Confirmed,False,False
/resource/eng/zukan/zukan.narc,/resource/eng/zukan/zukan.narc!/member_00070,0,/resource/eng/zukan/zukan.narc,346,70,,39504,39771,38412,38679,267,855f0e7a52813344b4fce7972caa3579923092c6543265f0107a2c4dff918641,10240600005243534efffe0001002406,,Nintendo LZ10,Probable,,True,Nintendo LZ10,Confirmed,True,1572,True,1572,a6a61cd18e815b00d4c2cdba2bc1e9f6917a4c8bad48d07942f3fede69d62f76,NSCR screen map,Confirmed,False,False
/resource/eng/zukan/zukan.narc,/resource/eng/zukan/zukan.narc!/member_00071,0,/resource/eng/zukan/zukan.narc,346,71,,39772,40788,38680,39696,1016,a9d09341eb98b8bf4a92b058d3d3f5c2164aa7cf1d07c1a39848fe6823065f9a,10240600005243534efffe0001002406,,Nintendo LZ10,Probable,,True,Nintendo LZ10,Confirmed,True,1572,True,1572,9e9e7925d05d834732cc1c91093e825d65ff716e201e0a0972d7aa774f946faf,NSCR screen map,Confirmed,False,False
/resource/eng/zukan/zukan.narc,/resource/eng/zukan/zukan.narc!/member_00072,0,/resource/eng/zukan/zukan.narc,346,72,,40788,41094,39696,40002,306,75111be2f6ade8e8e1ce327b80842d1b5b71c179aa6c22c3546ea4d79624d595,10240400005243534efffe0001002404,,Nintendo LZ10,Probable,,True,Nintendo LZ10,Confirmed,True,1060,True,1060,c62b6faa405da5fc62bce90ea7092b111497bcd40f7624b47591c91f922f6d9b,NSCR screen map,Confirmed,False,False
/resource/eng/zukan/zukan.narc,/resource/eng/zukan/zukan.narc!/member_00073,0,/resource/eng/zukan/zukan.narc,346,73,,41096,41437,40004,40345,341,73cc1f82a10b5a8aff99cb5af8c79099947faa576d17a3eba9cd7469edf63d6c,10240600005243534efffe0001002406,,Nintendo LZ10,Probable,,True,Nintendo LZ10,Confirmed,True,1572,True,1572,5ed6a295cc1f6fc7785c0bd0aa1c862da375ae85acb8b2316360ecf11066bce7,NSCR screen map,Confirmed,False,False
/resource/eng/zukan/zukan.narc,/resource/eng/zukan/zukan.narc!/member_00074,0,/resource/eng/zukan/zukan.narc,346,74,,41440,41781,40348,40689,341,48d7f162e17a1afe06101179adc56b015ee02e3e2584f976f83f17ae1b6eabbe,10240600005243534efffe0001002406,,Nintendo LZ10,Probable,,True,Nintendo LZ10,Confirmed,True,1572,True,1572,fddae3dbbbfae76af2aaf06d0a05d1a2873e2d8f27590e7607f8098c6e1a56f4,NSCR screen map,Confirmed,False,False
/resource/eng/zukan/zukan.narc,/resource/eng/zukan/zukan.narc!/member_00075,0,/resource/eng/zukan/zukan.narc,346,75,,41784,42033,40692,40941,249,8298602ceaa769da3e32ece0f1203ac78dd4e0b7ce466ea2effe9a834768baba,10240600005243534efffe0001002406,,Nintendo LZ10,Probable,,True,Nintendo LZ10,Confirmed,True,1572,True,1572,749745c77d92f45a86e9c17d17c25b236b5da00183e8189d0d7cacf4db37f865,NSCR screen map,Confirmed,False,False
/resource/eng/zukan/zukan.narc,/resource/eng/zukan/zukan.narc!/member_00076,0,/resource/eng/zukan/zukan.narc,346,76,,42036,42165,40944,41073,129,4e5cbdfbd23050121362e5d9f77bb370788b2b3f92204a2bd353b162a3353d97,10960000005245434efffe0001009600,,Nintendo LZ10,Probable,,True,Nintendo LZ10,Confirmed,True,150,True,150,fda9eb3b8298dd9d0320e30df1f4375c73eb97d91a4a3e5a7dcea45d0a736bb0,NCER cell,Confirmed,False,False
/resource/eng/zukan/zukan.narc,/resource/eng/zukan/zukan.narc!/member_00077,0,/resource/eng/zukan/zukan.narc,346,77,,42168,42274,41076,41182,106,2fa2b6879a2b1dbaacea2a10eb0bd10f135fe4f124abcb651b02ebff15456908,109a000000524e414efffe0001009a00,,Nintendo LZ10,Probable,,True,Nintendo LZ10,Confirmed,True,154,True,154,2db7fb78dd747f600d608eae538a07457399a8d7d5d878debe6439464a1d543f,NANR animation,Confirmed,False,False
/resource/eng/zukan/zukan.narc,/resource/eng/zukan/zukan.narc!/member_00078,0,/resource/eng/zukan/zukan.narc,346,78,,42276,42792,41184,41700,516,f48ef4ec5f61250df6293d4aec91abaaac410426998913f50d9225174136d978,10300a00005247434efffe010100300a,,Nintendo LZ10,Probable,,True,Nintendo LZ10,Confirmed,True,2608,True,2608,4523bd255f9839a817c3063b4197cc7078e60e6c867eadb52b77956ce304fe2c,NCGR graphics,Confirmed,False,False
/resource/eng/zukan/zukan.narc,/resource/eng/zukan/zukan.narc!/member_00079,0,/resource/eng/zukan/zukan.narc,346,79,,42792,43162,41700,42070,370,7389fc6c43b653d7f9ae7137f087567e5e9a3ef9884655f43cc7ad64d1cef4e9,10ee0200005245434efffe000100ee02,,Nintendo LZ10,Probable,,True,Nintendo LZ10,Confirmed,True,750,True,750,ab3f37902b094763515ab048a001edbddb7535434ca2f5e12dc49c33b7e0659b,NCER cell,Confirmed,False,False
/resource/eng/zukan/zukan.narc,/resource/eng/zukan/zukan.narc!/member_00080,0,/resource/eng/zukan/zukan.narc,346,80,,43164,43539,42072,42447,375,972ad5334678bb680c6d57e1d01c2b3df0424c38349e0b6974995668fc10f72f,1052030000524e414efffe0001005203,,Nintendo LZ10,Probable,,True,Nintendo LZ10,Confirmed,True,850,True,850,c1b5e5893d6921bdaa22f8b85e7fe7dbb8280cd20f6dc3a9174eb346273c774b,NANR animation,Confirmed,False,False
/resource/eng/zukan/zukan.narc,/resource/eng/zukan/zukan.narc!/member_00081,0,/resource/eng/zukan/zukan.narc,346,81,,43540,45847,42448,44755,2307,e7b4a8508d423470d18c5ad69827536d16c87b6931bf5bd22cce6698c9ffe3c2,10b02e00005247434efffe010100b02e,,Nintendo LZ10,Probable,,True,Nintendo LZ10,Confirmed,True,11952,True,11952,8362ca13ad7cc226e751548be21fc4bc2fd6a48f65ab4241e250371c8f4f71d4,NCGR graphics,Confirmed,False,False
/resource/eng/zukan/zukan.narc,/resource/eng/zukan/zukan.narc!/member_00082,0,/resource/eng/zukan/zukan.narc,346,82,,45848,46690,44756,45598,842,c3ae2fb677541e533483409c4ee4dbf04727428fe44775512c8df9ea7cdcdcd9,105e0600005245434efffe0001005e06,,Nintendo LZ10,Probable,,True,Nintendo LZ10,Confirmed,True,1630,True,1630,806c5a2cf48d05f94c1e645ee707687c4c6605e15bdf1c5ba65655641404ddc7,NCER cell,Confirmed,False,False
/resource/eng/zukan/zukan.narc,/resource/eng/zukan/zukan.narc!/member_00083,0,/resource/eng/zukan/zukan.narc,346,83,,46692,46945,45600,45853,253,12f27507d282f986af6536e62e6a6c3d7614e62ddd2fc4c1ffe901496f9e3dd9,10d2010000524e414efffe000100d201,,Nintendo LZ10,Probable,,True,Nintendo LZ10,Confirmed,True,466,True,466,5ac219ed0252630985c4bfcccd8a68bdcbdfaaa445bdd9554142cdfa862f9d66,NANR animation,Confirmed,False,False
/resource/eng/zukan/zukan.narc,/resource/eng/zukan/zukan.narc!/member_00084,0,/resource/eng/zukan/zukan.narc,346,84,,46948,49109,45856,48017,2161,cd7fa58008b34d25735ee84de3fef5c6659410add299356126ea4d60b0acaec3,10b02500005247434efffe010100b025,,Nintendo LZ10,Probable,,True,Nintendo LZ10,Confirmed,True,9648,True,9648,4c2a07166a36271eaf937ad9aadefa2cac7292d70e96e2f87f56eb1c5b0f9148,NCGR graphics,Confirmed,False,False
/resource/eng/zukan/zukan.narc,/resource/eng/zukan/zukan.narc!/member_00085,0,/resource/eng/zukan/zukan.narc,346,85,,49112,49204,48020,48112,92,86936947c9acaf7320b2590ee8f802fdac9a875b4c2753d56ff73e0d7635e292,106c0000005245434efffe0001006c00,,Nintendo LZ10,Probable,,True,Nintendo LZ10,Confirmed,True,108,True,108,2db8c429cbafa8cb7333937c088cb7eaec4499f038cbc5c2cfc141a1afbca75e,NCER cell,Confirmed,False,False
/resource/eng/zukan/zukan.narc,/resource/eng/zukan/zukan.narc!/member_00086,0,/resource/eng/zukan/zukan.narc,346,86,,49204,49295,48112,48203,91,d46c281a121beba08a2a731e7ad06d001fe6b9bf00cfb35b1250b6dde02d531f,1070000000524e414efffe0001007000,,Nintendo LZ10,Probable,,True,Nintendo LZ10,Confirmed,True,112,True,112,f75f89e4840358d32cad95a877b9f97eb4674eaace3c8aabb5073d988ba4f7e3,NANR animation,Confirmed,False,False
/resource/eng/zukan/zukan.narc,/resource/eng/zukan/zukan.narc!/member_00087,0,/resource/eng/zukan/zukan.narc,346,87,,49296,49396,48204,48304,100,684d45e34f361d778fd5d09533854ee258d568335ad68fc0dce54104d371861c,10b00000005247434efffe010100b000,,Nintendo LZ10,Probable,,True,Nintendo LZ10,Confirmed,True,176,True,176,e770976de0d85b19a5bd100792f8f200745a33d3b5dea9439e273f53c031177e,NCGR graphics,Confirmed,False,False
/resource/eng/zukan/zukan.narc,/resource/eng/zukan/zukan.narc!/member_00088,0,/resource/eng/zukan/zukan.narc,346,88,,49396,49832,48304,48740,436,9ed58c1e73201428df1ecf284a44fcaf60398c2737ab08650322b4533bfcf4ac,106a0300005245434efffe0001006a03,,Nintendo LZ10,Probable,,True,Nintendo LZ10,Confirmed,True,874,True,874,b813c06c160aefe527acee667f07247f543f5f8dab56dd49d4c2e8fc5f9cc891,NCER cell,Confirmed,False,False
/resource/eng/zukan/zukan.narc,/resource/eng/zukan/zukan.narc!/member_00089,0,/resource/eng/zukan/zukan.narc,346,89,,49832,50207,48740,49115,375,f99ca70bb2829392ea187898878caed7b2ca42146508b020b32fa83190a83390,1052030000524e414efffe0001005203,,Nintendo LZ10,Probable,,True,Nintendo LZ10,Confirmed,True,850,True,850,06fcf4eb4eebfea4c80eb10add5f0f58252d856e064c38cb210218f8ba177411,NANR animation,Confirmed,False,False
/resource/eng/zukan/zukan.narc,/resource/eng/zukan/zukan.narc!/member_00090,0,/resource/eng/zukan/zukan.narc,346,90,,50208,53032,49116,51940,2824,b7f38d05d49c73f94a0c60fe20d96ac28c7ecec5e7ac2a84325fd3943600f777,10b02300005247434efffe010100b023,,Nintendo LZ10,Probable,,True,Nintendo LZ10,Confirmed,True,9136,True,9136,0b575cfa5d2d95ce0816713c668d7046641ff2186cbfada0b5b76398daf3f4bf,NCGR graphics,Confirmed,False,False
/resource/eng/zukan/zukan.narc,/resource/eng/zukan/zukan.narc!/member_00091,0,/resource/eng/zukan/zukan.narc,346,91,,53032,53281,51940,52189,249,fc45ca069b8c1ddb476fc6bcc1ac0385896a4a1a11d1a0a58978801accac339b,10680100005245434efffe0001006801,,Nintendo LZ10,Probable,,True,Nintendo LZ10,Confirmed,True,360,True,360,a9b6b88cc38fabc2da4bda776956df50682bf0977b1f086c416f3578dc1b9300,NCER cell,Confirmed,False,False
/resource/eng/zukan/zukan.narc,/resource/eng/zukan/zukan.narc!/member_00092,0,/resource/eng/zukan/zukan.narc,346,92,,53284,53475,52192,52383,191,d781d4d3ac30e6062d6934e370b514e9d8590a48a15844197303dcd3c24480e6,1078010000524e414efffe0001007801,,Nintendo LZ10,Probable,,True,Nintendo LZ10,Confirmed,True,376,True,376,a6e041953b8246ae7aee1c5216b7eecc19a74fd95b5432aca2b47324cf16b79c,NANR animation,Confirmed,False,False
/resource/eng/zukan/zukan.narc,/resource/eng/zukan/zukan.narc!/member_00093,0,/resource/eng/zukan/zukan.narc,346,93,,53476,55374,52384,54282,1898,e4fef04839a61ed8d576ee6b1aa025d85a87407d614449ba456fc5dc3aa705c5,10b02300005247434efffe010100b023,,Nintendo LZ10,Probable,,True,Nintendo LZ10,Confirmed,True,9136,True,9136,4bd4df02170159e528533ea047bcd6b1c0fe2be675803dc6deb085fdc7bd74ac,NCGR graphics,Confirmed,False,False
/resource/eng/zukan/zukan.narc,/resource/eng/zukan/zukan.narc!/member_00094,0,/resource/eng/zukan/zukan.narc,346,94,,55376,55726,54284,54634,350,c1aeb2b70b6b5975646bd9e8ba34031b6c69cd66b96a06365fcc56be3e413b26,10ce0300005245434efffe000100ce03,,Nintendo LZ10,Probable,,True,Nintendo LZ10,Confirmed,True,974,True,974,b5fe9bbe02c179215bf092b157940a4a907d7afbece32d01e4513bf93ff87d4c,NCER cell,Confirmed,False,False
/resource/eng/zukan/zukan.narc,/resource/eng/zukan/zukan.narc!/member_00095,0,/resource/eng/zukan/zukan.narc,346,95,,55728,55991,54636,54899,263,41e001629bf5b7a8a1573038d22f0f6334e915c0536a7260a16bd43dcff98cf5,10ee010000524e414efffe000100ee01,,Nintendo LZ10,Probable,,True,Nintendo LZ10,Confirmed,True,494,True,494,8aa2e01c923752e5f20f05a4b19dc2e3f1561fcd417e6dc9e2a0f61678a61128,NANR animation,Confirmed,False,False
/resource/eng/zukan/zukan.narc,/resource/eng/zukan/zukan.narc!/member_00096,0,/resource/eng/zukan/zukan.narc,346,96,,55992,56955,54900,55863,963,7ade4cd6adcbda35355039fdfc2e5fdaace8efae76e450a77416bc77b83b770b,10b00a00005247434efffe010100b00a,,Nintendo LZ10,Probable,,True,Nintendo LZ10,Confirmed,True,2736,True,2736,277f1a03115ef2198c64740486f92860629700f71c644298ed4a375a1b28f5ac,NCGR graphics,Confirmed,False,False
/resource/eng/zukan/zukan.narc,/resource/eng/zukan/zukan.narc!/member_00097,0,/resource/eng/zukan/zukan.narc,346,97,,56956,57260,55864,56168,304,ced54623f734afb4d684092094c69bdfd11dde0ecac086294f0c3e962d32eb6f,10c20200005245434efffe000100c202,,Nintendo LZ10,Probable,,True,Nintendo LZ10,Confirmed,True,706,True,706,5b735773b26973a16d1dc7f42266b5e7d30acdd754e556e5fdc8747fe89864f2,NCER cell,Confirmed,False,False
/resource/eng/zukan/zukan.narc,/resource/eng/zukan/zukan.narc!/member_00098,0,/resource/eng/zukan/zukan.narc,346,98,,57260,57631,56168,56539,371,5f0ef784eebe5331df32e4a9e459eb29968f75c3b3701760024ee5b94ed4ae59,100a030000524e414efffe0001000a03,,Nintendo LZ10,Probable,,True,Nintendo LZ10,Confirmed,True,778,True,778,b7af4af0e81457fffbf7b8f532d70c9c695f5e626b5c8cf5aa13fe33a2717f57,NANR animation,Confirmed,False,False
/resource/eng/zukan/zukan.narc,/resource/eng/zukan/zukan.narc!/member_00099,0,/resource/eng/zukan/zukan.narc,346,99,,57632,58188,56540,57096,556,bad84ab60c65dfafb34908c8d1d3395990e7313a98ef4d3e0e065b0eb6a168a8,10b00800005247434efffe010100b008,,Nintendo LZ10,Probable,,True,Nintendo LZ10,Confirmed,True,2224,True,2224,6c8665e5a4a2614a145b487dacefbf18d4c11a37cb515509007ef418d431476a,NCGR graphics,Confirmed,False,False
/resource/eng/zukan/zukan.narc,/resource/eng/zukan/zukan.narc!/member_00100,0,/resource/eng/zukan/zukan.narc,346,100,,58188,58589,57096,57497,401,52304c48de5f89df041a322f1df50aaa323fc25dcd624e3866887fc59f4175a8,10550200005245434efffe0001005502,,Nintendo LZ10,Probable,,True,Nintendo LZ10,Confirmed,True,597,True,597,2a3d8926b2e56ed99472f6b07b38f23c9d49c48a75d78a8e177cb73f603d5880,NCER cell,Confirmed,False,False
/resource/eng/zukan/zukan.narc,/resource/eng/zukan/zukan.narc!/member_00101,0,/resource/eng/zukan/zukan.narc,346,101,,58592,58756,57500,57664,164,539584320580b05a1f6c9f95587e3753ea88bda160aa89320da1fab7121f787b,1019010000524e414efffe0001001901,,Nintendo LZ10,Probable,,True,Nintendo LZ10,Confirmed,True,281,True,281,e22c27148e58575c5afd86b316c6b2de319c8f531b82b525342cef7455964d6a,NANR animation,Confirmed,False,False
/resource/eng/zukan/zukan.narc,/resource/eng/zukan/zukan.narc!/member_00102,0,/resource/eng/zukan/zukan.narc,346,102,,58756,59897,57664,58805,1141,686a2a7f89ec6df57bc629f52dc024a591e549d95a0cae657c54ef2213663110,10302000005247434efffe0101003020,,Nintendo LZ10,Probable,,True,Nintendo LZ10,Confirmed,True,8240,True,8240,df93c7288efff85f21228a0cfd6ae987486661c4d0d5182387ea4d5cab7e46f1,NCGR graphics,Confirmed,False,False
/resource/eng/zukan/zukan.narc,/resource/eng/zukan/zukan.narc!/member_00103,0,/resource/eng/zukan/zukan.narc,346,103,,59900,60022,58808,58930,122,a7068b9d452e7672aec1795ab00f63d7cbc791efa3975f1d24daa52ccf8dc615,10b50000005245434efffe000100b500,,Nintendo LZ10,Probable,,True,Nintendo LZ10,Confirmed,True,181,True,181,920bc92724bfc9368d0bf2fb8ceac4eb503ef508c23c3ae38936382ec7f7d481,NCER cell,Confirmed,False,False
/resource/eng/zukan/zukan.narc,/resource/eng/zukan/zukan.narc!/member_00104,0,/resource/eng/zukan/zukan.narc,346,104,,60024,60147,58932,59055,123,01366887d45214da73baa9d7965b8e556ae0e907e989c021a387aaf015a60684,10c5000000524e414efffe000100c500,,Nintendo LZ10,Probable,,True,Nintendo LZ10,Confirmed,True,197,True,197,ed5ce074ce5202c2cc7d4dc9bdd0bb36b9a4a732e0579868616ef1b2fdfc5c23,NANR animation,Confirmed,False,False
/resource/eng/zukan/zukan.narc,/resource/eng/zukan/zukan.narc!/member_00105,0,/resource/eng/zukan/zukan.narc,346,105,,60148,61915,59056,60823,1767,10bcdb1c2bc458ba4ae833c22475e6dae389afee1ab7a36a0ca420c27ca2e630,10301800005247434efffe0101003018,,Nintendo LZ10,Probable,,True,Nintendo LZ10,Confirmed,True,6192,True,6192,e6e5add3f7d2874d362cad712a64908faa855e2a6974e2af8593350f01113081,NCGR graphics,Confirmed,False,False
/resource/eng/zukan/zukan.narc,/resource/eng/zukan/zukan.narc!/member_00106,0,/resource/eng/zukan/zukan.narc,346,106,,61916,62128,60824,61036,212,3c4f430e352ccb8b7f87f7de19c873bccea45c87d1f67eef27ebc53a23778b52,103a0100005245434efffe0001003a01,,Nintendo LZ10,Probable,,True,Nintendo LZ10,Confirmed,True,314,True,314,221f6649851a25273273804bd04153303e211ebe0550a6701255ff4745dcd498,NCER cell,Confirmed,False,False
/resource/eng/zukan/zukan.narc,/resource/eng/zukan/zukan.narc!/member_00107,0,/resource/eng/zukan/zukan.narc,346,107,,62128,62305,61036,61213,177,18148007586a0ef135b41343f980d8ca6ef8b647e9ce69519aca5b8780d1b010,1046010000524e414efffe0001004601,,Nintendo LZ10,Probable,,True,Nintendo LZ10,Confirmed,True,326,True,326,42e7128518b34422cfcc5f730fb0ec43e7b1e7a6ae8ba9f1acd666388c5af05e,NANR animation,Confirmed,False,False
/resource/eng/zukan/zukan.narc,/resource/eng/zukan/zukan.narc!/member_00108,0,/resource/eng/zukan/zukan.narc,346,108,,62308,62490,61216,61398,182,22484e489849e358708ea69f5c2632563ab7d031bfe53edc0c60ab3014b56f05,10300300005247434efffe0101003003,,Nintendo LZ10,Probable,,True,Nintendo LZ10,Confirmed,True,816,True,816,95f8540f5c19d17d47d634a12cbcf8f99fa0803d70d200283c43e8ccbf3b42f6,NCGR graphics,Confirmed,False,False
/resource/eng/zukan/zukan.narc,/resource/eng/zukan/zukan.narc!/member_00109,0,/resource/eng/zukan/zukan.narc,346,109,,62492,62584,61400,61492,92,8c008a2a85b19447f52732d83345aa5399d26e3bf4f0af6e7ea89155b29da371,106b0000005245434efffe0001006b00,,Nintendo LZ10,Probable,,True,Nintendo LZ10,Confirmed,True,107,True,107,28e8f84b990c02ece56e7a99f1ca539c54a255d27a3505bd4f5e8971a5b1fa9f,NCER cell,Confirmed,False,False
/resource/eng/zukan/zukan.narc,/resource/eng/zukan/zukan.narc!/member_00110,0,/resource/eng/zukan/zukan.narc,346,110,,62584,62673,61492,61581,89,a0b2f2d152c11df428055b6857537241ba3f6eb3d577800c235d80e407b8452e,106f000000524e414efffe0001006f00,,Nintendo LZ10,Probable,,True,Nintendo LZ10,Confirmed,True,111,True,111,30249884bd91f10bc9d4e13e7b1495f09991b6f488405a0cdbb61cfb402d10ca,NANR animation,Confirmed,False,False
/resource/eng/zukan/zukan.narc,/resource/eng/zukan/zukan.narc!/member_00111,0,/resource/eng/zukan/zukan.narc,346,111,,62676,63374,61584,62282,698,f323a6c6ac4476bb5e60e46cf8383f080213d4e6a7d94e71bf61d80c2a48a71b,10300800005247434efffe0101003008,,Nintendo LZ10,Probable,,True,Nintendo LZ10,Confirmed,True,2096,True,2096,7aebfaffda6111ece12382cadd4b6bc8d10a3a374886057fea8be9708b5465b4,NCGR graphics,Confirmed,False,False
/resource/eng/zukan/zukan.narc,/resource/eng/zukan/zukan.narc!/member_00112,0,/resource/eng/zukan/zukan.narc,346,112,,63376,63701,62284,62609,325,842cbdb57cd215a61771a8ad48a0d03507622dc982acdaa94f0fdab72a510f83,10a8020000524e414efffe000100a802,,Nintendo LZ10,Probable,,True,Nintendo LZ10,Confirmed,True,680,True,680,e1ed8ab66c51a5744d11d4861cd1a594ea1259d3a24fedd7ffece232010cae5e,NANR animation,Confirmed,False,False
/resource/eng/zukan/zukan.narc,/resource/eng/zukan/zukan.narc!/member_00113,0,/resource/eng/zukan/zukan.narc,346,113,,63704,66281,62612,65189,2577,6e43077d3822460d90828b0ecb689a7c3e906e35c8710e8516fb9a85b7d9affa,10301f00005247434efffe010100301f,,Nintendo LZ10,Probable,,True,Nintendo LZ10,Confirmed,True,7984,True,7984,e7a985b26f5ddc806ba26ff1e6ae531bcce40648301803460f757f53cc1583dc,NCGR graphics,Confirmed,False,False
/resource/eng/zukan/zukan.narc,/resource/eng/zukan/zukan.narc!/member_00114,0,/resource/eng/zukan/zukan.narc,346,114,,66284,66682,65192,65590,398,10f73a83f45f6ab78c32e27a8b939d0088f60d8f64062d523ee7eb54f7744733,10dc0200005245434efffe000100dc02,,Nintendo LZ10,Probable,,True,Nintendo LZ10,Confirmed,True,732,True,732,eaa575b4805c89373dba43108fc061e87c44b838988ea5537e36f897607d9664,NCER cell,Confirmed,False,False
/resource/eng/zukan/zukan.narc,/resource/eng/zukan/zukan.narc!/member_00115,0,/resource/eng/zukan/zukan.narc,346,115,,66684,66790,65592,65698,106,dfd319f9b3fb0f63060774087984216ccc8fb2bb7249e15bb21de07e944cf63f,109a000000524e414efffe0001009a00,,Nintendo LZ10,Probable,,True,Nintendo LZ10,Confirmed,True,154,True,154,49d7bb5f6af6acbdf42fc87d1d8147207d9cf67c7b687408b3452b389bb40bcb,NANR animation,Confirmed,False,False
/resource/eng/zukan/zukan.narc,/resource/eng/zukan/zukan.narc!/member_00116,0,/resource/eng/zukan/zukan.narc,346,116,,66792,66902,65700,65810,110,dd15c296439b15637ef1edda40c345da5c328ca248968fc93c58c30a37278b8d,10300100005247434efffe0101003001,,Nintendo LZ10,Probable,,True,Nintendo LZ10,Confirmed,True,304,True,304,8edaac41d29f4c5aee8865074047b5f4f0e9ae94ca95bd50a4294a3cd338e6fd,NCGR graphics,Confirmed,False,False
/resource/eng/zukan/zukan.narc,/resource/eng/zukan/zukan.narc!/member_00117,0,/resource/eng/zukan/zukan.narc,346,117,,66904,66998,65812,65906,94,a7276a4b959eb10e2f4d2947519b5f17c2140caaff218ff04477d092cf00afc1,108e0000005245434efffe0001008e00,,Nintendo LZ10,Probable,,True,Nintendo LZ10,Confirmed,True,142,True,142,958e79557d59bd8ad873fa3b4bd011423535ff9b614eb6079f38ad69676e63df,NCER cell,Confirmed,False,False
/resource/eng/zukan/zukan.narc,/resource/eng/zukan/zukan.narc!/member_00118,0,/resource/eng/zukan/zukan.narc,346,118,,67000,67219,65908,66127,219,bc9e8be50832533c7776efebd37a151377aedf342e5855d568acec5f9681135f,10a0010000524e414efffe000100a001,,Nintendo LZ10,Probable,,True,Nintendo LZ10,Confirmed,True,416,True,416,921355637995a8c99f2472839d2ceff2f1fe3c067fe0f1b92f454dfb329b5c5a,NANR animation,Confirmed,False,False
/resource/eng/zukan/zukan.narc,/resource/eng/zukan/zukan.narc!/member_00119,0,/resource/eng/zukan/zukan.narc,346,119,,67220,67311,66128,66219,91,7612f9a945ad3054f148c590626a83009601177f3344108a83dfb77f80664d28,10b00000005247434efffe010100b000,,Nintendo LZ10,Probable,,True,Nintendo LZ10,Confirmed,True,176,True,176,9c056c84f296c6d9ffe77138a72de5a1abf11265e2cfba559fa5956f9590b62f,NCGR graphics,Confirmed,False,False
/resource/eng/zukan/zukan.narc,/resource/eng/zukan/zukan.narc!/member_00120,0,/resource/eng/zukan/zukan.narc,346,120,,67312,67449,66220,66357,137,bbdab1de92e7e702fb8733e3aa25ffe369d66f1daf62995a5e771842ab398fbf,10d80000005245434efffe000100d800,,Nintendo LZ10,Probable,,True,Nintendo LZ10,Confirmed,True,216,True,216,775b42bd7a268f1dff6a78ed6094ef1bc6ef975bfbd34088d439d6da5e8bf959,NCER cell,Confirmed,False,False
/resource/eng/zukan/zukan.narc,/resource/eng/zukan/zukan.narc!/member_00121,0,/resource/eng/zukan/zukan.narc,346,121,,67452,67600,66360,66508,148,2ed11f09e3cc7337e8f9e1f404ffd3282ae1c272d00375977d3bf457b82c2abe,10f1000000524e414efffe000100f100,,Nintendo LZ10,Probable,,True,Nintendo LZ10,Confirmed,True,241,True,241,10eb3e53bd25c0cd6b7294a0c895da6a9d56c12219e2faba476d40c44bb4e596,NANR animation,Confirmed,False,False
/resource/eng/zukan/zukan.narc,/resource/eng/zukan/zukan.narc!/member_00122,0,/resource/eng/zukan/zukan.narc,346,122,,67600,68594,66508,67502,994,92736fe63d1d2594ab7d043d21a7db01e864838081dee1f1290b0a5dd7ee1344,10b01800005247434efffe010100b018,,Nintendo LZ10,Probable,,True,Nintendo LZ10,Confirmed,True,6320,True,6320,03f1d6deae3df381fe4dbe76d0675988a77e9987ce69da5a799bca21fa989ecf,NCGR graphics,Confirmed,False,False
/resource/eng/zukan/zukan.narc,/resource/eng/zukan/zukan.narc!/member_00123,0,/resource/eng/zukan/zukan.narc,346,123,,68596,68769,67504,67677,173,642926d22f973087086e9927f04cd218ef0714e5299f42be71af77711def3552,10d90000005245434efffe000100d900,,Nintendo LZ10,Probable,,True,Nintendo LZ10,Confirmed,True,217,True,217,a8573fe65c4062444b93eec2664962358a2b95579e4270e572bfb90a4af3bdff,NCER cell,Confirmed,False,False
/resource/eng/zukan/zukan.narc,/resource/eng/zukan/zukan.narc!/member_00124,0,/resource/eng/zukan/zukan.narc,346,124,,68772,69057,67680,67965,285,50dd65879d7e6aa2626b2369c2327a5cf97600fb6c78533be74c5ff860691792,1033020000524e414efffe0001003302,,Nintendo LZ10,Probable,,True,Nintendo LZ10,Confirmed,True,563,True,563,542f78d9878edf37ec97393381c07d9c8e2b6532f2472ecb7886ea546865278f,NANR animation,Confirmed,False,False
/resource/eng/zukan/zukan.narc,/resource/eng/zukan/zukan.narc!/member_00125,0,/resource/eng/zukan/zukan.narc,346,125,,69060,70056,67968,68964,996,66f534294ba910deedf95990ea8686cc820a3528b9ff6899d5dc6f2569198ab7,10301300005247434efffe0101003013,,Nintendo LZ10,Probable,,True,Nintendo LZ10,Confirmed,True,4912,True,4912,b716c175a2c021ba6dc4d3d63f0926e634078d8978660a4c7b5c8ecface4cd7a,NCGR graphics,Confirmed,False,False
/resource/eng/zukan/zukan.narc,/resource/eng/zukan/zukan.narc!/member_00126,0,/resource/eng/zukan/zukan.narc,346,126,,70056,70567,68964,69475,511,62202f3c49ffa22987b858972eb64627d9ad6bb6fc2505500dec7d114c027f07,10f30300005245434efffe000100f303,,Nintendo LZ10,Probable,,True,Nintendo LZ10,Confirmed,True,1011,True,1011,aaa77ac3b456486d40282ee882b2042a01e3feb1350378d63726caf7144f5e1b,NCER cell,Confirmed,False,False
/resource/eng/zukan/zukan.narc,/resource/eng/zukan/zukan.narc!/member_00127,0,/resource/eng/zukan/zukan.narc,346,127,,70568,71086,69476,69994,518,1b6bc9e2ed84b361d3bd09741649ce9da709e02a17bb5c55b3705a076be34281,102f040000524e414efffe0001002f04,,Nintendo LZ10,Probable,,True,Nintendo LZ10,Confirmed,True,1071,True,1071,f872fd6af447c194a37c39248cf7ffe28abe34a45db908ad120506065eb61f2f,NANR animation,Confirmed,False,False
/resource/eng/zukan/zukan.narc,/resource/eng/zukan/zukan.narc!/member_00128,0,/resource/eng/zukan/zukan.narc,346,128,,71088,71954,69996,70862,866,06e50ddbab6ac2c34b1ae04c00634116efcfd6fd3f0ac0b6d07161d42944a5b7,10700e00005247434efffe010100700e,,Nintendo LZ10,Probable,,True,Nintendo LZ10,Confirmed,True,3696,True,3696,57aa43bdb6524bd4de18e80f0687df7738c4f64792ce35a28c4969d749434b92,NCGR graphics,Confirmed,False,False
/resource/eng/zukan/zukan.narc,/resource/eng/zukan/zukan.narc!/member_00129,0,/resource/eng/zukan/zukan.narc,346,129,,71956,72985,70864,71893,1029,ebc7ec29d74f1c1bda191b3c6e83c5502a830c42b08409335e1bc7f3ad65c581,10f70600005245434efffe000100f706,,Nintendo LZ10,Probable,,True,Nintendo LZ10,Confirmed,True,1783,True,1783,073b165e610defaa282dc1563535b9d7f38df1bb765d500c57eff5316fe759e0,NCER cell,Confirmed,False,False
/wazaeffect/we.arc,/wazaeffect/we.arc!/member_00000,0,/wazaeffect/we.arc,347,0,,4060,4352,0,292,292,b71a8fea0de7b81e47326fedba33148194ea9f60f979121bbb81c4cb3adce250,38000000390000000000000039000000,,,,,False,,,,,,,,,,False,False
/wazaeffect/we.arc,/wazaeffect/we.arc!/member_00001,0,/wazaeffect/we.arc,347,1,,4352,4628,292,568,276,ae800fc77a6c9da6d2b6a372657d0de851d5a84a9d365b252d6c38cf5aa86c9e,38000000390000000000000039000000,,,,,False,,,,,,,,,,False,False
/wazaeffect/we.arc,/wazaeffect/we.arc!/member_00002,0,/wazaeffect/we.arc,347,2,,4628,4936,568,876,308,01538e6206a02a7ca123a6a2dde4df5f757655dbfddba3e0e2f02777e910b513,38000000390000000000000039000000,,,,,False,,,,,,,,,,False,False
/wazaeffect/we.arc,/wazaeffect/we.arc!/member_00003,0,/wazaeffect/we.arc,347,3,,4936,5296,876,1236,360,623ca6c48248e666e108ecaac739d9ed1f5dff194e8cb230e091db2b5d2a912d,38000000390000000000000039000000,,,,,False,,,,,,,,,,False,False
/wazaeffect/we.arc,/wazaeffect/we.arc!/member_00004,0,/wazaeffect/we.arc,347,4,,5296,5592,1236,1532,296,2d96b3e25bd2ea4abc21d1173d9c6098734f221b57a51c39508fa8a6fdfb242c,38000000390000000000000039000000,,,,,False,,,,,,,,,,False,False
/wazaeffect/we.arc,/wazaeffect/we.arc!/member_00005,0,/wazaeffect/we.arc,347,5,,5592,5956,1532,1896,364,45f055833b9f828e65a4b8ab9a840eb02379727ad6bc53142086282e74f3823b,38000000390000000000000039000000,,,,,False,,,,,,,,,,False,False
/wazaeffect/we.arc,/wazaeffect/we.arc!/member_00006,0,/wazaeffect/we.arc,347,6,,5956,6312,1896,2252,356,3b802f1664752b7b8ea3d1f33e6059565283d7cc56f66162961cc80306860b37,38000000390000000000000039000000,,,,,False,,,,,,,,,,False,False
/wazaeffect/we.arc,/wazaeffect/we.arc!/member_00007,0,/wazaeffect/we.arc,347,7,,6312,6688,2252,2628,376,a2b734699d953b5416acb0aad7f386dcd2801e5a767063f9402b5e7abe1e7939,38000000390000000000000039000000,,,,,False,,,,,,,,,,False,False
/wazaeffect/we.arc,/wazaeffect/we.arc!/member_00008,0,/wazaeffect/we.arc,347,8,,6688,7064,2628,3004,376,3dcc03619813cf2e0f807c53e332c868fde77b12675c3dd16243801e31de2c51,38000000390000000000000039000000,,,,,False,,,,,,,,,,False,False
/wazaeffect/we.arc,/wazaeffect/we.arc!/member_00009,0,/wazaeffect/we.arc,347,9,,7064,7440,3004,3380,376,2d82b626e511e92d8dc208d59a8c913e8c22fe3fe5fea831c69ac73d4fd9c906,38000000390000000000000039000000,,,,,False,,,,,,,,,,False,False
/wazaeffect/we.arc,/wazaeffect/we.arc!/member_00010,0,/wazaeffect/we.arc,347,10,,7440,7716,3380,3656,276,79da980b5c0bcf71fd15fd4c6a32a1538c5eede9415605973082a18a14eeaedc,38000000390000000000000039000000,,,,,False,,,,,,,,,,False,False
/wazaeffect/we.arc,/wazaeffect/we.arc!/member_00011,0,/wazaeffect/we.arc,347,11,,7716,8008,3656,3948,292,9cbcd7114521766b12650c5cadce41797d96dd7aae1d8c9092c8e28ebe82ee4c,38000000390000000000000039000000,,,,,False,,,,,,,,,,False,False
/wazaeffect/we.arc,/wazaeffect/we.arc!/member_00012,0,/wazaeffect/we.arc,347,12,,8008,8436,3948,4376,428,f574e0ab98a37049df3881f2e80276cd6480168fb3e67a1f516fa2207a939c95,38000000390000000000000039000000,,,,,False,,,,,,,,,,False,False
/wazaeffect/we.arc,/wazaeffect/we.arc!/member_00013,0,/wazaeffect/we.arc,347,13,,8436,9000,4376,4940,564,c8d2a738b3eab1c4c4e92b9df08381d4dbb9b80f09468583613154b510c5c62a,0d000000030000003f00000004000000,,,,,False,,,,,,,,,,False,False
/wazaeffect/we.arc,/wazaeffect/we.arc!/member_00014,0,/wazaeffect/we.arc,347,14,,9000,9244,4940,5184,244,84eb9a28271343fff48faf58767a0b9545f3d36be939c6ddc62d9265eed5b848,38000000390000000000000039000000,,,,,False,,,,,,,,,,False,False
/wazaeffect/we.arc,/wazaeffect/we.arc!/member_00015,0,/wazaeffect/we.arc,347,15,,9244,9520,5184,5460,276,34aa3b37df57e4cd40b8aaf92694bb0f5af4ea766785f62075c17a9d0202c703,38000000390000000000000039000000,,,,,False,,,,,,,,,,False,False
/wazaeffect/we.arc,/wazaeffect/we.arc!/member_00016,0,/wazaeffect/we.arc,347,16,,9520,9892,5460,5832,372,e443de44611d5309a61b4fdd21efb1e302ccf0a44e4083efd0728b5459563963,38000000390000000000000039000000,,,,,False,,,,,,,,,,False,False
/wazaeffect/we.arc,/wazaeffect/we.arc!/member_00017,0,/wazaeffect/we.arc,347,17,,9892,10176,5832,6116,284,844f292df90e794455202d3c24a44a4e665e1ebcdaa0c0437983b849b59f6815,38000000390000000000000039000000,,,,,False,,,,,,,,,,False,False
/wazaeffect/we.arc,/wazaeffect/we.arc!/member_00018,0,/wazaeffect/we.arc,347,18,,10176,10568,6116,6508,392,8d8af1fcd008d87f2a94d00222434b994b0197949e7d87027e0ca9c9dd057d55,38000000390000000000000039000000,,,,,False,,,,,,,,,,False,False
/wazaeffect/we.arc,/wazaeffect/we.arc!/member_00019,0,/wazaeffect/we.arc,347,19,,10568,11492,6508,7432,924,71368e3ea993c8e5d2e8757c48f16d597d170a6210fdf611ba76be027232bb46,38000000390000000000000039000000,,,,,False,,,,,,,,,,False,False
/wazaeffect/we.arc,/wazaeffect/we.arc!/member_00020,0,/wazaeffect/we.arc,347,20,,11492,11856,7432,7796,364,759bbe1b749f21620b33141abf01e590019bbc369a10c74c1fe4fdbcf335f7aa,38000000390000000000000039000000,,,,,False,,,,,,,,,,False,False
/wazaeffect/we.arc,/wazaeffect/we.arc!/member_00021,0,/wazaeffect/we.arc,347,21,,11856,12224,7796,8164,368,15b570190aba1c04a6db2157f816138f4729645e6cfea56a44a99907ca16a19f,38000000390000000000000039000000,,,,,False,,,,,,,,,,False,False
/wazaeffect/we.arc,/wazaeffect/we.arc!/member_00022,0,/wazaeffect/we.arc,347,22,,12224,12592,8164,8532,368,8c8e03b6f12fbd66b906e58050091f3a9d208ee9f2507f90c6aa9908f6252d2c,38000000390000000000000039000000,,,,,False,,,,,,,,,,False,False
/wazaeffect/we.arc,/wazaeffect/we.arc!/member_00023,0,/wazaeffect/we.arc,347,23,,12592,12920,8532,8860,328,ca4c41a9972ef163f9d6aa85f052fac8f418aadabb6da6369243f6ce08bd9190,38000000390000000000000039000000,,,,,False,,,,,,,,,,False,False
/wazaeffect/we.arc,/wazaeffect/we.arc!/member_00024,0,/wazaeffect/we.arc,347,24,,12920,13312,8860,9252,392,b788e01d54688ff0b3f3f68de8686e008550567817bc1a0407335bb9f18a7027,38000000390000000000000039000000,,,,,False,,,,,,,,,,False,False
/wazaeffect/we.arc,/wazaeffect/we.arc!/member_00025,0,/wazaeffect/we.arc,347,25,,13312,13736,9252,9676,424,24f163d57ca0aab9c48717ce931283a6cee2d03fb978ae6879db63ad9da414d4,38000000390000000000000039000000,,,,,False,,,,,,,,,,False,False
/wazaeffect/we.arc,/wazaeffect/we.arc!/member_00026,0,/wazaeffect/we.arc,347,26,,13736,14164,9676,10104,428,e81a3abb1ec0e00f62d6180204bd1bf226ad8a76c1df5242ef43de918569263f,38000000390000000000000039000000,,,,,False,,,,,,,,,,False,False
/wazaeffect/we.arc,/wazaeffect/we.arc!/member_00027,0,/wazaeffect/we.arc,347,27,,14164,14680,10104,10620,516,74663ecca0b5129e1978c6b218c5e792222a3f466e6f6b1fbf9bf913ee1c490a,38000000390000000000000039000000,,,,,False,,,,,,,,,,False,False
/wazaeffect/we.arc,/wazaeffect/we.arc!/member_00028,0,/wazaeffect/we.arc,347,28,,14680,15096,10620,11036,416,d3e0727fb90c4a6d6ef1244c248c307376c954a64507fee4c52b0f258053e9a7,38000000390000000000000039000000,,,,,False,,,,,,,,,,False,False
/wazaeffect/we.arc,/wazaeffect/we.arc!/member_00029,0,/wazaeffect/we.arc,347,29,,15096,15448,11036,11388,352,1bfb5c137fbe736dd75cb1b0ad2e740b17e7f60a9e60c7f44bde50b0f473c901,38000000390000000000000039000000,,,,,False,,,,,,,,,,False,False
/wazaeffect/we.arc,/wazaeffect/we.arc!/member_00030,0,/wazaeffect/we.arc,347,30,,15448,16544,11388,12484,1096,88f90f56a7bdabaa6d1cf50eea5f37691afb0e0b2bfe5cfc6a610e38f3422360,47000000060000004000000000000000,,,,,False,,,,,,,,,,False,False
/wazaeffect/we.arc,/wazaeffect/we.arc!/member_00031,0,/wazaeffect/we.arc,347,31,,16544,16892,12484,12832,348,35febad631e10bf78fe8f8a9114af8c2b2bfaad37e37f6efb89ec8b94c12b3f4,38000000390000000000000039000000,,,,,False,,,,,,,,,,False,False
/wazaeffect/we.arc,/wazaeffect/we.arc!/member_00032,0,/wazaeffect/we.arc,347,32,,16892,17608,12832,13548,716,1b065349dbf3b7f67bb8d7dc62f0d857f1a72a132d97d1592c67671423319d35,38000000390000000000000039000000,,,,,False,,,,,,,,,,False,False
/wazaeffect/we.arc,/wazaeffect/we.arc!/member_00033,0,/wazaeffect/we.arc,347,33,,17608,17948,13548,13888,340,c3ea3fb7fedb98d31b72be359e97c68b28ce3589055745d0b364fc73f0742955,38000000390000000000000039000000,,,,,False,,,,,,,,,,False,False
/wazaeffect/we.arc,/wazaeffect/we.arc!/member_00034,0,/wazaeffect/we.arc,347,34,,17948,18356,13888,14296,408,67ff3b016473674fffbe90fd6264e4052616dcd70b203bd8ad49d6c504b5d90d,38000000390000000000000039000000,,,,,False,,,,,,,,,,False,False
/wazaeffect/we.arc,/wazaeffect/we.arc!/member_00035,0,/wazaeffect/we.arc,347,35,,18356,18676,14296,14616,320,803adb12ad62750a8d56bf6768b197641de5ded6ba98fba18cc8cd355585a9d7,38000000390000000000000039000000,,,,,False,,,,,,,,,,False,False
/wazaeffect/we.arc,/wazaeffect/we.arc!/member_00036,0,/wazaeffect/we.arc,347,36,,18676,19072,14616,15012,396,f089818ac022007eddc308e9dfed2bf4b2724eec92010b19f26c013eb0b96350,38000000390000000000000039000000,,,,,False,,,,,,,,,,False,False
/wazaeffect/we.arc,/wazaeffect/we.arc!/member_00037,0,/wazaeffect/we.arc,347,37,,19072,20008,15012,15948,936,fa3dd7ac90e589bcedaecc7cae4db066f72be121fe2231363dd97c1b850c3b3d,38000000390000000000000039000000,,,,,False,,,,,,,,,,False,False
/wazaeffect/we.arc,/wazaeffect/we.arc!/member_00038,0,/wazaeffect/we.arc,347,38,,20008,20612,15948,16552,604,9eb9b02f31fb219ba4b8f90d8beb38f121dd49496fa199f55d6b956e99262953,38000000390000000000000039000000,,,,,False,,,,,,,,,,False,False
/wazaeffect/we.arc,/wazaeffect/we.arc!/member_00039,0,/wazaeffect/we.arc,347,39,,20612,20668,16552,16608,56,73e0dacba7cc5c5bea39b217afd2210442b5d0f9b38c442ce21eefb9a9864170,02000000020000001600000034070000,,,,,False,,,,,,,,,,False,False
/wazaeffect/we.arc,/wazaeffect/we.arc!/member_00040,0,/wazaeffect/we.arc,347,40,,20668,21148,16608,17088,480,994ac14515437a2058c82d5384a2f4a37ed2f551d8f32828b6b5ef536a5bb7de,38000000390000000000000039000000,,,,,False,,,,,,,,,,False,False
/wazaeffect/we.arc,/wazaeffect/we.arc!/member_00041,0,/wazaeffect/we.arc,347,41,,21148,21632,17088,17572,484,d9421dced753267f9dd569d94d887bc44cd5899ae328f24481f2eed29dd91129,38000000390000000000000039000000,,,,,False,,,,,,,,,,False,False
/wazaeffect/we.arc,/wazaeffect/we.arc!/member_00042,0,/wazaeffect/we.arc,347,42,,21632,23132,17572,19072,1500,2dc00911c06b56b604ac870c4a6cebcc23b4b25b3d0ea45abd9dbe7d45f080d4,47000000bd0000004000000000000000,,,,,False,,,,,,,,,,False,False
/wazaeffect/we.arc,/wazaeffect/we.arc!/member_00043,0,/wazaeffect/we.arc,347,43,,23132,24100,19072,20040,968,4846417688439ea1d2e44c46c9dfa53399f1e8e42a3393ba19e34317c5bb8b96,38000000390000000000000039000000,,,,,False,,,,,,,,,,False,False
/wazaeffect/we.arc,/wazaeffect/we.arc!/member_00044,0,/wazaeffect/we.arc,347,44,,24100,24428,20040,20368,328,aee1eb67bc7bf36fe80bc4144311518bf6d2094e143bd207d32864dfa9786836,38000000390000000000000039000000,,,,,False,,,,,,,,,,False,False
/wazaeffect/we.arc,/wazaeffect/we.arc!/member_00045,0,/wazaeffect/we.arc,347,45,,24428,24780,20368,20720,352,c112998b4a77e6359ef46f7ec2070d213c6911d59dd2f1855d1746cc32b6592e,38000000390000000000000039000000,,,,,False,,,,,,,,,,False,False
/wazaeffect/we.arc,/wazaeffect/we.arc!/member_00046,0,/wazaeffect/we.arc,347,46,,24780,25216,20720,21156,436,999653603074b68145d73cf7bc2610b460e73e5787b4da98251c7133ac999895,38000000390000000000000039000000,,,,,False,,,,,,,,,,False,False
/wazaeffect/we.arc,/wazaeffect/we.arc!/member_00047,0,/wazaeffect/we.arc,347,47,,25216,25592,21156,21532,376,370f64067be5c282a0ab39ff94e9c2e55be4a6c58c809dd6a5cd4d8ddc1cdd6c,38000000390000000000000039000000,,,,,False,,,,,,,,,,False,False
/wazaeffect/we.arc,/wazaeffect/we.arc!/member_00048,0,/wazaeffect/we.arc,347,48,,25592,25984,21532,21924,392,5146c7c785e9c05d1f69a7ad6538e5b31eca89849da153fd9133922f4ca66994,38000000390000000000000039000000,,,,,False,,,,,,,,,,False,False
/wazaeffect/we.arc,/wazaeffect/we.arc!/member_00049,0,/wazaeffect/we.arc,347,49,,25984,28184,21924,24124,2200,182b9a23f3465a7d8cd3bd7a213532215de6fda1a59048f804b621942c7fb8dd,47000000060000004000000000000000,,,,,False,,,,,,,,,,False,False
/wazaeffect/we.arc,/wazaeffect/we.arc!/member_00050,0,/wazaeffect/we.arc,347,50,,28184,29960,24124,25900,1776,9f351cce0ed4fee8ebbed39ed53e99e1fc7097cf771918f0fd5db451c3cb6dc3,38000000390000000000000039000000,,,,,False,,,,,,,,,,False,False
/wazaeffect/we.arc,/wazaeffect/we.arc!/member_00051,0,/wazaeffect/we.arc,347,51,,29960,30444,25900,26384,484,1aa314c2e056bdc9e795713dfd0e49b99366c3398399793b2311c1dffca700ba,38000000390000000000000039000000,,,,,False,,,,,,,,,,False,False
/wazaeffect/we.arc,/wazaeffect/we.arc!/member_00052,0,/wazaeffect/we.arc,347,52,,30444,30780,26384,26720,336,6f53a012808125f01eccc71a5548b13726be59d0e72fc98a75e03d3a3d72a801,38000000390000000000000039000000,,,,,False,,,,,,,,,,False,False
/wazaeffect/we.arc,/wazaeffect/we.arc!/member_00053,0,/wazaeffect/we.arc,347,53,,30780,31244,26720,27184,464,900579285d53f26f890a772cf7cf9187915e44f6583b5aeb286f1de16dee95ed,38000000390000000000000039000000,,,,,False,,,,,,,,,,False,False
/wazaeffect/we.arc,/wazaeffect/we.arc!/member_00054,0,/wazaeffect/we.arc,347,54,,31244,31620,27184,27560,376,9c43e5c55e09613806784b163412f6e3084d39cc55eead973e131edf7cff93e3,38000000390000000000000039000000,,,,,False,,,,,,,,,,False,False
/wazaeffect/we.arc,/wazaeffect/we.arc!/member_00055,0,/wazaeffect/we.arc,347,55,,31620,32304,27560,28244,684,6d3dcc790b46303aa3f7ffd1ad4c5ab2b575729b24b040754b081d41780cb551,38000000390000000000000039000000,,,,,False,,,,,,,,,,False,False
/wazaeffect/we.arc,/wazaeffect/we.arc!/member_00056,0,/wazaeffect/we.arc,347,56,,32304,32964,28244,28904,660,b6771c022197a7d4c085434bf14ea063d7e84b17cb32a6b4270e3585a17272d5,38000000390000000000000039000000,,,,,False,,,,,,,,,,False,False
/wazaeffect/we.arc,/wazaeffect/we.arc!/member_00057,0,/wazaeffect/we.arc,347,57,,32964,33976,28904,29916,1012,c3654c25f09083e60d4593894dd9267d59aa47c66f505bf2826363d39cb9987e,38000000390000000000000039000000,,,,,False,,,,,,,,,,False,False
/wazaeffect/we.arc,/wazaeffect/we.arc!/member_00058,0,/wazaeffect/we.arc,347,58,,33976,34392,29916,30332,416,343ccd5611a6fba1b0b56b0229ea2c5ffda604e402fbe65aa38f697219d4b97c,38000000390000000000000039000000,,,,,False,,,,,,,,,,False,False
/wazaeffect/we.arc,/wazaeffect/we.arc!/member_00059,0,/wazaeffect/we.arc,347,59,,34392,35396,30332,31336,1004,25e78da8106f1bc441a257e21ef0b3c54f1240ef03e4f44a9e6683b67a6df547,38000000390000000000000039000000,,,,,False,,,,,,,,,,False,False
/wazaeffect/we.arc,/wazaeffect/we.arc!/member_00060,0,/wazaeffect/we.arc,347,60,,35396,35812,31336,31752,416,caa43522464dfb6f4d579efb2677797c9d04c10414808afc8a5bce1342aa161a,38000000390000000000000039000000,,,,,False,,,,,,,,,,False,False
/wazaeffect/we.arc,/wazaeffect/we.arc!/member_00061,0,/wazaeffect/we.arc,347,61,,35812,36256,31752,32196,444,6b823cf158792682b8f7496a15c0224fcb8a24c86e121006ffc17e90e67636f5,38000000390000000000000039000000,,,,,False,,,,,,,,,,False,False
/wazaeffect/we.arc,/wazaeffect/we.arc!/member_00062,0,/wazaeffect/we.arc,347,62,,36256,36668,32196,32608,412,c9fb7b0e26d78a4e1634af631b2b9b0d14423488ba13ad0a6c0420d24e83b3d7,38000000390000000000000039000000,,,,,False,,,,,,,,,,False,False
/wazaeffect/we.arc,/wazaeffect/we.arc!/member_00063,0,/wazaeffect/we.arc,347,63,,36668,37932,32608,33872,1264,ca2355f8d0b39a3602db6d67de2efeda914f98766a395003472c2301c5ee841f,38000000390000000000000039000000,,,,,False,,,,,,,,,,False,False
/wazaeffect/we.arc,/wazaeffect/we.arc!/member_00064,0,/wazaeffect/we.arc,347,64,,37932,38216,33872,34156,284,f4e8d1dcda2b6bb9c7860b9751762f8a7b611bb889540f64bc8659a6bad947f3,38000000390000000000000039000000,,,,,False,,,,,,,,,,False,False
/wazaeffect/we.arc,/wazaeffect/we.arc!/member_00065,0,/wazaeffect/we.arc,347,65,,38216,39788,34156,35728,1572,70a0289db46da1d476e53a7029c2442cca8449d4e0dfa0c227e92753fdd0e690,38000000390000000000000039000000,,,,,False,,,,,,,,,,False,False
/wazaeffect/we.arc,/wazaeffect/we.arc!/member_00066,0,/wazaeffect/we.arc,347,66,,39788,40556,35728,36496,768,28cf9fe95b009c55e4630ddefe8db6c0516ac1b6d9cd7fd36407c41d5c814e80,38000000390000000000000039000000,,,,,False,,,,,,,,,,False,False
/wazaeffect/we.arc,/wazaeffect/we.arc!/member_00067,0,/wazaeffect/we.arc,347,67,,40556,40868,36496,36808,312,bd66ef61d04da1b3bfc0039af3e87c98fcb9c5d33f988ebc26e1dcca38fc06b3,38000000390000000000000039000000,,,,,False,,,,,,,,,,False,False
/wazaeffect/we.arc,/wazaeffect/we.arc!/member_00068,0,/wazaeffect/we.arc,347,68,,40868,41288,36808,37228,420,9f0e29750f3c53b78f67333c6b3963af51cf37e64e575b973fb6007eb39e37d7,38000000390000000000000039000000,,,,,False,,,,,,,,,,False,False
/wazaeffect/we.arc,/wazaeffect/we.arc!/member_00069,0,/wazaeffect/we.arc,347,69,,41288,41880,37228,37820,592,c618d473d4879e24ed5b324339042140caa999589c420c06df29b4cf71f684dc,38000000390000000000000039000000,,,,,False,,,,,,,,,,False,False
/wazaeffect/we.arc,/wazaeffect/we.arc!/member_00070,0,/wazaeffect/we.arc,347,70,,41880,42168,37820,38108,288,0468b1bbc6b00a8d4add2f591634c157c0842c435ffc3aab9c9170b91b27f153,38000000390000000000000039000000,,,,,False,,,,,,,,,,False,False
/wazaeffect/we.arc,/wazaeffect/we.arc!/member_00071,0,/wazaeffect/we.arc,347,71,,42168,42636,38108,38576,468,900f14fa1dbacfd50e85a96c1e71e79e2a88058b747d674290d6ef4d04e62d19,38000000390000000000000039000000,,,,,False,,,,,,,,,,False,False
/wazaeffect/we.arc,/wazaeffect/we.arc!/member_00072,0,/wazaeffect/we.arc,347,72,,42636,43148,38576,39088,512,966624457d1ef22746ba9bc5021f991c742afcdee8a02d8878bf0b4b3bbddc75,38000000390000000000000039000000,,,,,False,,,,,,,,,,False,False
/wazaeffect/we.arc,/wazaeffect/we.arc!/member_00073,0,/wazaeffect/we.arc,347,73,,43148,44424,39088,40364,1276,303268dd82c396fd6c69286c74ded39e69cfe6a23bd432d13f654ac12a0b6aa2,38000000390000000000000039000000,,,,,False,,,,,,,,,,False,False
/wazaeffect/we.arc,/wazaeffect/we.arc!/member_00074,0,/wazaeffect/we.arc,347,74,,44424,44456,40364,40396,32,17688f8c5f58e332dddf8965ea708fccc8675174a1f8ef37d5c16b4284b5798f,2d0000000d0000000000000016000000,,,,,False,,,,,,,,,,False,False
/wazaeffect/we.arc,/wazaeffect/we.arc!/member_00075,0,/wazaeffect/we.arc,347,75,,44456,44896,40396,40836,440,a78dfccd5a0d282aa113d4ad2adac33b7953f8d662db337d7960b1e3a2db94dd,38000000390000000000000039000000,,,,,False,,,,,,,,,,False,False
/wazaeffect/we.arc,/wazaeffect/we.arc!/member_00076,0,/wazaeffect/we.arc,347,76,,44896,45532,40836,41472,636,63a7bed4c4fa19abe83dd69dc4a75d9e3d7ee46446eafdeee6c0e8154ec257c7,38000000390000000000000039000000,,,,,False,,,,,,,,,,False,False
/wazaeffect/we.arc,/wazaeffect/we.arc!/member_00077,0,/wazaeffect/we.arc,347,77,,45532,45804,41472,41744,272,c6f780817ec3263020522da821b6ff7dc73a196da5b80cc996c7cb17b20d7921,38000000390000000000000039000000,,,,,False,,,,,,,,,,False,False
/wazaeffect/we.arc,/wazaeffect/we.arc!/member_00078,0,/wazaeffect/we.arc,347,78,,45804,46076,41744,42016,272,58895cb50a18c1605b8f988cd93cc7d0dc3c0d38210ec65e5469789c3d5114b2,38000000390000000000000039000000,,,,,False,,,,,,,,,,False,False
/wazaeffect/we.arc,/wazaeffect/we.arc!/member_00079,0,/wazaeffect/we.arc,347,79,,46076,46348,42016,42288,272,f82e5c2d21bb7ce206f68cf2f436d85eafbb3df9b61693e6a85f79fa789465dd,38000000390000000000000039000000,,,,,False,,,,,,,,,,False,False
/wazaeffect/we.arc,/wazaeffect/we.arc!/member_00080,0,/wazaeffect/we.arc,347,80,,46348,46844,42288,42784,496,b93ba71aa4751678b7dc2bef803541d762c483cd42784168588cffd4a7852518,38000000390000000000000039000000,,,,,False,,,,,,,,,,False,False
/wazaeffect/we.arc,/wazaeffect/we.arc!/member_00081,0,/wazaeffect/we.arc,347,81,,46844,47652,42784,43592,808,eba94c7bef2d9e46c87cec9a549383b5d557dcd7473662b49734ff2e172410a9,38000000390000000000000039000000,,,,,False,,,,,,,,,,False,False
/wazaeffect/we.arc,/wazaeffect/we.arc!/member_00082,0,/wazaeffect/we.arc,347,82,,47652,48092,43592,44032,440,cc15e3ddeea8316ff8884346e7f9b36fe7756ef83a40a451af51eb25b8138e9c,38000000390000000000000039000000,,,,,False,,,,,,,,,,False,False
/wazaeffect/we.arc,/wazaeffect/we.arc!/member_00083,0,/wazaeffect/we.arc,347,83,,48092,48408,44032,44348,316,b8f146a2b6af002f41755e10c293f6ab8bbff6445145fc04e24ef3a0139b38b2,38000000390000000000000039000000,,,,,False,,,,,,,,,,False,False
/wazaeffect/we.arc,/wazaeffect/we.arc!/member_00084,0,/wazaeffect/we.arc,347,84,,48408,48800,44348,44740,392,43c2bfcda84e19da6c5f9de562cec38b44c057d31c62a39f2a6e272b4c614a31,38000000390000000000000039000000,,,,,False,,,,,,,,,,False,False
/wazaeffect/we.arc,/wazaeffect/we.arc!/member_00085,0,/wazaeffect/we.arc,347,85,,48800,49280,44740,45220,480,8291ad0a16be6d298a665517923c6e91aa09b2647e963b101ec2b0979540a5e7,38000000390000000000000039000000,,,,,False,,,,,,,,,,False,False
/wazaeffect/we.arc,/wazaeffect/we.arc!/member_00086,0,/wazaeffect/we.arc,347,86,,49280,49696,45220,45636,416,260e06c16a72ea72e44c6e458a62a9ffd21a4f16440aa1e2a9813df61ffe6576,38000000390000000000000039000000,,,,,False,,,,,,,,,,False,False
/wazaeffect/we.arc,/wazaeffect/we.arc!/member_00087,0,/wazaeffect/we.arc,347,87,,49696,50380,45636,46320,684,bcb4a57be93f835d8c52cfdc68b8b16514b2abbd7cb2b74b83991157b2a93b98,38000000390000000000000039000000,,,,,False,,,,,,,,,,False,False
/wazaeffect/we.arc,/wazaeffect/we.arc!/member_00088,0,/wazaeffect/we.arc,347,88,,50380,50704,46320,46644,324,5298bfdf3fd7c05d551279fdb7943ee29a0105054b5981b4034e8f784e60566c,38000000390000000000000039000000,,,,,False,,,,,,,,,,False,False
/wazaeffect/we.arc,/wazaeffect/we.arc!/member_00089,0,/wazaeffect/we.arc,347,89,,50704,50960,46644,46900,256,0f6714c37fb45ffd8e52e3a1708e876476f26d1a8df74a1fd34842c9d6a2ed58,38000000390000000000000039000000,,,,,False,,,,,,,,,,False,False
/wazaeffect/we.arc,/wazaeffect/we.arc!/member_00090,0,/wazaeffect/we.arc,347,90,,50960,51488,46900,47428,528,1d61cfcd6c39440793c078f2c33c46fd1d41a78e974e536ea4cce515be7fa3df,38000000390000000000000039000000,,,,,False,,,,,,,,,,False,False
/wazaeffect/we.arc,/wazaeffect/we.arc!/member_00091,0,/wazaeffect/we.arc,347,91,,51488,53132,47428,49072,1644,c19a513f3747baeb983b1ce1d4fc132cd2e2ebb06b5187c423295ae25515e04e,38000000390000000000000039000000,,,,,False,,,,,,,,,,False,False
/wazaeffect/we.arc,/wazaeffect/we.arc!/member_00092,0,/wazaeffect/we.arc,347,92,,53132,54096,49072,50036,964,571e2ffa6b5d515b01d248a4cb0d6b4ccc0e00bd860aa256e623320ec19ae2f8,38000000390000000000000039000000,,,,,False,,,,,,,,,,False,False
/wazaeffect/we.arc,/wazaeffect/we.arc!/member_00093,0,/wazaeffect/we.arc,347,93,,54096,54336,50036,50276,240,bec8b52db1196f8f62798d3484756ddc8263cda3743c17b84d27f28ed44c24d4,10000000140000000100000014000000,,Nintendo LZ10,Probable,,True,Nintendo LZ10,Probable,True,20,False,,,,,False,False
/wazaeffect/we.arc,/wazaeffect/we.arc!/member_00094,0,/wazaeffect/we.arc,347,94,,54336,54612,50276,50552,276,259d92a3466dfefebd27494ee2277d1c4aa2a012b777f0abcf58a69c2b29b162,3800000039000000000000003a000000,,,,,False,,,,,,,,,,False,False
/wazaeffect/we.arc,/wazaeffect/we.arc!/member_00095,0,/wazaeffect/we.arc,347,95,,54612,55052,50552,50992,440,711572984ee7a4961aec70023447a3f7514ba58a2774828a8cad299aca881c3a,38000000390000000000000039000000,,,,,False,,,,,,,,,,False,False
/wazaeffect/we.arc,/wazaeffect/we.arc!/member_00096,0,/wazaeffect/we.arc,347,96,,55052,55172,50992,51112,120,34c001e3b383e3aaf5f141993271f5dcaf0d6048984ff4fb45ccdaac44555809,2d000000210000000500000000000000,,,,,False,,,,,,,,,,False,False
/wazaeffect/we.arc,/wazaeffect/we.arc!/member_00097,0,/wazaeffect/we.arc,347,97,,55172,55984,51112,51924,812,029d85e928a768a8b4f6257664117392e895fafa8c99daa43564d84136404376,38000000390000000000000039000000,,,,,False,,,,,,,,,,False,False
/wazaeffect/we.arc,/wazaeffect/we.arc!/member_00098,0,/wazaeffect/we.arc,347,98,,55984,56436,51924,52376,452,94c094ac2859cef9b139b4f128344ef1794a7ea08b6097f1538f01454c5cf740,38000000390000000000000039000000,,,,,False,,,,,,,,,,False,False
/wazaeffect/we.arc,/wazaeffect/we.arc!/member_00099,0,/wazaeffect/we.arc,347,99,,56436,56824,52376,52764,388,88ebda71d48c5397118bc47a4408b0c07b730055c96afee3516c893ccba6af3c,38000000390000000000000039000000,,,,,False,,,,,,,,,,False,False
/wazaeffect/we.arc,/wazaeffect/we.arc!/member_00100,0,/wazaeffect/we.arc,347,100,,56824,57136,52764,53076,312,239fe63b68ca08becf75cfcb11b0abcc58eda0add2cbc73ce9e9d595e5b5a453,38000000390000000000000039000000,,,,,False,,,,,,,,,,False,False
/wazaeffect/we.arc,/wazaeffect/we.arc!/member_00101,0,/wazaeffect/we.arc,347,101,,57136,57376,53076,53316,240,98aa07e598605726d276f75d53be3d8693e97703be535e5612e41b778f7ac67a,2d000000210000000500000000000000,,,,,False,,,,,,,,,,False,False
/wazaeffect/we.arc,/wazaeffect/we.arc!/member_00102,0,/wazaeffect/we.arc,347,102,,57376,58184,53316,54124,808,f8428c6747dd2cd7a8a0b21add0dad97cd9f1bc1483d077b0dc477b6d4b3a2e4,38000000390000000000000039000000,,,,,False,,,,,,,,,,False,False
/wazaeffect/we.arc,/wazaeffect/we.arc!/member_00103,0,/wazaeffect/we.arc,347,103,,58184,58544,54124,54484,360,1d75272920faa7c37010dcfb0b53f991c50d64d08f42abe7e2862b11280be585,38000000390000000000000039000000,,,,,False,,,,,,,,,,False,False
/wazaeffect/we.arc,/wazaeffect/we.arc!/member_00104,0,/wazaeffect/we.arc,347,104,,58544,58804,54484,54744,260,5ce8da0e9fd8dff6238eadaac1f34d969768cd6859ba665df6ab8820261b3c2e,38000000390000000000000039000000,,,,,False,,,,,,,,,,False,False
/wazaeffect/we.arc,/wazaeffect/we.arc!/member_00105,0,/wazaeffect/we.arc,347,105,,58804,59108,54744,55048,304,c98a3eaf9bf8d513c434010aa70469c0c26a24bd4418913ca8ba10ece0220032,38000000390000000000000039000000,,,,,False,,,,,,,,,,False,False
/wazaeffect/we.arc,/wazaeffect/we.arc!/member_00106,0,/wazaeffect/we.arc,347,106,,59108,59476,55048,55416,368,e6c071c08298306d8c19bb8a522bec9335d12c642cd8b380803e6ac48d6d19f2,38000000390000000000000039000000,,,,,False,,,,,,,,,,False,False
/wazaeffect/we.arc,/wazaeffect/we.arc!/member_00107,0,/wazaeffect/we.arc,347,107,,59476,59680,55416,55620,204,69be86e1314e73c117a672d31e7065d4d167407d891a766d4b2094da98e46ff6,3800000039000000000000003a000000,,,,,False,,,,,,,,,,False,False
/wazaeffect/we.arc,/wazaeffect/we.arc!/member_00108,0,/wazaeffect/we.arc,347,108,,59680,60204,55620,56144,524,de4ea0558e3e9c63b269a9b9520401a282c5256ad3be8a733fc519ebf5b94125,38000000390000000000000039000000,,,,,False,,,,,,,,,,False,False
/wazaeffect/we.arc,/wazaeffect/we.arc!/member_00109,0,/wazaeffect/we.arc,347,109,,60204,60996,56144,56936,792,51ce51e00c3aa9b1557982ec5af9eb13dcc44066bfc8114fbc2805d78ff6b17c,38000000390000000000000039000000,,,,,False,,,,,,,,,,False,False
/wazaeffect/we.arc,/wazaeffect/we.arc!/member_00110,0,/wazaeffect/we.arc,347,110,,60996,61300,56936,57240,304,c8216b1c513f366994eade2630d7308ea81973375736ed30bc38dfd05b65b405,38000000390000000000000039000000,,,,,False,,,,,,,,,,False,False
/wazaeffect/we.arc,/wazaeffect/we.arc!/member_00111,0,/wazaeffect/we.arc,347,111,,61300,61560,57240,57500,260,d7dc8e38d8fd497d1092cbeb627d4a077a18de0a8b7c55115eda14c531ed767a,38000000390000000000000039000000,,,,,False,,,,,,,,,,False,False
/wazaeffect/we.arc,/wazaeffect/we.arc!/member_00112,0,/wazaeffect/we.arc,347,112,,61560,61804,57500,57744,244,17576d522dc326fc887b16fa44182c4e933a7465bb011ffee0879c4d8012a6e5,38000000390000000000000039000000,,,,,False,,,,,,,,,,False,False
/wazaeffect/we.arc,/wazaeffect/we.arc!/member_00113,0,/wazaeffect/we.arc,347,113,,61804,62048,57744,57988,244,5c3c94099e0b0c792a3dbe65babaccffd015adcbfdaf33729e6bb654d805e8a1,38000000390000000000000039000000,,,,,False,,,,,,,,,,False,False
/wazaeffect/we.arc,/wazaeffect/we.arc!/member_00114,0,/wazaeffect/we.arc,347,114,,62048,62276,57988,58216,228,e25154a8cd1d73238ec5958cf1827509865a5c263c7c697e75cc6fdab51efc4a,38000000390000000000000039000000,,,,,False,,,,,,,,,,False,False
/wazaeffect/we.arc,/wazaeffect/we.arc!/member_00115,0,/wazaeffect/we.arc,347,115,,62276,62520,58216,58460,244,a682a20481fab32d3582389ca152f61fc30a371398420d6bd44bca04dbe1caab,38000000390000000000000039000000,,,,,False,,,,,,,,,,False,False
/wazaeffect/we.arc,/wazaeffect/we.arc!/member_00116,0,/wazaeffect/we.arc,347,116,,62520,62836,58460,58776,316,6882574b7ae1fde809bda5231b8450a5542db340edd8906bb2adb673d493bb2d,38000000390000000000000039000000,,,,,False,,,,,,,,,,False,False
/wazaeffect/we.arc,/wazaeffect/we.arc!/member_00117,0,/wazaeffect/we.arc,347,117,,62836,63528,58776,59468,692,48f1f2a5ccdc065522c522efab942d1b9ebe6d276c4f279c607fb309580875c2,0d000000030000004f00000004000000,,,,,False,,,,,,,,,,False,False
/wazaeffect/we.arc,/wazaeffect/we.arc!/member_00118,0,/wazaeffect/we.arc,347,118,,63528,63720,59468,59660,192,da95215c1c3b3038099e18bddde6e2ee35bcebbf5d66e9478812a1a4baccde7e,49000000000000000100000001000000,,,,,False,,,,,,,,,,False,False
/wazaeffect/we.arc,/wazaeffect/we.arc!/member_00119,0,/wazaeffect/we.arc,347,119,,63720,63724,59660,59664,4,fb5e512425fc9449316ec95969ebe71e2d576dbab833d61e2a5b9330fd70ee02,04000000,,,,,False,,,,,,,,,,False,False
/wazaeffect/we.arc,/wazaeffect/we.arc!/member_00120,0,/wazaeffect/we.arc,347,120,,63724,64136,59664,60076,412,bb6374d6f0410d139d974666dd0481e397894914673207dacf1327b412dd90cc,38000000390000000000000039000000,,,,,False,,,,,,,,,,False,False
/wazaeffect/we.arc,/wazaeffect/we.arc!/member_00121,0,/wazaeffect/we.arc,347,121,,64136,64720,60076,60660,584,70ac6cb4fa086bd223ffb7b2c122b47b56b96d22c9e8d56f32373ee06303fde8,38000000390000000000000039000000,,,,,False,,,,,,,,,,False,False
/wazaeffect/we.arc,/wazaeffect/we.arc!/member_00122,0,/wazaeffect/we.arc,347,122,,64720,64984,60660,60924,264,8fd6dbb3c4e1155a2b7cf95705676bda058148afb4b6d53ab52e5b9cac59af5f,38000000390000000000000039000000,,,,,False,,,,,,,,,,False,False
/wazaeffect/we.arc,/wazaeffect/we.arc!/member_00123,0,/wazaeffect/we.arc,347,123,,64984,65276,60924,61216,292,bea92ed49a719a99d164dfdcc5b15391ce10768e75e30c022a54c0f3c48cdef7,38000000390000000000000039000000,,,,,False,,,,,,,,,,False,False
/wazaeffect/we.arc,/wazaeffect/we.arc!/member_00124,0,/wazaeffect/we.arc,347,124,,65276,65856,61216,61796,580,3f1383aea64625d92e8476e32c738aadec4b295fa10ec950d4d27fb468ef1095,38000000390000000000000039000000,,,,,False,,,,,,,,,,False,False
/wazaeffect/we.arc,/wazaeffect/we.arc!/member_00125,0,/wazaeffect/we.arc,347,125,,65856,66184,61796,62124,328,987c173dd82fb0af0b3a051d1f279fcce37f44c09ecb0cb03c83f0caee602282,38000000390000000000000039000000,,,,,False,,,,,,,,,,False,False
/wazaeffect/we.arc,/wazaeffect/we.arc!/member_00126,0,/wazaeffect/we.arc,347,126,,66184,66932,62124,62872,748,78fa1c9cb5f6f07e21385a6e8b24e57db45ab8bac7e4f95087e3cdafc1d671eb,38000000390000000000000039000000,,,,,False,,,,,,,,,,False,False
/wazaeffect/we.arc,/wazaeffect/we.arc!/member_00127,0,/wazaeffect/we.arc,347,127,,66932,67436,62872,63376,504,47819e74889ba633ace00f22d4e232ddb4c3cc41ca2fa5cc71661a8b6d8f703f,38000000390000000000000039000000,,,,,False,,,,,,,,,,False,False
/wazaeffect/we.arc,/wazaeffect/we.arc!/member_00128,0,/wazaeffect/we.arc,347,128,,67436,67764,63376,63704,328,c5f4e5484983a57af7878d4b5b779703bedaccbfe95c99b5f97c4078c06d11ef,38000000390000000000000039000000,,,,,False,,,,,,,,,,False,False
/wazaeffect/we.arc,/wazaeffect/we.arc!/member_00129,0,/wazaeffect/we.arc,347,129,,67764,68276,63704,64216,512,2bc5e08756484008966a03840aef9665b7719e90c2247e5f67692696210c033d,38000000390000000000000039000000,,,,,False,,,,,,,,,,False,False
/wazaeffect/we.arc,/wazaeffect/we.arc!/member_00130,0,/wazaeffect/we.arc,347,130,,68276,68924,64216,64864,648,57bc5b75e16104aff033e55b6492e1a71c61f44250f1daf5f3b74ae0723e7357,38000000390000000000000039000000,,,,,False,,,,,,,,,,False,False
/wazaeffect/we.arc,/wazaeffect/we.arc!/member_00131,0,/wazaeffect/we.arc,347,131,,68924,69332,64864,65272,408,c90f02606ae101d20b083abe0b1cbc8808ad86cd3bd63807a0fea0cf6edd51d8,38000000390000000000000039000000,,,,,False,,,,,,,,,,False,False
/wazaeffect/we.arc,/wazaeffect/we.arc!/member_00132,0,/wazaeffect/we.arc,347,132,,69332,69540,65272,65480,208,5b4ea6126537979de4bd70c832958be2ae8d53c8150e8b075fa751446c7fbaf0,49000000000000000400000001000000,,,,,False,,,,,,,,,,False,False
/wazaeffect/we.arc,/wazaeffect/we.arc!/member_00133,0,/wazaeffect/we.arc,347,133,,69540,69872,65480,65812,332,fdda56a1fd7ba061803b458f9549cc1a2144a6c0409a282fca918cca96f44b24,38000000390000000000000039000000,,,,,False,,,,,,,,,,False,False
/wazaeffect/we.arc,/wazaeffect/we.arc!/member_00134,0,/wazaeffect/we.arc,347,134,,69872,70112,65812,66052,240,1884f8a4d1ac0b93c324572a4ab59dbfccc26e2c7e6c5c6edaa8a6ca7950afdf,160000009c0700008bffffff49000000,,,,,False,,,,,,,,,,False,False
/wazaeffect/we.arc,/wazaeffect/we.arc!/member_00135,0,/wazaeffect/we.arc,347,135,,70112,70480,66052,66420,368,8cf3aa060ad44fd8cdb83d97c7180cf091093720595458958d74261dddd4d49c,38000000390000000000000039000000,,,,,False,,,,,,,,,,False,False
/wazaeffect/we.arc,/wazaeffect/we.arc!/member_00136,0,/wazaeffect/we.arc,347,136,,70480,70840,66420,66780,360,8b85fe8ef1262616198a5070e2f7fe515cc7f578f13529c9c9a03d71f900360e,38000000390000000000000039000000,,,,,False,,,,,,,,,,False,False
/wazaeffect/we.arc,/wazaeffect/we.arc!/member_00137,0,/wazaeffect/we.arc,347,137,,70840,71076,66780,67016,236,d1fe14623e7987ce232c538221c485490bf523ce141225bdbd471eaa142290aa,2d000000210000000500000000000000,,,,,False,,,,,,,,,,False,False
/wazaeffect/we.arc,/wazaeffect/we.arc!/member_00138,0,/wazaeffect/we.arc,347,138,,71076,71724,67016,67664,648,db9d588603dd9aeec66885a3d5766d7af05b70be303004a8d169704fc7af5b5e,38000000390000000000000039000000,,,,,False,,,,,,,,,,False,False
/wazaeffect/we.arc,/wazaeffect/we.arc!/member_00139,0,/wazaeffect/we.arc,347,139,,71724,72564,67664,68504,840,f3b89dc3dccec62ebb8aa3fdef44de2d475e447a59afdb98ad029937c2eff952,38000000390000000000000039000000,,,,,False,,,,,,,,,,False,False
/wazaeffect/we.arc,/wazaeffect/we.arc!/member_00140,0,/wazaeffect/we.arc,347,140,,72564,72964,68504,68904,400,6774034e0e277cecad7572b995e6a2951827ef4efd3467c64db98281e7e36654,38000000390000000000000039000000,,,,,False,,,,,,,,,,False,False
/wazaeffect/we.arc,/wazaeffect/we.arc!/member_00141,0,/wazaeffect/we.arc,347,141,,72964,73452,68904,69392,488,d1f9709ddc155453d59c6f3855575915289f849f96aebc1d64f726a3790f826a,38000000390000000000000039000000,,,,,False,,,,,,,,,,False,False
/wazaeffect/we.arc,/wazaeffect/we.arc!/member_00142,0,/wazaeffect/we.arc,347,142,,73452,73736,69392,69676,284,52fe9fa45a7eb68eca383c1866dcf35b52d1ecd8050c7b386b3e0ececaf07508,38000000390000000000000039000000,,,,,False,,,,,,,,,,False,False
/wazaeffect/we.arc,/wazaeffect/we.arc!/member_00143,0,/wazaeffect/we.arc,347,143,,73736,76404,69676,72344,2668,91e9698c3215b74025b0c93c0736448f6835b95983fc659d8549492085d53df3,0d000000030000001601000004000000,,,,,False,,,,,,,,,,False,False
/wazaeffect/we.arc,/wazaeffect/we.arc!/member_00144,0,/wazaeffect/we.arc,347,144,,76404,76696,72344,72636,292,da483fe14ea1cd2c6e51e83c6bc9ab82ec7a40dd91fc58e93ecc949ffdd77344,3800000039000000000000002d000000,,,,,False,,,,,,,,,,False,False
/wazaeffect/we.arc,/wazaeffect/we.arc!/member_00145,0,/wazaeffect/we.arc,347,145,,76696,77504,72636,73444,808,f0469f60ecd5c0f53c9b18ba3d15a90bb140e8b740ed1a16cd99a0cca505952c,38000000390000000000000039000000,,,,,False,,,,,,,,,,False,False
/wazaeffect/we.arc,/wazaeffect/we.arc!/member_00146,0,/wazaeffect/we.arc,347,146,,77504,77896,73444,73836,392,f824c8886063fe76043fba45d8cc385603dbd3866f1c66f8146f02cb5760c52a,38000000390000000000000039000000,,,,,False,,,,,,,,,,False,False
/wazaeffect/we.arc,/wazaeffect/we.arc!/member_00147,0,/wazaeffect/we.arc,347,147,,77896,78168,73836,74108,272,9f2cfd73a0db00e0ecaca976de406d1f37ad9b1a3a454a376ad1c330a40e2ef9,38000000390000000000000039000000,,,,,False,,,,,,,,,,False,False
/wazaeffect/we.arc,/wazaeffect/we.arc!/member_00148,0,/wazaeffect/we.arc,347,148,,78168,78200,74108,74140,32,893f3fd304ebdec4ad25f11cd20e0086f8f5ddfb0b6e00f1656fed6d04dd90b3,160000008a070000000000002d000000,,,,,False,,,,,,,,,,False,False
/wazaeffect/we.arc,/wazaeffect/we.arc!/member_00149,0,/wazaeffect/we.arc,347,149,,78200,78604,74140,74544,404,afc3c7234387e86fc024f6a5057258155cd3bf143adc3fb169ce3c6d5112fb60,38000000390000000000000039000000,,,,,False,,,,,,,,,,False,False
/wazaeffect/we.arc,/wazaeffect/we.arc!/member_00150,0,/wazaeffect/we.arc,347,150,,78604,78872,74544,74812,268,7d4cf6fb0d52a76fa6faeba09fa3fb47e86cbb2a90ea528cd223606de0cfab1a,38000000390000000000000039000000,,,,,False,,,,,,,,,,False,False
/wazaeffect/we.arc,/wazaeffect/we.arc!/member_00151,0,/wazaeffect/we.arc,347,151,,78872,79124,74812,75064,252,3fa7675c7eebe6f34d36343f5af3b7bd2d3deb98742116c63d2b4da19703db4a,1f000000000000000000000038000000,,,,,False,,,,,,,,,,False,False
/wazaeffect/we.arc,/wazaeffect/we.arc!/member_00152,0,/wazaeffect/we.arc,347,152,,79124,79500,75064,75440,376,fafa1b2551ee8794c19bc75babf0bda7643bf27896d93a5a37053abd640abce1,38000000390000000000000039000000,,,,,False,,,,,,,,,,False,False
/wazaeffect/we.arc,/wazaeffect/we.arc!/member_00153,0,/wazaeffect/we.arc,347,153,,79500,80116,75440,76056,616,456835e0241117bd60c25ffd400e7ec420af6f921e3e3a10a9a214842dfde063,38000000390000000000000039000000,,,,,False,,,,,,,,,,False,False
/wazaeffect/we.arc,/wazaeffect/we.arc!/member_00154,0,/wazaeffect/we.arc,347,154,,80116,80624,76056,76564,508,7c62c35bb7dba3b0b886ae7472772bf98a23217bbd765ea0387d99e48f3a7c24,38000000390000000000000039000000,,,,,False,,,,,,,,,,False,False
/wazaeffect/we.arc,/wazaeffect/we.arc!/member_00155,0,/wazaeffect/we.arc,347,155,,80624,81084,76564,77024,460,549057de1fc81e41692500f6d7f2fe26a99b3e305479589ef7406e358d589201,38000000390000000000000039000000,,,,,False,,,,,,,,,,False,False
/wazaeffect/we.arc,/wazaeffect/we.arc!/member_00156,0,/wazaeffect/we.arc,347,156,,81084,81336,77024,77276,252,5a34992f5785fb125488b3e5dac5d6cfcd824a858ba5559add976349db8a26fa,38000000390000000000000039000000,,,,,False,,,,,,,,,,False,False
/wazaeffect/we.arc,/wazaeffect/we.arc!/member_00157,0,/wazaeffect/we.arc,347,157,,81336,81684,77276,77624,348,4a5fae5bdb6d7808dea50ef2a546eb9dc33491c111203a74a559468d9a474d8f,38000000390000000000000039000000,,,,,False,,,,,,,,,,False,False
/wazaeffect/we.arc,/wazaeffect/we.arc!/member_00158,0,/wazaeffect/we.arc,347,158,,81684,82008,77624,77948,324,0decfaf9c2b19d38ca7b80bf1b5c3a9657aa82c91895ab81e940547923c7e58d,38000000390000000000000039000000,,,,,False,,,,,,,,,,False,False
/wazaeffect/we.arc,/wazaeffect/we.arc!/member_00159,0,/wazaeffect/we.arc,347,159,,82008,82260,77948,78200,252,1a46966ba911b59519783a6a69887d2b5dd7b0bb39bb56e9e64405ce543ebe36,38000000390000000000000039000000,,,,,False,,,,,,,,,,False,False
/wazaeffect/we.arc,/wazaeffect/we.arc!/member_00160,0,/wazaeffect/we.arc,347,160,,82260,82512,78200,78452,252,d8e39131df41cec0d46c816dd3703bb93be26224f891da0b47f67d817a6c105a,38000000390000000000000039000000,,,,,False,,,,,,,,,,False,False
/wazaeffect/we.arc,/wazaeffect/we.arc!/member_00161,0,/wazaeffect/we.arc,347,161,,82512,83316,78452,79256,804,a4854597f1bc9f61004c77a26fbab17c288a76e21e991f6807470dfb4f677763,38000000390000000000000039000000,,,,,False,,,,,,,,,,False,False
/wazaeffect/we.arc,/wazaeffect/we.arc!/member_00162,0,/wazaeffect/we.arc,347,162,,83316,83648,79256,79588,332,84f373e527e73b40ce08b9210de59d3fdbf5b9275d4de70559eb9cf1fd1b8898,38000000390000000000000039000000,,,,,False,,,,,,,,,,False,False
/wazaeffect/we.arc,/wazaeffect/we.arc!/member_00163,0,/wazaeffect/we.arc,347,163,,83648,83944,79588,79884,296,8ba2eaead24d1a3bc8bcaba970d35572cc9690ffd33139a52ecf086756dc300d,38000000390000000000000039000000,,,,,False,,,,,,,,,,False,False
/wazaeffect/we.arc,/wazaeffect/we.arc!/member_00164,0,/wazaeffect/we.arc,347,164,,83944,84552,79884,80492,608,3cda987d726024374d2da253fce829cc17567e51c29f049e7e8cb88863e208b6,4000000000000000030000004b000000,,,,,False,,,,,,,,,,False,False
/wazaeffect/we.arc,/wazaeffect/we.arc!/member_00165,0,/wazaeffect/we.arc,347,165,,84552,84856,80492,80796,304,14aa803d30a4f2c4ed9bac502adae1fd921b08e807aeaafe00fbc39d425e604f,38000000390000000000000039000000,,,,,False,,,,,,,,,,False,False
/wazaeffect/we.arc,/wazaeffect/we.arc!/member_00166,0,/wazaeffect/we.arc,347,166,,84856,85156,80796,81096,300,1818c198034e361399d11e6c550265b7d488a1e5bcc4d67f6cec2632f92a846c,38000000390000000000000039000000,,,,,False,,,,,,,,,,False,False
/wazaeffect/we.arc,/wazaeffect/we.arc!/member_00167,0,/wazaeffect/we.arc,347,167,,85156,85460,81096,81400,304,7d611dc337509e0d94a69365cf0b9c04d783db2d0683772c769ffe1f0fa380f1,38000000390000000000000039000000,,,,,False,,,,,,,,,,False,False
/wazaeffect/we.arc,/wazaeffect/we.arc!/member_00168,0,/wazaeffect/we.arc,347,168,,85460,85908,81400,81848,448,9ecceb6d23b5202fe390bb8ce9f6862a0891ec4ae3b0a88e37c2f8012fe72083,38000000390000000000000039000000,,,,,False,,,,,,,,,,False,False
/wazaeffect/we.arc,/wazaeffect/we.arc!/member_00169,0,/wazaeffect/we.arc,347,169,,85908,86612,81848,82552,704,21cf2f35c37864f94cfb545838446076da1ce77771f20da51bd832933eee9675,38000000390000000000000039000000,,,,,False,,,,,,,,,,False,False
/wazaeffect/we.arc,/wazaeffect/we.arc!/member_00170,0,/wazaeffect/we.arc,347,170,,86612,86960,82552,82900,348,b09cd3a8d9b0df384a528b41a0dd908ab9fdd80801e5e13bb52dde2df7572541,38000000390000000000000039000000,,,,,False,,,,,,,,,,False,False
/wazaeffect/we.arc,/wazaeffect/we.arc!/member_00171,0,/wazaeffect/we.arc,347,171,,86960,87176,82900,83116,216,e73a67fb6a151b7428d6327ad64ecd4e79ce5c1f914e3bcc2d4e838c93dffeba,3800000039000000000000003a000000,,,,,False,,,,,,,,,,False,False
/wazaeffect/we.arc,/wazaeffect/we.arc!/member_00172,0,/wazaeffect/we.arc,347,172,,87176,87620,83116,83560,444,ee722ad0783449006a8b0e526ee98d1eab116d866fa41ca8aade9a24621a092e,38000000390000000000000039000000,,,,,False,,,,,,,,,,False,False
/wazaeffect/we.arc,/wazaeffect/we.arc!/member_00173,0,/wazaeffect/we.arc,347,173,,87620,87936,83560,83876,316,5c026c18066418da493ce27994339466808002371e72b4bc2ac8a88ff84b66e7,38000000390000000000000039000000,,,,,False,,,,,,,,,,False,False
/wazaeffect/we.arc,/wazaeffect/we.arc!/member_00174,0,/wazaeffect/we.arc,347,174,,87936,88720,83876,84660,784,90db55a0acfde50b723a32a34d77d66a7957af6476607e4d84be347bddc01224,0d000000030000006000000004000000,,,,,False,,,,,,,,,,False,False
/wazaeffect/we.arc,/wazaeffect/we.arc!/member_00175,0,/wazaeffect/we.arc,347,175,,88720,89040,84660,84980,320,407a9b5e85d7a72c5b225c72f4c87f86fa5b702fe82f1fbc8ab684ad82183594,38000000390000000000000039000000,,,,,False,,,,,,,,,,False,False
/wazaeffect/we.arc,/wazaeffect/we.arc!/member_00176,0,/wazaeffect/we.arc,347,176,,89040,89372,84980,85312,332,cfe579cfb4bcda2b9a7b53cd67e1a690039da2b0192e6a6f9cb98eb4f913b43c,38000000390000000000000039000000,,,,,False,,,,,,,,,,False,False
/wazaeffect/we.arc,/wazaeffect/we.arc!/member_00177,0,/wazaeffect/we.arc,347,177,,89372,89840,85312,85780,468,40cf42fe85e77547d596725866b9d998d796f89299de1a57083cbf10d7e329f4,38000000390000000000000039000000,,,,,False,,,,,,,,,,False,False
/wazaeffect/we.arc,/wazaeffect/we.arc!/member_00178,0,/wazaeffect/we.arc,347,178,,89840,90112,85780,86052,272,ea54ba824866925f49412b1424358c6d7ea23138c8afaf686b50572d673e4008,38000000390000000000000039000000,,,,,False,,,,,,,,,,False,False
/wazaeffect/we.arc,/wazaeffect/we.arc!/member_00179,0,/wazaeffect/we.arc,347,179,,90112,90704,86052,86644,592,5b94921c73b0c19063b57512ed155ba8337c42340535031bdc9a1a0c6bb678dc,38000000390000000000000039000000,,,,,False,,,,,,,,,,False,False
/wazaeffect/we.arc,/wazaeffect/we.arc!/member_00180,0,/wazaeffect/we.arc,347,180,,90704,90936,86644,86876,232,962c6ab814f3bc550a7395d9798e4e37a066873811e1b5365149229b2a7be10b,2d000000210000000500000000000000,,,,,False,,,,,,,,,,False,False
/wazaeffect/we.arc,/wazaeffect/we.arc!/member_00181,0,/wazaeffect/we.arc,347,181,,90936,91456,86876,87396,520,4d8162487d900f24e2633c4f80671767ed7b15b23731c6f418cbe0074ec342ee,38000000390000000000000039000000,,,,,False,,,,,,,,,,False,False
/wazaeffect/we.arc,/wazaeffect/we.arc!/member_00182,0,/wazaeffect/we.arc,347,182,,91456,91716,87396,87656,260,57a97cc35e50c8249c18c416cfdd7c07a1dcf061dd2eb8b20021ab520d477931,38000000390000000000000039000000,,,,,False,,,,,,,,,,False,False
/wazaeffect/we.arc,/wazaeffect/we.arc!/member_00183,0,/wazaeffect/we.arc,347,183,,91716,92028,87656,87968,312,4d86296e34e741007ac656182c26149c588d1db08016f2daa4bb57da7e6a21d8,38000000390000000000000039000000,,,,,False,,,,,,,,,,False,False
/wazaeffect/we.arc,/wazaeffect/we.arc!/member_00184,0,/wazaeffect/we.arc,347,184,,92028,92276,87968,88216,248,5d77c120b1c59be843a9e3b52cb079084f4ecd79573aa8450afb0a3ea4b9b48c,2d000000210000000500000000000000,,,,,False,,,,,,,,,,False,False
/wazaeffect/we.arc,/wazaeffect/we.arc!/member_00185,0,/wazaeffect/we.arc,347,185,,92276,92832,88216,88772,556,17db4d6c351fb95660add4711042a91b1a42e31daa5a600738adf71c45eb82be,38000000390000000000000039000000,,,,,False,,,,,,,,,,False,False
/wazaeffect/we.arc,/wazaeffect/we.arc!/member_00186,0,/wazaeffect/we.arc,347,186,,92832,93100,88772,89040,268,7af8d6e48463c9a3b5b7f63ad26daa55e794b8e5e1c0ebc773ecb7ce14b9ab90,38000000390000000000000039000000,,,,,False,,,,,,,,,,False,False
/wazaeffect/we.arc,/wazaeffect/we.arc!/member_00187,0,/wazaeffect/we.arc,347,187,,93100,93420,89040,89360,320,d7f6eaa820e27c4f39ae69466c33aa2ddaedf320817c2a05695cc8e185ead5d5,38000000390000000000000039000000,,,,,False,,,,,,,,,,False,False
/wazaeffect/we.arc,/wazaeffect/we.arc!/member_00188,0,/wazaeffect/we.arc,347,188,,93420,93788,89360,89728,368,08b322e7f91baef6c58962b9aac3149c358ece8aae8a43d8d9a42c8428d75f20,38000000390000000000000039000000,,,,,False,,,,,,,,,,False,False
/wazaeffect/we.arc,/wazaeffect/we.arc!/member_00189,0,/wazaeffect/we.arc,347,189,,93788,94112,89728,90052,324,709aea5d7b7a9e97a5929cfd0a99c6b43148aac462f99b0f84bd439d6a1909b3,38000000390000000000000039000000,,,,,False,,,,,,,,,,False,False
/wazaeffect/we.arc,/wazaeffect/we.arc!/member_00190,0,/wazaeffect/we.arc,347,190,,94112,94548,90052,90488,436,b49f05b05141589ca3be39d67bf63f3b3267ee5f184af2679123f65865e109cd,38000000390000000000000039000000,,,,,False,,,,,,,,,,False,False
/wazaeffect/we.arc,/wazaeffect/we.arc!/member_00191,0,/wazaeffect/we.arc,347,191,,94548,95104,90488,91044,556,abef8eb0ad0885cd6012e7edbca66d76b784d6bfd1f847ec7cf466d4537cc706,38000000390000000000000039000000,,,,,False,,,,,,,,,,False,False
/wazaeffect/we.arc,/wazaeffect/we.arc!/member_00192,0,/wazaeffect/we.arc,347,192,,95104,95580,91044,91520,476,7383f54898577704dfe18ec67e654a4db993b7e87a82fc737726a01d1d974a45,38000000390000000000000039000000,,,,,False,,,,,,,,,,False,False
/wazaeffect/we.arc,/wazaeffect/we.arc!/member_00193,0,/wazaeffect/we.arc,347,193,,95580,95784,91520,91724,204,2ad255093b84b4662c40a232132c55d0c1850992ec641f49ff91e27f6fbf3c1d,49000000000000000100000001000000,,,,,False,,,,,,,,,,False,False
/wazaeffect/we.arc,/wazaeffect/we.arc!/member_00194,0,/wazaeffect/we.arc,347,194,,95784,96612,91724,92552,828,325a1dcc50613bc93690a1e8421c27045730bd66bc3f8288b00b2bf95eba02d1,38000000390000000000000039000000,,,,,False,,,,,,,,,,False,False
/wazaeffect/we.arc,/wazaeffect/we.arc!/member_00195,0,/wazaeffect/we.arc,347,195,,96612,97100,92552,93040,488,a80a231baffde6089c1db385e2c5ee7a8f73e22e615b77df8d376be814dc8f9b,38000000390000000000000039000000,,,,,False,,,,,,,,,,False,False
/wazaeffect/we.arc,/wazaeffect/we.arc!/member_00196,0,/wazaeffect/we.arc,347,196,,97100,97620,93040,93560,520,bad650838cf92cce755fd341ff57106fb456623aa87ca119e241b646006c4536,2d000000210000000500000000000000,,,,,False,,,,,,,,,,False,False
/wazaeffect/we.arc,/wazaeffect/we.arc!/member_00197,0,/wazaeffect/we.arc,347,197,,97620,98836,93560,94776,1216,95f80476d5681a66f4746c82c423b3987972fd6291d395b394b7d536b7a59a88,38000000390000000000000039000000,,,,,False,,,,,,,,,,False,False
/wazaeffect/we.arc,/wazaeffect/we.arc!/member_00198,0,/wazaeffect/we.arc,347,198,,98836,99132,94776,95072,296,3289269abe0ab950503a1c218d5c7a77e930adefb4d994340ecbbd807af8468b,38000000390000000000000039000000,,,,,False,,,,,,,,,,False,False
/wazaeffect/we.arc,/wazaeffect/we.arc!/member_00199,0,/wazaeffect/we.arc,347,199,,99132,99336,95072,95276,204,625011cda56f45e40ffad97b3f2ed1f661f5f7af2372af04bc578a4928c70e4d,49000000000000000100000001000000,,,,,False,,,,,,,,,,False,False
/wazaeffect/we.arc,/wazaeffect/we.arc!/member_00200,0,/wazaeffect/we.arc,347,200,,99336,100076,95276,96016,740,0d1473f09558ebc8c78f52ca6958f9ed262e93cbe021134481b08c425c55dc99,38000000390000000000000039000000,,,,,False,,,,,,,,,,False,False
/wazaeffect/we.arc,/wazaeffect/we.arc!/member_00201,0,/wazaeffect/we.arc,347,201,,100076,100320,96016,96260,244,36b3191ab5788bd9b7bb40d7f3e19ea377defb6ebe0889d06e96b1c6e7813a56,38000000390000000000000039000000,,,,,False,,,,,,,,,,False,False
/wazaeffect/we.arc,/wazaeffect/we.arc!/member_00202,0,/wazaeffect/we.arc,347,202,,100320,100704,96260,96644,384,a69b3add9dcd7e579a1f85a1914812f4cab24eb8e3f365fb539f4b738a61b5b5,38000000390000000000000039000000,,,,,False,,,,,,,,,,False,False
/wazaeffect/we.arc,/wazaeffect/we.arc!/member_00203,0,/wazaeffect/we.arc,347,203,,100704,100980,96644,96920,276,f772c946b827eb6bed86566b4a22dc07d7a277c4e1cd6520ea9c8c0c095d6a4b,38000000390000000000000039000000,,,,,False,,,,,,,,,,False,False
/wazaeffect/we.arc,/wazaeffect/we.arc!/member_00204,0,/wazaeffect/we.arc,347,204,,100980,101256,96920,97196,276,d6d03e04d6fa18b8b704135cbdc880b54e0ded9d8cf8d3e926a9fe5ca797fd54,38000000390000000000000039000000,,,,,False,,,,,,,,,,False,False
/wazaeffect/we.arc,/wazaeffect/we.arc!/member_00205,0,/wazaeffect/we.arc,347,205,,101256,102068,97196,98008,812,9b0376e3d31f08cf91e76d425093bce3f03a9b574dcf543769fbc9ca4c7097ef,40000000000000000300000065000000,,,,,False,,,,,,,,,,False,False
/wazaeffect/we.arc,/wazaeffect/we.arc!/member_00206,0,/wazaeffect/we.arc,347,206,,102068,102364,98008,98304,296,5ec35bbb198d73c8aec180336df8d1fffe2efb62f4ba66386c8c8ec84218445f,38000000390000000000000039000000,,,,,False,,,,,,,,,,False,False
/wazaeffect/we.arc,/wazaeffect/we.arc!/member_00207,0,/wazaeffect/we.arc,347,207,,102364,102576,98304,98516,212,bb096ea2c99f8749c1ee6a20e6f67675b1d71362095cbd4d5978a4288ffe6a7d,49000000000000000100000001000000,,,,,False,,,,,,,,,,False,False
/wazaeffect/we.arc,/wazaeffect/we.arc!/member_00208,0,/wazaeffect/we.arc,347,208,,102576,102932,98516,98872,356,879a34b1c4a6a324140d68c794eca19365a2041f5213fe8eb8160cc2980d7b22,38000000390000000000000039000000,,,,,False,,,,,,,,,,False,False
/wazaeffect/we.arc,/wazaeffect/we.arc!/member_00209,0,/wazaeffect/we.arc,347,209,,102932,103476,98872,99416,544,24c0d93330c21cc8a8b21a11351770af8dd8565b81bd39f3813e8af186b77f5c,38000000390000000000000039000000,,,,,False,,,,,,,,,,False,False
/wazaeffect/we.arc,/wazaeffect/we.arc!/member_00210,0,/wazaeffect/we.arc,347,210,,103476,103856,99416,99796,380,ed14d262db8adbab53be90493ec059aea5df046d4810e4f8563bc9caee8ada8e,38000000390000000000000039000000,,,,,False,,,,,,,,,,False,False
/wazaeffect/we.arc,/wazaeffect/we.arc!/member_00211,0,/wazaeffect/we.arc,347,211,,103856,104288,99796,100228,432,2cf57828d8bc6acb07c8531cbaa369bcd1af0ff8c820e2fcf9689ed6f9afdedb,38000000390000000000000039000000,,,,,False,,,,,,,,,,False,False
/wazaeffect/we.arc,/wazaeffect/we.arc!/member_00212,0,/wazaeffect/we.arc,347,212,,104288,104556,100228,100496,268,190eb5b2efe5063fa37252d3fcfdfcf87dcbffb6ad31b80efd56b65b23b06775,2d000000210000000500000000000000,,,,,False,,,,,,,,,,False,False
/wazaeffect/we.arc,/wazaeffect/we.arc!/member_00213,0,/wazaeffect/we.arc,347,213,,104556,104808,100496,100748,252,5430b2c08e747e50964c43d9837aeed217c8af498f0ca3cf203c402b040dbcba,38000000390000000000000039000000,,,,,False,,,,,,,,,,False,False
/wazaeffect/we.arc,/wazaeffect/we.arc!/member_00214,0,/wazaeffect/we.arc,347,214,,104808,105124,100748,101064,316,65604dded3cddec0ddaef271ef144fffe74a1d235cb2c6ac43a9540eced10ae0,38000000390000000000000039000000,,,,,False,,,,,,,,,,False,False
/wazaeffect/we.arc,/wazaeffect/we.arc!/member_00215,0,/wazaeffect/we.arc,347,215,,105124,105852,101064,101792,728,a425d4a58bd717e003ecea9728292902238c3520835ddee174f8d43ec40be1a9,38000000390000000000000039000000,,,,,False,,,,,,,,,,False,False
/wazaeffect/we.arc,/wazaeffect/we.arc!/member_00216,0,/wazaeffect/we.arc,347,216,,105852,106176,101792,102116,324,fbf810d79294b29bacffdf9e5b38493aefb38d1bba879d95cf83733d292ec7b4,38000000390000000000000039000000,,,,,False,,,,,,,,,,False,False
/wazaeffect/we.arc,/wazaeffect/we.arc!/member_00217,0,/wazaeffect/we.arc,347,217,,106176,106944,102116,102884,768,9afd2e4c7d3178513f0d2979fd6e11aa18515a2e735f71d45c97a8b1265b935a,38000000390000000000000039000000,,,,,False,,,,,,,,,,False,False
/wazaeffect/we.arc,/wazaeffect/we.arc!/member_00218,0,/wazaeffect/we.arc,347,218,,106944,107300,102884,103240,356,1801d8c19e404e33a57b07a0811a4261bc03583d0b2e7b9aa9f878fee5dc68ed,38000000390000000000000039000000,,,,,False,,,,,,,,,,False,False
/wazaeffect/we.arc,/wazaeffect/we.arc!/member_00219,0,/wazaeffect/we.arc,347,219,,107300,107624,103240,103564,324,fe47cde1b14f53e35cc2e9ef7a4d50b565d3cd7ef6dbd20fc166e272de0d4ab7,38000000390000000000000039000000,,,,,False,,,,,,,,,,False,False
/wazaeffect/we.arc,/wazaeffect/we.arc!/member_00220,0,/wazaeffect/we.arc,347,220,,107624,108016,103564,103956,392,56d1a033a3e309a1e363249686c5c8800afb9fe92d316047e20d662b350b226b,38000000390000000000000039000000,,,,,False,,,,,,,,,,False,False
/wazaeffect/we.arc,/wazaeffect/we.arc!/member_00221,0,/wazaeffect/we.arc,347,221,,108016,108540,103956,104480,524,acdacd8e0409bffa54d6cf16ebcd3a2080e92defe9acac8d6672450fe8de484a,38000000390000000000000039000000,,,,,False,,,,,,,,,,False,False
/wazaeffect/we.arc,/wazaeffect/we.arc!/member_00222,0,/wazaeffect/we.arc,347,222,,108540,108584,104480,104524,44,757e2c39148a50e90185c44846dd10735e14182bb22c2a46e9e27b3a4a8bd31d,19000000a20700000000000002000000,,,,,False,,,,,,,,,,False,False
/wazaeffect/we.arc,/wazaeffect/we.arc!/member_00223,0,/wazaeffect/we.arc,347,223,,108584,109044,104524,104984,460,d6c50731310c2756eb0d2f797c69253c20ddf5882113dc214b2a9c9867dfa87e,38000000390000000000000039000000,,,,,False,,,,,,,,,,False,False
/wazaeffect/we.arc,/wazaeffect/we.arc!/member_00224,0,/wazaeffect/we.arc,347,224,,109044,109556,104984,105496,512,c7a72d6df44237aa87802c5f32e6265aea2db357e077357dfe39801850608e09,38000000390000000000000039000000,,,,,False,,,,,,,,,,False,False
/wazaeffect/we.arc,/wazaeffect/we.arc!/member_00225,0,/wazaeffect/we.arc,347,225,,109556,110184,105496,106124,628,c9075a1a813f91c93ebdd4d1c6d22af67f27eaddbd655f4b9a3980d0811d23eb,38000000390000000000000039000000,,,,,False,,,,,,,,,,False,False
/wazaeffect/we.arc,/wazaeffect/we.arc!/member_00226,0,/wazaeffect/we.arc,347,226,,110184,110656,106124,106596,472,e83ccbe20014021c9820821d309f1c5650324c89a520a20dd500cb1b121618c5,38000000390000000000000039000000,,,,,False,,,,,,,,,,False,False
/wazaeffect/we.arc,/wazaeffect/we.arc!/member_00227,0,/wazaeffect/we.arc,347,227,,110656,111084,106596,107024,428,fb59c8e0d064eb2b14a32aabf9819933a152fc66d7360426932112d9a9a2fc0e,2d000000210000000500000000000000,,,,,False,,,,,,,,,,False,False
/wazaeffect/we.arc,/wazaeffect/we.arc!/member_00228,0,/wazaeffect/we.arc,347,228,,111084,111456,107024,107396,372,0d395a364896af457fc317ce0c49291114c1224e89929dc1126d0e2e33eba1b1,38000000390000000000000039000000,,,,,False,,,,,,,,,,False,False
/wazaeffect/we.arc,/wazaeffect/we.arc!/member_00229,0,/wazaeffect/we.arc,347,229,,111456,111768,107396,107708,312,22817172f8402250f0730acd7bb50ddfedb90157ca188bf90f9b18e4283dfb92,38000000390000000000000039000000,,,,,False,,,,,,,,,,False,False
/wazaeffect/we.arc,/wazaeffect/we.arc!/member_00230,0,/wazaeffect/we.arc,347,230,,111768,112548,107708,108488,780,d7abbbaf37a09a5dc599b0654fa04e9951a9ac92f3f500dfbff1535edb870d91,40000000000000000300000061000000,,,,,False,,,,,,,,,,False,False
/wazaeffect/we.arc,/wazaeffect/we.arc!/member_00231,0,/wazaeffect/we.arc,347,231,,112548,113032,108488,108972,484,c5668478ca55960fcefd1d4db22277910ae91343be85712b0aeec8074c9bc20a,38000000390000000000000039000000,,,,,False,,,,,,,,,,False,False
/wazaeffect/we.arc,/wazaeffect/we.arc!/member_00232,0,/wazaeffect/we.arc,347,232,,113032,113476,108972,109416,444,fe92b5017006d2e110ad1da54ece2b0890466c71cac923eb7eb456890375354c,19000000f60700008bffffff08000000,,,,,False,,,,,,,,,,False,False
/wazaeffect/we.arc,/wazaeffect/we.arc!/member_00233,0,/wazaeffect/we.arc,347,233,,113476,113764,109416,109704,288,61c06412b3ffdc890a0326b9496156170c2027fceb79d8be1a000a2a22466a1b,38000000390000000000000039000000,,,,,False,,,,,,,,,,False,False
/wazaeffect/we.arc,/wazaeffect/we.arc!/member_00234,0,/wazaeffect/we.arc,347,234,,113764,114092,109704,110032,328,311dea9a18db44634295dc8b53beadb59a08ed4e811573d91d719045d39ca5b7,38000000390000000000000039000000,,,,,False,,,,,,,,,,False,False
/wazaeffect/we.arc,/wazaeffect/we.arc!/member_00235,0,/wazaeffect/we.arc,347,235,,114092,114336,110032,110276,244,6f04566978c8763833fd5fd5af31c36662594afb5293867639d95b05fd34a6fc,38000000390000000000000039000000,,,,,False,,,,,,,,,,False,False
/wazaeffect/we.arc,/wazaeffect/we.arc!/member_00236,0,/wazaeffect/we.arc,347,236,,114336,114680,110276,110620,344,8812661d87a7b4dfa3eb4ff19f84d22135e7b98f4c25b27fa170e659ddb1d0ef,38000000390000000000000039000000,,,,,False,,,,,,,,,,False,False
/wazaeffect/we.arc,/wazaeffect/we.arc!/member_00237,0,/wazaeffect/we.arc,347,237,,114680,115136,110620,111076,456,7567240af07885f81665b6034fbf5c860e7da6283cc7478994ccf77308019b7e,38000000390000000000000039000000,,,,,False,,,,,,,,,,False,False
/wazaeffect/we.arc,/wazaeffect/we.arc!/member_00238,0,/wazaeffect/we.arc,347,238,,115136,115504,111076,111444,368,e907912f261ae6e27910278267d8dd91ba04871420b5e4f79848a19f83e5921f,38000000390000000000000039000000,,,,,False,,,,,,,,,,False,False
/wazaeffect/we.arc,/wazaeffect/we.arc!/member_00239,0,/wazaeffect/we.arc,347,239,,115504,115840,111444,111780,336,022c45604162c8f9c2905789e7c457507a8d2e875dda1ff0bd50dd01ae402d75,38000000390000000000000039000000,,,,,False,,,,,,,,,,False,False
/wazaeffect/we.arc,/wazaeffect/we.arc!/member_00240,0,/wazaeffect/we.arc,347,240,,115840,116136,111780,112076,296,20c6b72690552b480b2e1b84143f556102cd0dfe7d781c1ed4479bf18cf217e6,38000000390000000000000039000000,,,,,False,,,,,,,,,,False,False
/wazaeffect/we.arc,/wazaeffect/we.arc!/member_00241,0,/wazaeffect/we.arc,347,241,,116136,116464,112076,112404,328,3bfc59c406586185c98a3728c1737ef4a400aec8eb0b3eac657603b640a76d42,38000000390000000000000039000000,,,,,False,,,,,,,,,,False,False
/wazaeffect/we.arc,/wazaeffect/we.arc!/member_00242,0,/wazaeffect/we.arc,347,242,,116464,116812,112404,112752,348,8be1349d80d9935ce1f4d7cba2ff4e78792ed69b47fe17bbeb806937f68502f9,38000000390000000000000039000000,,,,,False,,,,,,,,,,False,False
/wazaeffect/we.arc,/wazaeffect/we.arc!/member_00243,0,/wazaeffect/we.arc,347,243,,116812,117056,112752,112996,244,b0706bf8f59c3333b483bb42a2de44db45f98cff8b09e6e3adcd255dd518651a,38000000390000000000000039000000,,,,,False,,,,,,,,,,False,False
/wazaeffect/we.arc,/wazaeffect/we.arc!/member_00244,0,/wazaeffect/we.arc,347,244,,117056,117356,112996,113296,300,a5733f3d9660ff030cc70a2d773148f4b4887a6c6367d9c550dc466793c5ac52,38000000390000000000000039000000,,,,,False,,,,,,,,,,False,False
/wazaeffect/we.arc,/wazaeffect/we.arc!/member_00245,0,/wazaeffect/we.arc,347,245,,117356,118156,113296,114096,800,82ab267fb0b70e932fe4cac7b7e05a13542c58504d6720818fbcd55dc1700deb,38000000390000000000000039000000,,,,,False,,,,,,,,,,False,False
/wazaeffect/we.arc,/wazaeffect/we.arc!/member_00246,0,/wazaeffect/we.arc,347,246,,118156,118808,114096,114748,652,7441f71e626af6347a9fe70b4b14554bf425ac470c913c0d24c0c3bbb92d01ba,38000000390000000000000039000000,,,,,False,,,,,,,,,,False,False
/wazaeffect/we.arc,/wazaeffect/we.arc!/member_00247,0,/wazaeffect/we.arc,347,247,,118808,119204,114748,115144,396,32ae254bb5c84501562312b965251a501bc6e0dd4acd14b761cfaab1e0a18262,38000000390000000000000039000000,,,,,False,,,,,,,,,,False,False
/wazaeffect/we.arc,/wazaeffect/we.arc!/member_00248,0,/wazaeffect/we.arc,347,248,,119204,119668,115144,115608,464,c0b945e79d6371c312e48f41e67c34a04115587b32aad21753390b7beebd6899,0d000000060000003900000032000000,,,,,False,,,,,,,,,,False,False
/wazaeffect/we.arc,/wazaeffect/we.arc!/member_00249,0,/wazaeffect/we.arc,347,249,,119668,119964,115608,115904,296,a93f422c2fb9ce69d40aaee66751bbc6ff1ffedbc454c66d602192d42ef6f16f,38000000390000000000000039000000,,,,,False,,,,,,,,,,False,False
/wazaeffect/we.arc,/wazaeffect/we.arc!/member_00250,0,/wazaeffect/we.arc,347,250,,119964,120368,115904,116308,404,e977e58d02086c73b1c16bbef14f61fe2b9c2ef332f0fa49f3a0557d76bd864d,38000000390000000000000039000000,,,,,False,,,,,,,,,,False,False
/wazaeffect/we.arc,/wazaeffect/we.arc!/member_00251,0,/wazaeffect/we.arc,347,251,,120368,120628,116308,116568,260,516902bc3e49850d4b8ac4cd35a608220002e08f38bd1f23ee7c340c453cb72a,38000000390000000000000039000000,,,,,False,,,,,,,,,,False,False
/wazaeffect/we.arc,/wazaeffect/we.arc!/member_00252,0,/wazaeffect/we.arc,347,252,,120628,121068,116568,117008,440,a619c98bc9cc2fe5fca2fee62ff6734971046f4e92461d775bea17654bc33bf3,38000000390000000000000039000000,,,,,False,,,,,,,,,,False,False
/wazaeffect/we.arc,/wazaeffect/we.arc!/member_00253,0,/wazaeffect/we.arc,347,253,,121068,121524,117008,117464,456,b82112fed524decf598366871355a1c12c2200717fb47d7f19c9a3a7cb2cad58,38000000390000000000000039000000,,,,,False,,,,,,,,,,False,False
/wazaeffect/we.arc,/wazaeffect/we.arc!/member_00254,0,/wazaeffect/we.arc,347,254,,121524,121904,117464,117844,380,83282146fb0a2b563d9c7fc55efe2c0f9226e716518807b0f84cdc86956b0a96,38000000390000000000000039000000,,,,,False,,,,,,,,,,False,False
/wazaeffect/we.arc,/wazaeffect/we.arc!/member_00255,0,/wazaeffect/we.arc,347,255,,121904,122272,117844,118212,368,5b7db499af99b74773b5fe5398c719b4a06c20e3c879ab68f945191bb262acec,38000000390000000000000039000000,,,,,False,,,,,,,,,,False,False
/wazaeffect/we.arc,/wazaeffect/we.arc!/member_00256,0,/wazaeffect/we.arc,347,256,,122272,122664,118212,118604,392,39f694e8f182eb5fa387cb8a8d2607c06f7872081817913b923c185ba7f12352,38000000390000000000000039000000,,,,,False,,,,,,,,,,False,False
/wazaeffect/we.arc,/wazaeffect/we.arc!/member_00257,0,/wazaeffect/we.arc,347,257,,122664,123416,118604,119356,752,02a6e9e7747475192492a9ea983f3596d335beb086dfadb0c9936dde25b91a9b,38000000390000000000000039000000,,,,,False,,,,,,,,,,False,False
/wazaeffect/we.arc,/wazaeffect/we.arc!/member_00258,0,/wazaeffect/we.arc,347,258,,123416,123756,119356,119696,340,7e8276e7afe2f8f68743ad5e6b055f76aa09a4ef8e72d4ab5d41bb0e444e46e3,38000000390000000000000039000000,,,,,False,,,,,,,,,,False,False
/wazaeffect/we.arc,/wazaeffect/we.arc!/member_00259,0,/wazaeffect/we.arc,347,259,,123756,124136,119696,120076,380,c6de790a920b7e522977b240ae7595e19a946f840427eeba31e6331674bed4ef,49000000000000000700000002000000,,,,,False,,,,,,,,,,False,False
/wazaeffect/we.arc,/wazaeffect/we.arc!/member_00260,0,/wazaeffect/we.arc,347,260,,124136,124640,120076,120580,504,dcded12752c048a2a99c7d2d95b89e08b7bc2ef9749dc3971bace967be413321,38000000390000000000000039000000,,,,,False,,,,,,,,,,False,False
/wazaeffect/we.arc,/wazaeffect/we.arc!/member_00261,0,/wazaeffect/we.arc,347,261,,124640,125008,120580,120948,368,b7c2939481586dc4113ce6c94f10b12a2d4f16ff32f7e66f34b7fb66c71d5a73,38000000390000000000000039000000,,,,,False,,,,,,,,,,False,False
/wazaeffect/we.arc,/wazaeffect/we.arc!/member_00262,0,/wazaeffect/we.arc,347,262,,125008,125260,120948,121200,252,31a8cafa3e866bd3227c0ab1d7346e1992e815e1639043784ac7e1cd0cd6a771,38000000390000000000000039000000,,,,,False,,,,,,,,,,False,False
/wazaeffect/we.arc,/wazaeffect/we.arc!/member_00263,0,/wazaeffect/we.arc,347,263,,125260,126004,121200,121944,744,830bd2a7aabb5ed1e71febe862e34e43436a53be1b66305e46a6b70534c90d50,38000000390000000000000039000000,,,,,False,,,,,,,,,,False,False
/wazaeffect/we.arc,/wazaeffect/we.arc!/member_00264,0,/wazaeffect/we.arc,347,264,,126004,126732,121944,122672,728,928d38fb20ed81e469666b2faec898252aff4d24842834624dc81da4569a6cac,0d000000030000003b00000004000000,,,,,False,,,,,,,,,,False,False
/wazaeffect/we.arc,/wazaeffect/we.arc!/member_00265,0,/wazaeffect/we.arc,347,265,,126732,127208,122672,123148,476,0fbc74c079bc93e62320541ddc674da80bad883c4f10d33c76e4f6f1cfd05f18,38000000390000000000000039000000,,,,,False,,,,,,,,,,False,False
/wazaeffect/we.arc,/wazaeffect/we.arc!/member_00266,0,/wazaeffect/we.arc,347,266,,127208,127424,123148,123364,216,3ef6b8abb643401873e8859da3f75faa3f0da3fa983e6347ec16e4624678e764,49000000000000000100000002000000,,,,,False,,,,,,,,,,False,False
/wazaeffect/we.arc,/wazaeffect/we.arc!/member_00267,0,/wazaeffect/we.arc,347,267,,127424,127428,123364,123368,4,fb5e512425fc9449316ec95969ebe71e2d576dbab833d61e2a5b9330fd70ee02,04000000,,,,,False,,,,,,,,,,False,False
/wazaeffect/we.arc,/wazaeffect/we.arc!/member_00268,0,/wazaeffect/we.arc,347,268,,127428,127812,123368,123752,384,614232f3bf42728edec7e0952ef462ac0ef8bbc905aab9dabf21724e9d1d2bc0,38000000390000000000000039000000,,,,,False,,,,,,,,,,False,False
/wazaeffect/we.arc,/wazaeffect/we.arc!/member_00269,0,/wazaeffect/we.arc,347,269,,127812,128408,123752,124348,596,d58046b36fed35e604bbd609bba7203e1db77ea0ffc9a119f593020379aec982,38000000390000000000000039000000,,,,,False,,,,,,,,,,False,False
/wazaeffect/we.arc,/wazaeffect/we.arc!/member_00270,0,/wazaeffect/we.arc,347,270,,128408,128836,124348,124776,428,d37bcb64e72d860522cb2c037d0ab037414af9543616d76b1708bbef66adc942,49000000000000000600000001000000,,,,,False,,,,,,,,,,False,False
/wazaeffect/we.arc,/wazaeffect/we.arc!/member_00271,0,/wazaeffect/we.arc,347,271,,128836,129148,124776,125088,312,539417fcec7d61ecac68c9a4eaff98ff54df62ca0eddfd8476384a6c13db344c,2d000000210000000500000000000000,,,,,False,,,,,,,,,,False,False
/wazaeffect/we.arc,/wazaeffect/we.arc!/member_00272,0,/wazaeffect/we.arc,347,272,,129148,129852,125088,125792,704,387a170ec8b48f860d0cf7cb496a537a539ef6bb6328f542f57b94f6798b0021,2d000000210000000500000000000000,,,,,False,,,,,,,,,,False,False
/wazaeffect/we.arc,/wazaeffect/we.arc!/member_00273,0,/wazaeffect/we.arc,347,273,,129852,130320,125792,126260,468,e7198f25f0d12295a324b18db93c24dfdc2a369b77fa5b34994fc8071c3d00b3,38000000390000000000000039000000,,,,,False,,,,,,,,,,False,False
/wazaeffect/we.arc,/wazaeffect/we.arc!/member_00274,0,/wazaeffect/we.arc,347,274,,130320,130488,126260,126428,168,23a512a18483dd3b0dc330595eb1a6eb01bbcadaf613471f3971be0bfbfdc977,49000000000000000c00000001000000,,,,,False,,,,,,,,,,False,False
/wazaeffect/we.arc,/wazaeffect/we.arc!/member_00275,0,/wazaeffect/we.arc,347,275,,130488,130896,126428,126836,408,65fea45b4472de513ced392058a51afd62938d489e634e340843614245e8912f,38000000390000000000000039000000,,,,,False,,,,,,,,,,False,False
/wazaeffect/we.arc,/wazaeffect/we.arc!/member_00276,0,/wazaeffect/we.arc,347,276,,130896,131444,126836,127384,548,13c8b52d4ae7634e7411dc48424e556fd0d3bbd456b902d34e90de703093b2d7,38000000390000000000000039000000,,,,,False,,,,,,,,,,False,False
/wazaeffect/we.arc,/wazaeffect/we.arc!/member_00277,0,/wazaeffect/we.arc,347,277,,131444,131688,127384,127628,244,1940457109bf1a69ca49cd860b144f4e36a6cbc602d35878917c1ab75f42d982,38000000390000000000000039000000,,,,,False,,,,,,,,,,False,False
/wazaeffect/we.arc,/wazaeffect/we.arc!/member_00278,0,/wazaeffect/we.arc,347,278,,131688,131956,127628,127896,268,225dd4d59e692b03eee43bb508179af9059e1020e64f43417fb6387070ef4e61,38000000390000000000000039000000,,,,,False,,,,,,,,,,False,False
/wazaeffect/we.arc,/wazaeffect/we.arc!/member_00279,0,/wazaeffect/we.arc,347,279,,131956,132420,127896,128360,464,fc023ae07295bc2925aec06ccdd1f8182fa24c60605ea2920ec9bab659d835d1,38000000390000000000000039000000,,,,,False,,,,,,,,,,False,False
/wazaeffect/we.arc,/wazaeffect/we.arc!/member_00280,0,/wazaeffect/we.arc,347,280,,132420,133060,128360,129000,640,ca538312c198b18772a2bf5a1b171f18dd1336a023779711f71823ad713c3a06,38000000390000000000000039000000,,,,,False,,,,,,,,,,False,False
/wazaeffect/we.arc,/wazaeffect/we.arc!/member_00281,0,/wazaeffect/we.arc,347,281,,133060,133480,129000,129420,420,3b555548efbbb1f21b7c36dd5cb7f416975dcdd13bfab3ba675603f459fde424,38000000390000000000000039000000,,,,,False,,,,,,,,,,False,False
/wazaeffect/we.arc,/wazaeffect/we.arc!/member_00282,0,/wazaeffect/we.arc,347,282,,133480,133856,129420,129796,376,6abd00b3bb04e59b7ac7d2cce7e11f865bb0c067c56387c6824200a732307dc6,38000000390000000000000039000000,,,,,False,,,,,,,,,,False,False
/wazaeffect/we.arc,/wazaeffect/we.arc!/member_00283,0,/wazaeffect/we.arc,347,283,,133856,134508,129796,130448,652,7081b6ff66085d01b373cda38a3955dc2a0ffd4e569f722b7f37e3a30f5ebd90,38000000390000000000000039000000,,,,,False,,,,,,,,,,False,False
/wazaeffect/we.arc,/wazaeffect/we.arc!/member_00284,0,/wazaeffect/we.arc,347,284,,134508,135816,130448,131756,1308,45c880c8ee950a818c165ef957eb292f56a5f05ed4b073a673ae8411732b7926,38000000390000000000000039000000,,,,,False,,,,,,,,,,False,False
/wazaeffect/we.arc,/wazaeffect/we.arc!/member_00285,0,/wazaeffect/we.arc,347,285,,135816,136844,131756,132784,1028,5057b141963d0dbbb39ad050419dbe762973346bec7a437db39b11c00726f252,38000000390000000000000039000000,,,,,False,,,,,,,,,,False,False
/wazaeffect/we.arc,/wazaeffect/we.arc!/member_00286,0,/wazaeffect/we.arc,347,286,,136844,137136,132784,133076,292,83a649f48374229b8ec1a58ecce18916a5a988b87aa1228d2f77133b9067fd03,38000000390000000000000039000000,,,,,False,,,,,,,,,,False,False
/wazaeffect/we.arc,/wazaeffect/we.arc!/member_00287,0,/wazaeffect/we.arc,347,287,,137136,137472,133076,133412,336,99085a3d980e786edf0aefb7ef06e16b7c37bba19420572529e474fb3797c04f,38000000390000000000000039000000,,,,,False,,,,,,,,,,False,False
/wazaeffect/we.arc,/wazaeffect/we.arc!/member_00288,0,/wazaeffect/we.arc,347,288,,137472,137720,133412,133660,248,be0a81a16a1486a08009a5665d54d0d4ab971f0f360b3bd5429c5555f7a27b77,2d000000210000000500000000000000,,,,,False,,,,,,,,,,False,False
/wazaeffect/we.arc,/wazaeffect/we.arc!/member_00289,0,/wazaeffect/we.arc,347,289,,137720,137956,133660,133896,236,5a8fdcb486711494e4457b43b555a1e12601401981e03826282c5fb5734c386d,0d000000030000001e00000004000000,,,,,False,,,,,,,,,,False,False
/wazaeffect/we.arc,/wazaeffect/we.arc!/member_00290,0,/wazaeffect/we.arc,347,290,,137956,138184,133896,134124,228,34edc530cf7bee50093df42821f4ce2ff0a69f6deeb664f61ab46025b498890c,38000000390000000000000039000000,,,,,False,,,,,,,,,,False,False
/wazaeffect/we.arc,/wazaeffect/we.arc!/member_00291,0,/wazaeffect/we.arc,347,291,,138184,139000,134124,134940,816,ce1c8791c4099713557fab9c1b7ab3929757211e815727cf8605351959be2a1a,38000000390000000000000039000000,,,,,False,,,,,,,,,,False,False
/wazaeffect/we.arc,/wazaeffect/we.arc!/member_00292,0,/wazaeffect/we.arc,347,292,,139000,139448,134940,135388,448,f65af94a7949709d4fc6a940f860be6ccfb1480c23aed360b3bbf40d4c74edda,38000000390000000000000039000000,,,,,False,,,,,,,,,,False,False
/wazaeffect/we.arc,/wazaeffect/we.arc!/member_00293,0,/wazaeffect/we.arc,347,293,,139448,139612,135388,135552,164,2390fe3e4728cc96e09b947b8f1b653b430fb2eec5a99bdc1f56ce6a5bb8bbf9,16000000e00700008bffffff38000000,,,,,False,,,,,,,,,,False,False
/wazaeffect/we.arc,/wazaeffect/we.arc!/member_00294,0,/wazaeffect/we.arc,347,294,,139612,139976,135552,135916,364,7de59d18e8c564731e2de6e2f156a5590457ff050d3b18692aec5ecaf205b554,38000000390000000000000039000000,,,,,False,,,,,,,,,,False,False
/wazaeffect/we.arc,/wazaeffect/we.arc!/member_00295,0,/wazaeffect/we.arc,347,295,,139976,140556,135916,136496,580,db62e771fa7957f0c85476d6c7340370ba87b83cee8d1ba79bbad7d473dc3c59,38000000390000000000000039000000,,,,,False,,,,,,,,,,False,False
/wazaeffect/we.arc,/wazaeffect/we.arc!/member_00296,0,/wazaeffect/we.arc,347,296,,140556,141428,136496,137368,872,ad507459441839893cb384d3d3da06e424ce95650a03de8fb0d146a6469f0013,38000000390000000000000039000000,,,,,False,,,,,,,,,,False,False
/wazaeffect/we.arc,/wazaeffect/we.arc!/member_00297,0,/wazaeffect/we.arc,347,297,,141428,141656,137368,137596,228,8dddf4acf61eb5f3ba06dd14e313b1ceb3d40e422efe8d4733a5ca71bc92b311,38000000390000000000000039000000,,,,,False,,,,,,,,,,False,False
/wazaeffect/we.arc,/wazaeffect/we.arc!/member_00298,0,/wazaeffect/we.arc,347,298,,141656,142116,137596,138056,460,dafb95b871f51716a5eec9dd863508793c7ce6846513a54141ca0a1c95f2179d,38000000390000000000000039000000,,,,,False,,,,,,,,,,False,False
/wazaeffect/we.arc,/wazaeffect/we.arc!/member_00299,0,/wazaeffect/we.arc,347,299,,142116,142504,138056,138444,388,5edeba313e3de7944293efac5b8cb4b68993c3071e98f54fbc1636a5531ed294,38000000390000000000000039000000,,,,,False,,,,,,,,,,False,False
/wazaeffect/we.arc,/wazaeffect/we.arc!/member_00300,0,/wazaeffect/we.arc,347,300,,142504,143596,138444,139536,1092,a70ae90f7e06197f42c5c9ac59a9bd32c61a95b2516ea8e7dca596fe131c8fb4,38000000390000000000000039000000,,,,,False,,,,,,,,,,False,False
/wazaeffect/we.arc,/wazaeffect/we.arc!/member_00301,0,/wazaeffect/we.arc,347,301,,143596,144040,139536,139980,444,a9f17d52c9604ce87cd6ff1d4fdeb25cd6f2b77251e046058ecbf5cd6cf05974,38000000390000000000000039000000,,,,,False,,,,,,,,,,False,False
/wazaeffect/we.arc,/wazaeffect/we.arc!/member_00302,0,/wazaeffect/we.arc,347,302,,144040,144392,139980,140332,352,b1995c85a66ef3e9430e9dd6169386330a8f02039ad9ba7c6edff33e42ddeb69,38000000390000000000000039000000,,,,,False,,,,,,,,,,False,False
/wazaeffect/we.arc,/wazaeffect/we.arc!/member_00303,0,/wazaeffect/we.arc,347,303,,144392,144720,140332,140660,328,5cf3436e1ca0687576aa956d1d836182ebb15766a0f13c404b15f97ced06a77f,38000000390000000000000039000000,,,,,False,,,,,,,,,,False,False
/wazaeffect/we.arc,/wazaeffect/we.arc!/member_00304,0,/wazaeffect/we.arc,347,304,,144720,145196,140660,141136,476,035e27af43d639af5fd99e328656d92302c28d2635b770653834efef694e74e2,38000000390000000000000039000000,,,,,False,,,,,,,,,,False,False
/wazaeffect/we.arc,/wazaeffect/we.arc!/member_00305,0,/wazaeffect/we.arc,347,305,,145196,145604,141136,141544,408,d4976f2fda2a3dbdd4d15aafc5c33581e9c096fdb74a633b1e65c5385c7e81ab,38000000390000000000000039000000,,,,,False,,,,,,,,,,False,False
/wazaeffect/we.arc,/wazaeffect/we.arc!/member_00306,0,/wazaeffect/we.arc,347,306,,145604,145888,141544,141828,284,ce305c0bd19b12ba34d524a1093d26bba5dba1bd5fef06db69b7838f91b37881,49000000000000000400000001000000,,,,,False,,,,,,,,,,False,False
/wazaeffect/we.arc,/wazaeffect/we.arc!/member_00307,0,/wazaeffect/we.arc,347,307,,145888,153824,141828,149764,7936,c66d98206815473db631be48e0c147c56dfb88fe8f61aa79e336e01c40b2bd42,400000000000000003000000f2030000,,,,,False,,,,,,,,,,False,False
/wazaeffect/we.arc,/wazaeffect/we.arc!/member_00308,0,/wazaeffect/we.arc,347,308,,153824,154416,149764,150356,592,f1888066318d871d4d423eecdd8d9516bc28ed840af9830f5a276118279d1ddc,38000000390000000000000039000000,,,,,False,,,,,,,,,,False,False
/wazaeffect/we.arc,/wazaeffect/we.arc!/member_00309,0,/wazaeffect/we.arc,347,309,,154416,154872,150356,150812,456,5c2c9b4bd40e93c3a95effc3396559c83644366e74dd3bdcc2a40b18fc21b5d1,38000000390000000000000039000000,,,,,False,,,,,,,,,,False,False
/wazaeffect/we.arc,/wazaeffect/we.arc!/member_00310,0,/wazaeffect/we.arc,347,310,,154872,155236,150812,151176,364,e3a3fc2228a15bf78e6e421b47ec66b5bfc08625c127390ebcc88f3855ecfe7c,38000000390000000000000039000000,,,,,False,,,,,,,,,,False,False
/wazaeffect/we.arc,/wazaeffect/we.arc!/member_00311,0,/wazaeffect/we.arc,347,311,,155236,156604,151176,152544,1368,e369b8329e071fc171bdde44b185164b184fa5106898ee63c7e1d71d96869b8d,38000000390000000000000039000000,,,,,False,,,,,,,,,,False,False
/wazaeffect/we.arc,/wazaeffect/we.arc!/member_00312,0,/wazaeffect/we.arc,347,312,,156604,157060,152544,153000,456,21e82a4244af7c87446c4ba4e7fe83bab34fb3b10c9257c07935aa94dbe1bf1e,38000000390000000000000039000000,,,,,False,,,,,,,,,,False,False
/wazaeffect/we.arc,/wazaeffect/we.arc!/member_00313,0,/wazaeffect/we.arc,347,313,,157060,157332,153000,153272,272,b171c7f22cb0ea6ce768e10a062013f8d99ec9b936029d15e30e3a5e57181b99,38000000390000000000000039000000,,,,,False,,,,,,,,,,False,False
/wazaeffect/we.arc,/wazaeffect/we.arc!/member_00314,0,/wazaeffect/we.arc,347,314,,157332,157676,153272,153616,344,41bed650360f3037443c7df98a0c047d1f3b693de5c203c469bd9cd2df366ab1,38000000390000000000000039000000,,,,,False,,,,,,,,,,False,False
/wazaeffect/we.arc,/wazaeffect/we.arc!/member_00315,0,/wazaeffect/we.arc,347,315,,157676,158392,153616,154332,716,6cfb03cc64be9e77b11cc7a42dd762f6b858691fbb6dd98b89ad2a023b519d96,38000000390000000000000039000000,,,,,False,,,,,,,,,,False,False
/wazaeffect/we.arc,/wazaeffect/we.arc!/member_00316,0,/wazaeffect/we.arc,347,316,,158392,158668,154332,154608,276,25d43c8fa01d684c47bf7b4038d3c6411ee1b25fd10c07ebd5bf4b71e2d27303,3800000039000000000000003a000000,,,,,False,,,,,,,,,,False,False
/wazaeffect/we.arc,/wazaeffect/we.arc!/member_00317,0,/wazaeffect/we.arc,347,317,,158668,160176,154608,156116,1508,3053b98d5cc7d8e7d22804a0408a9cfd8a78bf1a16ec5f5e4c2d0bf70c9b1739,38000000390000000000000039000000,,,,,False,,,,,,,,,,False,False
/wazaeffect/we.arc,/wazaeffect/we.arc!/member_00318,0,/wazaeffect/we.arc,347,318,,160176,160584,156116,156524,408,623bc087442c467f52593925aef04fb3e3879b884342a82c78258aa801003148,38000000390000000000000039000000,,,,,False,,,,,,,,,,False,False
/wazaeffect/we.arc,/wazaeffect/we.arc!/member_00319,0,/wazaeffect/we.arc,347,319,,160584,161060,156524,157000,476,78b2658f4d577eb5f2627296c141a27dfe96287860335f0b6e24cf77fb8622e1,38000000390000000000000039000000,,,,,False,,,,,,,,,,False,False
/wazaeffect/we.arc,/wazaeffect/we.arc!/member_00320,0,/wazaeffect/we.arc,347,320,,161060,161768,157000,157708,708,cc9917c0e6b1dac1ae6f87e2ca9a7b4b9d5c7230d942ded3e624da1d8fbe8cae,40000000000000000300000058000000,,,,,False,,,,,,,,,,False,False
/wazaeffect/we.arc,/wazaeffect/we.arc!/member_00321,0,/wazaeffect/we.arc,347,321,,161768,163288,157708,159228,1520,23f6fbd8b0a599ecbec500ee07dc9c1d3c02b1ad5d8bf76a168c0110c89f8ece,38000000390000000000000039000000,,,,,False,,,,,,,,,,False,False
/wazaeffect/we.arc,/wazaeffect/we.arc!/member_00322,0,/wazaeffect/we.arc,347,322,,163288,164904,159228,160844,1616,b6eda41fb2045511d3c1ea3b77010d9591feca6f3e3e31d3622c1f552d101636,38000000390000000000000039000000,,,,,False,,,,,,,,,,False,False
/wazaeffect/we.arc,/wazaeffect/we.arc!/member_00323,0,/wazaeffect/we.arc,347,323,,164904,165532,160844,161472,628,852ec2aefc95ef9ff9987980007ab44954b1924301d44830a41ff7228a345839,38000000390000000000000039000000,,,,,False,,,,,,,,,,False,False
/wazaeffect/we.arc,/wazaeffect/we.arc!/member_00324,0,/wazaeffect/we.arc,347,324,,165532,166388,161472,162328,856,09283499c7870d6ae48043917d5a971dccc6c992b4d11f5c6cbff4a7e1c35a8d,38000000390000000000000039000000,,,,,False,,,,,,,,,,False,False
/wazaeffect/we.arc,/wazaeffect/we.arc!/member_00325,0,/wazaeffect/we.arc,347,325,,166388,166960,162328,162900,572,1ee15529081ef983f591e8671f6e14db9c4b5bb0d261e6a082cbab9cb9ff2660,38000000390000000000000039000000,,,,,False,,,,,,,,,,False,False
/wazaeffect/we.arc,/wazaeffect/we.arc!/member_00326,0,/wazaeffect/we.arc,347,326,,166960,167572,162900,163512,612,2d56305c32dfe40786d30b7a30785163e29a8e03641d9bc5c2487596af5ba22f,38000000390000000000000039000000,,,,,False,,,,,,,,,,False,False
/wazaeffect/we.arc,/wazaeffect/we.arc!/member_00327,0,/wazaeffect/we.arc,347,327,,167572,168472,163512,164412,900,2af10d48615190b2bca07729581691d89827d4e1c67e82dfd743e369a884f3e1,38000000390000000000000039000000,,,,,False,,,,,,,,,,False,False
/wazaeffect/we.arc,/wazaeffect/we.arc!/member_00328,0,/wazaeffect/we.arc,347,328,,168472,168864,164412,164804,392,244ff0956435f7829b696f5e2d70c826cc4c3894624d10f8dd5f5b7e4d1b652b,38000000390000000000000039000000,,,,,False,,,,,,,,,,False,False
/wazaeffect/we.arc,/wazaeffect/we.arc!/member_00329,0,/wazaeffect/we.arc,347,329,,168864,169312,164804,165252,448,1375f446c64a7c11b34d3b743d6b526909a87efd3424404af161da0fdb766c51,38000000390000000000000039000000,,,,,False,,,,,,,,,,False,False
/wazaeffect/we.arc,/wazaeffect/we.arc!/member_00330,0,/wazaeffect/we.arc,347,330,,169312,170320,165252,166260,1008,d2eaee7c6050c5e2dc0ad83dab8e27a3049daba876236cec44654c2e12d07039,38000000390000000000000039000000,,,,,False,,,,,,,,,,False,False
/wazaeffect/we.arc,/wazaeffect/we.arc!/member_00331,0,/wazaeffect/we.arc,347,331,,170320,171328,166260,167268,1008,199474cad3e9afbe66506f226e8d5f9e93cce9022cc3759289cc6ca4b38cd8dd,38000000390000000000000039000000,,,,,False,,,,,,,,,,False,False
/wazaeffect/we.arc,/wazaeffect/we.arc!/member_00332,0,/wazaeffect/we.arc,347,332,,171328,171904,167268,167844,576,78a09fd99e241563bf885698009473fac89d409035a6dc4c6c9e7f89676039ad,38000000390000000000000039000000,,,,,False,,,,,,,,,,False,False
/wazaeffect/we.arc,/wazaeffect/we.arc!/member_00333,0,/wazaeffect/we.arc,347,333,,171904,172988,167844,168928,1084,67580ff810a154711bbb8009b935f3906a431d7ee1d056b19bd19762a14aa8d2,38000000390000000000000039000000,,,,,False,,,,,,,,,,False,False
/wazaeffect/we.arc,/wazaeffect/we.arc!/member_00334,0,/wazaeffect/we.arc,347,334,,172988,173288,168928,169228,300,5b744def1914a8b14e11cf8a4cc91f086a98c5d595509d7398da0b9e94cc5d57,2d000000210000000500000000000000,,,,,False,,,,,,,,,,False,False
/wazaeffect/we.arc,/wazaeffect/we.arc!/member_00335,0,/wazaeffect/we.arc,347,335,,173288,173564,169228,169504,276,da2e5142568a91c217655fda4027837ef6fc7aa8f378832ec5585fa056227246,38000000390000000000000039000000,,,,,False,,,,,,,,,,False,False
/wazaeffect/we.arc,/wazaeffect/we.arc!/member_00336,0,/wazaeffect/we.arc,347,336,,173564,173948,169504,169888,384,7a978f6414bc9cae2f9600e5a9cbe91e079c2a5a79fbf415c5c8dfa481d0be1f,38000000390000000000000039000000,,,,,False,,,,,,,,,,False,False
/wazaeffect/we.arc,/wazaeffect/we.arc!/member_00337,0,/wazaeffect/we.arc,347,337,,173948,174504,169888,170444,556,a7ee2d3af23121dd90ebfb1a9a20c9d8d37fbbd31bae3a6ff03476071d3b8041,38000000390000000000000039000000,,,,,False,,,,,,,,,,False,False
/wazaeffect/we.arc,/wazaeffect/we.arc!/member_00338,0,/wazaeffect/we.arc,347,338,,174504,175032,170444,170972,528,3924bfcdd8fe23f59771f2c3dd6c99a9b4cd7e4d556ace426944d97916759fdf,38000000390000000000000039000000,,,,,False,,,,,,,,,,False,False
/wazaeffect/we.arc,/wazaeffect/we.arc!/member_00339,0,/wazaeffect/we.arc,347,339,,175032,175084,170972,171024,52,3596305c03145956cac57463145718479c28afd542a6af7e40ed5265e85ab501,16000000ea0700008bffffff1a000000,,,,,False,,,,,,,,,,False,False
/wazaeffect/we.arc,/wazaeffect/we.arc!/member_00340,0,/wazaeffect/we.arc,347,340,,175084,175504,171024,171444,420,5afd8c0a39a3dcfe85449d8b12be662f29190838666c62ab74d6b416f06fdb67,38000000390000000000000039000000,,,,,False,,,,,,,,,,False,False
/wazaeffect/we.arc,/wazaeffect/we.arc!/member_00341,0,/wazaeffect/we.arc,347,341,,175504,176128,171444,172068,624,2cd7153594360accc6d7441b3b95034e59839b8f8d874e94db70a198dbddd665,38000000390000000000000039000000,,,,,False,,,,,,,,,,False,False
/wazaeffect/we.arc,/wazaeffect/we.arc!/member_00342,0,/wazaeffect/we.arc,347,342,,176128,176588,172068,172528,460,dffb08f0fe3b785f37cd6a3f83f2dd446c133a1cee2783fcc6d57a5948ebe57d,38000000390000000000000039000000,,,,,False,,,,,,,,,,False,False
/wazaeffect/we.arc,/wazaeffect/we.arc!/member_00343,0,/wazaeffect/we.arc,347,343,,176588,177264,172528,173204,676,468c6109b5c10ea245fd2c7e76abd5fd5078f1dd13f07e929e285d8f292bd6ce,0d000000030000005f00000004000000,,,,,False,,,,,,,,,,False,False
/wazaeffect/we.arc,/wazaeffect/we.arc!/member_00344,0,/wazaeffect/we.arc,347,344,,177264,177944,173204,173884,680,bfa153d4c922230a9b20d1391c8cbbc8195aefc09fe8db0fefb41a08ce1405d7,38000000390000000000000039000000,,,,,False,,,,,,,,,,False,False
/wazaeffect/we.arc,/wazaeffect/we.arc!/member_00345,0,/wazaeffect/we.arc,347,345,,177944,178664,173884,174604,720,338a3b10ed920c28982545898738aa0e9c353d17d0fcdf3a950b72374aa86e90,38000000390000000000000039000000,,,,,False,,,,,,,,,,False,False
/wazaeffect/we.arc,/wazaeffect/we.arc!/member_00346,0,/wazaeffect/we.arc,347,346,,178664,179212,174604,175152,548,39d8eace9916aaa2a97934c21b72a8a7c2dd4b972c6fcbdaf8ed44b6de2f6e85,38000000390000000000000039000000,,,,,False,,,,,,,,,,False,False
/wazaeffect/we.arc,/wazaeffect/we.arc!/member_00347,0,/wazaeffect/we.arc,347,347,,179212,179536,175152,175476,324,34abddcc3dc6779fe25c6232dc4dfe49f25dd3a27f021354ef232ebfede3eeae,38000000390000000000000039000000,,,,,False,,,,,,,,,,False,False
/wazaeffect/we.arc,/wazaeffect/we.arc!/member_00348,0,/wazaeffect/we.arc,347,348,,179536,179880,175476,175820,344,562283106734e2a7c4fea9dd623be2e7d6879725592029d75f736db7f3a19537,38000000390000000000000039000000,,,,,False,,,,,,,,,,False,False
/wazaeffect/we.arc,/wazaeffect/we.arc!/member_00349,0,/wazaeffect/we.arc,347,349,,179880,180184,175820,176124,304,e04ee66085f2cc05198c1253c2962243ee1c1fd2b49c1f94960c26a8be53175c,38000000390000000000000039000000,,,,,False,,,,,,,,,,False,False
/wazaeffect/we.arc,/wazaeffect/we.arc!/member_00350,0,/wazaeffect/we.arc,347,350,,180184,180848,176124,176788,664,ab19e051814405a7ed641f1e4c45ea5f7dd788d7428a76d6147c91d6c6310222,38000000390000000000000039000000,,,,,False,,,,,,,,,,False,False
/wazaeffect/we.arc,/wazaeffect/we.arc!/member_00351,0,/wazaeffect/we.arc,347,351,,180848,181408,176788,177348,560,d02b086bbd6295a2ad3d9d0674eb06b38fd785b0d4dcae6a6fe757c30fe5b0b6,38000000390000000000000039000000,,,,,False,,,,,,,,,,False,False
/wazaeffect/we.arc,/wazaeffect/we.arc!/member_00352,0,/wazaeffect/we.arc,347,352,,181408,183496,177348,179436,2088,fcf8a5d4086eca474af504df8e859b20b86d0f3308f2938060eaf1844c6451df,38000000390000000000000039000000,,,,,False,,,,,,,,,,False,False
/wazaeffect/we.arc,/wazaeffect/we.arc!/member_00353,0,/wazaeffect/we.arc,347,353,,183496,184140,179436,180080,644,255ed0c85d4aa2d537087c4338ad431e081432ca4310e2eb187d69596252444a,0d000000030000002500000004000000,,,,,False,,,,,,,,,,False,False
/wazaeffect/we.arc,/wazaeffect/we.arc!/member_00354,0,/wazaeffect/we.arc,347,354,,184140,184680,180080,180620,540,12df817f837499009bc9a4a39180e5d582501181d83a999a8c622d34fb79af88,38000000390000000000000039000000,,,,,False,,,,,,,,,,False,False
/wazaeffect/we.arc,/wazaeffect/we.arc!/member_00355,0,/wazaeffect/we.arc,347,355,,184680,185044,180620,180984,364,6a7d830684d1d8fe943553e8eab106db4fd7a1e1eb9cd220a76a910543a31900,38000000390000000000000039000000,,,,,False,,,,,,,,,,False,False
/wazaeffect/we.arc,/wazaeffect/we.arc!/member_00356,0,/wazaeffect/we.arc,347,356,,185044,185616,180984,181556,572,4c7452a0b1343dff84037b5fce67acc7edde62fbd8a1adb1db54a58b77536470,38000000390000000000000039000000,,,,,False,,,,,,,,,,False,False
/wazaeffect/we.arc,/wazaeffect/we.arc!/member_00357,0,/wazaeffect/we.arc,347,357,,185616,186124,181556,182064,508,ce81a5dcab47500158c438cd5d69f508fd5ab8ff8e939d027d217e162f4146fe,38000000390000000000000039000000,,,,,False,,,,,,,,,,False,False
/wazaeffect/we.arc,/wazaeffect/we.arc!/member_00358,0,/wazaeffect/we.arc,347,358,,186124,186504,182064,182444,380,de366148aaf03c7a983adac2dc90c33b1b9fe82583cc0dd1fa3195900c54e50a,38000000390000000000000039000000,,,,,False,,,,,,,,,,False,False
/wazaeffect/we.arc,/wazaeffect/we.arc!/member_00359,0,/wazaeffect/we.arc,347,359,,186504,186960,182444,182900,456,4cecd8248beece6d8ac07bdcf97eaf061d5ae8cdfef501b8226e80374c1cb0bf,38000000390000000000000039000000,,,,,False,,,,,,,,,,False,False
/wazaeffect/we.arc,/wazaeffect/we.arc!/member_00360,0,/wazaeffect/we.arc,347,360,,186960,187480,182900,183420,520,c2a9b028b464a3ba570227baa692d87fe5ecaaabdbbe49fa161f6c5e345e5a86,38000000390000000000000039000000,,,,,False,,,,,,,,,,False,False
/wazaeffect/we.arc,/wazaeffect/we.arc!/member_00361,0,/wazaeffect/we.arc,347,361,,187480,188124,183420,184064,644,c0605d489e7c6d2349c26e0ad2789b587198cd897a4cbdefa4485cb3bc1d4ef0,38000000390000000000000039000000,,,,,False,,,,,,,,,,False,False
/wazaeffect/we.arc,/wazaeffect/we.arc!/member_00362,0,/wazaeffect/we.arc,347,362,,188124,188520,184064,184460,396,cfbc0bf4f862162ab621295a6c22e13986a2d0eb46e35a5c00ac01bcb1129c68,38000000390000000000000039000000,,,,,False,,,,,,,,,,False,False
/wazaeffect/we.arc,/wazaeffect/we.arc!/member_00363,0,/wazaeffect/we.arc,347,363,,188520,188812,184460,184752,292,f01d4f4c06ed172dbf45971fe58544f1886460677d8b3266471540cd6c9bfa30,38000000390000000000000039000000,,,,,False,,,,,,,,,,False,False
/wazaeffect/we.arc,/wazaeffect/we.arc!/member_00364,0,/wazaeffect/we.arc,347,364,,188812,189156,184752,185096,344,ba104692573c62ec1cda65315ce0966aeef00c9e82460041e07d2193d472af3b,38000000390000000000000039000000,,,,,False,,,,,,,,,,False,False
/wazaeffect/we.arc,/wazaeffect/we.arc!/member_00365,0,/wazaeffect/we.arc,347,365,,189156,189504,185096,185444,348,e72e0ec07b5511ce1a44a1ac32ef31f35031716439f5a40d2f53c221e4bb1ba3,38000000390000000000000039000000,,,,,False,,,,,,,,,,False,False
/wazaeffect/we.arc,/wazaeffect/we.arc!/member_00366,0,/wazaeffect/we.arc,347,366,,189504,189904,185444,185844,400,85e152841dd939425c3c64add963cce7a9d298bb90cce4bbde966a5f2141adfe,38000000390000000000000039000000,,,,,False,,,,,,,,,,False,False
/wazaeffect/we.arc,/wazaeffect/we.arc!/member_00367,0,/wazaeffect/we.arc,347,367,,189904,190560,185844,186500,656,a7c4e0484bd3dcc9783a0fe24fd8259f11105b5db01a73a962303059e0b95846,38000000390000000000000039000000,,,,,False,,,,,,,,,,False,False
/wazaeffect/we.arc,/wazaeffect/we.arc!/member_00368,0,/wazaeffect/we.arc,347,368,,190560,191016,186500,186956,456,b400a716920b154f8fa228148c7bea0804f0407f02660a8511dd838e2ac96e0c,38000000390000000000000039000000,,,,,False,,,,,,,,,,False,False
/wazaeffect/we.arc,/wazaeffect/we.arc!/member_00369,0,/wazaeffect/we.arc,347,369,,191016,192188,186956,188128,1172,daa296f9e70e22377ad51b0fffbe47dddf778264d2abeaebde7c8e7e8dd42a97,38000000390000000000000039000000,,,,,False,,,,,,,,,,False,False
/wazaeffect/we.arc,/wazaeffect/we.arc!/member_00370,0,/wazaeffect/we.arc,347,370,,192188,192684,188128,188624,496,f09ab219b48193421ffa835b00b3d2c3e7d27582675e5d38ab3f6f291d987009,38000000390000000000000039000000,,,,,False,,,,,,,,,,False,False
/wazaeffect/we.arc,/wazaeffect/we.arc!/member_00371,0,/wazaeffect/we.arc,347,371,,192684,193144,188624,189084,460,d56d4cebad7469620ef2489c96ae3452069b175b40af5f301da3e48292e9d663,38000000390000000000000039000000,,,,,False,,,,,,,,,,False,False
/wazaeffect/we.arc,/wazaeffect/we.arc!/member_00372,0,/wazaeffect/we.arc,347,372,,193144,193552,189084,189492,408,a5c855351440bf5968a961d70fa1710f0a0c163722e680e3b8d44dba30a3fde0,38000000390000000000000039000000,,,,,False,,,,,,,,,,False,False
/wazaeffect/we.arc,/wazaeffect/we.arc!/member_00373,0,/wazaeffect/we.arc,347,373,,193552,193896,189492,189836,344,2d156991fd8fc47414acdd3e5a0b3a7cdd8ede59ff9fd64f78be27ea8dca2e3f,38000000390000000000000039000000,,,,,False,,,,,,,,,,False,False
/wazaeffect/we.arc,/wazaeffect/we.arc!/member_00374,0,/wazaeffect/we.arc,347,374,,193896,194256,189836,190196,360,4d6f38b678228e4b0d9473d84fe9cb0733ac816bff4ebb7906cb845eec3b1063,38000000390000000000000039000000,,,,,False,,,,,,,,,,False,False
/wazaeffect/we.arc,/wazaeffect/we.arc!/member_00375,0,/wazaeffect/we.arc,347,375,,194256,194752,190196,190692,496,b59b4d06e8746c05b818866ac8b24e8630c9a27e7d52b01b65408c5b6923a0dc,38000000390000000000000039000000,,,,,False,,,,,,,,,,False,False
/wazaeffect/we.arc,/wazaeffect/we.arc!/member_00376,0,/wazaeffect/we.arc,347,376,,194752,195236,190692,191176,484,e1717f88bf0e99f0fe156cc481a5026115483e53815aed1dbeddb6d5a900bcab,38000000390000000000000039000000,,,,,False,,,,,,,,,,False,False
/wazaeffect/we.arc,/wazaeffect/we.arc!/member_00377,0,/wazaeffect/we.arc,347,377,,195236,195580,191176,191520,344,2c9b300d5d9cfd2c94a341d1ae5e75cdb2b315164ade7860533f464697602148,38000000390000000000000039000000,,,,,False,,,,,,,,,,False,False
/wazaeffect/we.arc,/wazaeffect/we.arc!/member_00378,0,/wazaeffect/we.arc,347,378,,195580,196012,191520,191952,432,502afcb63916ae6a9bc2af7503a0570d4245fa05826ff076e75205185a887bab,38000000390000000000000039000000,,,,,False,,,,,,,,,,False,False
/wazaeffect/we.arc,/wazaeffect/we.arc!/member_00379,0,/wazaeffect/we.arc,347,379,,196012,196484,191952,192424,472,64412549c7b9ec94cc3cdfaa4a37bda0b2d3db6723ee2e9f2cbe4fb4ab1b7c19,38000000390000000000000039000000,,,,,False,,,,,,,,,,False,False
/wazaeffect/we.arc,/wazaeffect/we.arc!/member_00380,0,/wazaeffect/we.arc,347,380,,196484,196868,192424,192808,384,5912bb724d825ada01a35a95077cbdc3ca2cecea903467b9b0229ba1641a387e,38000000390000000000000039000000,,,,,False,,,,,,,,,,False,False
/wazaeffect/we.arc,/wazaeffect/we.arc!/member_00381,0,/wazaeffect/we.arc,347,381,,196868,197152,192808,193092,284,4fce53e5cc969e6f85023c961f92622ffdd08e6df1c658d5e36fb7f5cbad66fe,38000000390000000000000039000000,,,,,False,,,,,,,,,,False,False
/wazaeffect/we.arc,/wazaeffect/we.arc!/member_00382,0,/wazaeffect/we.arc,347,382,,197152,197796,193092,193736,644,41265cdea2fa30db831e039b2da4f5f585c9fbc015751eeb1a326fdee1a71b3d,38000000390000000000000039000000,,,,,False,,,,,,,,,,False,False
/wazaeffect/we.arc,/wazaeffect/we.arc!/member_00383,0,/wazaeffect/we.arc,347,383,,197796,198440,193736,194380,644,1f67971101e7de39e9d19825801a8e7d23984a2f97b4b473f96bc2a830a59c88,38000000390000000000000039000000,,,,,False,,,,,,,,,,False,False
/wazaeffect/we.arc,/wazaeffect/we.arc!/member_00384,0,/wazaeffect/we.arc,347,384,,198440,199468,194380,195408,1028,430e26e40e633c9555dacfdd23fdbded74c270135f5cb4f0f8bc9e05ac9028e3,38000000390000000000000039000000,,,,,False,,,,,,,,,,False,False
/wazaeffect/we.arc,/wazaeffect/we.arc!/member_00385,0,/wazaeffect/we.arc,347,385,,199468,200496,195408,196436,1028,34810cfd93616a16ff05476c568899c6e246ebef3f43bb357b95ffec7010fa1d,38000000390000000000000039000000,,,,,False,,,,,,,,,,False,False
/wazaeffect/we.arc,/wazaeffect/we.arc!/member_00386,0,/wazaeffect/we.arc,347,386,,200496,200920,196436,196860,424,a10de771030bf662b661401b04d806fd4f54e0c2276852bf7d9a7d29964af742,38000000390000000000000039000000,,,,,False,,,,,,,,,,False,False
/wazaeffect/we.arc,/wazaeffect/we.arc!/member_00387,0,/wazaeffect/we.arc,347,387,,200920,201348,196860,197288,428,3437cc57b5c4c4a1670b15d52ff2f132c9f03cb7acb18d5198ad3c4d17a5583e,38000000390000000000000039000000,,,,,False,,,,,,,,,,False,False
/wazaeffect/we.arc,/wazaeffect/we.arc!/member_00388,0,/wazaeffect/we.arc,347,388,,201348,201724,197288,197664,376,4b1d87b385d86350b74d3d773077d0f8ef382af73952c03da1300edcaf5d7ba8,38000000390000000000000039000000,,,,,False,,,,,,,,,,False,False
/wazaeffect/we.arc,/wazaeffect/we.arc!/member_00389,0,/wazaeffect/we.arc,347,389,,201724,202364,197664,198304,640,a7298f05ed11f9f7ceb2de1948f1f4d943f8c8b6021320666f192e9beb604087,38000000390000000000000039000000,,,,,False,,,,,,,,,,False,False
/wazaeffect/we.arc,/wazaeffect/we.arc!/member_00390,0,/wazaeffect/we.arc,347,390,,202364,203036,198304,198976,672,afafecb3d3d7e81405b473d5e96c47880e0c853baf3a1ead154ee401f8193474,38000000390000000000000039000000,,,,,False,,,,,,,,,,False,False
/wazaeffect/we.arc,/wazaeffect/we.arc!/member_00391,0,/wazaeffect/we.arc,347,391,,203036,204248,198976,200188,1212,9720ff5ab704a34a21467335d89765601116e3214ee8250c678dc8c36f64ea54,38000000390000000000000039000000,,,,,False,,,,,,,,,,False,False
/wazaeffect/we.arc,/wazaeffect/we.arc!/member_00392,0,/wazaeffect/we.arc,347,392,,204248,204600,200188,200540,352,56128d774732dedb1392846d5084ba2b80d90b04816a707fcc5e74f4c3c52b97,38000000390000000000000039000000,,,,,False,,,,,,,,,,False,False
/wazaeffect/we.arc,/wazaeffect/we.arc!/member_00393,0,/wazaeffect/we.arc,347,393,,204600,205220,200540,201160,620,63dfccaea7e011f67ba1b65fade7148f7fc7affd7fe238b683c4cdbdd21ecef5,38000000390000000000000039000000,,,,,False,,,,,,,,,,False,False
/wazaeffect/we.arc,/wazaeffect/we.arc!/member_00394,0,/wazaeffect/we.arc,347,394,,205220,205704,201160,201644,484,1326e2b7c3f184565289babaf165050937aaa3fdca20d2b199f66e607cf8a750,38000000390000000000000039000000,,,,,False,,,,,,,,,,False,False
/wazaeffect/we.arc,/wazaeffect/we.arc!/member_00395,0,/wazaeffect/we.arc,347,395,,205704,206356,201644,202296,652,55d5e38a524e8f5e15ec5848688fc1be3c98d84b21fd7ff135e681bdadead798,38000000390000000000000039000000,,,,,False,,,,,,,,,,False,False
/wazaeffect/we.arc,/wazaeffect/we.arc!/member_00396,0,/wazaeffect/we.arc,347,396,,206356,207048,202296,202988,692,690863bb869e04162ff54beff652e7b3680b013e71e2de1f2bcbbc6aeb45ba64,38000000390000000000000039000000,,,,,False,,,,,,,,,,False,False
/wazaeffect/we.arc,/wazaeffect/we.arc!/member_00397,0,/wazaeffect/we.arc,347,397,,207048,207452,202988,203392,404,95c581735b48b12e17912aeb66be3edc23a32dee919097a955dc683fc36fcec7,38000000390000000000000039000000,,,,,False,,,,,,,,,,False,False
/wazaeffect/we.arc,/wazaeffect/we.arc!/member_00398,0,/wazaeffect/we.arc,347,398,,207452,207844,203392,203784,392,4e107f62ba0f3e554a1d6916c7ae06b1b5f1649d96200480a52b14043bbce25a,38000000390000000000000039000000,,,,,False,,,,,,,,,,False,False
/wazaeffect/we.arc,/wazaeffect/we.arc!/member_00399,0,/wazaeffect/we.arc,347,399,,207844,208364,203784,204304,520,b5cf90b5a2342f8bc3a4bfe0d10f1cf762e0458c5c060f9b7932fad5cedbd26e,38000000390000000000000039000000,,,,,False,,,,,,,,,,False,False
/wazaeffect/we.arc,/wazaeffect/we.arc!/member_00400,0,/wazaeffect/we.arc,347,400,,208364,208884,204304,204824,520,2509a8d7076603bab1a39f93340af16591bc2dd0bab6d21e013af55ababa881e,38000000390000000000000039000000,,,,,False,,,,,,,,,,False,False
/wazaeffect/we.arc,/wazaeffect/we.arc!/member_00401,0,/wazaeffect/we.arc,347,401,,208884,209460,204824,205400,576,cad064174f93c6e7c20c2de487543e48a8751606cd81759ff362c3b89c5ec6ef,38000000390000000000000039000000,,,,,False,,,,,,,,,,False,False
/wazaeffect/we.arc,/wazaeffect/we.arc!/member_00402,0,/wazaeffect/we.arc,347,402,,209460,210164,205400,206104,704,723d1d7e03b1edc25ec593bffbee3c2073d1f370ca6c9f891d89d9462c2afe3f,38000000390000000000000039000000,,,,,False,,,,,,,,,,False,False
/wazaeffect/we.arc,/wazaeffect/we.arc!/member_00403,0,/wazaeffect/we.arc,347,403,,210164,210524,206104,206464,360,1c8ab2961738ccbb63b560d7cb50373b029774242a81a942984d903abd3f5389,38000000390000000000000039000000,,,,,False,,,,,,,,,,False,False
/wazaeffect/we.arc,/wazaeffect/we.arc!/member_00404,0,/wazaeffect/we.arc,347,404,,210524,210980,206464,206920,456,0d52ff0e1237ec9522195e8a9156d36fc4d2ed80b935346fec0af69cf0986020,38000000390000000000000039000000,,,,,False,,,,,,,,,,False,False
/wazaeffect/we.arc,/wazaeffect/we.arc!/member_00405,0,/wazaeffect/we.arc,347,405,,210980,211480,206920,207420,500,06d15220e4ef2e5407ee2f55fe43dfa543f5e4ccb21c2f00d7a4586ba7cc0e88,38000000390000000000000039000000,,,,,False,,,,,,,,,,False,False
/wazaeffect/we.arc,/wazaeffect/we.arc!/member_00406,0,/wazaeffect/we.arc,347,406,,211480,212076,207420,208016,596,e04ed152f91b172e5ca4b982ace445a03dbd181f9946ab6964ebfb984134e10b,38000000390000000000000039000000,,,,,False,,,,,,,,,,False,False
/wazaeffect/we.arc,/wazaeffect/we.arc!/member_00407,0,/wazaeffect/we.arc,347,407,,212076,212576,208016,208516,500,9e051c5b3365566f8806546de9f81c49f099708984245937ccb0294519bf408e,38000000390000000000000039000000,,,,,False,,,,,,,,,,False,False
/wazaeffect/we.arc,/wazaeffect/we.arc!/member_00408,0,/wazaeffect/we.arc,347,408,,212576,213064,208516,209004,488,4dc501d73270e3803d9306ebf65793b2252f59fdc2b5caac5a057a579d7b9be0,38000000390000000000000039000000,,,,,False,,,,,,,,,,False,False
/wazaeffect/we.arc,/wazaeffect/we.arc!/member_00409,0,/wazaeffect/we.arc,347,409,,213064,213680,209004,209620,616,d1a5153a205355736434ede38c4e3ff0d240a2baf520f226215b44bda09f8beb,38000000390000000000000039000000,,,,,False,,,,,,,,,,False,False
/wazaeffect/we.arc,/wazaeffect/we.arc!/member_00410,0,/wazaeffect/we.arc,347,410,,213680,214136,209620,210076,456,c7664f9054e794d2d60eae8d5e59dd9791b332e1d24f040d6667ff0901eda955,38000000390000000000000039000000,,,,,False,,,,,,,,,,False,False
/wazaeffect/we.arc,/wazaeffect/we.arc!/member_00411,0,/wazaeffect/we.arc,347,411,,214136,214808,210076,210748,672,123ddfb6a1ffdd1f109a99f3bed009a323f543ef44a01d0605743ea9a8a891db,38000000390000000000000039000000,,,,,False,,,,,,,,,,False,False
/wazaeffect/we.arc,/wazaeffect/we.arc!/member_00412,0,/wazaeffect/we.arc,347,412,,214808,215292,210748,211232,484,2a7220cc3a016f2253faa19a108076994d5c9e21cb572c2d8ad0b356cfb3a0ce,38000000390000000000000039000000,,,,,False,,,,,,,,,,False,False
/wazaeffect/we.arc,/wazaeffect/we.arc!/member_00413,0,/wazaeffect/we.arc,347,413,,215292,217464,211232,213404,2172,adf8e948d8c81071a327b138fa977a8a345b26db6a27f2c00038f20b7feb6635,38000000390000000000000039000000,,,,,False,,,,,,,,,,False,False
/wazaeffect/we.arc,/wazaeffect/we.arc!/member_00414,0,/wazaeffect/we.arc,347,414,,217464,219148,213404,215088,1684,3264e2bdc5aaf3c0474856406f1715f8f275806a61de750f3b2dafd921d6210f,38000000390000000000000039000000,,,,,False,,,,,,,,,,False,False
/wazaeffect/we.arc,/wazaeffect/we.arc!/member_00415,0,/wazaeffect/we.arc,347,415,,219148,219472,215088,215412,324,39ca838660d20e4d12b13bffb99d98e1c38847cfb930b80bace8e89a96014f2d,2d000000210000000500000000000000,,,,,False,,,,,,,,,,False,False
/wazaeffect/we.arc,/wazaeffect/we.arc!/member_00416,0,/wazaeffect/we.arc,347,416,,219472,220184,215412,216124,712,16c6a46f122c7b90f488035532937199511c0f6090fb5df18e3ae3426fbd96c8,38000000390000000000000039000000,,,,,False,,,,,,,,,,False,False
/wazaeffect/we.arc,/wazaeffect/we.arc!/member_00417,0,/wazaeffect/we.arc,347,417,,220184,220804,216124,216744,620,b12c93f24a91251a68a0ab87228e4dc49ef4e5f5fd9a6a4b33ba24217f100220,38000000390000000000000039000000,,,,,False,,,,,,,,,,False,False
/wazaeffect/we.arc,/wazaeffect/we.arc!/member_00418,0,/wazaeffect/we.arc,347,418,,220804,221120,216744,217060,316,dc8cd54ff1b21edc41a91186e8b96c75e8cd0ac84d38fcd2c305748e77c138d4,38000000390000000000000039000000,,,,,False,,,,,,,,,,False,False
/wazaeffect/we.arc,/wazaeffect/we.arc!/member_00419,0,/wazaeffect/we.arc,347,419,,221120,221936,217060,217876,816,3401fae93628db2edd9943c1b35e03755d84f6b0da647035c813bdf898ed49c8,38000000390000000000000039000000,,,,,False,,,,,,,,,,False,False
/wazaeffect/we.arc,/wazaeffect/we.arc!/member_00420,0,/wazaeffect/we.arc,347,420,,221936,222668,217876,218608,732,3a250035decc0e1ad2cf9e0347ca09f8df167127d75e6565ad1b52cc0c67d49d,38000000390000000000000039000000,,,,,False,,,,,,,,,,False,False
/wazaeffect/we.arc,/wazaeffect/we.arc!/member_00421,0,/wazaeffect/we.arc,347,421,,222668,223016,218608,218956,348,75690d80ffd065a3a04160d375aa9e74c267faca8f2db70eda57ef1acf349ae7,38000000390000000000000039000000,,,,,False,,,,,,,,,,False,False
/wazaeffect/we.arc,/wazaeffect/we.arc!/member_00422,0,/wazaeffect/we.arc,347,422,,223016,223640,218956,219580,624,59d59c02441ceed798f61f79370a9bd5b47c9ff46c6306f0f7c02604bb877bbc,38000000390000000000000039000000,,,,,False,,,,,,,,,,False,False
/wazaeffect/we.arc,/wazaeffect/we.arc!/member_00423,0,/wazaeffect/we.arc,347,423,,223640,224264,219580,220204,624,1ef71096f6ead641e7552886c43ca1365f936726c1db73815cf34f4b2d464441,38000000390000000000000039000000,,,,,False,,,,,,,,,,False,False
/wazaeffect/we.arc,/wazaeffect/we.arc!/member_00424,0,/wazaeffect/we.arc,347,424,,224264,224888,220204,220828,624,74282565fc19c8aed0a247503a788fcc0b92ecbeb3155ad562f07faf221c05ec,38000000390000000000000039000000,,,,,False,,,,,,,,,,False,False
/wazaeffect/we.arc,/wazaeffect/we.arc!/member_00425,0,/wazaeffect/we.arc,347,425,,224888,225436,220828,221376,548,b769c51e218606e61468649e133c4f2f4db3a93e78d6acd8435b7d5b3543d589,38000000390000000000000039000000,,,,,False,,,,,,,,,,False,False
/wazaeffect/we.arc,/wazaeffect/we.arc!/member_00426,0,/wazaeffect/we.arc,347,426,,225436,225820,221376,221760,384,3699f1560087411f7b84515c96c0810902b55fec553891b1d5fc51035e1839d1,38000000390000000000000039000000,,,,,False,,,,,,,,,,False,False
/wazaeffect/we.arc,/wazaeffect/we.arc!/member_00427,0,/wazaeffect/we.arc,347,427,,225820,226540,221760,222480,720,1ffd8367ab50be4031529361238e1845ac3e30b6a916fc685c2a0032fa66898d,38000000390000000000000039000000,,,,,False,,,,,,,,,,False,False
/wazaeffect/we.arc,/wazaeffect/we.arc!/member_00428,0,/wazaeffect/we.arc,347,428,,226540,227212,222480,223152,672,d73d08d49fd36c7d2328302704600988657c7309e9a583d10634d307cd0c224f,38000000390000000000000039000000,,,,,False,,,,,,,,,,False,False
/wazaeffect/we.arc,/wazaeffect/we.arc!/member_00429,0,/wazaeffect/we.arc,347,429,,227212,227740,223152,223680,528,53884ab33c1c3a5f05c5d8907644eb42ead2a038cd7928b60e1537f35129c127,38000000390000000000000039000000,,,,,False,,,,,,,,,,False,False
/wazaeffect/we.arc,/wazaeffect/we.arc!/member_00430,0,/wazaeffect/we.arc,347,430,,227740,228456,223680,224396,716,0736bbb55d7287140c32298e1d7a014af0dfa345c5d836bfe63e4f91baf1da98,38000000390000000000000039000000,,,,,False,,,,,,,,,,False,False
/wazaeffect/we.arc,/wazaeffect/we.arc!/member_00431,0,/wazaeffect/we.arc,347,431,,228456,229128,224396,225068,672,f71c4d322359e21e90da6c727de334b3d7543836428e385985106fc56ad8128e,38000000390000000000000039000000,,,,,False,,,,,,,,,,False,False
/wazaeffect/we.arc,/wazaeffect/we.arc!/member_00432,0,/wazaeffect/we.arc,347,432,,229128,229652,225068,225592,524,d81a06e010e3c8fed59f369276752f5040826b24c3661040f13d29dd2c70a469,38000000390000000000000039000000,,,,,False,,,,,,,,,,False,False
/wazaeffect/we.arc,/wazaeffect/we.arc!/member_00433,0,/wazaeffect/we.arc,347,433,,229652,229832,225592,225772,180,b29057b92424647bee77825d00543032518858d308eba8920e87275f3f2d9b15,0c00000000000000000000000c000000,,,,,False,,,,,,,,,,False,False
/wazaeffect/we.arc,/wazaeffect/we.arc!/member_00434,0,/wazaeffect/we.arc,347,434,,229832,230792,225772,226732,960,1a72673c4750381b810c6535b0503be405138f94ec9891a1c27431958ab18ece,38000000390000000000000039000000,,,,,False,,,,,,,,,,False,False
/wazaeffect/we.arc,/wazaeffect/we.arc!/member_00435,0,/wazaeffect/we.arc,347,435,,230792,231212,226732,227152,420,b65d7bbf40ebc0006cde8a586552a4922698465340d8896acc904b216b0f5353,38000000390000000000000039000000,,,,,False,,,,,,,,,,False,False
/wazaeffect/we.arc,/wazaeffect/we.arc!/member_00436,0,/wazaeffect/we.arc,347,436,,231212,231912,227152,227852,700,b021198489d326c6795854976bfefc21c9bd0fbfd32c96205e95442d0d75bda7,38000000390000000000000039000000,,,,,False,,,,,,,,,,False,False
/wazaeffect/we.arc,/wazaeffect/we.arc!/member_00437,0,/wazaeffect/we.arc,347,437,,231912,232472,227852,228412,560,2a4d91f02d9f275a3109493cde5a7c63f3b685fd45f01fa0efc92ac9a0e966c6,38000000390000000000000039000000,,,,,False,,,,,,,,,,False,False
/wazaeffect/we.arc,/wazaeffect/we.arc!/member_00438,0,/wazaeffect/we.arc,347,438,,232472,232860,228412,228800,388,491630d2c721023cdeec53d2a4d4c54fbeaa798fa0ca2a3c46b024132bcea292,38000000390000000000000039000000,,,,,False,,,,,,,,,,False,False
/wazaeffect/we.arc,/wazaeffect/we.arc!/member_00439,0,/wazaeffect/we.arc,347,439,,232860,233404,228800,229344,544,129321c963cc8f6113b26190ab4ecd8d37fd769d596e47f03c4170eb6f1265f1,38000000390000000000000039000000,,,,,False,,,,,,,,,,False,False
/wazaeffect/we.arc,/wazaeffect/we.arc!/member_00440,0,/wazaeffect/we.arc,347,440,,233404,233760,229344,229700,356,9c01770a5d144ba460440bed3eaa455dd3570e651ef79a06f0c879d0926cd3b2,38000000390000000000000039000000,,,,,False,,,,,,,,,,False,False
/wazaeffect/we.arc,/wazaeffect/we.arc!/member_00441,0,/wazaeffect/we.arc,347,441,,233760,234304,229700,230244,544,ca3f36896280155e830d411a8ec48a5e71ad0fed2b6418ed0b4be757d06a2f1b,38000000390000000000000039000000,,,,,False,,,,,,,,,,False,False
/wazaeffect/we.arc,/wazaeffect/we.arc!/member_00442,0,/wazaeffect/we.arc,347,442,,234304,234692,230244,230632,388,3c59bbc29c1ecae2fe300f96550a895036a2b2f9110e490600539704acb671e3,38000000390000000000000039000000,,,,,False,,,,,,,,,,False,False
/wazaeffect/we.arc,/wazaeffect/we.arc!/member_00443,0,/wazaeffect/we.arc,347,443,,234692,235164,230632,231104,472,06fc017a3578867a8712c9a517119d4ce4fcab885304ccc913fdd2bd9a4199c1,38000000390000000000000039000000,,,,,False,,,,,,,,,,False,False
/wazaeffect/we.arc,/wazaeffect/we.arc!/member_00444,0,/wazaeffect/we.arc,347,444,,235164,235520,231104,231460,356,2a9962a28baad29c743e7637b1eae3b4622802b3877b6ed56bc53508005da6cd,38000000390000000000000039000000,,,,,False,,,,,,,,,,False,False
/wazaeffect/we.arc,/wazaeffect/we.arc!/member_00445,0,/wazaeffect/we.arc,347,445,,235520,235776,231460,231716,256,4adb332055d71408a2dd03be74585be0c54e9af196dee187d090e1a5c018ac5a,38000000390000000000000039000000,,,,,False,,,,,,,,,,False,False
/wazaeffect/we.arc,/wazaeffect/we.arc!/member_00446,0,/wazaeffect/we.arc,347,446,,235776,236492,231716,232432,716,74f72c26039462ea07bcbb9f59123664d30b49fa19af7d7b953c3f930ff465e9,38000000390000000000000039000000,,,,,False,,,,,,,,,,False,False
/wazaeffect/we.arc,/wazaeffect/we.arc!/member_00447,0,/wazaeffect/we.arc,347,447,,236492,236776,232432,232716,284,857ece3aeb4c48a3dd7cbcaa32c9290680bbf19d3bf226b0d96c98d61da271dc,38000000390000000000000039000000,,,,,False,,,,,,,,,,False,False
/wazaeffect/we.arc,/wazaeffect/we.arc!/member_00448,0,/wazaeffect/we.arc,347,448,,236776,237144,232716,233084,368,11b55792ad938406565a9e0ceecfbb0e368a3746e2c62058fe0a053676dbfc88,38000000390000000000000039000000,,,,,False,,,,,,,,,,False,False
/wazaeffect/we.arc,/wazaeffect/we.arc!/member_00449,0,/wazaeffect/we.arc,347,449,,237144,237632,233084,233572,488,d411827f56208350f822e13d176e5a07df54fc1d274df36f25dc2157a3d8f61b,38000000390000000000000039000000,,,,,False,,,,,,,,,,False,False
/wazaeffect/we.arc,/wazaeffect/we.arc!/member_00450,0,/wazaeffect/we.arc,347,450,,237632,237924,233572,233864,292,eda53b293f4d379ae2496a4d71658c58d17a8d53d21e04168b70eb28b8d29654,38000000390000000000000039000000,,,,,False,,,,,,,,,,False,False
/wazaeffect/we.arc,/wazaeffect/we.arc!/member_00451,0,/wazaeffect/we.arc,347,451,,237924,239044,233864,234984,1120,3acff45ae92cdfd425a8620a34e346ce2f33d9bd46bb8478b74445c074f7b5f0,38000000390000000000000039000000,,,,,False,,,,,,,,,,False,False
/wazaeffect/we.arc,/wazaeffect/we.arc!/member_00452,0,/wazaeffect/we.arc,347,452,,239044,239400,234984,235340,356,4353ffbe224cdd18f54f8789325de397a9f5f2725ea52140424bf2e3d156f836,38000000390000000000000039000000,,,,,False,,,,,,,,,,False,False
/wazaeffect/we.arc,/wazaeffect/we.arc!/member_00453,0,/wazaeffect/we.arc,347,453,,239400,240456,235340,236396,1056,478f74fceb4daebe5ccb268d288380b03f86c5a37f0dc40bca2f6bf521ce83cf,38000000390000000000000039000000,,,,,False,,,,,,,,,,False,False
/wazaeffect/we.arc,/wazaeffect/we.arc!/member_00454,0,/wazaeffect/we.arc,347,454,,240456,240832,236396,236772,376,b1141e8618d899c09ad0b0c16e32d8d02f0b7404588748044004d2b4fa75cfc0,38000000390000000000000039000000,,,,,False,,,,,,,,,,False,False
/wazaeffect/we.arc,/wazaeffect/we.arc!/member_00455,0,/wazaeffect/we.arc,347,455,,240832,241208,236772,237148,376,039abd469772f6533e0d68b4f7a6629cd3ddea1647dba267a20d20d608db597d,38000000390000000000000039000000,,,,,False,,,,,,,,,,False,False
/wazaeffect/we.arc,/wazaeffect/we.arc!/member_00456,0,/wazaeffect/we.arc,347,456,,241208,241584,237148,237524,376,97ea4445979c0bd7f3e9b660e4f81ec470d79e67cce1ddf30dd55b58a442b7e7,38000000390000000000000039000000,,,,,False,,,,,,,,,,False,False
/wazaeffect/we.arc,/wazaeffect/we.arc!/member_00457,0,/wazaeffect/we.arc,347,457,,241584,242076,237524,238016,492,a508199c58564a0ef591427110f10db2213dbb22ca4535c7fdbdb94735e0ceba,38000000390000000000000039000000,,,,,False,,,,,,,,,,False,False
/wazaeffect/we.arc,/wazaeffect/we.arc!/member_00458,0,/wazaeffect/we.arc,347,458,,242076,242804,238016,238744,728,edc39317ae2821a7e8e0c416aab6c46da98089a69844298febd664d34b353860,38000000390000000000000039000000,,,,,False,,,,,,,,,,False,False
/wazaeffect/we.arc,/wazaeffect/we.arc!/member_00459,0,/wazaeffect/we.arc,347,459,,242804,243364,238744,239304,560,c8b633d53132e930e48456c035cda841ed5476e8635e218b0b570c15a69eddf8,38000000390000000000000039000000,,,,,False,,,,,,,,,,False,False
/wazaeffect/we.arc,/wazaeffect/we.arc!/member_00460,0,/wazaeffect/we.arc,347,460,,243364,243864,239304,239804,500,cbeb04e5e721478bdbe3c95ba53eff2d7930b33c4b153ad10a9edcee573543d9,38000000390000000000000039000000,,,,,False,,,,,,,,,,False,False
/wazaeffect/we.arc,/wazaeffect/we.arc!/member_00461,0,/wazaeffect/we.arc,347,461,,243864,245420,239804,241360,1556,2ee0e350831f8cf65279ea489df40480813e8779717cf6492993ea9c4f0a2b77,0d00000003000000ed00000004000000,,,,,False,,,,,,,,,,False,False
/wazaeffect/we.arc,/wazaeffect/we.arc!/member_00462,0,/wazaeffect/we.arc,347,462,,245420,246400,241360,242340,980,0804e6c4220ea5318b11e06fef143b100c34cacc34214f69c170bad9435dba12,38000000390000000000000039000000,,,,,False,,,,,,,,,,False,False
/wazaeffect/we.arc,/wazaeffect/we.arc!/member_00463,0,/wazaeffect/we.arc,347,463,,246400,248264,242340,244204,1864,0c13986b6ad10a65d4a4ec4db86faeb1e0a4b524e88d52550edea2c3a0125b87,38000000390000000000000039000000,,,,,False,,,,,,,,,,False,False
/wazaeffect/we.arc,/wazaeffect/we.arc!/member_00464,0,/wazaeffect/we.arc,347,464,,248264,250284,244204,246224,2020,87e6047f92b96ac4a7abaf35f6470da6af466deb78011db04b8116f0a59b3ba3,38000000390000000000000039000000,,,,,False,,,,,,,,,,False,False
/wazaeffect/we.arc,/wazaeffect/we.arc!/member_00465,0,/wazaeffect/we.arc,347,465,,250284,250700,246224,246640,416,1c8e8aecb9dde062acfbcbc003f874b1d3b0bf62f8ed2e0018d8d8ba25f4dc43,38000000390000000000000039000000,,,,,False,,,,,,,,,,False,False
/wazaeffect/we.arc,/wazaeffect/we.arc!/member_00466,0,/wazaeffect/we.arc,347,466,,250700,251180,246640,247120,480,e8c3773c104432234e0e55caa2963d0cafb62a06daeb244f9cd430a63f472251,38000000390000000000000039000000,,,,,False,,,,,,,,,,False,False
/wazaeffect/we.arc,/wazaeffect/we.arc!/member_00467,0,/wazaeffect/we.arc,347,467,,251180,251756,247120,247696,576,cebbdde4e2d9862e3f26238df7899ea41ac1b47a50bc7fdf2b7f4777043e17aa,38000000390000000000000039000000,,,,,False,,,,,,,,,,False,False
/wazaeffect/we.arc,/wazaeffect/we.arc!/member_00468,0,/wazaeffect/we.arc,347,468,,251756,251828,247696,247768,72,d978bda2d083ff676fd5122a5c1cca4066aa0b14749ed333f90d8ac8b4ebf518,2d00000000000000000000002d000000,,,,,False,,,,,,,,,,False,False
/wazaeffect/we.arc,/wazaeffect/we.arc!/member_00469,0,/wazaeffect/we.arc,347,469,,251828,251900,247768,247840,72,d978bda2d083ff676fd5122a5c1cca4066aa0b14749ed333f90d8ac8b4ebf518,2d00000000000000000000002d000000,,,,,False,,,,,,,,,,False,False
/wazaeffect/we.arc,/wazaeffect/we.arc!/member_00470,0,/wazaeffect/we.arc,347,470,,251900,251972,247840,247912,72,d978bda2d083ff676fd5122a5c1cca4066aa0b14749ed333f90d8ac8b4ebf518,2d00000000000000000000002d000000,,,,,False,,,,,,,,,,False,False
/wazaeffect/we.arc,/wazaeffect/we.arc!/member_00471,0,/wazaeffect/we.arc,347,471,,251972,252044,247912,247984,72,d978bda2d083ff676fd5122a5c1cca4066aa0b14749ed333f90d8ac8b4ebf518,2d00000000000000000000002d000000,,,,,False,,,,,,,,,,False,False
/wazaeffect/we.arc,/wazaeffect/we.arc!/member_00472,0,/wazaeffect/we.arc,347,472,,252044,252116,247984,248056,72,d978bda2d083ff676fd5122a5c1cca4066aa0b14749ed333f90d8ac8b4ebf518,2d00000000000000000000002d000000,,,,,False,,,,,,,,,,False,False
/wazaeffect/we.arc,/wazaeffect/we.arc!/member_00473,0,/wazaeffect/we.arc,347,473,,252116,252188,248056,248128,72,d978bda2d083ff676fd5122a5c1cca4066aa0b14749ed333f90d8ac8b4ebf518,2d00000000000000000000002d000000,,,,,False,,,,,,,,,,False,False
/wazaeffect/we.arc,/wazaeffect/we.arc!/member_00474,0,/wazaeffect/we.arc,347,474,,252188,252260,248128,248200,72,d978bda2d083ff676fd5122a5c1cca4066aa0b14749ed333f90d8ac8b4ebf518,2d00000000000000000000002d000000,,,,,False,,,,,,,,,,False,False
/wazaeffect/we.arc,/wazaeffect/we.arc!/member_00475,0,/wazaeffect/we.arc,347,475,,252260,252328,248200,248268,68,91eab25317d6a55e292ea74bb4b1a931bc2b2dfbc2183a9a64a19c21340ce7cc,2d00000000000000000000002d000000,,,,,False,,,,,,,,,,False,False
/wazaeffect/we.arc,/wazaeffect/we.arc!/member_00476,0,/wazaeffect/we.arc,347,476,,252328,252396,248268,248336,68,91eab25317d6a55e292ea74bb4b1a931bc2b2dfbc2183a9a64a19c21340ce7cc,2d00000000000000000000002d000000,,,,,False,,,,,,,,,,False,False
/wazaeffect/we.arc,/wazaeffect/we.arc!/member_00477,0,/wazaeffect/we.arc,347,477,,252396,252464,248336,248404,68,91eab25317d6a55e292ea74bb4b1a931bc2b2dfbc2183a9a64a19c21340ce7cc,2d00000000000000000000002d000000,,,,,False,,,,,,,,,,False,False
/wazaeffect/we.arc,/wazaeffect/we.arc!/member_00478,0,/wazaeffect/we.arc,347,478,,252464,252532,248404,248472,68,91eab25317d6a55e292ea74bb4b1a931bc2b2dfbc2183a9a64a19c21340ce7cc,2d00000000000000000000002d000000,,,,,False,,,,,,,,,,False,False
/wazaeffect/we.arc,/wazaeffect/we.arc!/member_00479,0,/wazaeffect/we.arc,347,479,,252532,252600,248472,248540,68,91eab25317d6a55e292ea74bb4b1a931bc2b2dfbc2183a9a64a19c21340ce7cc,2d00000000000000000000002d000000,,,,,False,,,,,,,,,,False,False
/wazaeffect/we.arc,/wazaeffect/we.arc!/member_00480,0,/wazaeffect/we.arc,347,480,,252600,252668,248540,248608,68,91eab25317d6a55e292ea74bb4b1a931bc2b2dfbc2183a9a64a19c21340ce7cc,2d00000000000000000000002d000000,,,,,False,,,,,,,,,,False,False
/wazaeffect/we.arc,/wazaeffect/we.arc!/member_00481,0,/wazaeffect/we.arc,347,481,,252668,252736,248608,248676,68,91eab25317d6a55e292ea74bb4b1a931bc2b2dfbc2183a9a64a19c21340ce7cc,2d00000000000000000000002d000000,,,,,False,,,,,,,,,,False,False
/wazaeffect/we.arc,/wazaeffect/we.arc!/member_00482,0,/wazaeffect/we.arc,347,482,,252736,252804,248676,248744,68,91eab25317d6a55e292ea74bb4b1a931bc2b2dfbc2183a9a64a19c21340ce7cc,2d00000000000000000000002d000000,,,,,False,,,,,,,,,,False,False
/wazaeffect/we.arc,/wazaeffect/we.arc!/member_00483,0,/wazaeffect/we.arc,347,483,,252804,252872,248744,248812,68,91eab25317d6a55e292ea74bb4b1a931bc2b2dfbc2183a9a64a19c21340ce7cc,2d00000000000000000000002d000000,,,,,False,,,,,,,,,,False,False
/wazaeffect/we.arc,/wazaeffect/we.arc!/member_00484,0,/wazaeffect/we.arc,347,484,,252872,252940,248812,248880,68,91eab25317d6a55e292ea74bb4b1a931bc2b2dfbc2183a9a64a19c21340ce7cc,2d00000000000000000000002d000000,,,,,False,,,,,,,,,,False,False
/wazaeffect/we.arc,/wazaeffect/we.arc!/member_00485,0,/wazaeffect/we.arc,347,485,,252940,253008,248880,248948,68,91eab25317d6a55e292ea74bb4b1a931bc2b2dfbc2183a9a64a19c21340ce7cc,2d00000000000000000000002d000000,,,,,False,,,,,,,,,,False,False
/wazaeffect/we.arc,/wazaeffect/we.arc!/member_00486,0,/wazaeffect/we.arc,347,486,,253008,253076,248948,249016,68,91eab25317d6a55e292ea74bb4b1a931bc2b2dfbc2183a9a64a19c21340ce7cc,2d00000000000000000000002d000000,,,,,False,,,,,,,,,,False,False
/wazaeffect/we.arc,/wazaeffect/we.arc!/member_00487,0,/wazaeffect/we.arc,347,487,,253076,253144,249016,249084,68,91eab25317d6a55e292ea74bb4b1a931bc2b2dfbc2183a9a64a19c21340ce7cc,2d00000000000000000000002d000000,,,,,False,,,,,,,,,,False,False
/wazaeffect/we.arc,/wazaeffect/we.arc!/member_00488,0,/wazaeffect/we.arc,347,488,,253144,253212,249084,249152,68,91eab25317d6a55e292ea74bb4b1a931bc2b2dfbc2183a9a64a19c21340ce7cc,2d00000000000000000000002d000000,,,,,False,,,,,,,,,,False,False
/wazaeffect/we.arc,/wazaeffect/we.arc!/member_00489,0,/wazaeffect/we.arc,347,489,,253212,253280,249152,249220,68,91eab25317d6a55e292ea74bb4b1a931bc2b2dfbc2183a9a64a19c21340ce7cc,2d00000000000000000000002d000000,,,,,False,,,,,,,,,,False,False
/wazaeffect/we.arc,/wazaeffect/we.arc!/member_00490,0,/wazaeffect/we.arc,347,490,,253280,253348,249220,249288,68,91eab25317d6a55e292ea74bb4b1a931bc2b2dfbc2183a9a64a19c21340ce7cc,2d00000000000000000000002d000000,,,,,False,,,,,,,,,,False,False
/wazaeffect/we.arc,/wazaeffect/we.arc!/member_00491,0,/wazaeffect/we.arc,347,491,,253348,253416,249288,249356,68,91eab25317d6a55e292ea74bb4b1a931bc2b2dfbc2183a9a64a19c21340ce7cc,2d00000000000000000000002d000000,,,,,False,,,,,,,,,,False,False
/wazaeffect/we.arc,/wazaeffect/we.arc!/member_00492,0,/wazaeffect/we.arc,347,492,,253416,253484,249356,249424,68,91eab25317d6a55e292ea74bb4b1a931bc2b2dfbc2183a9a64a19c21340ce7cc,2d00000000000000000000002d000000,,,,,False,,,,,,,,,,False,False
/wazaeffect/we.arc,/wazaeffect/we.arc!/member_00493,0,/wazaeffect/we.arc,347,493,,253484,253552,249424,249492,68,91eab25317d6a55e292ea74bb4b1a931bc2b2dfbc2183a9a64a19c21340ce7cc,2d00000000000000000000002d000000,,,,,False,,,,,,,,,,False,False
/wazaeffect/we.arc,/wazaeffect/we.arc!/member_00494,0,/wazaeffect/we.arc,347,494,,253552,253620,249492,249560,68,91eab25317d6a55e292ea74bb4b1a931bc2b2dfbc2183a9a64a19c21340ce7cc,2d00000000000000000000002d000000,,,,,False,,,,,,,,,,False,False
/wazaeffect/we.arc,/wazaeffect/we.arc!/member_00495,0,/wazaeffect/we.arc,347,495,,253620,253688,249560,249628,68,91eab25317d6a55e292ea74bb4b1a931bc2b2dfbc2183a9a64a19c21340ce7cc,2d00000000000000000000002d000000,,,,,False,,,,,,,,,,False,False
/wazaeffect/we.arc,/wazaeffect/we.arc!/member_00496,0,/wazaeffect/we.arc,347,496,,253688,253756,249628,249696,68,91eab25317d6a55e292ea74bb4b1a931bc2b2dfbc2183a9a64a19c21340ce7cc,2d00000000000000000000002d000000,,,,,False,,,,,,,,,,False,False
/wazaeffect/we.arc,/wazaeffect/we.arc!/member_00497,0,/wazaeffect/we.arc,347,497,,253756,253824,249696,249764,68,91eab25317d6a55e292ea74bb4b1a931bc2b2dfbc2183a9a64a19c21340ce7cc,2d00000000000000000000002d000000,,,,,False,,,,,,,,,,False,False
/wazaeffect/we.arc,/wazaeffect/we.arc!/member_00498,0,/wazaeffect/we.arc,347,498,,253824,253892,249764,249832,68,91eab25317d6a55e292ea74bb4b1a931bc2b2dfbc2183a9a64a19c21340ce7cc,2d00000000000000000000002d000000,,,,,False,,,,,,,,,,False,False
/wazaeffect/we.arc,/wazaeffect/we.arc!/member_00499,0,/wazaeffect/we.arc,347,499,,253892,253960,249832,249900,68,91eab25317d6a55e292ea74bb4b1a931bc2b2dfbc2183a9a64a19c21340ce7cc,2d00000000000000000000002d000000,,,,,False,,,,,,,,,,False,False
/wazaeffect/we.arc,/wazaeffect/we.arc!/member_00500,0,/wazaeffect/we.arc,347,500,,253960,254028,249900,249968,68,91eab25317d6a55e292ea74bb4b1a931bc2b2dfbc2183a9a64a19c21340ce7cc,2d00000000000000000000002d000000,,,,,False,,,,,,,,,,False,False
/wazaeffect/we_sub.narc,/wazaeffect/we_sub.narc!/member_00000,0,/wazaeffect/we_sub.narc,348,0,,452,456,0,4,4,fb5e512425fc9449316ec95969ebe71e2d576dbab833d61e2a5b9330fd70ee02,04000000,,,,,False,,,,,,,,,,False,False
/wazaeffect/we_sub.narc,/wazaeffect/we_sub.narc!/member_00001,0,/wazaeffect/we_sub.narc,348,1,,456,692,4,240,236,f8e43b6e119f80f6f31104515c17d97e48c892615abebac85741341caf634652,38000000390000000000000039000000,,,,,False,,,,,,,,,,False,False
/wazaeffect/we_sub.narc,/wazaeffect/we_sub.narc!/member_00002,0,/wazaeffect/we_sub.narc,348,2,,692,964,240,512,272,b80090a30aa3f9c2c901d71d5264033046e1fed5a7ea6b6dd3bd34a8ba223105,38000000390000000000000039000000,,,,,False,,,,,,,,,,False,False
/wazaeffect/we_sub.narc,/wazaeffect/we_sub.narc!/member_00003,0,/wazaeffect/we_sub.narc,348,3,,964,1228,512,776,264,018e1c9b0ad2ff84151feaac34959120bca8f4dbc721f84da94adee665aeda66,38000000390000000000000039000000,,,,,False,,,,,,,,,,False,False
/wazaeffect/we_sub.narc,/wazaeffect/we_sub.narc!/member_00004,0,/wazaeffect/we_sub.narc,348,4,,1228,1464,776,1012,236,f767322a5677038096347252f134b1af5cb62ead5b24593d347613e76e3aca5b,38000000390000000000000039000000,,,,,False,,,,,,,,,,False,False
/wazaeffect/we_sub.narc,/wazaeffect/we_sub.narc!/member_00005,0,/wazaeffect/we_sub.narc,348,5,,1464,1728,1012,1276,264,766f3be13134021256956d8670a4e2087f60dce28e67c9b2633e5c9b4e7317fc,38000000390000000000000039000000,,,,,False,,,,,,,,,,False,False
/wazaeffect/we_sub.narc,/wazaeffect/we_sub.narc!/member_00006,0,/wazaeffect/we_sub.narc,348,6,,1728,2020,1276,1568,292,d8739679aa03b3b742850378524e21b99ca3169b2032d03cf4cf893ba8d5a6dc,38000000390000000000000039000000,,,,,False,,,,,,,,,,False,False
/wazaeffect/we_sub.narc,/wazaeffect/we_sub.narc!/member_00007,0,/wazaeffect/we_sub.narc,348,7,,2020,2256,1568,1804,236,b41b118b397403e015bd243816af69698a8790347ffa243b6aaec77fb07f12db,38000000390000000000000039000000,,,,,False,,,,,,,,,,False,False
/wazaeffect/we_sub.narc,/wazaeffect/we_sub.narc!/member_00008,0,/wazaeffect/we_sub.narc,348,8,,2256,2540,1804,2088,284,752b85a2b404a04fc9e9803984ea6befb645e670308a4fa6792e80bb9a9c65ca,38000000390000000000000039000000,,,,,False,,,,,,,,,,False,False
/wazaeffect/we_sub.narc,/wazaeffect/we_sub.narc!/member_00009,0,/wazaeffect/we_sub.narc,348,9,,2540,2768,2088,2316,228,bcbb5a0c6b8466144a374f80548008fc7da827a4c693d29d87e9fdd0cd919722,38000000390000000000000039000000,,,,,False,,,,,,,,,,False,False
/wazaeffect/we_sub.narc,/wazaeffect/we_sub.narc!/member_00010,0,/wazaeffect/we_sub.narc,348,10,,2768,3168,2316,2716,400,f4e3b26a1acf1795e0da2c15ebb18fd926b30badba96cb7981efd00ee67dc4d5,38000000390000000000000039000000,,,,,False,,,,,,,,,,False,False
/wazaeffect/we_sub.narc,/wazaeffect/we_sub.narc!/member_00011,0,/wazaeffect/we_sub.narc,348,11,,3168,3412,2716,2960,244,62e55a68f2e4c501cb93f113535c7f16da4a65c5f519cc592a2a26ac5f9b79c9,38000000390000000000000039000000,,,,,False,,,,,,,,,,False,False
/wazaeffect/we_sub.narc,/wazaeffect/we_sub.narc!/member_00012,0,/wazaeffect/we_sub.narc,348,12,,3412,3560,2960,3108,148,cc2da80633f9554c490bcc9822737162d30688530f57dfba485c2ef4d628ddff,38000000390000000000000039000000,,,,,False,,,,,,,,,,False,False
/wazaeffect/we_sub.narc,/wazaeffect/we_sub.narc!/member_00013,0,/wazaeffect/we_sub.narc,348,13,,3560,3708,3108,3256,148,62b64f0267d843e98006d437d4caf1b2828fe92016add58ef236b889ce989435,38000000390000000000000039000000,,,,,False,,,,,,,,,,False,False
/wazaeffect/we_sub.narc,/wazaeffect/we_sub.narc!/member_00014,0,/wazaeffect/we_sub.narc,348,14,,3708,4076,3256,3624,368,e3d550a76971adedbeb132f93ffb82bc83014712e18abfdf7248c67fd30f5535,38000000390000000000000039000000,,,,,False,,,,,,,,,,False,False
/wazaeffect/we_sub.narc,/wazaeffect/we_sub.narc!/member_00015,0,/wazaeffect/we_sub.narc,348,15,,4076,4156,3624,3704,80,b6e04f7bc5fff25070b7f7910b8279b9664f0100c99de9ab28651ff688ebd1ac,2d0000004d0000000500000000000000,,,,,False,,,,,,,,,,False,False
/wazaeffect/we_sub.narc,/wazaeffect/we_sub.narc!/member_00016,0,/wazaeffect/we_sub.narc,348,16,,4156,4236,3704,3784,80,5c10c5bf9bf039ed75fec059c349960ecbd1c04a2d255dc5160b16607d0c2766,2d0000004d0000000500000001000000,,,,,False,,,,,,,,,,False,False
/wazaeffect/we_sub.narc,/wazaeffect/we_sub.narc!/member_00017,0,/wazaeffect/we_sub.narc,348,17,,4236,4384,3784,3932,148,676b2f596fdfbf229060512a357779387e8c6d127dddea471623efb04894c16d,49000000000000000100000001000000,,,,,False,,,,,,,,,,False,False
/wazaeffect/we_sub.narc,/wazaeffect/we_sub.narc!/member_00018,0,/wazaeffect/we_sub.narc,348,18,,4384,4636,3932,4184,252,0d8cfe7f6f35b3a305cdfa57c123024b488bd24336967eb8df86a117d5010cde,38000000390000000000000039000000,,,,,False,,,,,,,,,,False,False
/wazaeffect/we_sub.narc,/wazaeffect/we_sub.narc!/member_00019,0,/wazaeffect/we_sub.narc,348,19,,4636,4932,4184,4480,296,b1e3e8f8720cc15ff3bf2711b89f8669e28688ec0c879e269707f59efd2ccb24,2d000000210000000500000000000000,,,,,False,,,,,,,,,,False,False
/wazaeffect/we_sub.narc,/wazaeffect/we_sub.narc!/member_00020,0,/wazaeffect/we_sub.narc,348,20,,4932,5272,4480,4820,340,fc0684cd53fec4327fed9badb3f9cea62bfa1100ce83c0c5d0361c2db96856ca,38000000390000000000000039000000,,,,,False,,,,,,,,,,False,False
/wazaeffect/we_sub.narc,/wazaeffect/we_sub.narc!/member_00021,0,/wazaeffect/we_sub.narc,348,21,,5272,5516,4820,5064,244,36b3191ab5788bd9b7bb40d7f3e19ea377defb6ebe0889d06e96b1c6e7813a56,38000000390000000000000039000000,,,,,False,,,,,,,,,,False,False
/wazaeffect/we_sub.narc,/wazaeffect/we_sub.narc!/member_00022,0,/wazaeffect/we_sub.narc,348,22,,5516,5844,5064,5392,328,c21e0f016087e09c7c71b9a9051ef4f9dd9ab0402b363abb664be1515229d1b8,38000000390000000000000039000000,,,,,False,,,,,,,,,,False,False
/wazaeffect/we_sub.narc,/wazaeffect/we_sub.narc!/member_00023,0,/wazaeffect/we_sub.narc,348,23,,5844,5848,5392,5396,4,fb5e512425fc9449316ec95969ebe71e2d576dbab833d61e2a5b9330fd70ee02,04000000,,,,,False,,,,,,,,,,False,False
/wazaeffect/we_sub.narc,/wazaeffect/we_sub.narc!/member_00024,0,/wazaeffect/we_sub.narc,348,24,,5848,5852,5396,5400,4,fb5e512425fc9449316ec95969ebe71e2d576dbab833d61e2a5b9330fd70ee02,04000000,,,,,False,,,,,,,,,,False,False
/wazaeffect/we_sub.narc,/wazaeffect/we_sub.narc!/member_00025,0,/wazaeffect/we_sub.narc,348,25,,5852,6460,5400,6008,608,3cda987d726024374d2da253fce829cc17567e51c29f049e7e8cb88863e208b6,4000000000000000030000004b000000,,,,,False,,,,,,,,,,False,False
/wazaeffect/we_sub.narc,/wazaeffect/we_sub.narc!/member_00026,0,/wazaeffect/we_sub.narc,348,26,,6460,6596,6008,6144,136,3bf7d259bee879ca3539b82b738e12044e1baf29ed189fb69b242dd1b548d0d0,38000000390000000000000016000000,,,,,False,,,,,,,,,,False,False
/wazaeffect/we_sub.narc,/wazaeffect/we_sub.narc!/member_00027,0,/wazaeffect/we_sub.narc,348,27,,6596,6696,6144,6244,100,bfff7d90c1e9a19c4e15586d4a327b1d77a44968885c1347984e2cc8ce8e4bcc,0200000002000000160000001d070000,,,,,False,,,,,,,,,,False,False
/wazaeffect/we_sub.narc,/wazaeffect/we_sub.narc!/member_00028,0,/wazaeffect/we_sub.narc,348,28,,6696,6764,6244,6312,68,fdd98d4c5d33b6c014a20bb56678445fe8ebc15ebf1018887fffeedaa09e2d7e,02000000020000001600000087070000,,,,,False,,,,,,,,,,False,False
/wazaeffect/we_sub.narc,/wazaeffect/we_sub.narc!/member_00029,0,/wazaeffect/we_sub.narc,348,29,,6764,6936,6312,6484,172,7e27b17bc68230e6a2f3fb85809bf9f8042a46b76e2a646505cc7431fc618a21,49000000000000000700000002000000,,,,,False,,,,,,,,,,False,False
/wazaeffect/we_sub.narc,/wazaeffect/we_sub.narc!/member_00030,0,/wazaeffect/we_sub.narc,348,30,,6936,7328,6484,6876,392,161da2560b6ab5e73263ef11748b04a358e01db4aa1641a718a65b0d5a401c60,38000000390000000000000039000000,,,,,False,,,,,,,,,,False,False
/wazaeffect/we_sub.narc,/wazaeffect/we_sub.narc!/member_00031,0,/wazaeffect/we_sub.narc,348,31,,7328,7544,6876,7092,216,3f995088be9b568b9e98b7262bdb2acdca32e6f892f191f0ae25002c5b6850f1,3800000039000000000000003a000000,,,,,False,,,,,,,,,,False,False
/wazaeffect/we_sub.narc,/wazaeffect/we_sub.narc!/member_00032,0,/wazaeffect/we_sub.narc,348,32,,7544,8012,7092,7560,468,900f14fa1dbacfd50e85a96c1e71e79e2a88058b747d674290d6ef4d04e62d19,38000000390000000000000039000000,,,,,False,,,,,,,,,,False,False
/wazaeffect/we_sub.narc,/wazaeffect/we_sub.narc!/member_00033,0,/wazaeffect/we_sub.narc,348,33,,8012,8316,7560,7864,304,c9c71a82de7a34f4e4010bb618b715b8bf7ac599468276bfd47d0dba8d062a7a,38000000390000000000000039000000,,,,,False,,,,,,,,,,False,False
/wazaeffect/we_sub.narc,/wazaeffect/we_sub.narc!/member_00034,0,/wazaeffect/we_sub.narc,348,34,,8316,8636,7864,8184,320,6b7bef6c3629402eb08a76c18d0e1a2315fada5a786192957e722746256b2791,38000000390000000000000039000000,,,,,False,,,,,,,,,,False,False
/wazaeffect/we_sub.narc,/wazaeffect/we_sub.narc!/member_00035,0,/wazaeffect/we_sub.narc,348,35,,8636,8928,8184,8476,292,03a1913a7783652ab23d9e25d131997d0751623580f62ac95bd47d8bc2366001,38000000390000000000000039000000,,,,,False,,,,,,,,,,False,False
/wazaeffect/we_sub.narc,/wazaeffect/we_sub.narc!/member_00036,0,/wazaeffect/we_sub.narc,348,36,,8928,10792,8476,10340,1864,f7682f26ea9c14425c7c779ef88763255df6c6b46ddd05f3efa2b0e70666aab5,38000000390000000000000039000000,,,,,False,,,,,,,,,,False,False
/wazaeffect/we_sub.narc,/wazaeffect/we_sub.narc!/member_00037,0,/wazaeffect/we_sub.narc,348,37,,10792,11088,10340,10636,296,05ef8034603a4561484738b9b01a7e8f0909e97b5c903350f7e65c95d9471605,38000000390000000000000039000000,,,,,False,,,,,,,,,,False,False
/wazaeffect/we_sub.narc,/wazaeffect/we_sub.narc!/member_00038,0,/wazaeffect/we_sub.narc,348,38,,11088,11492,10636,11040,404,89f68e82c60a2c6dbabf2ad8164615e16db4fa8136278e18a8d8bfaaeb88ff73,38000000390000000000000039000000,,,,,False,,,,,,,,,,False,False
/wazaeffect/we_sub.narc,/wazaeffect/we_sub.narc!/member_00039,0,/wazaeffect/we_sub.narc,348,39,,11492,11884,11040,11432,392,661ab0a2c047d47f8c6d8f5f5518b5656f45b4fce44b0fb82475aad825ae2748,38000000390000000000000039000000,,,,,False,,,,,,,,,,False,False
/wazaeffect/we_sub.narc,/wazaeffect/we_sub.narc!/member_00040,0,/wazaeffect/we_sub.narc,348,40,,11884,12324,11432,11872,440,871f995373a1226d054997c55da307b38e695020b67c509ead440f88a6a98834,38000000390000000000000039000000,,,,,False,,,,,,,,,,False,False
/wazaeffect/we_sub.narc,/wazaeffect/we_sub.narc!/member_00041,0,/wazaeffect/we_sub.narc,348,41,,12324,12324,11872,11872,0,e3b0c44298fc1c149afbf4c8996fb92427ae41e4649b934ca495991b7852b855,,,,,,False,,,,,,,,,,False,False
/wazaeffect/we_sub.narc,/wazaeffect/we_sub.narc!/member_00042,0,/wazaeffect/we_sub.narc,348,42,,12324,12324,11872,11872,0,e3b0c44298fc1c149afbf4c8996fb92427ae41e4649b934ca495991b7852b855,,,,,,False,,,,,,,,,,False,False
/wazaeffect/we_sub.narc,/wazaeffect/we_sub.narc!/member_00043,0,/wazaeffect/we_sub.narc,348,43,,12324,12324,11872,11872,0,e3b0c44298fc1c149afbf4c8996fb92427ae41e4649b934ca495991b7852b855,,,,,,False,,,,,,,,,,False,False
/wazaeffect/we_sub.narc,/wazaeffect/we_sub.narc!/member_00044,0,/wazaeffect/we_sub.narc,348,44,,12324,12324,11872,11872,0,e3b0c44298fc1c149afbf4c8996fb92427ae41e4649b934ca495991b7852b855,,,,,,False,,,,,,,,,,False,False
/wazaeffect/we_sub.narc,/wazaeffect/we_sub.narc!/member_00045,0,/wazaeffect/we_sub.narc,348,45,,12324,12324,11872,11872,0,e3b0c44298fc1c149afbf4c8996fb92427ae41e4649b934ca495991b7852b855,,,,,,False,,,,,,,,,,False,False
/wazaeffect/we_sub.narc,/wazaeffect/we_sub.narc!/member_00046,0,/wazaeffect/we_sub.narc,348,46,,12324,12324,11872,11872,0,e3b0c44298fc1c149afbf4c8996fb92427ae41e4649b934ca495991b7852b855,,,,,,False,,,,,,,,,,False,False
/wazaeffect/we_sub.narc,/wazaeffect/we_sub.narc!/member_00047,0,/wazaeffect/we_sub.narc,348,47,,12324,12324,11872,11872,0,e3b0c44298fc1c149afbf4c8996fb92427ae41e4649b934ca495991b7852b855,,,,,,False,,,,,,,,,,False,False
/wazaeffect/we_sub.narc,/wazaeffect/we_sub.narc!/member_00048,0,/wazaeffect/we_sub.narc,348,48,,12324,12324,11872,11872,0,e3b0c44298fc1c149afbf4c8996fb92427ae41e4649b934ca495991b7852b855,,,,,,False,,,,,,,,,,False,False
/wazaeffect/we_sub.narc,/wazaeffect/we_sub.narc!/member_00049,0,/wazaeffect/we_sub.narc,348,49,,12324,12324,11872,11872,0,e3b0c44298fc1c149afbf4c8996fb92427ae41e4649b934ca495991b7852b855,,,,,,False,,,,,,,,,,False,False
/wazaeffect/effectclact/wecell.narc,/wazaeffect/effectclact/wecell.narc!/member_00000,0,/wazaeffect/effectclact/wecell.narc,349,0,,348,476,0,128,128,e6eb98a31ea9fe928825ba8912ffa29a876f0417ed6d7f80f8bbd89985f843f3,10a60000005245434efffe000100a600,,Nintendo LZ10,Probable,,True,Nintendo LZ10,Confirmed,True,166,True,166,a5e005a2d59f18ac7ac5e31414aadf563899c60f198a6428a43982f634f9c6a1,NCER cell,Confirmed,False,False
/wazaeffect/effectclact/wecell.narc,/wazaeffect/effectclact/wecell.narc!/member_00001,0,/wazaeffect/effectclact/wecell.narc,349,1,,476,568,128,220,92,155ec17a0ae42b2ff43994f3dd6cf4a1b23789bf263b1e9ca4d7ee632c05472b,10690000005245434efffe0001006900,,Nintendo LZ10,Probable,,True,Nintendo LZ10,Confirmed,True,105,True,105,29056d34091432f6c719b2463110922afa3a4dbdda03cddb7a5630eeca2d8937,NCER cell,Confirmed,False,False
/wazaeffect/effectclact/wecell.narc,/wazaeffect/effectclact/wecell.narc!/member_00002,0,/wazaeffect/effectclact/wecell.narc,349,2,,568,756,220,408,188,d69b38f30d057106fa3978caf6278aedfa6eedef473806fdb6aa431fda9b031a,102e0100005245434efffe0001002e01,,Nintendo LZ10,Probable,,True,Nintendo LZ10,Confirmed,True,302,True,302,22a4c8e27d9de4d2596fe0a46a1e6815ea42bc725d57606fd9b99bdfeb8b9f16,NCER cell,Confirmed,False,False
/wazaeffect/effectclact/wecell.narc,/wazaeffect/effectclact/wecell.narc!/member_00003,0,/wazaeffect/effectclact/wecell.narc,349,3,,756,868,408,520,112,a1f857ac723191b0734fb24cf36e9869f874043a1035f1137f6013f59818fae7,108e0000005245434efffe0001008e00,,Nintendo LZ10,Probable,,True,Nintendo LZ10,Confirmed,True,142,True,142,437fd395a01d9c7cf4aab7a930c75cbe2e64f36ccd3e9c07b5f98af0f12ee8a4,NCER cell,Confirmed,False,False
/wazaeffect/effectclact/wecell.narc,/wazaeffect/effectclact/wecell.narc!/member_00004,0,/wazaeffect/effectclact/wecell.narc,349,4,,868,960,520,612,92,155ec17a0ae42b2ff43994f3dd6cf4a1b23789bf263b1e9ca4d7ee632c05472b,10690000005245434efffe0001006900,,Nintendo LZ10,Probable,,True,Nintendo LZ10,Confirmed,True,105,True,105,29056d34091432f6c719b2463110922afa3a4dbdda03cddb7a5630eeca2d8937,NCER cell,Confirmed,False,False
/wazaeffect/effectclact/wecell.narc,/wazaeffect/effectclact/wecell.narc!/member_00005,0,/wazaeffect/effectclact/wecell.narc,349,5,,960,1080,612,732,120,b1af285b778320a7ce618d1b46e26cdc9cb268b9b9e46920e238794ec9f15087,10ab0000005245434efffe000100ab00,,Nintendo LZ10,Probable,,True,Nintendo LZ10,Confirmed,True,171,True,171,46ef03ea41ce17de46e174c6ff3f5a8d6bf3dfbb4679424fc71d2561dbb4d5e9,NCER cell,Confirmed,False,False
/wazaeffect/effectclact/wecell.narc,/wazaeffect/effectclact/wecell.narc!/member_00006,0,/wazaeffect/effectclact/wecell.narc,349,6,,1080,1216,732,868,136,bbdc8a6808fce849004bfee38f46aedd36a3af8efe3bb59878272950f669fbf4,10c30000005245434efffe000100c300,,Nintendo LZ10,Probable,,True,Nintendo LZ10,Confirmed,True,195,True,195,8b60654e7a8c7d4cb6e3926c8db2781828d2eb1d2dd41c7ea7a1443189fa56ad,NCER cell,Confirmed,False,False
/wazaeffect/effectclact/wecell.narc,/wazaeffect/effectclact/wecell.narc!/member_00007,0,/wazaeffect/effectclact/wecell.narc,349,7,,1216,1348,868,1000,132,61583e10321f9e8e267dfaa5544b96a858cae879dd037b7923dfbea6cf8c850c,10d70000005245434efffe000100d700,,Nintendo LZ10,Probable,,True,Nintendo LZ10,Confirmed,True,215,True,215,099851cab457c4b60483413feb615b67a9043cd0accc69146c211aa6149c9541,NCER cell,Confirmed,False,False
/wazaeffect/effectclact/wecell.narc,/wazaeffect/effectclact/wecell.narc!/member_00008,0,/wazaeffect/effectclact/wecell.narc,349,8,,1348,1496,1000,1148,148,0e9dd83fbd9b4da7de850793f4b5a33eef1c1aa0be58ceebbd805c798ea57f02,10db0000005245434efffe000100db00,,Nintendo LZ10,Probable,,True,Nintendo LZ10,Confirmed,True,219,True,219,563580918ed23c90fb3cdf2ca4cb119ec45e229ca15fc19f82a8ffff71321000,NCER cell,Confirmed,False,False
/wazaeffect/effectclact/wecell.narc,/wazaeffect/effectclact/wecell.narc!/member_00009,0,/wazaeffect/effectclact/wecell.narc,349,9,,1496,1588,1148,1240,92,688111afe3940d0a1ebd759c308003ab0e2596aa562c57976e35cb8ca56939b0,10690000005245434efffe0001006900,,Nintendo LZ10,Probable,,True,Nintendo LZ10,Confirmed,True,105,True,105,974ded7f787b6ccdac00284abaa93b528e75244bc7f0d7c814621ee6821b8f7d,NCER cell,Confirmed,False,False
/wazaeffect/effectclact/wecell.narc,/wazaeffect/effectclact/wecell.narc!/member_00010,0,/wazaeffect/effectclact/wecell.narc,349,10,,1588,1828,1240,1480,240,6ec92f5ba874180bce926314bc7cbbb125da3f2a77fc5aa57c81feb4e9883957,102f0100005245434efffe0001002f01,,Nintendo LZ10,Probable,,True,Nintendo LZ10,Confirmed,True,303,True,303,cc5f12436624e1e82ed863bd1eca6b0d8bac336c53814accccfd42d7d29afe8c,NCER cell,Confirmed,False,False
/wazaeffect/effectclact/wecell.narc,/wazaeffect/effectclact/wecell.narc!/member_00011,0,/wazaeffect/effectclact/wecell.narc,349,11,,1828,1920,1480,1572,92,688111afe3940d0a1ebd759c308003ab0e2596aa562c57976e35cb8ca56939b0,10690000005245434efffe0001006900,,Nintendo LZ10,Probable,,True,Nintendo LZ10,Confirmed,True,105,True,105,974ded7f787b6ccdac00284abaa93b528e75244bc7f0d7c814621ee6821b8f7d,NCER cell,Confirmed,False,False
/wazaeffect/effectclact/wecell.narc,/wazaeffect/effectclact/wecell.narc!/member_00012,0,/wazaeffect/effectclact/wecell.narc,349,12,,1920,2044,1572,1696,124,ab7d258b2764c358ac945d573f7e8cc57287d19c60ae6ecd143075ff6fdcec87,10c10000005245434efffe000100c100,,Nintendo LZ10,Probable,,True,Nintendo LZ10,Confirmed,True,193,True,193,668fac9b2604fad9b8ee53342685ff55e3cda1959bffd38731035fca12399007,NCER cell,Confirmed,False,False
/wazaeffect/effectclact/wecell.narc,/wazaeffect/effectclact/wecell.narc!/member_00013,0,/wazaeffect/effectclact/wecell.narc,349,13,,2044,2164,1696,1816,120,f549000b2d8f5a47a1d5bf861bacfe56ad72f0aab2a197d2bb796231c9ff3d61,10a50000005245434efffe000100a500,,Nintendo LZ10,Probable,,True,Nintendo LZ10,Confirmed,True,165,True,165,553625f92407b5d7593cc8f057c1807a26a74fe2cb7234011e08ed6c3654a6e5,NCER cell,Confirmed,False,False
/wazaeffect/effectclact/wecell.narc,/wazaeffect/effectclact/wecell.narc!/member_00014,0,/wazaeffect/effectclact/wecell.narc,349,14,,2164,2256,1816,1908,92,155ec17a0ae42b2ff43994f3dd6cf4a1b23789bf263b1e9ca4d7ee632c05472b,10690000005245434efffe0001006900,,Nintendo LZ10,Probable,,True,Nintendo LZ10,Confirmed,True,105,True,105,29056d34091432f6c719b2463110922afa3a4dbdda03cddb7a5630eeca2d8937,NCER cell,Confirmed,False,False
/wazaeffect/effectclact/wecell.narc,/wazaeffect/effectclact/wecell.narc!/member_00015,0,/wazaeffect/effectclact/wecell.narc,349,15,,2256,2348,1908,2000,92,155ec17a0ae42b2ff43994f3dd6cf4a1b23789bf263b1e9ca4d7ee632c05472b,10690000005245434efffe0001006900,,Nintendo LZ10,Probable,,True,Nintendo LZ10,Confirmed,True,105,True,105,29056d34091432f6c719b2463110922afa3a4dbdda03cddb7a5630eeca2d8937,NCER cell,Confirmed,False,False
/wazaeffect/effectclact/wecell.narc,/wazaeffect/effectclact/wecell.narc!/member_00016,0,/wazaeffect/effectclact/wecell.narc,349,16,,2348,2464,2000,2116,116,5ac92ac5fe299c966c866903cdf3269acb53565a4dfe49ec94c826a59d8821ff,10a40000005245434efffe000100a400,,Nintendo LZ10,Probable,,True,Nintendo LZ10,Confirmed,True,164,True,164,fe26d02a123e414be66eeea533ecc649dd941166942102654b469fddb99d6f0f,NCER cell,Confirmed,False,False
/wazaeffect/effectclact/wecell.narc,/wazaeffect/effectclact/wecell.narc!/member_00017,0,/wazaeffect/effectclact/wecell.narc,349,17,,2464,2600,2116,2252,136,aaa4aacedd0585096cad47b3f17c31f2d2582cd92fdcd89e0b34dba2dec0c7a3,10d10000005245434efffe000100d100,,Nintendo LZ10,Probable,,True,Nintendo LZ10,Confirmed,True,209,True,209,fecb6b274f930bb4886839a9b980e316e7736a1a6a59147fbfc75d80ffacf6bc,NCER cell,Confirmed,False,False
/wazaeffect/effectclact/wecell.narc,/wazaeffect/effectclact/wecell.narc!/member_00018,0,/wazaeffect/effectclact/wecell.narc,349,18,,2600,2828,2252,2480,228,a4ed498f49220dd6e876d0491745b54a714573c13e9ce0b8c63ff81896989266,10170100005245434efffe0001001701,,Nintendo LZ10,Probable,,True,Nintendo LZ10,Confirmed,True,279,True,279,f35da6dc6e2e3ce425d8be981afdf74033b3d4cfd56b551a4da4dd1fb0dc7356,NCER cell,Confirmed,False,False
/wazaeffect/effectclact/wecell.narc,/wazaeffect/effectclact/wecell.narc!/member_00019,0,/wazaeffect/effectclact/wecell.narc,349,19,,2828,3064,2480,2716,236,739d3e0925d171a04bcfce01fb384fcb63c535a999bc799f3226dd62ea7ba2de,109e0100005245434efffe0001009e01,,Nintendo LZ10,Probable,,True,Nintendo LZ10,Confirmed,True,414,True,414,755306db2f586d52815bff9f0b6eca4bdf66cdc1d7d4f8e023896c65842d889d,NCER cell,Confirmed,False,False
/wazaeffect/effectclact/wecell.narc,/wazaeffect/effectclact/wecell.narc!/member_00020,0,/wazaeffect/effectclact/wecell.narc,349,20,,3064,3260,2716,2912,196,0af421a625d94cc81647f5d6574372384e3bb16af42ca797340ff4f5445b46bf,10170100005245434efffe0001001701,,Nintendo LZ10,Probable,,True,Nintendo LZ10,Confirmed,True,279,True,279,31ed65f6cd3136b33c42c932e22975cb743d0437fe265de13d2efbb8d3986566,NCER cell,Confirmed,False,False
/wazaeffect/effectclact/wecell.narc,/wazaeffect/effectclact/wecell.narc!/member_00021,0,/wazaeffect/effectclact/wecell.narc,349,21,,3260,3372,2912,3024,112,a1f857ac723191b0734fb24cf36e9869f874043a1035f1137f6013f59818fae7,108e0000005245434efffe0001008e00,,Nintendo LZ10,Probable,,True,Nintendo LZ10,Confirmed,True,142,True,142,437fd395a01d9c7cf4aab7a930c75cbe2e64f36ccd3e9c07b5f98af0f12ee8a4,NCER cell,Confirmed,False,False
/wazaeffect/effectclact/wecell.narc,/wazaeffect/effectclact/wecell.narc!/member_00022,0,/wazaeffect/effectclact/wecell.narc,349,22,,3372,3536,3024,3188,164,e0411ea58efd5fd8af1c5cce3f047814d9e300bd6eefa46b65025f349d5ab7f4,103e0100005245434efffe0001003e01,,Nintendo LZ10,Probable,,True,Nintendo LZ10,Confirmed,True,318,True,318,30bd53044418013f2929e6831c0d735a2adcc71a093b17556118b7d9bd5a9b58,NCER cell,Confirmed,False,False
/wazaeffect/effectclact/wecell.narc,/wazaeffect/effectclact/wecell.narc!/member_00023,0,/wazaeffect/effectclact/wecell.narc,349,23,,3536,3728,3188,3380,192,aeac39e3c9c355b5f4871909c0dbbbb7bdba3959390f3ecfec4c58138dca852a,105c0100005245434efffe0001005c01,,Nintendo LZ10,Probable,,True,Nintendo LZ10,Confirmed,True,348,True,348,8ebb4c2968c74371533231f35e9fcdb16a4350231e726fd8bd69e334c8cf5578,NCER cell,Confirmed,False,False
/wazaeffect/effectclact/wecell.narc,/wazaeffect/effectclact/wecell.narc!/member_00024,0,/wazaeffect/effectclact/wecell.narc,349,24,,3728,3916,3380,3568,188,2f8a8fb7bb807d227d336c9374074cb8ef304ab137e25c8b879c6c49b1225e21,10030100005245434efffe0001000301,,Nintendo LZ10,Probable,,True,Nintendo LZ10,Confirmed,True,259,True,259,672fb4ac27024820c12b7a3f706283dc6894369282388cc1a6e5de6179b971c5,NCER cell,Confirmed,False,False
/wazaeffect/effectclact/wecell.narc,/wazaeffect/effectclact/wecell.narc!/member_00025,0,/wazaeffect/effectclact/wecell.narc,349,25,,3916,4008,3568,3660,92,688111afe3940d0a1ebd759c308003ab0e2596aa562c57976e35cb8ca56939b0,10690000005245434efffe0001006900,,Nintendo LZ10,Probable,,True,Nintendo LZ10,Confirmed,True,105,True,105,974ded7f787b6ccdac00284abaa93b528e75244bc7f0d7c814621ee6821b8f7d,NCER cell,Confirmed,False,False
/wazaeffect/effectclact/wecell.narc,/wazaeffect/effectclact/wecell.narc!/member_00026,0,/wazaeffect/effectclact/wecell.narc,349,26,,4008,4156,3660,3808,148,32a50ffdd92f23872e02f04927765c8928424c0100dfe79b7dc014ebaca2cba7,10fd0000005245434efffe000100fd00,,Nintendo LZ10,Probable,,True,Nintendo LZ10,Confirmed,True,253,True,253,25a61a89591b44fad9f8eda87bd225df6a54f714ce9dc348b469c1da5fc275c6,NCER cell,Confirmed,False,False
/wazaeffect/effectclact/wecell.narc,/wazaeffect/effectclact/wecell.narc!/member_00027,0,/wazaeffect/effectclact/wecell.narc,349,27,,4156,4268,3808,3920,112,e820dbbdf86c49ad2826a3dd6a519feeab5b44ffbe18f770edf5b68676537ac3,108e0000005245434efffe0001008e00,,Nintendo LZ10,Probable,,True,Nintendo LZ10,Confirmed,True,142,True,142,61a32bae4508efb5ab0887b463ea0cd4dcb9d389bb555d67d2190bce52101779,NCER cell,Confirmed,False,False
/wazaeffect/effectclact/wecell.narc,/wazaeffect/effectclact/wecell.narc!/member_00028,0,/wazaeffect/effectclact/wecell.narc,349,28,,4268,4392,3920,4044,124,1f48ee71b6144135f06136a63193820ed0ed74b662c2a201723a623d92aad23f,10c10000005245434efffe000100c100,,Nintendo LZ10,Probable,,True,Nintendo LZ10,Confirmed,True,193,True,193,27f8209b9410abe31d401f1ceded57fd7998750a25f40f55c8fdfe53fd40316c,NCER cell,Confirmed,False,False
/wazaeffect/effectclact/wecell.narc,/wazaeffect/effectclact/wecell.narc!/member_00029,0,/wazaeffect/effectclact/wecell.narc,349,29,,4392,4516,4044,4168,124,32328211f2c4e4f9952fccedfdef6ed64cfd01005539a3ccc5de7d5536f346f8,10b30000005245434efffe000100b300,,Nintendo LZ10,Probable,,True,Nintendo LZ10,Confirmed,True,179,True,179,b63e02ae39dbd6d1a16caf0e366b88db312bae94a10b22fe5b639065a090c335,NCER cell,Confirmed,False,False
/wazaeffect/effectclact/wecell.narc,/wazaeffect/effectclact/wecell.narc!/member_00030,0,/wazaeffect/effectclact/wecell.narc,349,30,,4516,4608,4168,4260,92,688111afe3940d0a1ebd759c308003ab0e2596aa562c57976e35cb8ca56939b0,10690000005245434efffe0001006900,,Nintendo LZ10,Probable,,True,Nintendo LZ10,Confirmed,True,105,True,105,974ded7f787b6ccdac00284abaa93b528e75244bc7f0d7c814621ee6821b8f7d,NCER cell,Confirmed,False,False
/wazaeffect/effectclact/wecell.narc,/wazaeffect/effectclact/wecell.narc!/member_00031,0,/wazaeffect/effectclact/wecell.narc,349,31,,4608,4728,4260,4380,120,209f0a47df81ba303d0c2c3016dde33a3a3b4467e0c9ebe5c40e97268899b0fa,10ab0000005245434efffe000100ab00,,Nintendo LZ10,Probable,,True,Nintendo LZ10,Confirmed,True,171,True,171,6db62ccd8814a6181380c46927dc8b7f211f784be08fdd3ec5ce32e44ef50299,NCER cell,Confirmed,False,False
/wazaeffect/effectclact/wecell.narc,/wazaeffect/effectclact/wecell.narc!/member_00032,0,/wazaeffect/effectclact/wecell.narc,349,32,,4728,4820,4380,4472,92,688111afe3940d0a1ebd759c308003ab0e2596aa562c57976e35cb8ca56939b0,10690000005245434efffe0001006900,,Nintendo LZ10,Probable,,True,Nintendo LZ10,Confirmed,True,105,True,105,974ded7f787b6ccdac00284abaa93b528e75244bc7f0d7c814621ee6821b8f7d,NCER cell,Confirmed,False,False
/wazaeffect/effectclact/wecell.narc,/wazaeffect/effectclact/wecell.narc!/member_00033,0,/wazaeffect/effectclact/wecell.narc,349,33,,4820,4956,4472,4608,136,3581df4a1b192e15e65ca52a91e94234924210f167aa50e2482b31e3eabc5959,10b30000005245434efffe000100b300,,Nintendo LZ10,Probable,,True,Nintendo LZ10,Confirmed,True,179,True,179,4ea9a7e85738be0203427a8ce5047da601cce1352aa42fb8f493414a50b05ec4,NCER cell,Confirmed,False,False
/wazaeffect/effectclact/wecell.narc,/wazaeffect/effectclact/wecell.narc!/member_00034,0,/wazaeffect/effectclact/wecell.narc,349,34,,4956,5096,4608,4748,140,a96256f9eb0e261ac0ea6ae3f5f4f2481fcafe01f27fbd575e3595ffc794c3b0,10ef0000005245434efffe000100ef00,,Nintendo LZ10,Probable,,True,Nintendo LZ10,Confirmed,True,239,True,239,598e2b1f10381e2a0ac150def3181487b20abcadf3e6300cf73b3a48728ba424,NCER cell,Confirmed,False,False
/wazaeffect/effectclact/wecell.narc,/wazaeffect/effectclact/wecell.narc!/member_00035,0,/wazaeffect/effectclact/wecell.narc,349,35,,5096,5244,4748,4896,148,33de3f5b7c368535fbc392da49b058a981e7ad04cf6ee5720104022b9c3102c8,10a70000005245434efffe000100a700,,Nintendo LZ10,Probable,,True,Nintendo LZ10,Confirmed,True,167,True,167,14f924988b0580f44f9dbd206f50d034dbd8540e951a427561f3e1c94fbee543,NCER cell,Confirmed,False,False
/wazaeffect/effectclact/wecell.narc,/wazaeffect/effectclact/wecell.narc!/member_00036,0,/wazaeffect/effectclact/wecell.narc,349,36,,5244,5364,4896,5016,120,2733722bd9d842429bfd227e130d791df82df38f9ef7fe517de84f90e38dc920,10ab0000005245434efffe000100ab00,,Nintendo LZ10,Probable,,True,Nintendo LZ10,Confirmed,True,171,True,171,6229677d55b873dc59e1027d548ddb16b4d748ed802ce3d14a00ceefa35b5a5a,NCER cell,Confirmed,False,False
/wazaeffect/effectclact/wecellanm.narc,/wazaeffect/effectclact/wecellanm.narc!/member_00000,0,/wazaeffect/effectclact/wecellanm.narc,350,0,,348,456,0,108,108,5426d361c884e408e9a0f002ffa3dc377c959b1386d76f82142cda77e788cf8f,109a000000524e414efffe0001009a00,,Nintendo LZ10,Probable,,True,Nintendo LZ10,Confirmed,True,154,True,154,49d7bb5f6af6acbdf42fc87d1d8147207d9cf67c7b687408b3452b389bb40bcb,NANR animation,Confirmed,False,False
/wazaeffect/effectclact/wecellanm.narc,/wazaeffect/effectclact/wecellanm.narc!/member_00001,0,/wazaeffect/effectclact/wecellanm.narc,350,1,,456,548,108,200,92,56cebe0323cfe1115a7c3041be0f8cf0bd9fe9ae15fa7999766cda2df6367f33,106f000000524e414efffe0001006f00,,Nintendo LZ10,Probable,,True,Nintendo LZ10,Confirmed,True,111,True,111,30249884bd91f10bc9d4e13e7b1495f09991b6f488405a0cdbb61cfb402d10ca,NANR animation,Confirmed,False,False
/wazaeffect/effectclact/wecellanm.narc,/wazaeffect/effectclact/wecellanm.narc!/member_00002,0,/wazaeffect/effectclact/wecellanm.narc,350,2,,548,700,200,352,152,f2edd4e9abfb7b680a51c124952ec7bdeee0b6ff09251dffc220ca466800b57e,10e6000000524e414efffe000100e600,,Nintendo LZ10,Probable,,True,Nintendo LZ10,Confirmed,True,230,True,230,d029ca5883ebbf1fa8d72bdbe95f03aaf58f3e8736fd84f6a3c0038483e5dc40,NANR animation,Confirmed,False,False
/wazaeffect/effectclact/wecellanm.narc,/wazaeffect/effectclact/wecellanm.narc!/member_00003,0,/wazaeffect/effectclact/wecellanm.narc,350,3,,700,808,352,460,108,5426d361c884e408e9a0f002ffa3dc377c959b1386d76f82142cda77e788cf8f,109a000000524e414efffe0001009a00,,Nintendo LZ10,Probable,,True,Nintendo LZ10,Confirmed,True,154,True,154,49d7bb5f6af6acbdf42fc87d1d8147207d9cf67c7b687408b3452b389bb40bcb,NANR animation,Confirmed,False,False
/wazaeffect/effectclact/wecellanm.narc,/wazaeffect/effectclact/wecellanm.narc!/member_00004,0,/wazaeffect/effectclact/wecellanm.narc,350,4,,808,900,460,552,92,56cebe0323cfe1115a7c3041be0f8cf0bd9fe9ae15fa7999766cda2df6367f33,106f000000524e414efffe0001006f00,,Nintendo LZ10,Probable,,True,Nintendo LZ10,Confirmed,True,111,True,111,30249884bd91f10bc9d4e13e7b1495f09991b6f488405a0cdbb61cfb402d10ca,NANR animation,Confirmed,False,False
/wazaeffect/effectclact/wecellanm.narc,/wazaeffect/effectclact/wecellanm.narc!/member_00005,0,/wazaeffect/effectclact/wecellanm.narc,350,5,,900,1008,552,660,108,37ee2e01e511deeb70d2f6d7423988f94b7f0b965fb229667b750af5730f6787,108b000000524e414efffe0001008b00,,Nintendo LZ10,Probable,,True,Nintendo LZ10,Confirmed,True,139,True,139,2d5379d34dff1893fc8d73210b65fbf5784521d301348bd7846980595daa8253,NANR animation,Confirmed,False,False
/wazaeffect/effectclact/wecellanm.narc,/wazaeffect/effectclact/wecellanm.narc!/member_00006,0,/wazaeffect/effectclact/wecellanm.narc,350,6,,1008,1120,660,772,112,9400f718ace2b382dea0be529d72b2f79040fb45e52230acf1af433a96d6219c,108b000000524e414efffe0001008b00,,Nintendo LZ10,Probable,,True,Nintendo LZ10,Confirmed,True,139,True,139,4a1ec0a228168a5cf03248c3d5163fdd38406ee5b364e150c90750064d46e572,NANR animation,Confirmed,False,False
/wazaeffect/effectclact/wecellanm.narc,/wazaeffect/effectclact/wecellanm.narc!/member_00007,0,/wazaeffect/effectclact/wecellanm.narc,350,7,,1120,1236,772,888,116,01d3c42f1e74cb5940e886fb43c472267fa64a6c6cd37dfbf8db470d8f9ff50e,109f000000524e414efffe0001009f00,,Nintendo LZ10,Probable,,True,Nintendo LZ10,Confirmed,True,159,True,159,61c36785cf686beb179f2a2ff1a23040672df45227b5c28a2d8133532473a34c,NANR animation,Confirmed,False,False
/wazaeffect/effectclact/wecellanm.narc,/wazaeffect/effectclact/wecellanm.narc!/member_00008,0,/wazaeffect/effectclact/wecellanm.narc,350,8,,1236,1348,888,1000,112,9400f718ace2b382dea0be529d72b2f79040fb45e52230acf1af433a96d6219c,108b000000524e414efffe0001008b00,,Nintendo LZ10,Probable,,True,Nintendo LZ10,Confirmed,True,139,True,139,4a1ec0a228168a5cf03248c3d5163fdd38406ee5b364e150c90750064d46e572,NANR animation,Confirmed,False,False
/wazaeffect/effectclact/wecellanm.narc,/wazaeffect/effectclact/wecellanm.narc!/member_00009,0,/wazaeffect/effectclact/wecellanm.narc,350,9,,1348,1440,1000,1092,92,3dfcd3437fac0ad806f345d617fabb1e57e641abad9ada18ed525cd56bfe3941,106f000000524e414efffe0001006f00,,Nintendo LZ10,Probable,,True,Nintendo LZ10,Confirmed,True,111,True,111,02501a6a5ce892afbfaf7aaf1ac388045db6e55ade71548a00cc3a91b7fb3f37,NANR animation,Confirmed,False,False
/wazaeffect/effectclact/wecellanm.narc,/wazaeffect/effectclact/wecellanm.narc!/member_00010,0,/wazaeffect/effectclact/wecellanm.narc,350,10,,1440,1584,1092,1236,144,bd41e6e2f29d3c906351fa3c9e0ab97f62fd8cceafdc5dcecf67a3b65283fa80,10cb000000524e414efffe000100cb00,,Nintendo LZ10,Probable,,True,Nintendo LZ10,Confirmed,True,203,True,203,3d94306629be4498ed30662cbaf2ad06259a04946f36905391bd6f8cf67b64c2,NANR animation,Confirmed,False,False
/wazaeffect/effectclact/wecellanm.narc,/wazaeffect/effectclact/wecellanm.narc!/member_00011,0,/wazaeffect/effectclact/wecellanm.narc,350,11,,1584,1676,1236,1328,92,3dfcd3437fac0ad806f345d617fabb1e57e641abad9ada18ed525cd56bfe3941,106f000000524e414efffe0001006f00,,Nintendo LZ10,Probable,,True,Nintendo LZ10,Confirmed,True,111,True,111,02501a6a5ce892afbfaf7aaf1ac388045db6e55ade71548a00cc3a91b7fb3f37,NANR animation,Confirmed,False,False
/wazaeffect/effectclact/wecellanm.narc,/wazaeffect/effectclact/wecellanm.narc!/member_00012,0,/wazaeffect/effectclact/wecellanm.narc,350,12,,1676,1800,1328,1452,124,3ff30e15f7520003ad499d7501f429467e24b99c16091160140be44037a00a2b,109f000000524e414efffe0001009f00,,Nintendo LZ10,Probable,,True,Nintendo LZ10,Confirmed,True,159,True,159,c19e5587d2b83133d4c6f1e22c67206b4aa800af18c78c1372c732e7389242ef,NANR animation,Confirmed,False,False
/wazaeffect/effectclact/wecellanm.narc,/wazaeffect/effectclact/wecellanm.narc!/member_00013,0,/wazaeffect/effectclact/wecellanm.narc,350,13,,1800,1908,1452,1560,108,e9d67317335c85f54066954df4ae340ea41d8bd9bba6363e2b4338ff3006a666,108b000000524e414efffe0001008b00,,Nintendo LZ10,Probable,,True,Nintendo LZ10,Confirmed,True,139,True,139,c9783641be6e015ff99fad9b5c9bfbf51d3f5fea684e64e02aaa2c4e0c2964a9,NANR animation,Confirmed,False,False
/wazaeffect/effectclact/wecellanm.narc,/wazaeffect/effectclact/wecellanm.narc!/member_00014,0,/wazaeffect/effectclact/wecellanm.narc,350,14,,1908,2000,1560,1652,92,56cebe0323cfe1115a7c3041be0f8cf0bd9fe9ae15fa7999766cda2df6367f33,106f000000524e414efffe0001006f00,,Nintendo LZ10,Probable,,True,Nintendo LZ10,Confirmed,True,111,True,111,30249884bd91f10bc9d4e13e7b1495f09991b6f488405a0cdbb61cfb402d10ca,NANR animation,Confirmed,False,False
/wazaeffect/effectclact/wecellanm.narc,/wazaeffect/effectclact/wecellanm.narc!/member_00015,0,/wazaeffect/effectclact/wecellanm.narc,350,15,,2000,2092,1652,1744,92,56cebe0323cfe1115a7c3041be0f8cf0bd9fe9ae15fa7999766cda2df6367f33,106f000000524e414efffe0001006f00,,Nintendo LZ10,Probable,,True,Nintendo LZ10,Confirmed,True,111,True,111,30249884bd91f10bc9d4e13e7b1495f09991b6f488405a0cdbb61cfb402d10ca,NANR animation,Confirmed,False,False
/wazaeffect/effectclact/wecellanm.narc,/wazaeffect/effectclact/wecellanm.narc!/member_00016,0,/wazaeffect/effectclact/wecellanm.narc,350,16,,2092,2216,1744,1868,124,6f9a346216841eeabb67eb3add2594dda7caf5e3707ee5e05b3525e489269c02,10ca000000524e414efffe000100ca00,,Nintendo LZ10,Probable,,True,Nintendo LZ10,Confirmed,True,202,True,202,3f5aba05c8b0fac9aab2cca0fa49838d10b2bdd4ca90ed28fd2ba0d144164ddf,NANR animation,Confirmed,False,False
/wazaeffect/effectclact/wecellanm.narc,/wazaeffect/effectclact/wecellanm.narc!/member_00017,0,/wazaeffect/effectclact/wecellanm.narc,350,17,,2216,2340,1868,1992,124,e9943e8d0fe4bbd44920b4f3dd279f631ba840e062fd94f2c76d1f40cc442b3d,109f000000524e414efffe0001009f00,,Nintendo LZ10,Probable,,True,Nintendo LZ10,Confirmed,True,159,True,159,63e2633a56c546c61a5d75eff2e733a1614b1666c6f4562c1d0d6ee83dbc3f67,NANR animation,Confirmed,False,False
/wazaeffect/effectclact/wecellanm.narc,/wazaeffect/effectclact/wecellanm.narc!/member_00018,0,/wazaeffect/effectclact/wecellanm.narc,350,18,,2340,2484,1992,2136,144,3c7458b4b20c25bbf3511c4941186a4750c1cee058fab2cd07625991ed7eac7d,10cb000000524e414efffe000100cb00,,Nintendo LZ10,Probable,,True,Nintendo LZ10,Confirmed,True,203,True,203,c25a4e22fe765b3e5505509ceee08bd8749f3e6bd036f13025635baf4293309f,NANR animation,Confirmed,False,False
/wazaeffect/effectclact/wecellanm.narc,/wazaeffect/effectclact/wecellanm.narc!/member_00019,0,/wazaeffect/effectclact/wecellanm.narc,350,19,,2484,2648,2136,2300,164,c1c4f6614d7017f0c5da4ed3d5ee67ba68a976155cc85b2cad7a34d044d3ba92,10f2000000524e414efffe000100f200,,Nintendo LZ10,Probable,,True,Nintendo LZ10,Confirmed,True,242,True,242,e10ef9eae4bf281abcd5b155e206bc94fb832af36101c826f1b90328d28f7347,NANR animation,Confirmed,False,False
/wazaeffect/effectclact/wecellanm.narc,/wazaeffect/effectclact/wecellanm.narc!/member_00020,0,/wazaeffect/effectclact/wecellanm.narc,350,20,,2648,2780,2300,2432,132,943abc94eef5040d014693c2e993ef93d99ce66c0888e589fe582fd101bc4958,10cf000000524e414efffe000100cf00,,Nintendo LZ10,Probable,,True,Nintendo LZ10,Confirmed,True,207,True,207,88eee6ba1cd1ed7b71129454c424340336ff79cabce6abcc56ae50cd4472751c,NANR animation,Confirmed,False,False
/wazaeffect/effectclact/wecellanm.narc,/wazaeffect/effectclact/wecellanm.narc!/member_00021,0,/wazaeffect/effectclact/wecellanm.narc,350,21,,2780,2888,2432,2540,108,56247b7babef4d310cd7b921ad4f683012dd7591edd6e1883e030a132a62549f,109a000000524e414efffe0001009a00,,Nintendo LZ10,Probable,,True,Nintendo LZ10,Confirmed,True,154,True,154,2db7fb78dd747f600d608eae538a07457399a8d7d5d878debe6439464a1d543f,NANR animation,Confirmed,False,False
/wazaeffect/effectclact/wecellanm.narc,/wazaeffect/effectclact/wecellanm.narc!/member_00022,0,/wazaeffect/effectclact/wecellanm.narc,350,22,,2888,3052,2540,2704,164,a66c8348b6b02819e2dc17580e6d5a1d9cd62f21f383d1bb024cdc90ba536af0,101a010000524e414efffe0001001a01,,Nintendo LZ10,Probable,,True,Nintendo LZ10,Confirmed,True,282,True,282,24049bb816dda7cb66a2a74124a2f2fe2473d9a1ffaf6212d1a3d55da45cf72c,NANR animation,Confirmed,False,False
/wazaeffect/effectclact/wecellanm.narc,/wazaeffect/effectclact/wecellanm.narc!/member_00023,0,/wazaeffect/effectclact/wecellanm.narc,350,23,,3052,3240,2704,2892,188,e19c9ae193d130bbf566477a7e04fc8f56205076b75c5e8ecd6d2603c315ced6,1038010000524e414efffe0001003801,,Nintendo LZ10,Probable,,True,Nintendo LZ10,Confirmed,True,312,True,312,117b67a127350bff44a49c2d266579d477dfc9e69c05fff4a3db39f628a1be66,NANR animation,Confirmed,False,False
/wazaeffect/effectclact/wecellanm.narc,/wazaeffect/effectclact/wecellanm.narc!/member_00024,0,/wazaeffect/effectclact/wecellanm.narc,350,24,,3240,3372,2892,3024,132,b47e60b4da41c5e5cb7f57bf8a38b9dd55a34a351f9ae7b77d24fea892dc0ed6,10bb000000524e414efffe000100bb00,,Nintendo LZ10,Probable,,True,Nintendo LZ10,Confirmed,True,187,True,187,9deb044987068ec19ebcef112ddfa7ad135ecf4655b4f64dbb7e7576724beca1,NANR animation,Confirmed,False,False
/wazaeffect/effectclact/wecellanm.narc,/wazaeffect/effectclact/wecellanm.narc!/member_00025,0,/wazaeffect/effectclact/wecellanm.narc,350,25,,3372,3464,3024,3116,92,4ffc86b94ce84a035d1b4f7bf84881714b1aee6534bd0e33ccc670c12c85f74f,106f000000524e414efffe0001006f00,,Nintendo LZ10,Probable,,True,Nintendo LZ10,Confirmed,True,111,True,111,a2651a070a873f04b0ba320d05cdb6f18258163717bf9bec6b7f1b5cf659688c,NANR animation,Confirmed,False,False
/wazaeffect/effectclact/wecellanm.narc,/wazaeffect/effectclact/wecellanm.narc!/member_00026,0,/wazaeffect/effectclact/wecellanm.narc,350,26,,3464,3596,3116,3248,132,731b5c707efd6e99066e1589df085dc5bde906c9aba55bee5645947be0e1ab41,10b3000000524e414efffe000100b300,,Nintendo LZ10,Probable,,True,Nintendo LZ10,Confirmed,True,179,True,179,e9236ad9fa13b1a0039a550851829cd7e2b97295817f89fb630fd66cd7c7a9a2,NANR animation,Confirmed,False,False
/wazaeffect/effectclact/wecellanm.narc,/wazaeffect/effectclact/wecellanm.narc!/member_00027,0,/wazaeffect/effectclact/wecellanm.narc,350,27,,3596,3704,3248,3356,108,56247b7babef4d310cd7b921ad4f683012dd7591edd6e1883e030a132a62549f,109a000000524e414efffe0001009a00,,Nintendo LZ10,Probable,,True,Nintendo LZ10,Confirmed,True,154,True,154,2db7fb78dd747f600d608eae538a07457399a8d7d5d878debe6439464a1d543f,NANR animation,Confirmed,False,False
/wazaeffect/effectclact/wecellanm.narc,/wazaeffect/effectclact/wecellanm.narc!/member_00028,0,/wazaeffect/effectclact/wecellanm.narc,350,28,,3704,3816,3356,3468,112,20c64eabb842506f597ed8cd6174c5a8c0c98ca3e5428cc50b759ceff6a77b9b,1097000000524e414efffe0001009700,,Nintendo LZ10,Probable,,True,Nintendo LZ10,Confirmed,True,151,True,151,a13e4c78f18dabfbd7103d2ad1af1fe8e1568553d1697aa959470f3e113b55c8,NANR animation,Confirmed,False,False
/wazaeffect/effectclact/wecellanm.narc,/wazaeffect/effectclact/wecellanm.narc!/member_00029,0,/wazaeffect/effectclact/wecellanm.narc,350,29,,3816,3940,3468,3592,124,78632f23ee763fbb5a8aef85baadddc1630837340c8450bbe8f53da767bc78fc,10c5000000524e414efffe000100c500,,Nintendo LZ10,Probable,,True,Nintendo LZ10,Confirmed,True,197,True,197,9b8838542799af545826a6e45487d980f27529ed0408d02b0309e93c93f7ce86,NANR animation,Confirmed,False,False
/wazaeffect/effectclact/wecellanm.narc,/wazaeffect/effectclact/wecellanm.narc!/member_00030,0,/wazaeffect/effectclact/wecellanm.narc,350,30,,3940,4032,3592,3684,92,3dfcd3437fac0ad806f345d617fabb1e57e641abad9ada18ed525cd56bfe3941,106f000000524e414efffe0001006f00,,Nintendo LZ10,Probable,,True,Nintendo LZ10,Confirmed,True,111,True,111,02501a6a5ce892afbfaf7aaf1ac388045db6e55ade71548a00cc3a91b7fb3f37,NANR animation,Confirmed,False,False
/wazaeffect/effectclact/wecellanm.narc,/wazaeffect/effectclact/wecellanm.narc!/member_00031,0,/wazaeffect/effectclact/wecellanm.narc,350,31,,4032,4152,3684,3804,120,cdb366ecf59912f51367b02302e77a185b49e387a396ddb095c826e3b5d2c167,109b000000524e414efffe0001009b00,,Nintendo LZ10,Probable,,True,Nintendo LZ10,Confirmed,True,155,True,155,b5c53cee4d2a751fe071a319f6d4c0d76df66d139ed2ed82cdbea6e0b923887b,NANR animation,Confirmed,False,False
/wazaeffect/effectclact/wecellanm.narc,/wazaeffect/effectclact/wecellanm.narc!/member_00032,0,/wazaeffect/effectclact/wecellanm.narc,350,32,,4152,4244,3804,3896,92,3dfcd3437fac0ad806f345d617fabb1e57e641abad9ada18ed525cd56bfe3941,106f000000524e414efffe0001006f00,,Nintendo LZ10,Probable,,True,Nintendo LZ10,Confirmed,True,111,True,111,02501a6a5ce892afbfaf7aaf1ac388045db6e55ade71548a00cc3a91b7fb3f37,NANR animation,Confirmed,False,False
/wazaeffect/effectclact/wecellanm.narc,/wazaeffect/effectclact/wecellanm.narc!/member_00033,0,/wazaeffect/effectclact/wecellanm.narc,350,33,,4244,4368,3896,4020,124,c07ee5621174b3978fec30412272168626de42860537bb4b6c5566a6792244c4,10c5000000524e414efffe000100c500,,Nintendo LZ10,Probable,,True,Nintendo LZ10,Confirmed,True,197,True,197,0e22ccd523b1107c897969967251022cfcfa5755b47b93539c460b62a98fb898,NANR animation,Confirmed,False,False
/wazaeffect/effectclact/wecellanm.narc,/wazaeffect/effectclact/wecellanm.narc!/member_00034,0,/wazaeffect/effectclact/wecellanm.narc,350,34,,4368,4484,4020,4136,116,bfdc75609e9cebfe73091842a5c132ecc7d121e6937c763c8ceda0d6ce6a633b,10a3000000524e414efffe000100a300,,Nintendo LZ10,Probable,,True,Nintendo LZ10,Confirmed,True,163,True,163,8b86c5a47c78fad0302baee732fb713abf1b3ff0a80e84164514cb20c56aba55,NANR animation,Confirmed,False,False
/wazaeffect/effectclact/wecellanm.narc,/wazaeffect/effectclact/wecellanm.narc!/member_00035,0,/wazaeffect/effectclact/wecellanm.narc,350,35,,4484,4584,4136,4236,100,1477a6f691cc2d62f80520539707c5e6f67f9dc8cd203248ec7a8521076572cf,1083000000524e414efffe0001008300,,Nintendo LZ10,Probable,,True,Nintendo LZ10,Confirmed,True,131,True,131,064f0626c60f2b24d26204f133bbce7b54d46216dde56a20091a0b5b8d230914,NANR animation,Confirmed,False,False
/wazaeffect/effectclact/wecellanm.narc,/wazaeffect/effectclact/wecellanm.narc!/member_00036,0,/wazaeffect/effectclact/wecellanm.narc,350,36,,4584,4688,4236,4340,104,234a750895aa51bddc0db86535792b3e52d26484710ff464d01f270fa64df021,108b000000524e414efffe0001008b00,,Nintendo LZ10,Probable,,True,Nintendo LZ10,Confirmed,True,139,True,139,5c98c46838193a83717ea263163472c427a57bf1057dfb6e9c656599e8aacbb4,NANR animation,Confirmed,False,False
/wazaeffect/effectclact/wechar.narc,/wazaeffect/effectclact/wechar.narc!/member_00000,0,/wazaeffect/effectclact/wechar.narc,351,0,,348,3388,0,3040,3040,29be40a4a2a1d07e45351f22ad5ab0116b978b24e50fe76cf370b710963edc9a,10303000005247434efffe0001003030,,Nintendo LZ10,Probable,,True,Nintendo LZ10,Confirmed,True,12336,True,12336,f478f9ca41bac8009668c06d53ab7465c167fd241e77832efcad07b4c0c813e8,NCGR graphics,Confirmed,False,False
/wazaeffect/effectclact/wechar.narc,/wazaeffect/effectclact/wechar.narc!/member_00001,0,/wazaeffect/effectclact/wechar.narc,351,1,,3388,3856,3040,3508,468,a9e80916b733bb447468431cdbc2fc25c5fb8e5ca469075c89489ee0003fbde2,10300800005247434efffe0001003008,,Nintendo LZ10,Probable,,True,Nintendo LZ10,Confirmed,True,2096,True,2096,b3d437f5a843e463554049f457d325d164458c6db2225f5e3a27aca56bebf25c,NCGR graphics,Confirmed,False,False
/wazaeffect/effectclact/wechar.narc,/wazaeffect/effectclact/wechar.narc!/member_00002,0,/wazaeffect/effectclact/wechar.narc,351,2,,3856,5800,3508,5452,1944,e3a51b37691b0a522798f429080ccb0ee4436c3c2f205c6f1a03778a962e4ed6,10302000005247434efffe0001003020,,Nintendo LZ10,Probable,,True,Nintendo LZ10,Confirmed,True,8240,True,8240,00fd45e3989d3b9f2b35fe6e5d42274fa981eb2d5c1b910da55d84b41a5259fc,NCGR graphics,Confirmed,False,False
/wazaeffect/effectclact/wechar.narc,/wazaeffect/effectclact/wechar.narc!/member_00003,0,/wazaeffect/effectclact/wechar.narc,351,3,,5800,6316,5452,5968,516,ca32061a236f6ade911ace2e439bb49832078dc455ecd0766215ed2ce4db54c4,10300400005247434efffe0001003004,,Nintendo LZ10,Probable,,True,Nintendo LZ10,Confirmed,True,1072,True,1072,342e17468b3d102a2fa15aad61e736b861802ea81f1d69ba34c0f2267324c025,NCGR graphics,Confirmed,False,False
/wazaeffect/effectclact/wechar.narc,/wazaeffect/effectclact/wechar.narc!/member_00004,0,/wazaeffect/effectclact/wechar.narc,351,4,,6316,6948,5968,6600,632,5c682a0422bbf032b4c48545cd55a7a33754652eb856bb5e4474c3e3e7b31304,10300800005247434efffe0001003008,,Nintendo LZ10,Probable,,True,Nintendo LZ10,Confirmed,True,2096,True,2096,9b8e9207d6cad53aa7c6cb28ac03e35f10cb1034010d388e2ec94f05d6ad5091,NCGR graphics,Confirmed,False,False
/wazaeffect/effectclact/wechar.narc,/wazaeffect/effectclact/wechar.narc!/member_00005,0,/wazaeffect/effectclact/wechar.narc,351,5,,6948,7772,6600,7424,824,32135376d17a10f85337817d8f9d395aa7825e344012f25fb4d05747ae8ef49a,10301000005247434efffe0001003010,,Nintendo LZ10,Probable,,True,Nintendo LZ10,Confirmed,True,4144,True,4144,3cf3eab22819cada0abc78b7c46a12c45b22d2a66da688a439bdde9f796a74a8,NCGR graphics,Confirmed,False,False
/wazaeffect/effectclact/wechar.narc,/wazaeffect/effectclact/wechar.narc!/member_00006,0,/wazaeffect/effectclact/wechar.narc,351,6,,7772,8976,7424,8628,1204,4827ba82994d77e02d692729b7a603ec1094d0f4ec1d32f3733be9f57a6fb24c,10302000005247434efffe0001003020,,Nintendo LZ10,Probable,,True,Nintendo LZ10,Confirmed,True,8240,True,8240,e8af342cd4be8e7ebbf4a6fdf53ead9c7c249ba480906e95e78c5690a234665c,NCGR graphics,Confirmed,False,False
/wazaeffect/effectclact/wechar.narc,/wazaeffect/effectclact/wechar.narc!/member_00007,0,/wazaeffect/effectclact/wechar.narc,351,7,,8976,10352,8628,10004,1376,6433518d78efdbda9270fdddf0137d25e56aafb2323e62d0d8953887c9bf1371,10301800005247434efffe0001003018,,Nintendo LZ10,Probable,,True,Nintendo LZ10,Confirmed,True,6192,True,6192,364fbeb652a8e59682b7ff35456a8e037ef19ef2437ecd90f89c8f7f496ec316,NCGR graphics,Confirmed,False,False
/wazaeffect/effectclact/wechar.narc,/wazaeffect/effectclact/wechar.narc!/member_00008,0,/wazaeffect/effectclact/wechar.narc,351,8,,10352,12984,10004,12636,2632,d91288330c7ba599652ff657cb34211b98b4d1036f29aed5ab0283fdcf1e3252,10304000005247434efffe0001003040,,Nintendo LZ10,Probable,,True,Nintendo LZ10,Confirmed,True,16432,True,16432,5f7365df0a77c2d330fa4644445c18bb0fc7073cdeb247cc418d2d760d9db837,NCGR graphics,Confirmed,False,False
/wazaeffect/effectclact/wechar.narc,/wazaeffect/effectclact/wechar.narc!/member_00009,0,/wazaeffect/effectclact/wechar.narc,351,9,,12984,13284,12636,12936,300,8fb4e93788d9d5e7ac3d90b40494553b8b66d44d40e6da08d564a80e9612e6bb,10300200005247434efffe0001003002,,Nintendo LZ10,Probable,,True,Nintendo LZ10,Confirmed,True,560,True,560,ffc23d1b3d31eb6525968c2aa3e0aa59a8c123b7ff0f2ecd7723b0917178d755,NCGR graphics,Confirmed,False,False
/wazaeffect/effectclact/wechar.narc,/wazaeffect/effectclact/wechar.narc!/member_00010,0,/wazaeffect/effectclact/wechar.narc,351,10,,13284,14340,12936,13992,1056,2062227c28cd491b2d525c654c7cdaae5e8590ac8aa7d2a075269ef95cb901c8,10b00d00005247434efffe000100b00d,,Nintendo LZ10,Probable,,True,Nintendo LZ10,Confirmed,True,3504,True,3504,4d886de11d522172b8b0d68cfc631ef9a570bfc9035568039463281a1976d73e,NCGR graphics,Confirmed,False,False
/wazaeffect/effectclact/wechar.narc,/wazaeffect/effectclact/wechar.narc!/member_00011,0,/wazaeffect/effectclact/wechar.narc,351,11,,14340,14520,13992,14172,180,6b88c6579bd8f6b139bf1ff4f3647f8940b4f36b8c4f1c1d60c9370e72be9cf9,10300200005247434efffe0001003002,,Nintendo LZ10,Probable,,True,Nintendo LZ10,Confirmed,True,560,True,560,358ac5d8634353de047153555e63fef99be56297e31173d54cc00df5c14bac19,NCGR graphics,Confirmed,False,False
/wazaeffect/effectclact/wechar.narc,/wazaeffect/effectclact/wechar.narc!/member_00012,0,/wazaeffect/effectclact/wechar.narc,351,12,,14520,16144,14172,15796,1624,c57623ea59a0824e9f075d2fd780dd9f31d619cb37943fce6f10b5ec29112f63,10302800005247434efffe0001003028,,Nintendo LZ10,Probable,,True,Nintendo LZ10,Confirmed,True,10288,True,10288,1bde8ee4826a50f80280d21507acf801e8651a6f64b6bc6e80e999dc5c9b5a6a,NCGR graphics,Confirmed,False,False
/wazaeffect/effectclact/wechar.narc,/wazaeffect/effectclact/wechar.narc!/member_00013,0,/wazaeffect/effectclact/wechar.narc,351,13,,16144,16672,15796,16324,528,1f7f039d0439b587718a27012cffd22064500abcfcaaf57b9107823d40a9451b,10300c00005247434efffe000100300c,,Nintendo LZ10,Probable,,True,Nintendo LZ10,Confirmed,True,3120,True,3120,98ce2e4e8db21bec248824dc8136cda07c6e2ca43d6dc1f7ee8c74b91b1175aa,NCGR graphics,Confirmed,False,False
/wazaeffect/effectclact/wechar.narc,/wazaeffect/effectclact/wechar.narc!/member_00014,0,/wazaeffect/effectclact/wechar.narc,351,14,,16672,17124,16324,16776,452,b32a347d7b105182b7cac1410de6ff3c0a0179bf5bc63beba4dd9d5438916392,10300800005247434efffe0001003008,,Nintendo LZ10,Probable,,True,Nintendo LZ10,Confirmed,True,2096,True,2096,c1d1203dc8486aca4d49ddbec9200aafdfa197df89a0a257d6e9656899e140bf,NCGR graphics,Confirmed,False,False
/wazaeffect/effectclact/wechar.narc,/wazaeffect/effectclact/wechar.narc!/member_00015,0,/wazaeffect/effectclact/wechar.narc,351,15,,17124,17532,16776,17184,408,fa97ddd684bf7dff420bb3f884f2d8d8bf88ff22fb1b3e86eef10ce16dea951d,10300800005247434efffe0001003008,,Nintendo LZ10,Probable,,True,Nintendo LZ10,Confirmed,True,2096,True,2096,8b5af2b0a5b58d93490047c406a9d852833bf99df217e19fe3392fcd6b0aa99c,NCGR graphics,Confirmed,False,False
/wazaeffect/effectclact/wechar.narc,/wazaeffect/effectclact/wechar.narc!/member_00016,0,/wazaeffect/effectclact/wechar.narc,351,16,,17532,17992,17184,17644,460,31996d38d610bea931e246ede410479304079fc46297062c5a1f477dd40169c7,10300600005247434efffe0001003006,,Nintendo LZ10,Probable,,True,Nintendo LZ10,Confirmed,True,1584,True,1584,571cdd865d275e17741fe03c44b512a599dd7ee35cfd376162e78ce2f1e9f86d,NCGR graphics,Confirmed,False,False
/wazaeffect/effectclact/wechar.narc,/wazaeffect/effectclact/wechar.narc!/member_00017,0,/wazaeffect/effectclact/wechar.narc,351,17,,17992,19888,17644,19540,1896,16b371fe73444426add2e4b385acb5dcccd3015bf3a9821bbf880e7565e0cccb,10302800005247434efffe0001003028,,Nintendo LZ10,Probable,,True,Nintendo LZ10,Confirmed,True,10288,True,10288,2ec1881fd8b0fa660f71b7e4d5f803bec73bb7ba4d46e7b953db089c804879d8,NCGR graphics,Confirmed,False,False
/wazaeffect/effectclact/wechar.narc,/wazaeffect/effectclact/wechar.narc!/member_00018,0,/wazaeffect/effectclact/wechar.narc,351,18,,19888,20612,19540,20264,724,3d224a9d81c553a81121f3d0395e259ecf2763c287dfd701bea79209a15f4403,10300c00005247434efffe000100300c,,Nintendo LZ10,Probable,,True,Nintendo LZ10,Confirmed,True,3120,True,3120,68949aa20b8f610c75804a7a80f128a4f99cd7b67dfbde0157ca7f67798d6d9b,NCGR graphics,Confirmed,False,False
/wazaeffect/effectclact/wechar.narc,/wazaeffect/effectclact/wechar.narc!/member_00019,0,/wazaeffect/effectclact/wechar.narc,351,19,,20612,21440,20264,21092,828,25d60af42a3a488e2945beea3dd0aa5bade94a32828d98ee96bd5e584405a97d,10b00900005247434efffe000100b009,,Nintendo LZ10,Probable,,True,Nintendo LZ10,Confirmed,True,2480,True,2480,9da16231d5737c65e592b1698b34d92da05ae13499dee6474887c2e47c75693a,NCGR graphics,Confirmed,False,False
/wazaeffect/effectclact/wechar.narc,/wazaeffect/effectclact/wechar.narc!/member_00020,0,/wazaeffect/effectclact/wechar.narc,351,20,,21440,22168,21092,21820,728,d8c8ba085dfda88a96b1332cf53e1f3ac5adea387746c0c7ecc5e84d95a1ea8e,10300c00005247434efffe000100300c,,Nintendo LZ10,Probable,,True,Nintendo LZ10,Confirmed,True,3120,True,3120,1a088d8dc87a5025ef486e38a9d9d91adadb9e4e5077a5bd2e68ba1cb58714cb,NCGR graphics,Confirmed,False,False
/wazaeffect/effectclact/wechar.narc,/wazaeffect/effectclact/wechar.narc!/member_00021,0,/wazaeffect/effectclact/wechar.narc,351,21,,22168,22684,21820,22336,516,ca32061a236f6ade911ace2e439bb49832078dc455ecd0766215ed2ce4db54c4,10300400005247434efffe0001003004,,Nintendo LZ10,Probable,,True,Nintendo LZ10,Confirmed,True,1072,True,1072,342e17468b3d102a2fa15aad61e736b861802ea81f1d69ba34c0f2267324c025,NCGR graphics,Confirmed,False,False
/wazaeffect/effectclact/wechar.narc,/wazaeffect/effectclact/wechar.narc!/member_00022,0,/wazaeffect/effectclact/wechar.narc,351,22,,22684,23960,22336,23612,1276,59cb19534b327f2d4905de6d7fef5cd12a13e7b59ff98aeb07a9b287d433e887,10301400005247434efffe0001003014,,Nintendo LZ10,Probable,,True,Nintendo LZ10,Confirmed,True,5168,True,5168,5eee45cb32e76bf6eb09309645f1b1333616e525d09f8eb5a1e70c58dbe6649c,NCGR graphics,Confirmed,False,False
/wazaeffect/effectclact/wechar.narc,/wazaeffect/effectclact/wechar.narc!/member_00023,0,/wazaeffect/effectclact/wechar.narc,351,23,,23960,25364,23612,25016,1404,26fad02cd1cf9a3e0a80d02e55e38f929c61c76630c8af8ab501662cc79d2d13,10301400005247434efffe0001003014,,Nintendo LZ10,Probable,,True,Nintendo LZ10,Confirmed,True,5168,True,5168,a90bb6741afd96d934d4ae0daf40e2af363fbda4e3482d0b85229c14a74eb3db,NCGR graphics,Confirmed,False,False
/wazaeffect/effectclact/wechar.narc,/wazaeffect/effectclact/wechar.narc!/member_00024,0,/wazaeffect/effectclact/wechar.narc,351,24,,25364,26188,25016,25840,824,5597acb3b83ec5f0b431fa646a44ff7c68dc5c2eb572b03666807dee52477fee,10301000005247434efffe0001003010,,Nintendo LZ10,Probable,,True,Nintendo LZ10,Confirmed,True,4144,True,4144,635e898ae15ca2797a3de98c9669aa7b4aa81845d5eec3dc74e9a35237a98d04,NCGR graphics,Confirmed,False,False
/wazaeffect/effectclact/wechar.narc,/wazaeffect/effectclact/wechar.narc!/member_00025,0,/wazaeffect/effectclact/wechar.narc,351,25,,26188,26460,25840,26112,272,87461ce3c2b4c233ce9ea4799d3811d3d0efa3963cdc995e96814aa17d44d669,10300200005247434efffe0001003002,,Nintendo LZ10,Probable,,True,Nintendo LZ10,Confirmed,True,560,True,560,de9f7c2ea2badc1450141a67e29f4ee106e0ee9b43081eb5875a28d0322e58fa,NCGR graphics,Confirmed,False,False
/wazaeffect/effectclact/wechar.narc,/wazaeffect/effectclact/wechar.narc!/member_00026,0,/wazaeffect/effectclact/wechar.narc,351,26,,26460,28380,26112,28032,1920,42e7711ae3a925bb793aca471cc572076a4f60eda40a3d18b5c0099945d1092b,10301c00005247434efffe000100301c,,Nintendo LZ10,Probable,,True,Nintendo LZ10,Confirmed,True,7216,True,7216,58ea5e58b6352b153609fc6ad02ea0e4e37631705cd616103582e06057e3c4b6,NCGR graphics,Confirmed,False,False
/wazaeffect/effectclact/wechar.narc,/wazaeffect/effectclact/wechar.narc!/member_00027,0,/wazaeffect/effectclact/wechar.narc,351,27,,28380,29084,28032,28736,704,e5e137b378dc3fa081535a8646155bda36eb143e5969d396de888d0c37f8b32d,10301000005247434efffe0001003010,,Nintendo LZ10,Probable,,True,Nintendo LZ10,Confirmed,True,4144,True,4144,46723a543d2de7f8fa7bca3e36cf1acceff55243b74653fb072b75adb7ad5b63,NCGR graphics,Confirmed,False,False
/wazaeffect/effectclact/wechar.narc,/wazaeffect/effectclact/wechar.narc!/member_00028,0,/wazaeffect/effectclact/wechar.narc,351,28,,29084,29720,28736,29372,636,8653369274075cc56348a4d21171eaa21792b9e8833aec736630d082973a34ae,10300500005247434efffe0001003005,,Nintendo LZ10,Probable,,True,Nintendo LZ10,Confirmed,True,1328,True,1328,00f275d4ce554a0f361ce4a1c9e7937402a5157c31cb2c991ba680e9351a8eec,NCGR graphics,Confirmed,False,False
/wazaeffect/effectclact/wechar.narc,/wazaeffect/effectclact/wechar.narc!/member_00029,0,/wazaeffect/effectclact/wechar.narc,351,29,,29720,30028,29372,29680,308,2ab4ea8695926a3ced1c18e4c643b522482910885c88ed763b56168e20d7fc2d,10300600005247434efffe0001003006,,Nintendo LZ10,Probable,,True,Nintendo LZ10,Confirmed,True,1584,True,1584,59af5d66bf5f57d853a00a6a1967d62deeaa5c5acab8de4fa54fd597090338b3,NCGR graphics,Confirmed,False,False
/wazaeffect/effectclact/wechar.narc,/wazaeffect/effectclact/wechar.narc!/member_00030,0,/wazaeffect/effectclact/wechar.narc,351,30,,30028,30264,29680,29916,236,f14ceabb26d5865ab7b7735777ab5d57cadec312f62d35a0a99e5a4f49f8f270,10300200005247434efffe0001003002,,Nintendo LZ10,Probable,,True,Nintendo LZ10,Confirmed,True,560,True,560,25efe1d62e4c9c978e61f811032ba5d02111ab25d467ea05fe9041731e840887,NCGR graphics,Confirmed,False,False
/wazaeffect/effectclact/wechar.narc,/wazaeffect/effectclact/wechar.narc!/member_00031,0,/wazaeffect/effectclact/wechar.narc,351,31,,30264,30992,29916,30644,728,fea6641cfd1eba3459aa57cc6e5c53d9f2bc3cf95075c3e8fe8f1785ad635daa,10300800005247434efffe0001003008,,Nintendo LZ10,Probable,,True,Nintendo LZ10,Confirmed,True,2096,True,2096,d1605805e516e8e354a7bf8d6a56b88c79d536ac03e7888cb3579d5646ba5ec2,NCGR graphics,Confirmed,False,False
/wazaeffect/effectclact/wechar.narc,/wazaeffect/effectclact/wechar.narc!/member_00032,0,/wazaeffect/effectclact/wechar.narc,351,32,,30992,31208,30644,30860,216,c081d685ccdee9e6dde4fdcbf340d116c580a370ad8e5a16c219d592c09995de,10300200005247434efffe0001003002,,Nintendo LZ10,Probable,,True,Nintendo LZ10,Confirmed,True,560,True,560,39d7313275dc8d3f3f55bddf792abb1b576b365d9b9251b10de33dcf2fc71317,NCGR graphics,Confirmed,False,False
/wazaeffect/effectclact/wechar.narc,/wazaeffect/effectclact/wechar.narc!/member_00033,0,/wazaeffect/effectclact/wechar.narc,351,33,,31208,31656,30860,31308,448,e9a15cb6b0a140eae5d98f8ad148048d06eb0f04f192ae22f728a2ae0c468c88,10b00400005247434efffe000100b004,,Nintendo LZ10,Probable,,True,Nintendo LZ10,Confirmed,True,1200,True,1200,411c9ae6d02ae472143f5b4bbf59c6df6b0a517d3491638318f883c861c4cb7c,NCGR graphics,Confirmed,False,False
/wazaeffect/effectclact/wechar.narc,/wazaeffect/effectclact/wechar.narc!/member_00034,0,/wazaeffect/effectclact/wechar.narc,351,34,,31656,32484,31308,32136,828,83cb7aa499c56dd3e6b0ff70beae1f1d1f9f14b244cffae4e40ea8cd6f2308c4,10b00c00005247434efffe000100b00c,,Nintendo LZ10,Probable,,True,Nintendo LZ10,Confirmed,True,3248,True,3248,0c49ecfb50aad2cddd2e41ba2eb4e75ef3d78ac7db206116540886b7abcd38b7,NCGR graphics,Confirmed,False,False
/wazaeffect/effectclact/wechar.narc,/wazaeffect/effectclact/wechar.narc!/member_00035,0,/wazaeffect/effectclact/wechar.narc,351,35,,32484,32788,32136,32440,304,1ab0053f29d2a8788f2a64f06743ebb704e941b1ccb72edccf9f4de76c4e915f,10300600005247434efffe0001003006,,Nintendo LZ10,Probable,,True,Nintendo LZ10,Confirmed,True,1584,True,1584,7fb748204a211e564471b38433fd062ddf2780aca6ec4e56568d2232f08a236e,NCGR graphics,Confirmed,False,False
/wazaeffect/effectclact/wechar.narc,/wazaeffect/effectclact/wechar.narc!/member_00036,0,/wazaeffect/effectclact/wechar.narc,351,36,,32788,33076,32440,32728,288,470814bad26e1136b03c8f5885f11eae3d6bf0446bfb37bb5dcc14a5e422cab4,10300400005247434efffe0001003004,,Nintendo LZ10,Probable,,True,Nintendo LZ10,Confirmed,True,1072,True,1072,c3880a07ab046d6cddd590df5b7a7ac5e142e5df916cdc4c1db789bb3e99e033,NCGR graphics,Confirmed,False,False
/wazaeffect/effectclact/wepltt.narc,/wazaeffect/effectclact/wepltt.narc!/member_00000,0,/wazaeffect/effectclact/wepltt.narc,352,0,,364,454,0,90,90,5da1e67e3dc33abb60743d6ab53fbe7cf28e1c1f721c194526c1c9983235b73c,524c434efffe00015a00000010000200,,NCLR palette,Confirmed,True,False,,,,,,,,,,False,False
/wazaeffect/effectclact/wepltt.narc,/wazaeffect/effectclact/wepltt.narc!/member_00001,0,/wazaeffect/effectclact/wepltt.narc,352,1,,456,546,92,182,90,79a05096eff36dc268ced469b809d0063055119496dfbad0b27fb0902f549f69,524c434efffe00015a00000010000200,,NCLR palette,Confirmed,True,False,,,,,,,,,,False,False
/wazaeffect/effectclact/wepltt.narc,/wazaeffect/effectclact/wepltt.narc!/member_00002,0,/wazaeffect/effectclact/wepltt.narc,352,2,,548,638,184,274,90,7554a224c6aaafa5af730b1d115aca50a37ac26da3ea12fa2eb7adaec677e7b0,524c434efffe00015a00000010000200,,NCLR palette,Confirmed,True,False,,,,,,,,,,False,False
/wazaeffect/effectclact/wepltt.narc,/wazaeffect/effectclact/wepltt.narc!/member_00003,0,/wazaeffect/effectclact/wepltt.narc,352,3,,640,730,276,366,90,11bac761a5d4612bb728acd7b7948228c3fd043eb03a79f6aca4710487c73515,524c434efffe00015a00000010000200,,NCLR palette,Confirmed,True,False,,,,,,,,,,False,False
/wazaeffect/effectclact/wepltt.narc,/wazaeffect/effectclact/wepltt.narc!/member_00004,0,/wazaeffect/effectclact/wepltt.narc,352,4,,732,822,368,458,90,c90b6ea8b0b639378e3de695a0274c02cf0f2267894ff66d896c2dcd393d15e3,524c434efffe00015a00000010000200,,NCLR palette,Confirmed,True,False,,,,,,,,,,False,False
/wazaeffect/effectclact/wepltt.narc,/wazaeffect/effectclact/wepltt.narc!/member_00005,0,/wazaeffect/effectclact/wepltt.narc,352,5,,824,914,460,550,90,b117e3057e90e685ca03ba0e5838668bd89f191bab24b42aecfc64cd702b73de,524c434efffe00015a00000010000200,,NCLR palette,Confirmed,True,False,,,,,,,,,,False,False
/wazaeffect/effectclact/wepltt.narc,/wazaeffect/effectclact/wepltt.narc!/member_00006,0,/wazaeffect/effectclact/wepltt.narc,352,6,,916,1006,552,642,90,4ed06c80b43a7a11d564ff2e863ca5ccd11325615ca885a65de9bb1688915c97,524c434efffe00015a00000010000200,,NCLR palette,Confirmed,True,False,,,,,,,,,,False,False
/wazaeffect/effectclact/wepltt.narc,/wazaeffect/effectclact/wepltt.narc!/member_00007,0,/wazaeffect/effectclact/wepltt.narc,352,7,,1008,1098,644,734,90,f091149322afd5d5611c4a9259fbdaff8fc77bf5360e3967d610e01bdd6746c1,524c434efffe00015a00000010000200,,NCLR palette,Confirmed,True,False,,,,,,,,,,False,False
/wazaeffect/effectclact/wepltt.narc,/wazaeffect/effectclact/wepltt.narc!/member_00008,0,/wazaeffect/effectclact/wepltt.narc,352,8,,1100,1190,736,826,90,2780013f03a634faefb445c6c12634cc1a45bfc895935a9d74468b125bf1359b,524c434efffe00015a00000010000200,,NCLR palette,Confirmed,True,False,,,,,,,,,,False,False
/wazaeffect/effectclact/wepltt.narc,/wazaeffect/effectclact/wepltt.narc!/member_00009,0,/wazaeffect/effectclact/wepltt.narc,352,9,,1192,1282,828,918,90,3c82869f9d24be874c879ca63d5ce52a56fdbe3e5a897bed6ed04328e5d6de51,524c434efffe00015a00000010000200,,NCLR palette,Confirmed,True,False,,,,,,,,,,False,False
/wazaeffect/effectclact/wepltt.narc,/wazaeffect/effectclact/wepltt.narc!/member_00010,0,/wazaeffect/effectclact/wepltt.narc,352,10,,1284,1374,920,1010,90,24d166ba88a857de86ee21db059fd7887d51bc35e899dbfdfe9ec689fb05da99,524c434efffe00015a00000010000200,,NCLR palette,Confirmed,True,False,,,,,,,,,,False,False
/wazaeffect/effectclact/wepltt.narc,/wazaeffect/effectclact/wepltt.narc!/member_00011,0,/wazaeffect/effectclact/wepltt.narc,352,11,,1376,1466,1012,1102,90,497aef93f02a5b8d008e08a82bcedd75506c17db5a6647ed2981572b75b45218,524c434efffe00015a00000010000200,,NCLR palette,Confirmed,True,False,,,,,,,,,,False,False
/wazaeffect/effectclact/wepltt.narc,/wazaeffect/effectclact/wepltt.narc!/member_00012,0,/wazaeffect/effectclact/wepltt.narc,352,12,,1468,1558,1104,1194,90,0ec09f4f63e41f8e56c43e87fd79fc0d565eb2c20f382266b6931725174e38f0,524c434efffe00015a00000010000200,,NCLR palette,Confirmed,True,False,,,,,,,,,,False,False
/wazaeffect/effectclact/wepltt.narc,/wazaeffect/effectclact/wepltt.narc!/member_00013,0,/wazaeffect/effectclact/wepltt.narc,352,13,,1560,1650,1196,1286,90,ce384ace3d06385ea84a1ac9da8d8c971743205effd9e0239ac3633bf5944613,524c434efffe00015a00000010000200,,NCLR palette,Confirmed,True,False,,,,,,,,,,False,False
/wazaeffect/effectclact/wepltt.narc,/wazaeffect/effectclact/wepltt.narc!/member_00014,0,/wazaeffect/effectclact/wepltt.narc,352,14,,1652,1742,1288,1378,90,de5d7aa87bf1babf132ac8fd45e679317fe4e72052a1d0e84c65d95ddde8edf0,524c434efffe00015a00000010000200,,NCLR palette,Confirmed,True,False,,,,,,,,,,False,False
/wazaeffect/effectclact/wepltt.narc,/wazaeffect/effectclact/wepltt.narc!/member_00015,0,/wazaeffect/effectclact/wepltt.narc,352,15,,1744,1834,1380,1470,90,d4a88788c227690a770d7768f94cc731052c949a63cf39cbc483a1fc72096254,524c434efffe00015a00000010000200,,NCLR palette,Confirmed,True,False,,,,,,,,,,False,False
/wazaeffect/effectclact/wepltt.narc,/wazaeffect/effectclact/wepltt.narc!/member_00016,0,/wazaeffect/effectclact/wepltt.narc,352,16,,1836,1926,1472,1562,90,413a09eea69b040d23140cf38197ef98e7e1861008a70a2078472ce86a13c4b5,524c434efffe00015a00000010000200,,NCLR palette,Confirmed,True,False,,,,,,,,,,False,False
/wazaeffect/effectclact/wepltt.narc,/wazaeffect/effectclact/wepltt.narc!/member_00017,0,/wazaeffect/effectclact/wepltt.narc,352,17,,1928,2018,1564,1654,90,2f61dbb460424e9827593446f92b78732a2d264d30ee2e7b64600190ed1d980c,524c434efffe00015a00000010000200,,NCLR palette,Confirmed,True,False,,,,,,,,,,False,False
/wazaeffect/effectclact/wepltt.narc,/wazaeffect/effectclact/wepltt.narc!/member_00018,0,/wazaeffect/effectclact/wepltt.narc,352,18,,2020,2110,1656,1746,90,047e6b9e0e7095a665120c87ea0b54b3aa907ee39abebeb17bffab03f0efce46,524c434efffe00015a00000010000200,,NCLR palette,Confirmed,True,False,,,,,,,,,,False,False
/wazaeffect/effectclact/wepltt.narc,/wazaeffect/effectclact/wepltt.narc!/member_00019,0,/wazaeffect/effectclact/wepltt.narc,352,19,,2112,2202,1748,1838,90,2f61dbb460424e9827593446f92b78732a2d264d30ee2e7b64600190ed1d980c,524c434efffe00015a00000010000200,,NCLR palette,Confirmed,True,False,,,,,,,,,,False,False
/wazaeffect/effectclact/wepltt.narc,/wazaeffect/effectclact/wepltt.narc!/member_00020,0,/wazaeffect/effectclact/wepltt.narc,352,20,,2204,2294,1840,1930,90,ece4250e29bee62025efcc7cc255748dbecb335f569e88575b9e70c30682e50f,524c434efffe00015a00000010000200,,NCLR palette,Confirmed,True,False,,,,,,,,,,False,False
/wazaeffect/effectclact/wepltt.narc,/wazaeffect/effectclact/wepltt.narc!/member_00021,0,/wazaeffect/effectclact/wepltt.narc,352,21,,2296,2386,1932,2022,90,b2012859dffc508a495b03ccd698143ebca1e92c225520c519fa8606b1b41468,524c434efffe00015a00000010000200,,NCLR palette,Confirmed,True,False,,,,,,,,,,False,False
/wazaeffect/effectclact/wepltt.narc,/wazaeffect/effectclact/wepltt.narc!/member_00022,0,/wazaeffect/effectclact/wepltt.narc,352,22,,2388,2478,2024,2114,90,8f69454c577a165048aa34215b03190947979b447b5db71d798eb57e3e40ba89,524c434efffe00015a00000010000200,,NCLR palette,Confirmed,True,False,,,,,,,,,,False,False
/wazaeffect/effectclact/wepltt.narc,/wazaeffect/effectclact/wepltt.narc!/member_00023,0,/wazaeffect/effectclact/wepltt.narc,352,23,,2480,2570,2116,2206,90,ce32e7d53da88aab81978392d17302c6fde95457d3943a2d19dfd8bed2e57b5f,524c434efffe00015a00000010000200,,NCLR palette,Confirmed,True,False,,,,,,,,,,False,False
/wazaeffect/effectclact/wepltt.narc,/wazaeffect/effectclact/wepltt.narc!/member_00024,0,/wazaeffect/effectclact/wepltt.narc,352,24,,2572,2662,2208,2298,90,cb2e576021ce09748dcc927552e811edac7932c4eddd99c18fa33908e3748cbc,524c434efffe00015a00000010000200,,NCLR palette,Confirmed,True,False,,,,,,,,,,False,False
/wazaeffect/effectclact/wepltt.narc,/wazaeffect/effectclact/wepltt.narc!/member_00025,0,/wazaeffect/effectclact/wepltt.narc,352,25,,2664,2754,2300,2390,90,88c912e9ce6089612c17d712ba2f80e2fd9828d3c3e1d97110af908776e0fc51,524c434efffe00015a00000010000200,,NCLR palette,Confirmed,True,False,,,,,,,,,,False,False
/wazaeffect/effectclact/wepltt.narc,/wazaeffect/effectclact/wepltt.narc!/member_00026,0,/wazaeffect/effectclact/wepltt.narc,352,26,,2756,2846,2392,2482,90,4110abb9d581a1a5191a40239677c1f368d036ef92e1e05099de563eb5f334e2,524c434efffe00015a00000010000200,,NCLR palette,Confirmed,True,False,,,,,,,,,,False,False
/wazaeffect/effectclact/wepltt.narc,/wazaeffect/effectclact/wepltt.narc!/member_00027,0,/wazaeffect/effectclact/wepltt.narc,352,27,,2848,2938,2484,2574,90,cd1b7576343591d6b84e45d843f3b81c62868e6f82dfdbeb61b2ba2a90bd9521,524c434efffe00015a00000010000200,,NCLR palette,Confirmed,True,False,,,,,,,,,,False,False
/wazaeffect/effectclact/wepltt.narc,/wazaeffect/effectclact/wepltt.narc!/member_00028,0,/wazaeffect/effectclact/wepltt.narc,352,28,,2940,3030,2576,2666,90,4b759550d14d1808f90b8b1fc6f8a8fc7366afa2ca23aefc123911db00439aa2,524c434efffe00015a00000010000200,,NCLR palette,Confirmed,True,False,,,,,,,,,,False,False
/wazaeffect/effectclact/wepltt.narc,/wazaeffect/effectclact/wepltt.narc!/member_00029,0,/wazaeffect/effectclact/wepltt.narc,352,29,,3032,3122,2668,2758,90,a2cbca19c24ebdfef3cdc0da9a9bdbd67287ca4002c243b2502428a7d8f07a9d,524c434efffe00015a00000010000200,,NCLR palette,Confirmed,True,False,,,,,,,,,,False,False
/wazaeffect/effectclact/wepltt.narc,/wazaeffect/effectclact/wepltt.narc!/member_00030,0,/wazaeffect/effectclact/wepltt.narc,352,30,,3124,3214,2760,2850,90,d98b1557897ca262f48982d5f821728881e3727c7c48b83594038d5c9dea0731,524c434efffe00015a00000010000200,,NCLR palette,Confirmed,True,False,,,,,,,,,,False,False
/wazaeffect/effectclact/wepltt.narc,/wazaeffect/effectclact/wepltt.narc!/member_00031,0,/wazaeffect/effectclact/wepltt.narc,352,31,,3216,3306,2852,2942,90,69a7e19f392fb6745564090c38e8eb8802c7400a176f321bf2c41fe1e317a342,524c434efffe00015a00000010000200,,NCLR palette,Confirmed,True,False,,,,,,,,,,False,False
/wazaeffect/effectclact/wepltt.narc,/wazaeffect/effectclact/wepltt.narc!/member_00032,0,/wazaeffect/effectclact/wepltt.narc,352,32,,3308,3398,2944,3034,90,757c211f045ef295e0f98a444fd4a6ff771ede76a97dd153eec9984f5c0a1376,524c434efffe00015a00000010000200,,NCLR palette,Confirmed,True,False,,,,,,,,,,False,False
/wazaeffect/effectclact/wepltt.narc,/wazaeffect/effectclact/wepltt.narc!/member_00033,0,/wazaeffect/effectclact/wepltt.narc,352,33,,3400,3490,3036,3126,90,3b0e973f7e85ea699d86fbd5e9f92b5c273547cfacbd71209353f0f6a83f9bb1,524c434efffe00015a00000010000200,,NCLR palette,Confirmed,True,False,,,,,,,,,,False,False
/wazaeffect/effectclact/wepltt.narc,/wazaeffect/effectclact/wepltt.narc!/member_00034,0,/wazaeffect/effectclact/wepltt.narc,352,34,,3492,3650,3128,3286,158,1ea5e86efd903e130dc43d25dd854a26926f493e7e9205840c5fd20e2210af2d,524c434efffe00019e00000010000200,,NCLR palette,Confirmed,True,False,,,,,,,,,,False,False
/wazaeffect/effectclact/wepltt.narc,/wazaeffect/effectclact/wepltt.narc!/member_00035,0,/wazaeffect/effectclact/wepltt.narc,352,35,,3652,3742,3288,3378,90,56d2249384f45cf514ff5d51cec1d2f3da060bca7475e0ccd5c35a916c23fcff,524c434efffe00015a00000010000200,,NCLR palette,Confirmed,True,False,,,,,,,,,,False,False
/wazaeffect/effectclact/wepltt.narc,/wazaeffect/effectclact/wepltt.narc!/member_00036,0,/wazaeffect/effectclact/wepltt.narc,352,36,,3744,3834,3380,3470,90,d2c41fbd7fb8a76d0f4810c170b1f67e1252d1877558edb3f00e1ee4381d0eb8,524c434efffe00015a00000010000200,,NCLR palette,Confirmed,True,False,,,,,,,,,,False,False
/wazaeffect/effectclact/wepltt.narc,/wazaeffect/effectclact/wepltt.narc!/member_00037,0,/wazaeffect/effectclact/wepltt.narc,352,37,,3836,4388,3472,4024,552,d0e3eeea1f6239d8babad432d4e540a9f343ba5740e061d6fb5d8478a260b782,524c434efffe00012802000010000100,,NCLR palette,Confirmed,True,False,,,,,,,,,,False,False
/wazaeffect/effectclact/wepltt.narc,/wazaeffect/effectclact/wepltt.narc!/member_00038,0,/wazaeffect/effectclact/wepltt.narc,352,38,,4388,4478,4024,4114,90,bc5f44daf1103998aae72a6d1fc615ed05af19383f1e1b3b7552182dce73bcc6,524c434efffe00015a00000010000200,,NCLR palette,Confirmed,True,False,,,,,,,,,,False,False
/wazaeffect/effectdata/ball_particle.narc,/wazaeffect/effectdata/ball_particle.narc!/member_00000,0,/wazaeffect/effectdata/ball_particle.narc,353,0,,988,3320,0,2332,2332,92802061828ad6d86307938574923df8fed9b99f492629ad1084f4c681ff9c84,2041505331325f310300030000000000,,Nintendo Huffman,Probable,,True,Nintendo Huffman,Probable,False,5460033,,,,,,False,False
/wazaeffect/effectdata/ball_particle.narc,/wazaeffect/effectdata/ball_particle.narc!/member_00001,0,/wazaeffect/effectdata/ball_particle.narc,353,1,,3320,10316,2332,9328,6996,9dd366b65933612bc6f4c23a01c94f7d5bd6d583b42cda1390320774926b195f,2041505331325f310500050000000000,,Nintendo Huffman,Probable,,True,Nintendo Huffman,Probable,False,5460033,,,,,,False,False
/wazaeffect/effectdata/ball_particle.narc,/wazaeffect/effectdata/ball_particle.narc!/member_00002,0,/wazaeffect/effectdata/ball_particle.narc,353,2,,10316,16900,9328,15912,6584,d208d27098a7e124184de200ce515081d15e3aeee2b9f835742ee9dfecc9cce7,2041505331325f310400040000000000,,Nintendo Huffman,Probable,,True,Nintendo Huffman,Probable,False,5460033,,,,,,False,False
/wazaeffect/effectdata/ball_particle.narc,/wazaeffect/effectdata/ball_particle.narc!/member_00003,0,/wazaeffect/effectdata/ball_particle.narc,353,3,,16900,19232,15912,18244,2332,3f9245497c2c7f0b232d2cdaf322b440fc80cbe3bad1d158dff352e918a9aa65,2041505331325f310300030000000000,,Nintendo Huffman,Probable,,True,Nintendo Huffman,Probable,False,5460033,,,,,,False,False
/wazaeffect/effectdata/ball_particle.narc,/wazaeffect/effectdata/ball_particle.narc!/member_00004,0,/wazaeffect/effectdata/ball_particle.narc,353,4,,19232,21564,18244,20576,2332,ee6051377e25d85828e766356d07f9aebf1426efb5d4a6858ca612b9df9913c4,2041505331325f310300030000000000,,Nintendo Huffman,Probable,,True,Nintendo Huffman,Probable,False,5460033,,,,,,False,False
/wazaeffect/effectdata/ball_particle.narc,/wazaeffect/effectdata/ball_particle.narc!/member_00005,0,/wazaeffect/effectdata/ball_particle.narc,353,5,,21564,23876,20576,22888,2312,067bcd7e154a71e82057ad3c827db97644a13a5e32df757d3e0e5e41862ddfda,2041505331325f310300030000000000,,Nintendo Huffman,Probable,,True,Nintendo Huffman,Probable,False,5460033,,,,,,False,False
/wazaeffect/effectdata/ball_particle.narc,/wazaeffect/effectdata/ball_particle.narc!/member_00006,0,/wazaeffect/effectdata/ball_particle.narc,353,6,,23876,27388,22888,26400,3512,35856f64eb673f62ca7c88f87083d0a5fdf126d4f28a9dd5cb2b18791b5acd4a,2041505331325f310400040000000000,,Nintendo Huffman,Probable,,True,Nintendo Huffman,Probable,False,5460033,,,,,,False,False
/wazaeffect/effectdata/ball_particle.narc,/wazaeffect/effectdata/ball_particle.narc!/member_00007,0,/wazaeffect/effectdata/ball_particle.narc,353,7,,27388,31852,26400,30864,4464,1a4f5596a16771d5f415ad6c70390c201bf7dd47da06781e317cd19ad2427513,2041505331325f310300050000000000,,Nintendo Huffman,Probable,,True,Nintendo Huffman,Probable,False,5460033,,,,,,False,False
/wazaeffect/effectdata/ball_particle.narc,/wazaeffect/effectdata/ball_particle.narc!/member_00008,0,/wazaeffect/effectdata/ball_particle.narc,353,8,,31852,36428,30864,35440,4576,67352b48917e405d55f30872ee97e456aaf8978ef7b1e63b8663195bfa808c5a,2041505331325f310400050000000000,,Nintendo Huffman,Probable,,True,Nintendo Huffman,Probable,False,5460033,,,,,,False,False
/wazaeffect/effectdata/ball_particle.narc,/wazaeffect/effectdata/ball_particle.narc!/member_00009,0,/wazaeffect/effectdata/ball_particle.narc,353,9,,36428,42892,35440,41904,6464,4e70ff2526bb107ba223df9e9f7f8bf5cf4bf71ba05e3c6677e4493a7f542f5f,2041505331325f310300040000000000,,Nintendo Huffman,Probable,,True,Nintendo Huffman,Probable,False,5460033,,,,,,False,False
/wazaeffect/effectdata/ball_particle.narc,/wazaeffect/effectdata/ball_particle.narc!/member_00010,0,/wazaeffect/effectdata/ball_particle.narc,353,10,,42892,46792,41904,45804,3900,b29ea753b0bb9df395a880dcaf6891ba18970f0fafa1ed21af476efb02b52e26,2041505331325f310500050000000000,,Nintendo Huffman,Probable,,True,Nintendo Huffman,Probable,False,5460033,,,,,,False,False
/wazaeffect/effectdata/ball_particle.narc,/wazaeffect/effectdata/ball_particle.narc!/member_00011,0,/wazaeffect/effectdata/ball_particle.narc,353,11,,46792,53396,45804,52408,6604,d3eddeb5c7fd236955e5c6f98db03114b13e3842b8186037fba99e5c213286a0,2041505331325f310400040000000000,,Nintendo Huffman,Probable,,True,Nintendo Huffman,Probable,False,5460033,,,,,,False,False
/wazaeffect/effectdata/ball_particle.narc,/wazaeffect/effectdata/ball_particle.narc!/member_00012,0,/wazaeffect/effectdata/ball_particle.narc,353,12,,53396,56788,52408,55800,3392,51b9fde42c1da6500d580016b90c6305d852fad082b767b5fbad0c8c400f759b,2041505331325f310300040000000000,,Nintendo Huffman,Probable,,True,Nintendo Huffman,Probable,False,5460033,,,,,,False,False
/wazaeffect/effectdata/ball_particle.narc,/wazaeffect/effectdata/ball_particle.narc!/member_00013,0,/wazaeffect/effectdata/ball_particle.narc,353,13,,56788,62192,55800,61204,5404,a8d26d9fe3785675f43eb27a71a6497dfbe60af7eee5051f5ac0e701a76c91dc,2041505331325f310300030000000000,,Nintendo Huffman,Probable,,True,Nintendo Huffman,Probable,False,5460033,,,,,,False,False
/wazaeffect/effectdata/ball_particle.narc,/wazaeffect/effectdata/ball_particle.narc!/member_00014,0,/wazaeffect/effectdata/ball_particle.narc,353,14,,62192,69428,61204,68440,7236,22f49548f574ca0e0f2b1b4751950e329f277f6980364f6b8eb1e3c83f63fe91,2041505331325f310300040000000000,,Nintendo Huffman,Probable,,True,Nintendo Huffman,Probable,False,5460033,,,,,,False,False
/wazaeffect/effectdata/ball_particle.narc,/wazaeffect/effectdata/ball_particle.narc!/member_00015,0,/wazaeffect/effectdata/ball_particle.narc,353,15,,69428,76012,68440,75024,6584,b9bc33d9a8e50f3226415131b0bf299f844a0f0e639da224b684b8f082e6fd02,2041505331325f310400040000000000,,Nintendo Huffman,Probable,,True,Nintendo Huffman,Probable,False,5460033,,,,,,False,False
/wazaeffect/effectdata/ball_particle.narc,/wazaeffect/effectdata/ball_particle.narc!/member_00016,0,/wazaeffect/effectdata/ball_particle.narc,353,16,,76012,79544,75024,78556,3532,0967cc405945832a2434d58f714bc973d48be7b6e4536e175d2c26c686dc4ee1,2041505331325f310400040000000000,,Nintendo Huffman,Probable,,True,Nintendo Huffman,Probable,False,5460033,,,,,,False,False
/wazaeffect/effectdata/ball_particle.narc,/wazaeffect/effectdata/ball_particle.narc!/member_00017,0,/wazaeffect/effectdata/ball_particle.narc,353,17,,79544,81876,78556,80888,2332,ee6051377e25d85828e766356d07f9aebf1426efb5d4a6858ca612b9df9913c4,2041505331325f310300030000000000,,Nintendo Huffman,Probable,,True,Nintendo Huffman,Probable,False,5460033,,,,,,False,False
/wazaeffect/effectdata/ball_particle.narc,/wazaeffect/effectdata/ball_particle.narc!/member_00018,0,/wazaeffect/effectdata/ball_particle.narc,353,18,,81876,87388,80888,86400,5512,04d7b7787d9dfbadb52ae3cdd8eb5b35d5e444cfa831f02bb64a06f0b240b67b,2041505331325f310500060000000000,,Nintendo Huffman,Probable,,True,Nintendo Huffman,Probable,False,5460033,,,,,,False,False
/wazaeffect/effectdata/ball_particle.narc,/wazaeffect/effectdata/ball_particle.narc!/member_00019,0,/wazaeffect/effectdata/ball_particle.narc,353,19,,87388,92608,86400,91620,5220,dcc80b9ea8cc81c3e50f778388ee45b4fab2b7dbfbe8bc0ab1d3f5d1d431e1c1,2041505331325f310500050000000000,,Nintendo Huffman,Probable,,True,Nintendo Huffman,Probable,False,5460033,,,,,,False,False
/wazaeffect/effectdata/ball_particle.narc,/wazaeffect/effectdata/ball_particle.narc!/member_00020,0,/wazaeffect/effectdata/ball_particle.narc,353,20,,92608,97536,91620,96548,4928,4b46c2e63c25906034ec54cc5b0b6bc1defe4b911f09c74f96d02d0471882a9f,2041505331325f310500040000000000,,Nintendo Huffman,Probable,,True,Nintendo Huffman,Probable,False,5460033,,,,,,False,False
/wazaeffect/effectdata/ball_particle.narc,/wazaeffect/effectdata/ball_particle.narc!/member_00021,0,/wazaeffect/effectdata/ball_particle.narc,353,21,,97536,103048,96548,102060,5512,b6343026cf349288948701049dd259cc4e1c7ad48820efc866ff11d17b35b730,2041505331325f310500060000000000,,Nintendo Huffman,Probable,,True,Nintendo Huffman,Probable,False,5460033,,,,,,False,False
/wazaeffect/effectdata/ball_particle.narc,/wazaeffect/effectdata/ball_particle.narc!/member_00022,0,/wazaeffect/effectdata/ball_particle.narc,353,22,,103048,108560,102060,107572,5512,e0c2895caa56a479252d778f874843b9fa9882f0278e7440916ec6a15ef9319b,2041505331325f310500060000000000,,Nintendo Huffman,Probable,,True,Nintendo Huffman,Probable,False,5460033,,,,,,False,False
/wazaeffect/effectdata/ball_particle.narc,/wazaeffect/effectdata/ball_particle.narc!/member_00023,0,/wazaeffect/effectdata/ball_particle.narc,353,23,,108560,114072,107572,113084,5512,d8111cb240008a6a348303b581c615c95c3e152410dad40e0096abad02c58be1,2041505331325f310500060000000000,,Nintendo Huffman,Probable,,True,Nintendo Huffman,Probable,False,5460033,,,,,,False,False
/wazaeffect/effectdata/ball_particle.narc,/wazaeffect/effectdata/ball_particle.narc!/member_00024,0,/wazaeffect/effectdata/ball_particle.narc,353,24,,114072,120784,113084,119796,6712,7e69865b2cf9c56a0a4756781a381a8bc3577d0d201e3fbbd98b2e5949eaa4b9,2041505331325f310600070000000000,,Nintendo Huffman,Probable,,True,Nintendo Huffman,Probable,False,5460033,,,,,,False,False
/wazaeffect/effectdata/ball_particle.narc,/wazaeffect/effectdata/ball_particle.narc!/member_00025,0,/wazaeffect/effectdata/ball_particle.narc,353,25,,120784,127076,119796,126088,6292,8a4f9d3cb4455f43d6461aeee677ccb6df4bb8ae97018f6ac4bcedd5e7965b11,2041505331325f310500060000000000,,Nintendo Huffman,Probable,,True,Nintendo Huffman,Probable,False,5460033,,,,,,False,False
/wazaeffect/effectdata/ball_particle.narc,/wazaeffect/effectdata/ball_particle.narc!/member_00026,0,/wazaeffect/effectdata/ball_particle.narc,353,26,,127076,136116,126088,135128,9040,e4b7e4735a024c6b3ff1ceabfe8581e0ba897d88362446dcb9861611b1a32061,2041505331325f310500050000000000,,Nintendo Huffman,Probable,,True,Nintendo Huffman,Probable,False,5460033,,,,,,False,False
/wazaeffect/effectdata/ball_particle.narc,/wazaeffect/effectdata/ball_particle.narc!/member_00027,0,/wazaeffect/effectdata/ball_particle.narc,353,27,,136116,145468,135128,144480,9352,3f438ac2c056b61fa7df93e60969b0ef34400c24337e13f6099a5ee835d8ba23,2041505331325f310500060000000000,,Nintendo Huffman,Probable,,True,Nintendo Huffman,Probable,False,5460033,,,,,,False,False
/wazaeffect/effectdata/ball_particle.narc,/wazaeffect/effectdata/ball_particle.narc!/member_00028,0,/wazaeffect/effectdata/ball_particle.narc,353,28,,145468,151788,144480,150800,6320,76f7ef114a39ec2f499391254f639c7b0f04606d5d5d8959089db8953cb5ebb2,2041505331325f310700070000000000,,Nintendo Huffman,Probable,,True,Nintendo Huffman,Probable,False,5460033,,,,,,False,False
/wazaeffect/effectdata/ball_particle.narc,/wazaeffect/effectdata/ball_particle.narc!/member_00029,0,/wazaeffect/effectdata/ball_particle.narc,353,29,,151788,160512,150800,159524,8724,2c538524a53c3d9a133d34c39fb1e3e6c90c5f23941088967a73ca0218716b09,2041505331325f310600060000000000,,Nintendo Huffman,Probable,,True,Nintendo Huffman,Probable,False,5460033,,,,,,False,False
/wazaeffect/effectdata/ball_particle.narc,/wazaeffect/effectdata/ball_particle.narc!/member_00030,0,/wazaeffect/effectdata/ball_particle.narc,353,30,,160512,169864,159524,168876,9352,63484cbc0c7afeebbf669520765f31f28186c015ddbd5ab58ee7ecebcb959520,2041505331325f310500060000000000,,Nintendo Huffman,Probable,,True,Nintendo Huffman,Probable,False,5460033,,,,,,False,False
/wazaeffect/effectdata/ball_particle.narc,/wazaeffect/effectdata/ball_particle.narc!/member_00031,0,/wazaeffect/effectdata/ball_particle.narc,353,31,,169864,178448,168876,177460,8584,727daaae7e89847dfbe061b4d72e19a68a5df20090c426b04686f8193a070f25,2041505331325f310500060000000000,,Nintendo Huffman,Probable,,True,Nintendo Huffman,Probable,False,5460033,,,,,,False,False
/wazaeffect/effectdata/ball_particle.narc,/wazaeffect/effectdata/ball_particle.narc!/member_00032,0,/wazaeffect/effectdata/ball_particle.narc,353,32,,178448,187508,177460,186520,9060,eb2350f534e6312f54cd32ea2b46c35a9ef3c5cb0cf94778cac63ffdbe25e08f,2041505331325f310500050000000000,,Nintendo Huffman,Probable,,True,Nintendo Huffman,Probable,False,5460033,,,,,,False,False
/wazaeffect/effectdata/ball_particle.narc,/wazaeffect/effectdata/ball_particle.narc!/member_00033,0,/wazaeffect/effectdata/ball_particle.narc,353,33,,187508,197292,186520,196304,9784,85c84e931a8995ae92a0b99a7ba7d22f88d5f6c73a6c0264e49690e763ce58bb,2041505331325f310600070000000000,,Nintendo Huffman,Probable,,True,Nintendo Huffman,Probable,False,5460033,,,,,,False,False
/wazaeffect/effectdata/ball_particle.narc,/wazaeffect/effectdata/ball_particle.narc!/member_00034,0,/wazaeffect/effectdata/ball_particle.narc,353,34,,197292,206784,196304,205796,9492,b6a455a7ec495206356cbcfbf504a9f719946a7334ba6ecac69c42ca3dc25f07,2041505331325f310600060000000000,,Nintendo Huffman,Probable,,True,Nintendo Huffman,Probable,False,5460033,,,,,,False,False
/wazaeffect/effectdata/ball_particle.narc,/wazaeffect/effectdata/ball_particle.narc!/member_00035,0,/wazaeffect/effectdata/ball_particle.narc,353,35,,206784,212296,205796,211308,5512,e0c2895caa56a479252d778f874843b9fa9882f0278e7440916ec6a15ef9319b,2041505331325f310500060000000000,,Nintendo Huffman,Probable,,True,Nintendo Huffman,Probable,False,5460033,,,,,,False,False
/wazaeffect/effectdata/ball_particle.narc,/wazaeffect/effectdata/ball_particle.narc!/member_00036,0,/wazaeffect/effectdata/ball_particle.narc,353,36,,212296,215000,211308,214012,2704,618d803bdf13734e95eca9be07fb2e49b895491f69690a7dfd4f2b776f2cd612,2041505331325f310200030000000000,,Nintendo Huffman,Probable,,True,Nintendo Huffman,Probable,False,5460033,,,,,,False,False
/wazaeffect/effectdata/ball_particle.narc,/wazaeffect/effectdata/ball_particle.narc!/member_00037,0,/wazaeffect/effectdata/ball_particle.narc,353,37,,215000,216220,214012,215232,1220,5db2f304bd6e6345f09df0582cde263fd7358a667dbb9179c370ec215ab81f9d,2041505331325f310100010000000000,,Nintendo Huffman,Probable,,True,Nintendo Huffman,Probable,False,5460033,,,,,,False,False
/wazaeffect/effectdata/ball_particle.narc,/wazaeffect/effectdata/ball_particle.narc!/member_00038,0,/wazaeffect/effectdata/ball_particle.narc,353,38,,216220,217440,215232,216452,1220,3f29d16cf2b1a9241c18ff5c8b415dc6f84c812ab9adc03b035020e013cb69bb,2041505331325f310100010000000000,,Nintendo Huffman,Probable,,True,Nintendo Huffman,Probable,False,5460033,,,,,,False,False
/wazaeffect/effectdata/ball_particle.narc,/wazaeffect/effectdata/ball_particle.narc!/member_00039,0,/wazaeffect/effectdata/ball_particle.narc,353,39,,217440,218660,216452,217672,1220,6525df6a379e9e4dc5dd5a74336b75c743edddbfcb7dbb7c40cddeec79a7da21,2041505331325f310100010000000000,,Nintendo Huffman,Probable,,True,Nintendo Huffman,Probable,False,5460033,,,,,,False,False
/wazaeffect/effectdata/ball_particle.narc,/wazaeffect/effectdata/ball_particle.narc!/member_00040,0,/wazaeffect/effectdata/ball_particle.narc,353,40,,218660,219880,217672,218892,1220,d59f1dddd8ea3d6e32551eec87c562ba5147ef8c3cc89b863a30f6ce06bdeded,2041505331325f310100010000000000,,Nintendo Huffman,Probable,,True,Nintendo Huffman,Probable,False,5460033,,,,,,False,False
/wazaeffect/effectdata/ball_particle.narc,/wazaeffect/effectdata/ball_particle.narc!/member_00041,0,/wazaeffect/effectdata/ball_particle.narc,353,41,,219880,221096,218892,220108,1216,a8b90236d218eb169bb54b813eb1df7ab343f1abdf306523a08cd39b5212daf7,2041505331325f310100010000000000,,Nintendo Huffman,Probable,,True,Nintendo Huffman,Probable,False,5460033,,,,,,False,False
/wazaeffect/effectdata/ball_particle.narc,/wazaeffect/effectdata/ball_particle.narc!/member_00042,0,/wazaeffect/effectdata/ball_particle.narc,353,42,,221096,222312,220108,221324,1216,6cb9a3b1d05ff3a647e76af4ba431eb7d830e24bf849e5bff82c09ff9a95c135,2041505331325f310100010000000000,,Nintendo Huffman,Probable,,True,Nintendo Huffman,Probable,False,5460033,,,,,,False,False
/wazaeffect/effectdata/ball_particle.narc,/wazaeffect/effectdata/ball_particle.narc!/member_00043,0,/wazaeffect/effectdata/ball_particle.narc,353,43,,222312,223528,221324,222540,1216,f80e3a8d5aa295b0a3c7e676391c8df5c4a3448ef666fd3865ff3323235f4f32,2041505331325f310100010000000000,,Nintendo Huffman,Probable,,True,Nintendo Huffman,Probable,False,5460033,,,,,,False,False
/wazaeffect/effectdata/ball_particle.narc,/wazaeffect/effectdata/ball_particle.narc!/member_00044,0,/wazaeffect/effectdata/ball_particle.narc,353,44,,223528,224744,222540,223756,1216,d17d215fd6390c038a431419c51006ca78047c0b6efd1904f6d0ab3e40d439f7,2041505331325f310100010000000000,,Nintendo Huffman,Probable,,True,Nintendo Huffman,Probable,False,5460033,,,,,,False,False
/wazaeffect/effectdata/ball_particle.narc,/wazaeffect/effectdata/ball_particle.narc!/member_00045,0,/wazaeffect/effectdata/ball_particle.narc,353,45,,224744,225960,223756,224972,1216,0462aae91cc65546c9101d673282db7279533181ad24a0b8bfcbc823dc9065fc,2041505331325f310100010000000000,,Nintendo Huffman,Probable,,True,Nintendo Huffman,Probable,False,5460033,,,,,,False,False
/wazaeffect/effectdata/ball_particle.narc,/wazaeffect/effectdata/ball_particle.narc!/member_00046,0,/wazaeffect/effectdata/ball_particle.narc,353,46,,225960,227176,224972,226188,1216,56dbba520c1094a7745acba2a5f6d9282563c06b02d6fe608595c1ef6b5271cf,2041505331325f310100010000000000,,Nintendo Huffman,Probable,,True,Nintendo Huffman,Probable,False,5460033,,,,,,False,False
/wazaeffect/effectdata/ball_particle.narc,/wazaeffect/effectdata/ball_particle.narc!/member_00047,0,/wazaeffect/effectdata/ball_particle.narc,353,47,,227176,228400,226188,227412,1224,322149a00a2c9fc49ad6093bada017f3af1cdcc119142a176f5fb0546568b962,2041505331325f310100010000000000,,Nintendo Huffman,Probable,,True,Nintendo Huffman,Probable,False,5460033,,,,,,False,False
/wazaeffect/effectdata/ball_particle.narc,/wazaeffect/effectdata/ball_particle.narc!/member_00048,0,/wazaeffect/effectdata/ball_particle.narc,353,48,,228400,229624,227412,228636,1224,3cbe1503d57bd60322e1c7f50dd7158e32e2de2dd867a92bb0370cc9a7e9cd45,2041505331325f310100010000000000,,Nintendo Huffman,Probable,,True,Nintendo Huffman,Probable,False,5460033,,,,,,False,False
/wazaeffect/effectdata/ball_particle.narc,/wazaeffect/effectdata/ball_particle.narc!/member_00049,0,/wazaeffect/effectdata/ball_particle.narc,353,49,,229624,230072,228636,229084,448,5a6bb7c626ccfb900c487a85e9cb25dc426cdc6bc4d7db226861ec135faf30e1,2041505331325f310100010000000000,,Nintendo Huffman,Probable,,True,Nintendo Huffman,Probable,False,5460033,,,,,,False,False
/wazaeffect/effectdata/ball_particle.narc,/wazaeffect/effectdata/ball_particle.narc!/member_00050,0,/wazaeffect/effectdata/ball_particle.narc,353,50,,230072,230508,229084,229520,436,5856dffd86694cd100d8aafc402201adab2f2fd4fad831d074c0085a3d1c1df4,2041505331325f310100010000000000,,Nintendo Huffman,Probable,,True,Nintendo Huffman,Probable,False,5460033,,,,,,False,False
/wazaeffect/effectdata/ball_particle.narc,/wazaeffect/effectdata/ball_particle.narc!/member_00051,0,/wazaeffect/effectdata/ball_particle.narc,353,51,,230508,230944,229520,229956,436,005bbc8c936601252e595bfadc06fd9280676b61a495137a9d43e7f37b14ee24,2041505331325f310100010000000000,,Nintendo Huffman,Probable,,True,Nintendo Huffman,Probable,False,5460033,,,,,,False,False
/wazaeffect/effectdata/ball_particle.narc,/wazaeffect/effectdata/ball_particle.narc!/member_00052,0,/wazaeffect/effectdata/ball_particle.narc,353,52,,230944,231392,229956,230404,448,5f75c465aee34dca9db39c6336334a181c4946b592c62c2c214af8ef5c73b545,2041505331325f310100010000000000,,Nintendo Huffman,Probable,,True,Nintendo Huffman,Probable,False,5460033,,,,,,False,False
/wazaeffect/effectdata/ball_particle.narc,/wazaeffect/effectdata/ball_particle.narc!/member_00053,0,/wazaeffect/effectdata/ball_particle.narc,353,53,,231392,232608,230404,231620,1216,8c338e0fc327ab426716ca1c4329772301015d42f124133063d61980ddfb56ee,2041505331325f310100010000000000,,Nintendo Huffman,Probable,,True,Nintendo Huffman,Probable,False,5460033,,,,,,False,False
/wazaeffect/effectdata/ball_particle.narc,/wazaeffect/effectdata/ball_particle.narc!/member_00054,0,/wazaeffect/effectdata/ball_particle.narc,353,54,,232608,233824,231620,232836,1216,31555b1a4ef416efd5aaa4f210f05c20b3b373747b03aaf2a113b79a702cb676,2041505331325f310100010000000000,,Nintendo Huffman,Probable,,True,Nintendo Huffman,Probable,False,5460033,,,,,,False,False
/wazaeffect/effectdata/ball_particle.narc,/wazaeffect/effectdata/ball_particle.narc!/member_00055,0,/wazaeffect/effectdata/ball_particle.narc,353,55,,233824,235040,232836,234052,1216,853c34ebab76e3453955fecd0635866bdfec3d6de3f613f384c7b668c4700f8a,2041505331325f310100010000000000,,Nintendo Huffman,Probable,,True,Nintendo Huffman,Probable,False,5460033,,,,,,False,False
/wazaeffect/effectdata/ball_particle.narc,/wazaeffect/effectdata/ball_particle.narc!/member_00056,0,/wazaeffect/effectdata/ball_particle.narc,353,56,,235040,236256,234052,235268,1216,d7a9b8dafb21cac566e929be729249a3825243549ae7313f5b85a293d1bc3638,2041505331325f310100010000000000,,Nintendo Huffman,Probable,,True,Nintendo Huffman,Probable,False,5460033,,,,,,False,False
/wazaeffect/effectdata/ball_particle.narc,/wazaeffect/effectdata/ball_particle.narc!/member_00057,0,/wazaeffect/effectdata/ball_particle.narc,353,57,,236256,240544,235268,239556,4288,d11a5bdb5ab491fc16315ef5eea5b712b144745ecbef26173e8e9de9b5c0152a,2041505331325f310100010000000000,,Nintendo Huffman,Probable,,True,Nintendo Huffman,Probable,False,5460033,,,,,,False,False
/wazaeffect/effectdata/ball_particle.narc,/wazaeffect/effectdata/ball_particle.narc!/member_00058,0,/wazaeffect/effectdata/ball_particle.narc,353,58,,240544,244832,239556,243844,4288,d14a65f379e6fb1b214d5d25ee361b91e47fe6b0856c7f19b9dfbf7b72ada922,2041505331325f310100010000000000,,Nintendo Huffman,Probable,,True,Nintendo Huffman,Probable,False,5460033,,,,,,False,False
/wazaeffect/effectdata/ball_particle.narc,/wazaeffect/effectdata/ball_particle.narc!/member_00059,0,/wazaeffect/effectdata/ball_particle.narc,353,59,,244832,249120,243844,248132,4288,da14578cc2b26ead4ac1b1ede99734b36fe0bf838930dcaa20365f6be0271430,2041505331325f310100010000000000,,Nintendo Huffman,Probable,,True,Nintendo Huffman,Probable,False,5460033,,,,,,False,False
/wazaeffect/effectdata/ball_particle.narc,/wazaeffect/effectdata/ball_particle.narc!/member_00060,0,/wazaeffect/effectdata/ball_particle.narc,353,60,,249120,253408,248132,252420,4288,e4559a7b85aff337587cd2a1a5c6e089bf4164e13186a61117f9bec3160a18d0,2041505331325f310100010000000000,,Nintendo Huffman,Probable,,True,Nintendo Huffman,Probable,False,5460033,,,,,,False,False
/wazaeffect/effectdata/ball_particle.narc,/wazaeffect/effectdata/ball_particle.narc!/member_00061,0,/wazaeffect/effectdata/ball_particle.narc,353,61,,253408,254620,252420,253632,1212,bd5dfaf6b330fa585d9014014300a15a404b5537314a74e50b484ea2413519c1,2041505331325f310100010000000000,,Nintendo Huffman,Probable,,True,Nintendo Huffman,Probable,False,5460033,,,,,,False,False
/wazaeffect/effectdata/ball_particle.narc,/wazaeffect/effectdata/ball_particle.narc!/member_00062,0,/wazaeffect/effectdata/ball_particle.narc,353,62,,254620,255832,253632,254844,1212,780f78d357af14227e66dd3415c3a2d9d8c0ccd5edbd438934647bce4ebaa235,2041505331325f310100010000000000,,Nintendo Huffman,Probable,,True,Nintendo Huffman,Probable,False,5460033,,,,,,False,False
/wazaeffect/effectdata/ball_particle.narc,/wazaeffect/effectdata/ball_particle.narc!/member_00063,0,/wazaeffect/effectdata/ball_particle.narc,353,63,,255832,257044,254844,256056,1212,4f527495825c38085bad0d27bc1f7e87ae533ad431dc3638f9c2c7890b0f6cfa,2041505331325f310100010000000000,,Nintendo Huffman,Probable,,True,Nintendo Huffman,Probable,False,5460033,,,,,,False,False
/wazaeffect/effectdata/ball_particle.narc,/wazaeffect/effectdata/ball_particle.narc!/member_00064,0,/wazaeffect/effectdata/ball_particle.narc,353,64,,257044,258256,256056,257268,1212,710152c43f5ef586736ab773d76b533502919b990677a72755d08c29970ba3af,2041505331325f310100010000000000,,Nintendo Huffman,Probable,,True,Nintendo Huffman,Probable,False,5460033,,,,,,False,False
/wazaeffect/effectdata/ball_particle.narc,/wazaeffect/effectdata/ball_particle.narc!/member_00065,0,/wazaeffect/effectdata/ball_particle.narc,353,65,,258256,258700,257268,257712,444,2edd79617cbadef9b0ec4086ec4aafe4260e39b9bff54880fb5ea7d8ffd97586,2041505331325f310100010000000000,,Nintendo Huffman,Probable,,True,Nintendo Huffman,Probable,False,5460033,,,,,,False,False
/wazaeffect/effectdata/ball_particle.narc,/wazaeffect/effectdata/ball_particle.narc!/member_00066,0,/wazaeffect/effectdata/ball_particle.narc,353,66,,258700,259144,257712,258156,444,5c924f02a2d2e7db9d0284116febc51c36d90424c00d35e7ea27fe36a2658715,2041505331325f310100010000000000,,Nintendo Huffman,Probable,,True,Nintendo Huffman,Probable,False,5460033,,,,,,False,False
/wazaeffect/effectdata/ball_particle.narc,/wazaeffect/effectdata/ball_particle.narc!/member_00067,0,/wazaeffect/effectdata/ball_particle.narc,353,67,,259144,259588,258156,258600,444,048cd7d3de9c59ce0d2e88bb4f939f2fd485a4df75152e1dade8fb70356f103c,2041505331325f310100010000000000,,Nintendo Huffman,Probable,,True,Nintendo Huffman,Probable,False,5460033,,,,,,False,False
/wazaeffect/effectdata/ball_particle.narc,/wazaeffect/effectdata/ball_particle.narc!/member_00068,0,/wazaeffect/effectdata/ball_particle.narc,353,68,,259588,260032,258600,259044,444,872fd1b30225697d5ff1913f002f01afffbefa1e93173f5d7a29b21987cb83d1,2041505331325f310100010000000000,,Nintendo Huffman,Probable,,True,Nintendo Huffman,Probable,False,5460033,,,,,,False,False
/wazaeffect/effectdata/ball_particle.narc,/wazaeffect/effectdata/ball_particle.narc!/member_00069,0,/wazaeffect/effectdata/ball_particle.narc,353,69,,260032,260488,259044,259500,456,49ec421ce35b3c1a81d38dd3b742c58f5a2a345994507aeaa00cd9d37f37f8ee,2041505331325f310100010000000000,,Nintendo Huffman,Probable,,True,Nintendo Huffman,Probable,False,5460033,,,,,,False,False
/wazaeffect/effectdata/ball_particle.narc,/wazaeffect/effectdata/ball_particle.narc!/member_00070,0,/wazaeffect/effectdata/ball_particle.narc,353,70,,260488,260944,259500,259956,456,7dac3e7e81b63d6a419e9be2f1bb7d15dbe63a475e1eaa1515bc25b4c78d68c7,2041505331325f310100010000000000,,Nintendo Huffman,Probable,,True,Nintendo Huffman,Probable,False,5460033,,,,,,False,False
/wazaeffect/effectdata/ball_particle.narc,/wazaeffect/effectdata/ball_particle.narc!/member_00071,0,/wazaeffect/effectdata/ball_particle.narc,353,71,,260944,261400,259956,260412,456,5c111f03cc6f4129b014a04e6ebf5fa52e603e5924e984e1f71d30ec1cc6e14c,2041505331325f310100010000000000,,Nintendo Huffman,Probable,,True,Nintendo Huffman,Probable,False,5460033,,,,,,False,False
/wazaeffect/effectdata/ball_particle.narc,/wazaeffect/effectdata/ball_particle.narc!/member_00072,0,/wazaeffect/effectdata/ball_particle.narc,353,72,,261400,261856,260412,260868,456,65e8d3a182335d697e1c7aeec6cf60bd23d5979fe582fe76a623eedf8af186a4,2041505331325f310100010000000000,,Nintendo Huffman,Probable,,True,Nintendo Huffman,Probable,False,5460033,,,,,,False,False
/wazaeffect/effectdata/ball_particle.narc,/wazaeffect/effectdata/ball_particle.narc!/member_00073,0,/wazaeffect/effectdata/ball_particle.narc,353,73,,261856,263100,260868,262112,1244,8766c197c59fce8a5181ba7253a5cea167f59a913dcc9994c598f395ada9f9d5,2041505331325f310100010000000000,,Nintendo Huffman,Probable,,True,Nintendo Huffman,Probable,False,5460033,,,,,,False,False
/wazaeffect/effectdata/ball_particle.narc,/wazaeffect/effectdata/ball_particle.narc!/member_00074,0,/wazaeffect/effectdata/ball_particle.narc,353,74,,263100,264352,262112,263364,1252,49b102e30ad49fc4ba1fa620f7fccf064b68f5daea9c7b13f4adbef55b0d6a0c,2041505331325f310100010000000000,,Nintendo Huffman,Probable,,True,Nintendo Huffman,Probable,False,5460033,,,,,,False,False
/wazaeffect/effectdata/ball_particle.narc,/wazaeffect/effectdata/ball_particle.narc!/member_00075,0,/wazaeffect/effectdata/ball_particle.narc,353,75,,264352,265608,263364,264620,1256,0b66730e208edbef1c7374af45f1ff6852927eac5a7fda715cb1c8840ea50167,2041505331325f310100010000000000,,Nintendo Huffman,Probable,,True,Nintendo Huffman,Probable,False,5460033,,,,,,False,False
/wazaeffect/effectdata/ball_particle.narc,/wazaeffect/effectdata/ball_particle.narc!/member_00076,0,/wazaeffect/effectdata/ball_particle.narc,353,76,,265608,266860,264620,265872,1252,f58a4a3dca2253ee24d0d06df3d2b63c4b1172dd61f7cf82b9d41c942f3491f8,2041505331325f310100010000000000,,Nintendo Huffman,Probable,,True,Nintendo Huffman,Probable,False,5460033,,,,,,False,False
/wazaeffect/effectdata/ball_particle.narc,/wazaeffect/effectdata/ball_particle.narc!/member_00077,0,/wazaeffect/effectdata/ball_particle.narc,353,77,,266860,268116,265872,267128,1256,11ad3ce730ce8664d663c95376e8805d5e03301dcdcab6c40d34b4cf6328c149,2041505331325f310100010000000000,,Nintendo Huffman,Probable,,True,Nintendo Huffman,Probable,False,5460033,,,,,,False,False
/wazaeffect/effectdata/ball_particle.narc,/wazaeffect/effectdata/ball_particle.narc!/member_00078,0,/wazaeffect/effectdata/ball_particle.narc,353,78,,268116,269368,267128,268380,1252,80da86043cc52116738ac6ddf8016d21de1320328fa6e1a503d0630312ca778d,2041505331325f310100010000000000,,Nintendo Huffman,Probable,,True,Nintendo Huffman,Probable,False,5460033,,,,,,False,False
/wazaeffect/effectdata/ball_particle.narc,/wazaeffect/effectdata/ball_particle.narc!/member_00079,0,/wazaeffect/effectdata/ball_particle.narc,353,79,,269368,270580,268380,269592,1212,923814d01cbe857f4e10bc6291807022bfe4d34e6fdaef12144b7e33576570df,2041505331325f310100010000000000,,Nintendo Huffman,Probable,,True,Nintendo Huffman,Probable,False,5460033,,,,,,False,False
/wazaeffect/effectdata/ball_particle.narc,/wazaeffect/effectdata/ball_particle.narc!/member_00080,0,/wazaeffect/effectdata/ball_particle.narc,353,80,,270580,271792,269592,270804,1212,6b71da27764fa55474a278aef3aafbf7b2a2d4ff9e413de988459c781391c846,2041505331325f310100010000000000,,Nintendo Huffman,Probable,,True,Nintendo Huffman,Probable,False,5460033,,,,,,False,False
/wazaeffect/effectdata/ball_particle.narc,/wazaeffect/effectdata/ball_particle.narc!/member_00081,0,/wazaeffect/effectdata/ball_particle.narc,353,81,,271792,273004,270804,272016,1212,aa1fe9b3462519ed0737a5c5385942932cde1f4c6b864ac9a159dd7bcc36c97e,2041505331325f310100010000000000,,Nintendo Huffman,Probable,,True,Nintendo Huffman,Probable,False,5460033,,,,,,False,False
/wazaeffect/effectdata/ball_particle.narc,/wazaeffect/effectdata/ball_particle.narc!/member_00082,0,/wazaeffect/effectdata/ball_particle.narc,353,82,,273004,274216,272016,273228,1212,d6c6e46b47f7582fbcacdebe2258669bba871cb82ed3381504ee3999daf447c2,2041505331325f310100010000000000,,Nintendo Huffman,Probable,,True,Nintendo Huffman,Probable,False,5460033,,,,,,False,False
/wazaeffect/effectdata/ball_particle.narc,/wazaeffect/effectdata/ball_particle.narc!/member_00083,0,/wazaeffect/effectdata/ball_particle.narc,353,83,,274216,275428,273228,274440,1212,801eb5920f84125b77a90c0daac58d48a636d40206489c7bf5c45dfa19d2a2cf,2041505331325f310100010000000000,,Nintendo Huffman,Probable,,True,Nintendo Huffman,Probable,False,5460033,,,,,,False,False
/wazaeffect/effectdata/ball_particle.narc,/wazaeffect/effectdata/ball_particle.narc!/member_00084,0,/wazaeffect/effectdata/ball_particle.narc,353,84,,275428,276640,274440,275652,1212,05a6ce059397f16ed553ad8709251aa39d74ca794eaf65b9b20710d36d06a4a1,2041505331325f310100010000000000,,Nintendo Huffman,Probable,,True,Nintendo Huffman,Probable,False,5460033,,,,,,False,False
/wazaeffect/effectdata/ball_particle.narc,/wazaeffect/effectdata/ball_particle.narc!/member_00085,0,/wazaeffect/effectdata/ball_particle.narc,353,85,,276640,277852,275652,276864,1212,36fe5eea419688a60ce5fe5c64ce3b9c9ad0c438e89c960ca53b6ab27a2c0e27,2041505331325f310100010000000000,,Nintendo Huffman,Probable,,True,Nintendo Huffman,Probable,False,5460033,,,,,,False,False
/wazaeffect/effectdata/ball_particle.narc,/wazaeffect/effectdata/ball_particle.narc!/member_00086,0,/wazaeffect/effectdata/ball_particle.narc,353,86,,277852,279064,276864,278076,1212,b4993852975986ae27d1b44d78a00718c92f930d9b3cb938b657206e173fac5f,2041505331325f310100010000000000,,Nintendo Huffman,Probable,,True,Nintendo Huffman,Probable,False,5460033,,,,,,False,False
/wazaeffect/effectdata/ball_particle.narc,/wazaeffect/effectdata/ball_particle.narc!/member_00087,0,/wazaeffect/effectdata/ball_particle.narc,353,87,,279064,280276,278076,279288,1212,d69cf3c1a7600ac0eff76b5786cf7bbd760ee0ace01e8e0bcc99be2816e17edd,2041505331325f310100010000000000,,Nintendo Huffman,Probable,,True,Nintendo Huffman,Probable,False,5460033,,,,,,False,False
/wazaeffect/effectdata/ball_particle.narc,/wazaeffect/effectdata/ball_particle.narc!/member_00088,0,/wazaeffect/effectdata/ball_particle.narc,353,88,,280276,281488,279288,280500,1212,764c6e2f2ec3da03da635c52fc8b33d9c3953ebe5d6567291db84deef675c284,2041505331325f310100010000000000,,Nintendo Huffman,Probable,,True,Nintendo Huffman,Probable,False,5460033,,,,,,False,False
/wazaeffect/effectdata/ball_particle.narc,/wazaeffect/effectdata/ball_particle.narc!/member_00089,0,/wazaeffect/effectdata/ball_particle.narc,353,89,,281488,282700,280500,281712,1212,f0e8f93ee1fa02bc2e5c29b509a251fb5ccb614f5158d665770936cfc8c64779,2041505331325f310100010000000000,,Nintendo Huffman,Probable,,True,Nintendo Huffman,Probable,False,5460033,,,,,,False,False
/wazaeffect/effectdata/ball_particle.narc,/wazaeffect/effectdata/ball_particle.narc!/member_00090,0,/wazaeffect/effectdata/ball_particle.narc,353,90,,282700,283908,281712,282920,1208,88107b15c4e300f90fff0306d74a07ac5b657658a33bf462b32af6921817e88c,2041505331325f310100010000000000,,Nintendo Huffman,Probable,,True,Nintendo Huffman,Probable,False,5460033,,,,,,False,False
/wazaeffect/effectdata/ball_particle.narc,/wazaeffect/effectdata/ball_particle.narc!/member_00091,0,/wazaeffect/effectdata/ball_particle.narc,353,91,,283908,285116,282920,284128,1208,9b8b033d8ca78c7301216a0386afa64d506090827c00f460416016d849e23953,2041505331325f310100010000000000,,Nintendo Huffman,Probable,,True,Nintendo Huffman,Probable,False,5460033,,,,,,False,False
/wazaeffect/effectdata/ball_particle.narc,/wazaeffect/effectdata/ball_particle.narc!/member_00092,0,/wazaeffect/effectdata/ball_particle.narc,353,92,,285116,286328,284128,285340,1212,7271e368eeba162aed78202d3742b71be243f9a89c18b769b128982e1e3f09aa,2041505331325f310100010000000000,,Nintendo Huffman,Probable,,True,Nintendo Huffman,Probable,False,5460033,,,,,,False,False
/wazaeffect/effectdata/ball_particle.narc,/wazaeffect/effectdata/ball_particle.narc!/member_00093,0,/wazaeffect/effectdata/ball_particle.narc,353,93,,286328,287540,285340,286552,1212,995c7efd9cebdf9610d2f34a6076455aa67d26eb58e413b8fa39ee46c7bb2bc9,2041505331325f310100010000000000,,Nintendo Huffman,Probable,,True,Nintendo Huffman,Probable,False,5460033,,,,,,False,False
/wazaeffect/effectdata/ball_particle.narc,/wazaeffect/effectdata/ball_particle.narc!/member_00094,0,/wazaeffect/effectdata/ball_particle.narc,353,94,,287540,288748,286552,287760,1208,c5d76d6ea9988125de957a98601ea9a8dd6b9412cc0784fffa4b11dfaa131b4a,2041505331325f310100010000000000,,Nintendo Huffman,Probable,,True,Nintendo Huffman,Probable,False,5460033,,,,,,False,False
/wazaeffect/effectdata/ball_particle.narc,/wazaeffect/effectdata/ball_particle.narc!/member_00095,0,/wazaeffect/effectdata/ball_particle.narc,353,95,,288748,289960,287760,288972,1212,75e50586b3e402d894a9e41ba5f090f6d97112b4bd68e49c54b4d569db9ff0e4,2041505331325f310100010000000000,,Nintendo Huffman,Probable,,True,Nintendo Huffman,Probable,False,5460033,,,,,,False,False
/wazaeffect/effectdata/ball_particle.narc,/wazaeffect/effectdata/ball_particle.narc!/member_00096,0,/wazaeffect/effectdata/ball_particle.narc,353,96,,289960,291172,288972,290184,1212,4be68478dd238f67aa2d69f357e81eeb9aa1d90298de9edc2096330e345ae4cf,2041505331325f310100010000000000,,Nintendo Huffman,Probable,,True,Nintendo Huffman,Probable,False,5460033,,,,,,False,False
/wazaeffect/effectdata/ball_particle.narc,/wazaeffect/effectdata/ball_particle.narc!/member_00097,0,/wazaeffect/effectdata/ball_particle.narc,353,97,,291172,292380,290184,291392,1208,a91094549be479a302e1b7b0602ed6b119b24a3f08a0a5f6508ac937b91f1444,2041505331325f310100010000000000,,Nintendo Huffman,Probable,,True,Nintendo Huffman,Probable,False,5460033,,,,,,False,False
/wazaeffect/effectdata/ball_particle.narc,/wazaeffect/effectdata/ball_particle.narc!/member_00098,0,/wazaeffect/effectdata/ball_particle.narc,353,98,,292380,293588,291392,292600,1208,ee381ca0b73fbb53c5657f25aefac874ddfb736a95399dd00eb8c097d666eec0,2041505331325f310100010000000000,,Nintendo Huffman,Probable,,True,Nintendo Huffman,Probable,False,5460033,,,,,,False,False
/wazaeffect/effectdata/ball_particle.narc,/wazaeffect/effectdata/ball_particle.narc!/member_00099,0,/wazaeffect/effectdata/ball_particle.narc,353,99,,293588,294800,292600,293812,1212,bff838b9a32646030aa5971f29ad82170f21e95c22fe1af1bd36c929ad055357,2041505331325f310100010000000000,,Nintendo Huffman,Probable,,True,Nintendo Huffman,Probable,False,5460033,,,,,,False,False
/wazaeffect/effectdata/ball_particle.narc,/wazaeffect/effectdata/ball_particle.narc!/member_00100,0,/wazaeffect/effectdata/ball_particle.narc,353,100,,294800,296012,293812,295024,1212,35efe5c16813277b5fddefc5fde0fa8dc690acc690b94124c38db82d7521ce77,2041505331325f310100010000000000,,Nintendo Huffman,Probable,,True,Nintendo Huffman,Probable,False,5460033,,,,,,False,False
/wazaeffect/effectdata/ball_particle.narc,/wazaeffect/effectdata/ball_particle.narc!/member_00101,0,/wazaeffect/effectdata/ball_particle.narc,353,101,,296012,297224,295024,296236,1212,7a84db1b5d324e398062e2d35ced0f3177b9ae74876c26ab06c7880fa7b808b0,2041505331325f310100010000000000,,Nintendo Huffman,Probable,,True,Nintendo Huffman,Probable,False,5460033,,,,,,False,False
/wazaeffect/effectdata/ball_particle.narc,/wazaeffect/effectdata/ball_particle.narc!/member_00102,0,/wazaeffect/effectdata/ball_particle.narc,353,102,,297224,298432,296236,297444,1208,afdb62615651a3660187b7d39f1cd8b24a90f0d926765fc774a14b0ead1089f5,2041505331325f310100010000000000,,Nintendo Huffman,Probable,,True,Nintendo Huffman,Probable,False,5460033,,,,,,False,False
/wazaeffect/effectdata/ball_particle.narc,/wazaeffect/effectdata/ball_particle.narc!/member_00103,0,/wazaeffect/effectdata/ball_particle.narc,353,103,,298432,299644,297444,298656,1212,fe119199afd5f1b4e21df4321d020fabfc7de20935e5a457c3de128701af26c8,2041505331325f310100010000000000,,Nintendo Huffman,Probable,,True,Nintendo Huffman,Probable,False,5460033,,,,,,False,False
/wazaeffect/effectdata/ball_particle.narc,/wazaeffect/effectdata/ball_particle.narc!/member_00104,0,/wazaeffect/effectdata/ball_particle.narc,353,104,,299644,300852,298656,299864,1208,3ab38f77cb2ae688690ce04c268b427d0109f261b682d7c15898b0bd61e75968,2041505331325f310100010000000000,,Nintendo Huffman,Probable,,True,Nintendo Huffman,Probable,False,5460033,,,,,,False,False
/wazaeffect/effectdata/ball_particle.narc,/wazaeffect/effectdata/ball_particle.narc!/member_00105,0,/wazaeffect/effectdata/ball_particle.narc,353,105,,300852,302060,299864,301072,1208,7752cafc50afda5136fd68caff9f1c4f7da897c2da02ab88d035483035b1d85e,2041505331325f310100010000000000,,Nintendo Huffman,Probable,,True,Nintendo Huffman,Probable,False,5460033,,,,,,False,False
/wazaeffect/effectdata/ball_particle.narc,/wazaeffect/effectdata/ball_particle.narc!/member_00106,0,/wazaeffect/effectdata/ball_particle.narc,353,106,,302060,303272,301072,302284,1212,4fb9dd51c72ea9f83e45cb2384333d9e8693947734288db19e5c274a7e7913ef,2041505331325f310100010000000000,,Nintendo Huffman,Probable,,True,Nintendo Huffman,Probable,False,5460033,,,,,,False,False
/wazaeffect/effectdata/ball_particle.narc,/wazaeffect/effectdata/ball_particle.narc!/member_00107,0,/wazaeffect/effectdata/ball_particle.narc,353,107,,303272,304484,302284,303496,1212,332a34bacb1ed6a5c57ea192be897babf97a61ab7e71dd017c3aa23fc001014c,2041505331325f310100010000000000,,Nintendo Huffman,Probable,,True,Nintendo Huffman,Probable,False,5460033,,,,,,False,False
/wazaeffect/effectdata/ball_particle.narc,/wazaeffect/effectdata/ball_particle.narc!/member_00108,0,/wazaeffect/effectdata/ball_particle.narc,353,108,,304484,305696,303496,304708,1212,a4893367776268cc967f65ab5965e1d39fcbd26d80b7292b5151aee5d047a5c2,2041505331325f310100010000000000,,Nintendo Huffman,Probable,,True,Nintendo Huffman,Probable,False,5460033,,,,,,False,False
/wazaeffect/effectdata/ball_particle.narc,/wazaeffect/effectdata/ball_particle.narc!/member_00109,0,/wazaeffect/effectdata/ball_particle.narc,353,109,,305696,306908,304708,305920,1212,8ae7b2cf86e4238008ad1d28875b3f665f1a80793bbf3c02bd81f006852ab6db,2041505331325f310100010000000000,,Nintendo Huffman,Probable,,True,Nintendo Huffman,Probable,False,5460033,,,,,,False,False
/wazaeffect/effectdata/ball_particle.narc,/wazaeffect/effectdata/ball_particle.narc!/member_00110,0,/wazaeffect/effectdata/ball_particle.narc,353,110,,306908,308120,305920,307132,1212,37e67cab60514773abc102b55e1a1341b4170273f29f5cdf4c9763af623f54be,2041505331325f310100010000000000,,Nintendo Huffman,Probable,,True,Nintendo Huffman,Probable,False,5460033,,,,,,False,False
/wazaeffect/effectdata/ball_particle.narc,/wazaeffect/effectdata/ball_particle.narc!/member_00111,0,/wazaeffect/effectdata/ball_particle.narc,353,111,,308120,309332,307132,308344,1212,9d7a4bf8af236e42ed1ee76855e26fdf59c8b25762b360a4ca29cc5945266c5b,2041505331325f310100010000000000,,Nintendo Huffman,Probable,,True,Nintendo Huffman,Probable,False,5460033,,,,,,False,False
/wazaeffect/effectdata/ball_particle.narc,/wazaeffect/effectdata/ball_particle.narc!/member_00112,0,/wazaeffect/effectdata/ball_particle.narc,353,112,,309332,310540,308344,309552,1208,5ef053dfdf628176b783e5ee80794ac40bf3508765add0442bdf79b570f77634,2041505331325f310100010000000000,,Nintendo Huffman,Probable,,True,Nintendo Huffman,Probable,False,5460033,,,,,,False,False
/wazaeffect/effectdata/ball_particle.narc,/wazaeffect/effectdata/ball_particle.narc!/member_00113,0,/wazaeffect/effectdata/ball_particle.narc,353,113,,310540,311748,309552,310760,1208,c11c71cca3000af7745e2a1c1bf4dbf117e0878c9510e0ac1dec99f153beb2ad,2041505331325f310100010000000000,,Nintendo Huffman,Probable,,True,Nintendo Huffman,Probable,False,5460033,,,,,,False,False
/wazaeffect/effectdata/ball_particle.narc,/wazaeffect/effectdata/ball_particle.narc!/member_00114,0,/wazaeffect/effectdata/ball_particle.narc,353,114,,311748,312980,310760,311992,1232,3acbc0d601c354a070c1ebccedde70fc1a5d1db353a6f82e8bb88006c3ad2602,2041505331325f310100010000000000,,Nintendo Huffman,Probable,,True,Nintendo Huffman,Probable,False,5460033,,,,,,False,False
/wazaeffect/effectdata/ball_particle.narc,/wazaeffect/effectdata/ball_particle.narc!/member_00115,0,/wazaeffect/effectdata/ball_particle.narc,353,115,,312980,317300,311992,316312,4320,73f167fb6d2311f40eee033921981f177348e2ce134c1e78584202759ab668e0,2041505331325f310100010000000000,,Nintendo Huffman,Probable,,True,Nintendo Huffman,Probable,False,5460033,,,,,,False,False
/wazaeffect/effectdata/ball_particle.narc,/wazaeffect/effectdata/ball_particle.narc!/member_00116,0,/wazaeffect/effectdata/ball_particle.narc,353,116,,317300,321604,316312,320616,4304,ae81a12eb80a2f216f2c19b8aeedc9737d92d410197cf8aa1d83863b07e6aff1,2041505331325f310100010000000000,,Nintendo Huffman,Probable,,True,Nintendo Huffman,Probable,False,5460033,,,,,,False,False
/wazaeffect/effectdata/waza_particle.narc,/wazaeffect/effectdata/waza_particle.narc!/member_00000,0,/wazaeffect/effectdata/waza_particle.narc,354,0,,3932,4404,0,472,472,f7dd10fe188dc7b778b9834e632cb48fc05f4514b31aa43cb465bbbe67a5707b,2041505331325f310100010000000000,,Nintendo Huffman,Probable,,True,Nintendo Huffman,Probable,False,5460033,,,,,,False,False
/wazaeffect/effectdata/waza_particle.narc,/wazaeffect/effectdata/waza_particle.narc!/member_00001,0,/wazaeffect/effectdata/waza_particle.narc,354,1,,4404,5308,472,1376,904,3b98e4bb8b628575e55286616f91680288401cba3ea6fe8d87794cfb35e5697f,2041505331325f310200020000000000,,Nintendo Huffman,Probable,,True,Nintendo Huffman,Probable,False,5460033,,,,,,False,False
/wazaeffect/effectdata/waza_particle.narc,/wazaeffect/effectdata/waza_particle.narc!/member_00002,0,/wazaeffect/effectdata/waza_particle.narc,354,2,,5308,8016,1376,4084,2708,76675000d940fe866652cf900a7c56937af065211ce3b4dd56bac960b2d75141,2041505331325f310200030000000000,,Nintendo Huffman,Probable,,True,Nintendo Huffman,Probable,False,5460033,,,,,,False,False
/wazaeffect/effectdata/waza_particle.narc,/wazaeffect/effectdata/waza_particle.narc!/member_00003,0,/wazaeffect/effectdata/waza_particle.narc,354,3,,8016,29360,4084,25428,21344,e38bac6449f75d5ebb6388ce10ba46042f30c1d13086bb6b2cd65ce9d622c387,2041505331325f310500030000000000,,Nintendo Huffman,Probable,,True,Nintendo Huffman,Probable,False,5460033,,,,,,False,False
/wazaeffect/effectdata/waza_particle.narc,/wazaeffect/effectdata/waza_particle.narc!/member_00004,0,/wazaeffect/effectdata/waza_particle.narc,354,4,,29360,40928,25428,36996,11568,637a6beae65d2930c33a206e1fdbdf7b9ce7fd37d1146cfc0437e978cb843aec,2041505331325f310b00020000000000,,Nintendo Huffman,Probable,,True,Nintendo Huffman,Probable,False,5460033,,,,,,False,False
/wazaeffect/effectdata/waza_particle.narc,/wazaeffect/effectdata/waza_particle.narc!/member_00005,0,/wazaeffect/effectdata/waza_particle.narc,354,5,,40928,62272,36996,58340,21344,e38bac6449f75d5ebb6388ce10ba46042f30c1d13086bb6b2cd65ce9d622c387,2041505331325f310500030000000000,,Nintendo Huffman,Probable,,True,Nintendo Huffman,Probable,False,5460033,,,,,,False,False
/wazaeffect/effectdata/waza_particle.narc,/wazaeffect/effectdata/waza_particle.narc!/member_00006,0,/wazaeffect/effectdata/waza_particle.narc,354,6,,62272,73840,58340,69908,11568,637a6beae65d2930c33a206e1fdbdf7b9ce7fd37d1146cfc0437e978cb843aec,2041505331325f310b00020000000000,,Nintendo Huffman,Probable,,True,Nintendo Huffman,Probable,False,5460033,,,,,,False,False
/wazaeffect/effectdata/waza_particle.narc,/wazaeffect/effectdata/waza_particle.narc!/member_00007,0,/wazaeffect/effectdata/waza_particle.narc,354,7,,73840,96608,69908,92676,22768,6c1f0bb472b1edcc2d2151f415006d6acf753a0750bce270e11fb9510fdd04d9,2041505331325f310600050000000000,,Nintendo Huffman,Probable,,True,Nintendo Huffman,Probable,False,5460033,,,,,,False,False
/wazaeffect/effectdata/waza_particle.narc,/wazaeffect/effectdata/waza_particle.narc!/member_00008,0,/wazaeffect/effectdata/waza_particle.narc,354,8,,96608,107040,92676,103108,10432,ccbfdcd85abd78dc3a6494340c9dc8e7ea49ca121d8cb3e5ac684abe8e43eee9,2041505331325f310700030000000000,,Nintendo Huffman,Probable,,True,Nintendo Huffman,Probable,False,5460033,,,,,,False,False
/wazaeffect/effectdata/waza_particle.narc,/wazaeffect/effectdata/waza_particle.narc!/member_00009,0,/wazaeffect/effectdata/waza_particle.narc,354,9,,107040,107884,103108,103952,844,db95493fcd658ddcc9b9ce842668dca1d45a53938b9dd17a8617b03e3d0b40bd,2041505331325f310200020000000000,,Nintendo Huffman,Probable,,True,Nintendo Huffman,Probable,False,5460033,,,,,,False,False
/wazaeffect/effectdata/waza_particle.narc,/wazaeffect/effectdata/waza_particle.narc!/member_00010,0,/wazaeffect/effectdata/waza_particle.narc,354,10,,107884,110120,103952,106188,2236,d4b1e1c2916746971e7d52b6981773a6c3d2f5d19fb11719cb84b7022c9da75f,2041505331325f310100010000000000,,Nintendo Huffman,Probable,,True,Nintendo Huffman,Probable,False,5460033,,,,,,False,False
/wazaeffect/effectdata/waza_particle.narc,/wazaeffect/effectdata/waza_particle.narc!/member_00011,0,/wazaeffect/effectdata/waza_particle.narc,354,11,,110120,110964,106188,107032,844,db95493fcd658ddcc9b9ce842668dca1d45a53938b9dd17a8617b03e3d0b40bd,2041505331325f310200020000000000,,Nintendo Huffman,Probable,,True,Nintendo Huffman,Probable,False,5460033,,,,,,False,False
/wazaeffect/effectdata/waza_particle.narc,/wazaeffect/effectdata/waza_particle.narc!/member_00012,0,/wazaeffect/effectdata/waza_particle.narc,354,12,,110964,113200,107032,109268,2236,d4b1e1c2916746971e7d52b6981773a6c3d2f5d19fb11719cb84b7022c9da75f,2041505331325f310100010000000000,,Nintendo Huffman,Probable,,True,Nintendo Huffman,Probable,False,5460033,,,,,,False,False
/wazaeffect/effectdata/waza_particle.narc,/wazaeffect/effectdata/waza_particle.narc!/member_00013,0,/wazaeffect/effectdata/waza_particle.narc,354,13,,113200,113644,109268,109712,444,2a06d362b2e8a58324adea9b12dba63d78443ef082665f50535ecd7d5144c970,2041505331325f310100010000000000,,Nintendo Huffman,Probable,,True,Nintendo Huffman,Probable,False,5460033,,,,,,False,False
/wazaeffect/effectdata/waza_particle.narc,/wazaeffect/effectdata/waza_particle.narc!/member_00014,0,/wazaeffect/effectdata/waza_particle.narc,354,14,,113644,123044,109712,119112,9400,038d828db8ad480fb16725d0a2c03f9a9290c41a87bc37ef8f6a1024ba97e781,2041505331325f310400030000000000,,Nintendo Huffman,Probable,,True,Nintendo Huffman,Probable,False,5460033,,,,,,False,False
/wazaeffect/effectdata/waza_particle.narc,/wazaeffect/effectdata/waza_particle.narc!/member_00015,0,/wazaeffect/effectdata/waza_particle.narc,354,15,,123044,123716,119112,119784,672,1ed40475d473149721d5e530648e2422991b693c755fcfd89b62e1f507c91bed,2041505331325f310300010000000000,,Nintendo Huffman,Probable,,True,Nintendo Huffman,Probable,False,5460033,,,,,,False,False
/wazaeffect/effectdata/waza_particle.narc,/wazaeffect/effectdata/waza_particle.narc!/member_00016,0,/wazaeffect/effectdata/waza_particle.narc,354,16,,123716,125424,119784,121492,1708,45449d09a196630704c24a1f51cc642c62b1b706d097b94de29b61e582058cab,2041505331325f310300020000000000,,Nintendo Huffman,Probable,,True,Nintendo Huffman,Probable,False,5460033,,,,,,False,False
/wazaeffect/effectdata/waza_particle.narc,/wazaeffect/effectdata/waza_particle.narc!/member_00017,0,/wazaeffect/effectdata/waza_particle.narc,354,17,,125424,126268,121492,122336,844,1d1e667033fa112421c0bb914645257b1771ac6969108e0f0cbf71cc544c6b8e,2041505331325f310200020000000000,,Nintendo Huffman,Probable,,True,Nintendo Huffman,Probable,False,5460033,,,,,,False,False
/wazaeffect/effectdata/waza_particle.narc,/wazaeffect/effectdata/waza_particle.narc!/member_00018,0,/wazaeffect/effectdata/waza_particle.narc,354,18,,126268,141472,122336,137540,15204,772327169586977f56bbbedb5274e0e72e7a7966d8bdc6e4b1125f6f024c0058,2041505331325f310900050000000000,,Nintendo Huffman,Probable,,True,Nintendo Huffman,Probable,False,5460033,,,,,,False,False
/wazaeffect/effectdata/waza_particle.narc,/wazaeffect/effectdata/waza_particle.narc!/member_00019,0,/wazaeffect/effectdata/waza_particle.narc,354,19,,141472,141916,137540,137984,444,2a06d362b2e8a58324adea9b12dba63d78443ef082665f50535ecd7d5144c970,2041505331325f310100010000000000,,Nintendo Huffman,Probable,,True,Nintendo Huffman,Probable,False,5460033,,,,,,False,False
/wazaeffect/effectdata/waza_particle.narc,/wazaeffect/effectdata/waza_particle.narc!/member_00020,0,/wazaeffect/effectdata/waza_particle.narc,354,20,,141916,144152,137984,140220,2236,d4b1e1c2916746971e7d52b6981773a6c3d2f5d19fb11719cb84b7022c9da75f,2041505331325f310100010000000000,,Nintendo Huffman,Probable,,True,Nintendo Huffman,Probable,False,5460033,,,,,,False,False
/wazaeffect/effectdata/waza_particle.narc,/wazaeffect/effectdata/waza_particle.narc!/member_00021,0,/wazaeffect/effectdata/waza_particle.narc,354,21,,144152,144596,140220,140664,444,2a06d362b2e8a58324adea9b12dba63d78443ef082665f50535ecd7d5144c970,2041505331325f310100010000000000,,Nintendo Huffman,Probable,,True,Nintendo Huffman,Probable,False,5460033,,,,,,False,False
/wazaeffect/effectdata/waza_particle.narc,/wazaeffect/effectdata/waza_particle.narc!/member_00022,0,/wazaeffect/effectdata/waza_particle.narc,354,22,,144596,151092,140664,147160,6496,1fc446a6947058db78e8c1fc51f7ac7d8cb977220f304019a17d76413a04ba7d,2041505331325f310200020000000000,,Nintendo Huffman,Probable,,True,Nintendo Huffman,Probable,False,5460033,,,,,,False,False
/wazaeffect/effectdata/waza_particle.narc,/wazaeffect/effectdata/waza_particle.narc!/member_00023,0,/wazaeffect/effectdata/waza_particle.narc,354,23,,151092,151536,147160,147604,444,2a06d362b2e8a58324adea9b12dba63d78443ef082665f50535ecd7d5144c970,2041505331325f310100010000000000,,Nintendo Huffman,Probable,,True,Nintendo Huffman,Probable,False,5460033,,,,,,False,False
/wazaeffect/effectdata/waza_particle.narc,/wazaeffect/effectdata/waza_particle.narc!/member_00024,0,/wazaeffect/effectdata/waza_particle.narc,354,24,,151536,153772,147604,149840,2236,d4b1e1c2916746971e7d52b6981773a6c3d2f5d19fb11719cb84b7022c9da75f,2041505331325f310100010000000000,,Nintendo Huffman,Probable,,True,Nintendo Huffman,Probable,False,5460033,,,,,,False,False
/wazaeffect/effectdata/waza_particle.narc,/wazaeffect/effectdata/waza_particle.narc!/member_00025,0,/wazaeffect/effectdata/waza_particle.narc,354,25,,153772,154216,149840,150284,444,2a06d362b2e8a58324adea9b12dba63d78443ef082665f50535ecd7d5144c970,2041505331325f310100010000000000,,Nintendo Huffman,Probable,,True,Nintendo Huffman,Probable,False,5460033,,,,,,False,False
/wazaeffect/effectdata/waza_particle.narc,/wazaeffect/effectdata/waza_particle.narc!/member_00026,0,/wazaeffect/effectdata/waza_particle.narc,354,26,,154216,156452,150284,152520,2236,d4b1e1c2916746971e7d52b6981773a6c3d2f5d19fb11719cb84b7022c9da75f,2041505331325f310100010000000000,,Nintendo Huffman,Probable,,True,Nintendo Huffman,Probable,False,5460033,,,,,,False,False
/wazaeffect/effectdata/waza_particle.narc,/wazaeffect/effectdata/waza_particle.narc!/member_00027,0,/wazaeffect/effectdata/waza_particle.narc,354,27,,156452,171040,152520,167108,14588,02ed6892456ef2a374c1843a90f5336bf485ac7274a555913e6b039104219a3a,2041505331325f310a000d0000000000,,Nintendo Huffman,Probable,,True,Nintendo Huffman,Probable,False,5460033,,,,,,False,False
/wazaeffect/effectdata/waza_particle.narc,/wazaeffect/effectdata/waza_particle.narc!/member_00028,0,/wazaeffect/effectdata/waza_particle.narc,354,28,,171040,172420,167108,168488,1380,45734e71b0a95a3c7023ef9968db775311db0ebd09724774472d68b1aa82e19c,2041505331325f310200010000000000,,Nintendo Huffman,Probable,,True,Nintendo Huffman,Probable,False,5460033,,,,,,False,False
/wazaeffect/effectdata/waza_particle.narc,/wazaeffect/effectdata/waza_particle.narc!/member_00029,0,/wazaeffect/effectdata/waza_particle.narc,354,29,,172420,183224,168488,179292,10804,4ca09f424745fd8560d492e724a65d7fb41bae04f8052b8dad0e6e0803c3157f,2041505331325f310400030000000000,,Nintendo Huffman,Probable,,True,Nintendo Huffman,Probable,False,5460033,,,,,,False,False
/wazaeffect/effectdata/waza_particle.narc,/wazaeffect/effectdata/waza_particle.narc!/member_00030,0,/wazaeffect/effectdata/waza_particle.narc,354,30,,183224,188132,179292,184200,4908,b149a6f8e89cc4d5cf6336bb96388b7ee11f74e785134b47eeb4e86afc9c3b1e,2041505331325f310300030000000000,,Nintendo Huffman,Probable,,True,Nintendo Huffman,Probable,False,5460033,,,,,,False,False
/wazaeffect/effectdata/waza_particle.narc,/wazaeffect/effectdata/waza_particle.narc!/member_00031,0,/wazaeffect/effectdata/waza_particle.narc,354,31,,188132,189016,184200,185084,884,feae9b405f08cac1c3995cba5e1abb041266991e53e72c98ad5a75782e144dee,2041505331325f310200020000000000,,Nintendo Huffman,Probable,,True,Nintendo Huffman,Probable,False,5460033,,,,,,False,False
/wazaeffect/effectdata/waza_particle.narc,/wazaeffect/effectdata/waza_particle.narc!/member_00032,0,/wazaeffect/effectdata/waza_particle.narc,354,32,,189016,194176,185084,190244,5160,45ec1a346278bcea3b521cb25875296cd3b79f7d2f389835ecf3af3138ac9eab,2041505331325f310300030000000000,,Nintendo Huffman,Probable,,True,Nintendo Huffman,Probable,False,5460033,,,,,,False,False
/wazaeffect/effectdata/waza_particle.narc,/wazaeffect/effectdata/waza_particle.narc!/member_00033,0,/wazaeffect/effectdata/waza_particle.narc,354,33,,194176,209224,190244,205292,15048,642cf8a0e6e086acdb5d3d8c4c18ea3fe1f03f71a71f939c13c8d6f5dc03458e,2041505331325f310400050000000000,,Nintendo Huffman,Probable,,True,Nintendo Huffman,Probable,False,5460033,,,,,,False,False
/wazaeffect/effectdata/waza_particle.narc,/wazaeffect/effectdata/waza_particle.narc!/member_00034,0,/wazaeffect/effectdata/waza_particle.narc,354,34,,209224,210872,205292,206940,1648,ab3ce9149068e8088e0f1cff974980ce5e063b2f7049d3dd69b7f324fb2bece3,2041505331325f310200020000000000,,Nintendo Huffman,Probable,,True,Nintendo Huffman,Probable,False,5460033,,,,,,False,False
/wazaeffect/effectdata/waza_particle.narc,/wazaeffect/effectdata/waza_particle.narc!/member_00035,0,/wazaeffect/effectdata/waza_particle.narc,354,35,,210872,213704,206940,209772,2832,461c76643b98bcfb69b98ffe68f07c5f4da3fad29155687532187a325c7d9514,2041505331325f310300030000000000,,Nintendo Huffman,Probable,,True,Nintendo Huffman,Probable,False,5460033,,,,,,False,False
/wazaeffect/effectdata/waza_particle.narc,/wazaeffect/effectdata/waza_particle.narc!/member_00036,0,/wazaeffect/effectdata/waza_particle.narc,354,36,,213704,235552,209772,231620,21848,5b340abd917987fe50aaff7c7bf1904d93ccc5f91a58da633e137aa8a6c58810,2041505331325f310400070000000000,,Nintendo Huffman,Probable,,True,Nintendo Huffman,Probable,False,5460033,,,,,,False,False
/wazaeffect/effectdata/waza_particle.narc,/wazaeffect/effectdata/waza_particle.narc!/member_00037,0,/wazaeffect/effectdata/waza_particle.narc,354,37,,235552,237608,231620,233676,2056,be0a20ea4764b2119cc17205c38a3f4a9d7eb37595a1c6a282363b9eae22d020,2041505331325f310300020000000000,,Nintendo Huffman,Probable,,True,Nintendo Huffman,Probable,False,5460033,,,,,,False,False
/wazaeffect/effectdata/waza_particle.narc,/wazaeffect/effectdata/waza_particle.narc!/member_00038,0,/wazaeffect/effectdata/waza_particle.narc,354,38,,237608,241764,233676,237832,4156,7dae1fdae61cfba4570da587707fa6d02cb309df0c200c08d29a589e2a2ab52e,2041505331325f310300040000000000,,Nintendo Huffman,Probable,,True,Nintendo Huffman,Probable,False,5460033,,,,,,False,False
/wazaeffect/effectdata/waza_particle.narc,/wazaeffect/effectdata/waza_particle.narc!/member_00039,0,/wazaeffect/effectdata/waza_particle.narc,354,39,,241764,245628,237832,241696,3864,5b75cf57ab395a1f1ef315d623587d27517d1df8de25038b6238aa954745c2da,2041505331325f310300040000000000,,Nintendo Huffman,Probable,,True,Nintendo Huffman,Probable,False,5460033,,,,,,False,False
/wazaeffect/effectdata/waza_particle.narc,/wazaeffect/effectdata/waza_particle.narc!/member_00040,0,/wazaeffect/effectdata/waza_particle.narc,354,40,,245628,250360,241696,246428,4732,9a9badf4635387e5a3d32345c8659b68740fb1a08d2ed37e2c5d01bc4b43b036,2041505331325f310200020000000000,,Nintendo Huffman,Probable,,True,Nintendo Huffman,Probable,False,5460033,,,,,,False,False
/wazaeffect/effectdata/waza_particle.narc,/wazaeffect/effectdata/waza_particle.narc!/member_00041,0,/wazaeffect/effectdata/waza_particle.narc,354,41,,250360,253244,246428,249312,2884,b03fea0c7a07c477c67051da98d6e461d3dc447bf91c74f4fde6acf1599cf290,2041505331325f310300030000000000,,Nintendo Huffman,Probable,,True,Nintendo Huffman,Probable,False,5460033,,,,,,False,False
/wazaeffect/effectdata/waza_particle.narc,/wazaeffect/effectdata/waza_particle.narc!/member_00042,0,/wazaeffect/effectdata/waza_particle.narc,354,42,,253244,259960,249312,256028,6716,c0bfb9e80c9af32c33b35904bfd7f5fa0c5aba2bc42f4ac75225e949e30f1e0c,2041505331325f310600050000000000,,Nintendo Huffman,Probable,,True,Nintendo Huffman,Probable,False,5460033,,,,,,False,False
/wazaeffect/effectdata/waza_particle.narc,/wazaeffect/effectdata/waza_particle.narc!/member_00043,0,/wazaeffect/effectdata/waza_particle.narc,354,43,,259960,270000,256028,266068,10040,f1178965ee35166bd58c9de8ff4b6dcedc7063c0df45fff9263c4997f21cf8f1,2041505331325f310300040000000000,,Nintendo Huffman,Probable,,True,Nintendo Huffman,Probable,False,5460033,,,,,,False,False
/wazaeffect/effectdata/waza_particle.narc,/wazaeffect/effectdata/waza_particle.narc!/member_00044,0,/wazaeffect/effectdata/waza_particle.narc,354,44,,270000,276520,266068,272588,6520,3485f10bcde63ea96bc52b0f959f2fa221aa0526bd5d2bb34e4a02bc67b69288,2041505331325f310200020000000000,,Nintendo Huffman,Probable,,True,Nintendo Huffman,Probable,False,5460033,,,,,,False,False
/wazaeffect/effectdata/waza_particle.narc,/wazaeffect/effectdata/waza_particle.narc!/member_00045,0,/wazaeffect/effectdata/waza_particle.narc,354,45,,276520,277404,272588,273472,884,89dd24ccb8fb5231d3e4f75a909df2ce509858485e827b534200e218a5660e31,2041505331325f310200020000000000,,Nintendo Huffman,Probable,,True,Nintendo Huffman,Probable,False,5460033,,,,,,False,False
/wazaeffect/effectdata/waza_particle.narc,/wazaeffect/effectdata/waza_particle.narc!/member_00046,0,/wazaeffect/effectdata/waza_particle.narc,354,46,,277404,282136,273472,278204,4732,f2d3b7e0e64e2db77160ec52e3303aad927d50537df2ac26232c13899a5a7780,2041505331325f310200020000000000,,Nintendo Huffman,Probable,,True,Nintendo Huffman,Probable,False,5460033,,,,,,False,False
/wazaeffect/effectdata/waza_particle.narc,/wazaeffect/effectdata/waza_particle.narc!/member_00047,0,/wazaeffect/effectdata/waza_particle.narc,354,47,,282136,283784,278204,279852,1648,da01e195b9ea7170f811d41c75e552e877e6e24b6a74814b0c8528ddb0205af2,2041505331325f310200020000000000,,Nintendo Huffman,Probable,,True,Nintendo Huffman,Probable,False,5460033,,,,,,False,False
/wazaeffect/effectdata/waza_particle.narc,/wazaeffect/effectdata/waza_particle.narc!/member_00048,0,/wazaeffect/effectdata/waza_particle.narc,354,48,,283784,284224,279852,280292,440,7e11f9109af5b38c854a97bc0d0092731aabd529e8d269bbc66d56ea2bda3dd1,2041505331325f310100010000000000,,Nintendo Huffman,Probable,,True,Nintendo Huffman,Probable,False,5460033,,,,,,False,False
/wazaeffect/effectdata/waza_particle.narc,/wazaeffect/effectdata/waza_particle.narc!/member_00049,0,/wazaeffect/effectdata/waza_particle.narc,354,49,,284224,294304,280292,290372,10080,f6d22025964e5e0bf2cb41f1599624cc9d5bea2efb29d0186e01ebafd03bea60,2041505331325f310900070000000000,,Nintendo Huffman,Probable,,True,Nintendo Huffman,Probable,False,5460033,,,,,,False,False
/wazaeffect/effectdata/waza_particle.narc,/wazaeffect/effectdata/waza_particle.narc!/member_00050,0,/wazaeffect/effectdata/waza_particle.narc,354,50,,294304,295624,290372,291692,1320,3a2bf768cab9fe51adf04866f5631d24c4b72dac83b9e355bfb04c35cfbeb7f4,2041505331325f310200010000000000,,Nintendo Huffman,Probable,,True,Nintendo Huffman,Probable,False,5460033,,,,,,False,False
/wazaeffect/effectdata/waza_particle.narc,/wazaeffect/effectdata/waza_particle.narc!/member_00051,0,/wazaeffect/effectdata/waza_particle.narc,354,51,,295624,296500,291692,292568,876,83dbd11275dd9f3993de1943088ddefa17392eb19a18226fe744a98ec369ee17,2041505331325f310200020000000000,,Nintendo Huffman,Probable,,True,Nintendo Huffman,Probable,False,5460033,,,,,,False,False
/wazaeffect/effectdata/waza_particle.narc,/wazaeffect/effectdata/waza_particle.narc!/member_00052,0,/wazaeffect/effectdata/waza_particle.narc,354,52,,296500,306868,292568,302936,10368,9224d5b53b74e3ff2b34fd2e8d55aa1b9186a8181a1315789ffe0116412fa1fd,2041505331325f310300050000000000,,Nintendo Huffman,Probable,,True,Nintendo Huffman,Probable,False,5460033,,,,,,False,False
/wazaeffect/effectdata/waza_particle.narc,/wazaeffect/effectdata/waza_particle.narc!/member_00053,0,/wazaeffect/effectdata/waza_particle.narc,354,53,,306868,312800,302936,308868,5932,499179ba463eaee01e80e3cc8e0319ac01196e1a735dda8c7a6aca5a80cf9dd0,2041505331325f310300030000000000,,Nintendo Huffman,Probable,,True,Nintendo Huffman,Probable,False,5460033,,,,,,False,False
/wazaeffect/effectdata/waza_particle.narc,/wazaeffect/effectdata/waza_particle.narc!/member_00054,0,/wazaeffect/effectdata/waza_particle.narc,354,54,,312800,318732,308868,314800,5932,be3ca05b036bf219454ab91ed037bd3b09590db1a305eceb17cfe9e2dc327652,2041505331325f310300030000000000,,Nintendo Huffman,Probable,,True,Nintendo Huffman,Probable,False,5460033,,,,,,False,False
/wazaeffect/effectdata/waza_particle.narc,/wazaeffect/effectdata/waza_particle.narc!/member_00055,0,/wazaeffect/effectdata/waza_particle.narc,354,55,,318732,324776,314800,320844,6044,5b72d4806b78e16de446c9fefd8848e11f1183be763c80bce5aaf4ee17725551,2041505331325f310400030000000000,,Nintendo Huffman,Probable,,True,Nintendo Huffman,Probable,False,5460033,,,,,,False,False
/wazaeffect/effectdata/waza_particle.narc,/wazaeffect/effectdata/waza_particle.narc!/member_00056,0,/wazaeffect/effectdata/waza_particle.narc,354,56,,324776,329932,320844,326000,5156,74ff072b0a7b5096da0d3cc539cab124693992bf6f418e7f5fca180a904d059d,2041505331325f310300030000000000,,Nintendo Huffman,Probable,,True,Nintendo Huffman,Probable,False,5460033,,,,,,False,False
/wazaeffect/effectdata/waza_particle.narc,/wazaeffect/effectdata/waza_particle.narc!/member_00057,0,/wazaeffect/effectdata/waza_particle.narc,354,57,,329932,339328,326000,335396,9396,81bd489c2769c7aaa9c20f7d4d9c1a301588fb7dbc819f1777399f36933e1a37,2041505331325f310400040000000000,,Nintendo Huffman,Probable,,True,Nintendo Huffman,Probable,False,5460033,,,,,,False,False
/wazaeffect/effectdata/waza_particle.narc,/wazaeffect/effectdata/waza_particle.narc!/member_00058,0,/wazaeffect/effectdata/waza_particle.narc,354,58,,339328,341980,335396,338048,2652,64f8c6196bc706dc86d2a915639d77406db9bff409de7805a8c3ba23cf0b48f2,2041505331325f310400020000000000,,Nintendo Huffman,Probable,,True,Nintendo Huffman,Probable,False,5460033,,,,,,False,False
/wazaeffect/effectdata/waza_particle.narc,/wazaeffect/effectdata/waza_particle.narc!/member_00059,0,/wazaeffect/effectdata/waza_particle.narc,354,59,,341980,345460,338048,341528,3480,e3c0a7b9b0bd81ebd99cf92ab13bcf406b9d7a1061b85bcbc33d666c4accd2ec,2041505331325f310200030000000000,,Nintendo Huffman,Probable,,True,Nintendo Huffman,Probable,False,5460033,,,,,,False,False
/wazaeffect/effectdata/waza_particle.narc,/wazaeffect/effectdata/waza_particle.narc!/member_00060,0,/wazaeffect/effectdata/waza_particle.narc,354,60,,345460,348692,341528,344760,3232,3b617fa12cfde856e4dcb5f38bf9367b601a2665a98867cd3cefeb1e76097958,2041505331325f310600030000000000,,Nintendo Huffman,Probable,,True,Nintendo Huffman,Probable,False,5460033,,,,,,False,False
/wazaeffect/effectdata/waza_particle.narc,/wazaeffect/effectdata/waza_particle.narc!/member_00061,0,/wazaeffect/effectdata/waza_particle.narc,354,61,,348692,350324,344760,346392,1632,d344079058f5cdc1f5dd93295abaf4ea90936b2ed6129029a6b74e6c6d23f7c8,2041505331325f310200020000000000,,Nintendo Huffman,Probable,,True,Nintendo Huffman,Probable,False,5460033,,,,,,False,False
/wazaeffect/effectdata/waza_particle.narc,/wazaeffect/effectdata/waza_particle.narc!/member_00062,0,/wazaeffect/effectdata/waza_particle.narc,354,62,,350324,354616,346392,350684,4292,4a734dc93724b1f216f49d200d037e1391a06a90d3a91a18c8e78ee61776f2b4,2041505331325f310900050000000000,,Nintendo Huffman,Probable,,True,Nintendo Huffman,Probable,False,5460033,,,,,,False,False
/wazaeffect/effectdata/waza_particle.narc,/wazaeffect/effectdata/waza_particle.narc!/member_00063,0,/wazaeffect/effectdata/waza_particle.narc,354,63,,354616,356572,350684,352640,1956,82c3b4fb157ae4213b7f6e2197ff7902e053568621558e24d9bb341118080a5a,2041505331325f310200030000000000,,Nintendo Huffman,Probable,,True,Nintendo Huffman,Probable,False,5460033,,,,,,False,False
/wazaeffect/effectdata/waza_particle.narc,/wazaeffect/effectdata/waza_particle.narc!/member_00064,0,/wazaeffect/effectdata/waza_particle.narc,354,64,,356572,362804,352640,358872,6232,65628a3c424a75b4bbfbd08a37fec1642ab37e7683de2106ea43d01064f2173d,2041505331325f310300040000000000,,Nintendo Huffman,Probable,,True,Nintendo Huffman,Probable,False,5460033,,,,,,False,False
/wazaeffect/effectdata/waza_particle.narc,/wazaeffect/effectdata/waza_particle.narc!/member_00065,0,/wazaeffect/effectdata/waza_particle.narc,354,65,,362804,363288,358872,359356,484,272422c9a4ee8f2d228e1120711ecfb29f1e3cd97797c7995ccae496ff687f83,2041505331325f310100010000000000,,Nintendo Huffman,Probable,,True,Nintendo Huffman,Probable,False,5460033,,,,,,False,False
/wazaeffect/effectdata/waza_particle.narc,/wazaeffect/effectdata/waza_particle.narc!/member_00066,0,/wazaeffect/effectdata/waza_particle.narc,354,66,,363288,369512,359356,365580,6224,3f552cf8c70ea72db3e211dee38bcc5e500f5db3d0ece493fab1de79dd6a9348,2041505331325f310300040000000000,,Nintendo Huffman,Probable,,True,Nintendo Huffman,Probable,False,5460033,,,,,,False,False
/wazaeffect/effectdata/waza_particle.narc,/wazaeffect/effectdata/waza_particle.narc!/member_00067,0,/wazaeffect/effectdata/waza_particle.narc,354,67,,369512,377372,365580,373440,7860,b30b20568d1fe377a0f9973a284ea12f6e728c5b9752cee685c2e970e512fa0d,2041505331325f310400040000000000,,Nintendo Huffman,Probable,,True,Nintendo Huffman,Probable,False,5460033,,,,,,False,False
/wazaeffect/effectdata/waza_particle.narc,/wazaeffect/effectdata/waza_particle.narc!/member_00068,0,/wazaeffect/effectdata/waza_particle.narc,354,68,,377372,382836,373440,378904,5464,0c144016d07e5b5a675d6a955b91f8d9ead30bd034f04dca94fc4873306f6029,2041505331325f310500060000000000,,Nintendo Huffman,Probable,,True,Nintendo Huffman,Probable,False,5460033,,,,,,False,False
/wazaeffect/effectdata/waza_particle.narc,/wazaeffect/effectdata/waza_particle.narc!/member_00069,0,/wazaeffect/effectdata/waza_particle.narc,354,69,,382836,382868,378904,378936,32,b29465b15cfb38d196b1b2071bc0d1b14e9ee4e59e321933ece407326f03dcf8,2041505331325f310000000000000000,,Nintendo Huffman,Probable,,True,Nintendo Huffman,Probable,False,5460033,,,,,,False,False
/wazaeffect/effectdata/waza_particle.narc,/wazaeffect/effectdata/waza_particle.narc!/member_00070,0,/wazaeffect/effectdata/waza_particle.narc,354,70,,382868,386772,378936,382840,3904,73ec96d359e752472b98d02f77b2726d38692e1fd2c1ce8ce982c39155ae3bc3,2041505331325f310300040000000000,,Nintendo Huffman,Probable,,True,Nintendo Huffman,Probable,False,5460033,,,,,,False,False
/wazaeffect/effectdata/waza_particle.narc,/wazaeffect/effectdata/waza_particle.narc!/member_00071,0,/wazaeffect/effectdata/waza_particle.narc,354,71,,386772,389176,382840,385244,2404,939ba1c7fe393399364bece0665edecd9eba0499d77b28a2409b07363b8b4c61,2041505331325f310200020000000000,,Nintendo Huffman,Probable,,True,Nintendo Huffman,Probable,False,5460033,,,,,,False,False
/wazaeffect/effectdata/waza_particle.narc,/wazaeffect/effectdata/waza_particle.narc!/member_00072,0,/wazaeffect/effectdata/waza_particle.narc,354,72,,389176,392124,385244,388192,2948,9e6a7d24d3010560cdcfaf8e856d4aa0efc2d188b50f75d352300a791eb3b0e1,2041505331325f310400030000000000,,Nintendo Huffman,Probable,,True,Nintendo Huffman,Probable,False,5460033,,,,,,False,False
/wazaeffect/effectdata/waza_particle.narc,/wazaeffect/effectdata/waza_particle.narc!/member_00073,0,/wazaeffect/effectdata/waza_particle.narc,354,73,,392124,399852,388192,395920,7728,fb77cac838dd15e8bdaa00a88271e148c75e861bb26d190e5bfca16f326dec22,2041505331325f310300030000000000,,Nintendo Huffman,Probable,,True,Nintendo Huffman,Probable,False,5460033,,,,,,False,False
/wazaeffect/effectdata/waza_particle.narc,/wazaeffect/effectdata/waza_particle.narc!/member_00074,0,/wazaeffect/effectdata/waza_particle.narc,354,74,,399852,409060,395920,405128,9208,c7b88ed22e42c9e4b607aab854999406a1527ff5be13ace44e9cdcf9c9005a88,2041505331325f310500030000000000,,Nintendo Huffman,Probable,,True,Nintendo Huffman,Probable,False,5460033,,,,,,False,False
/wazaeffect/effectdata/waza_particle.narc,/wazaeffect/effectdata/waza_particle.narc!/member_00075,0,/wazaeffect/effectdata/waza_particle.narc,354,75,,409060,410704,405128,406772,1644,ffcc43dda7f9e2bfc512c071f021a67d756461e107c01b80bc8af36b4f6ab6aa,2041505331325f310200020000000000,,Nintendo Huffman,Probable,,True,Nintendo Huffman,Probable,False,5460033,,,,,,False,False
/wazaeffect/effectdata/waza_particle.narc,/wazaeffect/effectdata/waza_particle.narc!/member_00076,0,/wazaeffect/effectdata/waza_particle.narc,354,76,,410704,412348,406772,408416,1644,ff6d8735b7c741de0e6dae2eb32ce6dffedcb49ddd123ac3fdeb972a79443f75,2041505331325f310200020000000000,,Nintendo Huffman,Probable,,True,Nintendo Huffman,Probable,False,5460033,,,,,,False,False
/wazaeffect/effectdata/waza_particle.narc,/wazaeffect/effectdata/waza_particle.narc!/member_00077,0,/wazaeffect/effectdata/waza_particle.narc,354,77,,412348,421152,408416,417220,8804,152b5ecf0f4d1d38c277242698030f736789d3ada161976d4f15c96cdf1b3ff4,2041505331325f310300050000000000,,Nintendo Huffman,Probable,,True,Nintendo Huffman,Probable,False,5460033,,,,,,False,False
/wazaeffect/effectdata/waza_particle.narc,/wazaeffect/effectdata/waza_particle.narc!/member_00078,0,/wazaeffect/effectdata/waza_particle.narc,354,78,,421152,422384,417220,418452,1232,cc69d3e1944308cdb34240c81b7cc04ca8b590395f0fc420930defea73a478a3,2041505331325f310100010000000000,,Nintendo Huffman,Probable,,True,Nintendo Huffman,Probable,False,5460033,,,,,,False,False
/wazaeffect/effectdata/waza_particle.narc,/wazaeffect/effectdata/waza_particle.narc!/member_00079,0,/wazaeffect/effectdata/waza_particle.narc,354,79,,422384,428148,418452,424216,5764,6529b51fcced0876d2ea8861d3ea671a7df162d801cc0f63d5f6a82e52997511,2041505331325f310400020000000000,,Nintendo Huffman,Probable,,True,Nintendo Huffman,Probable,False,5460033,,,,,,False,False
/wazaeffect/effectdata/waza_particle.narc,/wazaeffect/effectdata/waza_particle.narc!/member_00080,0,/wazaeffect/effectdata/waza_particle.narc,354,80,,428148,432552,424216,428620,4404,dd705bac258a696e2067ab603df2ffe7fa4b2998dcac3bbddf1d1c467d3e8b1e,2041505331325f310200010000000000,,Nintendo Huffman,Probable,,True,Nintendo Huffman,Probable,False,5460033,,,,,,False,False
/wazaeffect/effectdata/waza_particle.narc,/wazaeffect/effectdata/waza_particle.narc!/member_00081,0,/wazaeffect/effectdata/waza_particle.narc,354,81,,432552,437556,428620,433624,5004,747fc4c7178bd689efd02e1830204b247492c57f5c2c04de2db8629e00f450cd,2041505331325f310400020000000000,,Nintendo Huffman,Probable,,True,Nintendo Huffman,Probable,False,5460033,,,,,,False,False
/wazaeffect/effectdata/waza_particle.narc,/wazaeffect/effectdata/waza_particle.narc!/member_00082,0,/wazaeffect/effectdata/waza_particle.narc,354,82,,437556,438284,433624,434352,728,0fc130e5ce0a7514241cc6c02b777e70d37ffda3153bfa59bd9a359383d645b6,2041505331325f310100010000000000,,Nintendo Huffman,Probable,,True,Nintendo Huffman,Probable,False,5460033,,,,,,False,False
/wazaeffect/effectdata/waza_particle.narc,/wazaeffect/effectdata/waza_particle.narc!/member_00083,0,/wazaeffect/effectdata/waza_particle.narc,354,83,,438284,439468,434352,435536,1184,2f63cabc55ebd84f2372611fb2b8148cde83963ea9ae280c8afe70328e78b251,2041505331325f310200020000000000,,Nintendo Huffman,Probable,,True,Nintendo Huffman,Probable,False,5460033,,,,,,False,False
/wazaeffect/effectdata/waza_particle.narc,/wazaeffect/effectdata/waza_particle.narc!/member_00084,0,/wazaeffect/effectdata/waza_particle.narc,354,84,,439468,440680,435536,436748,1212,41ba6cfa06f4405a3a08a7b1db6d019e7232a7862300a5126e946ba979707c61,2041505331325f310100010000000000,,Nintendo Huffman,Probable,,True,Nintendo Huffman,Probable,False,5460033,,,,,,False,False
/wazaeffect/effectdata/waza_particle.narc,/wazaeffect/effectdata/waza_particle.narc!/member_00085,0,/wazaeffect/effectdata/waza_particle.narc,354,85,,440680,444696,436748,440764,4016,d1f13a1572c0540cd92ef45285ffbf604dd5234a700e80558948efa0f4610eb6,2041505331325f310b00030000000000,,Nintendo Huffman,Probable,,True,Nintendo Huffman,Probable,False,5460033,,,,,,False,False
/wazaeffect/effectdata/waza_particle.narc,/wazaeffect/effectdata/waza_particle.narc!/member_00086,0,/wazaeffect/effectdata/waza_particle.narc,354,86,,444696,452220,440764,448288,7524,aee3600c5b51e3042e812d56a0834fe9e3a92197664b1e9b3d1e41a1c0e8f4ce,2041505331325f310500050000000000,,Nintendo Huffman,Probable,,True,Nintendo Huffman,Probable,False,5460033,,,,,,False,False
/wazaeffect/effectdata/waza_particle.narc,/wazaeffect/effectdata/waza_particle.narc!/member_00087,0,/wazaeffect/effectdata/waza_particle.narc,354,87,,452220,452252,448288,448320,32,b29465b15cfb38d196b1b2071bc0d1b14e9ee4e59e321933ece407326f03dcf8,2041505331325f310000000000000000,,Nintendo Huffman,Probable,,True,Nintendo Huffman,Probable,False,5460033,,,,,,False,False
/wazaeffect/effectdata/waza_particle.narc,/wazaeffect/effectdata/waza_particle.narc!/member_00088,0,/wazaeffect/effectdata/waza_particle.narc,354,88,,452252,455084,448320,451152,2832,35954ea3dac017c1bf415ad1b37f1ffd16b8824c281f28b8e4342bae5a98c3d9,2041505331325f310300030000000000,,Nintendo Huffman,Probable,,True,Nintendo Huffman,Probable,False,5460033,,,,,,False,False
/wazaeffect/effectdata/waza_particle.narc,/wazaeffect/effectdata/waza_particle.narc!/member_00089,0,/wazaeffect/effectdata/waza_particle.narc,354,89,,455084,461952,451152,458020,6868,d2a3d1a3fdcd67ff49cd542ae268049ab189b8f00486aa94ab2920ba654db472,2041505331325f310500030000000000,,Nintendo Huffman,Probable,,True,Nintendo Huffman,Probable,False,5460033,,,,,,False,False
/wazaeffect/effectdata/waza_particle.narc,/wazaeffect/effectdata/waza_particle.narc!/member_00090,0,/wazaeffect/effectdata/waza_particle.narc,354,90,,461952,470436,458020,466504,8484,e8327ec3bf0f22aab5a223658716b7a07c1c332cd8bce9d68f5fb4ced6d0238f,2041505331325f310100020000000000,,Nintendo Huffman,Probable,,True,Nintendo Huffman,Probable,False,5460033,,,,,,False,False
/wazaeffect/effectdata/waza_particle.narc,/wazaeffect/effectdata/waza_particle.narc!/member_00091,0,/wazaeffect/effectdata/waza_particle.narc,354,91,,470436,478944,466504,475012,8508,a872ca47c3c9c1a0e561be4037ce19e781d4876536e5f2aa3a80c8ef6e5cc4ab,2041505331325f310100020000000000,,Nintendo Huffman,Probable,,True,Nintendo Huffman,Probable,False,5460033,,,,,,False,False
/wazaeffect/effectdata/waza_particle.narc,/wazaeffect/effectdata/waza_particle.narc!/member_00092,0,/wazaeffect/effectdata/waza_particle.narc,354,92,,478944,480172,475012,476240,1228,5a30579db781a2f64d29de4afd10f404768cb9c427d6e3bab4dc7024e6f48fc4,2041505331325f310100010000000000,,Nintendo Huffman,Probable,,True,Nintendo Huffman,Probable,False,5460033,,,,,,False,False
/wazaeffect/effectdata/waza_particle.narc,/wazaeffect/effectdata/waza_particle.narc!/member_00093,0,/wazaeffect/effectdata/waza_particle.narc,354,93,,480172,487664,476240,483732,7492,5bcf22b94dacbbbfd3da45512facd32715bc649fb8ea8c41ae1238fafa3ecb6f,2041505331325f310e00030000000000,,Nintendo Huffman,Probable,,True,Nintendo Huffman,Probable,False,5460033,,,,,,False,False
/wazaeffect/effectdata/waza_particle.narc,/wazaeffect/effectdata/waza_particle.narc!/member_00094,0,/wazaeffect/effectdata/waza_particle.narc,354,94,,487664,489276,483732,485344,1612,684ea012e3f826b17d87448a86151807ac391aed52610d57725761e5d6a2b39b,2041505331325f310200020000000000,,Nintendo Huffman,Probable,,True,Nintendo Huffman,Probable,False,5460033,,,,,,False,False
/wazaeffect/effectdata/waza_particle.narc,/wazaeffect/effectdata/waza_particle.narc!/member_00095,0,/wazaeffect/effectdata/waza_particle.narc,354,95,,489276,490888,485344,486956,1612,684ea012e3f826b17d87448a86151807ac391aed52610d57725761e5d6a2b39b,2041505331325f310200020000000000,,Nintendo Huffman,Probable,,True,Nintendo Huffman,Probable,False,5460033,,,,,,False,False
/wazaeffect/effectdata/waza_particle.narc,/wazaeffect/effectdata/waza_particle.narc!/member_00096,0,/wazaeffect/effectdata/waza_particle.narc,354,96,,490888,495316,486956,491384,4428,bd83f3d68e71838dac265492b5989470ffce84a674fe6dd87d24ab3ef842a6b3,2041505331325f310200010000000000,,Nintendo Huffman,Probable,,True,Nintendo Huffman,Probable,False,5460033,,,,,,False,False
/wazaeffect/effectdata/waza_particle.narc,/wazaeffect/effectdata/waza_particle.narc!/member_00097,0,/wazaeffect/effectdata/waza_particle.narc,354,97,,495316,500488,491384,496556,5172,5bc0155ee3c439cec068d21460395055ac724fab29f3e4ad2f1a11a44fc10bd0,2041505331325f310300030000000000,,Nintendo Huffman,Probable,,True,Nintendo Huffman,Probable,False,5460033,,,,,,False,False
/wazaeffect/effectdata/waza_particle.narc,/wazaeffect/effectdata/waza_particle.narc!/member_00098,0,/wazaeffect/effectdata/waza_particle.narc,354,98,,500488,503424,496556,499492,2936,5f79fa35a9f3371c92bcc5b96d93a7259f022586e177287fb03111768bb2a276,2041505331325f310400030000000000,,Nintendo Huffman,Probable,,True,Nintendo Huffman,Probable,False,5460033,,,,,,False,False
/wazaeffect/effectdata/waza_particle.narc,/wazaeffect/effectdata/waza_particle.narc!/member_00099,0,/wazaeffect/effectdata/waza_particle.narc,354,99,,503424,505200,499492,501268,1776,304515527bfb6cea67849d1b06ced266689c5981a984013bd9659b5dc7ce3d38,2041505331325f310300020000000000,,Nintendo Huffman,Probable,,True,Nintendo Huffman,Probable,False,5460033,,,,,,False,False
/wazaeffect/effectdata/waza_particle.narc,/wazaeffect/effectdata/waza_particle.narc!/member_00100,0,/wazaeffect/effectdata/waza_particle.narc,354,100,,505200,505232,501268,501300,32,b29465b15cfb38d196b1b2071bc0d1b14e9ee4e59e321933ece407326f03dcf8,2041505331325f310000000000000000,,Nintendo Huffman,Probable,,True,Nintendo Huffman,Probable,False,5460033,,,,,,False,False
/wazaeffect/effectdata/waza_particle.narc,/wazaeffect/effectdata/waza_particle.narc!/member_00101,0,/wazaeffect/effectdata/waza_particle.narc,354,101,,505232,507204,501300,503272,1972,3ceede9281dec3475160fd45477f23af5af2e577693046564febba09671c472d,2041505331325f310200030000000000,,Nintendo Huffman,Probable,,True,Nintendo Huffman,Probable,False,5460033,,,,,,False,False
/wazaeffect/effectdata/waza_particle.narc,/wazaeffect/effectdata/waza_particle.narc!/member_00102,0,/wazaeffect/effectdata/waza_particle.narc,354,102,,507204,509332,503272,505400,2128,f9c0bb16321ac8b75361e06f0ccb437e16f94fe19c90167bd14d2da3a031baad,2041505331325f310300030000000000,,Nintendo Huffman,Probable,,True,Nintendo Huffman,Probable,False,5460033,,,,,,False,False
/wazaeffect/effectdata/waza_particle.narc,/wazaeffect/effectdata/waza_particle.narc!/member_00103,0,/wazaeffect/effectdata/waza_particle.narc,354,103,,509332,511500,505400,507568,2168,026e7db0ba59c1c98869cb424e24fec2422a8c744943bd0f9761aa6824b18fd7,2041505331325f310300060000000000,,Nintendo Huffman,Probable,,True,Nintendo Huffman,Probable,False,5460033,,,,,,False,False
/wazaeffect/effectdata/waza_particle.narc,/wazaeffect/effectdata/waza_particle.narc!/member_00104,0,/wazaeffect/effectdata/waza_particle.narc,354,104,,511500,511532,507568,507600,32,b29465b15cfb38d196b1b2071bc0d1b14e9ee4e59e321933ece407326f03dcf8,2041505331325f310000000000000000,,Nintendo Huffman,Probable,,True,Nintendo Huffman,Probable,False,5460033,,,,,,False,False
/wazaeffect/effectdata/waza_particle.narc,/wazaeffect/effectdata/waza_particle.narc!/member_00105,0,/wazaeffect/effectdata/waza_particle.narc,354,105,,511532,514704,507600,510772,3172,4f30aa8d6cf036c5fda6152a022a1ab8e69bd615ea8a5a04ac0cd2e2f4967087,2041505331325f310300040000000000,,Nintendo Huffman,Probable,,True,Nintendo Huffman,Probable,False,5460033,,,,,,False,False
/wazaeffect/effectdata/waza_particle.narc,/wazaeffect/effectdata/waza_particle.narc!/member_00106,0,/wazaeffect/effectdata/waza_particle.narc,354,106,,514704,519840,510772,515908,5136,d6dc5b13185180cbd04d2c574545a7eabfc486a74f96d9943ab138cdd7566ef9,2041505331325f311400030000000000,,Nintendo Huffman,Probable,,True,Nintendo Huffman,Probable,False,5460033,,,,,,False,False
/wazaeffect/effectdata/waza_particle.narc,/wazaeffect/effectdata/waza_particle.narc!/member_00107,0,/wazaeffect/effectdata/waza_particle.narc,354,107,,519840,520588,515908,516656,748,65d94541aef371a348e4994a6ef2db78cb563bebd43b504e0cd558aa44b7b0d8,2041505331325f310100020000000000,,Nintendo Huffman,Probable,,True,Nintendo Huffman,Probable,False,5460033,,,,,,False,False
/wazaeffect/effectdata/waza_particle.narc,/wazaeffect/effectdata/waza_particle.narc!/member_00108,0,/wazaeffect/effectdata/waza_particle.narc,354,108,,520588,521336,516656,517404,748,d4fd47d77f3be624ac73d105e1916313dee971f8c87d40749478dc02a7d3f749,2041505331325f310100020000000000,,Nintendo Huffman,Probable,,True,Nintendo Huffman,Probable,False,5460033,,,,,,False,False
/wazaeffect/effectdata/waza_particle.narc,/wazaeffect/effectdata/waza_particle.narc!/member_00109,0,/wazaeffect/effectdata/waza_particle.narc,354,109,,521336,522084,517404,518152,748,4c7b063330d9e9d524da0d0316c3e32413c256c6cc0c427c9635b58c03f8f68a,2041505331325f310100020000000000,,Nintendo Huffman,Probable,,True,Nintendo Huffman,Probable,False,5460033,,,,,,False,False
/wazaeffect/effectdata/waza_particle.narc,/wazaeffect/effectdata/waza_particle.narc!/member_00110,0,/wazaeffect/effectdata/waza_particle.narc,354,110,,522084,531640,518152,527708,9556,dcc71c745284f2887d2d90e19261f794ef60e0cbef255e7856d541687b920f61,2041505331325f310400090000000000,,Nintendo Huffman,Probable,,True,Nintendo Huffman,Probable,False,5460033,,,,,,False,False
/wazaeffect/effectdata/waza_particle.narc,/wazaeffect/effectdata/waza_particle.narc!/member_00111,0,/wazaeffect/effectdata/waza_particle.narc,354,111,,531640,532084,527708,528152,444,bcc817132911dd328565f0e74729074da3b7c1435ca2bc0d1bef89cee6eab95b,2041505331325f310100010000000000,,Nintendo Huffman,Probable,,True,Nintendo Huffman,Probable,False,5460033,,,,,,False,False
/wazaeffect/effectdata/waza_particle.narc,/wazaeffect/effectdata/waza_particle.narc!/member_00112,0,/wazaeffect/effectdata/waza_particle.narc,354,112,,532084,533504,528152,529572,1420,54d48b2102628f6d20bdbcfedbcf6469188236d0655d6170736ecc6a76ec24aa,2041505331325f310400020000000000,,Nintendo Huffman,Probable,,True,Nintendo Huffman,Probable,False,5460033,,,,,,False,False
/wazaeffect/effectdata/waza_particle.narc,/wazaeffect/effectdata/waza_particle.narc!/member_00113,0,/wazaeffect/effectdata/waza_particle.narc,354,113,,533504,535408,529572,531476,1904,3d2c39185a2d9019cd7d7dfc823d56a6b111435552034ce9af0152d983236350,2041505331325f310200020000000000,,Nintendo Huffman,Probable,,True,Nintendo Huffman,Probable,False,5460033,,,,,,False,False
/wazaeffect/effectdata/waza_particle.narc,/wazaeffect/effectdata/waza_particle.narc!/member_00114,0,/wazaeffect/effectdata/waza_particle.narc,354,114,,535408,537844,531476,533912,2436,ba74cc26e50542ab88cd32756c35c2de16ed5d5a4ed5dff41501f6036d6d8eb9,2041505331325f310200020000000000,,Nintendo Huffman,Probable,,True,Nintendo Huffman,Probable,False,5460033,,,,,,False,False
/wazaeffect/effectdata/waza_particle.narc,/wazaeffect/effectdata/waza_particle.narc!/member_00115,0,/wazaeffect/effectdata/waza_particle.narc,354,115,,537844,541904,533912,537972,4060,5224b1e0a18ff32878c68b9735086911d760ba0af9bc1b630ff0fb0e17638565,2041505331325f310400040000000000,,Nintendo Huffman,Probable,,True,Nintendo Huffman,Probable,False,5460033,,,,,,False,False
/wazaeffect/effectdata/waza_particle.narc,/wazaeffect/effectdata/waza_particle.narc!/member_00116,0,/wazaeffect/effectdata/waza_particle.narc,354,116,,541904,552732,537972,548800,10828,f616a01010759a1674fafdaaa7c7fbd28694a16db07d58f3556a1afe2129f07f,2041505331325f310300040000000000,,Nintendo Huffman,Probable,,True,Nintendo Huffman,Probable,False,5460033,,,,,,False,False
/wazaeffect/effectdata/waza_particle.narc,/wazaeffect/effectdata/waza_particle.narc!/member_00117,0,/wazaeffect/effectdata/waza_particle.narc,354,117,,552732,562612,548800,558680,9880,147feb497df4755d1e0c9d919cf5989904e70819d790e7a4797329cafd7fa048,2041505331325f310600090000000000,,Nintendo Huffman,Probable,,True,Nintendo Huffman,Probable,False,5460033,,,,,,False,False
/wazaeffect/effectdata/waza_particle.narc,/wazaeffect/effectdata/waza_particle.narc!/member_00118,0,/wazaeffect/effectdata/waza_particle.narc,354,118,,562612,564076,558680,560144,1464,4836ac28e8c42ac28e5b82836207d3bb113c8513fae0e5907f9b7bef3a2390b9,2041505331325f310300010000000000,,Nintendo Huffman,Probable,,True,Nintendo Huffman,Probable,False,5460033,,,,,,False,False
/wazaeffect/effectdata/waza_particle.narc,/wazaeffect/effectdata/waza_particle.narc!/member_00119,0,/wazaeffect/effectdata/waza_particle.narc,354,119,,564076,565304,560144,561372,1228,64c4eae66a9ff8fece1a3dc3dc85c16d78dac2dbc519a90b5016dd578877f5cd,2041505331325f310100010000000000,,Nintendo Huffman,Probable,,True,Nintendo Huffman,Probable,False,5460033,,,,,,False,False
/wazaeffect/effectdata/waza_particle.narc,/wazaeffect/effectdata/waza_particle.narc!/member_00120,0,/wazaeffect/effectdata/waza_particle.narc,354,120,,565304,566880,561372,562948,1576,4fe7297097726838a8f0531138879f629036e28a21da8c21cf1e1753ea5eb60d,2041505331325f310400010000000000,,Nintendo Huffman,Probable,,True,Nintendo Huffman,Probable,False,5460033,,,,,,False,False
/wazaeffect/effectdata/waza_particle.narc,/wazaeffect/effectdata/waza_particle.narc!/member_00121,0,/wazaeffect/effectdata/waza_particle.narc,354,121,,566880,572608,562948,568676,5728,54bd22c859bce6c86668f179039683bab38492e39909374d4e2b6ccb1a28b824,2041505331325f310400020000000000,,Nintendo Huffman,Probable,,True,Nintendo Huffman,Probable,False,5460033,,,,,,False,False
/wazaeffect/effectdata/waza_particle.narc,/wazaeffect/effectdata/waza_particle.narc!/member_00122,0,/wazaeffect/effectdata/waza_particle.narc,354,122,,572608,575460,568676,571528,2852,d3aaf476f88f93436ae25ff47ccecbc2a34c8426cbc4cc254a339a06daeb042f,2041505331325f310300030000000000,,Nintendo Huffman,Probable,,True,Nintendo Huffman,Probable,False,5460033,,,,,,False,False
/wazaeffect/effectdata/waza_particle.narc,/wazaeffect/effectdata/waza_particle.narc!/member_00123,0,/wazaeffect/effectdata/waza_particle.narc,354,123,,575460,580196,571528,576264,4736,0d97f0708268fc846b18a775bc7b47139a2b33531dcbf670d75d60018bf49ab6,2041505331325f310200020000000000,,Nintendo Huffman,Probable,,True,Nintendo Huffman,Probable,False,5460033,,,,,,False,False
/wazaeffect/effectdata/waza_particle.narc,/wazaeffect/effectdata/waza_particle.narc!/member_00124,0,/wazaeffect/effectdata/waza_particle.narc,354,124,,580196,580228,576264,576296,32,b29465b15cfb38d196b1b2071bc0d1b14e9ee4e59e321933ece407326f03dcf8,2041505331325f310000000000000000,,Nintendo Huffman,Probable,,True,Nintendo Huffman,Probable,False,5460033,,,,,,False,False
/wazaeffect/effectdata/waza_particle.narc,/wazaeffect/effectdata/waza_particle.narc!/member_00125,0,/wazaeffect/effectdata/waza_particle.narc,354,125,,580228,586664,576296,582732,6436,96c9f0bdc35e9d7bd622284a6df090a0971fed9b3c85aec0e72691c855b609e7,2041505331325f310500040000000000,,Nintendo Huffman,Probable,,True,Nintendo Huffman,Probable,False,5460033,,,,,,False,False
/wazaeffect/effectdata/waza_particle.narc,/wazaeffect/effectdata/waza_particle.narc!/member_00126,0,/wazaeffect/effectdata/waza_particle.narc,354,126,,586664,588328,582732,584396,1664,9440e7ad79a48ea4f6bee94fcd8bd1b5ecc1ded188b8b0b3f7f031406e8649ad,2041505331325f310200020000000000,,Nintendo Huffman,Probable,,True,Nintendo Huffman,Probable,False,5460033,,,,,,False,False
/wazaeffect/effectdata/waza_particle.narc,/wazaeffect/effectdata/waza_particle.narc!/member_00127,0,/wazaeffect/effectdata/waza_particle.narc,354,127,,588328,588920,584396,584988,592,bd46db5aab3abc97717da1f406ac1e3b9c9a37798cbcb190bad3e1fe0510a67f,2041505331325f310200010000000000,,Nintendo Huffman,Probable,,True,Nintendo Huffman,Probable,False,5460033,,,,,,False,False
/wazaeffect/effectdata/waza_particle.narc,/wazaeffect/effectdata/waza_particle.narc!/member_00128,0,/wazaeffect/effectdata/waza_particle.narc,354,128,,588920,589824,584988,585892,904,063983a27140ac4b5d5243289c6ad35ac8b909fb21fdd6998daabff10fef737d,2041505331325f310200020000000000,,Nintendo Huffman,Probable,,True,Nintendo Huffman,Probable,False,5460033,,,,,,False,False
/wazaeffect/effectdata/waza_particle.narc,/wazaeffect/effectdata/waza_particle.narc!/member_00129,0,/wazaeffect/effectdata/waza_particle.narc,354,129,,589824,594420,585892,590488,4596,fb6861e1e2bd4355db3fcebc3ba8c63ddfca5074ff1672b91bd6fda58f042067,2041505331325f310100020000000000,,Nintendo Huffman,Probable,,True,Nintendo Huffman,Probable,False,5460033,,,,,,False,False
/wazaeffect/effectdata/waza_particle.narc,/wazaeffect/effectdata/waza_particle.narc!/member_00130,0,/wazaeffect/effectdata/waza_particle.narc,354,130,,594420,595292,590488,591360,872,616f9bdbac35360fee85ff84b626bde22ba74db38eb89952e731219e785c45ac,2041505331325f310200020000000000,,Nintendo Huffman,Probable,,True,Nintendo Huffman,Probable,False,5460033,,,,,,False,False
/wazaeffect/effectdata/waza_particle.narc,/wazaeffect/effectdata/waza_particle.narc!/member_00131,0,/wazaeffect/effectdata/waza_particle.narc,354,131,,595292,596920,591360,592988,1628,8d99c93db6aeacac46334791e31ca0944338698a1fab392fad2922f153037294,2041505331325f310200020000000000,,Nintendo Huffman,Probable,,True,Nintendo Huffman,Probable,False,5460033,,,,,,False,False
/wazaeffect/effectdata/waza_particle.narc,/wazaeffect/effectdata/waza_particle.narc!/member_00132,0,/wazaeffect/effectdata/waza_particle.narc,354,132,,596920,599172,592988,595240,2252,8364854dbc5e300fe9eacaf1024efed85ccdb14a96199116df473c52393b9346,2041505331325f310200040000000000,,Nintendo Huffman,Probable,,True,Nintendo Huffman,Probable,False,5460033,,,,,,False,False
/wazaeffect/effectdata/waza_particle.narc,/wazaeffect/effectdata/waza_particle.narc!/member_00133,0,/wazaeffect/effectdata/waza_particle.narc,354,133,,599172,603476,595240,599544,4304,a2fbaf0ac38168813a9db62779fbbadaf8c8e89af2206f1bbbc4e02b77231d34,2041505331325f310100010000000000,,Nintendo Huffman,Probable,,True,Nintendo Huffman,Probable,False,5460033,,,,,,False,False
/wazaeffect/effectdata/waza_particle.narc,/wazaeffect/effectdata/waza_particle.narc!/member_00134,0,/wazaeffect/effectdata/waza_particle.narc,354,134,,603476,613100,599544,609168,9624,013a46aa1e0d4b28a61f6f9545cfde11518b7fa43709852a7a0826d7b640c9f7,2041505331325f310200030000000000,,Nintendo Huffman,Probable,,True,Nintendo Huffman,Probable,False,5460033,,,,,,False,False
/wazaeffect/effectdata/waza_particle.narc,/wazaeffect/effectdata/waza_particle.narc!/member_00135,0,/wazaeffect/effectdata/waza_particle.narc,354,135,,613100,614004,609168,610072,904,55e6812602db60836a94aba32c009dcd43aa7ff1edf495750684d8e0f78162c8,2041505331325f310200020000000000,,Nintendo Huffman,Probable,,True,Nintendo Huffman,Probable,False,5460033,,,,,,False,False
/wazaeffect/effectdata/waza_particle.narc,/wazaeffect/effectdata/waza_particle.narc!/member_00136,0,/wazaeffect/effectdata/waza_particle.narc,354,136,,614004,628068,610072,624136,14064,1c4a07b257c6e18b969800134d3504ba31930cf4cda5a0b78df5170cb8616fc1,2041505331325f310400050000000000,,Nintendo Huffman,Probable,,True,Nintendo Huffman,Probable,False,5460033,,,,,,False,False
/wazaeffect/effectdata/waza_particle.narc,/wazaeffect/effectdata/waza_particle.narc!/member_00137,0,/wazaeffect/effectdata/waza_particle.narc,354,137,,628068,633544,624136,629612,5476,4d26d2307eb8da797a7e0ad0fa88bf4ab35461a467593a42aa847541deffb477,2041505331325f310200020000000000,,Nintendo Huffman,Probable,,True,Nintendo Huffman,Probable,False,5460033,,,,,,False,False
/wazaeffect/effectdata/waza_particle.narc,/wazaeffect/effectdata/waza_particle.narc!/member_00138,0,/wazaeffect/effectdata/waza_particle.narc,354,138,,633544,638212,629612,634280,4668,543d6cbc48bde6491f0188f3a92b985f364d95d7cdca2fbfcdaa59a6aa6e774d,2041505331325f310200020000000000,,Nintendo Huffman,Probable,,True,Nintendo Huffman,Probable,False,5460033,,,,,,False,False
/wazaeffect/effectdata/waza_particle.narc,/wazaeffect/effectdata/waza_particle.narc!/member_00139,0,/wazaeffect/effectdata/waza_particle.narc,354,139,,638212,642884,634280,638952,4672,e86f582548bbe664d9c71c91297cbadd288a7a096a008bebbd0c654f2a702b7d,2041505331325f310200020000000000,,Nintendo Huffman,Probable,,True,Nintendo Huffman,Probable,False,5460033,,,,,,False,False
/wazaeffect/effectdata/waza_particle.narc,/wazaeffect/effectdata/waza_particle.narc!/member_00140,0,/wazaeffect/effectdata/waza_particle.narc,354,140,,642884,651336,638952,647404,8452,76423378313aa56be6d32958e2ccfd13941b1344f7d527a30a3ab69d5d918c89,2041505331325f310200010000000000,,Nintendo Huffman,Probable,,True,Nintendo Huffman,Probable,False,5460033,,,,,,False,False
/wazaeffect/effectdata/waza_particle.narc,/wazaeffect/effectdata/waza_particle.narc!/member_00141,0,/wazaeffect/effectdata/waza_particle.narc,354,141,,651336,656328,647404,652396,4992,e474d9d4977a4f4dba3db2cee60a53ad960af1935a9e5e4a0c8ee2fdcf0c2d72,2041505331325f310200030000000000,,Nintendo Huffman,Probable,,True,Nintendo Huffman,Probable,False,5460033,,,,,,False,False
/wazaeffect/effectdata/waza_particle.narc,/wazaeffect/effectdata/waza_particle.narc!/member_00142,0,/wazaeffect/effectdata/waza_particle.narc,354,142,,656328,657196,652396,653264,868,4ae8a2e69696ea95a0508fbcee54d7a68209df896c3b420b72a1b09c2f4ce764,2041505331325f310200020000000000,,Nintendo Huffman,Probable,,True,Nintendo Huffman,Probable,False,5460033,,,,,,False,False
/wazaeffect/effectdata/waza_particle.narc,/wazaeffect/effectdata/waza_particle.narc!/member_00143,0,/wazaeffect/effectdata/waza_particle.narc,354,143,,657196,661504,653264,657572,4308,dde32f40af45219388fcb4ead319222080acdc73233e34b873edf0913d1cd494,2041505331325f310100010000000000,,Nintendo Huffman,Probable,,True,Nintendo Huffman,Probable,False,5460033,,,,,,False,False
/wazaeffect/effectdata/waza_particle.narc,/wazaeffect/effectdata/waza_particle.narc!/member_00144,0,/wazaeffect/effectdata/waza_particle.narc,354,144,,661504,667504,657572,663572,6000,717b0856530434c66e9580cd08a02f25a34e77489273e88b99def1bfd2716009,2041505331325f310300050000000000,,Nintendo Huffman,Probable,,True,Nintendo Huffman,Probable,False,5460033,,,,,,False,False
/wazaeffect/effectdata/waza_particle.narc,/wazaeffect/effectdata/waza_particle.narc!/member_00145,0,/wazaeffect/effectdata/waza_particle.narc,354,145,,667504,674888,663572,670956,7384,de7af9cbc82718812d0dce7f01a1ba7a6b78b6752586809e9086770dd8a9ecfe,2041505331325f310400050000000000,,Nintendo Huffman,Probable,,True,Nintendo Huffman,Probable,False,5460033,,,,,,False,False
/wazaeffect/effectdata/waza_particle.narc,/wazaeffect/effectdata/waza_particle.narc!/member_00146,0,/wazaeffect/effectdata/waza_particle.narc,354,146,,674888,679160,670956,675228,4272,dd1e21189eeacc0aa715638d1bcf0c67f659f38d8f2d9d2db1acf12d0043d4e2,2041505331325f310100010000000000,,Nintendo Huffman,Probable,,True,Nintendo Huffman,Probable,False,5460033,,,,,,False,False
/wazaeffect/effectdata/waza_particle.narc,/wazaeffect/effectdata/waza_particle.narc!/member_00147,0,/wazaeffect/effectdata/waza_particle.narc,354,147,,679160,680392,675228,676460,1232,c3d32ae490d56a39d7667adae9d8e9216703fcb44b01a0227e3b8da72ee4c9aa,2041505331325f310100010000000000,,Nintendo Huffman,Probable,,True,Nintendo Huffman,Probable,False,5460033,,,,,,False,False
/wazaeffect/effectdata/waza_particle.narc,/wazaeffect/effectdata/waza_particle.narc!/member_00148,0,/wazaeffect/effectdata/waza_particle.narc,354,148,,680392,686204,676460,682272,5812,d9dec933a3b3bcf12d399aa7c717e32c8bdab495bb580ea3ae91334968f13ac4,2041505331325f310200030000000000,,Nintendo Huffman,Probable,,True,Nintendo Huffman,Probable,False,5460033,,,,,,False,False
/wazaeffect/effectdata/waza_particle.narc,/wazaeffect/effectdata/waza_particle.narc!/member_00149,0,/wazaeffect/effectdata/waza_particle.narc,354,149,,686204,689036,682272,685104,2832,d082d567a9d1f99b5333e85fef504348bd12f3308a2b3a70792e78042215d9ad,2041505331325f310300030000000000,,Nintendo Huffman,Probable,,True,Nintendo Huffman,Probable,False,5460033,,,,,,False,False
/wazaeffect/effectdata/waza_particle.narc,/wazaeffect/effectdata/waza_particle.narc!/member_00150,0,/wazaeffect/effectdata/waza_particle.narc,354,150,,689036,690908,685104,686976,1872,8fff14424ce49f107fb25ea99310b54456e399284a21ebc012fa3a55f3714e56,2041505331325f310700020000000000,,Nintendo Huffman,Probable,,True,Nintendo Huffman,Probable,False,5460033,,,,,,False,False
/wazaeffect/effectdata/waza_particle.narc,/wazaeffect/effectdata/waza_particle.narc!/member_00151,0,/wazaeffect/effectdata/waza_particle.narc,354,151,,690908,696760,686976,692828,5852,883effc17a800b9f7ad25d18198d5345c8fd39be35d17e3bf949aff3d103e15b,2041505331325f310200030000000000,,Nintendo Huffman,Probable,,True,Nintendo Huffman,Probable,False,5460033,,,,,,False,False
/wazaeffect/effectdata/waza_particle.narc,/wazaeffect/effectdata/waza_particle.narc!/member_00152,0,/wazaeffect/effectdata/waza_particle.narc,354,152,,696760,701668,692828,697736,4908,1b415f3e0990a8a495a0562d3dfb16e26989714e8e094fb84c0d63bd03eda2af,2041505331325f310300030000000000,,Nintendo Huffman,Probable,,True,Nintendo Huffman,Probable,False,5460033,,,,,,False,False
/wazaeffect/effectdata/waza_particle.narc,/wazaeffect/effectdata/waza_particle.narc!/member_00153,0,/wazaeffect/effectdata/waza_particle.narc,354,153,,701668,708932,697736,705000,7264,89a914f8733d8fb46f1e174b42d01a2fc3d0f2db1bca9c079ee4840976f016a0,2041505331325f310300050000000000,,Nintendo Huffman,Probable,,True,Nintendo Huffman,Probable,False,5460033,,,,,,False,False
/wazaeffect/effectdata/waza_particle.narc,/wazaeffect/effectdata/waza_particle.narc!/member_00154,0,/wazaeffect/effectdata/waza_particle.narc,354,154,,708932,715024,705000,711092,6092,708bca3cb68791906dc1e2d0a40340f2396f241cf777ca5e0aaa6b6f21677f02,2041505331325f310200040000000000,,Nintendo Huffman,Probable,,True,Nintendo Huffman,Probable,False,5460033,,,,,,False,False
/wazaeffect/effectdata/waza_particle.narc,/wazaeffect/effectdata/waza_particle.narc!/member_00155,0,/wazaeffect/effectdata/waza_particle.narc,354,155,,715024,716652,711092,712720,1628,6d6d1006bf48edbd99adf3369feaf8c86186d3972f6ebcba0aada2e041f4dc21,2041505331325f310200020000000000,,Nintendo Huffman,Probable,,True,Nintendo Huffman,Probable,False,5460033,,,,,,False,False
/wazaeffect/effectdata/waza_particle.narc,/wazaeffect/effectdata/waza_particle.narc!/member_00156,0,/wazaeffect/effectdata/waza_particle.narc,354,156,,716652,716684,712720,712752,32,b29465b15cfb38d196b1b2071bc0d1b14e9ee4e59e321933ece407326f03dcf8,2041505331325f310000000000000000,,Nintendo Huffman,Probable,,True,Nintendo Huffman,Probable,False,5460033,,,,,,False,False
/wazaeffect/effectdata/waza_particle.narc,/wazaeffect/effectdata/waza_particle.narc!/member_00157,0,/wazaeffect/effectdata/waza_particle.narc,354,157,,716684,722160,712752,718228,5476,330f99e2f3a6c0abf29a9479dc9977ea6af5f4bdabec64e86ebedfd2f5dfadc5,2041505331325f310200020000000000,,Nintendo Huffman,Probable,,True,Nintendo Huffman,Probable,False,5460033,,,,,,False,False
/wazaeffect/effectdata/waza_particle.narc,/wazaeffect/effectdata/waza_particle.narc!/member_00158,0,/wazaeffect/effectdata/waza_particle.narc,354,158,,722160,727312,718228,723380,5152,53b338f8f3f27081eef9115e981e3d94b7310fe89a6337d33f37eebfcf23f992,2041505331325f310500050000000000,,Nintendo Huffman,Probable,,True,Nintendo Huffman,Probable,False,5460033,,,,,,False,False
/wazaeffect/effectdata/waza_particle.narc,/wazaeffect/effectdata/waza_particle.narc!/member_00159,0,/wazaeffect/effectdata/waza_particle.narc,354,159,,727312,729548,723380,725616,2236,28ee7b5bd124d5a6271a092d4f9e656dc0e3894aef2205d682eb2892e016fac8,2041505331325f310200040000000000,,Nintendo Huffman,Probable,,True,Nintendo Huffman,Probable,False,5460033,,,,,,False,False
/wazaeffect/effectdata/waza_particle.narc,/wazaeffect/effectdata/waza_particle.narc!/member_00160,0,/wazaeffect/effectdata/waza_particle.narc,354,160,,729548,732548,725616,728616,3000,30326f05d95f5f31ba14af9e55b853cc9961ce7be7e181514fce9152a812dcd8,2041505331325f310500030000000000,,Nintendo Huffman,Probable,,True,Nintendo Huffman,Probable,False,5460033,,,,,,False,False
/wazaeffect/effectdata/waza_particle.narc,/wazaeffect/effectdata/waza_particle.narc!/member_00161,0,/wazaeffect/effectdata/waza_particle.narc,354,161,,732548,738376,728616,734444,5828,c4b732314816cb02aced17e042b5fe4782e35d630047a97fb153c27f5f67966e,2041505331325f310200030000000000,,Nintendo Huffman,Probable,,True,Nintendo Huffman,Probable,False,5460033,,,,,,False,False
/wazaeffect/effectdata/waza_particle.narc,/wazaeffect/effectdata/waza_particle.narc!/member_00162,0,/wazaeffect/effectdata/waza_particle.narc,354,162,,738376,742844,734444,738912,4468,1be536032ad77ab4168c806caa431f3f6045c12ade4cb611b444bef189a80fc0,2041505331325f310200010000000000,,Nintendo Huffman,Probable,,True,Nintendo Huffman,Probable,False,5460033,,,,,,False,False
/wazaeffect/effectdata/waza_particle.narc,/wazaeffect/effectdata/waza_particle.narc!/member_00163,0,/wazaeffect/effectdata/waza_particle.narc,354,163,,742844,748752,738912,744820,5908,3ea1e1d194311c268e96811d8356ddf776ac1c79b7e6f3e047682ab40603ed97,2041505331325f310300030000000000,,Nintendo Huffman,Probable,,True,Nintendo Huffman,Probable,False,5460033,,,,,,False,False
/wazaeffect/effectdata/waza_particle.narc,/wazaeffect/effectdata/waza_particle.narc!/member_00164,0,/wazaeffect/effectdata/waza_particle.narc,354,164,,748752,753116,744820,749184,4364,7542c671d3aaecf372f76589f69939aa5d0d79a9fa86c5533cd59ddf4f17ed56,2041505331325f310400050000000000,,Nintendo Huffman,Probable,,True,Nintendo Huffman,Probable,False,5460033,,,,,,False,False
/wazaeffect/effectdata/waza_particle.narc,/wazaeffect/effectdata/waza_particle.narc!/member_00165,0,/wazaeffect/effectdata/waza_particle.narc,354,165,,753116,753888,749184,749956,772,a6f592a232093bd13878946a0c0aba317c1213f4c17b1e9155657d9d39dc9645,2041505331325f310200020000000000,,Nintendo Huffman,Probable,,True,Nintendo Huffman,Probable,False,5460033,,,,,,False,False
/wazaeffect/effectdata/waza_particle.narc,/wazaeffect/effectdata/waza_particle.narc!/member_00166,0,/wazaeffect/effectdata/waza_particle.narc,354,166,,753888,760412,749956,756480,6524,fdbd43f148b044aac90a98f97ed00cb384d45fd0d92eebccc3a721d52d4a3c84,2041505331325f310700050000000000,,Nintendo Huffman,Probable,,True,Nintendo Huffman,Probable,False,5460033,,,,,,False,False
/wazaeffect/effectdata/waza_particle.narc,/wazaeffect/effectdata/waza_particle.narc!/member_00167,0,/wazaeffect/effectdata/waza_particle.narc,354,167,,760412,764884,756480,760952,4472,9fe3958b35c5522680c894a81e3621d481feaa565c459c65557d33f9e30878bf,2041505331325f310200010000000000,,Nintendo Huffman,Probable,,True,Nintendo Huffman,Probable,False,5460033,,,,,,False,False
/wazaeffect/effectdata/waza_particle.narc,/wazaeffect/effectdata/waza_particle.narc!/member_00168,0,/wazaeffect/effectdata/waza_particle.narc,354,168,,764884,768428,760952,764496,3544,e6e6b2ca937e40773456ebe3c0486fdb58f4d7348ef8b02af5ad058d20e15273,2041505331325f310200030000000000,,Nintendo Huffman,Probable,,True,Nintendo Huffman,Probable,False,5460033,,,,,,False,False
/wazaeffect/effectdata/waza_particle.narc,/wazaeffect/effectdata/waza_particle.narc!/member_00169,0,/wazaeffect/effectdata/waza_particle.narc,354,169,,768428,769188,764496,765256,760,6ef7089e631876993945cf96aa98a36a6d383b17c0c1ea504604886eb680fee3,2041505331325f310100020000000000,,Nintendo Huffman,Probable,,True,Nintendo Huffman,Probable,False,5460033,,,,,,False,False
/wazaeffect/effectdata/waza_particle.narc,/wazaeffect/effectdata/waza_particle.narc!/member_00170,0,/wazaeffect/effectdata/waza_particle.narc,354,170,,769188,770832,765256,766900,1644,e00c7042c9800986b99f40f00f2497822f9898ddb8ce55803e066fcdc22402bf,2041505331325f310200020000000000,,Nintendo Huffman,Probable,,True,Nintendo Huffman,Probable,False,5460033,,,,,,False,False
/wazaeffect/effectdata/waza_particle.narc,/wazaeffect/effectdata/waza_particle.narc!/member_00171,0,/wazaeffect/effectdata/waza_particle.narc,354,171,,770832,772192,766900,768260,1360,c7924bda438b2fe9529195e668fa8e7e217b3841469807bff3bdd37d139bf621,2041505331325f310200010000000000,,Nintendo Huffman,Probable,,True,Nintendo Huffman,Probable,False,5460033,,,,,,False,False
/wazaeffect/effectdata/waza_particle.narc,/wazaeffect/effectdata/waza_particle.narc!/member_00172,0,/wazaeffect/effectdata/waza_particle.narc,354,172,,772192,773436,768260,769504,1244,3a7ecd57696a907b72924fbe5bbcec88bc17205dec95f151028b853d8fab4d67,2041505331325f310100010000000000,,Nintendo Huffman,Probable,,True,Nintendo Huffman,Probable,False,5460033,,,,,,False,False
/wazaeffect/effectdata/waza_particle.narc,/wazaeffect/effectdata/waza_particle.narc!/member_00173,0,/wazaeffect/effectdata/waza_particle.narc,354,173,,773436,784324,769504,780392,10888,bf268f485a21b6dbb26bb9a38acdce1ff4a4b42883851440f9e8d6b76c71688a,2041505331325f310300040000000000,,Nintendo Huffman,Probable,,True,Nintendo Huffman,Probable,False,5460033,,,,,,False,False
/wazaeffect/effectdata/waza_particle.narc,/wazaeffect/effectdata/waza_particle.narc!/member_00174,0,/wazaeffect/effectdata/waza_particle.narc,354,174,,784324,790472,780392,786540,6148,bbc05c99dbdd487484874992f0f46224a2f177edbe06c9629f627a3214a40916,2041505331325f310400050000000000,,Nintendo Huffman,Probable,,True,Nintendo Huffman,Probable,False,5460033,,,,,,False,False
/wazaeffect/effectdata/waza_particle.narc,/wazaeffect/effectdata/waza_particle.narc!/member_00175,0,/wazaeffect/effectdata/waza_particle.narc,354,175,,790472,794892,786540,790960,4420,78949b5ec4427e5b3cd73702a8311efdf2f5c5072c76919e12cdf771840bb71f,2041505331325f310200010000000000,,Nintendo Huffman,Probable,,True,Nintendo Huffman,Probable,False,5460033,,,,,,False,False
/wazaeffect/effectdata/waza_particle.narc,/wazaeffect/effectdata/waza_particle.narc!/member_00176,0,/wazaeffect/effectdata/waza_particle.narc,354,176,,794892,796540,790960,792608,1648,3f3171c79cf4609292ea02f0841b3eddd09f63edaa1c40f8b4547db580ef2eb1,2041505331325f310200020000000000,,Nintendo Huffman,Probable,,True,Nintendo Huffman,Probable,False,5460033,,,,,,False,False
/wazaeffect/effectdata/waza_particle.narc,/wazaeffect/effectdata/waza_particle.narc!/member_00177,0,/wazaeffect/effectdata/waza_particle.narc,354,177,,796540,802452,792608,798520,5912,253f6db5e156e0dd78de5fdf63a30476b6bf8af139a441f0245e0009c3f0c851,2041505331325f310300030000000000,,Nintendo Huffman,Probable,,True,Nintendo Huffman,Probable,False,5460033,,,,,,False,False
/wazaeffect/effectdata/waza_particle.narc,/wazaeffect/effectdata/waza_particle.narc!/member_00178,0,/wazaeffect/effectdata/waza_particle.narc,354,178,,802452,808004,798520,804072,5552,e6375cdf0c42883b0c0d6064460fd4ae31a7fa840d518d3191f6b5afdb9e5e12,2041505331325f310400040000000000,,Nintendo Huffman,Probable,,True,Nintendo Huffman,Probable,False,5460033,,,,,,False,False
/wazaeffect/effectdata/waza_particle.narc,/wazaeffect/effectdata/waza_particle.narc!/member_00179,0,/wazaeffect/effectdata/waza_particle.narc,354,179,,808004,811472,804072,807540,3468,e65576c2ffef6a8aadffca91f542ee11451deaf830e3ac3eaab8cd710df0280c,2041505331325f310200030000000000,,Nintendo Huffman,Probable,,True,Nintendo Huffman,Probable,False,5460033,,,,,,False,False
/wazaeffect/effectdata/waza_particle.narc,/wazaeffect/effectdata/waza_particle.narc!/member_00180,0,/wazaeffect/effectdata/waza_particle.narc,354,180,,811472,811920,807540,807988,448,d92d026d2f8e3a3ffe5c731478a1c98ebaf02635c26a202ecd76e50a3ac0a4a5,2041505331325f310100010000000000,,Nintendo Huffman,Probable,,True,Nintendo Huffman,Probable,False,5460033,,,,,,False,False
/wazaeffect/effectdata/waza_particle.narc,/wazaeffect/effectdata/waza_particle.narc!/member_00181,0,/wazaeffect/effectdata/waza_particle.narc,354,181,,811920,820212,807988,816280,8292,f6aaabcb7c89770ad1601746a7a8f4d91eef4224fac038cec67dd900efdf7d92,2041505331325f310800080000000000,,Nintendo Huffman,Probable,,True,Nintendo Huffman,Probable,False,5460033,,,,,,False,False
/wazaeffect/effectdata/waza_particle.narc,/wazaeffect/effectdata/waza_particle.narc!/member_00182,0,/wazaeffect/effectdata/waza_particle.narc,354,182,,820212,825788,816280,821856,5576,488b398393c6aa9377fdc6741c04a6088ac50506b397a58a1e87a736f9f62fa9,2041505331325f310400040000000000,,Nintendo Huffman,Probable,,True,Nintendo Huffman,Probable,False,5460033,,,,,,False,False
/wazaeffect/effectdata/waza_particle.narc,/wazaeffect/effectdata/waza_particle.narc!/member_00183,0,/wazaeffect/effectdata/waza_particle.narc,354,183,,825788,827396,821856,823464,1608,ca711d0654ef458ed4d98dcf3c42de1ffe6c9b3fbcb7669d229cc98063d4e524,2041505331325f310300040000000000,,Nintendo Huffman,Probable,,True,Nintendo Huffman,Probable,False,5460033,,,,,,False,False
/wazaeffect/effectdata/waza_particle.narc,/wazaeffect/effectdata/waza_particle.narc!/member_00184,0,/wazaeffect/effectdata/waza_particle.narc,354,184,,827396,827428,823464,823496,32,b29465b15cfb38d196b1b2071bc0d1b14e9ee4e59e321933ece407326f03dcf8,2041505331325f310000000000000000,,Nintendo Huffman,Probable,,True,Nintendo Huffman,Probable,False,5460033,,,,,,False,False
/wazaeffect/effectdata/waza_particle.narc,/wazaeffect/effectdata/waza_particle.narc!/member_00185,0,/wazaeffect/effectdata/waza_particle.narc,354,185,,827428,827892,823496,823960,464,6c01330478efbc825e9fb46df393269dd80023d9c27802e95062187a81ad3dd0,2041505331325f310100010000000000,,Nintendo Huffman,Probable,,True,Nintendo Huffman,Probable,False,5460033,,,,,,False,False
/wazaeffect/effectdata/waza_particle.narc,/wazaeffect/effectdata/waza_particle.narc!/member_00186,0,/wazaeffect/effectdata/waza_particle.narc,354,186,,827892,834420,823960,830488,6528,0041c734f74340936824ad30080f6c7df8759db81f94da3bf71613d275c7f50c,2041505331325f310200030000000000,,Nintendo Huffman,Probable,,True,Nintendo Huffman,Probable,False,5460033,,,,,,False,False
/wazaeffect/effectdata/waza_particle.narc,/wazaeffect/effectdata/waza_particle.narc!/member_00187,0,/wazaeffect/effectdata/waza_particle.narc,354,187,,834420,840212,830488,836280,5792,5494e237fcbcbbf6898200f1583ea940dfe07373ed4cbca6a8b9e4750cc7dd7c,2041505331325f310200030000000000,,Nintendo Huffman,Probable,,True,Nintendo Huffman,Probable,False,5460033,,,,,,False,False
/wazaeffect/effectdata/waza_particle.narc,/wazaeffect/effectdata/waza_particle.narc!/member_00188,0,/wazaeffect/effectdata/waza_particle.narc,354,188,,840212,842564,836280,838632,2352,1214b568a1f820580c469e130ea3f505a49df5c4590188f6b6061d6647daaa5e,2041505331325f310300040000000000,,Nintendo Huffman,Probable,,True,Nintendo Huffman,Probable,False,5460033,,,,,,False,False
/wazaeffect/effectdata/waza_particle.narc,/wazaeffect/effectdata/waza_particle.narc!/member_00189,0,/wazaeffect/effectdata/waza_particle.narc,354,189,,842564,861008,838632,857076,18444,9a67b5d37df04af44706a183fc9c336eb83c411304248ec8209334364b8a75d5,2041505331325f310300040000000000,,Nintendo Huffman,Probable,,True,Nintendo Huffman,Probable,False,5460033,,,,,,False,False
/wazaeffect/effectdata/waza_particle.narc,/wazaeffect/effectdata/waza_particle.narc!/member_00190,0,/wazaeffect/effectdata/waza_particle.narc,354,190,,861008,864912,857076,860980,3904,7fa3e6bfb9763b438e2ed3f58c25aafb63c386276c0b914650a4a8f38d4ef517,2041505331325f310300040000000000,,Nintendo Huffman,Probable,,True,Nintendo Huffman,Probable,False,5460033,,,,,,False,False
/wazaeffect/effectdata/waza_particle.narc,/wazaeffect/effectdata/waza_particle.narc!/member_00191,0,/wazaeffect/effectdata/waza_particle.narc,354,191,,864912,866500,860980,862568,1588,9344a15488c59d23cbdc49490aa0bf9b4f30a146d71ce81f3bdd0d08d71d4909,2041505331325f310300030000000000,,Nintendo Huffman,Probable,,True,Nintendo Huffman,Probable,False,5460033,,,,,,False,False
/wazaeffect/effectdata/waza_particle.narc,/wazaeffect/effectdata/waza_particle.narc!/member_00192,0,/wazaeffect/effectdata/waza_particle.narc,354,192,,866500,868912,862568,864980,2412,30a3e8e2e11201f34417e556aa2d423d6e0f1ac48c8dd57056f6a61f125f225e,2041505331325f310200020000000000,,Nintendo Huffman,Probable,,True,Nintendo Huffman,Probable,False,5460033,,,,,,False,False
/wazaeffect/effectdata/waza_particle.narc,/wazaeffect/effectdata/waza_particle.narc!/member_00193,0,/wazaeffect/effectdata/waza_particle.narc,354,193,,868912,877188,864980,873256,8276,f7dd20e463f5e2ca72e215243b05563007e4d07255f927b53787436eb1f6bf54,2041505331325f310500050000000000,,Nintendo Huffman,Probable,,True,Nintendo Huffman,Probable,False,5460033,,,,,,False,False
/wazaeffect/effectdata/waza_particle.narc,/wazaeffect/effectdata/waza_particle.narc!/member_00194,0,/wazaeffect/effectdata/waza_particle.narc,354,194,,877188,878852,873256,874920,1664,fda35983fca644f94ad30a1d96f617e02adb0b0acf5f5730a4dd54045733e964,2041505331325f310200020000000000,,Nintendo Huffman,Probable,,True,Nintendo Huffman,Probable,False,5460033,,,,,,False,False
/wazaeffect/effectdata/waza_particle.narc,/wazaeffect/effectdata/waza_particle.narc!/member_00195,0,/wazaeffect/effectdata/waza_particle.narc,354,195,,878852,879560,874920,875628,708,1872cea0c33937f7bf987bfefbf6b430aa65a1758ebb71c32d6fc933b48f71bd,2041505331325f310300010000000000,,Nintendo Huffman,Probable,,True,Nintendo Huffman,Probable,False,5460033,,,,,,False,False
/wazaeffect/effectdata/waza_particle.narc,/wazaeffect/effectdata/waza_particle.narc!/member_00196,0,/wazaeffect/effectdata/waza_particle.narc,354,196,,879560,889896,875628,885964,10336,08ce6287b4ecddef926456a530cec50eb8167345d6b60f1c565ee5353b1f451e,2041505331325f310300040000000000,,Nintendo Huffman,Probable,,True,Nintendo Huffman,Probable,False,5460033,,,,,,False,False
/wazaeffect/effectdata/waza_particle.narc,/wazaeffect/effectdata/waza_particle.narc!/member_00197,0,/wazaeffect/effectdata/waza_particle.narc,354,197,,889896,890644,885964,886712,748,c3cfb1103f130ef32c8c6d873ebaa51ee47dca31d753da2708c48272d5fcc9c7,2041505331325f310100020000000000,,Nintendo Huffman,Probable,,True,Nintendo Huffman,Probable,False,5460033,,,,,,False,False
/wazaeffect/effectdata/waza_particle.narc,/wazaeffect/effectdata/waza_particle.narc!/member_00198,0,/wazaeffect/effectdata/waza_particle.narc,354,198,,890644,894096,886712,890164,3452,0b3bffa0251a99cf61aa03833b712bd6d1ce0295f76fd39849a9d95bb4aa4bf9,2041505331325f310300050000000000,,Nintendo Huffman,Probable,,True,Nintendo Huffman,Probable,False,5460033,,,,,,False,False
/wazaeffect/effectdata/waza_particle.narc,/wazaeffect/effectdata/waza_particle.narc!/member_00199,0,/wazaeffect/effectdata/waza_particle.narc,354,199,,894096,894128,890164,890196,32,b29465b15cfb38d196b1b2071bc0d1b14e9ee4e59e321933ece407326f03dcf8,2041505331325f310000000000000000,,Nintendo Huffman,Probable,,True,Nintendo Huffman,Probable,False,5460033,,,,,,False,False
/wazaeffect/effectdata/waza_particle.narc,/wazaeffect/effectdata/waza_particle.narc!/member_00200,0,/wazaeffect/effectdata/waza_particle.narc,354,200,,894128,899884,890196,895952,5756,db07c6b8ca17d013777b49cb401e7dbdea7518b20112e252f6ffcb5963751667,2041505331325f310200030000000000,,Nintendo Huffman,Probable,,True,Nintendo Huffman,Probable,False,5460033,,,,,,False,False
/wazaeffect/effectdata/waza_particle.narc,/wazaeffect/effectdata/waza_particle.narc!/member_00201,0,/wazaeffect/effectdata/waza_particle.narc,354,201,,899884,900308,895952,896376,424,ce5c8f457bda08a7b7c8f59560f6c7e2d6336c7d96cd1d733dcf0d927d6928f8,2041505331325f310100010000000000,,Nintendo Huffman,Probable,,True,Nintendo Huffman,Probable,False,5460033,,,,,,False,False
/wazaeffect/effectdata/waza_particle.narc,/wazaeffect/effectdata/waza_particle.narc!/member_00202,0,/wazaeffect/effectdata/waza_particle.narc,354,202,,900308,906796,896376,902864,6488,6e9b8a13ddf745ad77a93456a6aaa52a04a7ddeaf1cb3728f7be3724c339d5a1,2041505331325f310300050000000000,,Nintendo Huffman,Probable,,True,Nintendo Huffman,Probable,False,5460033,,,,,,False,False
/wazaeffect/effectdata/waza_particle.narc,/wazaeffect/effectdata/waza_particle.narc!/member_00203,0,/wazaeffect/effectdata/waza_particle.narc,354,203,,906796,906828,902864,902896,32,b29465b15cfb38d196b1b2071bc0d1b14e9ee4e59e321933ece407326f03dcf8,2041505331325f310000000000000000,,Nintendo Huffman,Probable,,True,Nintendo Huffman,Probable,False,5460033,,,,,,False,False
/wazaeffect/effectdata/waza_particle.narc,/wazaeffect/effectdata/waza_particle.narc!/member_00204,0,/wazaeffect/effectdata/waza_particle.narc,354,204,,906828,907996,902896,904064,1168,ac16d7b8ca2597ed00ebde956275677af635ef66d4271f49c462d0f2a9754185,2041505331325f310200030000000000,,Nintendo Huffman,Probable,,True,Nintendo Huffman,Probable,False,5460033,,,,,,False,False
/wazaeffect/effectdata/waza_particle.narc,/wazaeffect/effectdata/waza_particle.narc!/member_00205,0,/wazaeffect/effectdata/waza_particle.narc,354,205,,907996,912008,904064,908076,4012,c37979a84c34798c0cf1ee54b391ba077265e556b2719eeac3e581066c619a11,2041505331325f310200050000000000,,Nintendo Huffman,Probable,,True,Nintendo Huffman,Probable,False,5460033,,,,,,False,False
/wazaeffect/effectdata/waza_particle.narc,/wazaeffect/effectdata/waza_particle.narc!/member_00206,0,/wazaeffect/effectdata/waza_particle.narc,354,206,,912008,925220,908076,921288,13212,c51528c42bcf21a0b856b9030cdcdc0044f988a183cdd48c162465e68cb17c4a,2041505331325f310300070000000000,,Nintendo Huffman,Probable,,True,Nintendo Huffman,Probable,False,5460033,,,,,,False,False
/wazaeffect/effectdata/waza_particle.narc,/wazaeffect/effectdata/waza_particle.narc!/member_00207,0,/wazaeffect/effectdata/waza_particle.narc,354,207,,925220,931460,921288,927528,6240,984f6714b84ea8536b8c9c4ca962ce1932774e51320a68ffbd36e41d3dc036e5,2041505331325f310300040000000000,,Nintendo Huffman,Probable,,True,Nintendo Huffman,Probable,False,5460033,,,,,,False,False
/wazaeffect/effectdata/waza_particle.narc,/wazaeffect/effectdata/waza_particle.narc!/member_00208,0,/wazaeffect/effectdata/waza_particle.narc,354,208,,931460,937260,927528,933328,5800,9c217edcdaae7d6ceca012bcdbd59eb7e540c822c27727df7727025451af4564,2041505331325f310200030000000000,,Nintendo Huffman,Probable,,True,Nintendo Huffman,Probable,False,5460033,,,,,,False,False
/wazaeffect/effectdata/waza_particle.narc,/wazaeffect/effectdata/waza_particle.narc!/member_00209,0,/wazaeffect/effectdata/waza_particle.narc,354,209,,937260,942888,933328,938956,5628,4d475964dfa9c050c8eba5bf151db785c271498a2c5dd2d2cc14353a2d6dd110,2041505331325f310300020000000000,,Nintendo Huffman,Probable,,True,Nintendo Huffman,Probable,False,5460033,,,,,,False,False
/wazaeffect/effectdata/waza_particle.narc,/wazaeffect/effectdata/waza_particle.narc!/member_00210,0,/wazaeffect/effectdata/waza_particle.narc,354,210,,942888,944172,938956,940240,1284,0815ef3085bfc9a8e4dcbaa786d85c591b0ed5cd3031a6fface84fc8f0e41157,2041505331325f310200010000000000,,Nintendo Huffman,Probable,,True,Nintendo Huffman,Probable,False,5460033,,,,,,False,False
/wazaeffect/effectdata/waza_particle.narc,/wazaeffect/effectdata/waza_particle.narc!/member_00211,0,/wazaeffect/effectdata/waza_particle.narc,354,211,,944172,948376,940240,944444,4204,86f9cb23b75d42a15a0c3d3139ef2c72550ea7a2f652cae5162c6af11cba2c67,2041505331325f310300050000000000,,Nintendo Huffman,Probable,,True,Nintendo Huffman,Probable,False,5460033,,,,,,False,False
/wazaeffect/effectdata/waza_particle.narc,/wazaeffect/effectdata/waza_particle.narc!/member_00212,0,/wazaeffect/effectdata/waza_particle.narc,354,212,,948376,948408,944444,944476,32,b29465b15cfb38d196b1b2071bc0d1b14e9ee4e59e321933ece407326f03dcf8,2041505331325f310000000000000000,,Nintendo Huffman,Probable,,True,Nintendo Huffman,Probable,False,5460033,,,,,,False,False
/wazaeffect/effectdata/waza_particle.narc,/wazaeffect/effectdata/waza_particle.narc!/member_00213,0,/wazaeffect/effectdata/waza_particle.narc,354,213,,948408,948840,944476,944908,432,8c6f16304c08c098a88a54c0abf53a08d9d3136af154162b56b71e370dc74a93,2041505331325f310100010000000000,,Nintendo Huffman,Probable,,True,Nintendo Huffman,Probable,False,5460033,,,,,,False,False
/wazaeffect/effectdata/waza_particle.narc,/wazaeffect/effectdata/waza_particle.narc!/member_00214,0,/wazaeffect/effectdata/waza_particle.narc,354,214,,948840,954480,944908,950548,5640,17bd3815d5565327a4006b517f747650cd7cf90ae5a28237c671a6a2d4743c6e,2041505331325f310400060000000000,,Nintendo Huffman,Probable,,True,Nintendo Huffman,Probable,False,5460033,,,,,,False,False
/wazaeffect/effectdata/waza_particle.narc,/wazaeffect/effectdata/waza_particle.narc!/member_00215,0,/wazaeffect/effectdata/waza_particle.narc,354,215,,954480,961424,950548,957492,6944,3859a0d10398a69dc3bc303177b6ba4ab20e83db82d47f3ebb766aa77314796f,2041505331325f310300040000000000,,Nintendo Huffman,Probable,,True,Nintendo Huffman,Probable,False,5460033,,,,,,False,False
/wazaeffect/effectdata/waza_particle.narc,/wazaeffect/effectdata/waza_particle.narc!/member_00216,0,/wazaeffect/effectdata/waza_particle.narc,354,216,,961424,967980,957492,964048,6556,0e9f6788a2b4503cba94cefa9ca5b9856a6f9403226fa14a3e9d915ee3ff786b,2041505331325f310200030000000000,,Nintendo Huffman,Probable,,True,Nintendo Huffman,Probable,False,5460033,,,,,,False,False
/wazaeffect/effectdata/waza_particle.narc,/wazaeffect/effectdata/waza_particle.narc!/member_00217,0,/wazaeffect/effectdata/waza_particle.narc,354,217,,967980,970684,964048,966752,2704,22f12de85c6de3367f957c0856c36569d6ba19287de25ca476af9f985d8bab44,2041505331325f310200030000000000,,Nintendo Huffman,Probable,,True,Nintendo Huffman,Probable,False,5460033,,,,,,False,False
/wazaeffect/effectdata/waza_particle.narc,/wazaeffect/effectdata/waza_particle.narc!/member_00218,0,/wazaeffect/effectdata/waza_particle.narc,354,218,,970684,976724,966752,972792,6040,3d7189e21cc121346f97b8554ba1e8f1f97ade8ff5c219a637fedc4a1ac6ea05,2041505331325f310200030000000000,,Nintendo Huffman,Probable,,True,Nintendo Huffman,Probable,False,5460033,,,,,,False,False
/wazaeffect/effectdata/waza_particle.narc,/wazaeffect/effectdata/waza_particle.narc!/member_00219,0,/wazaeffect/effectdata/waza_particle.narc,354,219,,976724,987336,972792,983404,10612,9dac6542e77f29a78865d8e850398be821c9481cc767a1c61a0814fd5b7268cc,2041505331325f310200030000000000,,Nintendo Huffman,Probable,,True,Nintendo Huffman,Probable,False,5460033,,,,,,False,False
/wazaeffect/effectdata/waza_particle.narc,/wazaeffect/effectdata/waza_particle.narc!/member_00220,0,/wazaeffect/effectdata/waza_particle.narc,354,220,,987336,990512,983404,986580,3176,82122923b7cbe556d08b3f9a003bae34436d3901c94695f536fa5eadf268a87b,2041505331325f310300040000000000,,Nintendo Huffman,Probable,,True,Nintendo Huffman,Probable,False,5460033,,,,,,False,False
/wazaeffect/effectdata/waza_particle.narc,/wazaeffect/effectdata/waza_particle.narc!/member_00221,0,/wazaeffect/effectdata/waza_particle.narc,354,221,,990512,994796,986580,990864,4284,15c677a26c1a4cf1bb2c3b4f811b63f40ea64a45ab11b45f9cb342459ff84fc1,2041505331325f310100010000000000,,Nintendo Huffman,Probable,,True,Nintendo Huffman,Probable,False,5460033,,,,,,False,False
/wazaeffect/effectdata/waza_particle.narc,/wazaeffect/effectdata/waza_particle.narc!/member_00222,0,/wazaeffect/effectdata/waza_particle.narc,354,222,,994796,995132,990864,991200,336,44d955d0a955e057cdfb0d811ba2a1c8e08637e6676099715068b238de078991,2041505331325f310100010000000000,,Nintendo Huffman,Probable,,True,Nintendo Huffman,Probable,False,5460033,,,,,,False,False
/wazaeffect/effectdata/waza_particle.narc,/wazaeffect/effectdata/waza_particle.narc!/member_00223,0,/wazaeffect/effectdata/waza_particle.narc,354,223,,995132,997644,991200,993712,2512,353935aea40bd7e291ad0ee8961ba37a6a7b6ec5af97bd7469a68bc1c22264b1,2041505331325f310300020000000000,,Nintendo Huffman,Probable,,True,Nintendo Huffman,Probable,False,5460033,,,,,,False,False
/wazaeffect/effectdata/waza_particle.narc,/wazaeffect/effectdata/waza_particle.narc!/member_00224,0,/wazaeffect/effectdata/waza_particle.narc,354,224,,997644,1002672,993712,998740,5028,63eab5536a2b073b5183d2d9f09061951174b84e398e53f13591da948c14ac9f,2041505331325f310200030000000000,,Nintendo Huffman,Probable,,True,Nintendo Huffman,Probable,False,5460033,,,,,,False,False
/wazaeffect/effectdata/waza_particle.narc,/wazaeffect/effectdata/waza_particle.narc!/member_00225,0,/wazaeffect/effectdata/waza_particle.narc,354,225,,1002672,1002704,998740,998772,32,b29465b15cfb38d196b1b2071bc0d1b14e9ee4e59e321933ece407326f03dcf8,2041505331325f310000000000000000,,Nintendo Huffman,Probable,,True,Nintendo Huffman,Probable,False,5460033,,,,,,False,False
/wazaeffect/effectdata/waza_particle.narc,/wazaeffect/effectdata/waza_particle.narc!/member_00226,0,/wazaeffect/effectdata/waza_particle.narc,354,226,,1002704,1008816,998772,1004884,6112,c82a846ebfb4339a9b89910f3ef634cdce0fb615adc0395bed81072334fe3fb4,2041505331325f310400060000000000,,Nintendo Huffman,Probable,,True,Nintendo Huffman,Probable,False,5460033,,,,,,False,False
/wazaeffect/effectdata/waza_particle.narc,/wazaeffect/effectdata/waza_particle.narc!/member_00227,0,/wazaeffect/effectdata/waza_particle.narc,354,227,,1008816,1013952,1004884,1010020,5136,14db3b6aa22f4008710192e15189674a17fdbcd9724166e426e68a45809cca2a,2041505331325f310400050000000000,,Nintendo Huffman,Probable,,True,Nintendo Huffman,Probable,False,5460033,,,,,,False,False
/wazaeffect/effectdata/waza_particle.narc,/wazaeffect/effectdata/waza_particle.narc!/member_00228,0,/wazaeffect/effectdata/waza_particle.narc,354,228,,1013952,1014848,1010020,1010916,896,2698e90450a3405a4f1a6b7720c4efc7828eb9a31adcd5e87a037d7ba9622402,2041505331325f310200020000000000,,Nintendo Huffman,Probable,,True,Nintendo Huffman,Probable,False,5460033,,,,,,False,False
/wazaeffect/effectdata/waza_particle.narc,/wazaeffect/effectdata/waza_particle.narc!/member_00229,0,/wazaeffect/effectdata/waza_particle.narc,354,229,,1014848,1017388,1010916,1013456,2540,fe9266c6eea60a24a925a840663408ac7a2d2c93702a28eee06fbeef3499b093,2041505331325f310300020000000000,,Nintendo Huffman,Probable,,True,Nintendo Huffman,Probable,False,5460033,,,,,,False,False
/wazaeffect/effectdata/waza_particle.narc,/wazaeffect/effectdata/waza_particle.narc!/member_00230,0,/wazaeffect/effectdata/waza_particle.narc,354,230,,1017388,1017740,1013456,1013808,352,0c0b575082b76af4e977f66e4f1e4bc21b2c0dba4e46d76d5e0bb956a6ce17f9,2041505331325f310100010000000000,,Nintendo Huffman,Probable,,True,Nintendo Huffman,Probable,False,5460033,,,,,,False,False
/wazaeffect/effectdata/waza_particle.narc,/wazaeffect/effectdata/waza_particle.narc!/member_00231,0,/wazaeffect/effectdata/waza_particle.narc,354,231,,1017740,1019364,1013808,1015432,1624,1ed191e8ab30e2ec55a3263bcb4005a2bc2a13bcb3141e726bca9c2bf8d5e32f,2041505331325f310200020000000000,,Nintendo Huffman,Probable,,True,Nintendo Huffman,Probable,False,5460033,,,,,,False,False
/wazaeffect/effectdata/waza_particle.narc,/wazaeffect/effectdata/waza_particle.narc!/member_00232,0,/wazaeffect/effectdata/waza_particle.narc,354,232,,1019364,1029356,1015432,1025424,9992,f1ccf4e7bca4cb6a6228e13d560679d74e1a0bb0e5aa686b86fa3b648b169f97,2041505331325f310300090000000000,,Nintendo Huffman,Probable,,True,Nintendo Huffman,Probable,False,5460033,,,,,,False,False
/wazaeffect/effectdata/waza_particle.narc,/wazaeffect/effectdata/waza_particle.narc!/member_00233,0,/wazaeffect/effectdata/waza_particle.narc,354,233,,1029356,1032088,1025424,1028156,2732,abc10ed4a1397c5024df62c26f008c2b92d28c72ad1b2721f7c1f5d973c8f52a,2041505331325f310200030000000000,,Nintendo Huffman,Probable,,True,Nintendo Huffman,Probable,False,5460033,,,,,,False,False
/wazaeffect/effectdata/waza_particle.narc,/wazaeffect/effectdata/waza_particle.narc!/member_00234,0,/wazaeffect/effectdata/waza_particle.narc,354,234,,1032088,1042904,1028156,1038972,10816,cf95f8b73f1cd504082c049e0d1975970fceb1a5ba0fe6aedca247ee3ce482c5,2041505331325f310300040000000000,,Nintendo Huffman,Probable,,True,Nintendo Huffman,Probable,False,5460033,,,,,,False,False
/wazaeffect/effectdata/waza_particle.narc,/wazaeffect/effectdata/waza_particle.narc!/member_00235,0,/wazaeffect/effectdata/waza_particle.narc,354,235,,1042904,1044840,1038972,1040908,1936,7dbce876e154365719b650f5b8ef1de16f965762553a266956e40bff5865dfc5,2041505331325f310200030000000000,,Nintendo Huffman,Probable,,True,Nintendo Huffman,Probable,False,5460033,,,,,,False,False
/wazaeffect/effectdata/waza_particle.narc,/wazaeffect/effectdata/waza_particle.narc!/member_00236,0,/wazaeffect/effectdata/waza_particle.narc,354,236,,1044840,1050616,1040908,1046684,5776,8126dc8ec74ba4b05aee56d78d2bbe815d31c91cf428fbc7be814dd1c495c0a4,2041505331325f310200030000000000,,Nintendo Huffman,Probable,,True,Nintendo Huffman,Probable,False,5460033,,,,,,False,False
/wazaeffect/effectdata/waza_particle.narc,/wazaeffect/effectdata/waza_particle.narc!/member_00237,0,/wazaeffect/effectdata/waza_particle.narc,354,237,,1050616,1051988,1046684,1048056,1372,c71fffa85197a6298a761cb2645ec7be9dd3f85f57a725a3c18c8003fc14f93c,2041505331325f310200010000000000,,Nintendo Huffman,Probable,,True,Nintendo Huffman,Probable,False,5460033,,,,,,False,False
/wazaeffect/effectdata/waza_particle.narc,/wazaeffect/effectdata/waza_particle.narc!/member_00238,0,/wazaeffect/effectdata/waza_particle.narc,354,238,,1051988,1055328,1048056,1051396,3340,b9e91fb977fd84185b1dce5800c0226f38a2c2645dd05cbaa628405d39572391,2041505331325f310400060000000000,,Nintendo Huffman,Probable,,True,Nintendo Huffman,Probable,False,5460033,,,,,,False,False
/wazaeffect/effectdata/waza_particle.narc,/wazaeffect/effectdata/waza_particle.narc!/member_00239,0,/wazaeffect/effectdata/waza_particle.narc,354,239,,1055328,1055360,1051396,1051428,32,b29465b15cfb38d196b1b2071bc0d1b14e9ee4e59e321933ece407326f03dcf8,2041505331325f310000000000000000,,Nintendo Huffman,Probable,,True,Nintendo Huffman,Probable,False,5460033,,,,,,False,False
/wazaeffect/effectdata/waza_particle.narc,/wazaeffect/effectdata/waza_particle.narc!/member_00240,0,/wazaeffect/effectdata/waza_particle.narc,354,240,,1055360,1062676,1051428,1058744,7316,92fb515c49d6ae54897b3ae081a3e844c38d633741f5bed71c496b5f5eb9cf27,2041505331325f310300050000000000,,Nintendo Huffman,Probable,,True,Nintendo Huffman,Probable,False,5460033,,,,,,False,False
/wazaeffect/effectdata/waza_particle.narc,/wazaeffect/effectdata/waza_particle.narc!/member_00241,0,/wazaeffect/effectdata/waza_particle.narc,354,241,,1062676,1070752,1058744,1066820,8076,8fa897ece7074e78fdb584d34e678fcb2a746a969050c151a8047d2cad20694b,2041505331325f310500060000000000,,Nintendo Huffman,Probable,,True,Nintendo Huffman,Probable,False,5460033,,,,,,False,False
/wazaeffect/effectdata/waza_particle.narc,/wazaeffect/effectdata/waza_particle.narc!/member_00242,0,/wazaeffect/effectdata/waza_particle.narc,354,242,,1070752,1071908,1066820,1067976,1156,5e19bf79debe2b0af4b97eb1f4941bf5ef0e1a324b58fd107b90dea5febdd6aa,2041505331325f310200030000000000,,Nintendo Huffman,Probable,,True,Nintendo Huffman,Probable,False,5460033,,,,,,False,False
/wazaeffect/effectdata/waza_particle.narc,/wazaeffect/effectdata/waza_particle.narc!/member_00243,0,/wazaeffect/effectdata/waza_particle.narc,354,243,,1071908,1074612,1067976,1070680,2704,da6a6de5ae852d0dd066607eb36fb1198c81bc402be516caa66e6c40851329b5,2041505331325f310200030000000000,,Nintendo Huffman,Probable,,True,Nintendo Huffman,Probable,False,5460033,,,,,,False,False
/wazaeffect/effectdata/waza_particle.narc,/wazaeffect/effectdata/waza_particle.narc!/member_00244,0,/wazaeffect/effectdata/waza_particle.narc,354,244,,1074612,1076148,1070680,1072216,1536,034d822f18f6f0b56a6040b8c90930535fe6312011716aee48caa570c59564a1,2041505331325f310300030000000000,,Nintendo Huffman,Probable,,True,Nintendo Huffman,Probable,False,5460033,,,,,,False,False
/wazaeffect/effectdata/waza_particle.narc,/wazaeffect/effectdata/waza_particle.narc!/member_00245,0,/wazaeffect/effectdata/waza_particle.narc,354,245,,1076148,1077796,1072216,1073864,1648,c3c5fe5203af07e3be589b336862a6740f3b59929f3a62e1def963b1faaefaeb,2041505331325f310200020000000000,,Nintendo Huffman,Probable,,True,Nintendo Huffman,Probable,False,5460033,,,,,,False,False
/wazaeffect/effectdata/waza_particle.narc,/wazaeffect/effectdata/waza_particle.narc!/member_00246,0,/wazaeffect/effectdata/waza_particle.narc,354,246,,1077796,1087840,1073864,1083908,10044,01f898cbea3c221cf25f2e06e9caf807baa3e8f7d8846333e67a7eb4cee5c865,2041505331325f310300040000000000,,Nintendo Huffman,Probable,,True,Nintendo Huffman,Probable,False,5460033,,,,,,False,False
/wazaeffect/effectdata/waza_particle.narc,/wazaeffect/effectdata/waza_particle.narc!/member_00247,0,/wazaeffect/effectdata/waza_particle.narc,354,247,,1087840,1098840,1083908,1094908,11000,f5a069ca67aa8d705d7e7e9f80766085bbac7e6a433984846cd8a07da235563a,2041505331325f310500030000000000,,Nintendo Huffman,Probable,,True,Nintendo Huffman,Probable,False,5460033,,,,,,False,False
/wazaeffect/effectdata/waza_particle.narc,/wazaeffect/effectdata/waza_particle.narc!/member_00248,0,/wazaeffect/effectdata/waza_particle.narc,354,248,,1098840,1108264,1094908,1104332,9424,42a22af2a545889c3deaa0cecfeaded0b3852d5592ffd427d95b7a39a201f71d,2041505331325f310400040000000000,,Nintendo Huffman,Probable,,True,Nintendo Huffman,Probable,False,5460033,,,,,,False,False
/wazaeffect/effectdata/waza_particle.narc,/wazaeffect/effectdata/waza_particle.narc!/member_00249,0,/wazaeffect/effectdata/waza_particle.narc,354,249,,1108264,1108296,1104332,1104364,32,b29465b15cfb38d196b1b2071bc0d1b14e9ee4e59e321933ece407326f03dcf8,2041505331325f310000000000000000,,Nintendo Huffman,Probable,,True,Nintendo Huffman,Probable,False,5460033,,,,,,False,False
/wazaeffect/effectdata/waza_particle.narc,/wazaeffect/effectdata/waza_particle.narc!/member_00250,0,/wazaeffect/effectdata/waza_particle.narc,354,250,,1108296,1110252,1104364,1106320,1956,82c3b4fb157ae4213b7f6e2197ff7902e053568621558e24d9bb341118080a5a,2041505331325f310200030000000000,,Nintendo Huffman,Probable,,True,Nintendo Huffman,Probable,False,5460033,,,,,,False,False
/wazaeffect/effectdata/waza_particle.narc,/wazaeffect/effectdata/waza_particle.narc!/member_00251,0,/wazaeffect/effectdata/waza_particle.narc,354,251,,1110252,1111460,1106320,1107528,1208,bc3493e8902fe08c79d221ce5d6853a2f1c79004ea3e60ee468d3531c1bf3980,2041505331325f310300020000000000,,Nintendo Huffman,Probable,,True,Nintendo Huffman,Probable,False,5460033,,,,,,False,False
/wazaeffect/effectdata/waza_particle.narc,/wazaeffect/effectdata/waza_particle.narc!/member_00252,0,/wazaeffect/effectdata/waza_particle.narc,354,252,,1111460,1112572,1107528,1108640,1112,4c6c5118b5209c7042385a951e4e0ccf81e4a379b8c5ea5497b3ca958a1a957f,2041505331325f310200020000000000,,Nintendo Huffman,Probable,,True,Nintendo Huffman,Probable,False,5460033,,,,,,False,False
/wazaeffect/effectdata/waza_particle.narc,/wazaeffect/effectdata/waza_particle.narc!/member_00253,0,/wazaeffect/effectdata/waza_particle.narc,354,253,,1112572,1117168,1108640,1113236,4596,95b8796fd448ddacfc10f48caf2c4d68e81c9aab39cc18b12c89c7bf781122d2,2041505331325f310100020000000000,,Nintendo Huffman,Probable,,True,Nintendo Huffman,Probable,False,5460033,,,,,,False,False
/wazaeffect/effectdata/waza_particle.narc,/wazaeffect/effectdata/waza_particle.narc!/member_00254,0,/wazaeffect/effectdata/waza_particle.narc,354,254,,1117168,1125032,1113236,1121100,7864,5b298db2c40c9baf6d762bfc52315f792c32f61c3931a8f3b550746c74ccfc16,2041505331325f310500060000000000,,Nintendo Huffman,Probable,,True,Nintendo Huffman,Probable,False,5460033,,,,,,False,False
/wazaeffect/effectdata/waza_particle.narc,/wazaeffect/effectdata/waza_particle.narc!/member_00255,0,/wazaeffect/effectdata/waza_particle.narc,354,255,,1125032,1135740,1121100,1131808,10708,b01f94f726f2694dcd85c8ee62b3400088562a7bf1cf570e6d6402b882924503,2041505331325f310600050000000000,,Nintendo Huffman,Probable,,True,Nintendo Huffman,Probable,False,5460033,,,,,,False,False
/wazaeffect/effectdata/waza_particle.narc,/wazaeffect/effectdata/waza_particle.narc!/member_00256,0,/wazaeffect/effectdata/waza_particle.narc,354,256,,1135740,1141244,1131808,1137312,5504,59ff2781d10955e9751ae3d063bd1b3f6eddfaf878b9577a9e3d0939523cfad7,2041505331325f310200020000000000,,Nintendo Huffman,Probable,,True,Nintendo Huffman,Probable,False,5460033,,,,,,False,False
/wazaeffect/effectdata/waza_particle.narc,/wazaeffect/effectdata/waza_particle.narc!/member_00257,0,/wazaeffect/effectdata/waza_particle.narc,354,257,,1141244,1143468,1137312,1139536,2224,6a04c48371b5f5f923d01f8a09daa7498b308989248b916cc0e3a0f2bc24ed17,2041505331325f310100010000000000,,Nintendo Huffman,Probable,,True,Nintendo Huffman,Probable,False,5460033,,,,,,False,False
/wazaeffect/effectdata/waza_particle.narc,/wazaeffect/effectdata/waza_particle.narc!/member_00258,0,/wazaeffect/effectdata/waza_particle.narc,354,258,,1143468,1144992,1139536,1141060,1524,b34f9dbcb697e98eb212835b44512659b1ab60b6c05a571843e0b368ad62c0e9,2041505331325f310300030000000000,,Nintendo Huffman,Probable,,True,Nintendo Huffman,Probable,False,5460033,,,,,,False,False
/wazaeffect/effectdata/waza_particle.narc,/wazaeffect/effectdata/waza_particle.narc!/member_00259,0,/wazaeffect/effectdata/waza_particle.narc,354,259,,1144992,1154964,1141060,1151032,9972,139b733b89dd031874ddaedddd97652821174a2f6748887fc9d99c5fa5b683d1,2041505331325f310500030000000000,,Nintendo Huffman,Probable,,True,Nintendo Huffman,Probable,False,5460033,,,,,,False,False
/wazaeffect/effectdata/waza_particle.narc,/wazaeffect/effectdata/waza_particle.narc!/member_00260,0,/wazaeffect/effectdata/waza_particle.narc,354,260,,1154964,1159684,1151032,1155752,4720,1c139f940d429687826eaeff13a83f9e8db2f40b18513628cb36f453f8f18c04,2041505331325f310200020000000000,,Nintendo Huffman,Probable,,True,Nintendo Huffman,Probable,False,5460033,,,,,,False,False
/wazaeffect/effectdata/waza_particle.narc,/wazaeffect/effectdata/waza_particle.narc!/member_00261,0,/wazaeffect/effectdata/waza_particle.narc,354,261,,1159684,1176276,1155752,1172344,16592,2ca8727adaee12c662ea137f9f0fa9c31a52404309254d3c5062170ad0fa9e56,2041505331325f310100010000000000,,Nintendo Huffman,Probable,,True,Nintendo Huffman,Probable,False,5460033,,,,,,False,False
/wazaeffect/effectdata/waza_particle.narc,/wazaeffect/effectdata/waza_particle.narc!/member_00262,0,/wazaeffect/effectdata/waza_particle.narc,354,262,,1176276,1182068,1172344,1178136,5792,0b99cc6db70c922d6171c3a704f6b38d5392930aaa6f1f8cc0311be8188ea00f,2041505331325f310200030000000000,,Nintendo Huffman,Probable,,True,Nintendo Huffman,Probable,False,5460033,,,,,,False,False
/wazaeffect/effectdata/waza_particle.narc,/wazaeffect/effectdata/waza_particle.narc!/member_00263,0,/wazaeffect/effectdata/waza_particle.narc,354,263,,1182068,1185104,1178136,1181172,3036,07446b5c4332bc4ba6acea4f6f26eceb9f1f6640bb5db7c49f67519c04b283cf,2041505331325f310400030000000000,,Nintendo Huffman,Probable,,True,Nintendo Huffman,Probable,False,5460033,,,,,,False,False
/wazaeffect/effectdata/waza_particle.narc,/wazaeffect/effectdata/waza_particle.narc!/member_00264,0,/wazaeffect/effectdata/waza_particle.narc,354,264,,1185104,1191336,1181172,1187404,6232,790159b61359d3a4d8408000e74b2444b280eff8c104508980e32ba99d9eb098,2041505331325f310500030000000000,,Nintendo Huffman,Probable,,True,Nintendo Huffman,Probable,False,5460033,,,,,,False,False
/wazaeffect/effectdata/waza_particle.narc,/wazaeffect/effectdata/waza_particle.narc!/member_00265,0,/wazaeffect/effectdata/waza_particle.narc,354,265,,1191336,1191368,1187404,1187436,32,b29465b15cfb38d196b1b2071bc0d1b14e9ee4e59e321933ece407326f03dcf8,2041505331325f310000000000000000,,Nintendo Huffman,Probable,,True,Nintendo Huffman,Probable,False,5460033,,,,,,False,False
/wazaeffect/effectdata/waza_particle.narc,/wazaeffect/effectdata/waza_particle.narc!/member_00266,0,/wazaeffect/effectdata/waza_particle.narc,354,266,,1191368,1193008,1187436,1189076,1640,0fd3e58fd58ee344e3d8d0ca146142fe2ff184eb7b3a00b30124385de8276ac2,2041505331325f310200020000000000,,Nintendo Huffman,Probable,,True,Nintendo Huffman,Probable,False,5460033,,,,,,False,False
/wazaeffect/effectdata/waza_particle.narc,/wazaeffect/effectdata/waza_particle.narc!/member_00267,0,/wazaeffect/effectdata/waza_particle.narc,354,267,,1193008,1194932,1189076,1191000,1924,bb439d47b114ec4c0cd6aa3c69fc714ba9e6394aa7a665e5b9c044fd4fc7c2a7,2041505331325f310400020000000000,,Nintendo Huffman,Probable,,True,Nintendo Huffman,Probable,False,5460033,,,,,,False,False
/wazaeffect/effectdata/waza_particle.narc,/wazaeffect/effectdata/waza_particle.narc!/member_00268,0,/wazaeffect/effectdata/waza_particle.narc,354,268,,1194932,1197840,1191000,1193908,2908,b0a70cdd0378ed5769ce2c3e1aa22c3e5cfdecabc8484f54202bf0fd5cc0919d,2041505331325f310100040000000000,,Nintendo Huffman,Probable,,True,Nintendo Huffman,Probable,False,5460033,,,,,,False,False
/wazaeffect/effectdata/waza_particle.narc,/wazaeffect/effectdata/waza_particle.narc!/member_00269,0,/wazaeffect/effectdata/waza_particle.narc,354,269,,1197840,1199052,1193908,1195120,1212,14d79d2546faa0a5ff91d194292f4decaeaff5343cfbe4820ee208fde27e3af6,2041505331325f310100010000000000,,Nintendo Huffman,Probable,,True,Nintendo Huffman,Probable,False,5460033,,,,,,False,False
/wazaeffect/effectdata/waza_particle.narc,/wazaeffect/effectdata/waza_particle.narc!/member_00270,0,/wazaeffect/effectdata/waza_particle.narc,354,270,,1199052,1209384,1195120,1205452,10332,f0fe03fb82684577f89dbdb6fc11baf9c369f24aef9e38b844da9c48bb89115c,2041505331325f310200080000000000,,Nintendo Huffman,Probable,,True,Nintendo Huffman,Probable,False,5460033,,,,,,False,False
/wazaeffect/effectdata/waza_particle.narc,/wazaeffect/effectdata/waza_particle.narc!/member_00271,0,/wazaeffect/effectdata/waza_particle.narc,354,271,,1209384,1210936,1205452,1207004,1552,fe909fc19382607bfd0cc183761e4ce4fabafb47bfd2ffd2fd20a18e932ca5ad,2041505331325f310100020000000000,,Nintendo Huffman,Probable,,True,Nintendo Huffman,Probable,False,5460033,,,,,,False,False
/wazaeffect/effectdata/waza_particle.narc,/wazaeffect/effectdata/waza_particle.narc!/member_00272,0,/wazaeffect/effectdata/waza_particle.narc,354,272,,1210936,1213652,1207004,1209720,2716,f0d9bc8b30808f0b363ed7592133a776d51f9f668f3a0dd061e5c7cb9cd5ed88,2041505331325f310200030000000000,,Nintendo Huffman,Probable,,True,Nintendo Huffman,Probable,False,5460033,,,,,,False,False
/wazaeffect/effectdata/waza_particle.narc,/wazaeffect/effectdata/waza_particle.narc!/member_00273,0,/wazaeffect/effectdata/waza_particle.narc,354,273,,1213652,1220660,1209720,1216728,7008,696f16fae3e94790a3c1a9be93d70cf6cf9eae57808fec6e92b02cc9fb42a55a,2041505331325f310300040000000000,,Nintendo Huffman,Probable,,True,Nintendo Huffman,Probable,False,5460033,,,,,,False,False
/wazaeffect/effectdata/waza_particle.narc,/wazaeffect/effectdata/waza_particle.narc!/member_00274,0,/wazaeffect/effectdata/waza_particle.narc,354,274,,1220660,1237336,1216728,1233404,16676,76af0770056eb18f21b93856650dc6c02eb99c2040b83e5aa2df892cc36a23ea,2041505331325f310200010000000000,,Nintendo Huffman,Probable,,True,Nintendo Huffman,Probable,False,5460033,,,,,,False,False
/wazaeffect/effectdata/waza_particle.narc,/wazaeffect/effectdata/waza_particle.narc!/member_00275,0,/wazaeffect/effectdata/waza_particle.narc,354,275,,1237336,1239452,1233404,1235520,2116,5111de98b7118b16d0c1cdece871b247a107712bde24644250530e7a4b56add9,2041505331325f310300030000000000,,Nintendo Huffman,Probable,,True,Nintendo Huffman,Probable,False,5460033,,,,,,False,False
/wazaeffect/effectdata/waza_particle.narc,/wazaeffect/effectdata/waza_particle.narc!/member_00276,0,/wazaeffect/effectdata/waza_particle.narc,354,276,,1239452,1239484,1235520,1235552,32,b29465b15cfb38d196b1b2071bc0d1b14e9ee4e59e321933ece407326f03dcf8,2041505331325f310000000000000000,,Nintendo Huffman,Probable,,True,Nintendo Huffman,Probable,False,5460033,,,,,,False,False
/wazaeffect/effectdata/waza_particle.narc,/wazaeffect/effectdata/waza_particle.narc!/member_00277,0,/wazaeffect/effectdata/waza_particle.narc,354,277,,1239484,1240068,1235552,1236136,584,f1e5b891c09a6b9d558ebcc1ee7caa3b4679750a3a79ac8436f4e5dd1e659a28,2041505331325f310200010000000000,,Nintendo Huffman,Probable,,True,Nintendo Huffman,Probable,False,5460033,,,,,,False,False
/wazaeffect/effectdata/waza_particle.narc,/wazaeffect/effectdata/waza_particle.narc!/member_00278,0,/wazaeffect/effectdata/waza_particle.narc,354,278,,1240068,1241500,1236136,1237568,1432,cdbeb0cb03a7614cfa1801eecc9b1920265e26697d2a03dd3291154a5cbcc865,2041505331325f310200030000000000,,Nintendo Huffman,Probable,,True,Nintendo Huffman,Probable,False,5460033,,,,,,False,False
/wazaeffect/effectdata/waza_particle.narc,/wazaeffect/effectdata/waza_particle.narc!/member_00279,0,/wazaeffect/effectdata/waza_particle.narc,354,279,,1241500,1241532,1237568,1237600,32,b29465b15cfb38d196b1b2071bc0d1b14e9ee4e59e321933ece407326f03dcf8,2041505331325f310000000000000000,,Nintendo Huffman,Probable,,True,Nintendo Huffman,Probable,False,5460033,,,,,,False,False
/wazaeffect/effectdata/waza_particle.narc,/wazaeffect/effectdata/waza_particle.narc!/member_00280,0,/wazaeffect/effectdata/waza_particle.narc,354,280,,1241532,1245252,1237600,1241320,3720,bb551bbc21f46590cdacf5e65fd516edc4df661494e4973893bf1e100b988b3e,2041505331325f310400030000000000,,Nintendo Huffman,Probable,,True,Nintendo Huffman,Probable,False,5460033,,,,,,False,False
/wazaeffect/effectdata/waza_particle.narc,/wazaeffect/effectdata/waza_particle.narc!/member_00281,0,/wazaeffect/effectdata/waza_particle.narc,354,281,,1245252,1248780,1241320,1244848,3528,1e3724060ce40d5c3cbbb21962cd580fc270de6a051be14347eb82c400ce9f55,2041505331325f310600040000000000,,Nintendo Huffman,Probable,,True,Nintendo Huffman,Probable,False,5460033,,,,,,False,False
/wazaeffect/effectdata/waza_particle.narc,/wazaeffect/effectdata/waza_particle.narc!/member_00282,0,/wazaeffect/effectdata/waza_particle.narc,354,282,,1248780,1250684,1244848,1246752,1904,f6549599d983497926c6465559030dbeedca0a92deec06358184d8bad3d8de0b,2041505331325f310400020000000000,,Nintendo Huffman,Probable,,True,Nintendo Huffman,Probable,False,5460033,,,,,,False,False
/wazaeffect/effectdata/waza_particle.narc,/wazaeffect/effectdata/waza_particle.narc!/member_00283,0,/wazaeffect/effectdata/waza_particle.narc,354,283,,1250684,1250716,1246752,1246784,32,b29465b15cfb38d196b1b2071bc0d1b14e9ee4e59e321933ece407326f03dcf8,2041505331325f310000000000000000,,Nintendo Huffman,Probable,,True,Nintendo Huffman,Probable,False,5460033,,,,,,False,False
/wazaeffect/effectdata/waza_particle.narc,/wazaeffect/effectdata/waza_particle.narc!/member_00284,0,/wazaeffect/effectdata/waza_particle.narc,354,284,,1250716,1250748,1246784,1246816,32,b29465b15cfb38d196b1b2071bc0d1b14e9ee4e59e321933ece407326f03dcf8,2041505331325f310000000000000000,,Nintendo Huffman,Probable,,True,Nintendo Huffman,Probable,False,5460033,,,,,,False,False
/wazaeffect/effectdata/waza_particle.narc,/wazaeffect/effectdata/waza_particle.narc!/member_00285,0,/wazaeffect/effectdata/waza_particle.narc,354,285,,1250748,1254092,1246816,1250160,3344,0b34f904559180eb2aab6f8a683a0d4521f3b1e8f30717d8c5167a4a63d08199,2041505331325f310400040000000000,,Nintendo Huffman,Probable,,True,Nintendo Huffman,Probable,False,5460033,,,,,,False,False
/wazaeffect/effectdata/waza_particle.narc,/wazaeffect/effectdata/waza_particle.narc!/member_00286,0,/wazaeffect/effectdata/waza_particle.narc,354,286,,1254092,1258512,1250160,1254580,4420,9e8910bfbeb19c8a0dffdb267418928798686ef60f1f42ee82c10b1cd6729ae8,2041505331325f310200010000000000,,Nintendo Huffman,Probable,,True,Nintendo Huffman,Probable,False,5460033,,,,,,False,False
/wazaeffect/effectdata/waza_particle.narc,/wazaeffect/effectdata/waza_particle.narc!/member_00287,0,/wazaeffect/effectdata/waza_particle.narc,354,287,,1258512,1258544,1254580,1254612,32,b29465b15cfb38d196b1b2071bc0d1b14e9ee4e59e321933ece407326f03dcf8,2041505331325f310000000000000000,,Nintendo Huffman,Probable,,True,Nintendo Huffman,Probable,False,5460033,,,,,,False,False
/wazaeffect/effectdata/waza_particle.narc,/wazaeffect/effectdata/waza_particle.narc!/member_00288,0,/wazaeffect/effectdata/waza_particle.narc,354,288,,1258544,1258576,1254612,1254644,32,b29465b15cfb38d196b1b2071bc0d1b14e9ee4e59e321933ece407326f03dcf8,2041505331325f310000000000000000,,Nintendo Huffman,Probable,,True,Nintendo Huffman,Probable,False,5460033,,,,,,False,False
/wazaeffect/effectdata/waza_particle.narc,/wazaeffect/effectdata/waza_particle.narc!/member_00289,0,/wazaeffect/effectdata/waza_particle.narc,354,289,,1258576,1258608,1254644,1254676,32,b29465b15cfb38d196b1b2071bc0d1b14e9ee4e59e321933ece407326f03dcf8,2041505331325f310000000000000000,,Nintendo Huffman,Probable,,True,Nintendo Huffman,Probable,False,5460033,,,,,,False,False
/wazaeffect/effectdata/waza_particle.narc,/wazaeffect/effectdata/waza_particle.narc!/member_00290,0,/wazaeffect/effectdata/waza_particle.narc,354,290,,1258608,1262680,1254676,1258748,4072,54db7f71b0a3b57d57ec0e92b658d13d4fc13ab55595e8306deeaee35c478681,2041505331325f310400040000000000,,Nintendo Huffman,Probable,,True,Nintendo Huffman,Probable,False,5460033,,,,,,False,False
/wazaeffect/effectdata/waza_particle.narc,/wazaeffect/effectdata/waza_particle.narc!/member_00291,0,/wazaeffect/effectdata/waza_particle.narc,354,291,,1262680,1262712,1258748,1258780,32,b29465b15cfb38d196b1b2071bc0d1b14e9ee4e59e321933ece407326f03dcf8,2041505331325f310000000000000000,,Nintendo Huffman,Probable,,True,Nintendo Huffman,Probable,False,5460033,,,,,,False,False
/wazaeffect/effectdata/waza_particle.narc,/wazaeffect/effectdata/waza_particle.narc!/member_00292,0,/wazaeffect/effectdata/waza_particle.narc,354,292,,1262712,1263180,1258780,1259248,468,08eed0f1164f463c50a23933b0541d20f6af4ec672c7f024feadd7559cb8bc82,2041505331325f310100010000000000,,Nintendo Huffman,Probable,,True,Nintendo Huffman,Probable,False,5460033,,,,,,False,False
/wazaeffect/effectdata/waza_particle.narc,/wazaeffect/effectdata/waza_particle.narc!/member_00293,0,/wazaeffect/effectdata/waza_particle.narc,354,293,,1263180,1267488,1259248,1263556,4308,7379703f5ab5132dbab89582f344d87a0336aec32e7e0dbf3737920cac3cda15,2041505331325f310400040000000000,,Nintendo Huffman,Probable,,True,Nintendo Huffman,Probable,False,5460033,,,,,,False,False
/wazaeffect/effectdata/waza_particle.narc,/wazaeffect/effectdata/waza_particle.narc!/member_00294,0,/wazaeffect/effectdata/waza_particle.narc,354,294,,1267488,1272228,1263556,1268296,4740,a35d21ed35f45029414d64ef43c92f263eba7fdea46027c7be7b1994a42d8fce,2041505331325f310200020000000000,,Nintendo Huffman,Probable,,True,Nintendo Huffman,Probable,False,5460033,,,,,,False,False
/wazaeffect/effectdata/waza_particle.narc,/wazaeffect/effectdata/waza_particle.narc!/member_00295,0,/wazaeffect/effectdata/waza_particle.narc,354,295,,1272228,1276532,1268296,1272600,4304,317b0cb76045460d4a69427c5760c4ca8d5a0e679bd3c1a42ede820ea4d50960,2041505331325f310100010000000000,,Nintendo Huffman,Probable,,True,Nintendo Huffman,Probable,False,5460033,,,,,,False,False
/wazaeffect/effectdata/waza_particle.narc,/wazaeffect/effectdata/waza_particle.narc!/member_00296,0,/wazaeffect/effectdata/waza_particle.narc,354,296,,1276532,1283652,1272600,1279720,7120,ec613c98881c598b760af0490d83446e627c7906fea4319b1d14133b2fa579cd,2041505331325f310400040000000000,,Nintendo Huffman,Probable,,True,Nintendo Huffman,Probable,False,5460033,,,,,,False,False
/wazaeffect/effectdata/waza_particle.narc,/wazaeffect/effectdata/waza_particle.narc!/member_00297,0,/wazaeffect/effectdata/waza_particle.narc,354,297,,1283652,1297872,1279720,1293940,14220,48f0ea9b5ddd8653502be1ca11c49171f4cfdedff65f769f6ab46ae64c20866d,2041505331325f310600040000000000,,Nintendo Huffman,Probable,,True,Nintendo Huffman,Probable,False,5460033,,,,,,False,False
/wazaeffect/effectdata/waza_particle.narc,/wazaeffect/effectdata/waza_particle.narc!/member_00298,0,/wazaeffect/effectdata/waza_particle.narc,354,298,,1297872,1304716,1293940,1300784,6844,2627c1f5731b8eb28c74cffb362bbf0511c9d369a9e43f1d336b8e4870d2b3e7,2041505331325f310200040000000000,,Nintendo Huffman,Probable,,True,Nintendo Huffman,Probable,False,5460033,,,,,,False,False
/wazaeffect/effectdata/waza_particle.narc,/wazaeffect/effectdata/waza_particle.narc!/member_00299,0,/wazaeffect/effectdata/waza_particle.narc,354,299,,1304716,1318448,1300784,1314516,13732,18ff3b0abdcbc647dcbdb37dbb77cafe07c3f033433ecce7847e9951827b8aeb,2041505331325f310300060000000000,,Nintendo Huffman,Probable,,True,Nintendo Huffman,Probable,False,5460033,,,,,,False,False
/wazaeffect/effectdata/waza_particle.narc,/wazaeffect/effectdata/waza_particle.narc!/member_00300,0,/wazaeffect/effectdata/waza_particle.narc,354,300,,1318448,1321604,1314516,1317672,3156,d0322a6c6edcd3d0331a32eff72bd835d2472ff09d10493563e554b660a4bcec,2041505331325f310300040000000000,,Nintendo Huffman,Probable,,True,Nintendo Huffman,Probable,False,5460033,,,,,,False,False
/wazaeffect/effectdata/waza_particle.narc,/wazaeffect/effectdata/waza_particle.narc!/member_00301,0,/wazaeffect/effectdata/waza_particle.narc,354,301,,1321604,1327544,1317672,1323612,5940,fb293734e516a6ab79a2c6118507627f3911638dce23fa4d77d33241abfb7534,2041505331325f310300030000000000,,Nintendo Huffman,Probable,,True,Nintendo Huffman,Probable,False,5460033,,,,,,False,False
/wazaeffect/effectdata/waza_particle.narc,/wazaeffect/effectdata/waza_particle.narc!/member_00302,0,/wazaeffect/effectdata/waza_particle.narc,354,302,,1327544,1328008,1323612,1324076,464,9042acec5a13c683931ea90dddf1ecea2906851426c434e55cf897f24551fff9,2041505331325f310100010000000000,,Nintendo Huffman,Probable,,True,Nintendo Huffman,Probable,False,5460033,,,,,,False,False
/wazaeffect/effectdata/waza_particle.narc,/wazaeffect/effectdata/waza_particle.narc!/member_00303,0,/wazaeffect/effectdata/waza_particle.narc,354,303,,1328008,1340984,1324076,1337052,12976,b8d0cb5ceb5821d767cfee78b68ea4092db40177fe60b6abc862be65920d9224,2041505331325f310400030000000000,,Nintendo Huffman,Probable,,True,Nintendo Huffman,Probable,False,5460033,,,,,,False,False
/wazaeffect/effectdata/waza_particle.narc,/wazaeffect/effectdata/waza_particle.narc!/member_00304,0,/wazaeffect/effectdata/waza_particle.narc,354,304,,1340984,1345724,1337052,1341792,4740,f3a6a01dd2cf8f6137471532fdf33491d5ea50ca55471abcd34abf70a9d95f45,2041505331325f310200020000000000,,Nintendo Huffman,Probable,,True,Nintendo Huffman,Probable,False,5460033,,,,,,False,False
/wazaeffect/effectdata/waza_particle.narc,/wazaeffect/effectdata/waza_particle.narc!/member_00305,0,/wazaeffect/effectdata/waza_particle.narc,354,305,,1345724,1345756,1341792,1341824,32,b29465b15cfb38d196b1b2071bc0d1b14e9ee4e59e321933ece407326f03dcf8,2041505331325f310000000000000000,,Nintendo Huffman,Probable,,True,Nintendo Huffman,Probable,False,5460033,,,,,,False,False
/wazaeffect/effectdata/waza_particle.narc,/wazaeffect/effectdata/waza_particle.narc!/member_00306,0,/wazaeffect/effectdata/waza_particle.narc,354,306,,1345756,1345788,1341824,1341856,32,b29465b15cfb38d196b1b2071bc0d1b14e9ee4e59e321933ece407326f03dcf8,2041505331325f310000000000000000,,Nintendo Huffman,Probable,,True,Nintendo Huffman,Probable,False,5460033,,,,,,False,False
/wazaeffect/effectdata/waza_particle.narc,/wazaeffect/effectdata/waza_particle.narc!/member_00307,0,/wazaeffect/effectdata/waza_particle.narc,354,307,,1345788,1345820,1341856,1341888,32,b29465b15cfb38d196b1b2071bc0d1b14e9ee4e59e321933ece407326f03dcf8,2041505331325f310000000000000000,,Nintendo Huffman,Probable,,True,Nintendo Huffman,Probable,False,5460033,,,,,,False,False
/wazaeffect/effectdata/waza_particle.narc,/wazaeffect/effectdata/waza_particle.narc!/member_00308,0,/wazaeffect/effectdata/waza_particle.narc,354,308,,1345820,1349276,1341888,1345344,3456,1bcdc8d315e3e53d2a0a0d2c0002a431b7ad9209346b9ae1d1456f8a3cc79370,2041505331325f310300050000000000,,Nintendo Huffman,Probable,,True,Nintendo Huffman,Probable,False,5460033,,,,,,False,False
/wazaeffect/effectdata/waza_particle.narc,/wazaeffect/effectdata/waza_particle.narc!/member_00309,0,/wazaeffect/effectdata/waza_particle.narc,354,309,,1349276,1361320,1345344,1357388,12044,82e2547442720ed347ccf3678ef6cc6baeae213e78112b6322d63d35aef63ef5,2041505331325f310400050000000000,,Nintendo Huffman,Probable,,True,Nintendo Huffman,Probable,False,5460033,,,,,,False,False
/wazaeffect/effectdata/waza_particle.narc,/wazaeffect/effectdata/waza_particle.narc!/member_00310,0,/wazaeffect/effectdata/waza_particle.narc,354,310,,1361320,1361352,1357388,1357420,32,b29465b15cfb38d196b1b2071bc0d1b14e9ee4e59e321933ece407326f03dcf8,2041505331325f310000000000000000,,Nintendo Huffman,Probable,,True,Nintendo Huffman,Probable,False,5460033,,,,,,False,False
/wazaeffect/effectdata/waza_particle.narc,/wazaeffect/effectdata/waza_particle.narc!/member_00311,0,/wazaeffect/effectdata/waza_particle.narc,354,311,,1361352,1362108,1357420,1358176,756,8354e5fcf7122b086ae3dcbd9d2abf3ad42194e1e2ca319c24f0bce96eef0e19,2041505331325f310100020000000000,,Nintendo Huffman,Probable,,True,Nintendo Huffman,Probable,False,5460033,,,,,,False,False
/wazaeffect/effectdata/waza_particle.narc,/wazaeffect/effectdata/waza_particle.narc!/member_00312,0,/wazaeffect/effectdata/waza_particle.narc,354,312,,1362108,1364952,1358176,1361020,2844,b30d486d9ff22cac09ce9ce8dc70ffaf20325a1f03f9c897bbb59433665211ce,2041505331325f310500040000000000,,Nintendo Huffman,Probable,,True,Nintendo Huffman,Probable,False,5460033,,,,,,False,False
/wazaeffect/effectdata/waza_particle.narc,/wazaeffect/effectdata/waza_particle.narc!/member_00313,0,/wazaeffect/effectdata/waza_particle.narc,354,313,,1364952,1388484,1361020,1384552,23532,afb424a0bfcb5827728e0a722645225973df4fe7849598fe69a66ac6d836074e,2041505331325f310700050000000000,,Nintendo Huffman,Probable,,True,Nintendo Huffman,Probable,False,5460033,,,,,,False,False
/wazaeffect/effectdata/waza_particle.narc,/wazaeffect/effectdata/waza_particle.narc!/member_00314,0,/wazaeffect/effectdata/waza_particle.narc,354,314,,1388484,1389732,1384552,1385800,1248,876283539ef4edda1c6292b7f1eadd525a69abb06688ad6350831cbff998050d,2041505331325f310100010000000000,,Nintendo Huffman,Probable,,True,Nintendo Huffman,Probable,False,5460033,,,,,,False,False
/wazaeffect/effectdata/waza_particle.narc,/wazaeffect/effectdata/waza_particle.narc!/member_00315,0,/wazaeffect/effectdata/waza_particle.narc,354,315,,1389732,1392608,1385800,1388676,2876,ae806fdfc65cd2c8e2b05dac2c9e323e3a3198895435d8ecab73fe1d442bcbf0,2041505331325f310100040000000000,,Nintendo Huffman,Probable,,True,Nintendo Huffman,Probable,False,5460033,,,,,,False,False
/wazaeffect/effectdata/waza_particle.narc,/wazaeffect/effectdata/waza_particle.narc!/member_00316,0,/wazaeffect/effectdata/waza_particle.narc,354,316,,1392608,1397708,1388676,1393776,5100,2d655466a037af9c6ef2ce0b6c475b021fa21e85fe622865af0a010e7d743373,2041505331325f310300020000000000,,Nintendo Huffman,Probable,,True,Nintendo Huffman,Probable,False,5460033,,,,,,False,False
/wazaeffect/effectdata/waza_particle.narc,/wazaeffect/effectdata/waza_particle.narc!/member_00317,0,/wazaeffect/effectdata/waza_particle.narc,354,317,,1397708,1400576,1393776,1396644,2868,f1d8635f82d3b80cd09a2ead4546f78ee33d612b36853a04b2c10084d834ff92,2041505331325f310300030000000000,,Nintendo Huffman,Probable,,True,Nintendo Huffman,Probable,False,5460033,,,,,,False,False
/wazaeffect/effectdata/waza_particle.narc,/wazaeffect/effectdata/waza_particle.narc!/member_00318,0,/wazaeffect/effectdata/waza_particle.narc,354,318,,1400576,1403420,1396644,1399488,2844,ea3d27971060f7b3535bb883a3c111237aef934ed55820ab0031950d1a9a9db7,2041505331325f310300030000000000,,Nintendo Huffman,Probable,,True,Nintendo Huffman,Probable,False,5460033,,,,,,False,False
/wazaeffect/effectdata/waza_particle.narc,/wazaeffect/effectdata/waza_particle.narc!/member_00319,0,/wazaeffect/effectdata/waza_particle.narc,354,319,,1403420,1407200,1399488,1403268,3780,205d6fb7053088940cd2aa72090eec70b1c3f35d5d8c2ecec6996bd9f114b76e,2041505331325f310400030000000000,,Nintendo Huffman,Probable,,True,Nintendo Huffman,Probable,False,5460033,,,,,,False,False
/wazaeffect/effectdata/waza_particle.narc,/wazaeffect/effectdata/waza_particle.narc!/member_00320,0,/wazaeffect/effectdata/waza_particle.narc,354,320,,1407200,1408432,1403268,1404500,1232,87efb7c759ac77b6830d197b655a1ec1cc3655ea4385acb2ba15be80d5d80903,2041505331325f310100010000000000,,Nintendo Huffman,Probable,,True,Nintendo Huffman,Probable,False,5460033,,,,,,False,False
/wazaeffect/effectdata/waza_particle.narc,/wazaeffect/effectdata/waza_particle.narc!/member_00321,0,/wazaeffect/effectdata/waza_particle.narc,354,321,,1408432,1413916,1404500,1409984,5484,e1146bcef41fb8ac2fc986410dcd0d12b5bf70249b32eec8796b14eb1a2c4484,2041505331325f310200020000000000,,Nintendo Huffman,Probable,,True,Nintendo Huffman,Probable,False,5460033,,,,,,False,False
/wazaeffect/effectdata/waza_particle.narc,/wazaeffect/effectdata/waza_particle.narc!/member_00322,0,/wazaeffect/effectdata/waza_particle.narc,354,322,,1413916,1425084,1409984,1421152,11168,62a3e92a54c18cca5811f7d837456e938002a0a2b7a656350f39f8c0725d6e37,2041505331325f310600040000000000,,Nintendo Huffman,Probable,,True,Nintendo Huffman,Probable,False,5460033,,,,,,False,False
/wazaeffect/effectdata/waza_particle.narc,/wazaeffect/effectdata/waza_particle.narc!/member_00323,0,/wazaeffect/effectdata/waza_particle.narc,354,323,,1425084,1425116,1421152,1421184,32,b29465b15cfb38d196b1b2071bc0d1b14e9ee4e59e321933ece407326f03dcf8,2041505331325f310000000000000000,,Nintendo Huffman,Probable,,True,Nintendo Huffman,Probable,False,5460033,,,,,,False,False
/wazaeffect/effectdata/waza_particle.narc,/wazaeffect/effectdata/waza_particle.narc!/member_00324,0,/wazaeffect/effectdata/waza_particle.narc,354,324,,1425116,1426336,1421184,1422404,1220,fd9c838d0fae51a4a17c7936b9b6d9d238c320d449368f97d2709447021b28df,2041505331325f310300020000000000,,Nintendo Huffman,Probable,,True,Nintendo Huffman,Probable,False,5460033,,,,,,False,False
/wazaeffect/effectdata/waza_particle.narc,/wazaeffect/effectdata/waza_particle.narc!/member_00325,0,/wazaeffect/effectdata/waza_particle.narc,354,325,,1426336,1435608,1422404,1431676,9272,51b963466a585dc323b2c11c3ab01b447172d6a88d80308fcae58cd6aa8ed3fd,2041505331325f310400060000000000,,Nintendo Huffman,Probable,,True,Nintendo Huffman,Probable,False,5460033,,,,,,False,False
/wazaeffect/effectdata/waza_particle.narc,/wazaeffect/effectdata/waza_particle.narc!/member_00326,0,/wazaeffect/effectdata/waza_particle.narc,354,326,,1435608,1439348,1431676,1435416,3740,cfa844f97c9c6955a734bc490882ae12a01f4c4ca4f55b32c7f27367a250bd8b,2041505331325f310400030000000000,,Nintendo Huffman,Probable,,True,Nintendo Huffman,Probable,False,5460033,,,,,,False,False
/wazaeffect/effectdata/waza_particle.narc,/wazaeffect/effectdata/waza_particle.narc!/member_00327,0,/wazaeffect/effectdata/waza_particle.narc,354,327,,1439348,1441760,1435416,1437828,2412,817393ebf4dc0dfbfe0d2481f47d9d052afc4f7a859daba821e79e0c999901f8,2041505331325f310200020000000000,,Nintendo Huffman,Probable,,True,Nintendo Huffman,Probable,False,5460033,,,,,,False,False
/wazaeffect/effectdata/waza_particle.narc,/wazaeffect/effectdata/waza_particle.narc!/member_00328,0,/wazaeffect/effectdata/waza_particle.narc,354,328,,1441760,1443928,1437828,1439996,2168,06171f51db4856a1f67e81a087affc96aecfd3d4ae048b0e4092950fe5711537,2041505331325f310d00010000000000,,Nintendo Huffman,Probable,,True,Nintendo Huffman,Probable,False,5460033,,,,,,False,False
/wazaeffect/effectdata/waza_particle.narc,/wazaeffect/effectdata/waza_particle.narc!/member_00329,0,/wazaeffect/effectdata/waza_particle.narc,354,329,,1443928,1462016,1439996,1458084,18088,ca23450cc7d6c3508597d8e05a37b64117c143cd63d1892590cbb3a123efa8dd,2041505331325f3104000c0000000000,,Nintendo Huffman,Probable,,True,Nintendo Huffman,Probable,False,5460033,,,,,,False,False
/wazaeffect/effectdata/waza_particle.narc,/wazaeffect/effectdata/waza_particle.narc!/member_00330,0,/wazaeffect/effectdata/waza_particle.narc,354,330,,1462016,1463376,1458084,1459444,1360,143ac185101dc0c06752e69a82e846513030efe1429cf996848fdb46de4d1078,2041505331325f310200010000000000,,Nintendo Huffman,Probable,,True,Nintendo Huffman,Probable,False,5460033,,,,,,False,False
/wazaeffect/effectdata/waza_particle.narc,/wazaeffect/effectdata/waza_particle.narc!/member_00331,0,/wazaeffect/effectdata/waza_particle.narc,354,331,,1463376,1469864,1459444,1465932,6488,1d2de7a1e9f72cbb8c506b65fc2d06443d58fa34df1c6731ec3e221cea455bf3,2041505331325f310200020000000000,,Nintendo Huffman,Probable,,True,Nintendo Huffman,Probable,False,5460033,,,,,,False,False
/wazaeffect/effectdata/waza_particle.narc,/wazaeffect/effectdata/waza_particle.narc!/member_00332,0,/wazaeffect/effectdata/waza_particle.narc,354,332,,1469864,1476328,1465932,1472396,6464,98398c621e5924202066bf45b08515970b91931a1e2b6a8ff1bb4cd1c35c073d,2041505331325f310300040000000000,,Nintendo Huffman,Probable,,True,Nintendo Huffman,Probable,False,5460033,,,,,,False,False
/wazaeffect/effectdata/waza_particle.narc,/wazaeffect/effectdata/waza_particle.narc!/member_00333,0,/wazaeffect/effectdata/waza_particle.narc,354,333,,1476328,1476360,1472396,1472428,32,b29465b15cfb38d196b1b2071bc0d1b14e9ee4e59e321933ece407326f03dcf8,2041505331325f310000000000000000,,Nintendo Huffman,Probable,,True,Nintendo Huffman,Probable,False,5460033,,,,,,False,False
/wazaeffect/effectdata/waza_particle.narc,/wazaeffect/effectdata/waza_particle.narc!/member_00334,0,/wazaeffect/effectdata/waza_particle.narc,354,334,,1476360,1477712,1472428,1473780,1352,87f245832e9c835f751257969d6753b5795b6cf6baa48ae9518b7a20602407f8,2041505331325f310200010000000000,,Nintendo Huffman,Probable,,True,Nintendo Huffman,Probable,False,5460033,,,,,,False,False
/wazaeffect/effectdata/waza_particle.narc,/wazaeffect/effectdata/waza_particle.narc!/member_00335,0,/wazaeffect/effectdata/waza_particle.narc,354,335,,1477712,1494668,1473780,1490736,16956,826beded698ebc8c53a3680572f087ccd4cd88e73cf5b30f57d46ed7eea4de56,2041505331325f310200020000000000,,Nintendo Huffman,Probable,,True,Nintendo Huffman,Probable,False,5460033,,,,,,False,False
/wazaeffect/effectdata/waza_particle.narc,/wazaeffect/effectdata/waza_particle.narc!/member_00336,0,/wazaeffect/effectdata/waza_particle.narc,354,336,,1494668,1503124,1490736,1499192,8456,70b4bd3ca305f479cd6d3985793ee0f14ce47387cef29ad0f41a1c6661be2c8e,2041505331325f310100020000000000,,Nintendo Huffman,Probable,,True,Nintendo Huffman,Probable,False,5460033,,,,,,False,False
/wazaeffect/effectdata/waza_particle.narc,/wazaeffect/effectdata/waza_particle.narc!/member_00337,0,/wazaeffect/effectdata/waza_particle.narc,354,337,,1503124,1507564,1499192,1503632,4440,f361529737772816a19338c430f1f0b182affd897e790993628229c7e2bcce25,2041505331325f310100040000000000,,Nintendo Huffman,Probable,,True,Nintendo Huffman,Probable,False,5460033,,,,,,False,False
/wazaeffect/effectdata/waza_particle.narc,/wazaeffect/effectdata/waza_particle.narc!/member_00338,0,/wazaeffect/effectdata/waza_particle.narc,354,338,,1507564,1507596,1503632,1503664,32,b29465b15cfb38d196b1b2071bc0d1b14e9ee4e59e321933ece407326f03dcf8,2041505331325f310000000000000000,,Nintendo Huffman,Probable,,True,Nintendo Huffman,Probable,False,5460033,,,,,,False,False
/wazaeffect/effectdata/waza_particle.narc,/wazaeffect/effectdata/waza_particle.narc!/member_00339,0,/wazaeffect/effectdata/waza_particle.narc,354,339,,1507596,1519100,1503664,1515168,11504,9c4ebcf8904d26d6609f440325bcb940189152f576f1273b8e6127dd74e85988,2041505331325f310400060000000000,,Nintendo Huffman,Probable,,True,Nintendo Huffman,Probable,False,5460033,,,,,,False,False
/wazaeffect/effectdata/waza_particle.narc,/wazaeffect/effectdata/waza_particle.narc!/member_00340,0,/wazaeffect/effectdata/waza_particle.narc,354,340,,1519100,1527040,1515168,1523108,7940,50266a3c928c9f0c056ed7de59f6701d9f36328e8fa74c38a26bd4386d1b4e96,2041505331325f310500040000000000,,Nintendo Huffman,Probable,,True,Nintendo Huffman,Probable,False,5460033,,,,,,False,False
/wazaeffect/effectdata/waza_particle.narc,/wazaeffect/effectdata/waza_particle.narc!/member_00341,0,/wazaeffect/effectdata/waza_particle.narc,354,341,,1527040,1530452,1523108,1526520,3412,55c3969f62d4bbcaa9a80996c273177eab69109a96f7d2fd3697eecbcbc7aca5,2041505331325f310900020000000000,,Nintendo Huffman,Probable,,True,Nintendo Huffman,Probable,False,5460033,,,,,,False,False
/wazaeffect/effectdata/waza_particle.narc,/wazaeffect/effectdata/waza_particle.narc!/member_00342,0,/wazaeffect/effectdata/waza_particle.narc,354,342,,1530452,1535384,1526520,1531452,4932,a2345e9fc02017bc0966c7c81aae9537d60abb2680a3b808f989558c8e6d205d,2041505331325f310300040000000000,,Nintendo Huffman,Probable,,True,Nintendo Huffman,Probable,False,5460033,,,,,,False,False
/wazaeffect/effectdata/waza_particle.narc,/wazaeffect/effectdata/waza_particle.narc!/member_00343,0,/wazaeffect/effectdata/waza_particle.narc,354,343,,1535384,1536616,1531452,1532684,1232,4d45550563291d98d85de5ee05defea12b0c49223d032eb22ca28f9c392f18e8,2041505331325f310100010000000000,,Nintendo Huffman,Probable,,True,Nintendo Huffman,Probable,False,5460033,,,,,,False,False
/wazaeffect/effectdata/waza_particle.narc,/wazaeffect/effectdata/waza_particle.narc!/member_00344,0,/wazaeffect/effectdata/waza_particle.narc,354,344,,1536616,1539584,1532684,1535652,2968,0127e49c5ddd932ee42ec1a962c0a9ef08a5b13719808e00793395da97e9c830,2041505331325f310400030000000000,,Nintendo Huffman,Probable,,True,Nintendo Huffman,Probable,False,5460033,,,,,,False,False
/wazaeffect/effectdata/waza_particle.narc,/wazaeffect/effectdata/waza_particle.narc!/member_00345,0,/wazaeffect/effectdata/waza_particle.narc,354,345,,1539584,1542108,1535652,1538176,2524,4bacfa6df063cd772016599f6d5f821cd37b4072082ae2017ecbdb20b7a871d9,2041505331325f310300020000000000,,Nintendo Huffman,Probable,,True,Nintendo Huffman,Probable,False,5460033,,,,,,False,False
/wazaeffect/effectdata/waza_particle.narc,/wazaeffect/effectdata/waza_particle.narc!/member_00346,0,/wazaeffect/effectdata/waza_particle.narc,354,346,,1542108,1549044,1538176,1545112,6936,81be7db212ff89b85cbb0961895d6df263e53c835d2e500064a5751e71a7aba4,2041505331325f310300040000000000,,Nintendo Huffman,Probable,,True,Nintendo Huffman,Probable,False,5460033,,,,,,False,False
/wazaeffect/effectdata/waza_particle.narc,/wazaeffect/effectdata/waza_particle.narc!/member_00347,0,/wazaeffect/effectdata/waza_particle.narc,354,347,,1549044,1552652,1545112,1548720,3608,33828048cd34560f52688933f241f630876527bf82b11a7e4ccbff5a959ef322,2041505331325f310300030000000000,,Nintendo Huffman,Probable,,True,Nintendo Huffman,Probable,False,5460033,,,,,,False,False
/wazaeffect/effectdata/waza_particle.narc,/wazaeffect/effectdata/waza_particle.narc!/member_00348,0,/wazaeffect/effectdata/waza_particle.narc,354,348,,1552652,1554444,1548720,1550512,1792,c9c3056992f2b30ccdbf7ed949c69be1f8157acbbcc074a17334d60775a94d01,2041505331325f310300020000000000,,Nintendo Huffman,Probable,,True,Nintendo Huffman,Probable,False,5460033,,,,,,False,False
/wazaeffect/effectdata/waza_particle.narc,/wazaeffect/effectdata/waza_particle.narc!/member_00349,0,/wazaeffect/effectdata/waza_particle.narc,354,349,,1554444,1556708,1550512,1552776,2264,112db795cee70e527a0cb71d5b22ab6fcbc00de07848a38df457e1ba754b1ac3,2041505331325f310400030000000000,,Nintendo Huffman,Probable,,True,Nintendo Huffman,Probable,False,5460033,,,,,,False,False
/wazaeffect/effectdata/waza_particle.narc,/wazaeffect/effectdata/waza_particle.narc!/member_00350,0,/wazaeffect/effectdata/waza_particle.narc,354,350,,1556708,1559108,1552776,1555176,2400,0d641c14cc05ce7c78a6293e9b9187acd85e05a53e2071d5b77791a03ff26b0b,2041505331325f310200020000000000,,Nintendo Huffman,Probable,,True,Nintendo Huffman,Probable,False,5460033,,,,,,False,False
/wazaeffect/effectdata/waza_particle.narc,/wazaeffect/effectdata/waza_particle.narc!/member_00351,0,/wazaeffect/effectdata/waza_particle.narc,354,351,,1559108,1559140,1555176,1555208,32,b29465b15cfb38d196b1b2071bc0d1b14e9ee4e59e321933ece407326f03dcf8,2041505331325f310000000000000000,,Nintendo Huffman,Probable,,True,Nintendo Huffman,Probable,False,5460033,,,,,,False,False
/wazaeffect/effectdata/waza_particle.narc,/wazaeffect/effectdata/waza_particle.narc!/member_00352,0,/wazaeffect/effectdata/waza_particle.narc,354,352,,1559140,1559172,1555208,1555240,32,b29465b15cfb38d196b1b2071bc0d1b14e9ee4e59e321933ece407326f03dcf8,2041505331325f310000000000000000,,Nintendo Huffman,Probable,,True,Nintendo Huffman,Probable,False,5460033,,,,,,False,False
/wazaeffect/effectdata/waza_particle.narc,/wazaeffect/effectdata/waza_particle.narc!/member_00353,0,/wazaeffect/effectdata/waza_particle.narc,354,353,,1559172,1563856,1555240,1559924,4684,912e956e484d9cad4834eabec27eba7e514ab178255939777dde803bbc82186b,2041505331325f310200020000000000,,Nintendo Huffman,Probable,,True,Nintendo Huffman,Probable,False,5460033,,,,,,False,False
/wazaeffect/effectdata/waza_particle.narc,/wazaeffect/effectdata/waza_particle.narc!/member_00354,0,/wazaeffect/effectdata/waza_particle.narc,354,354,,1563856,1566540,1559924,1562608,2684,506f55f4275d0ccb28cf8b42acc013d7abaa4e6061a9118fbf6ff938387cd47a,2041505331325f310200020000000000,,Nintendo Huffman,Probable,,True,Nintendo Huffman,Probable,False,5460033,,,,,,False,False
/wazaeffect/effectdata/waza_particle.narc,/wazaeffect/effectdata/waza_particle.narc!/member_00355,0,/wazaeffect/effectdata/waza_particle.narc,354,355,,1566540,1567004,1562608,1563072,464,5d9a4c6d85306d37d9fcdcaa8b721ad9f4dfbdb0102e194fd74469865cad6515,2041505331325f310100010000000000,,Nintendo Huffman,Probable,,True,Nintendo Huffman,Probable,False,5460033,,,,,,False,False
/wazaeffect/effectdata/waza_particle.narc,/wazaeffect/effectdata/waza_particle.narc!/member_00356,0,/wazaeffect/effectdata/waza_particle.narc,354,356,,1567004,1567036,1563072,1563104,32,b29465b15cfb38d196b1b2071bc0d1b14e9ee4e59e321933ece407326f03dcf8,2041505331325f310000000000000000,,Nintendo Huffman,Probable,,True,Nintendo Huffman,Probable,False,5460033,,,,,,False,False
/wazaeffect/effectdata/waza_particle.narc,/wazaeffect/effectdata/waza_particle.narc!/member_00357,0,/wazaeffect/effectdata/waza_particle.narc,354,357,,1567036,1571192,1563104,1567260,4156,478f9a6a163d22c2d9e0c82b5ea790c1c39ee8004c9afd585ef8d1370da0e1d0,2041505331325f310500040000000000,,Nintendo Huffman,Probable,,True,Nintendo Huffman,Probable,False,5460033,,,,,,False,False
/wazaeffect/effectdata/waza_particle.narc,/wazaeffect/effectdata/waza_particle.narc!/member_00358,0,/wazaeffect/effectdata/waza_particle.narc,354,358,,1571192,1581496,1567260,1577564,10304,33f7aee88277d7d1dd072d321c983b003772e1aee3e125cec14c0dcd3e911531,2041505331325f310f00070000000000,,Nintendo Huffman,Probable,,True,Nintendo Huffman,Probable,False,5460033,,,,,,False,False
/wazaeffect/effectdata/waza_particle.narc,/wazaeffect/effectdata/waza_particle.narc!/member_00359,0,/wazaeffect/effectdata/waza_particle.narc,354,359,,1581496,1595888,1577564,1591956,14392,b198db43d2dd339c85ddb7f96fb63611984a931095dea8aec9097c5b4ac1147d,2041505331325f310400050000000000,,Nintendo Huffman,Probable,,True,Nintendo Huffman,Probable,False,5460033,,,,,,False,False
/wazaeffect/effectdata/waza_particle.narc,/wazaeffect/effectdata/waza_particle.narc!/member_00360,0,/wazaeffect/effectdata/waza_particle.narc,354,360,,1595888,1596224,1591956,1592292,336,77909325cdb2ac6061faa4e08a67bd1c85bfab077f7f59e58dabf7688531ee38,2041505331325f310100010000000000,,Nintendo Huffman,Probable,,True,Nintendo Huffman,Probable,False,5460033,,,,,,False,False
/wazaeffect/effectdata/waza_particle.narc,/wazaeffect/effectdata/waza_particle.narc!/member_00361,0,/wazaeffect/effectdata/waza_particle.narc,354,361,,1596224,1603084,1592292,1599152,6860,8c4cc412075946861958e480f911777e0f17f9a0c3f1e746a85913633a5e9521,2041505331325f310700070000000000,,Nintendo Huffman,Probable,,True,Nintendo Huffman,Probable,False,5460033,,,,,,False,False
/wazaeffect/effectdata/waza_particle.narc,/wazaeffect/effectdata/waza_particle.narc!/member_00362,0,/wazaeffect/effectdata/waza_particle.narc,354,362,,1603084,1606284,1599152,1602352,3200,cf1370a4b3e98a402c4a79851ec0f5db9fcd25c448eb6e3227f7a651104f5608,2041505331325f310300040000000000,,Nintendo Huffman,Probable,,True,Nintendo Huffman,Probable,False,5460033,,,,,,False,False
/wazaeffect/effectdata/waza_particle.narc,/wazaeffect/effectdata/waza_particle.narc!/member_00363,0,/wazaeffect/effectdata/waza_particle.narc,354,363,,1606284,1612160,1602352,1608228,5876,f54e36b613c898046e928281766b2f1330c0d2da351c16b221943f3321dd709a,2041505331325f310300030000000000,,Nintendo Huffman,Probable,,True,Nintendo Huffman,Probable,False,5460033,,,,,,False,False
/wazaeffect/effectdata/waza_particle.narc,/wazaeffect/effectdata/waza_particle.narc!/member_00364,0,/wazaeffect/effectdata/waza_particle.narc,354,364,,1612160,1613772,1608228,1609840,1612,930066fce629587577a22f8ab6c48eccb4d27309e6c234e7ca49efa9ae846f9e,2041505331325f310200020000000000,,Nintendo Huffman,Probable,,True,Nintendo Huffman,Probable,False,5460033,,,,,,False,False
/wazaeffect/effectdata/waza_particle.narc,/wazaeffect/effectdata/waza_particle.narc!/member_00365,0,/wazaeffect/effectdata/waza_particle.narc,354,365,,1613772,1620428,1609840,1616496,6656,c6688666c699d0d8741d0a1875f3a002fed48717b39f6b76fb248c16c005714b,2041505331325f310500060000000000,,Nintendo Huffman,Probable,,True,Nintendo Huffman,Probable,False,5460033,,,,,,False,False
/wazaeffect/effectdata/waza_particle.narc,/wazaeffect/effectdata/waza_particle.narc!/member_00366,0,/wazaeffect/effectdata/waza_particle.narc,354,366,,1620428,1625812,1616496,1621880,5384,98e1686efee176e6ad0164e34df25b3343f1039e148fbb0aa740e0bcee3f0e39,2041505331325f310100020000000000,,Nintendo Huffman,Probable,,True,Nintendo Huffman,Probable,False,5460033,,,,,,False,False
/wazaeffect/effectdata/waza_particle.narc,/wazaeffect/effectdata/waza_particle.narc!/member_00367,0,/wazaeffect/effectdata/waza_particle.narc,354,367,,1625812,1628368,1621880,1624436,2556,3e793902ae50410c22aa8464e609f78cafb3cf651b7ee40f719d5a61c2a9f411,2041505331325f310300020000000000,,Nintendo Huffman,Probable,,True,Nintendo Huffman,Probable,False,5460033,,,,,,False,False
/wazaeffect/effectdata/waza_particle.narc,/wazaeffect/effectdata/waza_particle.narc!/member_00368,0,/wazaeffect/effectdata/waza_particle.narc,354,368,,1628368,1636832,1624436,1632900,8464,c48fef8e067cb98ccf428e366cb0ae17924ddb5a74b2124434d7f536b54e964f,2041505331325f310500080000000000,,Nintendo Huffman,Probable,,True,Nintendo Huffman,Probable,False,5460033,,,,,,False,False
/wazaeffect/effectdata/waza_particle.narc,/wazaeffect/effectdata/waza_particle.narc!/member_00369,0,/wazaeffect/effectdata/waza_particle.narc,354,369,,1636832,1640412,1632900,1636480,3580,5dcf91860fb4fb351035ea449a5bbad65d12f5ad8b675c78359dd44b18308143,2041505331325f310300030000000000,,Nintendo Huffman,Probable,,True,Nintendo Huffman,Probable,False,5460033,,,,,,False,False
/wazaeffect/effectdata/waza_particle.narc,/wazaeffect/effectdata/waza_particle.narc!/member_00370,0,/wazaeffect/effectdata/waza_particle.narc,354,370,,1640412,1646124,1636480,1642192,5712,4507cfac11477c98c2f9d22f78d6c5023a9aab15fba733bbb7d9c7b629789bb0,2041505331325f310300040000000000,,Nintendo Huffman,Probable,,True,Nintendo Huffman,Probable,False,5460033,,,,,,False,False
/wazaeffect/effectdata/waza_particle.narc,/wazaeffect/effectdata/waza_particle.narc!/member_00371,0,/wazaeffect/effectdata/waza_particle.narc,354,371,,1646124,1653792,1642192,1649860,7668,71a66f83b13a1fc8ded5ad24a60752df237bf1cc3d928a4ba5a93970e5e907f7,2041505331325f310600050000000000,,Nintendo Huffman,Probable,,True,Nintendo Huffman,Probable,False,5460033,,,,,,False,False
/wazaeffect/effectdata/waza_particle.narc,/wazaeffect/effectdata/waza_particle.narc!/member_00372,0,/wazaeffect/effectdata/waza_particle.narc,354,372,,1653792,1656520,1649860,1652588,2728,94dd742090180769dc8e84a31c31b12b6e0834e93f0fd81d513eac2288e1b9bc,2041505331325f310200030000000000,,Nintendo Huffman,Probable,,True,Nintendo Huffman,Probable,False,5460033,,,,,,False,False
/wazaeffect/effectdata/waza_particle.narc,/wazaeffect/effectdata/waza_particle.narc!/member_00373,0,/wazaeffect/effectdata/waza_particle.narc,354,373,,1656520,1681988,1652588,1678056,25468,ce143e8b91fc777533c96523c87fd5120372adb1b1a1f7408098df7da69cf19a,2041505331325f310300070000000000,,Nintendo Huffman,Probable,,True,Nintendo Huffman,Probable,False,5460033,,,,,,False,False
/wazaeffect/effectdata/waza_particle.narc,/wazaeffect/effectdata/waza_particle.narc!/member_00374,0,/wazaeffect/effectdata/waza_particle.narc,354,374,,1681988,1689600,1678056,1685668,7612,07f5050c32ef2bebb618333c5cf2ce45b717c94dd0dfe1fd365a94d2193fb738,2041505331325f310400050000000000,,Nintendo Huffman,Probable,,True,Nintendo Huffman,Probable,False,5460033,,,,,,False,False
/wazaeffect/effectdata/waza_particle.narc,/wazaeffect/effectdata/waza_particle.narc!/member_00375,0,/wazaeffect/effectdata/waza_particle.narc,354,375,,1689600,1704636,1685668,1700704,15036,ab7adcead0739f3dd460ba0e99ccd20839f6b42f9a4671ab040ce250e65fdfad,2041505331325f310400050000000000,,Nintendo Huffman,Probable,,True,Nintendo Huffman,Probable,False,5460033,,,,,,False,False
/wazaeffect/effectdata/waza_particle.narc,/wazaeffect/effectdata/waza_particle.narc!/member_00376,0,/wazaeffect/effectdata/waza_particle.narc,354,376,,1704636,1710224,1700704,1706292,5588,0edfe873570a2435fcab6489db556b04b8f3cf6117f1c54ac3594f1efd0c6f2e,2041505331325f310300020000000000,,Nintendo Huffman,Probable,,True,Nintendo Huffman,Probable,False,5460033,,,,,,False,False
/wazaeffect/effectdata/waza_particle.narc,/wazaeffect/effectdata/waza_particle.narc!/member_00377,0,/wazaeffect/effectdata/waza_particle.narc,354,377,,1710224,1716548,1706292,1712616,6324,a129cc028b929c364d6fbf82ccd0aba46e959bc03b3a1ca9386750d1b8355a22,2041505331325f310400040000000000,,Nintendo Huffman,Probable,,True,Nintendo Huffman,Probable,False,5460033,,,,,,False,False
/wazaeffect/effectdata/waza_particle.narc,/wazaeffect/effectdata/waza_particle.narc!/member_00378,0,/wazaeffect/effectdata/waza_particle.narc,354,378,,1716548,1727012,1712616,1723080,10464,75d53036a5b16a3a22737f006935d6cc51861c49bcec6162ce8c9264a0d0064b,2041505331325f310400050000000000,,Nintendo Huffman,Probable,,True,Nintendo Huffman,Probable,False,5460033,,,,,,False,False
/wazaeffect/effectdata/waza_particle.narc,/wazaeffect/effectdata/waza_particle.narc!/member_00379,0,/wazaeffect/effectdata/waza_particle.narc,354,379,,1727012,1733440,1723080,1729508,6428,146717a9891b0223f06f43c2e850cde5bb0dea46c34eb8fdb847929082695c10,2041505331325f310300040000000000,,Nintendo Huffman,Probable,,True,Nintendo Huffman,Probable,False,5460033,,,,,,False,False
/wazaeffect/effectdata/waza_particle.narc,/wazaeffect/effectdata/waza_particle.narc!/member_00380,0,/wazaeffect/effectdata/waza_particle.narc,354,380,,1733440,1742556,1729508,1738624,9116,c2ba4d7ca47c613d48d2fa94af144d246b5d4131d0105359df7ddc553887341e,2041505331325f310400030000000000,,Nintendo Huffman,Probable,,True,Nintendo Huffman,Probable,False,5460033,,,,,,False,False
/wazaeffect/effectdata/waza_particle.narc,/wazaeffect/effectdata/waza_particle.narc!/member_00381,0,/wazaeffect/effectdata/waza_particle.narc,354,381,,1742556,1745184,1738624,1741252,2628,b0322135c2138b1dff3df65969bec09794417aa211e4d340bc97809e60105cfa,2041505331325f310400020000000000,,Nintendo Huffman,Probable,,True,Nintendo Huffman,Probable,False,5460033,,,,,,False,False
/wazaeffect/effectdata/waza_particle.narc,/wazaeffect/effectdata/waza_particle.narc!/member_00382,0,/wazaeffect/effectdata/waza_particle.narc,354,382,,1745184,1746844,1741252,1742912,1660,85adbfcdb9540c5eec8dea0637a68decfb22a265d4d3c505fd6e6e0821cb304f,2041505331325f310200020000000000,,Nintendo Huffman,Probable,,True,Nintendo Huffman,Probable,False,5460033,,,,,,False,False
/wazaeffect/effectdata/waza_particle.narc,/wazaeffect/effectdata/waza_particle.narc!/member_00383,0,/wazaeffect/effectdata/waza_particle.narc,354,383,,1746844,1764012,1742912,1760080,17168,aa4e2209bec659b33939f1a54924b94cae448b08d85c0aa36dc2b7c7219bbc2b,2041505331325f310400020000000000,,Nintendo Huffman,Probable,,True,Nintendo Huffman,Probable,False,5460033,,,,,,False,False
/wazaeffect/effectdata/waza_particle.narc,/wazaeffect/effectdata/waza_particle.narc!/member_00384,0,/wazaeffect/effectdata/waza_particle.narc,354,384,,1764012,1770636,1760080,1766704,6624,3e18528fd319708fc0ea1e1ae9d510b2db1517d9232c4c6e685d9802c68f2008,2041505331325f310300030000000000,,Nintendo Huffman,Probable,,True,Nintendo Huffman,Probable,False,5460033,,,,,,False,False
/wazaeffect/effectdata/waza_particle.narc,/wazaeffect/effectdata/waza_particle.narc!/member_00385,0,/wazaeffect/effectdata/waza_particle.narc,354,385,,1770636,1773408,1766704,1769476,2772,3d14dc47946bb789374422d9f8f9112c019a479b0b50c2c9acae94be69da2b24,2041505331325f310400050000000000,,Nintendo Huffman,Probable,,True,Nintendo Huffman,Probable,False,5460033,,,,,,False,False
/wazaeffect/effectdata/waza_particle.narc,/wazaeffect/effectdata/waza_particle.narc!/member_00386,0,/wazaeffect/effectdata/waza_particle.narc,354,386,,1773408,1784368,1769476,1780436,10960,deeef00479e347254b057e5166d8035676d244baf5c7ba1199f5f39178bc1331,2041505331325f310800050000000000,,Nintendo Huffman,Probable,,True,Nintendo Huffman,Probable,False,5460033,,,,,,False,False
/wazaeffect/effectdata/waza_particle.narc,/wazaeffect/effectdata/waza_particle.narc!/member_00387,0,/wazaeffect/effectdata/waza_particle.narc,354,387,,1784368,1787504,1780436,1783572,3136,04769f54acc2956a6fefe4723d30dcdb5b09b4dfbe17f239512056543c5d44ba,2041505331325f310300040000000000,,Nintendo Huffman,Probable,,True,Nintendo Huffman,Probable,False,5460033,,,,,,False,False
/wazaeffect/effectdata/waza_particle.narc,/wazaeffect/effectdata/waza_particle.narc!/member_00388,0,/wazaeffect/effectdata/waza_particle.narc,354,388,,1787504,1789708,1783572,1785776,2204,29c95fd0593b82549f644c39bc150abea0c217596eb57a1abf48629ded003493,2041505331325f310400030000000000,,Nintendo Huffman,Probable,,True,Nintendo Huffman,Probable,False,5460033,,,,,,False,False
/wazaeffect/effectdata/waza_particle.narc,/wazaeffect/effectdata/waza_particle.narc!/member_00389,0,/wazaeffect/effectdata/waza_particle.narc,354,389,,1789708,1795132,1785776,1791200,5424,b0fb55aa903e2c550ab86ca5f114570f7530f82706824973297cdf7f91ce240f,2041505331325f310300040000000000,,Nintendo Huffman,Probable,,True,Nintendo Huffman,Probable,False,5460033,,,,,,False,False
/wazaeffect/effectdata/waza_particle.narc,/wazaeffect/effectdata/waza_particle.narc!/member_00390,0,/wazaeffect/effectdata/waza_particle.narc,354,390,,1795132,1796012,1791200,1792080,880,42b54c8e375bf05fec295467e947bb34e16a920ee6c018b48047082c23ad2d17,2041505331325f310200020000000000,,Nintendo Huffman,Probable,,True,Nintendo Huffman,Probable,False,5460033,,,,,,False,False
/wazaeffect/effectdata/waza_particle.narc,/wazaeffect/effectdata/waza_particle.narc!/member_00391,0,/wazaeffect/effectdata/waza_particle.narc,354,391,,1796012,1808172,1792080,1804240,12160,96e932510211790331da594abddb5301c4f40b0645cc9e413f8182c6e34a2464,2041505331325f310300060000000000,,Nintendo Huffman,Probable,,True,Nintendo Huffman,Probable,False,5460033,,,,,,False,False
/wazaeffect/effectdata/waza_particle.narc,/wazaeffect/effectdata/waza_particle.narc!/member_00392,0,/wazaeffect/effectdata/waza_particle.narc,354,392,,1808172,1813868,1804240,1809936,5696,c1eeb23ecf1e541558accf472c78489b9f66e10041beebbf9971bbfa2153c3e8,2041505331325f310400020000000000,,Nintendo Huffman,Probable,,True,Nintendo Huffman,Probable,False,5460033,,,,,,False,False
/wazaeffect/effectdata/waza_particle.narc,/wazaeffect/effectdata/waza_particle.narc!/member_00393,0,/wazaeffect/effectdata/waza_particle.narc,354,393,,1813868,1816352,1809936,1812420,2484,cd088412e6f704a484e0b853f463974802b60821d87fa99074dcc87582c81a8e,2041505331325f310400040000000000,,Nintendo Huffman,Probable,,True,Nintendo Huffman,Probable,False,5460033,,,,,,False,False
/wazaeffect/effectdata/waza_particle.narc,/wazaeffect/effectdata/waza_particle.narc!/member_00394,0,/wazaeffect/effectdata/waza_particle.narc,354,394,,1816352,1817864,1812420,1813932,1512,274f49be350f13e32776b9afafbeb67a42c746729f6a7a796cd7320c795dc609,2041505331325f310100020000000000,,Nintendo Huffman,Probable,,True,Nintendo Huffman,Probable,False,5460033,,,,,,False,False
/wazaeffect/effectdata/waza_particle.narc,/wazaeffect/effectdata/waza_particle.narc!/member_00395,0,/wazaeffect/effectdata/waza_particle.narc,354,395,,1817864,1826704,1813932,1822772,8840,d2e2bd338d905c1b4b24df5810dad133f8743b79d22074b0ffec4b45eac3ad8f,2041505331325f310200030000000000,,Nintendo Huffman,Probable,,True,Nintendo Huffman,Probable,False,5460033,,,,,,False,False
/wazaeffect/effectdata/waza_particle.narc,/wazaeffect/effectdata/waza_particle.narc!/member_00396,0,/wazaeffect/effectdata/waza_particle.narc,354,396,,1826704,1828452,1822772,1824520,1748,7e8d8b4b57e86d8c3719b1c84b534331245d47e465dd004a653692c18b68c89a,2041505331325f310300020000000000,,Nintendo Huffman,Probable,,True,Nintendo Huffman,Probable,False,5460033,,,,,,False,False
/wazaeffect/effectdata/waza_particle.narc,/wazaeffect/effectdata/waza_particle.narc!/member_00397,0,/wazaeffect/effectdata/waza_particle.narc,354,397,,1828452,1830108,1824520,1826176,1656,499671d9aaa8b47f031abdbcf8c907805da88604b41a37b154a8c136136593d0,2041505331325f310200020000000000,,Nintendo Huffman,Probable,,True,Nintendo Huffman,Probable,False,5460033,,,,,,False,False
/wazaeffect/effectdata/waza_particle.narc,/wazaeffect/effectdata/waza_particle.narc!/member_00398,0,/wazaeffect/effectdata/waza_particle.narc,354,398,,1830108,1832816,1826176,1828884,2708,570ca386a4657cb9719b7eaf992d6214a6d4b6f90dfbcfb6bb1becc59ec30b04,2041505331325f310200030000000000,,Nintendo Huffman,Probable,,True,Nintendo Huffman,Probable,False,5460033,,,,,,False,False
/wazaeffect/effectdata/waza_particle.narc,/wazaeffect/effectdata/waza_particle.narc!/member_00399,0,/wazaeffect/effectdata/waza_particle.narc,354,399,,1832816,1835012,1828884,1831080,2196,9dbe73af3bc939230602f8c43ff706f632ba72e03dd993fda44a02171719525b,2041505331325f310400030000000000,,Nintendo Huffman,Probable,,True,Nintendo Huffman,Probable,False,5460033,,,,,,False,False
/wazaeffect/effectdata/waza_particle.narc,/wazaeffect/effectdata/waza_particle.narc!/member_00400,0,/wazaeffect/effectdata/waza_particle.narc,354,400,,1835012,1837208,1831080,1833276,2196,83f9ba6784df209df041958f3b840ccf59e14d733ff530f3e0f4878ce33bf1fa,2041505331325f310400030000000000,,Nintendo Huffman,Probable,,True,Nintendo Huffman,Probable,False,5460033,,,,,,False,False
/wazaeffect/effectdata/waza_particle.narc,/wazaeffect/effectdata/waza_particle.narc!/member_00401,0,/wazaeffect/effectdata/waza_particle.narc,354,401,,1837208,1837672,1833276,1833740,464,01c124551d919fe085438728f32bbb74ce24e443cd0674897c149fac395f667d,2041505331325f310100010000000000,,Nintendo Huffman,Probable,,True,Nintendo Huffman,Probable,False,5460033,,,,,,False,False
/wazaeffect/effectdata/waza_particle.narc,/wazaeffect/effectdata/waza_particle.narc!/member_00402,0,/wazaeffect/effectdata/waza_particle.narc,354,402,,1837672,1838136,1833740,1834204,464,efae1ac8125c9c312099e373f22da753b5a108903d8257da82eba5d0296c50a8,2041505331325f310100010000000000,,Nintendo Huffman,Probable,,True,Nintendo Huffman,Probable,False,5460033,,,,,,False,False
/wazaeffect/effectdata/waza_particle.narc,/wazaeffect/effectdata/waza_particle.narc!/member_00403,0,/wazaeffect/effectdata/waza_particle.narc,354,403,,1838136,1847700,1834204,1843768,9564,993d4023a4ecbd161d99f25547c3dbd51dc53f1f3903f176cfd22750c3b6140c,2041505331325f310300050000000000,,Nintendo Huffman,Probable,,True,Nintendo Huffman,Probable,False,5460033,,,,,,False,False
/wazaeffect/effectdata/waza_particle.narc,/wazaeffect/effectdata/waza_particle.narc!/member_00404,0,/wazaeffect/effectdata/waza_particle.narc,354,404,,1847700,1854400,1843768,1850468,6700,db79823072fa51da0cf105c0c76f05382a8dd812a81d70e228c263f0716b5c3a,2041505331325f310300030000000000,,Nintendo Huffman,Probable,,True,Nintendo Huffman,Probable,False,5460033,,,,,,False,False
/wazaeffect/effectdata/waza_particle.narc,/wazaeffect/effectdata/waza_particle.narc!/member_00405,0,/wazaeffect/effectdata/waza_particle.narc,354,405,,1854400,1859872,1850468,1855940,5472,34ca1588707a9e1ed7612841fd755ff3bc0900b51ef25e614d1917a90c46805f,2041505331325f310200020000000000,,Nintendo Huffman,Probable,,True,Nintendo Huffman,Probable,False,5460033,,,,,,False,False
/wazaeffect/effectdata/waza_particle.narc,/wazaeffect/effectdata/waza_particle.narc!/member_00406,0,/wazaeffect/effectdata/waza_particle.narc,354,406,,1859872,1866844,1855940,1862912,6972,371dc73e890ebbf2c50e55a873ec68221a839d6ce4581f4d3d54ee268f99d676,2041505331325f310300040000000000,,Nintendo Huffman,Probable,,True,Nintendo Huffman,Probable,False,5460033,,,,,,False,False
/wazaeffect/effectdata/waza_particle.narc,/wazaeffect/effectdata/waza_particle.narc!/member_00407,0,/wazaeffect/effectdata/waza_particle.narc,354,407,,1866844,1869612,1862912,1865680,2768,ce9fef5562fa11c98a37c5cbf0cb6917b286ee640dd6bc66a74a5f796030cc12,2041505331325f310300030000000000,,Nintendo Huffman,Probable,,True,Nintendo Huffman,Probable,False,5460033,,,,,,False,False
/wazaeffect/effectdata/waza_particle.narc,/wazaeffect/effectdata/waza_particle.narc!/member_00408,0,/wazaeffect/effectdata/waza_particle.narc,354,408,,1869612,1871808,1865680,1867876,2196,34ec73d20e8db78af8eda2e1f082697604018b59672bbee6a0912a1e1a71398d,2041505331325f310400030000000000,,Nintendo Huffman,Probable,,True,Nintendo Huffman,Probable,False,5460033,,,,,,False,False
/wazaeffect/effectdata/waza_particle.narc,/wazaeffect/effectdata/waza_particle.narc!/member_00409,0,/wazaeffect/effectdata/waza_particle.narc,354,409,,1871808,1874232,1867876,1870300,2424,def8d793317899b4759001b2a8b5df2587f3296572d7b3ddad5973f3c408fcff,2041505331325f310200020000000000,,Nintendo Huffman,Probable,,True,Nintendo Huffman,Probable,False,5460033,,,,,,False,False
/wazaeffect/effectdata/waza_particle.narc,/wazaeffect/effectdata/waza_particle.narc!/member_00410,0,/wazaeffect/effectdata/waza_particle.narc,354,410,,1874232,1875876,1870300,1871944,1644,c59c658e30a1f0fb2b0a25f53fb63acae5c81142327f9335c4c8bddf397b33cb,2041505331325f310200020000000000,,Nintendo Huffman,Probable,,True,Nintendo Huffman,Probable,False,5460033,,,,,,False,False
/wazaeffect/effectdata/waza_particle.narc,/wazaeffect/effectdata/waza_particle.narc!/member_00411,0,/wazaeffect/effectdata/waza_particle.narc,354,411,,1875876,1877716,1871944,1873784,1840,ae157bb32f26596be980420c232d6705c4640591cb5b71481828f825383a6f3e,2041505331325f310300040000000000,,Nintendo Huffman,Probable,,True,Nintendo Huffman,Probable,False,5460033,,,,,,False,False
/wazaeffect/effectdata/waza_particle.narc,/wazaeffect/effectdata/waza_particle.narc!/member_00412,0,/wazaeffect/effectdata/waza_particle.narc,354,412,,1877716,1888020,1873784,1884088,10304,79a4e03eb9046919fd504f2b78409673ff06ff1fe1be1286418f2bb2af6f6a4e,2041505331325f310500040000000000,,Nintendo Huffman,Probable,,True,Nintendo Huffman,Probable,False,5460033,,,,,,False,False
/wazaeffect/effectdata/waza_particle.narc,/wazaeffect/effectdata/waza_particle.narc!/member_00413,0,/wazaeffect/effectdata/waza_particle.narc,354,413,,1888020,1897276,1884088,1893344,9256,95ef9a66a758dbbad3902be631d9b586cb4eca2f2106c31013c5ea4a5fe2b327,2041505331325f310500030000000000,,Nintendo Huffman,Probable,,True,Nintendo Huffman,Probable,False,5460033,,,,,,False,False
/wazaeffect/effectdata/waza_particle.narc,/wazaeffect/effectdata/waza_particle.narc!/member_00414,0,/wazaeffect/effectdata/waza_particle.narc,354,414,,1897276,1901992,1893344,1898060,4716,59abe9805446f0c5c9301777dc497ce81039d2507f1d68659581e209d3baa7ca,2041505331325f310200020000000000,,Nintendo Huffman,Probable,,True,Nintendo Huffman,Probable,False,5460033,,,,,,False,False
/wazaeffect/effectdata/waza_particle.narc,/wazaeffect/effectdata/waza_particle.narc!/member_00415,0,/wazaeffect/effectdata/waza_particle.narc,354,415,,1901992,1907804,1898060,1903872,5812,b14ed7c0bd47892b9dd884d2b2fb0f5a23f89dd7ac89f6199d9c3966336d353a,2041505331325f310200030000000000,,Nintendo Huffman,Probable,,True,Nintendo Huffman,Probable,False,5460033,,,,,,False,False
/wazaeffect/effectdata/waza_particle.narc,/wazaeffect/effectdata/waza_particle.narc!/member_00416,0,/wazaeffect/effectdata/waza_particle.narc,354,416,,1907804,1913600,1903872,1909668,5796,c612da1ed16cc331cf73266e7bc95ccad42e51345860a7f1fe71dd7dfa6ce4e0,2041505331325f310200030000000000,,Nintendo Huffman,Probable,,True,Nintendo Huffman,Probable,False,5460033,,,,,,False,False
/wazaeffect/effectdata/waza_particle.narc,/wazaeffect/effectdata/waza_particle.narc!/member_00417,0,/wazaeffect/effectdata/waza_particle.narc,354,417,,1913600,1917252,1909668,1913320,3652,a12a654dd7a9b922691cc3e14a831dc7697b63c28b997070037e3f626f020afa,2041505331325f310500040000000000,,Nintendo Huffman,Probable,,True,Nintendo Huffman,Probable,False,5460033,,,,,,False,False
/wazaeffect/effectdata/waza_particle.narc,/wazaeffect/effectdata/waza_particle.narc!/member_00418,0,/wazaeffect/effectdata/waza_particle.narc,354,418,,1917252,1920092,1913320,1916160,2840,49f507cdd2e59f7e12229c5d4fececb139ae7244125b86e82e33ccf0228a4f95,2041505331325f310300030000000000,,Nintendo Huffman,Probable,,True,Nintendo Huffman,Probable,False,5460033,,,,,,False,False
/wazaeffect/effectdata/waza_particle.narc,/wazaeffect/effectdata/waza_particle.narc!/member_00419,0,/wazaeffect/effectdata/waza_particle.narc,354,419,,1920092,1922096,1916160,1918164,2004,528f8febdfd7b0e8ae9f4fa0d74b7ba85253154320f25b24be189dcab49a3011,2041505331325f310200030000000000,,Nintendo Huffman,Probable,,True,Nintendo Huffman,Probable,False,5460033,,,,,,False,False
/wazaeffect/effectdata/waza_particle.narc,/wazaeffect/effectdata/waza_particle.narc!/member_00420,0,/wazaeffect/effectdata/waza_particle.narc,354,420,,1922096,1922680,1918164,1918748,584,d816670e25b8efe9af6557e73d295cb9dc5b94f1db03111efd063006734f7582,2041505331325f310200010000000000,,Nintendo Huffman,Probable,,True,Nintendo Huffman,Probable,False,5460033,,,,,,False,False
/wazaeffect/effectdata/waza_particle.narc,/wazaeffect/effectdata/waza_particle.narc!/member_00421,0,/wazaeffect/effectdata/waza_particle.narc,354,421,,1922680,1923488,1918748,1919556,808,0b3b604326ba158a38f2544120799fac2a44b563297263172d5c31fbc0bd1438,2041505331325f310400010000000000,,Nintendo Huffman,Probable,,True,Nintendo Huffman,Probable,False,5460033,,,,,,False,False
/wazaeffect/effectdata/waza_particle.narc,/wazaeffect/effectdata/waza_particle.narc!/member_00422,0,/wazaeffect/effectdata/waza_particle.narc,354,422,,1923488,1926240,1919556,1922308,2752,eac38b10cd055509223e5f9614b76cef7405c32ff5fc98eb3ad0073a32289bd3,2041505331325f310500020000000000,,Nintendo Huffman,Probable,,True,Nintendo Huffman,Probable,False,5460033,,,,,,False,False
/wazaeffect/effectdata/waza_particle.narc,/wazaeffect/effectdata/waza_particle.narc!/member_00423,0,/wazaeffect/effectdata/waza_particle.narc,354,423,,1926240,1934832,1922308,1930900,8592,c18108d75ac140977da0aa587e7d974ef62be7b6db5a7d6705d88f1958747c16,2041505331325f310500060000000000,,Nintendo Huffman,Probable,,True,Nintendo Huffman,Probable,False,5460033,,,,,,False,False
/wazaeffect/effectdata/waza_particle.narc,/wazaeffect/effectdata/waza_particle.narc!/member_00424,0,/wazaeffect/effectdata/waza_particle.narc,354,424,,1934832,1944756,1930900,1940824,9924,95cc29b085a447b0b3cfcf3aa56e18d554ecfacac94390511f79083f45ea5aa0,2041505331325f310400030000000000,,Nintendo Huffman,Probable,,True,Nintendo Huffman,Probable,False,5460033,,,,,,False,False
/wazaeffect/effectdata/waza_particle.narc,/wazaeffect/effectdata/waza_particle.narc!/member_00425,0,/wazaeffect/effectdata/waza_particle.narc,354,425,,1944756,1946064,1940824,1942132,1308,0916dff3a4fe0b5e03fe6ba967c9379474b0b35eceb7dab0db478c85d370e8e0,2041505331325f310300030000000000,,Nintendo Huffman,Probable,,True,Nintendo Huffman,Probable,False,5460033,,,,,,False,False
/wazaeffect/effectdata/waza_particle.narc,/wazaeffect/effectdata/waza_particle.narc!/member_00426,0,/wazaeffect/effectdata/waza_particle.narc,354,426,,1946064,1948284,1942132,1944352,2220,be8dbfb914807d6155dd7305b934262d20be8764cbbacd13ce72e56bde812b7d,2041505331325f310400030000000000,,Nintendo Huffman,Probable,,True,Nintendo Huffman,Probable,False,5460033,,,,,,False,False
/wazaeffect/effectdata/waza_particle.narc,/wazaeffect/effectdata/waza_particle.narc!/member_00427,0,/wazaeffect/effectdata/waza_particle.narc,354,427,,1948284,1952316,1944352,1948384,4032,51c071c11900ff51885a6d68316feedacf45c58c6fa981ef9d807539ecccb7c6,2041505331325f310400040000000000,,Nintendo Huffman,Probable,,True,Nintendo Huffman,Probable,False,5460033,,,,,,False,False
/wazaeffect/effectdata/waza_particle.narc,/wazaeffect/effectdata/waza_particle.narc!/member_00428,0,/wazaeffect/effectdata/waza_particle.narc,354,428,,1952316,1964960,1948384,1961028,12644,2fc2c6d7df9865e9fc3ad240036447d87a6538a9896918b2590f546c44adde23,2041505331325f310400070000000000,,Nintendo Huffman,Probable,,True,Nintendo Huffman,Probable,False,5460033,,,,,,False,False
/wazaeffect/effectdata/waza_particle.narc,/wazaeffect/effectdata/waza_particle.narc!/member_00429,0,/wazaeffect/effectdata/waza_particle.narc,354,429,,1964960,1974084,1961028,1970152,9124,16dbab9c5dee9c8b3994d1205b250276c94fbde32af0f0d7dd0910446a00f685,2041505331325f310300030000000000,,Nintendo Huffman,Probable,,True,Nintendo Huffman,Probable,False,5460033,,,,,,False,False
/wazaeffect/effectdata/waza_particle.narc,/wazaeffect/effectdata/waza_particle.narc!/member_00430,0,/wazaeffect/effectdata/waza_particle.narc,354,430,,1974084,1983828,1970152,1979896,9744,524db713521acdc31bcfb8e61070b9d641d189ad3775d123493f7ab822913ddc,2041505331325f310a00070000000000,,Nintendo Huffman,Probable,,True,Nintendo Huffman,Probable,False,5460033,,,,,,False,False
/wazaeffect/effectdata/waza_particle.narc,/wazaeffect/effectdata/waza_particle.narc!/member_00431,0,/wazaeffect/effectdata/waza_particle.narc,354,431,,1983828,1989244,1979896,1985312,5416,44bd3d7f94baae2f73afba46e52276c79ebce4448adcb3764ab67e33642610a8,2041505331325f310500030000000000,,Nintendo Huffman,Probable,,True,Nintendo Huffman,Probable,False,5460033,,,,,,False,False
/wazaeffect/effectdata/waza_particle.narc,/wazaeffect/effectdata/waza_particle.narc!/member_00432,0,/wazaeffect/effectdata/waza_particle.narc,354,432,,1989244,1989276,1985312,1985344,32,b29465b15cfb38d196b1b2071bc0d1b14e9ee4e59e321933ece407326f03dcf8,2041505331325f310000000000000000,,Nintendo Huffman,Probable,,True,Nintendo Huffman,Probable,False,5460033,,,,,,False,False
/wazaeffect/effectdata/waza_particle.narc,/wazaeffect/effectdata/waza_particle.narc!/member_00433,0,/wazaeffect/effectdata/waza_particle.narc,354,433,,1989276,1992940,1985344,1989008,3664,3e33b6e4d27d1c411636bb2c31f24e9e00c9e58de4d2043e3cfa62e4c33efb82,2041505331325f310500050000000000,,Nintendo Huffman,Probable,,True,Nintendo Huffman,Probable,False,5460033,,,,,,False,False
/wazaeffect/effectdata/waza_particle.narc,/wazaeffect/effectdata/waza_particle.narc!/member_00434,0,/wazaeffect/effectdata/waza_particle.narc,354,434,,1992940,2003624,1989008,1999692,10684,3e1f3867eb9a0e83f7c4a420f2ae8c7784ed4572f091ef5f08db2d62ce461f6b,2041505331325f310800040000000000,,Nintendo Huffman,Probable,,True,Nintendo Huffman,Probable,False,5460033,,,,,,False,False
/wazaeffect/effectdata/waza_particle.narc,/wazaeffect/effectdata/waza_particle.narc!/member_00435,0,/wazaeffect/effectdata/waza_particle.narc,354,435,,2003624,2005920,1999692,2001988,2296,d715fd36dbc750dfbaf08d05f006b57a4b5ba394d38d3044ffe9db3014c04f02,2041505331325f310100020000000000,,Nintendo Huffman,Probable,,True,Nintendo Huffman,Probable,False,5460033,,,,,,False,False
/wazaeffect/effectdata/waza_particle.narc,/wazaeffect/effectdata/waza_particle.narc!/member_00436,0,/wazaeffect/effectdata/waza_particle.narc,354,436,,2005920,2009124,2001988,2005192,3204,e1cc514031cdda9a477ff0d254ea0df71fbbb7b422692f5916434ad953ca9990,2041505331325f310600030000000000,,Nintendo Huffman,Probable,,True,Nintendo Huffman,Probable,False,5460033,,,,,,False,False
/wazaeffect/effectdata/waza_particle.narc,/wazaeffect/effectdata/waza_particle.narc!/member_00437,0,/wazaeffect/effectdata/waza_particle.narc,354,437,,2009124,2016636,2005192,2012704,7512,c9b691bdf44eab202882751df0a438ee647638b976494ae19fbab193c4813aad,2041505331325f310500050000000000,,Nintendo Huffman,Probable,,True,Nintendo Huffman,Probable,False,5460033,,,,,,False,False
/wazaeffect/effectdata/waza_particle.narc,/wazaeffect/effectdata/waza_particle.narc!/member_00438,0,/wazaeffect/effectdata/waza_particle.narc,354,438,,2016636,2021380,2012704,2017448,4744,8fdfd4650375b8dc14f7b0c5f533c41ba346da1a7dd3213b81356203b669bba7,2041505331325f310200020000000000,,Nintendo Huffman,Probable,,True,Nintendo Huffman,Probable,False,5460033,,,,,,False,False
/wazaeffect/effectdata/waza_particle.narc,/wazaeffect/effectdata/waza_particle.narc!/member_00439,0,/wazaeffect/effectdata/waza_particle.narc,354,439,,2021380,2034984,2017448,2031052,13604,f69f3d14bdd14bd8c69f4c7caabe5232b6274b8688b44a608117a95797719e0e,2041505331325f310600070000000000,,Nintendo Huffman,Probable,,True,Nintendo Huffman,Probable,False,5460033,,,,,,False,False
/wazaeffect/effectdata/waza_particle.narc,/wazaeffect/effectdata/waza_particle.narc!/member_00440,0,/wazaeffect/effectdata/waza_particle.narc,354,440,,2034984,2046152,2031052,2042220,11168,b47b399c12a61281375cd3dc7f51de691dc0d118b214e860e553f250b049c96b,2041505331325f310600040000000000,,Nintendo Huffman,Probable,,True,Nintendo Huffman,Probable,False,5460033,,,,,,False,False
/wazaeffect/effectdata/waza_particle.narc,/wazaeffect/effectdata/waza_particle.narc!/member_00441,0,/wazaeffect/effectdata/waza_particle.narc,354,441,,2046152,2056840,2042220,2052908,10688,62389bf3b9d5ab6076b3934e642dc1ff096d51681c5d411a3125af28d90c51cc,2041505331325f310600040000000000,,Nintendo Huffman,Probable,,True,Nintendo Huffman,Probable,False,5460033,,,,,,False,False
/wazaeffect/effectdata/waza_particle.narc,/wazaeffect/effectdata/waza_particle.narc!/member_00442,0,/wazaeffect/effectdata/waza_particle.narc,354,442,,2056840,2058472,2052908,2054540,1632,6a40d944f034b0d7ba28a27db25b3709f74f69437d59f8a08eaa1b80e415b666,2041505331325f310200020000000000,,Nintendo Huffman,Probable,,True,Nintendo Huffman,Probable,False,5460033,,,,,,False,False
/wazaeffect/effectdata/waza_particle.narc,/wazaeffect/effectdata/waza_particle.narc!/member_00443,0,/wazaeffect/effectdata/waza_particle.narc,354,443,,2058472,2069804,2054540,2065872,11332,9441a9256d24789ae1f2194f286faa5be0c2b40d48af5a68a7b9b560c4b3f38c,2041505331325f310400050000000000,,Nintendo Huffman,Probable,,True,Nintendo Huffman,Probable,False,5460033,,,,,,False,False
/wazaeffect/effectdata/waza_particle.narc,/wazaeffect/effectdata/waza_particle.narc!/member_00444,0,/wazaeffect/effectdata/waza_particle.narc,354,444,,2069804,2077144,2065872,2073212,7340,db0358d1640d33f0603e088bc01da0ff5e86b0a47e42093e3a9c4e31ad01c105,2041505331325f310600040000000000,,Nintendo Huffman,Probable,,True,Nintendo Huffman,Probable,False,5460033,,,,,,False,False
/wazaeffect/effectdata/waza_particle.narc,/wazaeffect/effectdata/waza_particle.narc!/member_00445,0,/wazaeffect/effectdata/waza_particle.narc,354,445,,2077144,2085024,2073212,2081092,7880,1306bb497c2024bddd0d8869110bbc5cfde1f60ef1409587291f221065e631b1,2041505331325f310500060000000000,,Nintendo Huffman,Probable,,True,Nintendo Huffman,Probable,False,5460033,,,,,,False,False
/wazaeffect/effectdata/waza_particle.narc,/wazaeffect/effectdata/waza_particle.narc!/member_00446,0,/wazaeffect/effectdata/waza_particle.narc,354,446,,2085024,2095608,2081092,2091676,10584,175702c863fdb37697888d6f282e5beb0b6ec4a1f0d9d45861ffabd399e9e96f,2041505331325f310500050000000000,,Nintendo Huffman,Probable,,True,Nintendo Huffman,Probable,False,5460033,,,,,,False,False
/wazaeffect/effectdata/waza_particle.narc,/wazaeffect/effectdata/waza_particle.narc!/member_00447,0,/wazaeffect/effectdata/waza_particle.narc,354,447,,2095608,2103476,2091676,2099544,7868,1fdffe205ca036e392ce0c04bdfd8c40e1fd5a4270ad4e823c2ec2a348abebde,2041505331325f310800050000000000,,Nintendo Huffman,Probable,,True,Nintendo Huffman,Probable,False,5460033,,,,,,False,False
/wazaeffect/effectdata/waza_particle.narc,/wazaeffect/effectdata/waza_particle.narc!/member_00448,0,/wazaeffect/effectdata/waza_particle.narc,354,448,,2103476,2109996,2099544,2106064,6520,d5c679d07e57bef9f2bbfccc1cfd43ee589df50a32b09dacc8cfb7e55ddcd5ea,2041505331325f310500040000000000,,Nintendo Huffman,Probable,,True,Nintendo Huffman,Probable,False,5460033,,,,,,False,False
/wazaeffect/effectdata/waza_particle.narc,/wazaeffect/effectdata/waza_particle.narc!/member_00449,0,/wazaeffect/effectdata/waza_particle.narc,354,449,,2109996,2111832,2106064,2107900,1836,78c980f51e1f8030956ce4e3a1770d66eb3c811b656811a91077498d8a4cb07f,2041505331325f310400020000000000,,Nintendo Huffman,Probable,,True,Nintendo Huffman,Probable,False,5460033,,,,,,False,False
/wazaeffect/effectdata/waza_particle.narc,/wazaeffect/effectdata/waza_particle.narc!/member_00450,0,/wazaeffect/effectdata/waza_particle.narc,354,450,,2111832,2111864,2107900,2107932,32,b29465b15cfb38d196b1b2071bc0d1b14e9ee4e59e321933ece407326f03dcf8,2041505331325f310000000000000000,,Nintendo Huffman,Probable,,True,Nintendo Huffman,Probable,False,5460033,,,,,,False,False
/wazaeffect/effectdata/waza_particle.narc,/wazaeffect/effectdata/waza_particle.narc!/member_00451,0,/wazaeffect/effectdata/waza_particle.narc,354,451,,2111864,2118608,2107932,2114676,6744,7401fbbd4d51f07534cbbb82fc3c9de84e2f3b3034c25db385386103bbd811eb,2041505331325f310400050000000000,,Nintendo Huffman,Probable,,True,Nintendo Huffman,Probable,False,5460033,,,,,,False,False
/wazaeffect/effectdata/waza_particle.narc,/wazaeffect/effectdata/waza_particle.narc!/member_00452,0,/wazaeffect/effectdata/waza_particle.narc,354,452,,2118608,2122656,2114676,2118724,4048,1b763765c9681b3c05a06c5060e2ffb50f32171d43a67da591f2e8a404000f07,2041505331325f310400040000000000,,Nintendo Huffman,Probable,,True,Nintendo Huffman,Probable,False,5460033,,,,,,False,False
/wazaeffect/effectdata/waza_particle.narc,/wazaeffect/effectdata/waza_particle.narc!/member_00453,0,/wazaeffect/effectdata/waza_particle.narc,354,453,,2122656,2128372,2118724,2124440,5716,dae0444fd464bd49a0380394df0c5c9ba8cf75166fe8610cf8bd6618fea0be0e,2041505331325f310300040000000000,,Nintendo Huffman,Probable,,True,Nintendo Huffman,Probable,False,5460033,,,,,,False,False
/wazaeffect/effectdata/waza_particle.narc,/wazaeffect/effectdata/waza_particle.narc!/member_00454,0,/wazaeffect/effectdata/waza_particle.narc,354,454,,2128372,2140676,2124440,2136744,12304,f6857914be405dc1baa06b8d6221fb360afe9c79063c8af37c4f28df361917cf,2041505331325f310400060000000000,,Nintendo Huffman,Probable,,True,Nintendo Huffman,Probable,False,5460033,,,,,,False,False
/wazaeffect/effectdata/waza_particle.narc,/wazaeffect/effectdata/waza_particle.narc!/member_00455,0,/wazaeffect/effectdata/waza_particle.narc,354,455,,2140676,2151012,2136744,2147080,10336,3459cf9cf78867c26d17b3d570ae0c548fcb4ba41f46ece2f5d738f134deee5e,2041505331325f310300050000000000,,Nintendo Huffman,Probable,,True,Nintendo Huffman,Probable,False,5460033,,,,,,False,False
/wazaeffect/effectdata/waza_particle.narc,/wazaeffect/effectdata/waza_particle.narc!/member_00456,0,/wazaeffect/effectdata/waza_particle.narc,354,456,,2151012,2161292,2147080,2157360,10280,e634c945e3090b30a07ae4e87f1993bbd2441e5a9ce1100ae6f3cb48f946def3,2041505331325f310500040000000000,,Nintendo Huffman,Probable,,True,Nintendo Huffman,Probable,False,5460033,,,,,,False,False
/wazaeffect/effectdata/waza_particle.narc,/wazaeffect/effectdata/waza_particle.narc!/member_00457,0,/wazaeffect/effectdata/waza_particle.narc,354,457,,2161292,2163096,2157360,2159164,1804,bc58d2424750f350ed27643db8ae7649f1df9b6d1d06630cef3e5565974a9b1a,2041505331325f310300020000000000,,Nintendo Huffman,Probable,,True,Nintendo Huffman,Probable,False,5460033,,,,,,False,False
/wazaeffect/effectdata/waza_particle.narc,/wazaeffect/effectdata/waza_particle.narc!/member_00458,0,/wazaeffect/effectdata/waza_particle.narc,354,458,,2163096,2164728,2159164,2160796,1632,3139be449f2f1de22aa5b40f05116daf5f31b471b90524ba6efd40e0f4f919a8,2041505331325f310400010000000000,,Nintendo Huffman,Probable,,True,Nintendo Huffman,Probable,False,5460033,,,,,,False,False
/wazaeffect/effectdata/waza_particle.narc,/wazaeffect/effectdata/waza_particle.narc!/member_00459,0,/wazaeffect/effectdata/waza_particle.narc,354,459,,2164728,2167256,2160796,2163324,2528,5b5a0471a00e8182799d7ed57a1a0853d2d99dc4694bcfe7e7bfa1793040b51b,2041505331325f310300020000000000,,Nintendo Huffman,Probable,,True,Nintendo Huffman,Probable,False,5460033,,,,,,False,False
/wazaeffect/effectdata/waza_particle.narc,/wazaeffect/effectdata/waza_particle.narc!/member_00460,0,/wazaeffect/effectdata/waza_particle.narc,354,460,,2167256,2173164,2163324,2169232,5908,5cb3770da2377c5e5a42f377e76943692479d34e49a317e454fc1b0ddfd1b766,2041505331325f310300030000000000,,Nintendo Huffman,Probable,,True,Nintendo Huffman,Probable,False,5460033,,,,,,False,False
/wazaeffect/effectdata/waza_particle.narc,/wazaeffect/effectdata/waza_particle.narc!/member_00461,0,/wazaeffect/effectdata/waza_particle.narc,354,461,,2173164,2176416,2169232,2172484,3252,a892862eb7babc794941969300fbe37adf6bcbed4d729643410c655d80666ebe,2041505331325f310400040000000000,,Nintendo Huffman,Probable,,True,Nintendo Huffman,Probable,False,5460033,,,,,,False,False
/wazaeffect/effectdata/waza_particle.narc,/wazaeffect/effectdata/waza_particle.narc!/member_00462,0,/wazaeffect/effectdata/waza_particle.narc,354,462,,2176416,2182084,2172484,2178152,5668,66a67e1692661a16cf8434fb6e2db86c8296ccfea21acdd13988ce5532f14f8d,2041505331325f310200030000000000,,Nintendo Huffman,Probable,,True,Nintendo Huffman,Probable,False,5460033,,,,,,False,False
/wazaeffect/effectdata/waza_particle.narc,/wazaeffect/effectdata/waza_particle.narc!/member_00463,0,/wazaeffect/effectdata/waza_particle.narc,354,463,,2182084,2183412,2178152,2179480,1328,1682801a6d25d9cb534616323da3aaca065c51b49e2359d8d88222b2fad49227,2041505331325f310200010000000000,,Nintendo Huffman,Probable,,True,Nintendo Huffman,Probable,False,5460033,,,,,,False,False
/wazaeffect/effectdata/waza_particle.narc,/wazaeffect/effectdata/waza_particle.narc!/member_00464,0,/wazaeffect/effectdata/waza_particle.narc,354,464,,2183412,2188900,2179480,2184968,5488,e9524ce15af17756ce73a81644fdc43b1231601dfa501d0ef2db005952827dcc,2041505331325f310200020000000000,,Nintendo Huffman,Probable,,True,Nintendo Huffman,Probable,False,5460033,,,,,,False,False
/wazaeffect/effectdata/waza_particle.narc,/wazaeffect/effectdata/waza_particle.narc!/member_00465,0,/wazaeffect/effectdata/waza_particle.narc,354,465,,2188900,2197596,2184968,2193664,8696,43b86a913eebd04cce64197726266227645d3dc4e5792071e60156530cc3e149,2041505331325f310200050000000000,,Nintendo Huffman,Probable,,True,Nintendo Huffman,Probable,False,5460033,,,,,,False,False
/wazaeffect/effectdata/waza_particle.narc,/wazaeffect/effectdata/waza_particle.narc!/member_00466,0,/wazaeffect/effectdata/waza_particle.narc,354,466,,2197596,2204604,2193664,2200672,7008,163428fec1954d6ca3dafc13c734ae04664c6e9f2a180e0c0ca7eb282d9f2bce,2041505331325f310500050000000000,,Nintendo Huffman,Probable,,True,Nintendo Huffman,Probable,False,5460033,,,,,,False,False
/wazaeffect/effectdata/waza_particle.narc,/wazaeffect/effectdata/waza_particle.narc!/member_00467,0,/wazaeffect/effectdata/waza_particle.narc,354,467,,2204604,2206264,2200672,2202332,1660,ce667d40ecf315f550975ae80681299ffac2090557c8d0c57718d6fe0c564eb9,2041505331325f310200020000000000,,Nintendo Huffman,Probable,,True,Nintendo Huffman,Probable,False,5460033,,,,,,False,False
/wazaeffect/effectdata/waza_particle.narc,/wazaeffect/effectdata/waza_particle.narc!/member_00468,0,/wazaeffect/effectdata/waza_particle.narc,354,468,,2206264,2213664,2202332,2209732,7400,0c59ae4505ea8945f87dc6ab300548ad395c74ec266592c1c931d57ec8bd2ce2,2041505331325f310e00080000000000,,Nintendo Huffman,Probable,,True,Nintendo Huffman,Probable,False,5460033,,,,,,False,False
/wazaeffect/effectdata/waza_particle.narc,/wazaeffect/effectdata/waza_particle.narc!/member_00469,0,/wazaeffect/effectdata/waza_particle.narc,354,469,,2213664,2224920,2209732,2220988,11256,cdee68c34fe46263e89dc6f017f6dea26c4c424927f60a1dbb8dac547fbb3777,2041505331325f310500070000000000,,Nintendo Huffman,Probable,,True,Nintendo Huffman,Probable,False,5460033,,,,,,False,False
/wazaeffect/effectdata/waza_particle.narc,/wazaeffect/effectdata/waza_particle.narc!/member_00470,0,/wazaeffect/effectdata/waza_particle.narc,354,470,,2224920,2229436,2220988,2225504,4516,da596e65e980d7b95095ab0509be91a8390684735e8c19d59c70d36ce09659dd,2041505331325f310600040000000000,,Nintendo Huffman,Probable,,True,Nintendo Huffman,Probable,False,5460033,,,,,,False,False
/wazaeffect/effectdata/waza_particle.narc,/wazaeffect/effectdata/waza_particle.narc!/member_00471,0,/wazaeffect/effectdata/waza_particle.narc,354,471,,2229436,2236492,2225504,2232560,7056,63ca37ba8dfcdd44d37f57e00f045ae9f505f0a92040056c83930f343f77a6dc,2041505331325f310400040000000000,,Nintendo Huffman,Probable,,True,Nintendo Huffman,Probable,False,5460033,,,,,,False,False
/wazaeffect/effectdata/waza_particle.narc,/wazaeffect/effectdata/waza_particle.narc!/member_00472,0,/wazaeffect/effectdata/waza_particle.narc,354,472,,2236492,2244744,2232560,2240812,8252,02af2c03a1442c7e40f552ea37af1f484c0ece4bd466a1a8587d37d877a53eb5,2041505331325f310500050000000000,,Nintendo Huffman,Probable,,True,Nintendo Huffman,Probable,False,5460033,,,,,,False,False
/wazaeffect/effectdata/waza_particle.narc,/wazaeffect/effectdata/waza_particle.narc!/member_00473,0,/wazaeffect/effectdata/waza_particle.narc,354,473,,2244744,2257452,2240812,2253520,12708,47133de0d1dc574526d157758e111dbd8b28693e67d493132e11bd07d0ce1f78,2041505331325f310500070000000000,,Nintendo Huffman,Probable,,True,Nintendo Huffman,Probable,False,5460033,,,,,,False,False
/wazaeffect/effectdata/waza_particle.narc,/wazaeffect/effectdata/waza_particle.narc!/member_00474,0,/wazaeffect/effectdata/waza_particle.narc,354,474,,2257452,2266480,2253520,2262548,9028,9763007763456702879afe2a8bd36c5aea6db4e4386b0231a394ee6986498eee,2041505331325f310500050000000000,,Nintendo Huffman,Probable,,True,Nintendo Huffman,Probable,False,5460033,,,,,,False,False
/wazaeffect/effectdata/waza_particle.narc,/wazaeffect/effectdata/waza_particle.narc!/member_00475,0,/wazaeffect/effectdata/waza_particle.narc,354,475,,2266480,2268680,2262548,2264748,2200,c88b77982ff434a73bb7a22c36c4c4bc1457ddd401d3a1f37e8defb92ddcd535,2041505331325f310600020000000000,,Nintendo Huffman,Probable,,True,Nintendo Huffman,Probable,False,5460033,,,,,,False,False
/wazaeffect/effectdata/waza_particle.narc,/wazaeffect/effectdata/waza_particle.narc!/member_00476,0,/wazaeffect/effectdata/waza_particle.narc,354,476,,2268680,2272628,2264748,2268696,3948,bf850fc99bc22807f9af52cb1f195536cf4c110fe60f5689d94de1aaa9e2b762,2041505331325f310700050000000000,,Nintendo Huffman,Probable,,True,Nintendo Huffman,Probable,False,5460033,,,,,,False,False
/wazaeffect/effectdata/waza_particle.narc,/wazaeffect/effectdata/waza_particle.narc!/member_00477,0,/wazaeffect/effectdata/waza_particle.narc,354,477,,2272628,2287132,2268696,2283200,14504,bed3a27b9d7ce37c80c1a61d6b739717b1721a65962a01fa520d70a3628e90aa,2041505331325f310600050000000000,,Nintendo Huffman,Probable,,True,Nintendo Huffman,Probable,False,5460033,,,,,,False,False
/wazaeffect/effectdata/waza_particle.narc,/wazaeffect/effectdata/waza_particle.narc!/member_00478,0,/wazaeffect/effectdata/waza_particle.narc,354,478,,2287132,2298984,2283200,2295052,11852,f17311106943f6b90e36065f52b23ba6fd9ebfd36fbf226c8a40924402b7a20f,2041505331325f310400070000000000,,Nintendo Huffman,Probable,,True,Nintendo Huffman,Probable,False,5460033,,,,,,False,False
/wazaeffect/effectdata/waza_particle.narc,/wazaeffect/effectdata/waza_particle.narc!/member_00479,0,/wazaeffect/effectdata/waza_particle.narc,354,479,,2298984,2330724,2295052,2326792,31740,cff5e8052d79d3182582aa69016730100dd628e377d25cdbbde61e46bea77f38,2041505331325f310500090000000000,,Nintendo Huffman,Probable,,True,Nintendo Huffman,Probable,False,5460033,,,,,,False,False
/wazaeffect/effectdata/waza_particle.narc,/wazaeffect/effectdata/waza_particle.narc!/member_00480,0,/wazaeffect/effectdata/waza_particle.narc,354,480,,2330724,2343856,2326792,2339924,13132,16ba03876d5a2520854036c103e257029e96fdccf10cbe9c742a20c10cf9f04a,2041505331325f310300040000000000,,Nintendo Huffman,Probable,,True,Nintendo Huffman,Probable,False,5460033,,,,,,False,False
/wazaeffect/effectdata/waza_particle.narc,/wazaeffect/effectdata/waza_particle.narc!/member_00481,0,/wazaeffect/effectdata/waza_particle.narc,354,481,,2343856,2350012,2339924,2346080,6156,0e30e375dfeef2fa7b096069305ab03185050aac82f96e8b7f262818fbdace42,2041505331325f310500030000000000,,Nintendo Huffman,Probable,,True,Nintendo Huffman,Probable,False,5460033,,,,,,False,False
/wazaeffect/effectdata/waza_particle.narc,/wazaeffect/effectdata/waza_particle.narc!/member_00482,0,/wazaeffect/effectdata/waza_particle.narc,354,482,,2350012,2358960,2346080,2355028,8948,6b3b718909d35a41b65308b4a7cdfbd09d8dea3a5b2e9eeeb3171522c94cd59c,2041505331325f310300030000000000,,Nintendo Huffman,Probable,,True,Nintendo Huffman,Probable,False,5460033,,,,,,False,False
/wazaeffect/effectdata/waza_particle.narc,/wazaeffect/effectdata/waza_particle.narc!/member_00483,0,/wazaeffect/effectdata/waza_particle.narc,354,483,,2358960,2375636,2355028,2371704,16676,05a91d4bb084622d9421bd4404bf5f0b3a7f44d340046da9b3cfb360f6d69253,2041505331325f310200010000000000,,Nintendo Huffman,Probable,,True,Nintendo Huffman,Probable,False,5460033,,,,,,False,False
/wazaeffect/effectdata/waza_particle.narc,/wazaeffect/effectdata/waza_particle.narc!/member_00484,0,/wazaeffect/effectdata/waza_particle.narc,354,484,,2375636,2381840,2371704,2377908,6204,3aa61daffa75c9dfed4160712b35d7cd7996aac7faed1c01338df8f1e3c1391d,2041505331325f310300040000000000,,Nintendo Huffman,Probable,,True,Nintendo Huffman,Probable,False,5460033,,,,,,False,False
/wazaeffect/pt_debug/debug_particle.narc,/wazaeffect/pt_debug/debug_particle.narc!/member_00000,0,/wazaeffect/pt_debug/debug_particle.narc,355,0,,68,736,0,668,668,8e19afea470870be1d34655b24021cb6e8c42e08e7bf40c899069fbbc6a83d70,2041505331325f310100010000000000,,Nintendo Huffman,Probable,,True,Nintendo Huffman,Probable,False,5460033,,,,,,False,False
/wazaeffect/pt_debug/debug_particle.narc,/wazaeffect/pt_debug/debug_particle.narc!/member_00001,0,/wazaeffect/pt_debug/debug_particle.narc,355,1,,736,3016,668,2948,2280,2975f53a5a7baced53e176f57c4309e71dcda851a16a6d8a25eb8c1e433e7f42,2041505331325f310500030000000000,,Nintendo Huffman,Probable,,True,Nintendo Huffman,Probable,False,5460033,,,,,,False,False
