container_chain,member_chain,depth,parent_narc_path,parent_file_id,member_index,name,container_relative_offset,container_relative_end,gmif_relative_offset,gmif_relative_end,size,sha256,signature_hex,extension,probable_format,format_evidence,structure_valid,compressed,compression,compression_evidence,decompression_supported,declared_decompressed_size,decompression_valid,decompressed_size,decompressed_sha256,decompressed_format,decompressed_format_evidence,nested_container,nested_after_decompression
/fielddata/encountdata/d_enc_data.narc,/fielddata/encountdata/d_enc_data.narc!/member_00044,0,/fielddata/encountdata/d_enc_data.narc,263,44,,20172,20596,18656,19080,424,5b101da3cbea90c376fb8a40b042a6faac2b5e58c25d15f03e5bd646131e3497,1900000013000000c900000014000000,,,,,False,,,,,,,,,,False,False
/fielddata/encountdata/d_enc_data.narc,/fielddata/encountdata/d_enc_data.narc!/member_00045,0,/fielddata/encountdata/d_enc_data.narc,263,45,,20596,21020,19080,19504,424,5b101da3cbea90c376fb8a40b042a6faac2b5e58c25d15f03e5bd646131e3497,1900000013000000c900000014000000,,,,,False,,,,,,,,,,False,False
/fielddata/encountdata/d_enc_data.narc,/fielddata/encountdata/d_enc_data.narc!/member_00046,0,/fielddata/encountdata/d_enc_data.narc,263,46,,21020,21444,19504,19928,424,aceb3b805b9f1866224a30771ac22b8ac8553b39425a78ece56d3c85b13ad9c9,1e00000013000000c900000014000000,,,,,False,,,,,,,,,,False,False
/fielddata/encountdata/d_enc_data.narc,/fielddata/encountdata/d_enc_data.narc!/member_00047,0,/fielddata/encountdata/d_enc_data.narc,263,47,,21444,21868,19928,20352,424,73bc4c22504ad18aeecc5820ebfce387811b92715088321d124b5d1ea758ef86,0f0000002d000000430000002d000000,,,,,False,,,,,,,,,,False,False
/fielddata/encountdata/d_enc_data.narc,/fielddata/encountdata/d_enc_data.narc!/member_00048,0,/fielddata/encountdata/d_enc_data.narc,263,48,,21868,22292,20352,20776,424,7234a9fdf13d2d061db13c7ca62b4d4ba4d672a0fb0b79218425a28db214a6ca,0f0000002e000000400000002e000000,,,,,False,,,,,,,,,,False,False
/fielddata/encountdata/d_enc_data.narc,/fielddata/encountdata/d_enc_data.narc!/member_00049,0,/fielddata/encountdata/d_enc_data.narc,263,49,,22292,22716,20776,21200,424,8baa78a2c2ffe262e9e3280c6544ba00776e6256eb2be851f478eaf881ef2c46,0f0000002d000000430000002d000000,,,,,False,,,,,,,,,,False,False
/fielddata/encountdata/d_enc_data.narc,/fielddata/encountdata/d_enc_data.narc!/member_00050,0,/fielddata/encountdata/d_enc_data.narc,263,50,,22716,23140,21200,21624,424,bb9d6495773fcf24b6572176fb814cd883cfce6e9c227ad4db7b56d7e48bfffd,0f000000330000004300000033000000,,,,,False,,,,,,,,,,False,False
/fielddata/encountdata/d_enc_data.narc,/fielddata/encountdata/d_enc_data.narc!/member_00051,0,/fielddata/encountdata/d_enc_data.narc,263,51,,23140,23564,21624,22048,424,0a246655c4ffee37d8bba224b862340123748b186fed78f39ab47e80eb244161,0f000000330000004300000033000000,,,,,False,,,,,,,,,,False,False
/fielddata/encountdata/d_enc_data.narc,/fielddata/encountdata/d_enc_data.narc!/member_00052,0,/fielddata/encountdata/d_enc_data.narc,263,52,,23564,23988,22048,22472,424,0a246655c4ffee37d8bba224b862340123748b186fed78f39ab47e80eb244161,0f000000330000004300000033000000,,,,,False,,,,,,,,,,False,False
/fielddata/encountdata/d_enc_data.narc,/fielddata/encountdata/d_enc_data.narc!/member_00053,0,/fielddata/encountdata/d_enc_data.narc,263,53,,23988,24412,22472,22896,424,f2c90cd49143cfeaa68b3bf08c3b9bdbfb86e499546d2c59b14ff3ae181a36f2,0a000000040000002900000004000000,,,,,False,,,,,,,,,,False,False
/fielddata/encountdata/d_enc_data.narc,/fielddata/encountdata/d_enc_data.narc!/member_00054,0,/fielddata/encountdata/d_enc_data.narc,263,54,,24412,24836,22896,23320,424,573b274aad3ee3dda1e46e7b42e6fa149a227b249dd6321cb4ada1077c1ae637,0a000000050000004a00000005000000,,,,,False,,,,,,,,,,False,False
/fielddata/encountdata/d_enc_data.narc,/fielddata/encountdata/d_enc_data.narc!/member_00055,0,/fielddata/encountdata/d_enc_data.narc,263,55,,24836,25260,23320,23744,424,300b2d71b6ab83c50ac8bb38d4e90eca6cca89391fa89070abc946cafaf45a70,0a000000080000002900000008000000,,,,,False,,,,,,,,,,False,False
/fielddata/encountdata/d_enc_data.narc,/fielddata/encountdata/d_enc_data.narc!/member_00056,0,/fielddata/encountdata/d_enc_data.narc,263,56,,25260,25684,23744,24168,424,15a6918991687fc36b63616c1c7135ce6e0141de9b32eb51c9dd4bf8f95d4079,1e000000370000004301000037000000,,,,,False,,,,,,,,,,False,False
/fielddata/encountdata/d_enc_data.narc,/fielddata/encountdata/d_enc_data.narc!/member_00057,0,/fielddata/encountdata/d_enc_data.narc,263,57,,25684,26108,24168,24592,424,571ff04c0d6bbdd53723f776ce689895005ed78cd50402377dfe05aaf853f44b,0a000000370000004b00000037000000,,,,,False,,,,,,,,,,False,False
/fielddata/encountdata/d_enc_data.narc,/fielddata/encountdata/d_enc_data.narc!/member_00058,0,/fielddata/encountdata/d_enc_data.narc,263,58,,26108,26532,24592,25016,424,719d930ee2e928b2c5e37c77068abc60f5ac0f1acd073e4a4072e175faaec769,0a000000390000004b00000039000000,,,,,False,,,,,,,,,,False,False
/fielddata/encountdata/d_enc_data.narc,/fielddata/encountdata/d_enc_data.narc!/member_00059,0,/fielddata/encountdata/d_enc_data.narc,263,59,,26532,26956,25016,25440,424,ba0b70559e3df0d54a3f637afdd4545595ac097e0756bf7a3ff64108fb366c9b,1e000000350000009001000036000000,,,,,False,,,,,,,,,,False,False
/fielddata/encountdata/d_enc_data.narc,/fielddata/encountdata/d_enc_data.narc!/member_00060,0,/fielddata/encountdata/d_enc_data.narc,263,60,,26956,27380,25440,25864,424,89b4172fa631be1d2352282748672b8bbc0fe2ea3cb0b7ee067e7ef3363e9f25,0a000000370000002a00000038000000,,,,,False,,,,,,,,,,False,False
/fielddata/encountdata/d_enc_data.narc,/fielddata/encountdata/d_enc_data.narc!/member_00061,0,/fielddata/encountdata/d_enc_data.narc,263,61,,27380,27804,25864,26288,424,89b4172fa631be1d2352282748672b8bbc0fe2ea3cb0b7ee067e7ef3363e9f25,0a000000370000002a00000038000000,,,,,False,,,,,,,,,,False,False
/fielddata/encountdata/d_enc_data.narc,/fielddata/encountdata/d_enc_data.narc!/member_00062,0,/fielddata/encountdata/d_enc_data.narc,263,62,,27804,28228,26288,26712,424,89b4172fa631be1d2352282748672b8bbc0fe2ea3cb0b7ee067e7ef3363e9f25,0a000000370000002a00000038000000,,,,,False,,,,,,,,,,False,False
/fielddata/encountdata/d_enc_data.narc,/fielddata/encountdata/d_enc_data.narc!/member_00063,0,/fielddata/encountdata/d_enc_data.narc,263,63,,28228,28652,26712,27136,424,2ea2132b4afd68ef40b6405d787cd59d6ece2a6848b3e8084754cd3c3963e50e,0f0000002d0000002a0000002e000000,,,,,False,,,,,,,,,,False,False
/fielddata/encountdata/d_enc_data.narc,/fielddata/encountdata/d_enc_data.narc!/member_00064,0,/fielddata/encountdata/d_enc_data.narc,263,64,,28652,29076,27136,27560,424,2ea2132b4afd68ef40b6405d787cd59d6ece2a6848b3e8084754cd3c3963e50e,0f0000002d0000002a0000002e000000,,,,,False,,,,,,,,,,False,False
/fielddata/encountdata/d_enc_data.narc,/fielddata/encountdata/d_enc_data.narc!/member_00065,0,/fielddata/encountdata/d_enc_data.narc,263,65,,29076,29500,27560,27984,424,2ea2132b4afd68ef40b6405d787cd59d6ece2a6848b3e8084754cd3c3963e50e,0f0000002d0000002a0000002e000000,,,,,False,,,,,,,,,,False,False
/fielddata/encountdata/d_enc_data.narc,/fielddata/encountdata/d_enc_data.narc!/member_00066,0,/fielddata/encountdata/d_enc_data.narc,263,66,,29500,29924,27984,28408,424,2ea2132b4afd68ef40b6405d787cd59d6ece2a6848b3e8084754cd3c3963e50e,0f0000002d0000002a0000002e000000,,,,,False,,,,,,,,,,False,False
/fielddata/encountdata/d_enc_data.narc,/fielddata/encountdata/d_enc_data.narc!/member_00067,0,/fielddata/encountdata/d_enc_data.narc,263,67,,29924,30348,28408,28832,424,2ea2132b4afd68ef40b6405d787cd59d6ece2a6848b3e8084754cd3c3963e50e,0f0000002d0000002a0000002e000000,,,,,False,,,,,,,,,,False,False
/fielddata/encountdata/d_enc_data.narc,/fielddata/encountdata/d_enc_data.narc!/member_00068,0,/fielddata/encountdata/d_enc_data.narc,263,68,,30348,30772,28832,29256,424,2ea2132b4afd68ef40b6405d787cd59d6ece2a6848b3e8084754cd3c3963e50e,0f0000002d0000002a0000002e000000,,,,,False,,,,,,,,,,False,False
/fielddata/encountdata/d_enc_data.narc,/fielddata/encountdata/d_enc_data.narc!/member_00069,0,/fielddata/encountdata/d_enc_data.narc,263,69,,30772,31196,29256,29680,424,c42fded1efe9444e2af0a8063ccc64623fdf8a6d767c0ef33f57c196350b6649,0f000000370000002a00000038000000,,,,,False,,,,,,,,,,False,False
/fielddata/encountdata/d_enc_data.narc,/fielddata/encountdata/d_enc_data.narc!/member_00070,0,/fielddata/encountdata/d_enc_data.narc,263,70,,31196,31620,29680,30104,424,c42fded1efe9444e2af0a8063ccc64623fdf8a6d767c0ef33f57c196350b6649,0f000000370000002a00000038000000,,,,,False,,,,,,,,,,False,False
/fielddata/encountdata/d_enc_data.narc,/fielddata/encountdata/d_enc_data.narc!/member_00071,0,/fielddata/encountdata/d_enc_data.narc,263,71,,31620,32044,30104,30528,424,c42fded1efe9444e2af0a8063ccc64623fdf8a6d767c0ef33f57c196350b6649,0f000000370000002a00000038000000,,,,,False,,,,,,,,,,False,False
/fielddata/encountdata/d_enc_data.narc,/fielddata/encountdata/d_enc_data.narc!/member_00072,0,/fielddata/encountdata/d_enc_data.narc,263,72,,32044,32468,30528,30952,424,c42fded1efe9444e2af0a8063ccc64623fdf8a6d767c0ef33f57c196350b6649,0f000000370000002a00000038000000,,,,,False,,,,,,,,,,False,False
/fielddata/encountdata/d_enc_data.narc,/fielddata/encountdata/d_enc_data.narc!/member_00073,0,/fielddata/encountdata/d_enc_data.narc,263,73,,32468,32892,30952,31376,424,c42fded1efe9444e2af0a8063ccc64623fdf8a6d767c0ef33f57c196350b6649,0f000000370000002a00000038000000,,,,,False,,,,,,,,,,False,False
/fielddata/encountdata/d_enc_data.narc,/fielddata/encountdata/d_enc_data.narc!/member_00074,0,/fielddata/encountdata/d_enc_data.narc,263,74,,32892,33316,31376,31800,424,c42fded1efe9444e2af0a8063ccc64623fdf8a6d767c0ef33f57c196350b6649,0f000000370000002a00000038000000,,,,,False,,,,,,,,,,False,False
/fielddata/encountdata/d_enc_data.narc,/fielddata/encountdata/d_enc_data.narc!/member_00075,0,/fielddata/encountdata/d_enc_data.narc,263,75,,33316,33740,31800,32224,424,1209a3abfd2f2f82a0005a4b2de67c1fe2d775050f9d31143c99a5d730be44db,0f000000410000002a00000042000000,,,,,False,,,,,,,,,,False,False
/fielddata/encountdata/d_enc_data.narc,/fielddata/encountdata/d_enc_data.narc!/member_00076,0,/fielddata/encountdata/d_enc_data.narc,263,76,,33740,34164,32224,32648,424,1209a3abfd2f2f82a0005a4b2de67c1fe2d775050f9d31143c99a5d730be44db,0f000000410000002a00000042000000,,,,,False,,,,,,,,,,False,False
/fielddata/encountdata/d_enc_data.narc,/fielddata/encountdata/d_enc_data.narc!/member_00077,0,/fielddata/encountdata/d_enc_data.narc,263,77,,34164,34588,32648,33072,424,1209a3abfd2f2f82a0005a4b2de67c1fe2d775050f9d31143c99a5d730be44db,0f000000410000002a00000042000000,,,,,False,,,,,,,,,,False,False
/fielddata/encountdata/d_enc_data.narc,/fielddata/encountdata/d_enc_data.narc!/member_00078,0,/fielddata/encountdata/d_enc_data.narc,263,78,,34588,35012,33072,33496,424,1209a3abfd2f2f82a0005a4b2de67c1fe2d775050f9d31143c99a5d730be44db,0f000000410000002a00000042000000,,,,,False,,,,,,,,,,False,False
/fielddata/encountdata/d_enc_data.narc,/fielddata/encountdata/d_enc_data.narc!/member_00079,0,/fielddata/encountdata/d_enc_data.narc,263,79,,35012,35436,33496,33920,424,1209a3abfd2f2f82a0005a4b2de67c1fe2d775050f9d31143c99a5d730be44db,0f000000410000002a00000042000000,,,,,False,,,,,,,,,,False,False
/fielddata/encountdata/d_enc_data.narc,/fielddata/encountdata/d_enc_data.narc!/member_00080,0,/fielddata/encountdata/d_enc_data.narc,263,80,,35436,35860,33920,34344,424,1209a3abfd2f2f82a0005a4b2de67c1fe2d775050f9d31143c99a5d730be44db,0f000000410000002a00000042000000,,,,,False,,,,,,,,,,False,False
/fielddata/encountdata/d_enc_data.narc,/fielddata/encountdata/d_enc_data.narc!/member_00081,0,/fielddata/encountdata/d_enc_data.narc,263,81,,35860,36284,34344,34768,424,c42fded1efe9444e2af0a8063ccc64623fdf8a6d767c0ef33f57c196350b6649,0f000000370000002a00000038000000,,,,,False,,,,,,,,,,False,False
/fielddata/encountdata/d_enc_data.narc,/fielddata/encountdata/d_enc_data.narc!/member_00082,0,/fielddata/encountdata/d_enc_data.narc,263,82,,36284,36708,34768,35192,424,c42fded1efe9444e2af0a8063ccc64623fdf8a6d767c0ef33f57c196350b6649,0f000000370000002a00000038000000,,,,,False,,,,,,,,,,False,False
/fielddata/encountdata/d_enc_data.narc,/fielddata/encountdata/d_enc_data.narc!/member_00083,0,/fielddata/encountdata/d_enc_data.narc,263,83,,36708,37132,35192,35616,424,c42fded1efe9444e2af0a8063ccc64623fdf8a6d767c0ef33f57c196350b6649,0f000000370000002a00000038000000,,,,,False,,,,,,,,,,False,False
/fielddata/encountdata/d_enc_data.narc,/fielddata/encountdata/d_enc_data.narc!/member_00084,0,/fielddata/encountdata/d_enc_data.narc,263,84,,37132,37556,35616,36040,424,c42fded1efe9444e2af0a8063ccc64623fdf8a6d767c0ef33f57c196350b6649,0f000000370000002a00000038000000,,,,,False,,,,,,,,,,False,False
/fielddata/encountdata/d_enc_data.narc,/fielddata/encountdata/d_enc_data.narc!/member_00085,0,/fielddata/encountdata/d_enc_data.narc,263,85,,37556,37980,36040,36464,424,c42fded1efe9444e2af0a8063ccc64623fdf8a6d767c0ef33f57c196350b6649,0f000000370000002a00000038000000,,,,,False,,,,,,,,,,False,False
/fielddata/encountdata/d_enc_data.narc,/fielddata/encountdata/d_enc_data.narc!/member_00086,0,/fielddata/encountdata/d_enc_data.narc,263,86,,37980,38404,36464,36888,424,c42fded1efe9444e2af0a8063ccc64623fdf8a6d767c0ef33f57c196350b6649,0f000000370000002a00000038000000,,,,,False,,,,,,,,,,False,False
/fielddata/encountdata/d_enc_data.narc,/fielddata/encountdata/d_enc_data.narc!/member_00087,0,/fielddata/encountdata/d_enc_data.narc,263,87,,38404,38828,36888,37312,424,c42fded1efe9444e2af0a8063ccc64623fdf8a6d767c0ef33f57c196350b6649,0f000000370000002a00000038000000,,,,,False,,,,,,,,,,False,False
/fielddata/encountdata/d_enc_data.narc,/fielddata/encountdata/d_enc_data.narc!/member_00088,0,/fielddata/encountdata/d_enc_data.narc,263,88,,38828,39252,37312,37736,424,c42fded1efe9444e2af0a8063ccc64623fdf8a6d767c0ef33f57c196350b6649,0f000000370000002a00000038000000,,,,,False,,,,,,,,,,False,False
/fielddata/encountdata/d_enc_data.narc,/fielddata/encountdata/d_enc_data.narc!/member_00089,0,/fielddata/encountdata/d_enc_data.narc,263,89,,39252,39676,37736,38160,424,c42fded1efe9444e2af0a8063ccc64623fdf8a6d767c0ef33f57c196350b6649,0f000000370000002a00000038000000,,,,,False,,,,,,,,,,False,False
/fielddata/encountdata/d_enc_data.narc,/fielddata/encountdata/d_enc_data.narc!/member_00090,0,/fielddata/encountdata/d_enc_data.narc,263,90,,39676,40100,38160,38584,424,c42fded1efe9444e2af0a8063ccc64623fdf8a6d767c0ef33f57c196350b6649,0f000000370000002a00000038000000,,,,,False,,,,,,,,,,False,False
/fielddata/encountdata/d_enc_data.narc,/fielddata/encountdata/d_enc_data.narc!/member_00091,0,/fielddata/encountdata/d_enc_data.narc,263,91,,40100,40524,38584,39008,424,c42fded1efe9444e2af0a8063ccc64623fdf8a6d767c0ef33f57c196350b6649,0f000000370000002a00000038000000,,,,,False,,,,,,,,,,False,False
/fielddata/encountdata/d_enc_data.narc,/fielddata/encountdata/d_enc_data.narc!/member_00092,0,/fielddata/encountdata/d_enc_data.narc,263,92,,40524,40948,39008,39432,424,c42fded1efe9444e2af0a8063ccc64623fdf8a6d767c0ef33f57c196350b6649,0f000000370000002a00000038000000,,,,,False,,,,,,,,,,False,False
/fielddata/encountdata/d_enc_data.narc,/fielddata/encountdata/d_enc_data.narc!/member_00093,0,/fielddata/encountdata/d_enc_data.narc,263,93,,40948,41372,39432,39856,424,c42fded1efe9444e2af0a8063ccc64623fdf8a6d767c0ef33f57c196350b6649,0f000000370000002a00000038000000,,,,,False,,,,,,,,,,False,False
/fielddata/encountdata/d_enc_data.narc,/fielddata/encountdata/d_enc_data.narc!/member_00094,0,/fielddata/encountdata/d_enc_data.narc,263,94,,41372,41796,39856,40280,424,c42fded1efe9444e2af0a8063ccc64623fdf8a6d767c0ef33f57c196350b6649,0f000000370000002a00000038000000,,,,,False,,,,,,,,,,False,False
/fielddata/encountdata/d_enc_data.narc,/fielddata/encountdata/d_enc_data.narc!/member_00095,0,/fielddata/encountdata/d_enc_data.narc,263,95,,41796,42220,40280,40704,424,c42fded1efe9444e2af0a8063ccc64623fdf8a6d767c0ef33f57c196350b6649,0f000000370000002a00000038000000,,,,,False,,,,,,,,,,False,False
/fielddata/encountdata/d_enc_data.narc,/fielddata/encountdata/d_enc_data.narc!/member_00096,0,/fielddata/encountdata/d_enc_data.narc,263,96,,42220,42644,40704,41128,424,c42fded1efe9444e2af0a8063ccc64623fdf8a6d767c0ef33f57c196350b6649,0f000000370000002a00000038000000,,,,,False,,,,,,,,,,False,False
/fielddata/encountdata/d_enc_data.narc,/fielddata/encountdata/d_enc_data.narc!/member_00097,0,/fielddata/encountdata/d_enc_data.narc,263,97,,42644,43068,41128,41552,424,c42fded1efe9444e2af0a8063ccc64623fdf8a6d767c0ef33f57c196350b6649,0f000000370000002a00000038000000,,,,,False,,,,,,,,,,False,False
/fielddata/encountdata/d_enc_data.narc,/fielddata/encountdata/d_enc_data.narc!/member_00098,0,/fielddata/encountdata/d_enc_data.narc,263,98,,43068,43492,41552,41976,424,c42fded1efe9444e2af0a8063ccc64623fdf8a6d767c0ef33f57c196350b6649,0f000000370000002a00000038000000,,,,,False,,,,,,,,,,False,False
/fielddata/encountdata/d_enc_data.narc,/fielddata/encountdata/d_enc_data.narc!/member_00099,0,/fielddata/encountdata/d_enc_data.narc,263,99,,43492,43916,41976,42400,424,c42fded1efe9444e2af0a8063ccc64623fdf8a6d767c0ef33f57c196350b6649,0f000000370000002a00000038000000,,,,,False,,,,,,,,,,False,False
/fielddata/encountdata/d_enc_data.narc,/fielddata/encountdata/d_enc_data.narc!/member_00100,0,/fielddata/encountdata/d_enc_data.narc,263,100,,43916,44340,42400,42824,424,c42fded1efe9444e2af0a8063ccc64623fdf8a6d767c0ef33f57c196350b6649,0f000000370000002a00000038000000,,,,,False,,,,,,,,,,False,False
/fielddata/encountdata/d_enc_data.narc,/fielddata/encountdata/d_enc_data.narc!/member_00101,0,/fielddata/encountdata/d_enc_data.narc,263,101,,44340,44764,42824,43248,424,c42fded1efe9444e2af0a8063ccc64623fdf8a6d767c0ef33f57c196350b6649,0f000000370000002a00000038000000,,,,,False,,,,,,,,,,False,False
/fielddata/encountdata/d_enc_data.narc,/fielddata/encountdata/d_enc_data.narc!/member_00102,0,/fielddata/encountdata/d_enc_data.narc,263,102,,44764,45188,43248,43672,424,c42fded1efe9444e2af0a8063ccc64623fdf8a6d767c0ef33f57c196350b6649,0f000000370000002a00000038000000,,,,,False,,,,,,,,,,False,False
/fielddata/encountdata/d_enc_data.narc,/fielddata/encountdata/d_enc_data.narc!/member_00103,0,/fielddata/encountdata/d_enc_data.narc,263,103,,45188,45612,43672,44096,424,c42fded1efe9444e2af0a8063ccc64623fdf8a6d767c0ef33f57c196350b6649,0f000000370000002a00000038000000,,,,,False,,,,,,,,,,False,False
/fielddata/encountdata/d_enc_data.narc,/fielddata/encountdata/d_enc_data.narc!/member_00104,0,/fielddata/encountdata/d_enc_data.narc,263,104,,45612,46036,44096,44520,424,c42fded1efe9444e2af0a8063ccc64623fdf8a6d767c0ef33f57c196350b6649,0f000000370000002a00000038000000,,,,,False,,,,,,,,,,False,False
/fielddata/encountdata/d_enc_data.narc,/fielddata/encountdata/d_enc_data.narc!/member_00105,0,/fielddata/encountdata/d_enc_data.narc,263,105,,46036,46460,44520,44944,424,c42fded1efe9444e2af0a8063ccc64623fdf8a6d767c0ef33f57c196350b6649,0f000000370000002a00000038000000,,,,,False,,,,,,,,,,False,False
/fielddata/encountdata/d_enc_data.narc,/fielddata/encountdata/d_enc_data.narc!/member_00106,0,/fielddata/encountdata/d_enc_data.narc,263,106,,46460,46884,44944,45368,424,41e778d50e2644e59398e543d09c63177beeec8a071e270b662a1cd9b3c38100,0f000000330000002a00000033000000,,,,,False,,,,,,,,,,False,False
/fielddata/encountdata/d_enc_data.narc,/fielddata/encountdata/d_enc_data.narc!/member_00107,0,/fielddata/encountdata/d_enc_data.narc,263,107,,46884,47308,45368,45792,424,f3a23095e2a649c46fdf2dede328206f6994d9decacb666849fb3f2c1a4205b9,0a000000350000002a00000035000000,,,,,False,,,,,,,,,,False,False
/fielddata/encountdata/d_enc_data.narc,/fielddata/encountdata/d_enc_data.narc!/member_00108,0,/fielddata/encountdata/d_enc_data.narc,263,108,,47308,47732,45792,46216,424,f3a23095e2a649c46fdf2dede328206f6994d9decacb666849fb3f2c1a4205b9,0a000000350000002a00000035000000,,,,,False,,,,,,,,,,False,False
/fielddata/encountdata/d_enc_data.narc,/fielddata/encountdata/d_enc_data.narc!/member_00109,0,/fielddata/encountdata/d_enc_data.narc,263,109,,47732,48156,46216,46640,424,f3a23095e2a649c46fdf2dede328206f6994d9decacb666849fb3f2c1a4205b9,0a000000350000002a00000035000000,,,,,False,,,,,,,,,,False,False
/fielddata/encountdata/d_enc_data.narc,/fielddata/encountdata/d_enc_data.narc!/member_00110,0,/fielddata/encountdata/d_enc_data.narc,263,110,,48156,48580,46640,47064,424,ba81cd96e91e51612753a427c59fe2dc4eb13b12ebce888fc7582f83f9adcac6,0a000000370000002a00000037000000,,,,,False,,,,,,,,,,False,False
/fielddata/encountdata/d_enc_data.narc,/fielddata/encountdata/d_enc_data.narc!/member_00111,0,/fielddata/encountdata/d_enc_data.narc,263,111,,48580,49004,47064,47488,424,ba81cd96e91e51612753a427c59fe2dc4eb13b12ebce888fc7582f83f9adcac6,0a000000370000002a00000037000000,,,,,False,,,,,,,,,,False,False
/fielddata/encountdata/d_enc_data.narc,/fielddata/encountdata/d_enc_data.narc!/member_00112,0,/fielddata/encountdata/d_enc_data.narc,263,112,,49004,49428,47488,47912,424,7ea519a0541d5fe9ca0b57defd1bf7b37b54f5d3202e7187aac5c87eefe07db9,0a0000000e000000b40100000e000000,,,,,False,,,,,,,,,,False,False
/fielddata/encountdata/d_enc_data.narc,/fielddata/encountdata/d_enc_data.narc!/member_00113,0,/fielddata/encountdata/d_enc_data.narc,263,113,,49428,49852,47912,48336,424,502a7cf50ac93f014fe614e9fd4a7ae38eee944bd530ac906ea061f6c13ab651,0a0000000f000000b40100000f000000,,,,,False,,,,,,,,,,False,False
/fielddata/encountdata/d_enc_data.narc,/fielddata/encountdata/d_enc_data.narc!/member_00114,0,/fielddata/encountdata/d_enc_data.narc,263,114,,49852,50276,48336,48760,424,04d77a233e7e1527fea57ad4db08b547ee0bbf71ec15015c17f4939525a23798,0a000000160000004a00000016000000,,,,,False,,,,,,,,,,False,False
/fielddata/encountdata/d_enc_data.narc,/fielddata/encountdata/d_enc_data.narc!/member_00115,0,/fielddata/encountdata/d_enc_data.narc,263,115,,50276,50700,48760,49184,424,0e72fbb1f8e4491319e40fe77e2fb86f714c8e84d95b66f5a4b74be6d197bbe2,0a000000170000004a00000017000000,,,,,False,,,,,,,,,,False,False
/fielddata/encountdata/d_enc_data.narc,/fielddata/encountdata/d_enc_data.narc!/member_00116,0,/fielddata/encountdata/d_enc_data.narc,263,116,,50700,51124,49184,49608,424,698f7f94e73e478e10d920c807b488ff82779f484cdde032c62cc339bc191998,0a000000180000004a00000018000000,,,,,False,,,,,,,,,,False,False
/fielddata/encountdata/d_enc_data.narc,/fielddata/encountdata/d_enc_data.narc!/member_00117,0,/fielddata/encountdata/d_enc_data.narc,263,117,,51124,51548,49608,50032,424,1b7eae44f9fbb7e6c0e0c0c5fdab3efb0ccf8b2aee1c4d2469681b68cd0023ee,1e000000110000008d01000010000000,,,,,False,,,,,,,,,,False,False
/fielddata/encountdata/d_enc_data.narc,/fielddata/encountdata/d_enc_data.narc!/member_00118,0,/fielddata/encountdata/d_enc_data.narc,263,118,,51548,51972,50032,50456,424,9fc5c12d7567a3e650199acb1d5ba5b3e7065ac55efb08be50654bf11e672df8,00000000000000000000000000000000,,,,,False,,,,,,,,,,False,False
/fielddata/encountdata/d_enc_data.narc,/fielddata/encountdata/d_enc_data.narc!/member_00119,0,/fielddata/encountdata/d_enc_data.narc,263,119,,51972,52396,50456,50880,424,92e9185a297f564fdbc494987e200f203de8ba95d800b3d04905ca20d1d83aca,0a0000001e0000004a0000001f000000,,,,,False,,,,,,,,,,False,False
/fielddata/encountdata/d_enc_data.narc,/fielddata/encountdata/d_enc_data.narc!/member_00120,0,/fielddata/encountdata/d_enc_data.narc,263,120,,52396,52820,50880,51304,424,2b5a5ec5334f468d9aa7e4984466a4deae281ba00b28c11f7ce1e3593d37a764,0a0000001e0000004b0000001f000000,,,,,False,,,,,,,,,,False,False
/fielddata/encountdata/d_enc_data.narc,/fielddata/encountdata/d_enc_data.narc!/member_00121,0,/fielddata/encountdata/d_enc_data.narc,263,121,,52820,53244,51304,51728,424,2b5a5ec5334f468d9aa7e4984466a4deae281ba00b28c11f7ce1e3593d37a764,0a0000001e0000004b0000001f000000,,,,,False,,,,,,,,,,False,False
/fielddata/encountdata/d_enc_data.narc,/fielddata/encountdata/d_enc_data.narc!/member_00122,0,/fielddata/encountdata/d_enc_data.narc,263,122,,53244,53668,51728,52152,424,5c1ccf5e5c5705dbbc80172a32d713d89864641b428874fd7b48a460682a67b6,0a0000001e0000004b0000001f000000,,,,,False,,,,,,,,,,False,False
/fielddata/encountdata/d_enc_data.narc,/fielddata/encountdata/d_enc_data.narc!/member_00123,0,/fielddata/encountdata/d_enc_data.narc,263,123,,53668,54092,52152,52576,424,00440e8b268584eb3cfe423ae8bd72266527d426bcc62e1f8061de3446336d3f,0a0000001f0000004b00000020000000,,,,,False,,,,,,,,,,False,False
/fielddata/encountdata/d_enc_data.narc,/fielddata/encountdata/d_enc_data.narc!/member_00124,0,/fielddata/encountdata/d_enc_data.narc,263,124,,54092,54516,52576,53000,424,00440e8b268584eb3cfe423ae8bd72266527d426bcc62e1f8061de3446336d3f,0a0000001f0000004b00000020000000,,,,,False,,,,,,,,,,False,False
/fielddata/encountdata/d_enc_data.narc,/fielddata/encountdata/d_enc_data.narc!/member_00125,0,/fielddata/encountdata/d_enc_data.narc,263,125,,54516,54940,53000,53424,424,9bbecb134d520b791b13c76cb7767664c57f7a51835915dc97882607431d66c9,0a0000000c0000005c0000000c000000,,,,,False,,,,,,,,,,False,False
/fielddata/encountdata/d_enc_data.narc,/fielddata/encountdata/d_enc_data.narc!/member_00126,0,/fielddata/encountdata/d_enc_data.narc,263,126,,54940,55364,53424,53848,424,9bbecb134d520b791b13c76cb7767664c57f7a51835915dc97882607431d66c9,0a0000000c0000005c0000000c000000,,,,,False,,,,,,,,,,False,False
/fielddata/encountdata/d_enc_data.narc,/fielddata/encountdata/d_enc_data.narc!/member_00127,0,/fielddata/encountdata/d_enc_data.narc,263,127,,55364,55788,53848,54272,424,9bbecb134d520b791b13c76cb7767664c57f7a51835915dc97882607431d66c9,0a0000000c0000005c0000000c000000,,,,,False,,,,,,,,,,False,False
/fielddata/encountdata/d_enc_data.narc,/fielddata/encountdata/d_enc_data.narc!/member_00128,0,/fielddata/encountdata/d_enc_data.narc,263,128,,55788,56212,54272,54696,424,9bbecb134d520b791b13c76cb7767664c57f7a51835915dc97882607431d66c9,0a0000000c0000005c0000000c000000,,,,,False,,,,,,,,,,False,False
/fielddata/encountdata/d_enc_data.narc,/fielddata/encountdata/d_enc_data.narc!/member_00129,0,/fielddata/encountdata/d_enc_data.narc,263,129,,56212,56636,54696,55120,424,9bbecb134d520b791b13c76cb7767664c57f7a51835915dc97882607431d66c9,0a0000000c0000005c0000000c000000,,,,,False,,,,,,,,,,False,False
/fielddata/encountdata/d_enc_data.narc,/fielddata/encountdata/d_enc_data.narc!/member_00130,0,/fielddata/encountdata/d_enc_data.narc,263,130,,56636,57060,55120,55544,424,9bbecb134d520b791b13c76cb7767664c57f7a51835915dc97882607431d66c9,0a0000000c0000005c0000000c000000,,,,,False,,,,,,,,,,False,False
/fielddata/encountdata/d_enc_data.narc,/fielddata/encountdata/d_enc_data.narc!/member_00131,0,/fielddata/encountdata/d_enc_data.narc,263,131,,57060,57484,55544,55968,424,9bbecb134d520b791b13c76cb7767664c57f7a51835915dc97882607431d66c9,0a0000000c0000005c0000000c000000,,,,,False,,,,,,,,,,False,False
/fielddata/encountdata/d_enc_data.narc,/fielddata/encountdata/d_enc_data.narc!/member_00132,0,/fielddata/encountdata/d_enc_data.narc,263,132,,57484,57908,55968,56392,424,7338a023cd51b96db4c863ec931cf790bc4df510961d836de40ba1efe3ab6f9d,0f0000000c0000005c0000000c000000,,,,,False,,,,,,,,,,False,False
/fielddata/encountdata/d_enc_data.narc,/fielddata/encountdata/d_enc_data.narc!/member_00133,0,/fielddata/encountdata/d_enc_data.narc,263,133,,57908,58332,56392,56816,424,9bbecb134d520b791b13c76cb7767664c57f7a51835915dc97882607431d66c9,0a0000000c0000005c0000000c000000,,,,,False,,,,,,,,,,False,False
/fielddata/encountdata/d_enc_data.narc,/fielddata/encountdata/d_enc_data.narc!/member_00134,0,/fielddata/encountdata/d_enc_data.narc,263,134,,58332,58756,56816,57240,424,0bdf944bec2bf41d4a2c48d7d6a21763d36d0bb4b75195d5b1ae891253bdf1fb,1e000000020000008c01000002000000,,,,,False,,,,,,,,,,False,False
/fielddata/encountdata/d_enc_data.narc,/fielddata/encountdata/d_enc_data.narc!/member_00135,0,/fielddata/encountdata/d_enc_data.narc,263,135,,58756,59180,57240,57664,424,0bdf944bec2bf41d4a2c48d7d6a21763d36d0bb4b75195d5b1ae891253bdf1fb,1e000000020000008c01000002000000,,,,,False,,,,,,,,,,False,False
/fielddata/encountdata/d_enc_data.narc,/fielddata/encountdata/d_enc_data.narc!/member_00136,0,/fielddata/encountdata/d_enc_data.narc,263,136,,59180,59604,57664,58088,424,fdab3af8992334db1419f780d1b4c54ad0dc093298dcc6de28105c97cb401a2c,1e000000220000009001000024000000,,,,,False,,,,,,,,,,False,False
/fielddata/encountdata/d_enc_data.narc,/fielddata/encountdata/d_enc_data.narc!/member_00137,0,/fielddata/encountdata/d_enc_data.narc,263,137,,59604,60028,58088,58512,424,3638836a376655eb925f3816c7543495a69f7637f17d61be1b2a991583b54c66,1e000000230000009001000023000000,,,,,False,,,,,,,,,,False,False
/fielddata/encountdata/d_enc_data.narc,/fielddata/encountdata/d_enc_data.narc!/member_00138,0,/fielddata/encountdata/d_enc_data.narc,263,138,,60028,60452,58512,58936,424,2694d28a38ca1892224dc060535fd6c2578f62548eb702b8d9d963fa7eefa095,1e00000015000000cb00000014000000,,,,,False,,,,,,,,,,False,False
/fielddata/encountdata/d_enc_data.narc,/fielddata/encountdata/d_enc_data.narc!/member_00139,0,/fielddata/encountdata/d_enc_data.narc,263,139,,60452,60876,58936,59360,424,060b777d2d3c6de2c6764bfacf5e872dd4d9bdf7e9dbfc1b1a73f4a83c95b109,1e00000022000000cb01000022000000,,,,,False,,,,,,,,,,False,False
/fielddata/encountdata/d_enc_data.narc,/fielddata/encountdata/d_enc_data.narc!/member_00140,0,/fielddata/encountdata/d_enc_data.narc,263,140,,60876,61300,59360,59784,424,3c930fed61e627030859fbdaefc2f2f9c556642a2110cebad56d426688f748b4,1e000000020000008c01000002000000,,,,,False,,,,,,,,,,False,False
/fielddata/encountdata/d_enc_data.narc,/fielddata/encountdata/d_enc_data.narc!/member_00141,0,/fielddata/encountdata/d_enc_data.narc,263,141,,61300,61724,59784,60208,424,74b5ebadeb7d88c527ae9bac7f3c30d45866cdbc6751d0293c2eef1baf3191f1,1e000000030000009301000003000000,,,,,False,,,,,,,,,,False,False
/fielddata/encountdata/d_enc_data.narc,/fielddata/encountdata/d_enc_data.narc!/member_00142,0,/fielddata/encountdata/d_enc_data.narc,263,142,,61724,62148,60208,60632,424,ad020da57e622f67010feb00304aa99417d9226a16874bcb6db9239f648c6394,1e000000040000008c01000004000000,,,,,False,,,,,,,,,,False,False
/fielddata/encountdata/d_enc_data.narc,/fielddata/encountdata/d_enc_data.narc!/member_00143,0,/fielddata/encountdata/d_enc_data.narc,263,143,,62148,62572,60632,61056,424,bae14d3e9fce51bcf1f634a1eb995342d7c45165c85f79cbc30a814af512edf3,1e000000040000008c01000004000000,,,,,False,,,,,,,,,,False,False
/fielddata/encountdata/d_enc_data.narc,/fielddata/encountdata/d_enc_data.narc!/member_00144,0,/fielddata/encountdata/d_enc_data.narc,263,144,,62572,62996,61056,61480,424,116fb06408d8a93ba5d2414567fdab1cff72580e232cc8e81d994f75fe303bf4,1e000000060000008c01000006000000,,,,,False,,,,,,,,,,False,False
/fielddata/encountdata/d_enc_data.narc,/fielddata/encountdata/d_enc_data.narc!/member_00145,0,/fielddata/encountdata/d_enc_data.narc,263,145,,62996,63420,61480,61904,424,54c9a8760dbd1c06ffe803ac3840407d4cfbe5fe21b7646d4132423432ef14c8,1e00000008000000a201000008000000,,,,,False,,,,,,,,,,False,False
/fielddata/encountdata/d_enc_data.narc,/fielddata/encountdata/d_enc_data.narc!/member_00146,0,/fielddata/encountdata/d_enc_data.narc,263,146,,63420,63844,61904,62328,424,e1c1185f85135a7e84641e8698dce29a3986fe8f4237b19e2ad404962cdfd629,1e0000000a000000a20100000a000000,,,,,False,,,,,,,,,,False,False
/fielddata/encountdata/d_enc_data.narc,/fielddata/encountdata/d_enc_data.narc!/member_00147,0,/fielddata/encountdata/d_enc_data.narc,263,147,,63844,64268,62328,62752,424,e9a01d9f019fb81359acf973ad3e140de40cda82f647d5ba2450d8aabe723e35,1e0000000e0000004d0000000e000000,,,,,False,,,,,,,,,,False,False
/fielddata/encountdata/d_enc_data.narc,/fielddata/encountdata/d_enc_data.narc!/member_00148,0,/fielddata/encountdata/d_enc_data.narc,263,148,,64268,64692,62752,63176,424,dce799de6f05083b069e7a85649d11f11db532272da74ae9c2301eba3594a702,1e000000050000004200000005000000,,,,,False,,,,,,,,,,False,False
/fielddata/encountdata/d_enc_data.narc,/fielddata/encountdata/d_enc_data.narc!/member_00149,0,/fielddata/encountdata/d_enc_data.narc,263,149,,64692,65116,63176,63600,424,ee7474c80e5c2171af928e45e377e0c98ab722b7de03e9e79f011c18094b5f4e,1e000000100000003600000010000000,,,,,False,,,,,,,,,,False,False
/fielddata/encountdata/d_enc_data.narc,/fielddata/encountdata/d_enc_data.narc!/member_00150,0,/fielddata/encountdata/d_enc_data.narc,263,150,,65116,65540,63600,64024,424,a30f3bf7bb92cca09563a0576f9fd851b7a9bdd3676e2862adfae5abc53419b0,1e000000100000008c01000010000000,,,,,False,,,,,,,,,,False,False
/fielddata/encountdata/d_enc_data.narc,/fielddata/encountdata/d_enc_data.narc!/member_00151,0,/fielddata/encountdata/d_enc_data.narc,263,151,,65540,65964,64024,64448,424,83a2530bfa0976c182988bcfb215115670bb92e6accce96b1d464df418aab9f7,0a000000100000005c00000010000000,,,,,False,,,,,,,,,,False,False
/fielddata/encountdata/d_enc_data.narc,/fielddata/encountdata/d_enc_data.narc!/member_00152,0,/fielddata/encountdata/d_enc_data.narc,263,152,,65964,66388,64448,64872,424,b77690c2871784891d215ab43c8bf76a01d1a489f1fc9dca3c1f1c48dc69227e,0a000000110000005c00000011000000,,,,,False,,,,,,,,,,False,False
/fielddata/encountdata/d_enc_data.narc,/fielddata/encountdata/d_enc_data.narc!/member_00153,0,/fielddata/encountdata/d_enc_data.narc,263,153,,66388,66812,64872,65296,424,47caea9bb3bafcdc15d12bcd5a35602aa7e28dc559767e13c595edfefe888afd,0a000000120000005c00000012000000,,,,,False,,,,,,,,,,False,False
/fielddata/encountdata/d_enc_data.narc,/fielddata/encountdata/d_enc_data.narc!/member_00154,0,/fielddata/encountdata/d_enc_data.narc,263,154,,66812,67236,65296,65720,424,9701ee50758eb3e9ed9038360acbeda20bb8c19773f6e2c7eec6e760aa3f659f,0a000000130000005c00000013000000,,,,,False,,,,,,,,,,False,False
/fielddata/encountdata/d_enc_data.narc,/fielddata/encountdata/d_enc_data.narc!/member_00155,0,/fielddata/encountdata/d_enc_data.narc,263,155,,67236,67660,65720,66144,424,d4f1da1146040688f646f1a4139fc8ab5f057a6bf5cfbcae24c3bd8cb6ac6144,0a000000140000005c00000014000000,,,,,False,,,,,,,,,,False,False
/fielddata/encountdata/d_enc_data.narc,/fielddata/encountdata/d_enc_data.narc!/member_00156,0,/fielddata/encountdata/d_enc_data.narc,263,156,,67660,68084,66144,66568,424,fff1f3efd4628f2a58e529a8826b8b935a6337467d32f0460a6891e4dc43f97d,1e000000130000004d00000013000000,,,,,False,,,,,,,,,,False,False
/fielddata/encountdata/d_enc_data.narc,/fielddata/encountdata/d_enc_data.narc!/member_00157,0,/fielddata/encountdata/d_enc_data.narc,263,157,,68084,68508,66568,66992,424,51f7dd94c43ccd3f8e5bf13a14c092652bfb075eafdf6fecdb4cfb6ca9e460f0,1e000000190000003600000018000000,,,,,False,,,,,,,,,,False,False
/fielddata/encountdata/d_enc_data.narc,/fielddata/encountdata/d_enc_data.narc!/member_00158,0,/fielddata/encountdata/d_enc_data.narc,263,158,,68508,68932,66992,67416,424,39f0e2f977214f50b94704d750060ad663d5ffb2b8f62a2ad982740ab42d2e52,1e0000000d000000330100000d000000,,,,,False,,,,,,,,,,False,False
/fielddata/encountdata/d_enc_data.narc,/fielddata/encountdata/d_enc_data.narc!/member_00159,0,/fielddata/encountdata/d_enc_data.narc,263,159,,68932,69356,67416,67840,424,1ba3df6ac5416674da2940ed0bfb11bec94edaf56d66958fb706821801626ec9,1e0000001b000000330100001b000000,,,,,False,,,,,,,,,,False,False
/fielddata/encountdata/d_enc_data.narc,/fielddata/encountdata/d_enc_data.narc!/member_00160,0,/fielddata/encountdata/d_enc_data.narc,263,160,,69356,69780,67840,68264,424,279ba6a043a97bfc18ffb66008f817822931da5713b2b308412892916bff5ee2,1e000000100000008c01000010000000,,,,,False,,,,,,,,,,False,False
/fielddata/encountdata/d_enc_data.narc,/fielddata/encountdata/d_enc_data.narc!/member_00161,0,/fielddata/encountdata/d_enc_data.narc,263,161,,69780,70204,68264,68688,424,dbbab2148c01d646c7c9c5a0dcc1364561e8c966e85ef32e1e403db02d4e6a09,1e00000012000000c200000012000000,,,,,False,,,,,,,,,,False,False
/fielddata/encountdata/d_enc_data.narc,/fielddata/encountdata/d_enc_data.narc!/member_00162,0,/fielddata/encountdata/d_enc_data.narc,263,162,,70204,70628,68688,69112,424,e0d5900c17f5b6f51c8a48650e0e081bbcbeb371d6f13253b5dd799084943d31,1e00000014000000a201000014000000,,,,,False,,,,,,,,,,False,False
/fielddata/encountdata/d_enc_data.narc,/fielddata/encountdata/d_enc_data.narc!/member_00163,0,/fielddata/encountdata/d_enc_data.narc,263,163,,70628,71052,69112,69536,424,597f9cae7df88d1abc8358246fba770e6f8611c2528c2a4d472b3f595ad29fe6,1e000000170000004d00000016000000,,,,,False,,,,,,,,,,False,False
/fielddata/encountdata/d_enc_data.narc,/fielddata/encountdata/d_enc_data.narc!/member_00164,0,/fielddata/encountdata/d_enc_data.narc,263,164,,71052,71476,69536,69960,424,abf397a9ad4a61d544bf20bb65d072fed20051ad9da2815b6a904f681e5b9300,1e000000150000004d00000014000000,,,,,False,,,,,,,,,,False,False
/fielddata/encountdata/d_enc_data.narc,/fielddata/encountdata/d_enc_data.narc!/member_00165,0,/fielddata/encountdata/d_enc_data.narc,263,165,,71476,71900,69960,70384,424,83b70b520cc0a6c33227df5eea89571daf7906d75cadd797a1f21dc1da17246d,1e00000020000000cb01000020000000,,,,,False,,,,,,,,,,False,False
/fielddata/encountdata/d_enc_data.narc,/fielddata/encountdata/d_enc_data.narc!/member_00166,0,/fielddata/encountdata/d_enc_data.narc,263,166,,71900,72324,70384,70808,424,b2e7bcc7ebbd2f0af48caf17840d948b48bc089f348d385b3eb1b88e885804b7,1e00000022000000cb01000022000000,,,,,False,,,,,,,,,,False,False
/fielddata/encountdata/d_enc_data.narc,/fielddata/encountdata/d_enc_data.narc!/member_00167,0,/fielddata/encountdata/d_enc_data.narc,263,167,,72324,72748,70808,71232,424,5a35302c4a9e6c5ae04078ef7ac45fa8d032a274b890daae1d6c8cb941ea5f7a,1e0000001c000000a30100001c000000,,,,,False,,,,,,,,,,False,False
/fielddata/encountdata/d_enc_data.narc,/fielddata/encountdata/d_enc_data.narc!/member_00168,0,/fielddata/encountdata/d_enc_data.narc,263,168,,72748,73172,71232,71656,424,08d318199ae8062466117f82217615db231ca3f263d18f4c97fe0d0d070d7e1b,00000000000000000000000000000000,,,,,False,,,,,,,,,,False,False
/fielddata/encountdata/d_enc_data.narc,/fielddata/encountdata/d_enc_data.narc!/member_00169,0,/fielddata/encountdata/d_enc_data.narc,263,169,,73172,73596,71656,72080,424,11bdf78e9e13922c652cfcbbd9d233c9529baa91c5d4a926492aa4025371b2e6,1e0000001c000000a30100001c000000,,,,,False,,,,,,,,,,False,False
/fielddata/encountdata/d_enc_data.narc,/fielddata/encountdata/d_enc_data.narc!/member_00170,0,/fielddata/encountdata/d_enc_data.narc,263,170,,73596,74020,72080,72504,424,f1ffe4527acceb3edb7d642c06dafa75d716494d60fd07da0698c7a1c70b71bd,1e00000028000000a301000028000000,,,,,False,,,,,,,,,,False,False
/fielddata/encountdata/d_enc_data.narc,/fielddata/encountdata/d_enc_data.narc!/member_00171,0,/fielddata/encountdata/d_enc_data.narc,263,171,,74020,74444,72504,72928,424,4c4f15f5268640acf868023a2f9996dfd45a358ef24fed54f47d9dbdf830ab15,1e00000035000000a301000035000000,,,,,False,,,,,,,,,,False,False
/fielddata/encountdata/d_enc_data.narc,/fielddata/encountdata/d_enc_data.narc!/member_00172,0,/fielddata/encountdata/d_enc_data.narc,263,172,,74444,74868,72928,73352,424,88dee7ff19ab7d2be5932f7bd15aa0d1b7ffcc282d40806099d93e9147a67dbb,1e000000330000001600000032000000,,,,,False,,,,,,,,,,False,False
/fielddata/encountdata/d_enc_data.narc,/fielddata/encountdata/d_enc_data.narc!/member_00173,0,/fielddata/encountdata/d_enc_data.narc,263,173,,74868,75292,73352,73776,424,bef12d28321f1401325f22f07238874b64739663e9bd567ef1e4ba30768e9d5f,1e000000370000004301000037000000,,,,,False,,,,,,,,,,False,False
/fielddata/encountdata/d_enc_data.narc,/fielddata/encountdata/d_enc_data.narc!/member_00174,0,/fielddata/encountdata/d_enc_data.narc,263,174,,75292,75716,73776,74200,424,47849b7cadc4ce8ad85ffe3ddc846db44cb99ba9f547e9265b3efdec55a93e19,1e000000350000003300000035000000,,,,,False,,,,,,,,,,False,False
/fielddata/encountdata/d_enc_data.narc,/fielddata/encountdata/d_enc_data.narc!/member_00175,0,/fielddata/encountdata/d_enc_data.narc,263,175,,75716,76140,74200,74624,424,a4e6cdd3950bef14e18341a34a7d5d1db16cfc9e772bc7c9efd68320863085d1,1e000000330000004600000033000000,,,,,False,,,,,,,,,,False,False
/fielddata/encountdata/d_enc_data.narc,/fielddata/encountdata/d_enc_data.narc!/member_00176,0,/fielddata/encountdata/d_enc_data.narc,263,176,,76140,76564,74624,75048,424,e45e1851ab483f898eee637305691a3611a71075119fc3298ecce97c24d7dd1f,00000000000000000000000000000000,,,,,False,,,,,,,,,,False,False
/fielddata/encountdata/d_enc_data.narc,/fielddata/encountdata/d_enc_data.narc!/member_00177,0,/fielddata/encountdata/d_enc_data.narc,263,177,,76564,76988,75048,75472,424,fd781b4c681f37b5db8f91786ed9940edae732facc774712555736e458c0ad70,00000000000000000000000000000000,,,,,False,,,,,,,,,,False,False
/fielddata/encountdata/d_enc_data.narc,/fielddata/encountdata/d_enc_data.narc!/member_00178,0,/fielddata/encountdata/d_enc_data.narc,263,178,,76988,77412,75472,75896,424,560abef883be1937f2c2d5c791c5fc90bb2de74eb0d533e0d9f711992c79345d,00000000000000000000000000000000,,,,,False,,,,,,,,,,False,False
/fielddata/encountdata/d_enc_data.narc,/fielddata/encountdata/d_enc_data.narc!/member_00179,0,/fielddata/encountdata/d_enc_data.narc,263,179,,77412,77836,75896,76320,424,24a804955aae687b6858c7b395fc785920be570c6e14aebaa5a6014d0a1ecf75,00000000000000000000000000000000,,,,,False,,,,,,,,,,False,False
/fielddata/encountdata/d_enc_data.narc,/fielddata/encountdata/d_enc_data.narc!/member_00180,0,/fielddata/encountdata/d_enc_data.narc,263,180,,77836,78260,76320,76744,424,e22daed3c25dd843cb7a256e5c53825405d8055851f7bab9175651baf78e5a05,00000000000000000000000000000000,,,,,False,,,,,,,,,,False,False
/fielddata/encountdata/d_enc_data.narc,/fielddata/encountdata/d_enc_data.narc!/member_00181,0,/fielddata/encountdata/d_enc_data.narc,263,181,,78260,78684,76744,77168,424,985f02460466c2cdbf9175acef336185394e4d77a354e3618217fa697c423fb7,1e000000340000001600000034000000,,,,,False,,,,,,,,,,False,False
/fielddata/encountdata/d_enc_data.narc,/fielddata/encountdata/d_enc_data.narc!/member_00182,0,/fielddata/encountdata/d_enc_data.narc,263,182,,78684,79108,77168,77592,424,86302936abc87185f81d05b434c2a148ef03a719c99ca6ad21283d14db24b902,1e000000320000004600000032000000,,,,,False,,,,,,,,,,False,False
/fielddata/encountdata/p_enc_data.narc,/fielddata/encountdata/p_enc_data.narc!/member_00000,0,/fielddata/encountdata/p_enc_data.narc,264,0,,1516,1940,0,424,424,04d4eb7c3ca514b4375490f88a5a3a2f28d510b3a6282c3a1b3c442212d46a71,00000000000000000000000000000000,,,,,False,,,,,,,,,,False,False
/fielddata/encountdata/p_enc_data.narc,/fielddata/encountdata/p_enc_data.narc!/member_00001,0,/fielddata/encountdata/p_enc_data.narc,264,1,,1940,2364,424,848,424,086f5db6cc1d52607c1fd6e2489658c3d3efa406725d93805760753b20a63147,00000000000000000000000000000000,,,,,False,,,,,,,,,,False,False
/fielddata/encountdata/p_enc_data.narc,/fielddata/encountdata/p_enc_data.narc!/member_00002,0,/fielddata/encountdata/p_enc_data.narc,264,2,,2364,2788,848,1272,424,9066d2f8549b7bd73469bbeb313c84b441bb594714ab02ca56966ec7a1307705,00000000000000000000000000000000,,,,,False,,,,,,,,,,False,False
/fielddata/encountdata/p_enc_data.narc,/fielddata/encountdata/p_enc_data.narc!/member_00003,0,/fielddata/encountdata/p_enc_data.narc,264,3,,2788,3212,1272,1696,424,d2d9dd84aa32a3d2030cb3c19900e29ce8ac804f889b40ca122f61ec7f0f1ddd,00000000000000000000000000000000,,,,,False,,,,,,,,,,False,False
/fielddata/encountdata/p_enc_data.narc,/fielddata/encountdata/p_enc_data.narc!/member_00004,0,/fielddata/encountdata/p_enc_data.narc,264,4,,3212,3636,1696,2120,424,c5f0b8ca2c2b0bf1664e80d511a23410212207c1d78c440d15fedd64cc78f9aa,00000000000000000000000000000000,,,,,False,,,,,,,,,,False,False
/fielddata/encountdata/p_enc_data.narc,/fielddata/encountdata/p_enc_data.narc!/member_00005,0,/fielddata/encountdata/p_enc_data.narc,264,5,,3636,4060,2120,2544,424,42de2515a0385cfe1bf18d3ae67e5f584d82ddf536aaeafe7454b3a9e731ac29,0a000000060000004a00000006000000,,,,,False,,,,,,,,,,False,False
/fielddata/encountdata/p_enc_data.narc,/fielddata/encountdata/p_enc_data.narc!/member_00006,0,/fielddata/encountdata/p_enc_data.narc,264,6,,4060,4484,2544,2968,424,1d3b764137e8101cb9f03772f2dfc32d15fb4a0b5f51ed99c20bb6676a5cc906,0a000000070000004a00000007000000,,,,,False,,,,,,,,,,False,False
/fielddata/encountdata/p_enc_data.narc,/fielddata/encountdata/p_enc_data.narc!/member_00007,0,/fielddata/encountdata/p_enc_data.narc,264,7,,4484,4908,2968,3392,424,e5a85f13854968e3d015c7187c89619ff9d7a0163e780a0194843df689a75832,1e00000007000000a201000007000000,,,,,False,,,,,,,,,,False,False
/fielddata/encountdata/p_enc_data.narc,/fielddata/encountdata/p_enc_data.narc!/member_00008,0,/fielddata/encountdata/p_enc_data.narc,264,8,,4908,5332,3392,3816,424,db9656ac0be3a4205ca5560be72e2cc7e1fa699658e4883ea5e3637b4ae34bdc,1e0000000a000000090100000a000000,,,,,False,,,,,,,,,,False,False
/fielddata/encountdata/p_enc_data.narc,/fielddata/encountdata/p_enc_data.narc!/member_00009,0,/fielddata/encountdata/p_enc_data.narc,264,9,,5332,5756,3816,4240,424,c5be9d4ab70b85fcff042405747cdd4614daf0738350799aba07eba681ba267f,1e0000001d000000a30100001c000000,,,,,False,,,,,,,,,,False,False
/fielddata/encountdata/p_enc_data.narc,/fielddata/encountdata/p_enc_data.narc!/member_00010,0,/fielddata/encountdata/p_enc_data.narc,264,10,,5756,6180,4240,4664,424,e2f7d7a7991dee7c7aeda5dde7b4118cf6641f7f21a4b7f46a90704032161bc8,0a0000000f000000420000000f000000,,,,,False,,,,,,,,,,False,False
/fielddata/encountdata/p_enc_data.narc,/fielddata/encountdata/p_enc_data.narc!/member_00011,0,/fielddata/encountdata/p_enc_data.narc,264,11,,6180,6604,4664,5088,424,855ea983132e7c7f92ccb5112c3537d99c618ca416bb605273a9f27a856da398,0a00000026000000b501000024000000,,,,,False,,,,,,,,,,False,False
/fielddata/encountdata/p_enc_data.narc,/fielddata/encountdata/p_enc_data.narc!/member_00012,0,/fielddata/encountdata/p_enc_data.narc,264,12,,6604,7028,5088,5512,424,855ea983132e7c7f92ccb5112c3537d99c618ca416bb605273a9f27a856da398,0a00000026000000b501000024000000,,,,,False,,,,,,,,,,False,False
/fielddata/encountdata/p_enc_data.narc,/fielddata/encountdata/p_enc_data.narc!/member_00013,0,/fielddata/encountdata/p_enc_data.narc,264,13,,7028,7452,5512,5936,424,d02dc31a26f393c92361670ed12b5f0e72db2a3f791f769f7e65ae2acfa077d2,1e00000026000000cb01000028000000,,,,,False,,,,,,,,,,False,False
/fielddata/encountdata/p_enc_data.narc,/fielddata/encountdata/p_enc_data.narc!/member_00014,0,/fielddata/encountdata/p_enc_data.narc,264,14,,7452,7876,5936,6360,424,d02dc31a26f393c92361670ed12b5f0e72db2a3f791f769f7e65ae2acfa077d2,1e00000026000000cb01000028000000,,,,,False,,,,,,,,,,False,False
/fielddata/encountdata/p_enc_data.narc,/fielddata/encountdata/p_enc_data.narc!/member_00015,0,/fielddata/encountdata/p_enc_data.narc,264,15,,7876,8300,6360,6784,424,ad6e75f0f6b614e7ad01414c1dc746fc36dc67dbbb6ffd36d08344be295a912a,0a00000028000000b501000026000000,,,,,False,,,,,,,,,,False,False
/fielddata/encountdata/p_enc_data.narc,/fielddata/encountdata/p_enc_data.narc!/member_00016,0,/fielddata/encountdata/p_enc_data.narc,264,16,,8300,8724,6784,7208,424,df57a22acfaa728f0754df3b2e52fc1f68f548b55576a14459af236d85a03a7f,0f00000028000000b501000026000000,,,,,False,,,,,,,,,,False,False
/fielddata/encountdata/p_enc_data.narc,/fielddata/encountdata/p_enc_data.narc!/member_00017,0,/fielddata/encountdata/p_enc_data.narc,264,17,,8724,9148,7208,7632,424,0ad0e868724e2132dbc4ac6a0446ea6afe1308029f2c7e7b44b691e88ac1adeb,0f0000002a000000b501000028000000,,,,,False,,,,,,,,,,False,False
/fielddata/encountdata/p_enc_data.narc,/fielddata/encountdata/p_enc_data.narc!/member_00018,0,/fielddata/encountdata/p_enc_data.narc,264,18,,9148,9572,7632,8056,424,0ad0e868724e2132dbc4ac6a0446ea6afe1308029f2c7e7b44b691e88ac1adeb,0f0000002a000000b501000028000000,,,,,False,,,,,,,,,,False,False
/fielddata/encountdata/p_enc_data.narc,/fielddata/encountdata/p_enc_data.narc!/member_00019,0,/fielddata/encountdata/p_enc_data.narc,264,19,,9572,9996,8056,8480,424,9ddc505ff1cc75c0a9e56e6e4e27496b82fd96ae1f7cec3534fa941c0ba61bae,0a000000280000004b00000027000000,,,,,False,,,,,,,,,,False,False
/fielddata/encountdata/p_enc_data.narc,/fielddata/encountdata/p_enc_data.narc!/member_00020,0,/fielddata/encountdata/p_enc_data.narc,264,20,,9996,10420,8480,8904,424,5bda308464cee9fb96947c79880c48552bafd1fe2e606aac6352f0223a15b56b,0a0000001f000000330100001f000000,,,,,False,,,,,,,,,,False,False
/fielddata/encountdata/p_enc_data.narc,/fielddata/encountdata/p_enc_data.narc!/member_00021,0,/fielddata/encountdata/p_enc_data.narc,264,21,,10420,10844,8904,9328,424,a0c879827292e066b1d974e686ad3d1e1c60fcb76842fbf41a653cd11f292f2e,0a0000000d000000330100000d000000,,,,,False,,,,,,,,,,False,False
/fielddata/encountdata/p_enc_data.narc,/fielddata/encountdata/p_enc_data.narc!/member_00022,0,/fielddata/encountdata/p_enc_data.narc,264,22,,10844,11268,9328,9752,424,f2aa6992863e213885aa77c31109451191a15ceb64e49d63da3e7fc3cb6f26de,0a0000001f000000330100001f000000,,,,,False,,,,,,,,,,False,False
/fielddata/encountdata/p_enc_data.narc,/fielddata/encountdata/p_enc_data.narc!/member_00023,0,/fielddata/encountdata/p_enc_data.narc,264,23,,11268,11692,9752,10176,424,31bf0ba7d4ca6b23b62a5902ac2cc3725a2e98910eafa96d8c1dc4e0049d4fb4,2300000018000000c200000019000000,,,,,False,,,,,,,,,,False,False
/fielddata/encountdata/p_enc_data.narc,/fielddata/encountdata/p_enc_data.narc!/member_00024,0,/fielddata/encountdata/p_enc_data.narc,264,24,,11692,12116,10176,10600,424,31bf0ba7d4ca6b23b62a5902ac2cc3725a2e98910eafa96d8c1dc4e0049d4fb4,2300000018000000c200000019000000,,,,,False,,,,,,,,,,False,False
/fielddata/encountdata/p_enc_data.narc,/fielddata/encountdata/p_enc_data.narc!/member_00025,0,/fielddata/encountdata/p_enc_data.narc,264,25,,12116,12540,10600,11024,424,b1cb5cdb87dbfc8511528e74840adbdbe6dd9c3c9cc5b7ca4bcde4e9850aee57,2300000016000000c200000017000000,,,,,False,,,,,,,,,,False,False
/fielddata/encountdata/p_enc_data.narc,/fielddata/encountdata/p_enc_data.narc!/member_00026,0,/fielddata/encountdata/p_enc_data.narc,264,26,,12540,12964,11024,11448,424,b1cb5cdb87dbfc8511528e74840adbdbe6dd9c3c9cc5b7ca4bcde4e9850aee57,2300000016000000c200000017000000,,,,,False,,,,,,,,,,False,False
/fielddata/encountdata/p_enc_data.narc,/fielddata/encountdata/p_enc_data.narc!/member_00027,0,/fielddata/encountdata/p_enc_data.narc,264,27,,12964,13388,11448,11872,424,f0d69f4f4b94aa419982cdcb17151c9aaa13f3cbd8bc4b2b03161429e04b0905,2300000014000000c200000015000000,,,,,False,,,,,,,,,,False,False
/fielddata/encountdata/p_enc_data.narc,/fielddata/encountdata/p_enc_data.narc!/member_00028,0,/fielddata/encountdata/p_enc_data.narc,264,28,,13388,13812,11872,12296,424,a2bcab17b91c589d81a7d28a9ae278e49f4dacdd6e44f1ddb0cb00dee98d287f,2300000014000000c200000015000000,,,,,False,,,,,,,,,,False,False
/fielddata/encountdata/p_enc_data.narc,/fielddata/encountdata/p_enc_data.narc!/member_00029,0,/fielddata/encountdata/p_enc_data.narc,264,29,,13812,14236,12296,12720,424,ceee06ade76f12729e1d6113aa68e40bb02517adbb6451d7dde9cd39ba6c2e80,0a00000013000000c900000014000000,,,,,False,,,,,,,,,,False,False
/fielddata/encountdata/p_enc_data.narc,/fielddata/encountdata/p_enc_data.narc!/member_00030,0,/fielddata/encountdata/p_enc_data.narc,264,30,,14236,14660,12720,13144,424,267884531d82aa0fd2ac67a913fe5725a777a9f182b4b54c78e6eef384f21f00,0a00000013000000c900000014000000,,,,,False,,,,,,,,,,False,False
/fielddata/encountdata/p_enc_data.narc,/fielddata/encountdata/p_enc_data.narc!/member_00031,0,/fielddata/encountdata/p_enc_data.narc,264,31,,14660,15084,13144,13568,424,267884531d82aa0fd2ac67a913fe5725a777a9f182b4b54c78e6eef384f21f00,0a00000013000000c900000014000000,,,,,False,,,,,,,,,,False,False
/fielddata/encountdata/p_enc_data.narc,/fielddata/encountdata/p_enc_data.narc!/member_00032,0,/fielddata/encountdata/p_enc_data.narc,264,32,,15084,15508,13568,13992,424,1aa776a1f0cdf1d762ebed125672f0385d3c8cd70bb85363926ef24ac9642261,0a00000013000000c900000014000000,,,,,False,,,,,,,,,,False,False
/fielddata/encountdata/p_enc_data.narc,/fielddata/encountdata/p_enc_data.narc!/member_00033,0,/fielddata/encountdata/p_enc_data.narc,264,33,,15508,15932,13992,14416,424,267884531d82aa0fd2ac67a913fe5725a777a9f182b4b54c78e6eef384f21f00,0a00000013000000c900000014000000,,,,,False,,,,,,,,,,False,False
/fielddata/encountdata/p_enc_data.narc,/fielddata/encountdata/p_enc_data.narc!/member_00034,0,/fielddata/encountdata/p_enc_data.narc,264,34,,15932,16356,14416,14840,424,a284fc9464b785c521b98e1e54e2dd8d84eb91dc3465cdb07aef14841062130c,0a00000013000000c900000014000000,,,,,False,,,,,,,,,,False,False
/fielddata/encountdata/p_enc_data.narc,/fielddata/encountdata/p_enc_data.narc!/member_00035,0,/fielddata/encountdata/p_enc_data.narc,264,35,,16356,16780,14840,15264,424,366d83d157d67679c5fd49d3a6ed9a7a6dd88080f5d0414b23eee83b940c4a57,0f00000013000000c900000014000000,,,,,False,,,,,,,,,,False,False
/fielddata/encountdata/p_enc_data.narc,/fielddata/encountdata/p_enc_data.narc!/member_00036,0,/fielddata/encountdata/p_enc_data.narc,264,36,,16780,17204,15264,15688,424,366d83d157d67679c5fd49d3a6ed9a7a6dd88080f5d0414b23eee83b940c4a57,0f00000013000000c900000014000000,,,,,False,,,,,,,,,,False,False
/fielddata/encountdata/p_enc_data.narc,/fielddata/encountdata/p_enc_data.narc!/member_00037,0,/fielddata/encountdata/p_enc_data.narc,264,37,,17204,17628,15688,16112,424,ff293a7e1514fae7b815eb205e907ad1573e4dc2db588d51015854c41a2aa9d6,1400000013000000c900000014000000,,,,,False,,,,,,,,,,False,False
/fielddata/encountdata/p_enc_data.narc,/fielddata/encountdata/p_enc_data.narc!/member_00038,0,/fielddata/encountdata/p_enc_data.narc,264,38,,17628,18052,16112,16536,424,ff293a7e1514fae7b815eb205e907ad1573e4dc2db588d51015854c41a2aa9d6,1400000013000000c900000014000000,,,,,False,,,,,,,,,,False,False
/fielddata/encountdata/p_enc_data.narc,/fielddata/encountdata/p_enc_data.narc!/member_00039,0,/fielddata/encountdata/p_enc_data.narc,264,39,,18052,18476,16536,16960,424,ff293a7e1514fae7b815eb205e907ad1573e4dc2db588d51015854c41a2aa9d6,1400000013000000c900000014000000,,,,,False,,,,,,,,,,False,False
/fielddata/encountdata/p_enc_data.narc,/fielddata/encountdata/p_enc_data.narc!/member_00040,0,/fielddata/encountdata/p_enc_data.narc,264,40,,18476,18900,16960,17384,424,7d089e6c43d3e8e9ea17f7794611a5d248767d73111bbf6860bab7b6a6917a6b,0a00000013000000c900000014000000,,,,,False,,,,,,,,,,False,False
/fielddata/encountdata/p_enc_data.narc,/fielddata/encountdata/p_enc_data.narc!/member_00041,0,/fielddata/encountdata/p_enc_data.narc,264,41,,18900,19324,17384,17808,424,c42830f6acd9169a9f7bca1802cdf19d3abf04616376668a45c455e9dd4ce7f5,0a00000013000000c900000014000000,,,,,False,,,,,,,,,,False,False
/fielddata/encountdata/p_enc_data.narc,/fielddata/encountdata/p_enc_data.narc!/member_00042,0,/fielddata/encountdata/p_enc_data.narc,264,42,,19324,19748,17808,18232,424,e47b92c90e2edb348de6aeee620fa2437f4124debf6342d4d7b4b338691a594c,0a00000013000000c900000014000000,,,,,False,,,,,,,,,,False,False
/fielddata/encountdata/p_enc_data.narc,/fielddata/encountdata/p_enc_data.narc!/member_00043,0,/fielddata/encountdata/p_enc_data.narc,264,43,,19748,20172,18232,18656,424,9a87bea9c38cec7401ce4b6bc7907e71feb9f00d45956d9d02078ad98d906b3a,0a00000013000000c900000014000000,,,,,False,,,,,,,,,,False,False
/fielddata/encountdata/p_enc_data.narc,/fielddata/encountdata/p_enc_data.narc!/member_00044,0,/fielddata/encountdata/p_enc_data.narc,264,44,,20172,20596,18656,19080,424,5b101da3cbea90c376fb8a40b042a6faac2b5e58c25d15f03e5bd646131e3497,1900000013000000c900000014000000,,,,,False,,,,,,,,,,False,False
/fielddata/encountdata/p_enc_data.narc,/fielddata/encountdata/p_enc_data.narc!/member_00045,0,/fielddata/encountdata/p_enc_data.narc,264,45,,20596,21020,19080,19504,424,5b101da3cbea90c376fb8a40b042a6faac2b5e58c25d15f03e5bd646131e3497,1900000013000000c900000014000000,,,,,False,,,,,,,,,,False,False
/fielddata/encountdata/p_enc_data.narc,/fielddata/encountdata/p_enc_data.narc!/member_00046,0,/fielddata/encountdata/p_enc_data.narc,264,46,,21020,21444,19504,19928,424,aceb3b805b9f1866224a30771ac22b8ac8553b39425a78ece56d3c85b13ad9c9,1e00000013000000c900000014000000,,,,,False,,,,,,,,,,False,False
/fielddata/encountdata/p_enc_data.narc,/fielddata/encountdata/p_enc_data.narc!/member_00047,0,/fielddata/encountdata/p_enc_data.narc,264,47,,21444,21868,19928,20352,424,73bc4c22504ad18aeecc5820ebfce387811b92715088321d124b5d1ea758ef86,0f0000002d000000430000002d000000,,,,,False,,,,,,,,,,False,False
/fielddata/encountdata/p_enc_data.narc,/fielddata/encountdata/p_enc_data.narc!/member_00048,0,/fielddata/encountdata/p_enc_data.narc,264,48,,21868,22292,20352,20776,424,7234a9fdf13d2d061db13c7ca62b4d4ba4d672a0fb0b79218425a28db214a6ca,0f0000002e000000400000002e000000,,,,,False,,,,,,,,,,False,False
/fielddata/encountdata/p_enc_data.narc,/fielddata/encountdata/p_enc_data.narc!/member_00049,0,/fielddata/encountdata/p_enc_data.narc,264,49,,22292,22716,20776,21200,424,8baa78a2c2ffe262e9e3280c6544ba00776e6256eb2be851f478eaf881ef2c46,0f0000002d000000430000002d000000,,,,,False,,,,,,,,,,False,False
/fielddata/encountdata/p_enc_data.narc,/fielddata/encountdata/p_enc_data.narc!/member_00050,0,/fielddata/encountdata/p_enc_data.narc,264,50,,22716,23140,21200,21624,424,bb9d6495773fcf24b6572176fb814cd883cfce6e9c227ad4db7b56d7e48bfffd,0f000000330000004300000033000000,,,,,False,,,,,,,,,,False,False
/fielddata/encountdata/p_enc_data.narc,/fielddata/encountdata/p_enc_data.narc!/member_00051,0,/fielddata/encountdata/p_enc_data.narc,264,51,,23140,23564,21624,22048,424,0a246655c4ffee37d8bba224b862340123748b186fed78f39ab47e80eb244161,0f000000330000004300000033000000,,,,,False,,,,,,,,,,False,False
/fielddata/encountdata/p_enc_data.narc,/fielddata/encountdata/p_enc_data.narc!/member_00052,0,/fielddata/encountdata/p_enc_data.narc,264,52,,23564,23988,22048,22472,424,0a246655c4ffee37d8bba224b862340123748b186fed78f39ab47e80eb244161,0f000000330000004300000033000000,,,,,False,,,,,,,,,,False,False
/fielddata/encountdata/p_enc_data.narc,/fielddata/encountdata/p_enc_data.narc!/member_00053,0,/fielddata/encountdata/p_enc_data.narc,264,53,,23988,24412,22472,22896,424,f2c90cd49143cfeaa68b3bf08c3b9bdbfb86e499546d2c59b14ff3ae181a36f2,0a000000040000002900000004000000,,,,,False,,,,,,,,,,False,False
/fielddata/encountdata/p_enc_data.narc,/fielddata/encountdata/p_enc_data.narc!/member_00054,0,/fielddata/encountdata/p_enc_data.narc,264,54,,24412,24836,22896,23320,424,573b274aad3ee3dda1e46e7b42e6fa149a227b249dd6321cb4ada1077c1ae637,0a000000050000004a00000005000000,,,,,False,,,,,,,,,,False,False
/fielddata/encountdata/p_enc_data.narc,/fielddata/encountdata/p_enc_data.narc!/member_00055,0,/fielddata/encountdata/p_enc_data.narc,264,55,,24836,25260,23320,23744,424,300b2d71b6ab83c50ac8bb38d4e90eca6cca89391fa89070abc946cafaf45a70,0a000000080000002900000008000000,,,,,False,,,,,,,,,,False,False
/fielddata/encountdata/p_enc_data.narc,/fielddata/encountdata/p_enc_data.narc!/member_00056,0,/fielddata/encountdata/p_enc_data.narc,264,56,,25260,25684,23744,24168,424,15a6918991687fc36b63616c1c7135ce6e0141de9b32eb51c9dd4bf8f95d4079,1e000000370000004301000037000000,,,,,False,,,,,,,,,,False,False
/fielddata/encountdata/p_enc_data.narc,/fielddata/encountdata/p_enc_data.narc!/member_00057,0,/fielddata/encountdata/p_enc_data.narc,264,57,,25684,26108,24168,24592,424,571ff04c0d6bbdd53723f776ce689895005ed78cd50402377dfe05aaf853f44b,0a000000370000004b00000037000000,,,,,False,,,,,,,,,,False,False
/fielddata/encountdata/p_enc_data.narc,/fielddata/encountdata/p_enc_data.narc!/member_00058,0,/fielddata/encountdata/p_enc_data.narc,264,58,,26108,26532,24592,25016,424,719d930ee2e928b2c5e37c77068abc60f5ac0f1acd073e4a4072e175faaec769,0a000000390000004b00000039000000,,,,,False,,,,,,,,,,False,False
/fielddata/encountdata/p_enc_data.narc,/fielddata/encountdata/p_enc_data.narc!/member_00059,0,/fielddata/encountdata/p_enc_data.narc,264,59,,26532,26956,25016,25440,424,ba0b70559e3df0d54a3f637afdd4545595ac097e0756bf7a3ff64108fb366c9b,1e000000350000009001000036000000,,,,,False,,,,,,,,,,False,False
/fielddata/encountdata/p_enc_data.narc,/fielddata/encountdata/p_enc_data.narc!/member_00060,0,/fielddata/encountdata/p_enc_data.narc,264,60,,26956,27380,25440,25864,424,89b4172fa631be1d2352282748672b8bbc0fe2ea3cb0b7ee067e7ef3363e9f25,0a000000370000002a00000038000000,,,,,False,,,,,,,,,,False,False
/fielddata/encountdata/p_enc_data.narc,/fielddata/encountdata/p_enc_data.narc!/member_00061,0,/fielddata/encountdata/p_enc_data.narc,264,61,,27380,27804,25864,26288,424,89b4172fa631be1d2352282748672b8bbc0fe2ea3cb0b7ee067e7ef3363e9f25,0a000000370000002a00000038000000,,,,,False,,,,,,,,,,False,False
/fielddata/encountdata/p_enc_data.narc,/fielddata/encountdata/p_enc_data.narc!/member_00062,0,/fielddata/encountdata/p_enc_data.narc,264,62,,27804,28228,26288,26712,424,89b4172fa631be1d2352282748672b8bbc0fe2ea3cb0b7ee067e7ef3363e9f25,0a000000370000002a00000038000000,,,,,False,,,,,,,,,,False,False
/fielddata/encountdata/p_enc_data.narc,/fielddata/encountdata/p_enc_data.narc!/member_00063,0,/fielddata/encountdata/p_enc_data.narc,264,63,,28228,28652,26712,27136,424,2ea2132b4afd68ef40b6405d787cd59d6ece2a6848b3e8084754cd3c3963e50e,0f0000002d0000002a0000002e000000,,,,,False,,,,,,,,,,False,False
/fielddata/encountdata/p_enc_data.narc,/fielddata/encountdata/p_enc_data.narc!/member_00064,0,/fielddata/encountdata/p_enc_data.narc,264,64,,28652,29076,27136,27560,424,2ea2132b4afd68ef40b6405d787cd59d6ece2a6848b3e8084754cd3c3963e50e,0f0000002d0000002a0000002e000000,,,,,False,,,,,,,,,,False,False
/fielddata/encountdata/p_enc_data.narc,/fielddata/encountdata/p_enc_data.narc!/member_00065,0,/fielddata/encountdata/p_enc_data.narc,264,65,,29076,29500,27560,27984,424,2ea2132b4afd68ef40b6405d787cd59d6ece2a6848b3e8084754cd3c3963e50e,0f0000002d0000002a0000002e000000,,,,,False,,,,,,,,,,False,False
/fielddata/encountdata/p_enc_data.narc,/fielddata/encountdata/p_enc_data.narc!/member_00066,0,/fielddata/encountdata/p_enc_data.narc,264,66,,29500,29924,27984,28408,424,2ea2132b4afd68ef40b6405d787cd59d6ece2a6848b3e8084754cd3c3963e50e,0f0000002d0000002a0000002e000000,,,,,False,,,,,,,,,,False,False
/fielddata/encountdata/p_enc_data.narc,/fielddata/encountdata/p_enc_data.narc!/member_00067,0,/fielddata/encountdata/p_enc_data.narc,264,67,,29924,30348,28408,28832,424,2ea2132b4afd68ef40b6405d787cd59d6ece2a6848b3e8084754cd3c3963e50e,0f0000002d0000002a0000002e000000,,,,,False,,,,,,,,,,False,False
/fielddata/encountdata/p_enc_data.narc,/fielddata/encountdata/p_enc_data.narc!/member_00068,0,/fielddata/encountdata/p_enc_data.narc,264,68,,30348,30772,28832,29256,424,2ea2132b4afd68ef40b6405d787cd59d6ece2a6848b3e8084754cd3c3963e50e,0f0000002d0000002a0000002e000000,,,,,False,,,,,,,,,,False,False
/fielddata/encountdata/p_enc_data.narc,/fielddata/encountdata/p_enc_data.narc!/member_00069,0,/fielddata/encountdata/p_enc_data.narc,264,69,,30772,31196,29256,29680,424,c42fded1efe9444e2af0a8063ccc64623fdf8a6d767c0ef33f57c196350b6649,0f000000370000002a00000038000000,,,,,False,,,,,,,,,,False,False
/fielddata/encountdata/p_enc_data.narc,/fielddata/encountdata/p_enc_data.narc!/member_00070,0,/fielddata/encountdata/p_enc_data.narc,264,70,,31196,31620,29680,30104,424,c42fded1efe9444e2af0a8063ccc64623fdf8a6d767c0ef33f57c196350b6649,0f000000370000002a00000038000000,,,,,False,,,,,,,,,,False,False
/fielddata/encountdata/p_enc_data.narc,/fielddata/encountdata/p_enc_data.narc!/member_00071,0,/fielddata/encountdata/p_enc_data.narc,264,71,,31620,32044,30104,30528,424,c42fded1efe9444e2af0a8063ccc64623fdf8a6d767c0ef33f57c196350b6649,0f000000370000002a00000038000000,,,,,False,,,,,,,,,,False,False
/fielddata/encountdata/p_enc_data.narc,/fielddata/encountdata/p_enc_data.narc!/member_00072,0,/fielddata/encountdata/p_enc_data.narc,264,72,,32044,32468,30528,30952,424,c42fded1efe9444e2af0a8063ccc64623fdf8a6d767c0ef33f57c196350b6649,0f000000370000002a00000038000000,,,,,False,,,,,,,,,,False,False
/fielddata/encountdata/p_enc_data.narc,/fielddata/encountdata/p_enc_data.narc!/member_00073,0,/fielddata/encountdata/p_enc_data.narc,264,73,,32468,32892,30952,31376,424,c42fded1efe9444e2af0a8063ccc64623fdf8a6d767c0ef33f57c196350b6649,0f000000370000002a00000038000000,,,,,False,,,,,,,,,,False,False
/fielddata/encountdata/p_enc_data.narc,/fielddata/encountdata/p_enc_data.narc!/member_00074,0,/fielddata/encountdata/p_enc_data.narc,264,74,,32892,33316,31376,31800,424,c42fded1efe9444e2af0a8063ccc64623fdf8a6d767c0ef33f57c196350b6649,0f000000370000002a00000038000000,,,,,False,,,,,,,,,,False,False
/fielddata/encountdata/p_enc_data.narc,/fielddata/encountdata/p_enc_data.narc!/member_00075,0,/fielddata/encountdata/p_enc_data.narc,264,75,,33316,33740,31800,32224,424,1209a3abfd2f2f82a0005a4b2de67c1fe2d775050f9d31143c99a5d730be44db,0f000000410000002a00000042000000,,,,,False,,,,,,,,,,False,False
/fielddata/encountdata/p_enc_data.narc,/fielddata/encountdata/p_enc_data.narc!/member_00076,0,/fielddata/encountdata/p_enc_data.narc,264,76,,33740,34164,32224,32648,424,1209a3abfd2f2f82a0005a4b2de67c1fe2d775050f9d31143c99a5d730be44db,0f000000410000002a00000042000000,,,,,False,,,,,,,,,,False,False
/fielddata/encountdata/p_enc_data.narc,/fielddata/encountdata/p_enc_data.narc!/member_00077,0,/fielddata/encountdata/p_enc_data.narc,264,77,,34164,34588,32648,33072,424,1209a3abfd2f2f82a0005a4b2de67c1fe2d775050f9d31143c99a5d730be44db,0f000000410000002a00000042000000,,,,,False,,,,,,,,,,False,False
/fielddata/encountdata/p_enc_data.narc,/fielddata/encountdata/p_enc_data.narc!/member_00078,0,/fielddata/encountdata/p_enc_data.narc,264,78,,34588,35012,33072,33496,424,1209a3abfd2f2f82a0005a4b2de67c1fe2d775050f9d31143c99a5d730be44db,0f000000410000002a00000042000000,,,,,False,,,,,,,,,,False,False
/fielddata/encountdata/p_enc_data.narc,/fielddata/encountdata/p_enc_data.narc!/member_00079,0,/fielddata/encountdata/p_enc_data.narc,264,79,,35012,35436,33496,33920,424,1209a3abfd2f2f82a0005a4b2de67c1fe2d775050f9d31143c99a5d730be44db,0f000000410000002a00000042000000,,,,,False,,,,,,,,,,False,False
/fielddata/encountdata/p_enc_data.narc,/fielddata/encountdata/p_enc_data.narc!/member_00080,0,/fielddata/encountdata/p_enc_data.narc,264,80,,35436,35860,33920,34344,424,1209a3abfd2f2f82a0005a4b2de67c1fe2d775050f9d31143c99a5d730be44db,0f000000410000002a00000042000000,,,,,False,,,,,,,,,,False,False
/fielddata/encountdata/p_enc_data.narc,/fielddata/encountdata/p_enc_data.narc!/member_00081,0,/fielddata/encountdata/p_enc_data.narc,264,81,,35860,36284,34344,34768,424,c42fded1efe9444e2af0a8063ccc64623fdf8a6d767c0ef33f57c196350b6649,0f000000370000002a00000038000000,,,,,False,,,,,,,,,,False,False
/fielddata/encountdata/p_enc_data.narc,/fielddata/encountdata/p_enc_data.narc!/member_00082,0,/fielddata/encountdata/p_enc_data.narc,264,82,,36284,36708,34768,35192,424,c42fded1efe9444e2af0a8063ccc64623fdf8a6d767c0ef33f57c196350b6649,0f000000370000002a00000038000000,,,,,False,,,,,,,,,,False,False
/fielddata/encountdata/p_enc_data.narc,/fielddata/encountdata/p_enc_data.narc!/member_00083,0,/fielddata/encountdata/p_enc_data.narc,264,83,,36708,37132,35192,35616,424,c42fded1efe9444e2af0a8063ccc64623fdf8a6d767c0ef33f57c196350b6649,0f000000370000002a00000038000000,,,,,False,,,,,,,,,,False,False
/fielddata/encountdata/p_enc_data.narc,/fielddata/encountdata/p_enc_data.narc!/member_00084,0,/fielddata/encountdata/p_enc_data.narc,264,84,,37132,37556,35616,36040,424,c42fded1efe9444e2af0a8063ccc64623fdf8a6d767c0ef33f57c196350b6649,0f000000370000002a00000038000000,,,,,False,,,,,,,,,,False,False
/fielddata/encountdata/p_enc_data.narc,/fielddata/encountdata/p_enc_data.narc!/member_00085,0,/fielddata/encountdata/p_enc_data.narc,264,85,,37556,37980,36040,36464,424,c42fded1efe9444e2af0a8063ccc64623fdf8a6d767c0ef33f57c196350b6649,0f000000370000002a00000038000000,,,,,False,,,,,,,,,,False,False
/fielddata/encountdata/p_enc_data.narc,/fielddata/encountdata/p_enc_data.narc!/member_00086,0,/fielddata/encountdata/p_enc_data.narc,264,86,,37980,38404,36464,36888,424,c42fded1efe9444e2af0a8063ccc64623fdf8a6d767c0ef33f57c196350b6649,0f000000370000002a00000038000000,,,,,False,,,,,,,,,,False,False
/fielddata/encountdata/p_enc_data.narc,/fielddata/encountdata/p_enc_data.narc!/member_00087,0,/fielddata/encountdata/p_enc_data.narc,264,87,,38404,38828,36888,37312,424,c42fded1efe9444e2af0a8063ccc64623fdf8a6d767c0ef33f57c196350b6649,0f000000370000002a00000038000000,,,,,False,,,,,,,,,,False,False
/fielddata/encountdata/p_enc_data.narc,/fielddata/encountdata/p_enc_data.narc!/member_00088,0,/fielddata/encountdata/p_enc_data.narc,264,88,,38828,39252,37312,37736,424,c42fded1efe9444e2af0a8063ccc64623fdf8a6d767c0ef33f57c196350b6649,0f000000370000002a00000038000000,,,,,False,,,,,,,,,,False,False
/fielddata/encountdata/p_enc_data.narc,/fielddata/encountdata/p_enc_data.narc!/member_00089,0,/fielddata/encountdata/p_enc_data.narc,264,89,,39252,39676,37736,38160,424,c42fded1efe9444e2af0a8063ccc64623fdf8a6d767c0ef33f57c196350b6649,0f000000370000002a00000038000000,,,,,False,,,,,,,,,,False,False
/fielddata/encountdata/p_enc_data.narc,/fielddata/encountdata/p_enc_data.narc!/member_00090,0,/fielddata/encountdata/p_enc_data.narc,264,90,,39676,40100,38160,38584,424,c42fded1efe9444e2af0a8063ccc64623fdf8a6d767c0ef33f57c196350b6649,0f000000370000002a00000038000000,,,,,False,,,,,,,,,,False,False
/fielddata/encountdata/p_enc_data.narc,/fielddata/encountdata/p_enc_data.narc!/member_00091,0,/fielddata/encountdata/p_enc_data.narc,264,91,,40100,40524,38584,39008,424,c42fded1efe9444e2af0a8063ccc64623fdf8a6d767c0ef33f57c196350b6649,0f000000370000002a00000038000000,,,,,False,,,,,,,,,,False,False
/fielddata/encountdata/p_enc_data.narc,/fielddata/encountdata/p_enc_data.narc!/member_00092,0,/fielddata/encountdata/p_enc_data.narc,264,92,,40524,40948,39008,39432,424,c42fded1efe9444e2af0a8063ccc64623fdf8a6d767c0ef33f57c196350b6649,0f000000370000002a00000038000000,,,,,False,,,,,,,,,,False,False
/fielddata/encountdata/p_enc_data.narc,/fielddata/encountdata/p_enc_data.narc!/member_00093,0,/fielddata/encountdata/p_enc_data.narc,264,93,,40948,41372,39432,39856,424,c42fded1efe9444e2af0a8063ccc64623fdf8a6d767c0ef33f57c196350b6649,0f000000370000002a00000038000000,,,,,False,,,,,,,,,,False,False
/fielddata/encountdata/p_enc_data.narc,/fielddata/encountdata/p_enc_data.narc!/member_00094,0,/fielddata/encountdata/p_enc_data.narc,264,94,,41372,41796,39856,40280,424,c42fded1efe9444e2af0a8063ccc64623fdf8a6d767c0ef33f57c196350b6649,0f000000370000002a00000038000000,,,,,False,,,,,,,,,,False,False
/fielddata/encountdata/p_enc_data.narc,/fielddata/encountdata/p_enc_data.narc!/member_00095,0,/fielddata/encountdata/p_enc_data.narc,264,95,,41796,42220,40280,40704,424,c42fded1efe9444e2af0a8063ccc64623fdf8a6d767c0ef33f57c196350b6649,0f000000370000002a00000038000000,,,,,False,,,,,,,,,,False,False
/fielddata/encountdata/p_enc_data.narc,/fielddata/encountdata/p_enc_data.narc!/member_00096,0,/fielddata/encountdata/p_enc_data.narc,264,96,,42220,42644,40704,41128,424,c42fded1efe9444e2af0a8063ccc64623fdf8a6d767c0ef33f57c196350b6649,0f000000370000002a00000038000000,,,,,False,,,,,,,,,,False,False
/fielddata/encountdata/p_enc_data.narc,/fielddata/encountdata/p_enc_data.narc!/member_00097,0,/fielddata/encountdata/p_enc_data.narc,264,97,,42644,43068,41128,41552,424,c42fded1efe9444e2af0a8063ccc64623fdf8a6d767c0ef33f57c196350b6649,0f000000370000002a00000038000000,,,,,False,,,,,,,,,,False,False
/fielddata/encountdata/p_enc_data.narc,/fielddata/encountdata/p_enc_data.narc!/member_00098,0,/fielddata/encountdata/p_enc_data.narc,264,98,,43068,43492,41552,41976,424,c42fded1efe9444e2af0a8063ccc64623fdf8a6d767c0ef33f57c196350b6649,0f000000370000002a00000038000000,,,,,False,,,,,,,,,,False,False
/fielddata/encountdata/p_enc_data.narc,/fielddata/encountdata/p_enc_data.narc!/member_00099,0,/fielddata/encountdata/p_enc_data.narc,264,99,,43492,43916,41976,42400,424,c42fded1efe9444e2af0a8063ccc64623fdf8a6d767c0ef33f57c196350b6649,0f000000370000002a00000038000000,,,,,False,,,,,,,,,,False,False
/fielddata/encountdata/p_enc_data.narc,/fielddata/encountdata/p_enc_data.narc!/member_00100,0,/fielddata/encountdata/p_enc_data.narc,264,100,,43916,44340,42400,42824,424,c42fded1efe9444e2af0a8063ccc64623fdf8a6d767c0ef33f57c196350b6649,0f000000370000002a00000038000000,,,,,False,,,,,,,,,,False,False
/fielddata/encountdata/p_enc_data.narc,/fielddata/encountdata/p_enc_data.narc!/member_00101,0,/fielddata/encountdata/p_enc_data.narc,264,101,,44340,44764,42824,43248,424,c42fded1efe9444e2af0a8063ccc64623fdf8a6d767c0ef33f57c196350b6649,0f000000370000002a00000038000000,,,,,False,,,,,,,,,,False,False
/fielddata/encountdata/p_enc_data.narc,/fielddata/encountdata/p_enc_data.narc!/member_00102,0,/fielddata/encountdata/p_enc_data.narc,264,102,,44764,45188,43248,43672,424,c42fded1efe9444e2af0a8063ccc64623fdf8a6d767c0ef33f57c196350b6649,0f000000370000002a00000038000000,,,,,False,,,,,,,,,,False,False
/fielddata/encountdata/p_enc_data.narc,/fielddata/encountdata/p_enc_data.narc!/member_00103,0,/fielddata/encountdata/p_enc_data.narc,264,103,,45188,45612,43672,44096,424,c42fded1efe9444e2af0a8063ccc64623fdf8a6d767c0ef33f57c196350b6649,0f000000370000002a00000038000000,,,,,False,,,,,,,,,,False,False
/fielddata/encountdata/p_enc_data.narc,/fielddata/encountdata/p_enc_data.narc!/member_00104,0,/fielddata/encountdata/p_enc_data.narc,264,104,,45612,46036,44096,44520,424,c42fded1efe9444e2af0a8063ccc64623fdf8a6d767c0ef33f57c196350b6649,0f000000370000002a00000038000000,,,,,False,,,,,,,,,,False,False
/fielddata/encountdata/p_enc_data.narc,/fielddata/encountdata/p_enc_data.narc!/member_00105,0,/fielddata/encountdata/p_enc_data.narc,264,105,,46036,46460,44520,44944,424,c42fded1efe9444e2af0a8063ccc64623fdf8a6d767c0ef33f57c196350b6649,0f000000370000002a00000038000000,,,,,False,,,,,,,,,,False,False
/fielddata/encountdata/p_enc_data.narc,/fielddata/encountdata/p_enc_data.narc!/member_00106,0,/fielddata/encountdata/p_enc_data.narc,264,106,,46460,46884,44944,45368,424,41e778d50e2644e59398e543d09c63177beeec8a071e270b662a1cd9b3c38100,0f000000330000002a00000033000000,,,,,False,,,,,,,,,,False,False
/fielddata/encountdata/p_enc_data.narc,/fielddata/encountdata/p_enc_data.narc!/member_00107,0,/fielddata/encountdata/p_enc_data.narc,264,107,,46884,47308,45368,45792,424,f3a23095e2a649c46fdf2dede328206f6994d9decacb666849fb3f2c1a4205b9,0a000000350000002a00000035000000,,,,,False,,,,,,,,,,False,False
/fielddata/encountdata/p_enc_data.narc,/fielddata/encountdata/p_enc_data.narc!/member_00108,0,/fielddata/encountdata/p_enc_data.narc,264,108,,47308,47732,45792,46216,424,f3a23095e2a649c46fdf2dede328206f6994d9decacb666849fb3f2c1a4205b9,0a000000350000002a00000035000000,,,,,False,,,,,,,,,,False,False
/fielddata/encountdata/p_enc_data.narc,/fielddata/encountdata/p_enc_data.narc!/member_00109,0,/fielddata/encountdata/p_enc_data.narc,264,109,,47732,48156,46216,46640,424,f3a23095e2a649c46fdf2dede328206f6994d9decacb666849fb3f2c1a4205b9,0a000000350000002a00000035000000,,,,,False,,,,,,,,,,False,False
/fielddata/encountdata/p_enc_data.narc,/fielddata/encountdata/p_enc_data.narc!/member_00110,0,/fielddata/encountdata/p_enc_data.narc,264,110,,48156,48580,46640,47064,424,ba81cd96e91e51612753a427c59fe2dc4eb13b12ebce888fc7582f83f9adcac6,0a000000370000002a00000037000000,,,,,False,,,,,,,,,,False,False
/fielddata/encountdata/p_enc_data.narc,/fielddata/encountdata/p_enc_data.narc!/member_00111,0,/fielddata/encountdata/p_enc_data.narc,264,111,,48580,49004,47064,47488,424,ba81cd96e91e51612753a427c59fe2dc4eb13b12ebce888fc7582f83f9adcac6,0a000000370000002a00000037000000,,,,,False,,,,,,,,,,False,False
/fielddata/encountdata/p_enc_data.narc,/fielddata/encountdata/p_enc_data.narc!/member_00112,0,/fielddata/encountdata/p_enc_data.narc,264,112,,49004,49428,47488,47912,424,7ea519a0541d5fe9ca0b57defd1bf7b37b54f5d3202e7187aac5c87eefe07db9,0a0000000e000000b40100000e000000,,,,,False,,,,,,,,,,False,False
/fielddata/encountdata/p_enc_data.narc,/fielddata/encountdata/p_enc_data.narc!/member_00113,0,/fielddata/encountdata/p_enc_data.narc,264,113,,49428,49852,47912,48336,424,502a7cf50ac93f014fe614e9fd4a7ae38eee944bd530ac906ea061f6c13ab651,0a0000000f000000b40100000f000000,,,,,False,,,,,,,,,,False,False
/fielddata/encountdata/p_enc_data.narc,/fielddata/encountdata/p_enc_data.narc!/member_00114,0,/fielddata/encountdata/p_enc_data.narc,264,114,,49852,50276,48336,48760,424,04d77a233e7e1527fea57ad4db08b547ee0bbf71ec15015c17f4939525a23798,0a000000160000004a00000016000000,,,,,False,,,,,,,,,,False,False
/fielddata/encountdata/p_enc_data.narc,/fielddata/encountdata/p_enc_data.narc!/member_00115,0,/fielddata/encountdata/p_enc_data.narc,264,115,,50276,50700,48760,49184,424,0e72fbb1f8e4491319e40fe77e2fb86f714c8e84d95b66f5a4b74be6d197bbe2,0a000000170000004a00000017000000,,,,,False,,,,,,,,,,False,False
/fielddata/encountdata/p_enc_data.narc,/fielddata/encountdata/p_enc_data.narc!/member_00116,0,/fielddata/encountdata/p_enc_data.narc,264,116,,50700,51124,49184,49608,424,698f7f94e73e478e10d920c807b488ff82779f484cdde032c62cc339bc191998,0a000000180000004a00000018000000,,,,,False,,,,,,,,,,False,False
/fielddata/encountdata/p_enc_data.narc,/fielddata/encountdata/p_enc_data.narc!/member_00117,0,/fielddata/encountdata/p_enc_data.narc,264,117,,51124,51548,49608,50032,424,1b7eae44f9fbb7e6c0e0c0c5fdab3efb0ccf8b2aee1c4d2469681b68cd0023ee,1e000000110000008d01000010000000,,,,,False,,,,,,,,,,False,False
/fielddata/encountdata/p_enc_data.narc,/fielddata/encountdata/p_enc_data.narc!/member_00118,0,/fielddata/encountdata/p_enc_data.narc,264,118,,51548,51972,50032,50456,424,9fc5c12d7567a3e650199acb1d5ba5b3e7065ac55efb08be50654bf11e672df8,00000000000000000000000000000000,,,,,False,,,,,,,,,,False,False
/fielddata/encountdata/p_enc_data.narc,/fielddata/encountdata/p_enc_data.narc!/member_00119,0,/fielddata/encountdata/p_enc_data.narc,264,119,,51972,52396,50456,50880,424,92e9185a297f564fdbc494987e200f203de8ba95d800b3d04905ca20d1d83aca,0a0000001e0000004a0000001f000000,,,,,False,,,,,,,,,,False,False
/fielddata/encountdata/p_enc_data.narc,/fielddata/encountdata/p_enc_data.narc!/member_00120,0,/fielddata/encountdata/p_enc_data.narc,264,120,,52396,52820,50880,51304,424,2b5a5ec5334f468d9aa7e4984466a4deae281ba00b28c11f7ce1e3593d37a764,0a0000001e0000004b0000001f000000,,,,,False,,,,,,,,,,False,False
/fielddata/encountdata/p_enc_data.narc,/fielddata/encountdata/p_enc_data.narc!/member_00121,0,/fielddata/encountdata/p_enc_data.narc,264,121,,52820,53244,51304,51728,424,2b5a5ec5334f468d9aa7e4984466a4deae281ba00b28c11f7ce1e3593d37a764,0a0000001e0000004b0000001f000000,,,,,False,,,,,,,,,,False,False
/fielddata/encountdata/p_enc_data.narc,/fielddata/encountdata/p_enc_data.narc!/member_00122,0,/fielddata/encountdata/p_enc_data.narc,264,122,,53244,53668,51728,52152,424,5c1ccf5e5c5705dbbc80172a32d713d89864641b428874fd7b48a460682a67b6,0a0000001e0000004b0000001f000000,,,,,False,,,,,,,,,,False,False
/fielddata/encountdata/p_enc_data.narc,/fielddata/encountdata/p_enc_data.narc!/member_00123,0,/fielddata/encountdata/p_enc_data.narc,264,123,,53668,54092,52152,52576,424,00440e8b268584eb3cfe423ae8bd72266527d426bcc62e1f8061de3446336d3f,0a0000001f0000004b00000020000000,,,,,False,,,,,,,,,,False,False
/fielddata/encountdata/p_enc_data.narc,/fielddata/encountdata/p_enc_data.narc!/member_00124,0,/fielddata/encountdata/p_enc_data.narc,264,124,,54092,54516,52576,53000,424,00440e8b268584eb3cfe423ae8bd72266527d426bcc62e1f8061de3446336d3f,0a0000001f0000004b00000020000000,,,,,False,,,,,,,,,,False,False
/fielddata/encountdata/p_enc_data.narc,/fielddata/encountdata/p_enc_data.narc!/member_00125,0,/fielddata/encountdata/p_enc_data.narc,264,125,,54516,54940,53000,53424,424,9bbecb134d520b791b13c76cb7767664c57f7a51835915dc97882607431d66c9,0a0000000c0000005c0000000c000000,,,,,False,,,,,,,,,,False,False
/fielddata/encountdata/p_enc_data.narc,/fielddata/encountdata/p_enc_data.narc!/member_00126,0,/fielddata/encountdata/p_enc_data.narc,264,126,,54940,55364,53424,53848,424,9bbecb134d520b791b13c76cb7767664c57f7a51835915dc97882607431d66c9,0a0000000c0000005c0000000c000000,,,,,False,,,,,,,,,,False,False
/fielddata/encountdata/p_enc_data.narc,/fielddata/encountdata/p_enc_data.narc!/member_00127,0,/fielddata/encountdata/p_enc_data.narc,264,127,,55364,55788,53848,54272,424,9bbecb134d520b791b13c76cb7767664c57f7a51835915dc97882607431d66c9,0a0000000c0000005c0000000c000000,,,,,False,,,,,,,,,,False,False
/fielddata/encountdata/p_enc_data.narc,/fielddata/encountdata/p_enc_data.narc!/member_00128,0,/fielddata/encountdata/p_enc_data.narc,264,128,,55788,56212,54272,54696,424,9bbecb134d520b791b13c76cb7767664c57f7a51835915dc97882607431d66c9,0a0000000c0000005c0000000c000000,,,,,False,,,,,,,,,,False,False
/fielddata/encountdata/p_enc_data.narc,/fielddata/encountdata/p_enc_data.narc!/member_00129,0,/fielddata/encountdata/p_enc_data.narc,264,129,,56212,56636,54696,55120,424,9bbecb134d520b791b13c76cb7767664c57f7a51835915dc97882607431d66c9,0a0000000c0000005c0000000c000000,,,,,False,,,,,,,,,,False,False
/fielddata/encountdata/p_enc_data.narc,/fielddata/encountdata/p_enc_data.narc!/member_00130,0,/fielddata/encountdata/p_enc_data.narc,264,130,,56636,57060,55120,55544,424,9bbecb134d520b791b13c76cb7767664c57f7a51835915dc97882607431d66c9,0a0000000c0000005c0000000c000000,,,,,False,,,,,,,,,,False,False
/fielddata/encountdata/p_enc_data.narc,/fielddata/encountdata/p_enc_data.narc!/member_00131,0,/fielddata/encountdata/p_enc_data.narc,264,131,,57060,57484,55544,55968,424,9bbecb134d520b791b13c76cb7767664c57f7a51835915dc97882607431d66c9,0a0000000c0000005c0000000c000000,,,,,False,,,,,,,,,,False,False
/fielddata/encountdata/p_enc_data.narc,/fielddata/encountdata/p_enc_data.narc!/member_00132,0,/fielddata/encountdata/p_enc_data.narc,264,132,,57484,57908,55968,56392,424,7338a023cd51b96db4c863ec931cf790bc4df510961d836de40ba1efe3ab6f9d,0f0000000c0000005c0000000c000000,,,,,False,,,,,,,,,,False,False
/fielddata/encountdata/p_enc_data.narc,/fielddata/encountdata/p_enc_data.narc!/member_00133,0,/fielddata/encountdata/p_enc_data.narc,264,133,,57908,58332,56392,56816,424,9bbecb134d520b791b13c76cb7767664c57f7a51835915dc97882607431d66c9,0a0000000c0000005c0000000c000000,,,,,False,,,,,,,,,,False,False
/fielddata/encountdata/p_enc_data.narc,/fielddata/encountdata/p_enc_data.narc!/member_00134,0,/fielddata/encountdata/p_enc_data.narc,264,134,,58332,58756,56816,57240,424,0bdf944bec2bf41d4a2c48d7d6a21763d36d0bb4b75195d5b1ae891253bdf1fb,1e000000020000008c01000002000000,,,,,False,,,,,,,,,,False,False
/fielddata/encountdata/p_enc_data.narc,/fielddata/encountdata/p_enc_data.narc!/member_00135,0,/fielddata/encountdata/p_enc_data.narc,264,135,,58756,59180,57240,57664,424,0bdf944bec2bf41d4a2c48d7d6a21763d36d0bb4b75195d5b1ae891253bdf1fb,1e000000020000008c01000002000000,,,,,False,,,,,,,,,,False,False
/fielddata/encountdata/p_enc_data.narc,/fielddata/encountdata/p_enc_data.narc!/member_00136,0,/fielddata/encountdata/p_enc_data.narc,264,136,,59180,59604,57664,58088,424,fdab3af8992334db1419f780d1b4c54ad0dc093298dcc6de28105c97cb401a2c,1e000000220000009001000024000000,,,,,False,,,,,,,,,,False,False
/fielddata/encountdata/p_enc_data.narc,/fielddata/encountdata/p_enc_data.narc!/member_00137,0,/fielddata/encountdata/p_enc_data.narc,264,137,,59604,60028,58088,58512,424,3638836a376655eb925f3816c7543495a69f7637f17d61be1b2a991583b54c66,1e000000230000009001000023000000,,,,,False,,,,,,,,,,False,False
/fielddata/encountdata/p_enc_data.narc,/fielddata/encountdata/p_enc_data.narc!/member_00138,0,/fielddata/encountdata/p_enc_data.narc,264,138,,60028,60452,58512,58936,424,0e631b7f1647b047a1ebd16019a576e0b99aecc5e30b1e07cdd47d360dcb33f9,1e00000015000000cb00000014000000,,,,,False,,,,,,,,,,False,False
/fielddata/encountdata/p_enc_data.narc,/fielddata/encountdata/p_enc_data.narc!/member_00139,0,/fielddata/encountdata/p_enc_data.narc,264,139,,60452,60876,58936,59360,424,060b777d2d3c6de2c6764bfacf5e872dd4d9bdf7e9dbfc1b1a73f4a83c95b109,1e00000022000000cb01000022000000,,,,,False,,,,,,,,,,False,False
/fielddata/encountdata/p_enc_data.narc,/fielddata/encountdata/p_enc_data.narc!/member_00140,0,/fielddata/encountdata/p_enc_data.narc,264,140,,60876,61300,59360,59784,424,4f1cb25026e53decb5f5403d18b19a0ffc35d236746fce29682056600f41fd04,1e000000020000008c01000002000000,,,,,False,,,,,,,,,,False,False
/fielddata/encountdata/p_enc_data.narc,/fielddata/encountdata/p_enc_data.narc!/member_00141,0,/fielddata/encountdata/p_enc_data.narc,264,141,,61300,61724,59784,60208,424,74b5ebadeb7d88c527ae9bac7f3c30d45866cdbc6751d0293c2eef1baf3191f1,1e000000030000009301000003000000,,,,,False,,,,,,,,,,False,False
/fielddata/encountdata/p_enc_data.narc,/fielddata/encountdata/p_enc_data.narc!/member_00142,0,/fielddata/encountdata/p_enc_data.narc,264,142,,61724,62148,60208,60632,424,ad020da57e622f67010feb00304aa99417d9226a16874bcb6db9239f648c6394,1e000000040000008c01000004000000,,,,,False,,,,,,,,,,False,False
/fielddata/encountdata/p_enc_data.narc,/fielddata/encountdata/p_enc_data.narc!/member_00143,0,/fielddata/encountdata/p_enc_data.narc,264,143,,62148,62572,60632,61056,424,bae14d3e9fce51bcf1f634a1eb995342d7c45165c85f79cbc30a814af512edf3,1e000000040000008c01000004000000,,,,,False,,,,,,,,,,False,False
/fielddata/encountdata/p_enc_data.narc,/fielddata/encountdata/p_enc_data.narc!/member_00144,0,/fielddata/encountdata/p_enc_data.narc,264,144,,62572,62996,61056,61480,424,116fb06408d8a93ba5d2414567fdab1cff72580e232cc8e81d994f75fe303bf4,1e000000060000008c01000006000000,,,,,False,,,,,,,,,,False,False
/fielddata/encountdata/p_enc_data.narc,/fielddata/encountdata/p_enc_data.narc!/member_00145,0,/fielddata/encountdata/p_enc_data.narc,264,145,,62996,63420,61480,61904,424,54c9a8760dbd1c06ffe803ac3840407d4cfbe5fe21b7646d4132423432ef14c8,1e00000008000000a201000008000000,,,,,False,,,,,,,,,,False,False
/fielddata/encountdata/p_enc_data.narc,/fielddata/encountdata/p_enc_data.narc!/member_00146,0,/fielddata/encountdata/p_enc_data.narc,264,146,,63420,63844,61904,62328,424,87eedaf63bdbfb986a1dae50744f5e105b57190c604c9371c319c57e77990605,1e0000000a000000a20100000a000000,,,,,False,,,,,,,,,,False,False
/fielddata/encountdata/p_enc_data.narc,/fielddata/encountdata/p_enc_data.narc!/member_00147,0,/fielddata/encountdata/p_enc_data.narc,264,147,,63844,64268,62328,62752,424,5afae993cac3a3e4eecbdb5cb4b17a65a2e4e4c0b6a4d40a79db3d1b8d2b4aab,1e0000000e0000004d0000000e000000,,,,,False,,,,,,,,,,False,False
/fielddata/encountdata/p_enc_data.narc,/fielddata/encountdata/p_enc_data.narc!/member_00148,0,/fielddata/encountdata/p_enc_data.narc,264,148,,64268,64692,62752,63176,424,ccac29e813e8b84fd3585d1db13e381fa7f0b4f9d992644094ae51e2267c9c6d,1e000000050000004200000005000000,,,,,False,,,,,,,,,,False,False
/fielddata/encountdata/p_enc_data.narc,/fielddata/encountdata/p_enc_data.narc!/member_00149,0,/fielddata/encountdata/p_enc_data.narc,264,149,,64692,65116,63176,63600,424,ee7474c80e5c2171af928e45e377e0c98ab722b7de03e9e79f011c18094b5f4e,1e000000100000003600000010000000,,,,,False,,,,,,,,,,False,False
/fielddata/encountdata/p_enc_data.narc,/fielddata/encountdata/p_enc_data.narc!/member_00150,0,/fielddata/encountdata/p_enc_data.narc,264,150,,65116,65540,63600,64024,424,455bffd2bb10ce7580f34c164942526b1d4020b9c49fe95649ba5033f7279793,1e000000100000008c01000010000000,,,,,False,,,,,,,,,,False,False
/fielddata/encountdata/p_enc_data.narc,/fielddata/encountdata/p_enc_data.narc!/member_00151,0,/fielddata/encountdata/p_enc_data.narc,264,151,,65540,65964,64024,64448,424,d701e25cc36e8e0c0e7884c57c0ead173b99401dbeb6a1d39b68de90160e9340,0a000000100000005c00000010000000,,,,,False,,,,,,,,,,False,False
/fielddata/encountdata/p_enc_data.narc,/fielddata/encountdata/p_enc_data.narc!/member_00152,0,/fielddata/encountdata/p_enc_data.narc,264,152,,65964,66388,64448,64872,424,7adb54461783f7c8b10465c756015ca1d5e50b1caca69a76a439fd3a50087b83,0a000000110000005c00000011000000,,,,,False,,,,,,,,,,False,False
/fielddata/encountdata/p_enc_data.narc,/fielddata/encountdata/p_enc_data.narc!/member_00153,0,/fielddata/encountdata/p_enc_data.narc,264,153,,66388,66812,64872,65296,424,ac038294c2ad2e3fef252ad1c7076cbc5aae7adac26fcf161fa31fbe25203385,0a000000120000005c00000012000000,,,,,False,,,,,,,,,,False,False
/fielddata/encountdata/p_enc_data.narc,/fielddata/encountdata/p_enc_data.narc!/member_00154,0,/fielddata/encountdata/p_enc_data.narc,264,154,,66812,67236,65296,65720,424,d2ad7a563545239b1f96380fd0bd1f178275f9325656ec34f85b806c45faf81b,0a000000130000005c00000013000000,,,,,False,,,,,,,,,,False,False
/fielddata/encountdata/p_enc_data.narc,/fielddata/encountdata/p_enc_data.narc!/member_00155,0,/fielddata/encountdata/p_enc_data.narc,264,155,,67236,67660,65720,66144,424,fc31ccff4a2547904f4c0cfecbc409daec6d317facfc9d3d0f9e261b417299c9,0a000000140000005c00000014000000,,,,,False,,,,,,,,,,False,False
/fielddata/encountdata/p_enc_data.narc,/fielddata/encountdata/p_enc_data.narc!/member_00156,0,/fielddata/encountdata/p_enc_data.narc,264,156,,67660,68084,66144,66568,424,e3e4691a2d4ae29369e2278334552251c5f21503aaa88012292da96024b38f1b,1e000000130000004d00000013000000,,,,,False,,,,,,,,,,False,False
/fielddata/encountdata/p_enc_data.narc,/fielddata/encountdata/p_enc_data.narc!/member_00157,0,/fielddata/encountdata/p_enc_data.narc,264,157,,68084,68508,66568,66992,424,787b657e530207de0a3a42d8338f28e76bb8e15a655eb2de7d02f8994960646c,1e000000190000003600000018000000,,,,,False,,,,,,,,,,False,False
/fielddata/encountdata/p_enc_data.narc,/fielddata/encountdata/p_enc_data.narc!/member_00158,0,/fielddata/encountdata/p_enc_data.narc,264,158,,68508,68932,66992,67416,424,39f0e2f977214f50b94704d750060ad663d5ffb2b8f62a2ad982740ab42d2e52,1e0000000d000000330100000d000000,,,,,False,,,,,,,,,,False,False
/fielddata/encountdata/p_enc_data.narc,/fielddata/encountdata/p_enc_data.narc!/member_00159,0,/fielddata/encountdata/p_enc_data.narc,264,159,,68932,69356,67416,67840,424,1ba3df6ac5416674da2940ed0bfb11bec94edaf56d66958fb706821801626ec9,1e0000001b000000330100001b000000,,,,,False,,,,,,,,,,False,False
/fielddata/encountdata/p_enc_data.narc,/fielddata/encountdata/p_enc_data.narc!/member_00160,0,/fielddata/encountdata/p_enc_data.narc,264,160,,69356,69780,67840,68264,424,279ba6a043a97bfc18ffb66008f817822931da5713b2b308412892916bff5ee2,1e000000100000008c01000010000000,,,,,False,,,,,,,,,,False,False
/fielddata/encountdata/p_enc_data.narc,/fielddata/encountdata/p_enc_data.narc!/member_00161,0,/fielddata/encountdata/p_enc_data.narc,264,161,,69780,70204,68264,68688,424,dbbab2148c01d646c7c9c5a0dcc1364561e8c966e85ef32e1e403db02d4e6a09,1e00000012000000c200000012000000,,,,,False,,,,,,,,,,False,False
/fielddata/encountdata/p_enc_data.narc,/fielddata/encountdata/p_enc_data.narc!/member_00162,0,/fielddata/encountdata/p_enc_data.narc,264,162,,70204,70628,68688,69112,424,e0d5900c17f5b6f51c8a48650e0e081bbcbeb371d6f13253b5dd799084943d31,1e00000014000000a201000014000000,,,,,False,,,,,,,,,,False,False
/fielddata/encountdata/p_enc_data.narc,/fielddata/encountdata/p_enc_data.narc!/member_00163,0,/fielddata/encountdata/p_enc_data.narc,264,163,,70628,71052,69112,69536,424,ad8fb3e51b6315f3fe381d3a5197796b2a39cf0b90f4b1534666a929a3644864,1e000000170000004d00000016000000,,,,,False,,,,,,,,,,False,False
/fielddata/encountdata/p_enc_data.narc,/fielddata/encountdata/p_enc_data.narc!/member_00164,0,/fielddata/encountdata/p_enc_data.narc,264,164,,71052,71476,69536,69960,424,383433c21615df02a12dd7bc3b7158e1f2ba00d247d6268982af2ad80f9a9201,1e000000150000004d00000014000000,,,,,False,,,,,,,,,,False,False
/fielddata/encountdata/p_enc_data.narc,/fielddata/encountdata/p_enc_data.narc!/member_00165,0,/fielddata/encountdata/p_enc_data.narc,264,165,,71476,71900,69960,70384,424,83b70b520cc0a6c33227df5eea89571daf7906d75cadd797a1f21dc1da17246d,1e00000020000000cb01000020000000,,,,,False,,,,,,,,,,False,False
/fielddata/encountdata/p_enc_data.narc,/fielddata/encountdata/p_enc_data.narc!/member_00166,0,/fielddata/encountdata/p_enc_data.narc,264,166,,71900,72324,70384,70808,424,b2e7bcc7ebbd2f0af48caf17840d948b48bc089f348d385b3eb1b88e885804b7,1e00000022000000cb01000022000000,,,,,False,,,,,,,,,,False,False
/fielddata/encountdata/p_enc_data.narc,/fielddata/encountdata/p_enc_data.narc!/member_00167,0,/fielddata/encountdata/p_enc_data.narc,264,167,,72324,72748,70808,71232,424,fc44aacd74d6e6094884a6cd84006815ba7e34d94aa71e5f6e044fb32fb95035,1e0000001c000000a30100001c000000,,,,,False,,,,,,,,,,False,False
/fielddata/encountdata/p_enc_data.narc,/fielddata/encountdata/p_enc_data.narc!/member_00168,0,/fielddata/encountdata/p_enc_data.narc,264,168,,72748,73172,71232,71656,424,08d318199ae8062466117f82217615db231ca3f263d18f4c97fe0d0d070d7e1b,00000000000000000000000000000000,,,,,False,,,,,,,,,,False,False
/fielddata/encountdata/p_enc_data.narc,/fielddata/encountdata/p_enc_data.narc!/member_00169,0,/fielddata/encountdata/p_enc_data.narc,264,169,,73172,73596,71656,72080,424,bc84e5f993f1e72d7b85c9b1e0e27c41d59eb20b26538a18c44261cf7976d0f5,1e0000001c000000a30100001c000000,,,,,False,,,,,,,,,,False,False
/fielddata/encountdata/p_enc_data.narc,/fielddata/encountdata/p_enc_data.narc!/member_00170,0,/fielddata/encountdata/p_enc_data.narc,264,170,,73596,74020,72080,72504,424,1308adeee97e732b13c643cd0aa71d69d2f4a802344ceeff46a34d9ca2005b59,1e00000028000000a301000028000000,,,,,False,,,,,,,,,,False,False
/fielddata/encountdata/p_enc_data.narc,/fielddata/encountdata/p_enc_data.narc!/member_00171,0,/fielddata/encountdata/p_enc_data.narc,264,171,,74020,74444,72504,72928,424,4c4f15f5268640acf868023a2f9996dfd45a358ef24fed54f47d9dbdf830ab15,1e00000035000000a301000035000000,,,,,False,,,,,,,,,,False,False
/fielddata/encountdata/p_enc_data.narc,/fielddata/encountdata/p_enc_data.narc!/member_00172,0,/fielddata/encountdata/p_enc_data.narc,264,172,,74444,74868,72928,73352,424,89fe8e386e51eab23e741eb888b8f03341d47d2fadc0dfb8d840b9b34751c7b0,1e000000330000001600000032000000,,,,,False,,,,,,,,,,False,False
/fielddata/encountdata/p_enc_data.narc,/fielddata/encountdata/p_enc_data.narc!/member_00173,0,/fielddata/encountdata/p_enc_data.narc,264,173,,74868,75292,73352,73776,424,bef12d28321f1401325f22f07238874b64739663e9bd567ef1e4ba30768e9d5f,1e000000370000004301000037000000,,,,,False,,,,,,,,,,False,False
/fielddata/encountdata/p_enc_data.narc,/fielddata/encountdata/p_enc_data.narc!/member_00174,0,/fielddata/encountdata/p_enc_data.narc,264,174,,75292,75716,73776,74200,424,47849b7cadc4ce8ad85ffe3ddc846db44cb99ba9f547e9265b3efdec55a93e19,1e000000350000003300000035000000,,,,,False,,,,,,,,,,False,False
/fielddata/encountdata/p_enc_data.narc,/fielddata/encountdata/p_enc_data.narc!/member_00175,0,/fielddata/encountdata/p_enc_data.narc,264,175,,75716,76140,74200,74624,424,625570d64663329545e29815ab1ae781f5fee35063a18347ddb7cdb3142173b5,1e000000330000004600000033000000,,,,,False,,,,,,,,,,False,False
/fielddata/encountdata/p_enc_data.narc,/fielddata/encountdata/p_enc_data.narc!/member_00176,0,/fielddata/encountdata/p_enc_data.narc,264,176,,76140,76564,74624,75048,424,e45e1851ab483f898eee637305691a3611a71075119fc3298ecce97c24d7dd1f,00000000000000000000000000000000,,,,,False,,,,,,,,,,False,False
/fielddata/encountdata/p_enc_data.narc,/fielddata/encountdata/p_enc_data.narc!/member_00177,0,/fielddata/encountdata/p_enc_data.narc,264,177,,76564,76988,75048,75472,424,fd781b4c681f37b5db8f91786ed9940edae732facc774712555736e458c0ad70,00000000000000000000000000000000,,,,,False,,,,,,,,,,False,False
/fielddata/encountdata/p_enc_data.narc,/fielddata/encountdata/p_enc_data.narc!/member_00178,0,/fielddata/encountdata/p_enc_data.narc,264,178,,76988,77412,75472,75896,424,560abef883be1937f2c2d5c791c5fc90bb2de74eb0d533e0d9f711992c79345d,00000000000000000000000000000000,,,,,False,,,,,,,,,,False,False
/fielddata/encountdata/p_enc_data.narc,/fielddata/encountdata/p_enc_data.narc!/member_00179,0,/fielddata/encountdata/p_enc_data.narc,264,179,,77412,77836,75896,76320,424,24a804955aae687b6858c7b395fc785920be570c6e14aebaa5a6014d0a1ecf75,00000000000000000000000000000000,,,,,False,,,,,,,,,,False,False
/fielddata/encountdata/p_enc_data.narc,/fielddata/encountdata/p_enc_data.narc!/member_00180,0,/fielddata/encountdata/p_enc_data.narc,264,180,,77836,78260,76320,76744,424,e22daed3c25dd843cb7a256e5c53825405d8055851f7bab9175651baf78e5a05,00000000000000000000000000000000,,,,,False,,,,,,,,,,False,False
/fielddata/encountdata/p_enc_data.narc,/fielddata/encountdata/p_enc_data.narc!/member_00181,0,/fielddata/encountdata/p_enc_data.narc,264,181,,78260,78684,76744,77168,424,a619a5a2f510cb97b4d697765a590977c10494db88c7a58bc4bd8d1171344e46,1e000000340000001600000034000000,,,,,False,,,,,,,,,,False,False
/fielddata/encountdata/p_enc_data.narc,/fielddata/encountdata/p_enc_data.narc!/member_00182,0,/fielddata/encountdata/p_enc_data.narc,264,182,,78684,79108,77168,77592,424,4e6a7223b2faf69dc8a5bddcfab6debbc56097734164cc07614534605c4ed768,1e000000320000004600000032000000,,,,,False,,,,,,,,,,False,False
/fielddata/eventdata/zone_event_release.narc,/fielddata/eventdata/zone_event_release.narc!/member_00000,0,/fielddata/eventdata/zone_event_release.narc,265,0,,4148,4164,0,16,16,374708fff7719dd5979ec875d56cd2286f6d3cf7ec317a3b25632aab28ec37bb,00000000000000000000000000000000,,,,,False,,,,,,,,,,False,False
/fielddata/eventdata/zone_event_release.narc,/fielddata/eventdata/zone_event_release.narc!/member_00001,0,/fielddata/eventdata/zone_event_release.narc,265,1,,4164,4852,16,704,688,b5d83f27e6e98c2ed4375da82365a8fe16336cc2555ba978239aab5074689fe0,00000000150000000000140000000000,,,,,False,,,,,,,,,,False,False
/fielddata/eventdata/zone_event_release.narc,/fielddata/eventdata/zone_event_release.narc!/member_00002,0,/fielddata/eventdata/zone_event_release.narc,265,2,,4852,6160,704,2012,1308,f1b4f207f0b537a5ebf0b6b7144d56d2635b97d5c318a3489245f45547988a43,01000000e11f0200a80000001b030000,,,,,False,,,,,,,,,,False,False
/fielddata/eventdata/zone_event_release.narc,/fielddata/eventdata/zone_event_release.narc!/member_00003,0,/fielddata/eventdata/zone_event_release.narc,265,3,,6160,6348,2012,2200,188,865e8ea2e5a38654e28a08fa3b5f20fa86cc038cf49d4e6fdae1ee02c17864f1,000000000500000000000a0005000000,,,,,False,,,,,,,,,,False,False
/fielddata/eventdata/zone_event_release.narc,/fielddata/eventdata/zone_event_release.narc!/member_00004,0,/fielddata/eventdata/zone_event_release.narc,265,4,,6348,6376,2200,2228,28,a78631d143318598a20392be4066fd9615052d08684c325cb0fae97de6b69770,00000000000000000100000004000e00,,,,,False,,,,,,,,,,False,False
/fielddata/eventdata/zone_event_release.narc,/fielddata/eventdata/zone_event_release.narc!/member_00005,0,/fielddata/eventdata/zone_event_release.narc,265,5,,6376,6588,2228,2440,212,bf92b073835cd4bccc89ba9a279ae747820b82a2b1aa503de6e1c10d8dcbc9c6,000000000500000000000e0004000000,,,,,False,,,,,,,,,,False,False
/fielddata/eventdata/zone_event_release.narc,/fielddata/eventdata/zone_event_release.narc!/member_00006,0,/fielddata/eventdata/zone_event_release.narc,265,6,,6588,6724,2440,2576,136,40fc7c5d61046595174a79d798c13f5753f9771c53254b15ed417c3c395fa5fb,000000000300000000001b0000000000,,,,,False,,,,,,,,,,False,False
/fielddata/eventdata/zone_event_release.narc,/fielddata/eventdata/zone_event_release.narc!/member_00007,0,/fielddata/eventdata/zone_event_release.narc,265,7,,6724,6904,2576,2756,180,8f7d393bb4e08bc51dba512f3233f5081aa4532dcd173d70ac843e7833742fc8,000000000400000000001d0000000000,,,,,False,,,,,,,,,,False,False
/fielddata/eventdata/zone_event_release.narc,/fielddata/eventdata/zone_event_release.narc!/member_00008,0,/fielddata/eventdata/zone_event_release.narc,265,8,,6904,7072,2756,2924,168,4b64c4c284de332debfbb741c8ae48ad074bb8dce5ae19f045307aacef76ce51,000000000400000000000f0005000000,,,,,False,,,,,,,,,,False,False
/fielddata/eventdata/zone_event_release.narc,/fielddata/eventdata/zone_event_release.narc!/member_00009,0,/fielddata/eventdata/zone_event_release.narc,265,9,,7072,7276,2924,3128,204,2fee969a7a6627508c5a5385fc18954bb9bb373a50690b3610327f0dc11abe9f,0400000004000000010000000b000000,,,,,False,,,,,,,,,,False,False
/fielddata/eventdata/zone_event_release.narc,/fielddata/eventdata/zone_event_release.narc!/member_00010,0,/fielddata/eventdata/zone_event_release.narc,265,10,,7276,7744,3128,3596,468,3d7c68682b25125cfe31807f9ddaea76caaf2c6e5498062524a700e70d3807c1,000000000d00000000000d0002000000,,,,,False,,,,,,,,,,False,False
/fielddata/eventdata/zone_event_release.narc,/fielddata/eventdata/zone_event_release.narc!/member_00011,0,/fielddata/eventdata/zone_event_release.narc,265,11,,7744,7904,3596,3756,160,b606ff83c38f4def3eb922ef588cf9356262cd3e387c3945071765b233bd1649,00000000030000000000230003000000,,,,,False,,,,,,,,,,False,False
/fielddata/eventdata/zone_event_release.narc,/fielddata/eventdata/zone_event_release.narc!/member_00012,0,/fielddata/eventdata/zone_event_release.narc,265,12,,7904,8108,3756,3960,204,cc933b99ddfe95e78a22250c25bf2c8773d511ef92412d62c91564d050090ba9,000000000400000000000d000d000000,,,,,False,,,,,,,,,,False,False
/fielddata/eventdata/zone_event_release.narc,/fielddata/eventdata/zone_event_release.narc!/member_00013,0,/fielddata/eventdata/zone_event_release.narc,265,13,,8108,8212,3960,4064,104,925aee8aca92645bcabf46a2bbc2b161264a5eda8ce2e9fb3675e0e5b839b675,00000000020000000000520000000000,,,,,False,,,,,,,,,,False,False
/fielddata/eventdata/zone_event_release.narc,/fielddata/eventdata/zone_event_release.narc!/member_00014,0,/fielddata/eventdata/zone_event_release.narc,265,14,,8212,8556,4064,4408,344,3edef7e9c5f860e94ed11f0a9002aff47201141119ca06509dd8fa162c3be1ac,0b000000020000000500000004000000,,,,,False,,,,,,,,,,False,False
/fielddata/eventdata/zone_event_release.narc,/fielddata/eventdata/zone_event_release.narc!/member_00015,0,/fielddata/eventdata/zone_event_release.narc,265,15,,8556,8772,4408,4624,216,9605ab99e3f4058e669800cdfacf386445a78a556dba2daf97a4e493baf8e4e7,03000000010000000800000005000000,,,,,False,,,,,,,,,,False,False
/fielddata/eventdata/zone_event_release.narc,/fielddata/eventdata/zone_event_release.narc!/member_00016,0,/fielddata/eventdata/zone_event_release.narc,265,16,,8772,8956,4624,4808,184,52e03c09c10f36dd0a80dd6cb978b5582ee7337116155507d90d4528fbd19bf3,03000000010000000800000005000000,,,,,False,,,,,,,,,,False,False
/fielddata/eventdata/zone_event_release.narc,/fielddata/eventdata/zone_event_release.narc!/member_00017,0,/fielddata/eventdata/zone_event_release.narc,265,17,,8956,9036,4808,4888,80,59238e0fffd3c10832baa5997f520b95b6600ca405a58c36fcaa207ec48bb2b4,01000000010000000100000005000000,,,,,False,,,,,,,,,,False,False
/fielddata/eventdata/zone_event_release.narc,/fielddata/eventdata/zone_event_release.narc!/member_00018,0,/fielddata/eventdata/zone_event_release.narc,265,18,,9036,9140,4888,4992,104,5a5724f4ea19edb940d40dce8c3a556a8895d07d87e779af034cba41e0644661,000000000200000000000b0011000000,,,,,False,,,,,,,,,,False,False
/fielddata/eventdata/zone_event_release.narc,/fielddata/eventdata/zone_event_release.narc!/member_00019,0,/fielddata/eventdata/zone_event_release.narc,265,19,,9140,9244,4992,5096,104,e413a9d39813da89974502ce087caa7d80516f20da1c8c9d72912fb9f17471a3,00000000020000000000040000000000,,,,,False,,,,,,,,,,False,False
/fielddata/eventdata/zone_event_release.narc,/fielddata/eventdata/zone_event_release.narc!/member_00020,0,/fielddata/eventdata/zone_event_release.narc,265,20,,9244,9316,5096,5168,72,635e29aa87dbc59342c8f10490dde0f2c6539a74d4afb9bef59c9307e389d4d7,000000000100000000000f0000000000,,,,,False,,,,,,,,,,False,False
/fielddata/eventdata/zone_event_release.narc,/fielddata/eventdata/zone_event_release.narc!/member_00021,0,/fielddata/eventdata/zone_event_release.narc,265,21,,9316,9344,5168,5196,28,20f94ee5117b783f6dd715797d91c6398636420f185de704fc071ce34aa654d2,00000000000000000100000008000300,,,,,False,,,,,,,,,,False,False
/fielddata/eventdata/zone_event_release.narc,/fielddata/eventdata/zone_event_release.narc!/member_00022,0,/fielddata/eventdata/zone_event_release.narc,265,22,,9344,9372,5196,5224,28,88e2c4cd1823f9fecf71b6906a72f0c84c030aec2074caca763bd125e95632de,00000000000000000100000009000b00,,,,,False,,,,,,,,,,False,False
/fielddata/eventdata/zone_event_release.narc,/fielddata/eventdata/zone_event_release.narc!/member_00023,0,/fielddata/eventdata/zone_event_release.narc,265,23,,9372,9540,5224,5392,168,bddf747e55653d401d208b814ed82f81d836972ef092df2f6486012c0ba0fc0f,00000000040000000000120010000100,,,,,False,,,,,,,,,,False,False
/fielddata/eventdata/zone_event_release.narc,/fielddata/eventdata/zone_event_release.narc!/member_00024,0,/fielddata/eventdata/zone_event_release.narc,265,24,,9540,9644,5392,5496,104,dd503bee039c791609c590d73371960ea61e4303ca95807d76a07136163cf091,00000000020000000000050003000000,,,,,False,,,,,,,,,,False,False
/fielddata/eventdata/zone_event_release.narc,/fielddata/eventdata/zone_event_release.narc!/member_00025,0,/fielddata/eventdata/zone_event_release.narc,265,25,,9644,9748,5496,5600,104,2019c1349f6ba120aed57accf2e3896fa0cdb2e73f6d59a1d1b876ce475680e3,00000000020000000000060000000000,,,,,False,,,,,,,,,,False,False
/fielddata/eventdata/zone_event_release.narc,/fielddata/eventdata/zone_event_release.narc!/member_00026,0,/fielddata/eventdata/zone_event_release.narc,265,26,,9748,9808,5600,5660,60,7c39c606c58bc6a2a822d4e07e8603ba5b18633fafa906c5369a25f8d37c0a23,000000000100000000000d0000000000,,,,,False,,,,,,,,,,False,False
/fielddata/eventdata/zone_event_release.narc,/fielddata/eventdata/zone_event_release.narc!/member_00027,0,/fielddata/eventdata/zone_event_release.narc,265,27,,9808,10100,5660,5952,292,1d1002d822a5ed95a9c735ce0a7b2b0f6c0fa2537bef45e21790beec3ded98e1,02000000e90700000500000009000000,,,,,False,,,,,,,,,,False,False
/fielddata/eventdata/zone_event_release.narc,/fielddata/eventdata/zone_event_release.narc!/member_00028,0,/fielddata/eventdata/zone_event_release.narc,265,28,,10100,10424,5952,6276,324,6a3fce260600d19b563becd6d794b0c685cb8c518225d5353a8cb07e312981d6,020000000b0000000500000002000000,,,,,False,,,,,,,,,,False,False
/fielddata/eventdata/zone_event_release.narc,/fielddata/eventdata/zone_event_release.narc!/member_00029,0,/fielddata/eventdata/zone_event_release.narc,265,29,,10424,10560,6276,6412,136,8724eb8b71ae099acffa353333ce0bfbf89d96bd6f646bb8a67b5eb882c16aa2,00000000030000000000040000000000,,,,,False,,,,,,,,,,False,False
/fielddata/eventdata/zone_event_release.narc,/fielddata/eventdata/zone_event_release.narc!/member_00030,0,/fielddata/eventdata/zone_event_release.narc,265,30,,10560,10588,6412,6440,28,44cdb84db92864cc8f39b4645cbfbfd3f90d1ec2f8417cb7f6bb5e9149c99e80,00000000000000000100000005000800,,,,,False,,,,,,,,,,False,False
/fielddata/eventdata/zone_event_release.narc,/fielddata/eventdata/zone_event_release.narc!/member_00031,0,/fielddata/eventdata/zone_event_release.narc,265,31,,10588,10616,6440,6468,28,621bf1c4b7169fdd1262b7079161215bb06cfda5942961ed1d06f5d5b95ad14c,00000000000000000100000005000800,,,,,False,,,,,,,,,,False,False
/fielddata/eventdata/zone_event_release.narc,/fielddata/eventdata/zone_event_release.narc!/member_00032,0,/fielddata/eventdata/zone_event_release.narc,265,32,,10616,11396,6468,7248,780,257c30330ee719236b79349c020896211cd840047f57b7f301afaeb64961ef03,02000000150000003b000000c8020000,,,,,False,,,,,,,,,,False,False
/fielddata/eventdata/zone_event_release.narc,/fielddata/eventdata/zone_event_release.narc!/member_00033,0,/fielddata/eventdata/zone_event_release.narc,265,33,,11396,11584,7248,7436,188,bdacb22045423cbe0073461a265ee663b23cf7692e64b6ebcad2d427bed3a3dd,000000000500000000003f0002000000,,,,,False,,,,,,,,,,False,False
/fielddata/eventdata/zone_event_release.narc,/fielddata/eventdata/zone_event_release.narc!/member_00034,0,/fielddata/eventdata/zone_event_release.narc,265,34,,11584,11940,7436,7792,356,27d4bb3a5d21d71c1298046c787ee4524fc829cfde5e6813fcc9130474e93cbf,02000000040000000e00000019000000,,,,,False,,,,,,,,,,False,False
/fielddata/eventdata/zone_event_release.narc,/fielddata/eventdata/zone_event_release.narc!/member_00035,0,/fielddata/eventdata/zone_event_release.narc,265,35,,11940,12088,7792,7940,148,32009bfa838f4d87e015efa574265302dd7236cd87db63ec77f5fb4fe50ba21d,00000000030000000000060004000000,,,,,False,,,,,,,,,,False,False
/fielddata/eventdata/zone_event_release.narc,/fielddata/eventdata/zone_event_release.narc!/member_00036,0,/fielddata/eventdata/zone_event_release.narc,265,36,,12088,12224,7940,8076,136,301461b1dd5d620bc8a2f2eddc466ac5aa82fc0d8e017424cd00f16d0518a3ad,000000000300000000001b0000000000,,,,,False,,,,,,,,,,False,False
/fielddata/eventdata/zone_event_release.narc,/fielddata/eventdata/zone_event_release.narc!/member_00037,0,/fielddata/eventdata/zone_event_release.narc,265,37,,12224,12748,8076,8600,524,f16900e46f956d20b74b598ea0c8a0e8bcf3d69688988578e0dcc158e043d3da,15000000030000000100000004000000,,,,,False,,,,,,,,,,False,False
/fielddata/eventdata/zone_event_release.narc,/fielddata/eventdata/zone_event_release.narc!/member_00038,0,/fielddata/eventdata/zone_event_release.narc,265,38,,12748,13520,8600,9372,772,0d74fa6bdb5c43daea8a019a601775a137009325284a9f6f407cae4f47b5a7e3,23000000020000000100000004000000,,,,,False,,,,,,,,,,False,False
/fielddata/eventdata/zone_event_release.narc,/fielddata/eventdata/zone_event_release.narc!/member_00039,0,/fielddata/eventdata/zone_event_release.narc,265,39,,13520,14148,9372,10000,628,e651e1df39bcf3013110b1cf675ecaaaa3d94a1e5f955c48100733ecbf8ba43d,16000000050000000900000003000000,,,,,False,,,,,,,,,,False,False
/fielddata/eventdata/zone_event_release.narc,/fielddata/eventdata/zone_event_release.narc!/member_00040,0,/fielddata/eventdata/zone_event_release.narc,265,40,,14148,14240,10000,10092,92,3f2feb5edf8c8575bdba80f7b2d6e35743c839f682a5f1965050da3c1694f1d1,00000000020000000000060003000000,,,,,False,,,,,,,,,,False,False
/fielddata/eventdata/zone_event_release.narc,/fielddata/eventdata/zone_event_release.narc!/member_00041,0,/fielddata/eventdata/zone_event_release.narc,265,41,,14240,14300,10092,10152,60,c41154550f14b458ca6ed0e2b490d814de290e259ef99ae0919a6d8d816af6bc,00000000010000000000a40000000000,,,,,False,,,,,,,,,,False,False
/fielddata/eventdata/zone_event_release.narc,/fielddata/eventdata/zone_event_release.narc!/member_00042,0,/fielddata/eventdata/zone_event_release.narc,265,42,,14300,14360,10152,10212,60,876cb7c6052d7688c303bd441274409014d311c5260db8d932915f1ec334fc39,00000000010000000000a80000000000,,,,,False,,,,,,,,,,False,False
/fielddata/eventdata/zone_event_release.narc,/fielddata/eventdata/zone_event_release.narc!/member_00043,0,/fielddata/eventdata/zone_event_release.narc,265,43,,14360,14484,10212,10336,124,55d716bd4054db7290e1baab5f60f383b4df105529758f3eb40ec63afd1151c1,00000000030000000000010005000000,,,,,False,,,,,,,,,,False,False
/fielddata/eventdata/zone_event_release.narc,/fielddata/eventdata/zone_event_release.narc!/member_00044,0,/fielddata/eventdata/zone_event_release.narc,265,44,,14484,15520,10336,11372,1036,7655b2fb6e42b46e7272b72e9fe9e5cf27a157965e9fce305365aa7965e0e34e,03000000030000000b01000028030000,,,,,False,,,,,,,,,,False,False
/fielddata/eventdata/zone_event_release.narc,/fielddata/eventdata/zone_event_release.narc!/member_00045,0,/fielddata/eventdata/zone_event_release.narc,265,45,,15520,15708,11372,11560,188,4265d5a14cbe9ec2289829c2a3013aff501b6d7f34059ad3ff510812ead082b5,00000000050000000000140004000000,,,,,False,,,,,,,,,,False,False
/fielddata/eventdata/zone_event_release.narc,/fielddata/eventdata/zone_event_release.narc!/member_00046,0,/fielddata/eventdata/zone_event_release.narc,265,46,,15708,15904,11560,11756,196,ccf716d1f17af3f3491286747e5dff98224f94041ec723e63470846318c219c3,02000000030000000300000017000000,,,,,False,,,,,,,,,,False,False
/fielddata/eventdata/zone_event_release.narc,/fielddata/eventdata/zone_event_release.narc!/member_00047,0,/fielddata/eventdata/zone_event_release.narc,265,47,,15904,16084,11756,11936,180,7fa300c862b794ad3a531362b080bde3516642cd431fb8a1776347908476ba45,00000000040000000000460011000000,,,,,False,,,,,,,,,,False,False
/fielddata/eventdata/zone_event_release.narc,/fielddata/eventdata/zone_event_release.narc!/member_00048,0,/fielddata/eventdata/zone_event_release.narc,265,48,,16084,16220,11936,12072,136,df78c90b9c80fd528fefbf84981cb2335423e276d6cae8e080de01650e1ebae9,000000000300000000001b0000000000,,,,,False,,,,,,,,,,False,False
/fielddata/eventdata/zone_event_release.narc,/fielddata/eventdata/zone_event_release.narc!/member_00049,0,/fielddata/eventdata/zone_event_release.narc,265,49,,16220,16356,12072,12208,136,fbf68f1704c8b772b62b0984e115a3c68d93716738d8f3f088b2ab04df3bf2ff,00000000030000000000090005000000,,,,,False,,,,,,,,,,False,False
/fielddata/eventdata/zone_event_release.narc,/fielddata/eventdata/zone_event_release.narc!/member_00050,0,/fielddata/eventdata/zone_event_release.narc,265,50,,16356,16524,12208,12376,168,8f51255cb0d7649ca519008a2230bdf651b8a1b035f84e8301f6f16dcedb56b5,00000000040000000000280011000000,,,,,False,,,,,,,,,,False,False
/fielddata/eventdata/zone_event_release.narc,/fielddata/eventdata/zone_event_release.narc!/member_00051,0,/fielddata/eventdata/zone_event_release.narc,265,51,,16524,16628,12376,12480,104,2433828e66a0ea9af322041ab6deacf1b409512edc58ad502f1b9a7d512f4acf,000000000200000000004a0000000000,,,,,False,,,,,,,,,,False,False
/fielddata/eventdata/zone_event_release.narc,/fielddata/eventdata/zone_event_release.narc!/member_00052,0,/fielddata/eventdata/zone_event_release.narc,265,52,,16628,16752,12480,12604,124,b1f2821d569dd453fb4200dce061631110561800b77f5905a9509695dcf2aa98,00000000030000000000010003000000,,,,,False,,,,,,,,,,False,False
/fielddata/eventdata/zone_event_release.narc,/fielddata/eventdata/zone_event_release.narc!/member_00053,0,/fielddata/eventdata/zone_event_release.narc,265,53,,16752,16856,12604,12708,104,93e69538ff09dfc6f4d9bac7aae409dba4a98c345f4cc1241d3e88746e043a75,00000000020000000000120010000000,,,,,False,,,,,,,,,,False,False
/fielddata/eventdata/zone_event_release.narc,/fielddata/eventdata/zone_event_release.narc!/member_00054,0,/fielddata/eventdata/zone_event_release.narc,265,54,,16856,16992,12708,12844,136,3fc2074b549c595e1c5d82371d38792148d559ea870ea1b9e09dcff5cf96f182,000000000300000000000a0002000000,,,,,False,,,,,,,,,,False,False
/fielddata/eventdata/zone_event_release.narc,/fielddata/eventdata/zone_event_release.narc!/member_00055,0,/fielddata/eventdata/zone_event_release.narc,265,55,,16992,17128,12844,12980,136,32d29cdc246e2e8b2880128cdf88fee9ce22c98843faefd58223809a5168610c,00000000030000000000280000000000,,,,,False,,,,,,,,,,False,False
/fielddata/eventdata/zone_event_release.narc,/fielddata/eventdata/zone_event_release.narc!/member_00056,0,/fielddata/eventdata/zone_event_release.narc,265,56,,17128,17188,12980,13040,60,4ee6d0caf492593c3f807c1755573b5b928d02b31fab00b68a40801f65d26654,00000000010000000000130000000000,,,,,False,,,,,,,,,,False,False
/fielddata/eventdata/zone_event_release.narc,/fielddata/eventdata/zone_event_release.narc!/member_00057,0,/fielddata/eventdata/zone_event_release.narc,265,57,,17188,17280,13040,13132,92,a03f264bf959184d1d9eb020d9a609c764ee3d36c74361a1be4daec0d3aa5457,00000000020000000000080003000000,,,,,False,,,,,,,,,,False,False
/fielddata/eventdata/zone_event_release.narc,/fielddata/eventdata/zone_event_release.narc!/member_00058,0,/fielddata/eventdata/zone_event_release.narc,265,58,,17280,18108,13132,13960,828,45a8a41524448a673c929f583267498566e63ec652e177a9c5977189fe051211,20000000060000000a00000003000000,,Nintendo Huffman,Probable,,True,Nintendo Huffman,Probable,False,6,,,,,,False,False
/fielddata/eventdata/zone_event_release.narc,/fielddata/eventdata/zone_event_release.narc!/member_00059,0,/fielddata/eventdata/zone_event_release.narc,265,59,,18108,18232,13960,14084,124,82749466dcf15b41013506455f7b6088de078f960dde3ac8b1450e07d19ee905,00000000030000000000040007000000,,,,,False,,,,,,,,,,False,False
/fielddata/eventdata/zone_event_release.narc,/fielddata/eventdata/zone_event_release.narc!/member_00060,0,/fielddata/eventdata/zone_event_release.narc,265,60,,18232,18368,14084,14220,136,f9eb69db796b6f1e62d824baecc7a26d3704098912ca285bd2f2183700296e0a,000000000300000000000f0004000000,,,,,False,,,,,,,,,,False,False
/fielddata/eventdata/zone_event_release.narc,/fielddata/eventdata/zone_event_release.narc!/member_00061,0,/fielddata/eventdata/zone_event_release.narc,265,61,,18368,18504,14220,14356,136,063aebd6ba19f0c64469f44c51d0623f1945257f47151f874695f1b49195cbb3,00000000030000000000040000000000,,,,,False,,,,,,,,,,False,False
/fielddata/eventdata/zone_event_release.narc,/fielddata/eventdata/zone_event_release.narc!/member_00062,0,/fielddata/eventdata/zone_event_release.narc,265,62,,18504,18596,14356,14448,92,eef4af0fdad8f5931612cb7ba1cf2167257c3c46cd003687eff04ca3d324a8b8,000000000200000000001d0003000000,,,,,False,,,,,,,,,,False,False
/fielddata/eventdata/zone_event_release.narc,/fielddata/eventdata/zone_event_release.narc!/member_00063,0,/fielddata/eventdata/zone_event_release.narc,265,63,,18596,18656,14448,14508,60,d3db55128ecd280affb1f393576848934037b40fb54f3848c07fb49f0ac2a740,00000000010000000000280009000000,,,,,False,,,,,,,,,,False,False
/fielddata/eventdata/zone_event_release.narc,/fielddata/eventdata/zone_event_release.narc!/member_00064,0,/fielddata/eventdata/zone_event_release.narc,265,64,,18656,19956,14508,15808,1300,a57724cf16e385efe7028aba7452fc7f73ad80d765d9836321c6f24dd88be5bb,05000000421f02004701000009020000,,,,,False,,,,,,,,,,False,False
/fielddata/eventdata/zone_event_release.narc,/fielddata/eventdata/zone_event_release.narc!/member_00065,0,/fielddata/eventdata/zone_event_release.narc,265,65,,19956,20144,15808,15996,188,ccdc03fc558260489011f0542028cace3881c81f2eb1c8ffd392c263f0a715b0,000000000500000000000a0003000000,,,,,False,,,,,,,,,,False,False
/fielddata/eventdata/zone_event_release.narc,/fielddata/eventdata/zone_event_release.narc!/member_00066,0,/fielddata/eventdata/zone_event_release.narc,265,66,,20144,20288,15996,16140,144,c829c8c5ec2cf52a2ddb1c3423cd940f02c1d7b76d3f4135b2101725554308e0,02000000030000000500000009000000,,,,,False,,,,,,,,,,False,False
/fielddata/eventdata/zone_event_release.narc,/fielddata/eventdata/zone_event_release.narc!/member_00067,0,/fielddata/eventdata/zone_event_release.narc,265,67,,20288,20476,16140,16328,188,f69570aa185411bb9cd79e828cb969e61ff93f79eb19ba133706a44c65d0ae6c,000000000500000000007f000f000000,,,,,False,,,,,,,,,,False,False
/fielddata/eventdata/zone_event_release.narc,/fielddata/eventdata/zone_event_release.narc!/member_00068,0,/fielddata/eventdata/zone_event_release.narc,265,68,,20476,20688,16328,16540,212,2a5356b480af379ec7dc8afa591228b3a813f4bf1bb27082aff1c8eac7b8321f,00000000050000000000030005000000,,,,,False,,,,,,,,,,False,False
/fielddata/eventdata/zone_event_release.narc,/fielddata/eventdata/zone_event_release.narc!/member_00069,0,/fielddata/eventdata/zone_event_release.narc,265,69,,20688,20856,16540,16708,168,6294b53a15fbbdd2998e235b459224ad06b609d00a4bea9fb6838e8f60676fca,000000000400000000001b0000000000,,,,,False,,,,,,,,,,False,False
/fielddata/eventdata/zone_event_release.narc,/fielddata/eventdata/zone_event_release.narc!/member_00070,0,/fielddata/eventdata/zone_event_release.narc,265,70,,20856,21060,16708,16912,204,c73e139499af27d6b0a44c4c8756690041c22cc03da5a11a6fd1595fd3e3eda7,04000000040000000a00000003000000,,,,,False,,,,,,,,,,False,False
/fielddata/eventdata/zone_event_release.narc,/fielddata/eventdata/zone_event_release.narc!/member_00071,0,/fielddata/eventdata/zone_event_release.narc,265,71,,21060,21228,16912,17080,168,aa5280903084e08ec7ec0a07880b6240b8054172263852e968fb5249853b0c45,000000000400000000007c0003000000,,,,,False,,,,,,,,,,False,False
/fielddata/eventdata/zone_event_release.narc,/fielddata/eventdata/zone_event_release.narc!/member_00072,0,/fielddata/eventdata/zone_event_release.narc,265,72,,21228,21396,17080,17248,168,09db4b264100333974be3ce2d3a48ee9e5ca9c60c8964919f30f641de1c9b0fe,000000000400000000007c000e000000,,,,,False,,,,,,,,,,False,False
/fielddata/eventdata/zone_event_release.narc,/fielddata/eventdata/zone_event_release.narc!/member_00073,0,/fielddata/eventdata/zone_event_release.narc,265,73,,21396,21532,17248,17384,136,f5a4546c322967c6ed5024d5645adb74edb486fe149172be96dcf4556803367b,000000000300000000007c0011000000,,,,,False,,,,,,,,,,False,False
/fielddata/eventdata/zone_event_release.narc,/fielddata/eventdata/zone_event_release.narc!/member_00074,0,/fielddata/eventdata/zone_event_release.narc,265,74,,21532,21688,17384,17540,156,84bf29fedf7b445e7ec2abc29370a815457938d11e8734f2d0814bd4008a2e86,000000000400000000007b0010000000,,,,,False,,,,,,,,,,False,False
/fielddata/eventdata/zone_event_release.narc,/fielddata/eventdata/zone_event_release.narc!/member_00075,0,/fielddata/eventdata/zone_event_release.narc,265,75,,21688,21824,17540,17676,136,d7df4980193062b02eca7d593a818ff597b6726aad645d0a3651eae75f388dc0,00000000030000000000010002000000,,,,,False,,,,,,,,,,False,False
/fielddata/eventdata/zone_event_release.narc,/fielddata/eventdata/zone_event_release.narc!/member_00076,0,/fielddata/eventdata/zone_event_release.narc,265,76,,21824,21928,17676,17780,104,ef024e4ec56349b89e9922eabc304af24b38d7c535471762bf1eebc6ac6353bd,00000000020000000000120000000000,,,,,False,,,,,,,,,,False,False
/fielddata/eventdata/zone_event_release.narc,/fielddata/eventdata/zone_event_release.narc!/member_00077,0,/fielddata/eventdata/zone_event_release.narc,265,77,,21928,22096,17780,17948,168,b4de8e67feef2e799c3bc731c9f9f834d93ee8ae0a0ff10e0269794e42869360,000000000400000000000f0000000000,,,,,False,,,,,,,,,,False,False
/fielddata/eventdata/zone_event_release.narc,/fielddata/eventdata/zone_event_release.narc!/member_00078,0,/fielddata/eventdata/zone_event_release.narc,265,78,,22096,22156,17948,18008,60,a6b5dc9425e6e281c3633b27ea815e61a807d5339431a0bdb74df8660052ff32,00000000010000000000120000000000,,,,,False,,,,,,,,,,False,False
/fielddata/eventdata/zone_event_release.narc,/fielddata/eventdata/zone_event_release.narc!/member_00079,0,/fielddata/eventdata/zone_event_release.narc,265,79,,22156,22308,18008,18160,152,1966b5daa0d87f2a5f628a181dec4e238bf6d99a2c9da24dfda3fecdf6b655c8,00000000030000000000180010000000,,,,,False,,,,,,,,,,False,False
/fielddata/eventdata/zone_event_release.narc,/fielddata/eventdata/zone_event_release.narc!/member_00080,0,/fielddata/eventdata/zone_event_release.narc,265,80,,22308,22432,18160,18284,124,30de5719984a86107ae9d4a8ade85bbab9fe241fe4e5540a937f5cfac35e1f33,00000000030000000000120011000000,,,,,False,,,,,,,,,,False,False
/fielddata/eventdata/zone_event_release.narc,/fielddata/eventdata/zone_event_release.narc!/member_00081,0,/fielddata/eventdata/zone_event_release.narc,265,81,,22432,22492,18284,18344,60,f5e4aa4333249d0489676f0851005fe90ca85528171dfe92f967133bb234658d,00000000010000000000a6000f000000,,,,,False,,,,,,,,,,False,False
/fielddata/eventdata/zone_event_release.narc,/fielddata/eventdata/zone_event_release.narc!/member_00082,0,/fielddata/eventdata/zone_event_release.narc,265,82,,22492,22584,18344,18436,92,b85fc1781f85f8d06fdc19d2a70b3187ad42a7b584ec1a96f88a504b7a4cb9d2,00000000020000000000110011000000,,,,,False,,,,,,,,,,False,False
/fielddata/eventdata/zone_event_release.narc,/fielddata/eventdata/zone_event_release.narc!/member_00083,0,/fielddata/eventdata/zone_event_release.narc,265,83,,22584,22748,18436,18600,164,891ff673e7a3098f74c2ad6b75af0bfd6c896e36263f71320e2c81c0ecd9d4c4,02000000040000000400000002000000,,,,,False,,,,,,,,,,False,False
/fielddata/eventdata/zone_event_release.narc,/fielddata/eventdata/zone_event_release.narc!/member_00084,0,/fielddata/eventdata/zone_event_release.narc,265,84,,22748,22764,18600,18616,16,374708fff7719dd5979ec875d56cd2286f6d3cf7ec317a3b25632aab28ec37bb,00000000000000000000000000000000,,,,,False,,,,,,,,,,False,False
/fielddata/eventdata/zone_event_release.narc,/fielddata/eventdata/zone_event_release.narc!/member_00085,0,/fielddata/eventdata/zone_event_release.narc,265,85,,22764,24240,18616,20092,1476,7872cde70fed7d2fd82893e9ef6121bea39b01465c75c62282a68be3fc3b8816,01000000501f0200d6010000a9020000,,,,,False,,,,,,,,,,False,False
/fielddata/eventdata/zone_event_release.narc,/fielddata/eventdata/zone_event_release.narc!/member_00086,0,/fielddata/eventdata/zone_event_release.narc,265,86,,24240,24428,20092,20280,188,5561928d0d781068e3b51e22172797341f5a66ae95029000c41c0555de22fdc1,00000000050000000000190000000000,,,,,False,,,,,,,,,,False,False
/fielddata/eventdata/zone_event_release.narc,/fielddata/eventdata/zone_event_release.narc!/member_00087,0,/fielddata/eventdata/zone_event_release.narc,265,87,,24428,24600,20280,20452,172,0cfaf8e953d8a391fb4c48f45bab5d53cdd962d05201fc47e4eacda0ce4a4195,03000000040000000900000007000000,,,,,False,,,,,,,,,,False,False
/fielddata/eventdata/zone_event_release.narc,/fielddata/eventdata/zone_event_release.narc!/member_00088,0,/fielddata/eventdata/zone_event_release.narc,265,88,,24600,24660,20452,20512,60,1e812430d44772af5c4507bc77b9e09a5d8c33445f0b703a92ceba4aef2cef0a,0000000001000000000004000f000100,,,,,False,,,,,,,,,,False,False
/fielddata/eventdata/zone_event_release.narc,/fielddata/eventdata/zone_event_release.narc!/member_00089,0,/fielddata/eventdata/zone_event_release.narc,265,89,,24660,24720,20512,20572,60,aabf164c1d664faa0a5aaf052f21d917db75c9452541c71a1109aa1a0ddc4def,0000000001000000000006000f000100,,,,,False,,,,,,,,,,False,False
/fielddata/eventdata/zone_event_release.narc,/fielddata/eventdata/zone_event_release.narc!/member_00090,0,/fielddata/eventdata/zone_event_release.narc,265,90,,24720,24840,20572,20692,120,cc306a8822b5b54aaa748d49eb641317dfad1cba7581df9e83d024ceb0845ce8,02000000040000000900000007000000,,,,,False,,,,,,,,,,False,False
/fielddata/eventdata/zone_event_release.narc,/fielddata/eventdata/zone_event_release.narc!/member_00091,0,/fielddata/eventdata/zone_event_release.narc,265,91,,24840,24900,20692,20752,60,9c83518e455597c3ff69c876718c56a3bb40577a431c28f113006f2687557400,0000000001000000000034000f000100,,,,,False,,,,,,,,,,False,False
/fielddata/eventdata/zone_event_release.narc,/fielddata/eventdata/zone_event_release.narc!/member_00092,0,/fielddata/eventdata/zone_event_release.narc,265,92,,24900,25020,20752,20872,120,14c8b9ddf156a810bcfe02db061dc6a44efad279be20b485c4c8b380bd04b455,02000000040000000900000007000000,,,,,False,,,,,,,,,,False,False
/fielddata/eventdata/zone_event_release.narc,/fielddata/eventdata/zone_event_release.narc!/member_00093,0,/fielddata/eventdata/zone_event_release.narc,265,93,,25020,25080,20872,20932,60,9c76dca1486a7d88def99f8e633eb60991529217b872a81fdd94a210c9b641f1,0000000001000000000035000f000100,,,,,False,,,,,,,,,,False,False
/fielddata/eventdata/zone_event_release.narc,/fielddata/eventdata/zone_event_release.narc!/member_00094,0,/fielddata/eventdata/zone_event_release.narc,265,94,,25080,25200,20932,21052,120,92e8061f74650fc03cb86193b686901b1ce955975cce5571b74fac1202d4629c,02000000040000000900000007000000,,,,,False,,,,,,,,,,False,False
/fielddata/eventdata/zone_event_release.narc,/fielddata/eventdata/zone_event_release.narc!/member_00095,0,/fielddata/eventdata/zone_event_release.narc,265,95,,25200,25260,21052,21112,60,da7931576539cacc53f07d06510fbeaa1c3242cbceb98e55964c843f57b0b6f0,0000000001000000000003000f000100,,,,,False,,,,,,,,,,False,False
/fielddata/eventdata/zone_event_release.narc,/fielddata/eventdata/zone_event_release.narc!/member_00096,0,/fielddata/eventdata/zone_event_release.narc,265,96,,25260,25320,21112,21172,60,876de6a8231c62c154dccfbcbdcacb448282a441f46db6e645217bff6cd4a53f,0000000001000000000008000f000100,,,,,False,,,,,,,,,,False,False
/fielddata/eventdata/zone_event_release.narc,/fielddata/eventdata/zone_event_release.narc!/member_00097,0,/fielddata/eventdata/zone_event_release.narc,265,97,,25320,25380,21172,21232,60,569e23e250d07d4128472d9de1fab95933a5c50e03f78f2901b1510fe797bca3,000000000100000000000b000f000100,,,,,False,,,,,,,,,,False,False
/fielddata/eventdata/zone_event_release.narc,/fielddata/eventdata/zone_event_release.narc!/member_00098,0,/fielddata/eventdata/zone_event_release.narc,265,98,,25380,25440,21232,21292,60,afa5ee89f44a38dfaf64782a6e10ccb69e27bc0bb7536afd8d65ea24dc83f0d8,000000000100000000000e000f000100,,,,,False,,,,,,,,,,False,False
/fielddata/eventdata/zone_event_release.narc,/fielddata/eventdata/zone_event_release.narc!/member_00099,0,/fielddata/eventdata/zone_event_release.narc,265,99,,25440,25500,21292,21352,60,b4c0a26a71208a64f0ce2a8c2d2f19194d7044fbacc6cc8c165bcc2d9049cfaf,0000000001000000000082000f000000,,,,,False,,,,,,,,,,False,False
/fielddata/eventdata/zone_event_release.narc,/fielddata/eventdata/zone_event_release.narc!/member_00100,0,/fielddata/eventdata/zone_event_release.narc,265,100,,25500,25680,21352,21532,180,b52ae9d1b4e37a43a4c72ab828f60f6a479d5c16687637f62849d385224b90ce,000000000400000000001a0000000000,,,,,False,,,,,,,,,,False,False
/fielddata/eventdata/zone_event_release.narc,/fielddata/eventdata/zone_event_release.narc!/member_00101,0,/fielddata/eventdata/zone_event_release.narc,265,101,,25680,25816,21532,21668,136,2e6b3774386838b390cf1ac3a89a82993801296551fd306675754bf6c17761c5,000000000300000000001b0000000000,,,,,False,,,,,,,,,,False,False
/fielddata/eventdata/zone_event_release.narc,/fielddata/eventdata/zone_event_release.narc!/member_00102,0,/fielddata/eventdata/zone_event_release.narc,265,102,,25816,25920,21668,21772,104,fcbfec23b71224225f961ebcbaa577de16d31c282978fd2e64c22ed8aafebf33,00000000020000000000520003000000,,,,,False,,,,,,,,,,False,False
/fielddata/eventdata/zone_event_release.narc,/fielddata/eventdata/zone_event_release.narc!/member_00103,0,/fielddata/eventdata/zone_event_release.narc,265,103,,25920,26012,21772,21864,92,c4f5e2c16c2dfc3f3b705c5ff47ee92c819de29c6ae6b99e62b1af9de1d64af6,000000000200000000000e0000000000,,,,,False,,,,,,,,,,False,False
/fielddata/eventdata/zone_event_release.narc,/fielddata/eventdata/zone_event_release.narc!/member_00104,0,/fielddata/eventdata/zone_event_release.narc,265,104,,26012,26060,21864,21912,48,b4dfc8565f926082984c0318547ea0a6179cb6fb21aaf6cdfb99dfc6c2fbf25c,01000000010000000100000005000000,,,,,False,,,,,,,,,,False,False
/fielddata/eventdata/zone_event_release.narc,/fielddata/eventdata/zone_event_release.narc!/member_00105,0,/fielddata/eventdata/zone_event_release.narc,265,105,,26060,26280,21912,22132,220,ae3b2c25fcfe84823d6d54b3532583a3d677641e61ef5e5e0c5cd4a26579e947,00000000060000000000240000000000,,,,,False,,,,,,,,,,False,False
/fielddata/eventdata/zone_event_release.narc,/fielddata/eventdata/zone_event_release.narc!/member_00106,0,/fielddata/eventdata/zone_event_release.narc,265,106,,26280,26448,22132,22300,168,18cf04370240add533c83f1149580d540ef811acd2344616615046e6556f70ff,00000000040000000000a30000000000,,,,,False,,,,,,,,,,False,False
/fielddata/eventdata/zone_event_release.narc,/fielddata/eventdata/zone_event_release.narc!/member_00107,0,/fielddata/eventdata/zone_event_release.narc,265,107,,26448,26584,22300,22436,136,30b49df3b8dd4f386441e77e1b1b170e452abf53f89cc21a9d333d2521a26e80,00000000030000000000a30000000000,,,,,False,,,,,,,,,,False,False
/fielddata/eventdata/zone_event_release.narc,/fielddata/eventdata/zone_event_release.narc!/member_00108,0,/fielddata/eventdata/zone_event_release.narc,265,108,,26584,26720,22436,22572,136,d13de50ff4f2d67baab03df938e4a43daee5c65616e92b19e472ee4278727e96,00000000030000000000090003000000,,,,,False,,,,,,,,,,False,False
/fielddata/eventdata/zone_event_release.narc,/fielddata/eventdata/zone_event_release.narc!/member_00109,0,/fielddata/eventdata/zone_event_release.narc,265,109,,26720,26792,22572,22644,72,8b6f99b35edd0ae07b128c800a4ce30734fe0c9c8962fe91aed596e1926f9bfd,00000000010000000000070005000000,,,,,False,,,,,,,,,,False,False
/fielddata/eventdata/zone_event_release.narc,/fielddata/eventdata/zone_event_release.narc!/member_00110,0,/fielddata/eventdata/zone_event_release.narc,265,110,,26792,26960,22644,22812,168,9c51b4bd12d482dc9d40a7bf7e9c6606886b64f95733a3b738ab504d8b3556ad,00000000040000000000130003000000,,,,,False,,,,,,,,,,False,False
/fielddata/eventdata/zone_event_release.narc,/fielddata/eventdata/zone_event_release.narc!/member_00111,0,/fielddata/eventdata/zone_event_release.narc,265,111,,26960,27256,22812,23108,296,4930857b87c4b7956336ba8d7516613744d81e7074ba6cc10f60db93d01f44ad,00000000080000000000100000000000,,,,,False,,,,,,,,,,False,False
/fielddata/eventdata/zone_event_release.narc,/fielddata/eventdata/zone_event_release.narc!/member_00112,0,/fielddata/eventdata/zone_event_release.narc,265,112,,27256,27412,23108,23264,156,9490c42d29c3d4ab2f3e844a0978f5958b91ee04c85dcd36c17d1c2305b23056,00000000040000000000110000000000,,,,,False,,,,,,,,,,False,False
/fielddata/eventdata/zone_event_release.narc,/fielddata/eventdata/zone_event_release.narc!/member_00113,0,/fielddata/eventdata/zone_event_release.narc,265,113,,27412,27460,23264,23312,48,b4dfc8565f926082984c0318547ea0a6179cb6fb21aaf6cdfb99dfc6c2fbf25c,01000000010000000100000005000000,,,,,False,,,,,,,,,,False,False
/fielddata/eventdata/zone_event_release.narc,/fielddata/eventdata/zone_event_release.narc!/member_00114,0,/fielddata/eventdata/zone_event_release.narc,265,114,,27460,27520,23312,23372,60,8b64cbe7ffe14e2615f8dd48627f10746c3b28a577aa2bdeacce029f3d5196a6,00000000010000000000070008000000,,,,,False,,,,,,,,,,False,False
/fielddata/eventdata/zone_event_release.narc,/fielddata/eventdata/zone_event_release.narc!/member_00115,0,/fielddata/eventdata/zone_event_release.narc,265,115,,27520,27708,23372,23560,188,33cdbeb57be9a666a3b1d6315655139cabd0b74af1eb7b3e459550d9c9e51e7f,00000000050000000000230003000000,,,,,False,,,,,,,,,,False,False
/fielddata/eventdata/zone_event_release.narc,/fielddata/eventdata/zone_event_release.narc!/member_00116,0,/fielddata/eventdata/zone_event_release.narc,265,116,,27708,28236,23560,24088,528,242b753c2d54a7d16e0e41916aa9906d16d45fda86f6424e28831d1568092d6d,06000000542600000900000005000000,,,,,False,,,,,,,,,,False,False
/fielddata/eventdata/zone_event_release.narc,/fielddata/eventdata/zone_event_release.narc!/member_00117,0,/fielddata/eventdata/zone_event_release.narc,265,117,,28236,29244,24088,25096,1008,50eee5475a148d831fceb903364a635da07ac1891ea8dde838e452af39db8bbd,000000001f000000000024000f000000,,,,,False,,,,,,,,,,False,False
/fielddata/eventdata/zone_event_release.narc,/fielddata/eventdata/zone_event_release.narc!/member_00118,0,/fielddata/eventdata/zone_event_release.narc,265,118,,29244,29464,25096,25316,220,b6bc479892e6f4af3906c26a3aa4dd799cbed3009d7a4b9609b79166dbe66109,00000000060000000000320000000000,,,,,False,,,,,,,,,,False,False
/fielddata/eventdata/zone_event_release.narc,/fielddata/eventdata/zone_event_release.narc!/member_00119,0,/fielddata/eventdata/zone_event_release.narc,265,119,,29464,30508,25316,26360,1044,2a4ddb2b561945e2affd5c24af02d574a04db939e3231f14a226fe7f912d97b7,010000005b1f02004702000059030000,,,,,False,,,,,,,,,,False,False
/fielddata/eventdata/zone_event_release.narc,/fielddata/eventdata/zone_event_release.narc!/member_00120,0,/fielddata/eventdata/zone_event_release.narc,265,120,,30508,30716,26360,26568,208,f550f19308840ae03e5358f002ac7e3482d5ca6d9286ad5025115da47962f475,01000000050000000100000006000000,,,,,False,,,,,,,,,,False,False
/fielddata/eventdata/zone_event_release.narc,/fielddata/eventdata/zone_event_release.narc!/member_00121,0,/fielddata/eventdata/zone_event_release.narc,265,121,,30716,31200,26568,27052,484,1e9469e7b40490746280b8fb6b8276af30f7c7ddf7aa26ea322e05b68e003439,02000000070000000b00000026000000,,,,,False,,,,,,,,,,False,False
/fielddata/eventdata/zone_event_release.narc,/fielddata/eventdata/zone_event_release.narc!/member_00122,0,/fielddata/eventdata/zone_event_release.narc,265,122,,31200,31348,27052,27200,148,7b09ebbffd0a4419ef5c17e17bd18039dd3885bdc4a1fe36f337cd152b68ad46,000000000300000000001a0000000000,,,,,False,,,,,,,,,,False,False
/fielddata/eventdata/zone_event_release.narc,/fielddata/eventdata/zone_event_release.narc!/member_00123,0,/fielddata/eventdata/zone_event_release.narc,265,123,,31348,31516,27200,27368,168,e9e271a6576ed321b771150d1cf1edf4b1b4036804308ef6d56cbf4966d464c1,000000000400000000001b0000000000,,,,,False,,,,,,,,,,False,False
/fielddata/eventdata/zone_event_release.narc,/fielddata/eventdata/zone_event_release.narc!/member_00124,0,/fielddata/eventdata/zone_event_release.narc,265,124,,31516,31648,27368,27500,132,d398e24233aba0102b25b7dd32e60f7aff6a0c020930fad6c8deb679247810f5,00000000020000000000190000000000,,,,,False,,,,,,,,,,False,False
/fielddata/eventdata/zone_event_release.narc,/fielddata/eventdata/zone_event_release.narc!/member_00125,0,/fielddata/eventdata/zone_event_release.narc,265,125,,31648,31864,27500,27716,216,d4351f675a7f8e6aa7698b2a7a6e37a14dfdf551ca4e8d33cc46b712ad46a032,03000000010000000200000003000000,,,,,False,,,,,,,,,,False,False
/fielddata/eventdata/zone_event_release.narc,/fielddata/eventdata/zone_event_release.narc!/member_00126,0,/fielddata/eventdata/zone_event_release.narc,265,126,,31864,31956,27716,27808,92,e19f346abe7f405002e2506f61f2b595ae648f4117f2cfa7bc12f89f4c6e83b1,000000000200000000000c0009000000,,,,,False,,,,,,,,,,False,False
/fielddata/eventdata/zone_event_release.narc,/fielddata/eventdata/zone_event_release.narc!/member_00127,0,/fielddata/eventdata/zone_event_release.narc,265,127,,31956,32048,27808,27900,92,2ada2e8b734d1bc787e3e56f65b04676c373880c370a0f473d41b520ba3185f1,00000000020000000000a40000000000,,,,,False,,,,,,,,,,False,False
/fielddata/eventdata/zone_event_release.narc,/fielddata/eventdata/zone_event_release.narc!/member_00128,0,/fielddata/eventdata/zone_event_release.narc,265,128,,32048,32108,27900,27960,60,7ea0963ac625b70099411181ad6d3c8a94765e42ab58e41637375d236364408b,00000000010000000000130000000000,,,,,False,,,,,,,,,,False,False
/fielddata/eventdata/zone_event_release.narc,/fielddata/eventdata/zone_event_release.narc!/member_00129,0,/fielddata/eventdata/zone_event_release.narc,265,129,,32108,32200,27960,28052,92,f4695a00f0030cf4fcf1d62bf61dfac463aae511897866b967bd7f900e5ce214,000000000200000000001d0000000000,,,,,False,,,,,,,,,,False,False
/fielddata/eventdata/zone_event_release.narc,/fielddata/eventdata/zone_event_release.narc!/member_00130,0,/fielddata/eventdata/zone_event_release.narc,265,130,,32200,32324,28052,28176,124,f3703a27eb8bcc56605d1405b911ace5892a0c202419b5ed45a93086c3af7f3b,000000000300000000000b0010000000,,,,,False,,,,,,,,,,False,False
/fielddata/eventdata/zone_event_release.narc,/fielddata/eventdata/zone_event_release.narc!/member_00131,0,/fielddata/eventdata/zone_event_release.narc,265,131,,32324,33528,28176,29380,1204,e907a4a5fcb664e1ccc79ab9732db1b553af6811b7f7a46338dd0793e8168371,06000000691f0200b60200004c020000,,,,,False,,,,,,,,,,False,False
/fielddata/eventdata/zone_event_release.narc,/fielddata/eventdata/zone_event_release.narc!/member_00132,0,/fielddata/eventdata/zone_event_release.narc,265,132,,33528,33788,29380,29640,260,62e0d05b9d3cfc9009c5dd202ea34c3847a6bb1efec1365fde5950d9ad984e8e,02000000040000000a00000018000000,,,,,False,,,,,,,,,,False,False
/fielddata/eventdata/zone_event_release.narc,/fielddata/eventdata/zone_event_release.narc!/member_00133,0,/fielddata/eventdata/zone_event_release.narc,265,133,,33788,33936,29640,29788,148,6e1daab9a4aacc67f004d971a613f6857c5e6543311d45b0c5224b0dd7692ab3,000000000300000000001a0000000000,,,,,False,,,,,,,,,,False,False
/fielddata/eventdata/zone_event_release.narc,/fielddata/eventdata/zone_event_release.narc!/member_00134,0,/fielddata/eventdata/zone_event_release.narc,265,134,,33936,34072,29788,29924,136,79a7fffb4b3b754a96499725aad3e73acd6c200f348e50cca00c8508e8c416a5,000000000300000000001b0000000000,,,,,False,,,,,,,,,,False,False
/fielddata/eventdata/zone_event_release.narc,/fielddata/eventdata/zone_event_release.narc!/member_00135,0,/fielddata/eventdata/zone_event_release.narc,265,135,,34072,34616,29924,30468,544,fe24e4cfc2115487d6f6573ed1d81e5abeffdbf0eb0a897adc71844fd01e61ec,0d000000010000000c00000006000000,,,,,False,,,,,,,,,,False,False
/fielddata/eventdata/zone_event_release.narc,/fielddata/eventdata/zone_event_release.narc!/member_00136,0,/fielddata/eventdata/zone_event_release.narc,265,136,,34616,34900,30468,30752,284,7aef1a9caf67589120ad76f9a0933498ae4b8de4bdf67e47cc782f2455be4a7f,02000000060000000a00000009000000,,,,,False,,,,,,,,,,False,False
/fielddata/eventdata/zone_event_release.narc,/fielddata/eventdata/zone_event_release.narc!/member_00137,0,/fielddata/eventdata/zone_event_release.narc,265,137,,34900,35164,30752,31016,264,e6ba206def3caa7af3a5e9a45624bb65bb5628fdc7a126e05fd68dc425e1f497,01000000070000000d00000002000000,,,,,False,,,,,,,,,,False,False
/fielddata/eventdata/zone_event_release.narc,/fielddata/eventdata/zone_event_release.narc!/member_00138,0,/fielddata/eventdata/zone_event_release.narc,265,138,,35164,35396,31016,31248,232,46cc6ad9b72ffe2ffbd4456d377ea5f4213d5a707d7a81be6377b1a7480898ee,01000000060000000d00000002000000,,,,,False,,,,,,,,,,False,False
/fielddata/eventdata/zone_event_release.narc,/fielddata/eventdata/zone_event_release.narc!/member_00139,0,/fielddata/eventdata/zone_event_release.narc,265,139,,35396,35628,31248,31480,232,6afb05eabb36f948830d5c125104c575e404e665155626ff9fed414d67b4778b,01000000060000000d00000002000000,,,,,False,,,,,,,,,,False,False
/fielddata/eventdata/zone_event_release.narc,/fielddata/eventdata/zone_event_release.narc!/member_00140,0,/fielddata/eventdata/zone_event_release.narc,265,140,,35628,35856,31480,31708,228,e4b40ca12f96f2c92d12a6186a5c8840c7feb31a4522a705932f4ef86f3b8da8,03000000060000000500000003000000,,,,,False,,,,,,,,,,False,False
/fielddata/eventdata/zone_event_release.narc,/fielddata/eventdata/zone_event_release.narc!/member_00141,0,/fielddata/eventdata/zone_event_release.narc,265,141,,35856,35916,31708,31768,60,5eea4dccacabc9712c21012408ee855064b12b78007d7173c4ed6df468a0b918,00000000010000000000a30000000000,,,,,False,,,,,,,,,,False,False
/fielddata/eventdata/zone_event_release.narc,/fielddata/eventdata/zone_event_release.narc!/member_00142,0,/fielddata/eventdata/zone_event_release.narc,265,142,,35916,36116,31768,31968,200,a479b6a93b04780c8e3a5552d582bcb4668b64f69eff23618247b6b6dcc25835,000000000500000000007c000f000000,,,,,False,,,,,,,,,,False,False
/fielddata/eventdata/zone_event_release.narc,/fielddata/eventdata/zone_event_release.narc!/member_00143,0,/fielddata/eventdata/zone_event_release.narc,265,143,,36116,36240,31968,32092,124,1f87130a5c9463f88f19612430878ee820967eb724c5a4f65a4fab2b3cbf5160,00000000030000000000a30000000000,,,,,False,,,,,,,,,,False,False
/fielddata/eventdata/zone_event_release.narc,/fielddata/eventdata/zone_event_release.narc!/member_00144,0,/fielddata/eventdata/zone_event_release.narc,265,144,,36240,36332,32092,32184,92,ae26eb22505d390a62de0ef3d92c622e354f8aee3f595850e99ade64e1570d9b,000000000200000000002b0000000000,,,,,False,,,,,,,,,,False,False
/fielddata/eventdata/zone_event_release.narc,/fielddata/eventdata/zone_event_release.narc!/member_00145,0,/fielddata/eventdata/zone_event_release.narc,265,145,,36332,36456,32184,32308,124,717a05a0a6cc34b93d5e0c455f3a6f9c1eb74ecc9444ecf1378464d17479032b,000000000300000000000e0000000000,,,,,False,,,,,,,,,,False,False
/fielddata/eventdata/zone_event_release.narc,/fielddata/eventdata/zone_event_release.narc!/member_00146,0,/fielddata/eventdata/zone_event_release.narc,265,146,,36456,36548,32308,32400,92,d3c1f13043b804a0f9a5edcfdd78791fd76d5273de72467ddce23af1308bcbaf,000000000200000000000f0000000000,,,,,False,,,,,,,,,,False,False
/fielddata/eventdata/zone_event_release.narc,/fielddata/eventdata/zone_event_release.narc!/member_00147,0,/fielddata/eventdata/zone_event_release.narc,265,147,,36548,36672,32400,32524,124,84ee50418dd56f8711c488dcdf08837c26b2345611f5ea693a1a5fcd4f159ff1,000000000300000000000d0000000000,,,,,False,,,,,,,,,,False,False
/fielddata/eventdata/zone_event_release.narc,/fielddata/eventdata/zone_event_release.narc!/member_00148,0,/fielddata/eventdata/zone_event_release.narc,265,148,,36672,36744,32524,32596,72,16e575d78c81908fbdb0f230dbf558688a22a8f7f3d026504ec3920251117f64,00000000010000000000320003000000,,,,,False,,,,,,,,,,False,False
/fielddata/eventdata/zone_event_release.narc,/fielddata/eventdata/zone_event_release.narc!/member_00149,0,/fielddata/eventdata/zone_event_release.narc,265,149,,36744,37624,32596,33476,880,1b584d0bf811dd0e371c4acad020176e18336e0174e13937a163edb790ed6842,02000000af1f020057030000f7020000,,,,,False,,,,,,,,,,False,False
/fielddata/eventdata/zone_event_release.narc,/fielddata/eventdata/zone_event_release.narc!/member_00150,0,/fielddata/eventdata/zone_event_release.narc,265,150,,37624,37804,33476,33656,180,c258c17939e33759575fc599ccfa3e7fd7b13e0483c6ce9a167c973bcfc88332,000000000400000000001a0000000000,,,,,False,,,,,,,,,,False,False
/fielddata/eventdata/zone_event_release.narc,/fielddata/eventdata/zone_event_release.narc!/member_00151,0,/fielddata/eventdata/zone_event_release.narc,265,151,,37804,37940,33656,33792,136,418e1dbf8d26fdb121a82977f477fe7d9917fa51a20befc174b277d2ffb4cfbc,000000000300000000001b0000000000,,,,,False,,,,,,,,,,False,False
/fielddata/eventdata/zone_event_release.narc,/fielddata/eventdata/zone_event_release.narc!/member_00152,0,/fielddata/eventdata/zone_event_release.narc,265,152,,37940,38128,33792,33980,188,1fef326c7e54a63a3bee3400c2d1ac2749a21a53b615da74222c2344ee9a55b1,00000000050000000000190000000000,,,,,False,,,,,,,,,,False,False
/fielddata/eventdata/zone_event_release.narc,/fielddata/eventdata/zone_event_release.narc!/member_00153,0,/fielddata/eventdata/zone_event_release.narc,265,153,,38128,38304,33980,34156,176,bb9070d290a3da3a4b2275be3ac5d7d56f7d06b63eff5c1d78c549e9b96dfa3c,0200000004000000060000000c000000,,,,,False,,,,,,,,,,False,False
/fielddata/eventdata/zone_event_release.narc,/fielddata/eventdata/zone_event_release.narc!/member_00154,0,/fielddata/eventdata/zone_event_release.narc,265,154,,38304,38488,34156,34340,184,9c225901d21445911dced3a09969a46143e35d59dea288c9efe558aade606121,0000000003000000000003000e000100,,,,,False,,,,,,,,,,False,False
/fielddata/eventdata/zone_event_release.narc,/fielddata/eventdata/zone_event_release.narc!/member_00155,0,/fielddata/eventdata/zone_event_release.narc,265,155,,38488,38740,34340,34592,252,ee052104eaf8e26271b59a160875ba326209543922f8dcef6f6831bf27acc0f4,0000000005000000000085000f000000,,,,,False,,,,,,,,,,False,False
/fielddata/eventdata/zone_event_release.narc,/fielddata/eventdata/zone_event_release.narc!/member_00156,0,/fielddata/eventdata/zone_event_release.narc,265,156,,38740,38896,34592,34748,156,1de23f72c31553b0e4537c49d82323c1be9c50728dbff0ff41aaf8590e75241f,000000000400000000000c0000000000,,,,,False,,,,,,,,,,False,False
/fielddata/eventdata/zone_event_release.narc,/fielddata/eventdata/zone_event_release.narc!/member_00157,0,/fielddata/eventdata/zone_event_release.narc,265,157,,38896,38956,34748,34808,60,63392d7e33531358db8727f78bf18e98509d746e974509cd57957c934423f70e,000000000100000000000d0000000000,,,,,False,,,,,,,,,,False,False
/fielddata/eventdata/zone_event_release.narc,/fielddata/eventdata/zone_event_release.narc!/member_00158,0,/fielddata/eventdata/zone_event_release.narc,265,158,,38956,39208,34808,35060,252,78adceb488b5c74124bd7d6f6064e5ab0cc39278e1a3e7c1f108904f625091b9,00000000070000000000070003000000,,,,,False,,,,,,,,,,False,False
/fielddata/eventdata/zone_event_release.narc,/fielddata/eventdata/zone_event_release.narc!/member_00159,0,/fielddata/eventdata/zone_event_release.narc,265,159,,39208,39300,35060,35152,92,81341aecaaa9fa5f4902264f663da03f0c2bd10e20597ff1efa6d4e0aa1861a4,00000000020000000000a40000000000,,,,,False,,,,,,,,,,False,False
/fielddata/eventdata/zone_event_release.narc,/fielddata/eventdata/zone_event_release.narc!/member_00160,0,/fielddata/eventdata/zone_event_release.narc,265,160,,39300,39392,35152,35244,92,d9c7b0be3449a0dacf0bf69d0369b5b24d15f64ca1ba78971e42300f4590958b,00000000020000000000a40000000000,,,,,False,,,,,,,,,,False,False
/fielddata/eventdata/zone_event_release.narc,/fielddata/eventdata/zone_event_release.narc!/member_00161,0,/fielddata/eventdata/zone_event_release.narc,265,161,,39392,39484,35244,35336,92,568d4d484defa98915dcfb711e72f2649fa68ae6b13df678fa2ac99ef493e47f,00000000020000000000380003000000,,,,,False,,,,,,,,,,False,False
/fielddata/eventdata/zone_event_release.narc,/fielddata/eventdata/zone_event_release.narc!/member_00162,0,/fielddata/eventdata/zone_event_release.narc,265,162,,39484,39544,35336,35396,60,368c0e342bf7fa5d8a8979eec102ab7e26bb42cc8443dec0715b401aef89a90b,000000000100000000001d0003000000,,,,,False,,,,,,,,,,False,False
/fielddata/eventdata/zone_event_release.narc,/fielddata/eventdata/zone_event_release.narc!/member_00163,0,/fielddata/eventdata/zone_event_release.narc,265,163,,39544,39688,35396,35540,144,e295b44a8dadf87b28c8e7bc029dad74b26140747b9a95730870789f7ca02675,01000000030000000600000003000000,,,,,False,,,,,,,,,,False,False
/fielddata/eventdata/zone_event_release.narc,/fielddata/eventdata/zone_event_release.narc!/member_00164,0,/fielddata/eventdata/zone_event_release.narc,265,164,,39688,40144,35540,35996,456,157beb9635064f901e6e112ae6b31e63da297dc5aff4ce31e71be1dd4dc74055,01000000f21f02007d010000dc000000,,,,,False,,,,,,,,,,False,False
/fielddata/eventdata/zone_event_release.narc,/fielddata/eventdata/zone_event_release.narc!/member_00165,0,/fielddata/eventdata/zone_event_release.narc,265,165,,40144,40332,35996,36184,188,508b6c01338ba39825611787ef1e9fe22abe25a4f4547e3eefb20051bc2d9d44,00000000050000000000190000000000,,,,,False,,,,,,,,,,False,False
/fielddata/eventdata/zone_event_release.narc,/fielddata/eventdata/zone_event_release.narc!/member_00166,0,/fielddata/eventdata/zone_event_release.narc,265,166,,40332,41232,36184,37084,900,31c83c97b2fd76b8c2942436da4d56331860980b5347d92c2308729c8255211b,0200000004000000090000001b000000,,,,,False,,,,,,,,,,False,False
/fielddata/eventdata/zone_event_release.narc,/fielddata/eventdata/zone_event_release.narc!/member_00167,0,/fielddata/eventdata/zone_event_release.narc,265,167,,41232,41412,37084,37264,180,d1a9fb360bf03c38b63682fd4cab392f26b061c43aff365416a4d859858b5428,000000000400000000001a0000000000,,,,,False,,,,,,,,,,False,False
/fielddata/eventdata/zone_event_release.narc,/fielddata/eventdata/zone_event_release.narc!/member_00168,0,/fielddata/eventdata/zone_event_release.narc,265,168,,41412,41548,37264,37400,136,66e2e7b58f37dde851eb387fb6a25b7a861474a8b22e94286d94833e7f189f1b,000000000300000000001b0000000000,,,,,False,,,,,,,,,,False,False
/fielddata/eventdata/zone_event_release.narc,/fielddata/eventdata/zone_event_release.narc!/member_00169,0,/fielddata/eventdata/zone_event_release.narc,265,169,,41548,41640,37400,37492,92,e5f94c2648654cd58f0e9b11411612e3632a272604249ea9d3d14b3a9dd818e3,000000000200000000000b0008000000,,,,,False,,,,,,,,,,False,False
/fielddata/eventdata/zone_event_release.narc,/fielddata/eventdata/zone_event_release.narc!/member_00170,0,/fielddata/eventdata/zone_event_release.narc,265,170,,41640,41700,37492,37552,60,201723d3a4b6227e77db30af7efffd0147d3697888d90cf33a74a1592944a2c7,00000000010000000000110009000000,,,,,False,,,,,,,,,,False,False
/fielddata/eventdata/zone_event_release.narc,/fielddata/eventdata/zone_event_release.narc!/member_00171,0,/fielddata/eventdata/zone_event_release.narc,265,171,,41700,42008,37552,37860,308,a83be7c444d7978446a5ad8b33fefa782268d6ba7e48e7a5cb7d524d026347e9,09000000b81f02004a03000044020000,,,,,False,,,,,,,,,,False,False
/fielddata/eventdata/zone_event_release.narc,/fielddata/eventdata/zone_event_release.narc!/member_00172,0,/fielddata/eventdata/zone_event_release.narc,265,172,,42008,42156,37860,38008,148,727692300bf76697b17466a5a84fe5de26e32153de4576afce0c5e4a2542bae3,000000000300000000001a0000000000,,,,,False,,,,,,,,,,False,False
/fielddata/eventdata/zone_event_release.narc,/fielddata/eventdata/zone_event_release.narc!/member_00173,0,/fielddata/eventdata/zone_event_release.narc,265,173,,42156,42292,38008,38144,136,4d501ec12f9c90096d0bf926e2f95349cd5c2bf1738f3f2f0d684849207a8a8e,000000000300000000001b0000000000,,,,,False,,,,,,,,,,False,False
/fielddata/eventdata/zone_event_release.narc,/fielddata/eventdata/zone_event_release.narc!/member_00174,0,/fielddata/eventdata/zone_event_release.narc,265,174,,42292,42564,38144,38416,272,d480b7698e286e2805fb36662798f9266cac06dd92804add8c1dc69ec2a24cad,000000000600000000000b000f000000,,,,,False,,,,,,,,,,False,False
/fielddata/eventdata/zone_event_release.narc,/fielddata/eventdata/zone_event_release.narc!/member_00175,0,/fielddata/eventdata/zone_event_release.narc,265,175,,42564,42620,38416,38472,56,d71081f8c9e6d78d8ccd4359a818d93237f198728c3d78072068577a5e867d24,00000000000000000200000004000200,,,,,False,,,,,,,,,,False,False
/fielddata/eventdata/zone_event_release.narc,/fielddata/eventdata/zone_event_release.narc!/member_00176,0,/fielddata/eventdata/zone_event_release.narc,265,176,,42620,42756,38472,38608,136,e0937ea1b0d0eb32e344105f0f52f2dfd8312aee373ed99c9a5ff5bfdd19236b,0000000003000000000086000f000000,,,,,False,,,,,,,,,,False,False
/fielddata/eventdata/zone_event_release.narc,/fielddata/eventdata/zone_event_release.narc!/member_00177,0,/fielddata/eventdata/zone_event_release.narc,265,177,,42756,42812,38608,38664,56,9870ba1f3eb62781c24a81fc9d8baf0166db9d75a6b417b9489dad5e5b379b25,00000000000000000200000004000200,,,,,False,,,,,,,,,,False,False
/fielddata/eventdata/zone_event_release.narc,/fielddata/eventdata/zone_event_release.narc!/member_00178,0,/fielddata/eventdata/zone_event_release.narc,265,178,,42812,42948,38664,38800,136,d537f407ce0f2789de6150a410078c70e732cef894bf66e86fba15b6d7515c35,0000000003000000000087000f000000,,,,,False,,,,,,,,,,False,False
/fielddata/eventdata/zone_event_release.narc,/fielddata/eventdata/zone_event_release.narc!/member_00179,0,/fielddata/eventdata/zone_event_release.narc,265,179,,42948,43004,38800,38856,56,a75f4555c1ae4b71be83dd26d8256dd35d00983ee67d8315f2f8a6f621c1d4e9,00000000000000000200000004000200,,,,,False,,,,,,,,,,False,False
/fielddata/eventdata/zone_event_release.narc,/fielddata/eventdata/zone_event_release.narc!/member_00180,0,/fielddata/eventdata/zone_event_release.narc,265,180,,43004,43140,38856,38992,136,4ae098eff52233cb135653de06fbeed8ae6571c538db21906f236e1dee3adf82,0000000003000000000088000f000000,,,,,False,,,,,,,,,,False,False
/fielddata/eventdata/zone_event_release.narc,/fielddata/eventdata/zone_event_release.narc!/member_00181,0,/fielddata/eventdata/zone_event_release.narc,265,181,,43140,43196,38992,39048,56,1b5790b2deeed3bb04b3a2459de000e42f17c58f1943a087de46f268459d4cd6,00000000000000000200000004000200,,,,,False,,,,,,,,,,False,False
/fielddata/eventdata/zone_event_release.narc,/fielddata/eventdata/zone_event_release.narc!/member_00182,0,/fielddata/eventdata/zone_event_release.narc,265,182,,43196,43332,39048,39184,136,a9d09cbc21ca8fc2ef5d3269edbd3948dc7d275909b012e49c486348df294b01,0000000003000000000089000f000000,,,,,False,,,,,,,,,,False,False
/fielddata/eventdata/zone_event_release.narc,/fielddata/eventdata/zone_event_release.narc!/member_00183,0,/fielddata/eventdata/zone_event_release.narc,265,183,,43332,43388,39184,39240,56,8e9b892ff3828616e58bb471d147676eae2a21f4e47437a5cf257519f9d1a894,00000000000000000200000004000200,,,,,False,,,,,,,,,,False,False
/fielddata/eventdata/zone_event_release.narc,/fielddata/eventdata/zone_event_release.narc!/member_00184,0,/fielddata/eventdata/zone_event_release.narc,265,184,,43388,43460,39240,39312,72,0f9f80a44bf9fc8a56cf5b3943c0619784353eee4b3bfac201703dd0c9cbf2f9,000000000100000000008a000f000000,,,,,False,,,,,,,,,,False,False
/fielddata/eventdata/zone_event_release.narc,/fielddata/eventdata/zone_event_release.narc!/member_00185,0,/fielddata/eventdata/zone_event_release.narc,265,185,,43460,43564,39312,39416,104,17320fd0024404aceffe0d630aac215c8d2419cbe8e0bbdf208869a6d0883910,000000000200000000008a000e000000,,,,,False,,,,,,,,,,False,False
/fielddata/eventdata/zone_event_release.narc,/fielddata/eventdata/zone_event_release.narc!/member_00186,0,/fielddata/eventdata/zone_event_release.narc,265,186,,43564,43656,39416,39508,92,9b8567ffc89cadf445ce4b92d5e059de2f2a82a9537a6f1d7db07d719bff8a67,000000000200000000008a0010000000,,,,,False,,,,,,,,,,False,False
/fielddata/eventdata/zone_event_release.narc,/fielddata/eventdata/zone_event_release.narc!/member_00187,0,/fielddata/eventdata/zone_event_release.narc,265,187,,43656,44536,39508,40388,880,dcc69acd16e4819d3142579f1bb53562a9ea737ed4b8e5dfbb032bda9210c395,000000001800000000005b0000000000,,,,,False,,,,,,,,,,False,False
/fielddata/eventdata/zone_event_release.narc,/fielddata/eventdata/zone_event_release.narc!/member_00188,0,/fielddata/eventdata/zone_event_release.narc,265,188,,44536,44716,40388,40568,180,a34093cb861b0a77671cc65af4a2c119c78b98308ee09068db9de6d69705e7d2,000000000400000000001a0000000000,,,,,False,,,,,,,,,,False,False
/fielddata/eventdata/zone_event_release.narc,/fielddata/eventdata/zone_event_release.narc!/member_00189,0,/fielddata/eventdata/zone_event_release.narc,265,189,,44716,44852,40568,40704,136,c8df843ae87d987502514e63588ac980f1e75bfb7ca8709b70da752400ce6863,000000000300000000001b0000000000,,,,,False,,,,,,,,,,False,False
/fielddata/eventdata/zone_event_release.narc,/fielddata/eventdata/zone_event_release.narc!/member_00190,0,/fielddata/eventdata/zone_event_release.narc,265,190,,44852,45008,40704,40860,156,ca0bb90ba3810a30eb5e18adaf273a8994c2f55a75cbabccbd63cf4faa54af50,000000000400000000002b0003000000,,,,,False,,,,,,,,,,False,False
/fielddata/eventdata/zone_event_release.narc,/fielddata/eventdata/zone_event_release.narc!/member_00191,0,/fielddata/eventdata/zone_event_release.narc,265,191,,45008,45240,40860,41092,232,7b0082e6c49a83f9bd8e3d371eb47d2b44015fe0781b0a41ea8b8d3e9d3c2c2a,00000000060000000000af0000000000,,,,,False,,,,,,,,,,False,False
/fielddata/eventdata/zone_event_release.narc,/fielddata/eventdata/zone_event_release.narc!/member_00192,0,/fielddata/eventdata/zone_event_release.narc,265,192,,45240,45344,41092,41196,104,4a7ab83a06a850a5fc98b307ceeba82d9eca8dc06f927c699c2df6a6b298170d,000000000200000000000b0003000000,,,,,False,,,,,,,,,,False,False
/fielddata/eventdata/zone_event_release.narc,/fielddata/eventdata/zone_event_release.narc!/member_00193,0,/fielddata/eventdata/zone_event_release.narc,265,193,,45344,45436,41196,41288,92,e640daf40c4b454541e046a001407c6c657e3e88484d49c54ee381b339dacead,000000000200000000000f0000000000,,,,,False,,,,,,,,,,False,False
/fielddata/eventdata/zone_event_release.narc,/fielddata/eventdata/zone_event_release.narc!/member_00194,0,/fielddata/eventdata/zone_event_release.narc,265,194,,45436,45560,41288,41412,124,37c25c9c0cc5e38e9ca6adfe05859b98fbc2b34fc0e82c062d06339f66543d86,00000000030000000000a40000000000,,,,,False,,,,,,,,,,False,False
/fielddata/eventdata/zone_event_release.narc,/fielddata/eventdata/zone_event_release.narc!/member_00195,0,/fielddata/eventdata/zone_event_release.narc,265,195,,45560,45576,41412,41428,16,374708fff7719dd5979ec875d56cd2286f6d3cf7ec317a3b25632aab28ec37bb,00000000000000000000000000000000,,,,,False,,,,,,,,,,False,False
/fielddata/eventdata/zone_event_release.narc,/fielddata/eventdata/zone_event_release.narc!/member_00196,0,/fielddata/eventdata/zone_event_release.narc,265,196,,45576,45760,41428,41612,184,fec75b45d815d678eff659c06b6f6ec9c531a724f1f3a2d25e16c3d586248f70,00000000030000000000280000000000,,,,,False,,,,,,,,,,False,False
/fielddata/eventdata/zone_event_release.narc,/fielddata/eventdata/zone_event_release.narc!/member_00197,0,/fielddata/eventdata/zone_event_release.narc,265,197,,45760,46140,41612,41992,380,517473fcecb3bd0f0aea6d3db18d81bb5f13bbb6082d859198cca6554dffb977,000000000b00000000007e0011000000,,,,,False,,,,,,,,,,False,False
/fielddata/eventdata/zone_event_release.narc,/fielddata/eventdata/zone_event_release.narc!/member_00198,0,/fielddata/eventdata/zone_event_release.narc,265,198,,46140,46400,41992,42252,260,544843ce47906b4b8492ced904ebc7cd999db7d713e5b62d5a0766ab8630b77b,02000000401f0200eb0000008a020000,,,,,False,,,,,,,,,,False,False
/fielddata/eventdata/zone_event_release.narc,/fielddata/eventdata/zone_event_release.narc!/member_00199,0,/fielddata/eventdata/zone_event_release.narc,265,199,,46400,46668,42252,42520,268,f32b84fd85d6ef0f370d8ac8d69410296fa92b5550f3e96ef9048866489de523,000000000700000000007c000f000000,,,,,False,,,,,,,,,,False,False
/fielddata/eventdata/zone_event_release.narc,/fielddata/eventdata/zone_event_release.narc!/member_00200,0,/fielddata/eventdata/zone_event_release.narc,265,200,,46668,47036,42520,42888,368,2260a36d892d9e7c6e77d33ad5534abadefa00a3b36e6e5d86449397883e3383,000000000b000000000064002f000000,,,,,False,,,,,,,,,,False,False
/fielddata/eventdata/zone_event_release.narc,/fielddata/eventdata/zone_event_release.narc!/member_00201,0,/fielddata/eventdata/zone_event_release.narc,265,201,,47036,47980,42888,43832,944,e2b85ddc249be370945ed791d6111cb02e86a2438f45558cb4dc21f352016b1e,01000000411f02005000000009000000,,,,,False,,,,,,,,,,False,False
/fielddata/eventdata/zone_event_release.narc,/fielddata/eventdata/zone_event_release.narc!/member_00202,0,/fielddata/eventdata/zone_event_release.narc,265,202,,47980,48232,43832,44084,252,bdc1fc0e9775da8df59101cd4af1b7e2721355f59ceabcefb286c9b603c800b5,02000000dc1f0200bb00000052020000,,,,,False,,,,,,,,,,False,False
/fielddata/eventdata/zone_event_release.narc,/fielddata/eventdata/zone_event_release.narc!/member_00203,0,/fielddata/eventdata/zone_event_release.narc,265,203,,48232,48556,44084,44408,324,d393bf25860e1d5795986136a41b232357ca7bc01500b3978aaf9b2a84752441,020000006f1f02002c0000000f000000,,,,,False,,,,,,,,,,False,False
/fielddata/eventdata/zone_event_release.narc,/fielddata/eventdata/zone_event_release.narc!/member_00204,0,/fielddata/eventdata/zone_event_release.narc,265,204,,48556,48868,44408,44720,312,03fd6199a6d917078f8cf0ee030302aa36517eca7d9cda5ef427b883ec1084f4,010000004d1f02000d00000012000000,,,,,False,,,,,,,,,,False,False
/fielddata/eventdata/zone_event_release.narc,/fielddata/eventdata/zone_event_release.narc!/member_00205,0,/fielddata/eventdata/zone_event_release.narc,265,205,,48868,49156,44720,45008,288,ba9cba58b7981c7e4ba9a15946f6b0a4dcc0084f78802d28970c3af2a420dacf,02000000921f0200190000000b000000,,,,,False,,,,,,,,,,False,False
/fielddata/eventdata/zone_event_release.narc,/fielddata/eventdata/zone_event_release.narc!/member_00206,0,/fielddata/eventdata/zone_event_release.narc,265,206,,49156,49292,45008,45144,136,3c14bdc53a9b9d151748f49c269c48dc4b6fdc05c151c3659c6011ca3c0a321d,01000000931f0200020000000d000000,,,,,False,,,,,,,,,,False,False
/fielddata/eventdata/zone_event_release.narc,/fielddata/eventdata/zone_event_release.narc!/member_00207,0,/fielddata/eventdata/zone_event_release.narc,265,207,,49292,49668,45144,45520,376,b91f53aa4959defb92ec9b15b2e3579caa527a5eee9918a7e074190528d0810d,05000000941f0200290000002c000000,,,,,False,,,,,,,,,,False,False
/fielddata/eventdata/zone_event_release.narc,/fielddata/eventdata/zone_event_release.narc!/member_00208,0,/fielddata/eventdata/zone_event_release.narc,265,208,,49668,50056,45520,45908,388,368033049fd3210cbb1d23a973ad1ead60c5e5b8d534eff95a148b7ad07b361e,04000000941f02002900000007000000,,,,,False,,,,,,,,,,False,False
/fielddata/eventdata/zone_event_release.narc,/fielddata/eventdata/zone_event_release.narc!/member_00209,0,/fielddata/eventdata/zone_event_release.narc,265,209,,50056,50528,45908,46380,472,2c64b52c6657896999b5b0be1623a96928f246c9015cbe28fa044547c4c58697,070000009d1f02000500000006000000,,,,,False,,,,,,,,,,False,False
/fielddata/eventdata/zone_event_release.narc,/fielddata/eventdata/zone_event_release.narc!/member_00210,0,/fielddata/eventdata/zone_event_release.narc,265,210,,50528,50588,46380,46440,60,1d9e23b3a23b3d6051d804fbac36201c3cdf2c0a9daeeba0d191cba11f89186e,01000000a41f02000500000009000000,,,,,False,,,,,,,,,,False,False
/fielddata/eventdata/zone_event_release.narc,/fielddata/eventdata/zone_event_release.narc!/member_00211,0,/fielddata/eventdata/zone_event_release.narc,265,211,,50588,50732,46440,46584,144,84610bdbf1ed04c08d7905966882d78eb5f23127f21298c350965f347a4da050,02000000a61f02001b00000011000000,,,,,False,,,,,,,,,,False,False
/fielddata/eventdata/zone_event_release.narc,/fielddata/eventdata/zone_event_release.narc!/member_00212,0,/fielddata/eventdata/zone_event_release.narc,265,212,,50732,50804,46584,46656,72,ad093adfda1e1d77e0020736deaed07103be168e74c5e2f8f4dfdd9ac0a2558a,000000000100000000007d0010000100,,,,,False,,,,,,,,,,False,False
/fielddata/eventdata/zone_event_release.narc,/fielddata/eventdata/zone_event_release.narc!/member_00213,0,/fielddata/eventdata/zone_event_release.narc,265,213,,50804,51508,46656,47360,704,6bb52cf27ad6ce6d2cb99a887f3e69c96a56eec29a655cb0df3c46b229f0b430,06000000a91f02000500000007000000,,,,,False,,,,,,,,,,False,False
/fielddata/eventdata/zone_event_release.narc,/fielddata/eventdata/zone_event_release.narc!/member_00214,0,/fielddata/eventdata/zone_event_release.narc,265,214,,51508,51568,47360,47420,60,72f6c58e264eda3f0addb7ea97bcebd12a59234f628e7c058d21356c97b017ab,010000007d1f02000f00000010000000,,,,,False,,,,,,,,,,False,False
/fielddata/eventdata/zone_event_release.narc,/fielddata/eventdata/zone_event_release.narc!/member_00215,0,/fielddata/eventdata/zone_event_release.narc,265,215,,51568,52244,47420,48096,676,38ec4dff0dc45d8faafbcc3f765c61b01fb842571eed3579e9ef1a873babe6d2,05000000811f02000e00000009000000,,,,,False,,,,,,,,,,False,False
/fielddata/eventdata/zone_event_release.narc,/fielddata/eventdata/zone_event_release.narc!/member_00216,0,/fielddata/eventdata/zone_event_release.narc,265,216,,52244,53132,48096,48984,888,b2791ddee38eb56349e8d1a6bfb21509d59749bc7d73f96b4c044340f264ec83,04000000861f02000b0000000c000000,,,,,False,,,,,,,,,,False,False
/fielddata/eventdata/zone_event_release.narc,/fielddata/eventdata/zone_event_release.narc!/member_00217,0,/fielddata/eventdata/zone_event_release.narc,265,217,,53132,53736,48984,49588,604,ba25e574351e8422c3a9497984d4c193f241de2165becc35a4309aee9fdb18fa,000000000e00000000007d000f000000,,,,,False,,,,,,,,,,False,False
/fielddata/eventdata/zone_event_release.narc,/fielddata/eventdata/zone_event_release.narc!/member_00218,0,/fielddata/eventdata/zone_event_release.narc,265,218,,53736,53752,49588,49604,16,374708fff7719dd5979ec875d56cd2286f6d3cf7ec317a3b25632aab28ec37bb,00000000000000000000000000000000,,,,,False,,,,,,,,,,False,False
/fielddata/eventdata/zone_event_release.narc,/fielddata/eventdata/zone_event_release.narc!/member_00219,0,/fielddata/eventdata/zone_event_release.narc,265,219,,53752,53852,49604,49704,100,8872327697a81c8f522cc5091bbcb2a91bef8670bae487cdf5ff79dd2cd87af3,03000000010000000400000001000000,,,,,False,,,,,,,,,,False,False
/fielddata/eventdata/zone_event_release.narc,/fielddata/eventdata/zone_event_release.narc!/member_00220,0,/fielddata/eventdata/zone_event_release.narc,265,220,,53852,53976,49704,49828,124,af6ebba4b158f1efdfd972593c75f7981a996726dd85a2613d8c91f9240e50d9,03000000020000000400000001000000,,,,,False,,,,,,,,,,False,False
/fielddata/eventdata/zone_event_release.narc,/fielddata/eventdata/zone_event_release.narc!/member_00221,0,/fielddata/eventdata/zone_event_release.narc,265,221,,53976,54004,49828,49856,28,83134ddeeeb67a26e23a33566eed11140b1c6092a9c8b4630217efd0ae1b4510,00000000000000000100000004000300,,,,,False,,,,,,,,,,False,False
/fielddata/eventdata/zone_event_release.narc,/fielddata/eventdata/zone_event_release.narc!/member_00222,0,/fielddata/eventdata/zone_event_release.narc,265,222,,54004,54052,49856,49904,48,ac455deeeb2df7f254301659f1a031be7cb6313c27740e962d39dbd33d46cffc,01000000641f02000300000003000000,,,,,False,,,,,,,,,,False,False
/fielddata/eventdata/zone_event_release.narc,/fielddata/eventdata/zone_event_release.narc!/member_00223,0,/fielddata/eventdata/zone_event_release.narc,265,223,,54052,54148,49904,50000,96,ed1fac7b2d0cebacc2ad6b36358b2fab9bc25fdec397938586d9d73ba8efe45d,0000000001000000000001000b000000,,,,,False,,,,,,,,,,False,False
/fielddata/eventdata/zone_event_release.narc,/fielddata/eventdata/zone_event_release.narc!/member_00224,0,/fielddata/eventdata/zone_event_release.narc,265,224,,54148,54176,50000,50028,28,d1bb0e43e3dfc3d55da3f09c0ee511029639773ac852783c9bbb0036af866f6e,00000000000000000100000002000300,,,,,False,,,,,,,,,,False,False
/fielddata/eventdata/zone_event_release.narc,/fielddata/eventdata/zone_event_release.narc!/member_00225,0,/fielddata/eventdata/zone_event_release.narc,265,225,,54176,54272,50028,50124,96,ea10f5a3ff7e81aab788ff51a20516c54bcf8e335bf011ea4df16532e1a00271,00000000010000000000320002000100,,,,,False,,,,,,,,,,False,False
/fielddata/eventdata/zone_event_release.narc,/fielddata/eventdata/zone_event_release.narc!/member_00226,0,/fielddata/eventdata/zone_event_release.narc,265,226,,54272,54300,50124,50152,28,5f59ae4a210fd99cf310ab31abb969b4d7936241eaa385f8fee5acdce23ce5cf,00000000000000000100000002000300,,,,,False,,,,,,,,,,False,False
/fielddata/eventdata/zone_event_release.narc,/fielddata/eventdata/zone_event_release.narc!/member_00227,0,/fielddata/eventdata/zone_event_release.narc,265,227,,54300,54328,50152,50180,28,7eae2228ff09910c4a30aaa6fd2fa0df050608a361f57cd5ffa237b864b5eee3,00000000000000000100000004000300,,,,,False,,,,,,,,,,False,False
/fielddata/eventdata/zone_event_release.narc,/fielddata/eventdata/zone_event_release.narc!/member_00228,0,/fielddata/eventdata/zone_event_release.narc,265,228,,54328,54356,50180,50208,28,538197de213a1f40464f12da62fd2a6cce15e732dd79c873ed3b8f4b780a8329,00000000000000000100000006000300,,,,,False,,,,,,,,,,False,False
/fielddata/eventdata/zone_event_release.narc,/fielddata/eventdata/zone_event_release.narc!/member_00229,0,/fielddata/eventdata/zone_event_release.narc,265,229,,54356,54384,50208,50236,28,0e943dd836a13bbd63f8bb06a785aa81b4181c11aa8391c3e130830cd02ee6b6,00000000000000000100000005000300,,,,,False,,,,,,,,,,False,False
/fielddata/eventdata/zone_event_release.narc,/fielddata/eventdata/zone_event_release.narc!/member_00230,0,/fielddata/eventdata/zone_event_release.narc,265,230,,54384,54432,50236,50284,48,ba682e710333daae16635b7055dabe6d4c22653cc42305263b8154c55b3799e7,01000000651f02000300000003000000,,,,,False,,,,,,,,,,False,False
/fielddata/eventdata/zone_event_release.narc,/fielddata/eventdata/zone_event_release.narc!/member_00231,0,/fielddata/eventdata/zone_event_release.narc,265,231,,54432,54484,50284,50336,52,113e977771caa76137f6a62df8d846d304dd75ff643f9eee5c6346e146ae2b66,00000000000000000300000004000300,,,,,False,,,,,,,,,,False,False
/fielddata/eventdata/zone_event_release.narc,/fielddata/eventdata/zone_event_release.narc!/member_00232,0,/fielddata/eventdata/zone_event_release.narc,265,232,,54484,54548,50336,50400,64,2747500033af27cf5227c88fb64ece92569d7555158af38c40373e5aa8bf0d39,00000000000000000400000004000300,,,,,False,,,,,,,,,,False,False
/fielddata/eventdata/zone_event_release.narc,/fielddata/eventdata/zone_event_release.narc!/member_00233,0,/fielddata/eventdata/zone_event_release.narc,265,233,,54548,54612,50400,50464,64,4a8dd3727600045684f4d9fc705b156a87985e82cd674ceaadc0e0edc54e776c,00000000000000000400000002000300,,,,,False,,,,,,,,,,False,False
/fielddata/eventdata/zone_event_release.narc,/fielddata/eventdata/zone_event_release.narc!/member_00234,0,/fielddata/eventdata/zone_event_release.narc,265,234,,54612,54828,50464,50680,216,b5f0a0d9fcec5420309213094bb55fb1c508275129df51d1bb19ea8877a913fa,03000000010000000400000001000000,,,,,False,,,,,,,,,,False,False
/fielddata/eventdata/zone_event_release.narc,/fielddata/eventdata/zone_event_release.narc!/member_00235,0,/fielddata/eventdata/zone_event_release.narc,265,235,,54828,54856,50680,50708,28,b46ec270a34b69b3ac522bda747dad913af0507c68d2778c2849a08aee5783e8,00000000000000000100000002000300,,,,,False,,,,,,,,,,False,False
/fielddata/eventdata/zone_event_release.narc,/fielddata/eventdata/zone_event_release.narc!/member_00236,0,/fielddata/eventdata/zone_event_release.narc,265,236,,54856,54884,50708,50736,28,86c046a49b0c2951b4e6736e7d5e658c4494422719edeb3131195ed64eafd73d,00000000000000000100000005000300,,,,,False,,,,,,,,,,False,False
/fielddata/eventdata/zone_event_release.narc,/fielddata/eventdata/zone_event_release.narc!/member_00237,0,/fielddata/eventdata/zone_event_release.narc,265,237,,54884,55452,50736,51304,568,f0505de5f7dbe41e7e28ea5b365beb021b8c12ce51f188f96d82931e64e2e233,03000000b21f02002400000046000000,,,,,False,,,,,,,,,,False,False
/fielddata/eventdata/zone_event_release.narc,/fielddata/eventdata/zone_event_release.narc!/member_00238,0,/fielddata/eventdata/zone_event_release.narc,265,238,,55452,56568,51304,52420,1116,ae0023b1cd013e8b86969344e7c31cf865d926e941266c6de13373159c214197,02000000b41f0200060000000f000000,,,,,False,,,,,,,,,,False,False
/fielddata/eventdata/zone_event_release.narc,/fielddata/eventdata/zone_event_release.narc!/member_00239,0,/fielddata/eventdata/zone_event_release.narc,265,239,,56568,56852,52420,52704,284,5a436dabbed188074b3e6c5ae7380179a629a79c2ab22ea3b1b72dcd0fe95f13,02000000b61f02001800000023000000,,,,,False,,,,,,,,,,False,False
/fielddata/eventdata/zone_event_release.narc,/fielddata/eventdata/zone_event_release.narc!/member_00240,0,/fielddata/eventdata/zone_event_release.narc,265,240,,56852,57968,52704,53820,1116,9a07518682c8d4bb05027e4a516ec8382246a96ccd3df985f459b14d1eb15144,05000000bb1f0200160000000a000000,,,,,False,,,,,,,,,,False,False
/fielddata/eventdata/zone_event_release.narc,/fielddata/eventdata/zone_event_release.narc!/member_00241,0,/fielddata/eventdata/zone_event_release.narc,265,241,,57968,58008,53820,53860,40,c9c16169fc1dc3b518c763a7d3ce026b7fc9037b708e3b5af96cde2c22e7f52a,00000000000000000200000005001400,,,,,False,,,,,,,,,,False,False
/fielddata/eventdata/zone_event_release.narc,/fielddata/eventdata/zone_event_release.narc!/member_00242,0,/fielddata/eventdata/zone_event_release.narc,265,242,,58008,58048,53860,53900,40,72a943e7ed711ebf929ced8a30b23c4edc8baaa848391890fc5e6adf83ab46e6,0000000000000000020000000c001000,,,,,False,,,,,,,,,,False,False
/fielddata/eventdata/zone_event_release.narc,/fielddata/eventdata/zone_event_release.narc!/member_00243,0,/fielddata/eventdata/zone_event_release.narc,265,243,,58048,58064,53900,53916,16,374708fff7719dd5979ec875d56cd2286f6d3cf7ec317a3b25632aab28ec37bb,00000000000000000000000000000000,,,,,False,,,,,,,,,,False,False
/fielddata/eventdata/zone_event_release.narc,/fielddata/eventdata/zone_event_release.narc!/member_00244,0,/fielddata/eventdata/zone_event_release.narc,265,244,,58064,58152,53916,54004,88,10cba79647ff5d224b3178fdafeba2755e611849521382c737dc814917681451,00000000010000000000280010000000,,,,,False,,,,,,,,,,False,False
/fielddata/eventdata/zone_event_release.narc,/fielddata/eventdata/zone_event_release.narc!/member_00245,0,/fielddata/eventdata/zone_event_release.narc,265,245,,58152,59080,54004,54932,928,d3f6ffbcd2b4d8b82e0d52ee9bd433d04f20813847dd156d02ac2d6828079c76,00000000190000000000a30000000000,,,,,False,,,,,,,,,,False,False
/fielddata/eventdata/zone_event_release.narc,/fielddata/eventdata/zone_event_release.narc!/member_00246,0,/fielddata/eventdata/zone_event_release.narc,265,246,,59080,60112,54932,55964,1032,4e659717b708b53963b2339bc56448037eddac0a3aecef81fbadfb930339af1e,000000001f0000000000550000000000,,,,,False,,,,,,,,,,False,False
/fielddata/eventdata/zone_event_release.narc,/fielddata/eventdata/zone_event_release.narc!/member_00247,0,/fielddata/eventdata/zone_event_release.narc,265,247,,60112,60128,55964,55980,16,374708fff7719dd5979ec875d56cd2286f6d3cf7ec317a3b25632aab28ec37bb,00000000000000000000000000000000,,,,,False,,,,,,,,,,False,False
/fielddata/eventdata/zone_event_release.narc,/fielddata/eventdata/zone_event_release.narc!/member_00248,0,/fielddata/eventdata/zone_event_release.narc,265,248,,60128,60632,55980,56484,504,e0282bafffb9bc545dbf0b2f8a409e2664b1e405d025feb7e77f756cf5803159,0b0000007a1f0200340000001f000000,,,,,False,,,,,,,,,,False,False
/fielddata/eventdata/zone_event_release.narc,/fielddata/eventdata/zone_event_release.narc!/member_00249,0,/fielddata/eventdata/zone_event_release.narc,265,249,,60632,60724,56484,56576,92,93aec9926544c07bf92a89005d95b0e88b751fe2c3cdbc02d00cf5035e1c6a5f,0000000002000000000014000e000000,,,,,False,,,,,,,,,,False,False
/fielddata/eventdata/zone_event_release.narc,/fielddata/eventdata/zone_event_release.narc!/member_00250,0,/fielddata/eventdata/zone_event_release.narc,265,250,,60724,61144,56576,56996,420,ddeeb217dc61d40525fcaf84272a476e4d557953c178d0c65b139f5177ab8ab9,000000000b000000000035000f000100,,,,,False,,,,,,,,,,False,False
/fielddata/eventdata/zone_event_release.narc,/fielddata/eventdata/zone_event_release.narc!/member_00251,0,/fielddata/eventdata/zone_event_release.narc,265,251,,61144,61716,56996,57568,572,47d0e3830d638c5d43714bfebaa80b1965380d15ce9aa6059cdb3dc155cb194c,0000000011000000000011002d000100,,,,,False,,,,,,,,,,False,False
/fielddata/eventdata/zone_event_release.narc,/fielddata/eventdata/zone_event_release.narc!/member_00252,0,/fielddata/eventdata/zone_event_release.narc,265,252,,61716,61884,57568,57736,168,1a31d3153626e947c7e2264d9eb09c689d33898b907bc3a676309233603c3100,00000000040000000000380000000000,,,,,False,,,,,,,,,,False,False
/fielddata/eventdata/zone_event_release.narc,/fielddata/eventdata/zone_event_release.narc!/member_00253,0,/fielddata/eventdata/zone_event_release.narc,265,253,,61884,61988,57736,57840,104,7310e10070e1a2bea0518022c53be583a74e7932e6b426b2db37362481e830bc,000000000200000000009f0000000000,,,,,False,,,,,,,,,,False,False
/fielddata/eventdata/zone_event_release.narc,/fielddata/eventdata/zone_event_release.narc!/member_00254,0,/fielddata/eventdata/zone_event_release.narc,265,254,,61988,62144,57840,57996,156,b1f4389ec5a02c674a4b5b015a1b6b1a28604319c5ccad2c6fe5e3fc25fbb2b0,00000000040000000000570000000000,,,,,False,,,,,,,,,,False,False
/fielddata/eventdata/zone_event_release.narc,/fielddata/eventdata/zone_event_release.narc!/member_00255,0,/fielddata/eventdata/zone_event_release.narc,265,255,,62144,62684,57996,58536,540,a235a03838f409fa291e527438ea814b3a3d6b6844377a644ef661a6f4c8f066,01000000ca1f02001900000004000000,,,,,False,,,,,,,,,,False,False
/fielddata/eventdata/zone_event_release.narc,/fielddata/eventdata/zone_event_release.narc!/member_00256,0,/fielddata/eventdata/zone_event_release.narc,265,256,,62684,63884,58536,59736,1200,24f1cc1af57993bd34bb00cf1d6924a3661e79b58ec4922ce8d492abf12e618b,06000000cc1f02005500000031000000,,,,,False,,,,,,,,,,False,False
/fielddata/eventdata/zone_event_release.narc,/fielddata/eventdata/zone_event_release.narc!/member_00257,0,/fielddata/eventdata/zone_event_release.narc,265,257,,63884,64056,59736,59908,172,42f419a7f682ac816ccbd519be8ab58a5c3ed771f023b3620617a71cccbbfaa9,0000000004000000000094000e000000,,,,,False,,,,,,,,,,False,False
/fielddata/eventdata/zone_event_release.narc,/fielddata/eventdata/zone_event_release.narc!/member_00258,0,/fielddata/eventdata/zone_event_release.narc,265,258,,64056,64108,59908,59960,52,7a146a675e12d5d380a2c11ff6b0c6ff3235c87c427125fdbfbdf0e35a5df688,0000000000000000030000000c003800,,,,,False,,,,,,,,,,False,False
/fielddata/eventdata/zone_event_release.narc,/fielddata/eventdata/zone_event_release.narc!/member_00259,0,/fielddata/eventdata/zone_event_release.narc,265,259,,64108,64244,59960,60096,136,d6bf8964b40c4c14ae4c95ee42443d93c87c863938f2c1b0d36334586a34746e,03000000020000000a0000000e000000,,,,,False,,,,,,,,,,False,False
/fielddata/eventdata/zone_event_release.narc,/fielddata/eventdata/zone_event_release.narc!/member_00260,0,/fielddata/eventdata/zone_event_release.narc,265,260,,64244,64368,60096,60220,124,002fe9bd2ce2a969fba078fbf07f6856453e31161016db03a0d192e6d7a94e75,03000000020000000a0000000e000000,,,,,False,,,,,,,,,,False,False
/fielddata/eventdata/zone_event_release.narc,/fielddata/eventdata/zone_event_release.narc!/member_00261,0,/fielddata/eventdata/zone_event_release.narc,265,261,,64368,64556,60220,60408,188,6257874c33d8530e2154da9c43560cdd0b0a1ae47936d71ae602a39e5c4b1cb7,03000000040000000b0000000c000000,,,,,False,,,,,,,,,,False,False
/fielddata/eventdata/zone_event_release.narc,/fielddata/eventdata/zone_event_release.narc!/member_00262,0,/fielddata/eventdata/zone_event_release.narc,265,262,,64556,64972,60408,60824,416,eebecbf1985f9173b38ca6361503df3d82a3a4b4a80b58b069543d0502079823,000000000b0000000000550000000000,,,,,False,,,,,,,,,,False,False
/fielddata/eventdata/zone_event_release.narc,/fielddata/eventdata/zone_event_release.narc!/member_00263,0,/fielddata/eventdata/zone_event_release.narc,265,263,,64972,65388,60824,61240,416,4ca3a8f884713a81054898e84b603caa669bc9e9fb6e401461889a7b1e7db24e,000000000b0000000000550000000000,,,,,False,,,,,,,,,,False,False
/fielddata/eventdata/zone_event_release.narc,/fielddata/eventdata/zone_event_release.narc!/member_00264,0,/fielddata/eventdata/zone_event_release.narc,265,264,,65388,65868,61240,61720,480,82ac330a99ed081bbdb3b7c9f3b7ba7e0c37dc75b908524e1d0a2fdea11c1f3a,000000000d0000000000550000000000,,,,,False,,,,,,,,,,False,False
/fielddata/eventdata/zone_event_release.narc,/fielddata/eventdata/zone_event_release.narc!/member_00265,0,/fielddata/eventdata/zone_event_release.narc,265,265,,65868,65916,61720,61768,48,7fa37ef7865ea8d6e1aa504f35bbe126acab46ef08d22a0a4623ee59b8edec4b,000000000100000000009e0000000000,,,,,False,,,,,,,,,,False,False
/fielddata/eventdata/zone_event_release.narc,/fielddata/eventdata/zone_event_release.narc!/member_00266,0,/fielddata/eventdata/zone_event_release.narc,265,266,,65916,65956,61768,61808,40,8157c6c5d4ae1649206590e906c5859f1a543e7e74ca727884de2b87f2ed60e4,00000000000000000200000008000d00,,,,,False,,,,,,,,,,False,False
/fielddata/eventdata/zone_event_release.narc,/fielddata/eventdata/zone_event_release.narc!/member_00267,0,/fielddata/eventdata/zone_event_release.narc,265,267,,65956,66028,61808,61880,72,2b8b984a09223ac43e69d5f8cea506b502284fa440aabc4156bc214beebc0804,00000000010000000000570000000000,,,,,False,,,,,,,,,,False,False
/fielddata/eventdata/zone_event_release.narc,/fielddata/eventdata/zone_event_release.narc!/member_00268,0,/fielddata/eventdata/zone_event_release.narc,265,268,,66028,66132,61880,61984,104,0b080b44ea2506c7f135c94126827cc3fab781a76ea21b38642834b5e85e1843,00000000020000000000550000000000,,,,,False,,,,,,,,,,False,False
/fielddata/eventdata/zone_event_release.narc,/fielddata/eventdata/zone_event_release.narc!/member_00269,0,/fielddata/eventdata/zone_event_release.narc,265,269,,66132,66192,61984,62044,60,cd72db0d01cdfc365abb6dba2ed0b051749a25d6b17122cb4e5b86258df01402,01000000f31f02000a00000008000000,,,,,False,,,,,,,,,,False,False
/fielddata/eventdata/zone_event_release.narc,/fielddata/eventdata/zone_event_release.narc!/member_00270,0,/fielddata/eventdata/zone_event_release.narc,265,270,,66192,66296,62044,62148,104,b3f15e5db98e119642dbdf132ddecf1c81af6bf679e5875bf8a697c7f27fd874,00000000020000000000570000000000,,,,,False,,,,,,,,,,False,False
/fielddata/eventdata/zone_event_release.narc,/fielddata/eventdata/zone_event_release.narc!/member_00271,0,/fielddata/eventdata/zone_event_release.narc,265,271,,66296,66356,62148,62208,60,b739e1130f00a669b6857048507c45c53ee14bd0089a4eca876478f04e9fda11,00000000010000000000b80000000000,,,,,False,,,,,,,,,,False,False
/fielddata/eventdata/zone_event_release.narc,/fielddata/eventdata/zone_event_release.narc!/member_00272,0,/fielddata/eventdata/zone_event_release.narc,265,272,,66356,67548,62208,63400,1192,960da4e7c511381d376c48952dccf954ea6c06d56bb5663f135bb79121df9cff,06000000461f0200480000000f000000,,,,,False,,,,,,,,,,False,False
/fielddata/eventdata/zone_event_release.narc,/fielddata/eventdata/zone_event_release.narc!/member_00273,0,/fielddata/eventdata/zone_event_release.narc,265,273,,67548,67724,63400,63576,176,c92f3f4562b1d4ee33b86a9e8e5241a123dc7ab43c3099a1f0f3ed4a55eae3d9,020000004b1f0200030000000a000000,,,,,False,,,,,,,,,,False,False
/fielddata/eventdata/zone_event_release.narc,/fielddata/eventdata/zone_event_release.narc!/member_00274,0,/fielddata/eventdata/zone_event_release.narc,265,274,,67724,67816,63576,63668,92,88c69f295a7e00127a61bcb46822a480d817795650a85b6e7527b23a1ccb1bbf,00000000020000000000570000000000,,,,,False,,,,,,,,,,False,False
/fielddata/eventdata/zone_event_release.narc,/fielddata/eventdata/zone_event_release.narc!/member_00275,0,/fielddata/eventdata/zone_event_release.narc,265,275,,67816,67856,63668,63708,40,789059c65edc2b2b9db0cdfce1f99167300ef39f78ed77adeb107eaac7b3e18b,0000000000000000020000000e001900,,,,,False,,,,,,,,,,False,False
/fielddata/eventdata/zone_event_release.narc,/fielddata/eventdata/zone_event_release.narc!/member_00276,0,/fielddata/eventdata/zone_event_release.narc,265,276,,67856,67960,63708,63812,104,e93b8f940eca687f5baff4ec8deaf518468e355657fd572e181fbb0bb6ca196f,01000000731f020072000000f8010000,,,,,False,,,,,,,,,,False,False
/fielddata/eventdata/zone_event_release.narc,/fielddata/eventdata/zone_event_release.narc!/member_00277,0,/fielddata/eventdata/zone_event_release.narc,265,277,,67960,68012,63812,63864,52,574f2991c67f7d7a050a15e936d70f89e9706cf7a10b2345fa3cbf1a4983f29d,00000000000000000300000006000800,,,,,False,,,,,,,,,,False,False
/fielddata/eventdata/zone_event_release.narc,/fielddata/eventdata/zone_event_release.narc!/member_00278,0,/fielddata/eventdata/zone_event_release.narc,265,278,,68012,68104,63864,63956,92,80bcd2b525fe4d502d9ffce788088f59e30e50a24850a03e38511ba4d7fc6267,00000000020000000000570000000000,,,,,False,,,,,,,,,,False,False
/fielddata/eventdata/zone_event_release.narc,/fielddata/eventdata/zone_event_release.narc!/member_00279,0,/fielddata/eventdata/zone_event_release.narc,265,279,,68104,68288,63956,64140,184,5aec1a928672dd3698e1dcb89259a527eb6db547b84f17af1f1727ae38e455ca,01000000741f02001300000010000000,,,,,False,,,,,,,,,,False,False
/fielddata/eventdata/zone_event_release.narc,/fielddata/eventdata/zone_event_release.narc!/member_00280,0,/fielddata/eventdata/zone_event_release.narc,265,280,,68288,68464,64140,64316,176,a071bcdd3672e50a4a1cf8c1ba53b2a84588ce920156fa34d74b95e3b0f9ab17,01000000751f02000c00000011000000,,,,,False,,,,,,,,,,False,False
/fielddata/eventdata/zone_event_release.narc,/fielddata/eventdata/zone_event_release.narc!/member_00281,0,/fielddata/eventdata/zone_event_release.narc,265,281,,68464,69108,64316,64960,644,87c6fc33e3b22beba73f2e25d35829b27dd1573197f755ad4772cf9f3a0bdb81,03000000781f02002000000028000000,,,,,False,,,,,,,,,,False,False
/fielddata/eventdata/zone_event_release.narc,/fielddata/eventdata/zone_event_release.narc!/member_00282,0,/fielddata/eventdata/zone_event_release.narc,265,282,,69108,69196,64960,65048,88,d0a2d3f1cf6c0a4496816325bd540b69cd67fb882bb03a2511718fb0eedcd960,00000000010000000000570000000000,,,,,False,,,,,,,,,,False,False
/fielddata/eventdata/zone_event_release.narc,/fielddata/eventdata/zone_event_release.narc!/member_00283,0,/fielddata/eventdata/zone_event_release.narc,265,283,,69196,69292,65048,65144,96,f7b1a45820124a92ca42b9255fd97acd97c518bd6832becd8efeb7eac98d561d,01000000020000000700000006000000,,,,,False,,,,,,,,,,False,False
/fielddata/eventdata/zone_event_release.narc,/fielddata/eventdata/zone_event_release.narc!/member_00284,0,/fielddata/eventdata/zone_event_release.narc,265,284,,69292,69372,65144,65224,80,1b561b0de575be183d97ffee45a04937f16c7afe215b10ebcfe325682fd5f7c7,01000000e71f02000600000003000000,,,,,False,,,,,,,,,,False,False
/fielddata/eventdata/zone_event_release.narc,/fielddata/eventdata/zone_event_release.narc!/member_00285,0,/fielddata/eventdata/zone_event_release.narc,265,285,,69372,69444,65224,65296,72,864ac9a489f065f3e5448c4ba3afb70b9714fcd974bc2b5894858a720018d146,00000000010000000000570000000000,,,,,False,,,,,,,,,,False,False
/fielddata/eventdata/zone_event_release.narc,/fielddata/eventdata/zone_event_release.narc!/member_00286,0,/fielddata/eventdata/zone_event_release.narc,265,286,,69444,69532,65296,65384,88,1444266cb6e08d90f1a1672fe6418c26678760390552e9ae0cf763ab65453285,00000000000000000600000013000500,,,,,False,,,,,,,,,,False,False
/fielddata/eventdata/zone_event_release.narc,/fielddata/eventdata/zone_event_release.narc!/member_00287,0,/fielddata/eventdata/zone_event_release.narc,265,287,,69532,69592,65384,65444,60,abfa93e2a8fc4fab08e2084501edb7c71207709717d19b38f7cec171dfd55f79,00000000010000000000570000000000,,,,,False,,,,,,,,,,False,False
/fielddata/eventdata/zone_event_release.narc,/fielddata/eventdata/zone_event_release.narc!/member_00288,0,/fielddata/eventdata/zone_event_release.narc,265,288,,69592,69692,65444,65544,100,0eb32dc135b39d5f5fc30def52333da3c0336df2de1f43ba9dd26b98cd8d3586,02000000010000000b00000003000000,,,,,False,,,,,,,,,,False,False
/fielddata/eventdata/zone_event_release.narc,/fielddata/eventdata/zone_event_release.narc!/member_00289,0,/fielddata/eventdata/zone_event_release.narc,265,289,,69692,69720,65544,65572,28,24754e145732b4959f22e6a137d60e6755b4056bc43f017bc08d4a97cbfa82a6,0000000000000000010000000c000700,,,,,False,,,,,,,,,,False,False
/fielddata/eventdata/zone_event_release.narc,/fielddata/eventdata/zone_event_release.narc!/member_00290,0,/fielddata/eventdata/zone_event_release.narc,265,290,,69720,69812,65572,65664,92,261efc6e9f58d2ea33e60c826470e0a260c0ee37537de2cb9545bfa41739285a,00000000020000000000570000000000,,,,,False,,,,,,,,,,False,False
/fielddata/eventdata/zone_event_release.narc,/fielddata/eventdata/zone_event_release.narc!/member_00291,0,/fielddata/eventdata/zone_event_release.narc,265,291,,69812,69872,65664,65724,60,c0b57113f15f94a0f032bc0387e1a4f4d9f26c87fb699ad7c86c4d10d09af884,00000000010000000000570000000000,,,,,False,,,,,,,,,,False,False
/fielddata/eventdata/zone_event_release.narc,/fielddata/eventdata/zone_event_release.narc!/member_00292,0,/fielddata/eventdata/zone_event_release.narc,265,292,,69872,70428,65724,66280,556,3195bf749d15bb6f6ba01715dbb3bd3820ae41cf6d3b15684945a912036f5620,020000008a1f0200240000000e000000,,,,,False,,,,,,,,,,False,False
/fielddata/eventdata/zone_event_release.narc,/fielddata/eventdata/zone_event_release.narc!/member_00293,0,/fielddata/eventdata/zone_event_release.narc,265,293,,70428,71024,66280,66876,596,a00c50a42a835af4f1d2a0d31e1fdc359c88995a3c53106e8a66a9546beb65f7,0c000000010000002800000004000000,,,,,False,,,,,,,,,,False,False
/fielddata/eventdata/zone_event_release.narc,/fielddata/eventdata/zone_event_release.narc!/member_00294,0,/fielddata/eventdata/zone_event_release.narc,265,294,,71024,71516,66876,67368,492,5223bf1e95e24a88ccb3134bf497882eb07d670396d875f7d75010913aadde61,040000008e1f02002700000016000000,,,,,False,,,,,,,,,,False,False
/fielddata/eventdata/zone_event_release.narc,/fielddata/eventdata/zone_event_release.narc!/member_00295,0,/fielddata/eventdata/zone_event_release.narc,265,295,,71516,71804,67368,67656,288,ac2d529746403c8515a5388edc138f6acb8a874b0c8a3edac06360fee9e97782,03000000901f02000100000004000000,,,,,False,,,,,,,,,,False,False
/fielddata/eventdata/zone_event_release.narc,/fielddata/eventdata/zone_event_release.narc!/member_00296,0,/fielddata/eventdata/zone_event_release.narc,265,296,,71804,71876,67656,67728,72,72463567dfcc26934410bf291cd7bac9d0701e2d0a23820c4890eaeff305b8ac,000000000100000000007c000f000000,,,,,False,,,,,,,,,,False,False
/fielddata/eventdata/zone_event_release.narc,/fielddata/eventdata/zone_event_release.narc!/member_00297,0,/fielddata/eventdata/zone_event_release.narc,265,297,,71876,72216,67728,68068,340,6b2ffd1fb8249b79d9d6d94cede7f17c9ba3fd12ce9c33b61a00a82b976bf292,000000000900000000007c0008000000,,,,,False,,,,,,,,,,False,False
/fielddata/eventdata/zone_event_release.narc,/fielddata/eventdata/zone_event_release.narc!/member_00298,0,/fielddata/eventdata/zone_event_release.narc,265,298,,72216,72480,68068,68332,264,e23643367df892c35d93e5d6aba719f43c8eea19e10f00b0b0b3380590effc87,0000000007000000000063000e000000,,,,,False,,,,,,,,,,False,False
/fielddata/eventdata/zone_event_release.narc,/fielddata/eventdata/zone_event_release.narc!/member_00299,0,/fielddata/eventdata/zone_event_release.narc,265,299,,72480,72820,68332,68672,340,4ba9541f2997c08d720eea883e956a4f292d8138df023d67407793f2be75a664,000000000900000000007c0011000100,,,,,False,,,,,,,,,,False,False
/fielddata/eventdata/zone_event_release.narc,/fielddata/eventdata/zone_event_release.narc!/member_00300,0,/fielddata/eventdata/zone_event_release.narc,265,300,,72820,72912,68672,68764,92,a685f22095ef173474d773bc93ef80fc07c9f3b80488151e4bf131b8cd6949e8,0000000002000000000098000f000000,,,,,False,,,,,,,,,,False,False
/fielddata/eventdata/zone_event_release.narc,/fielddata/eventdata/zone_event_release.narc!/member_00301,0,/fielddata/eventdata/zone_event_release.narc,265,301,,72912,73944,68764,69796,1032,d0dc67033b47f193f38b46adefa4531b4aadff00f7c81a66173170d00968b050,01000000791f02000c0000000f000000,,,,,False,,,,,,,,,,False,False
/fielddata/eventdata/zone_event_release.narc,/fielddata/eventdata/zone_event_release.narc!/member_00302,0,/fielddata/eventdata/zone_event_release.narc,265,302,,73944,74052,69796,69904,108,33554fc7ebfbdec1a603f98700362ad83aa1957fd0d3bac0aa1a5057dce74ac9,00000000010000000000570000000000,,,,,False,,,,,,,,,,False,False
/fielddata/eventdata/zone_event_release.narc,/fielddata/eventdata/zone_event_release.narc!/member_00303,0,/fielddata/eventdata/zone_event_release.narc,265,303,,74052,74156,69904,70008,104,816b8f7b7b1f116f3249b9102d654d33d93cf165833430d8655f0b4986263082,0000000002000000000099000f000000,,,,,False,,,,,,,,,,False,False
/fielddata/eventdata/zone_event_release.narc,/fielddata/eventdata/zone_event_release.narc!/member_00304,0,/fielddata/eventdata/zone_event_release.narc,265,304,,74156,74260,70008,70112,104,6bfcee4268a16bf9dd85d42343a1a7cc05aa6bb063bf3fccc5857cb4d75a95ca,00000000020000000000940007000000,,,,,False,,,,,,,,,,False,False
/fielddata/eventdata/zone_event_release.narc,/fielddata/eventdata/zone_event_release.narc!/member_00305,0,/fielddata/eventdata/zone_event_release.narc,265,305,,74260,74432,70112,70284,172,b5ef9987d24efdabf67d828761ee3433fec81c3a61c3aaa2d2206c6388ce9b06,00000000030000000000570000000000,,,,,False,,,,,,,,,,False,False
/fielddata/eventdata/zone_event_release.narc,/fielddata/eventdata/zone_event_release.narc!/member_00306,0,/fielddata/eventdata/zone_event_release.narc,265,306,,74432,74492,70284,70344,60,119d01e8b0df7f26a46b34fbb5c3ae3610fe5c5b758f20a6628e3abc0fdb3a39,0000000001000000000097000f000000,,,,,False,,,,,,,,,,False,False
/fielddata/eventdata/zone_event_release.narc,/fielddata/eventdata/zone_event_release.narc!/member_00307,0,/fielddata/eventdata/zone_event_release.narc,265,307,,74492,74660,70344,70512,168,b16ad3720cb4228a41a33d2cea341977f8cb76cf1d29b8fbc5ea4e9d9ac6fcf2,00000000040000000000380000000000,,,,,False,,,,,,,,,,False,False
/fielddata/eventdata/zone_event_release.narc,/fielddata/eventdata/zone_event_release.narc!/member_00308,0,/fielddata/eventdata/zone_event_release.narc,265,308,,74660,74732,70512,70584,72,f3985b6739e94bedee1385f9502aa79dd9ddaf98a71b4a112c8a5a3a45261997,000000000100000000009d000f000000,,,,,False,,,,,,,,,,False,False
/fielddata/eventdata/zone_event_release.narc,/fielddata/eventdata/zone_event_release.narc!/member_00309,0,/fielddata/eventdata/zone_event_release.narc,265,309,,74732,75284,70584,71136,552,83baa557545686cb412740b21d518d9a103818f90048c19eda53256ffdfb11ce,000000000e00000000000f0000000000,,,,,False,,,,,,,,,,False,False
/fielddata/eventdata/zone_event_release.narc,/fielddata/eventdata/zone_event_release.narc!/member_00310,0,/fielddata/eventdata/zone_event_release.narc,265,310,,75284,75612,71136,71464,328,7fead77b3f996abd0563aac3260f43b8e672eb091d01c5201e1dacd8ce7a68bf,00000000090000000000af0000000000,,,,,False,,,,,,,,,,False,False
/fielddata/eventdata/zone_event_release.narc,/fielddata/eventdata/zone_event_release.narc!/member_00311,0,/fielddata/eventdata/zone_event_release.narc,265,311,,75612,76168,71464,72020,556,c6bdc1555f8b80c50185229562baa97a03928e676ddf9701b0c28b5beaaeaf5d,040000000a0000000900000005000000,,,,,False,,,,,,,,,,False,False
/fielddata/eventdata/zone_event_release.narc,/fielddata/eventdata/zone_event_release.narc!/member_00312,0,/fielddata/eventdata/zone_event_release.narc,265,312,,76168,76216,72020,72068,48,02feae620de8b8e42cb5850e11f03cb8d57756a4b87ea95a3becf7707c3f643a,000000000100000000001b0000000000,,,,,False,,,,,,,,,,False,False
/fielddata/eventdata/zone_event_release.narc,/fielddata/eventdata/zone_event_release.narc!/member_00313,0,/fielddata/eventdata/zone_event_release.narc,265,313,,76216,76264,72068,72116,48,3c8b9d1b660011c3a8ecfcfb4d01ac82ff002e50bf438d1341f8a54306af1113,000000000100000000001b0000000000,,,,,False,,,,,,,,,,False,False
/fielddata/eventdata/zone_event_release.narc,/fielddata/eventdata/zone_event_release.narc!/member_00314,0,/fielddata/eventdata/zone_event_release.narc,265,314,,76264,76408,72116,72260,144,584561be7d32e4fa5353dc7c75f3cbbde170db4425b8be38b85cad82055faf0b,000000000400000000001b0000000000,,,,,False,,,,,,,,,,False,False
/fielddata/eventdata/zone_event_release.narc,/fielddata/eventdata/zone_event_release.narc!/member_00315,0,/fielddata/eventdata/zone_event_release.narc,265,315,,76408,76520,72260,72372,112,6612639bd799fc1f4fc2739ae76aa3a441db9c26b8e68934b0ca500339437a3b,000000000300000000001b0000000000,,,,,False,,,,,,,,,,False,False
/fielddata/eventdata/zone_event_release.narc,/fielddata/eventdata/zone_event_release.narc!/member_00316,0,/fielddata/eventdata/zone_event_release.narc,265,316,,76520,76728,72372,72580,208,24b5e23f923751f13e4881e1c36bc2221a97c2f52f1d9e71e9cfb6fbd1c8aeef,000000000600000000001b0000000000,,,,,False,,,,,,,,,,False,False
/fielddata/eventdata/zone_event_release.narc,/fielddata/eventdata/zone_event_release.narc!/member_00317,0,/fielddata/eventdata/zone_event_release.narc,265,317,,76728,76792,72580,72644,64,5effd4257deaeb2dcb4ffbe194e3ec1a53e26b486b7102e2b6311292d9bead94,000000000100000000003c0010000000,,,,,False,,,,,,,,,,False,False
/fielddata/eventdata/zone_event_release.narc,/fielddata/eventdata/zone_event_release.narc!/member_00318,0,/fielddata/eventdata/zone_event_release.narc,265,318,,76792,76856,72644,72708,64,ec780651bf718945a1e42c1f87855f58eb61d192e3fd45613e43b520e761db90,000000000100000000003c0010000000,,,,,False,,,,,,,,,,False,False
/fielddata/eventdata/zone_event_release.narc,/fielddata/eventdata/zone_event_release.narc!/member_00319,0,/fielddata/eventdata/zone_event_release.narc,265,319,,76856,77036,72708,72888,180,72d41a3ee87bbf91eee926360e6c932682971df55cbaf52f31651fb76dee88dd,01000000e01f02005600000051030000,,,,,False,,,,,,,,,,False,False
/fielddata/eventdata/zone_event_release.narc,/fielddata/eventdata/zone_event_release.narc!/member_00320,0,/fielddata/eventdata/zone_event_release.narc,265,320,,77036,77052,72888,72904,16,374708fff7719dd5979ec875d56cd2286f6d3cf7ec317a3b25632aab28ec37bb,00000000000000000000000000000000,,,,,False,,,,,,,,,,False,False
/fielddata/eventdata/zone_event_release.narc,/fielddata/eventdata/zone_event_release.narc!/member_00321,0,/fielddata/eventdata/zone_event_release.narc,265,321,,77052,77568,72904,73420,516,4f8228be10b4bc8b1616f6ef62b004c3d5cda42f9753a0e84e1e4bae0f4074fc,040000005f1f0200d00200001a030000,,,,,False,,,,,,,,,,False,False
/fielddata/eventdata/zone_event_release.narc,/fielddata/eventdata/zone_event_release.narc!/member_00322,0,/fielddata/eventdata/zone_event_release.narc,265,322,,77568,78204,73420,74056,636,ddab135ee0bdbad29197a5424e740ab2e927b0273363d06c12bc46d8852c5a35,00000000130000000000240011000100,,,,,False,,,,,,,,,,False,False
/fielddata/eventdata/zone_event_release.narc,/fielddata/eventdata/zone_event_release.narc!/member_00323,0,/fielddata/eventdata/zone_event_release.narc,265,323,,78204,78264,74056,74116,60,f36ef61c276d524b46a59cf77793cb2e3ec04e88fc108157ac4c3523de054560,000000000100000000000d0003000000,,,,,False,,,,,,,,,,False,False
/fielddata/eventdata/zone_event_release.narc,/fielddata/eventdata/zone_event_release.narc!/member_00324,0,/fielddata/eventdata/zone_event_release.narc,265,324,,78264,78324,74116,74176,60,c9c5ea0bdaec485437caf7e6022561a8acbfe7978462dc12d33b7d209e08b166,000000000100000000003e0000000000,,,,,False,,,,,,,,,,False,False
/fielddata/eventdata/zone_event_release.narc,/fielddata/eventdata/zone_event_release.narc!/member_00325,0,/fielddata/eventdata/zone_event_release.narc,265,325,,78324,78516,74176,74368,192,4efe333b1f3ed9678e9b93e2043777314c58de907a76aaf283855b41c759ee04,00000000040000000000570000000000,,,,,False,,,,,,,,,,False,False
/fielddata/eventdata/zone_event_release.narc,/fielddata/eventdata/zone_event_release.narc!/member_00326,0,/fielddata/eventdata/zone_event_release.narc,265,326,,78516,78556,74368,74408,40,db7578207cb31cca2c4a40d233dec790da4b7225c3a15effb2c8555275405cf6,000000000000000002000000fa02c902,,,,,False,,,,,,,,,,False,False
/fielddata/eventdata/zone_event_release.narc,/fielddata/eventdata/zone_event_release.narc!/member_00327,0,/fielddata/eventdata/zone_event_release.narc,265,327,,78556,79004,74408,74856,448,20e193fabb4489ff5cae7faa6f2420ee45a08f6f45f6f6945036459be321f750,000000000c0000000000090003000000,,,,,False,,,,,,,,,,False,False
/fielddata/eventdata/zone_event_release.narc,/fielddata/eventdata/zone_event_release.narc!/member_00328,0,/fielddata/eventdata/zone_event_release.narc,265,328,,79004,79344,74856,75196,340,17c0c1616d0cb8d4acbfd50e9ece28b7e4243ed1b527d5d1832956c508ca5c88,01000000e11f0200a80000001b030000,,,,,False,,,,,,,,,,False,False
/fielddata/eventdata/zone_event_release.narc,/fielddata/eventdata/zone_event_release.narc!/member_00329,0,/fielddata/eventdata/zone_event_release.narc,265,329,,79344,79868,75196,75720,524,a5538e7025f82793f546381e76af7037daadad62b3ae2aed817aecb1578389aa,000000000f000000000004002d000100,,,,,False,,,,,,,,,,False,False
/fielddata/eventdata/zone_event_release.narc,/fielddata/eventdata/zone_event_release.narc!/member_00330,0,/fielddata/eventdata/zone_event_release.narc,265,330,,79868,80216,75720,76068,348,57419b5fe791d60db542d30d18f9541258ba45c32a0a8b8165881fe000a126d0,000000000a0000000000060007000100,,,,,False,,,,,,,,,,False,False
/fielddata/eventdata/zone_event_release.narc,/fielddata/eventdata/zone_event_release.narc!/member_00331,0,/fielddata/eventdata/zone_event_release.narc,265,331,,80216,80628,76068,76480,412,dc1454d9e10692dbb38660f260eb7eedfebd43d24c3d634460cf3e2428f655e0,000000000c0000000000050014000100,,,,,False,,,,,,,,,,False,False
/fielddata/eventdata/zone_event_release.narc,/fielddata/eventdata/zone_event_release.narc!/member_00332,0,/fielddata/eventdata/zone_event_release.narc,265,332,,80628,81756,76480,77608,1128,4c9875d7f1b236205a17a1f79d13053a2dfd8305de216b65721729f88ae113b3,0100000019200200d400000073020000,,,,,False,,,,,,,,,,False,False
/fielddata/eventdata/zone_event_release.narc,/fielddata/eventdata/zone_event_release.narc!/member_00333,0,/fielddata/eventdata/zone_event_release.narc,265,333,,81756,81848,77608,77700,92,8482c6e2369f5583359a6bc9a0c0f40c5c1907b815a975586796ff8a724cfb49,00000000020000000000100000000000,,,,,False,,,,,,,,,,False,False
/fielddata/eventdata/zone_event_release.narc,/fielddata/eventdata/zone_event_release.narc!/member_00334,0,/fielddata/eventdata/zone_event_release.narc,265,334,,81848,82292,77700,78144,444,9576a38c128865f6b12dd88eb2d22783f7f498dec900e54dbc24c2f21b4c3957,01000000d61f02001d01000008020000,,,,,False,,,,,,,,,,False,False
/fielddata/eventdata/zone_event_release.narc,/fielddata/eventdata/zone_event_release.narc!/member_00335,0,/fielddata/eventdata/zone_event_release.narc,265,335,,82292,83252,78144,79104,960,59621ca63989a0665d4fa7c6ea3545fbd33cadc7bb8d4c51669586ba0744d4ee,02000000441f02003901000087020000,,,,,False,,,,,,,,,,False,False
/fielddata/eventdata/zone_event_release.narc,/fielddata/eventdata/zone_event_release.narc!/member_00336,0,/fielddata/eventdata/zone_event_release.narc,265,336,,83252,83452,79104,79304,200,e63a95d417931ca525f2c601389503149d4e2a4347ff75876cef5f4d0036edc4,00000000030000000000180011000000,,,,,False,,,,,,,,,,False,False
/fielddata/eventdata/zone_event_release.narc,/fielddata/eventdata/zone_event_release.narc!/member_00337,0,/fielddata/eventdata/zone_event_release.narc,265,337,,83452,83492,79304,79344,40,03801788e1ea8eb69498e67bc804267ec44f2fd1a5a3cd8a554c7ec5fcb3706a,00000000000000000200000005000200,,,,,False,,,,,,,,,,False,False
/fielddata/eventdata/zone_event_release.narc,/fielddata/eventdata/zone_event_release.narc!/member_00338,0,/fielddata/eventdata/zone_event_release.narc,265,338,,83492,84460,79344,80312,968,6521e1e6345b5546e58cdc60a5f890f6e69ef26bccb5421b4379ad880fb24d6e,040000004c1f020039010000cf020000,,,,,False,,,,,,,,,,False,False
/fielddata/eventdata/zone_event_release.narc,/fielddata/eventdata/zone_event_release.narc!/member_00339,0,/fielddata/eventdata/zone_event_release.narc,265,339,,84460,85332,80312,81184,872,894517bb99a5d0ea9d09be0410f8aa4bb4543216da6cc9116192e19a851b4509,020000004e1f020085010000cd020000,,,,,False,,,,,,,,,,False,False
/fielddata/eventdata/zone_event_release.narc,/fielddata/eventdata/zone_event_release.narc!/member_00340,0,/fielddata/eventdata/zone_event_release.narc,265,340,,85332,85456,81184,81308,124,edef54642ba0dc77f3acd0ecccab4a00f0ffc7d8d504fa6f692ba0064b1459ea,00000000030000000000a40000000000,,,,,False,,,,,,,,,,False,False
/fielddata/eventdata/zone_event_release.narc,/fielddata/eventdata/zone_event_release.narc!/member_00341,0,/fielddata/eventdata/zone_event_release.narc,265,341,,85456,86692,81308,82544,1236,e47637270a8b5e89f0a68e82b032d09b25c90700b4ab77fe32c3c434fdfa40b8,08000000611f02002b020000bf020000,,,,,False,,,,,,,,,,False,False
/fielddata/eventdata/zone_event_release.narc,/fielddata/eventdata/zone_event_release.narc!/member_00342,0,/fielddata/eventdata/zone_event_release.narc,265,342,,86692,86732,82544,82584,40,7024aa5f74997e8c0e5d9f8523fdb16a23a1bf95bd595eb881da60cc8bfdc96b,00000000000000000200000007000e00,,,,,False,,,,,,,,,,False,False
/fielddata/eventdata/zone_event_release.narc,/fielddata/eventdata/zone_event_release.narc!/member_00343,0,/fielddata/eventdata/zone_event_release.narc,265,343,,86732,86856,82584,82708,124,4c32bddbc4b6f664985f01edec6e476b9a07cab055834882faad463ff4381fd7,01000000fb1f02000c0000000e000000,,,,,False,,,,,,,,,,False,False
/fielddata/eventdata/zone_event_release.narc,/fielddata/eventdata/zone_event_release.narc!/member_00344,0,/fielddata/eventdata/zone_event_release.narc,265,344,,86856,86992,82708,82844,136,debd55b66c6be11ff433be74037adfe0b882ce704e06b5846f776cec774898f6,00000000030000000000570000000000,,,,,False,,,,,,,,,,False,False
/fielddata/eventdata/zone_event_release.narc,/fielddata/eventdata/zone_event_release.narc!/member_00345,0,/fielddata/eventdata/zone_event_release.narc,265,345,,86992,87244,82844,83096,252,8ad7333188b87162fc5ce1e12b56824e85968da7e5960bf6193e14d0334c8027,01000000fc1f02000800000008000000,,,,,False,,,,,,,,,,False,False
/fielddata/eventdata/zone_event_release.narc,/fielddata/eventdata/zone_event_release.narc!/member_00346,0,/fielddata/eventdata/zone_event_release.narc,265,346,,87244,87336,83096,83188,92,d05bc972a7229674b4cdd34e510a26d71fd10e745cd379ff7e73291d0df33dd0,00000000020000000000a50000000000,,,,,False,,,,,,,,,,False,False
/fielddata/eventdata/zone_event_release.narc,/fielddata/eventdata/zone_event_release.narc!/member_00347,0,/fielddata/eventdata/zone_event_release.narc,265,347,,87336,88456,83188,84308,1120,641284115c6574e5d8d39ae33f81804b466875c8c416911fecdf943397deecd5,05000000671f0200250200003d020000,,,,,False,,,,,,,,,,False,False
/fielddata/eventdata/zone_event_release.narc,/fielddata/eventdata/zone_event_release.narc!/member_00348,0,/fielddata/eventdata/zone_event_release.narc,265,348,,88456,89292,84308,85144,836,d647ec9089ff6f5fa0c32605c7b96070b5ace7ee8e1623f8244c8838f80f103b,020000006d1f0200230200000d020000,,,,,False,,,,,,,,,,False,False
/fielddata/eventdata/zone_event_release.narc,/fielddata/eventdata/zone_event_release.narc!/member_00349,0,/fielddata/eventdata/zone_event_release.narc,265,349,,89292,89352,85144,85204,60,e904c192a28ae5974a29fb677cc1892883a7792d66749aa22bdd670045947c6c,00000000010000000000120000000000,,,,,False,,,,,,,,,,False,False
/fielddata/eventdata/zone_event_release.narc,/fielddata/eventdata/zone_event_release.narc!/member_00350,0,/fielddata/eventdata/zone_event_release.narc,265,350,,89352,89676,85204,85528,324,a891721fe846107ca8eb232b615b1bd5177b1371bc7d89b85c8b76e1bdc1a6e3,02000000431f02006301000009020000,,,,,False,,,,,,,,,,False,False
/fielddata/eventdata/zone_event_release.narc,/fielddata/eventdata/zone_event_release.narc!/member_00351,0,/fielddata/eventdata/zone_event_release.narc,265,351,,89676,90396,85528,86248,720,627af2df99cc3ef5a307ff5f020ba8a2bbd5a041fe822ac19c76d1a18760942a,010000007c1f0200af01000002020000,,,,,False,,,,,,,,,,False,False
/fielddata/eventdata/zone_event_release.narc,/fielddata/eventdata/zone_event_release.narc!/member_00352,0,/fielddata/eventdata/zone_event_release.narc,265,352,,90396,91384,86248,87236,988,2aadfa47cc9412184d52d76a50aa8b443be729673387e3d80209efa61bba932a,02000000521f0200db01000023030000,,,,,False,,,,,,,,,,False,False
/fielddata/eventdata/zone_event_release.narc,/fielddata/eventdata/zone_event_release.narc!/member_00353,0,/fielddata/eventdata/zone_event_release.narc,265,353,,91384,91600,87236,87452,216,3b9a5739925075705c65002504dccbdbfdc59a1c9b47e0432071ecd97abce0e1,00000000040000000000af0000000000,,,,,False,,,,,,,,,,False,False
/fielddata/eventdata/zone_event_release.narc,/fielddata/eventdata/zone_event_release.narc!/member_00354,0,/fielddata/eventdata/zone_event_release.narc,265,354,,91600,91768,87452,87620,168,445acbe0158865f800de8639933da92096fc6f3021e574f1fc88c1a5deb701dd,01000000e31f02001700000009000000,,,,,False,,,,,,,,,,False,False
/fielddata/eventdata/zone_event_release.narc,/fielddata/eventdata/zone_event_release.narc!/member_00355,0,/fielddata/eventdata/zone_event_release.narc,265,355,,91768,91980,87620,87832,212,c1e4170aa4045691158914c33fac15dc06014df6b8dd78165ed7a9203596fedb,02000000060000001000000003000000,,,,,False,,,,,,,,,,False,False
/fielddata/eventdata/zone_event_release.narc,/fielddata/eventdata/zone_event_release.narc!/member_00356,0,/fielddata/eventdata/zone_event_release.narc,265,356,,91980,93512,87832,89364,1532,97bef9f06265fa0f75d6ad7d2fb6cf5229d9d3e906c2ca18aac147c381441f66,08000000531f0200ed0100005a030000,,,,,False,,,,,,,,,,False,False
/fielddata/eventdata/zone_event_release.narc,/fielddata/eventdata/zone_event_release.narc!/member_00357,0,/fielddata/eventdata/zone_event_release.narc,265,357,,93512,93624,89364,89476,112,68f4c0d4372bebc657af806efaa454ae6350edffe2740d16f8ca18de93f406f7,01000000040000000400000002000000,,,,,False,,,,,,,,,,False,False
/fielddata/eventdata/zone_event_release.narc,/fielddata/eventdata/zone_event_release.narc!/member_00358,0,/fielddata/eventdata/zone_event_release.narc,265,358,,93624,95012,89476,90864,1388,043e0f5680b4383433be6a1d3b22267edb86c39d57e87bec92191bc890ab9069,0b0000005e1f0200b302000033030000,,,,,False,,,,,,,,,,False,False
/fielddata/eventdata/zone_event_release.narc,/fielddata/eventdata/zone_event_release.narc!/member_00359,0,/fielddata/eventdata/zone_event_release.narc,265,359,,95012,95116,90864,90968,104,daa65dd2b47a2cc7029c77f16ba363040ef4f1df2cc90cc3d1154f2ec216b394,000000000200000000000f0003000000,,,,,False,,,,,,,,,,False,False
/fielddata/eventdata/zone_event_release.narc,/fielddata/eventdata/zone_event_release.narc!/member_00360,0,/fielddata/eventdata/zone_event_release.narc,265,360,,95116,95176,90968,91028,60,3d75f58449a921924dcf3dd2a9ed3b842b62e4eb5878fdb08c71ec1c88ff8c3a,00000000010000000000130000000000,,,,,False,,,,,,,,,,False,False
/fielddata/eventdata/zone_event_release.narc,/fielddata/eventdata/zone_event_release.narc!/member_00361,0,/fielddata/eventdata/zone_event_release.narc,265,361,,95176,95280,91028,91132,104,187832c712ff5711ce9b3ea694bdbefc0654492c7d9769be11c9a6dabda02203,000000000200000000000e0000000000,,,,,False,,,,,,,,,,False,False
/fielddata/eventdata/zone_event_release.narc,/fielddata/eventdata/zone_event_release.narc!/member_00362,0,/fielddata/eventdata/zone_event_release.narc,265,362,,95280,95340,91132,91192,60,15585581f082d7f76ce0d87bb89e71104100bc09c35edb56134e7103ee519e22,00000000010000000000520000000000,,,,,False,,,,,,,,,,False,False
/fielddata/eventdata/zone_event_release.narc,/fielddata/eventdata/zone_event_release.narc!/member_00363,0,/fielddata/eventdata/zone_event_release.narc,265,363,,95340,95464,91192,91316,124,7affe321b89717f16d1bb467653d4cf98e50acd4d712d4c695bc03df3c9f1a2f,000000000300000000002b0000000000,,,,,False,,,,,,,,,,False,False
/fielddata/eventdata/zone_event_release.narc,/fielddata/eventdata/zone_event_release.narc!/member_00364,0,/fielddata/eventdata/zone_event_release.narc,265,364,,95464,95576,91316,91428,112,0ba47a97a16f02ffc8da4ca32c28a3915c9e91f47364642764faf16d0e36645e,01000000ee1f02000900000006000000,,,,,False,,,,,,,,,,False,False
/fielddata/eventdata/zone_event_release.narc,/fielddata/eventdata/zone_event_release.narc!/member_00365,0,/fielddata/eventdata/zone_event_release.narc,265,365,,95576,96576,91428,92428,1000,b09a139b677a2ac8320814da0dbb9f76cd1de3b5d5d7ac91829fafa5c56041f5,030000006b1f0200d4020000b7020000,,,,,False,,,,,,,,,,False,False
/fielddata/eventdata/zone_event_release.narc,/fielddata/eventdata/zone_event_release.narc!/member_00366,0,/fielddata/eventdata/zone_event_release.narc,265,366,,96576,96648,92428,92500,72,dc5fa88d58ddffac31eb42b3c3d512a6889649a05975cae74fda4f0de9f60f66,00000000010000000000520003000000,,,,,False,,,,,,,,,,False,False
/fielddata/eventdata/zone_event_release.narc,/fielddata/eventdata/zone_event_release.narc!/member_00367,0,/fielddata/eventdata/zone_event_release.narc,265,367,,96648,97644,92500,93496,996,9b346891e0c2558c0e664288662a66a72a56db375791919ff7eda7fc289b2e92,03000000f51f02006702000045020000,,,,,False,,,,,,,,,,False,False
/fielddata/eventdata/zone_event_release.narc,/fielddata/eventdata/zone_event_release.narc!/member_00368,0,/fielddata/eventdata/zone_event_release.narc,265,368,,97644,98184,93496,94036,540,018551b000a54d55dfa32233771706f8e6c6d0941e394899a592f7a092f23a3a,01000000871f02006501000099010000,,,,,False,,,,,,,,,,False,False
/fielddata/eventdata/zone_event_release.narc,/fielddata/eventdata/zone_event_release.narc!/member_00369,0,/fielddata/eventdata/zone_event_release.narc,265,369,,98184,98316,94036,94168,132,6e9d82f4f5a3318d1265075358b46405a4adeb9372b72ba7a01ef67adec859f2,02000000030000000800000006000000,,,,,False,,,,,,,,,,False,False
/fielddata/eventdata/zone_event_release.narc,/fielddata/eventdata/zone_event_release.narc!/member_00370,0,/fielddata/eventdata/zone_event_release.narc,265,370,,98316,99036,94168,94888,720,cca6f478a8dde11e29485901c34d1963e2b719322bf7695546c925acaf6e3bc1,0a000000881f0200240100004c010000,,,,,False,,,,,,,,,,False,False
/fielddata/eventdata/zone_event_release.narc,/fielddata/eventdata/zone_event_release.narc!/member_00371,0,/fielddata/eventdata/zone_event_release.narc,265,371,,99036,99096,94888,94948,60,8e95d9ba413ee2ab9a633dd94770905c3f6dd9347b27daba028103f1c038452b,00000000010000000000140008000000,,,,,False,,,,,,,,,,False,False
/fielddata/eventdata/zone_event_release.narc,/fielddata/eventdata/zone_event_release.narc!/member_00372,0,/fielddata/eventdata/zone_event_release.narc,265,372,,99096,99156,94948,95008,60,9bff3c63c904142cb420ce0243e42912c74c89b6b7d93d5e3832fc1d6fa48e79,000000000100000000000c000b000000,,,,,False,,,,,,,,,,False,False
/fielddata/eventdata/zone_event_release.narc,/fielddata/eventdata/zone_event_release.narc!/member_00373,0,/fielddata/eventdata/zone_event_release.narc,265,373,,99156,99668,95008,95520,512,926a2dbc76894ecc91e625bb27081c18afa8fd3d610887c3a91fc4ed20aac398,000000000e00000000000a000f000100,,,,,False,,,,,,,,,,False,False
/fielddata/eventdata/zone_event_release.narc,/fielddata/eventdata/zone_event_release.narc!/member_00374,0,/fielddata/eventdata/zone_event_release.narc,265,374,,99668,99772,95520,95624,104,6e22a48bc1b5924b5053bab562d51922c895520e423005e40682f34753b40f50,00000000020000000000220003000000,,,,,False,,,,,,,,,,False,False
/fielddata/eventdata/zone_event_release.narc,/fielddata/eventdata/zone_event_release.narc!/member_00375,0,/fielddata/eventdata/zone_event_release.narc,265,375,,99772,99892,95624,95744,120,4fab23420d3dcc160078cef37028baf421211a5600ade1fe85cc07bde90eca6a,00000000020000000000220000000000,,,,,False,,,,,,,,,,False,False
/fielddata/eventdata/zone_event_release.narc,/fielddata/eventdata/zone_event_release.narc!/member_00376,0,/fielddata/eventdata/zone_event_release.narc,265,376,,99892,100056,95744,95908,164,be4e5999a06516390a07725a33072e60df26e6365252d9d36f381880908c35c7,01000000e91f0200af00000079030000,,,,,False,,,,,,,,,,False,False
/fielddata/eventdata/zone_event_release.narc,/fielddata/eventdata/zone_event_release.narc!/member_00377,0,/fielddata/eventdata/zone_event_release.narc,265,377,,100056,100752,95908,96604,696,11de65ead0767cbb2dc3585f6f97b5af6201226300528214c2ed04319f27b1e9,05000000721f02000b0100009b030000,,,,,False,,,,,,,,,,False,False
/fielddata/eventdata/zone_event_release.narc,/fielddata/eventdata/zone_event_release.narc!/member_00378,0,/fielddata/eventdata/zone_event_release.narc,265,378,,100752,101080,96604,96932,328,461b571d1472e75f8fec40009089e77485bf2f98d620e2d68619ec3463b21f69,00000000090000000000060002000000,,,,,False,,,,,,,,,,False,False
/fielddata/eventdata/zone_event_release.narc,/fielddata/eventdata/zone_event_release.narc!/member_00379,0,/fielddata/eventdata/zone_event_release.narc,265,379,,101080,101160,96932,97012,80,0135034225d37936882de2d106fab09a41de3c2adb9ea467be2e2b3560943fe9,01000000020000000400000002000000,,,,,False,,,,,,,,,,False,False
/fielddata/eventdata/zone_event_release.narc,/fielddata/eventdata/zone_event_release.narc!/member_00380,0,/fielddata/eventdata/zone_event_release.narc,265,380,,101160,102264,97012,98116,1104,a425df5963fb81da9e7aee1d9eed7a8f08db16842df461e82d01aeaaed214336,04000000ad1f02003303000017030000,,,,,False,,,,,,,,,,False,False
/fielddata/eventdata/zone_event_release.narc,/fielddata/eventdata/zone_event_release.narc!/member_00381,0,/fielddata/eventdata/zone_event_release.narc,265,381,,102264,102516,98116,98368,252,8b0e70faf52970f5a5c6b23cf9202515ae616f384e4c5c77e3219cc065df15e6,00000000070000000000470005000000,,,,,False,,,,,,,,,,False,False
/fielddata/eventdata/zone_event_release.narc,/fielddata/eventdata/zone_event_release.narc!/member_00382,0,/fielddata/eventdata/zone_event_release.narc,265,382,,102516,102576,98368,98428,60,80eebd1cee1e707aa4c7933262471494426eb9669c50541acc705a195f43845d,00000000010000000000360000000000,,,,,False,,,,,,,,,,False,False
/fielddata/eventdata/zone_event_release.narc,/fielddata/eventdata/zone_event_release.narc!/member_00383,0,/fielddata/eventdata/zone_event_release.narc,265,383,,102576,102680,98428,98532,104,d77dd3c5232168dddb1945c96813cd5679d5b6fd2d6bf6a9d78a84815df426ec,0000000002000000000028000a000000,,,,,False,,,,,,,,,,False,False
/fielddata/eventdata/zone_event_release.narc,/fielddata/eventdata/zone_event_release.narc!/member_00384,0,/fielddata/eventdata/zone_event_release.narc,265,384,,102680,103412,98532,99264,732,30cb446620f33730f39c0d2d7515a38e51e7b5fb2eb0ceb7285cd9d8d20fe8e0,08000000bc1f0200780300002a020000,,,,,False,,,,,,,,,,False,False
/fielddata/eventdata/zone_event_release.narc,/fielddata/eventdata/zone_event_release.narc!/member_00385,0,/fielddata/eventdata/zone_event_release.narc,265,385,,103412,104504,99264,100356,1092,33c8411eb86bed8b8a9339f3b591da263af4d9cd059b2f57bf62ccd69d0393a1,04000000c21f02007302000072010000,,,,,False,,,,,,,,,,False,False
/fielddata/eventdata/zone_event_release.narc,/fielddata/eventdata/zone_event_release.narc!/member_00386,0,/fielddata/eventdata/zone_event_release.narc,265,386,,104504,105008,100356,100860,504,b6cfe8cf39786162948985c58d208df227bea50cd8e5056bb67c9249a8c5f334,03000000c81f0200e502000008010000,,,,,False,,,,,,,,,,False,False
/fielddata/eventdata/zone_event_release.narc,/fielddata/eventdata/zone_event_release.narc!/member_00387,0,/fielddata/eventdata/zone_event_release.narc,265,387,,105008,106056,100860,101908,1048,fbdef182fea512029db8ab26d130c09ea49e2e5e5e728d8868755d30ba4cea7a,06000000ce1f02001903000093010000,,,,,False,,,,,,,,,,False,False
/fielddata/eventdata/zone_event_release.narc,/fielddata/eventdata/zone_event_release.narc!/member_00388,0,/fielddata/eventdata/zone_event_release.narc,265,388,,106056,106700,101908,102552,644,c9fced1b160bd373ba285cdf92bbc3a98caa52b6edff6583b892d218652f4c06,01000000d11f020036030000bd010000,,,,,False,,,,,,,,,,False,False
/fielddata/eventdata/zone_event_release.narc,/fielddata/eventdata/zone_event_release.narc!/member_00389,0,/fielddata/eventdata/zone_event_release.narc,265,389,,106700,107072,102552,102924,372,1c74649b245b8437645c65e2d8e33b1c2c57d5db7919ad4da0472064d943121f,01000000092002006b0000007d030000,,,,,False,,,,,,,,,,False,False
/fielddata/eventdata/zone_event_release.narc,/fielddata/eventdata/zone_event_release.narc!/member_00390,0,/fielddata/eventdata/zone_event_release.narc,265,390,,107072,107144,102924,102996,72,853ec0a9aaa621a9c69225197ea75acf938b3371db3a1c3c9aa6a2ab8724e0c0,00000000010000000000100000000000,,,,,False,,,,,,,,,,False,False
/fielddata/eventdata/zone_event_release.narc,/fielddata/eventdata/zone_event_release.narc!/member_00391,0,/fielddata/eventdata/zone_event_release.narc,265,391,,107144,107244,102996,103096,100,79b07aa00506009ef94dacd24d31d38b8452cc1b4ca7bcee109b1f85492c10da,02000000020000000600000004000000,,,,,False,,,,,,,,,,False,False
/fielddata/eventdata/zone_event_release.narc,/fielddata/eventdata/zone_event_release.narc!/member_00392,0,/fielddata/eventdata/zone_event_release.narc,265,392,,107244,107524,103096,103376,280,bdc205697d2d72e56ca7a830b00ddf0f818630585223d5a30938a74640706627,08000000070000000600000005000000,,,,,False,,,,,,,,,,False,False
/fielddata/eventdata/zone_event_release.narc,/fielddata/eventdata/zone_event_release.narc!/member_00393,0,/fielddata/eventdata/zone_event_release.narc,265,393,,107524,107652,103376,103504,128,1d9ba2bdfe3618beac07f389a2b3f850f83bdd3a23f3ca5ad4a7e6d07c77dcb0,05000000010000000500000004000000,,,,,False,,,,,,,,,,False,False
/fielddata/eventdata/zone_event_release.narc,/fielddata/eventdata/zone_event_release.narc!/member_00394,0,/fielddata/eventdata/zone_event_release.narc,265,394,,107652,107712,103504,103564,60,d55f91c3102432781b884014a836666bb45ee282af7ff7e953cacb04bf95f233,000000000100000000000a0003000000,,,,,False,,,,,,,,,,False,False
/fielddata/eventdata/zone_event_release.narc,/fielddata/eventdata/zone_event_release.narc!/member_00395,0,/fielddata/eventdata/zone_event_release.narc,265,395,,107712,107804,103564,103656,92,5dae013dac32d9f8b0b3b547b46dbeafcaa4b99c9cbc22d16608e24649b42823,00000000020000000000120000000000,,,,,False,,,,,,,,,,False,False
/fielddata/eventdata/zone_event_release.narc,/fielddata/eventdata/zone_event_release.narc!/member_00396,0,/fielddata/eventdata/zone_event_release.narc,265,396,,107804,108344,103656,104196,540,301196e9577f57ad9972b171ce34ab6ce768b94523fd6fbc35681518db111f70,000000000e0000000000040003000000,,,,,False,,,,,,,,,,False,False
/fielddata/eventdata/zone_event_release.narc,/fielddata/eventdata/zone_event_release.narc!/member_00397,0,/fielddata/eventdata/zone_event_release.narc,265,397,,108344,108500,104196,104352,156,482115aba807ac1bfe8172aba14aba55cb95a9570c510fb6df893ce88a04856d,00000000040000000000190000000000,,,,,False,,,,,,,,,,False,False
/fielddata/eventdata/zone_event_release.narc,/fielddata/eventdata/zone_event_release.narc!/member_00398,0,/fielddata/eventdata/zone_event_release.narc,265,398,,108500,108712,104352,104564,212,626df04e2b86f710d8da4c160ef634f9dd85136adcde54510d868963d9194e7a,00000000050000000000090011000000,,,,,False,,,,,,,,,,False,False
/fielddata/eventdata/zone_event_release.narc,/fielddata/eventdata/zone_event_release.narc!/member_00399,0,/fielddata/eventdata/zone_event_release.narc,265,399,,108712,108880,104564,104732,168,2a6464665c88414bf81f30c556cb9bd99c3204998d081e88a504a0e74c4f87e8,000000000400000000001b0000000000,,,,,False,,,,,,,,,,False,False
/fielddata/eventdata/zone_event_release.narc,/fielddata/eventdata/zone_event_release.narc!/member_00400,0,/fielddata/eventdata/zone_event_release.narc,265,400,,108880,109188,104732,105040,308,020d66d88674c95ba011569cd0fd68eec17ca8afb4e90eceea1fca424294d9ff,06000000080000000300000002000000,,,,,False,,,,,,,,,,False,False
/fielddata/eventdata/zone_event_release.narc,/fielddata/eventdata/zone_event_release.narc!/member_00401,0,/fielddata/eventdata/zone_event_release.narc,265,401,,109188,109292,105040,105144,104,104f6775199e4cbcd0adbda36e606648c99406b5987d683305c75be110811ac0,00000000020000000000110006000000,,,,,False,,,,,,,,,,False,False
/fielddata/eventdata/zone_event_release.narc,/fielddata/eventdata/zone_event_release.narc!/member_00402,0,/fielddata/eventdata/zone_event_release.narc,265,402,,109292,109340,105144,105192,48,e2f6407ee794b488043ed387ef9eb7416fa3d3c078d0f409146c6912e81a54b4,01000000020000000200000003000000,,,,,False,,,,,,,,,,False,False
/fielddata/eventdata/zone_event_release.narc,/fielddata/eventdata/zone_event_release.narc!/member_00403,0,/fielddata/eventdata/zone_event_release.narc,265,403,,109340,109432,105192,105284,92,a7391ca0b1d4eda695cdd222cf0ae5cf95838241ba33908413e0d875dd7a2299,00000000020000000000090003000000,,,,,False,,,,,,,,,,False,False
/fielddata/eventdata/zone_event_release.narc,/fielddata/eventdata/zone_event_release.narc!/member_00404,0,/fielddata/eventdata/zone_event_release.narc,265,404,,109432,109988,105284,105840,556,5d75b619ca1f792e7c90f562e95a85506462d69785ebd9b1948cc2458cd49481,000000000d00000000000c0002000000,,,,,False,,,,,,,,,,False,False
/fielddata/eventdata/zone_event_release.narc,/fielddata/eventdata/zone_event_release.narc!/member_00405,0,/fielddata/eventdata/zone_event_release.narc,265,405,,109988,110176,105840,106028,188,a96ac0fff2169a4b57a95da57edcd6998cce3455c82954c5d2991f203f82b618,000000000500000000000d0004000000,,,,,False,,,,,,,,,,False,False
/fielddata/eventdata/zone_event_release.narc,/fielddata/eventdata/zone_event_release.narc!/member_00406,0,/fielddata/eventdata/zone_event_release.narc,265,406,,110176,110356,106028,106208,180,07a1ccdea04653818072b278fe71803d6aa868597e4eccdfdcb4c97851e8a1df,000000000400000000000e0002000000,,,,,False,,,,,,,,,,False,False
/fielddata/eventdata/zone_event_release.narc,/fielddata/eventdata/zone_event_release.narc!/member_00407,0,/fielddata/eventdata/zone_event_release.narc,265,407,,110356,110492,106208,106344,136,d781502fcc0e1daac22238424c589eff22e743a480374316a804571bece59f42,000000000300000000001b0000000000,,,,,False,,,,,,,,,,False,False
/fielddata/eventdata/zone_event_release.narc,/fielddata/eventdata/zone_event_release.narc!/member_00408,0,/fielddata/eventdata/zone_event_release.narc,265,408,,110492,110616,106344,106468,124,f65831f5e62f78841bee7f8007561ced52b8a28d97892a81503e546270edf504,000000000300000000000d0008000000,,,,,False,,,,,,,,,,False,False
/fielddata/eventdata/zone_event_release.narc,/fielddata/eventdata/zone_event_release.narc!/member_00409,0,/fielddata/eventdata/zone_event_release.narc,265,409,,110616,110708,106468,106560,92,9f075e56c43c7b468c37727c4c2f0f87b30002becd4c7ff351a7e9a455de7ebd,00000000020000000000100005000000,,,,,False,,,,,,,,,,False,False
/fielddata/eventdata/zone_event_release.narc,/fielddata/eventdata/zone_event_release.narc!/member_00410,0,/fielddata/eventdata/zone_event_release.narc,265,410,,110708,110832,106560,106684,124,5eefa35beed9e35210d9490c4822231c9c0f15e3e7db828ddba76ff2527d7d51,000000000300000000000c0005000000,,,,,False,,,,,,,,,,False,False
/fielddata/eventdata/zone_event_release.narc,/fielddata/eventdata/zone_event_release.narc!/member_00411,0,/fielddata/eventdata/zone_event_release.narc,265,411,,110832,111552,106684,107404,720,1cc16ac62236ecc0c981eb075007c4cd733907afad5457fec158265b2911cc63,01000000621f02005202000080020000,,,,,False,,,,,,,,,,False,False
/fielddata/eventdata/zone_event_release.narc,/fielddata/eventdata/zone_event_release.narc!/member_00412,0,/fielddata/eventdata/zone_event_release.narc,265,412,,111552,111740,107404,107592,188,844643068f7f1da593cebaaced0b30b936bd5bbe2294b063ad9cb4a33fa3576b,00000000050000000000190000000000,,,,,False,,,,,,,,,,False,False
/fielddata/eventdata/zone_event_release.narc,/fielddata/eventdata/zone_event_release.narc!/member_00413,0,/fielddata/eventdata/zone_event_release.narc,265,413,,111740,111888,107592,107740,148,bf080c0678d18d0cc41e5886ba51ecfee2e623b6bc2536d979452182fc697c36,000000000300000000001a0000000000,,,,,False,,,,,,,,,,False,False
/fielddata/eventdata/zone_event_release.narc,/fielddata/eventdata/zone_event_release.narc!/member_00414,0,/fielddata/eventdata/zone_event_release.narc,265,414,,111888,112024,107740,107876,136,0389fd3791aa70e03e879bfdadaf9089656cbd4a124b23fdf89921ba89a509a3,000000000300000000001b0000000000,,,,,False,,,,,,,,,,False,False
/fielddata/eventdata/zone_event_release.narc,/fielddata/eventdata/zone_event_release.narc!/member_00415,0,/fielddata/eventdata/zone_event_release.narc,265,415,,112024,112136,107876,107988,112,bb9a8564b60100046fe4ca40bcf9c273ba6ab2714ac221c47c5d43ff1322e11f,01000000030000000b00000007000000,,,,,False,,,,,,,,,,False,False
/fielddata/eventdata/zone_event_release.narc,/fielddata/eventdata/zone_event_release.narc!/member_00416,0,/fielddata/eventdata/zone_event_release.narc,265,416,,112136,112228,107988,108080,92,b42422e64b6ee0d1c1b379019208acdfd53bc2e4ef02cd4a4576b2a7bbbb043b,000000000200000000000c0000000000,,,,,False,,,,,,,,,,False,False
/fielddata/eventdata/zone_event_release.narc,/fielddata/eventdata/zone_event_release.narc!/member_00417,0,/fielddata/eventdata/zone_event_release.narc,265,417,,112228,112340,108080,108192,112,978078828601ed3a0e9635551fc65973273b4e84dbee108bc16411fc73885553,01000000030000000100000003000000,,,,,False,,,,,,,,,,False,False
/fielddata/eventdata/zone_event_release.narc,/fielddata/eventdata/zone_event_release.narc!/member_00418,0,/fielddata/eventdata/zone_event_release.narc,265,418,,112340,112432,108192,108284,92,f57a349f1cdb22e56a967ec9731661724b9a15c66b494737589f8ce39c470d50,00000000020000000000a50000000000,,,,,False,,,,,,,,,,False,False
/fielddata/eventdata/zone_event_release.narc,/fielddata/eventdata/zone_event_release.narc!/member_00419,0,/fielddata/eventdata/zone_event_release.narc,265,419,,112432,112524,108284,108376,92,39db05da0d1ac308cae25149c256745df47912230348a0b48a831a5fc71357e3,00000000020000000000010009000000,,,,,False,,,,,,,,,,False,False
/fielddata/eventdata/zone_event_release.narc,/fielddata/eventdata/zone_event_release.narc!/member_00420,0,/fielddata/eventdata/zone_event_release.narc,265,420,,112524,113100,108376,108952,576,2a9bbef8ff83c25a9fc2efed6709b2023f2389cd93fed8eb6ea493ed8fcfe0e5,060000000a000000cb01000009020000,,,,,False,,,,,,,,,,False,False
/fielddata/eventdata/zone_event_release.narc,/fielddata/eventdata/zone_event_release.narc!/member_00421,0,/fielddata/eventdata/zone_event_release.narc,265,421,,113100,113280,108952,109132,180,8930fcfc099ed9196aeb65c4ed40c815d439eb7c76867c6d9a0d909a0cbbf110,000000000400000000001a0000000000,,,,,False,,,,,,,,,,False,False
/fielddata/eventdata/zone_event_release.narc,/fielddata/eventdata/zone_event_release.narc!/member_00422,0,/fielddata/eventdata/zone_event_release.narc,265,422,,113280,113416,109132,109268,136,6d0aafa10fff775c142403bd12db450543a4f2b707210ca75d8a31675d6fc476,000000000300000000001b0000000000,,,,,False,,,,,,,,,,False,False
/fielddata/eventdata/zone_event_release.narc,/fielddata/eventdata/zone_event_release.narc!/member_00423,0,/fielddata/eventdata/zone_event_release.narc,265,423,,113416,113592,109268,109444,176,2ec57f9a214b26d2bdf5da7efa93db1826cff66ee2cb597a37d10f1b83177658,01000000040000000800000003000000,,,,,False,,,,,,,,,,False,False
/fielddata/eventdata/zone_event_release.narc,/fielddata/eventdata/zone_event_release.narc!/member_00424,0,/fielddata/eventdata/zone_event_release.narc,265,424,,113592,113716,109444,109568,124,e70c1737d0afddf74acbd1e1e93040d12d11fe0c4978049ee04b3476c4dc645d,00000000030000000000110000000000,,,,,False,,,,,,,,,,False,False
/fielddata/eventdata/zone_event_release.narc,/fielddata/eventdata/zone_event_release.narc!/member_00425,0,/fielddata/eventdata/zone_event_release.narc,265,425,,113716,113808,109568,109660,92,7abeb18bc04f0f01147532f6988e76fcbb880ab3155294468e849cce8d1fa387,000000000200000000000f0000000000,,,,,False,,,,,,,,,,False,False
/fielddata/eventdata/zone_event_release.narc,/fielddata/eventdata/zone_event_release.narc!/member_00426,0,/fielddata/eventdata/zone_event_release.narc,265,426,,113808,113900,109660,109752,92,9c5d3ee73ced6c626cd3fceace7b5f090e5cafdb90c3691abe868a16ce8b858d,00000000020000000000cf0002000000,,,,,False,,,,,,,,,,False,False
/fielddata/eventdata/zone_event_release.narc,/fielddata/eventdata/zone_event_release.narc!/member_00427,0,/fielddata/eventdata/zone_event_release.narc,265,427,,113900,114000,109752,109852,100,6ce2f5f4f2830e256dc477edd707fcf0bc655b9b9a09b9a93f70409ee8abde6a,02000000010000000900000002000000,,,,,False,,,,,,,,,,False,False
/fielddata/eventdata/zone_event_release.narc,/fielddata/eventdata/zone_event_release.narc!/member_00428,0,/fielddata/eventdata/zone_event_release.narc,265,428,,114000,114352,109852,110204,352,3434f54399f3882302968c3e7aa8824ef1e2b71ff67b9ac61c9e100c2fd6b805,01000000c31f02008902000044010000,,,,,False,,,,,,,,,,False,False
/fielddata/eventdata/zone_event_release.narc,/fielddata/eventdata/zone_event_release.narc!/member_00429,0,/fielddata/eventdata/zone_event_release.narc,265,429,,114352,114508,110204,110360,156,dfdd6599faf324c36c107b38754bfa2a20ceaa7f3128ee27dab7634520d071a4,000000000400000000000e0003000000,,,,,False,,,,,,,,,,False,False
/fielddata/eventdata/zone_event_release.narc,/fielddata/eventdata/zone_event_release.narc!/member_00430,0,/fielddata/eventdata/zone_event_release.narc,265,430,,114508,114688,110360,110540,180,4c18ac1ead7ec62af4fa038013751212b48b3f825fd44ca05eefe12814dab1f2,000000000400000000001a0000000000,,,,,False,,,,,,,,,,False,False
/fielddata/eventdata/zone_event_release.narc,/fielddata/eventdata/zone_event_release.narc!/member_00431,0,/fielddata/eventdata/zone_event_release.narc,265,431,,114688,114824,110540,110676,136,cbc33ddac8e2a7cf8cd59056ea0a02c9096e53ba6e402794986933f83e7ebf39,000000000300000000001b0000000000,,,,,False,,,,,,,,,,False,False
/fielddata/eventdata/zone_event_release.narc,/fielddata/eventdata/zone_event_release.narc!/member_00432,0,/fielddata/eventdata/zone_event_release.narc,265,432,,114824,114916,110676,110768,92,2da11f6a7db7c4fbcb65787dac6761e2a0affff7a922fb0a7f75a28d2e0421b8,00000000020000000000110000000000,,,,,False,,,,,,,,,,False,False
/fielddata/eventdata/zone_event_release.narc,/fielddata/eventdata/zone_event_release.narc!/member_00433,0,/fielddata/eventdata/zone_event_release.narc,265,433,,114916,114976,110768,110828,60,e3821fab5d2e6dfc55556b87d3491c1c3a90aa9db6f782461f5bc28d6e40d84d,00000000010000000000330003000000,,,,,False,,,,,,,,,,False,False
/fielddata/eventdata/zone_event_release.narc,/fielddata/eventdata/zone_event_release.narc!/member_00434,0,/fielddata/eventdata/zone_event_release.narc,265,434,,114976,115036,110828,110888,60,cb8e81eaceac77f31cea4e65b0cb10fefcf58cacf5db1f3401485f1e81a3f2e2,00000000010000000000140000000000,,,,,False,,,,,,,,,,False,False
/fielddata/eventdata/zone_event_release.narc,/fielddata/eventdata/zone_event_release.narc!/member_00435,0,/fielddata/eventdata/zone_event_release.narc,265,435,,115036,115524,110888,111376,488,da36d17d8f2798161fb76b9efb31d26d65365c45d74a9d9af22a044486ad34f7,02000000d21f020038030000d7010000,,,,,False,,,,,,,,,,False,False
/fielddata/eventdata/zone_event_release.narc,/fielddata/eventdata/zone_event_release.narc!/member_00436,0,/fielddata/eventdata/zone_event_release.narc,265,436,,115524,115584,111376,111436,60,c832fdc598a1afb14dbc1b5c3eb6d29183a6616a5e50c9d6abc5ba4458417382,00000000010000000000190000000000,,,,,False,,,,,,,,,,False,False
/fielddata/eventdata/zone_event_release.narc,/fielddata/eventdata/zone_event_release.narc!/member_00437,0,/fielddata/eventdata/zone_event_release.narc,265,437,,115584,115732,111436,111584,148,57d5d6e806a2fea62a959144392505d6e2ccc5586ea2e57d200edc313c8b763b,000000000300000000001a0000000000,,,,,False,,,,,,,,,,False,False
/fielddata/eventdata/zone_event_release.narc,/fielddata/eventdata/zone_event_release.narc!/member_00438,0,/fielddata/eventdata/zone_event_release.narc,265,438,,115732,115868,111584,111720,136,fdf5e872a7841f91a896e35efdc6fde60bc0db57b4281255f33774508017b565,000000000300000000001b0000000000,,,,,False,,,,,,,,,,False,False
/fielddata/eventdata/zone_event_release.narc,/fielddata/eventdata/zone_event_release.narc!/member_00439,0,/fielddata/eventdata/zone_event_release.narc,265,439,,115868,116100,111720,111952,232,34bdd925d69c4e5d7ead707a8b5c9028a3e7a31a5d018fc624d327224741e3aa,000000000600000000000d0000000000,,,,,False,,,,,,,,,,False,False
/fielddata/eventdata/zone_event_release.narc,/fielddata/eventdata/zone_event_release.narc!/member_00440,0,/fielddata/eventdata/zone_event_release.narc,265,440,,116100,116256,111952,112108,156,00a02356eced8e826fa2a584fa6c063d25c6b4b4e5fdadb4e6124f38ab0388e3,00000000040000000000a30002000000,,,,,False,,,,,,,,,,False,False
/fielddata/eventdata/zone_event_release.narc,/fielddata/eventdata/zone_event_release.narc!/member_00441,0,/fielddata/eventdata/zone_event_release.narc,265,441,,116256,116316,112108,112168,60,5eea4dccacabc9712c21012408ee855064b12b78007d7173c4ed6df468a0b918,00000000010000000000a30000000000,,,,,False,,,,,,,,,,False,False
/fielddata/eventdata/zone_event_release.narc,/fielddata/eventdata/zone_event_release.narc!/member_00442,0,/fielddata/eventdata/zone_event_release.narc,265,442,,116316,116440,112168,112292,124,79c285536af209ee8425a10e571825833eab10c0e2360c1766246deade1c1188,00000000030000000000320003000000,,,,,False,,,,,,,,,,False,False
/fielddata/eventdata/zone_event_release.narc,/fielddata/eventdata/zone_event_release.narc!/member_00443,0,/fielddata/eventdata/zone_event_release.narc,265,443,,116440,116500,112292,112352,60,6f441786e22e0ae391b010cc63beccda9a54c1c20af155d165e76f4598e9b06e,00000000010000000000130000000000,,,,,False,,,,,,,,,,False,False
/fielddata/eventdata/zone_event_release.narc,/fielddata/eventdata/zone_event_release.narc!/member_00444,0,/fielddata/eventdata/zone_event_release.narc,265,444,,116500,118160,112352,114012,1660,5109f22cc8e42727b6062932a26cad1c7b3ea0f277f2bbb61bc905ff3f143eab,000000003300000000001b0000000000,,,,,False,,,,,,,,,,False,False
/fielddata/eventdata/zone_event_release.narc,/fielddata/eventdata/zone_event_release.narc!/member_00445,0,/fielddata/eventdata/zone_event_release.narc,265,445,,118160,118536,114012,114388,376,05f67a2720f841ebf3c077359cfda255b74011431e6c5616f89059766bd45b7c,02000000701f0200b50000009a030000,,,,,False,,,,,,,,,,False,False
/fielddata/eventdata/zone_event_release.narc,/fielddata/eventdata/zone_event_release.narc!/member_00446,0,/fielddata/eventdata/zone_event_release.narc,265,446,,118536,119084,114388,114936,548,4306bd1daa331106eea403932f8507f881db091b643dcf1adcf9fe94093705b7,01000000b01f02005b030000c3020000,,,,,False,,,,,,,,,,False,False
/fielddata/eventdata/zone_event_release.narc,/fielddata/eventdata/zone_event_release.narc!/member_00447,0,/fielddata/eventdata/zone_event_release.narc,265,447,,119084,119748,114936,115600,664,619f0cb25d731ad530de274b1648ea1f865e39dec7f2c31b49ceb56b4adb7689,05000000c71f0200cb02000059010000,,,,,False,,,,,,,,,,False,False
/fielddata/eventdata/zone_event_release.narc,/fielddata/eventdata/zone_event_release.narc!/member_00448,0,/fielddata/eventdata/zone_event_release.narc,265,448,,119748,120380,115600,116232,632,eeb249563eee08f4a9b39b3679fcd02cf120cddebc9b2139997c3408936018b6,02000000d31f0200ce020000a3010000,,,,,False,,,,,,,,,,False,False
/fielddata/eventdata/zone_event_release.narc,/fielddata/eventdata/zone_event_release.narc!/member_00449,0,/fielddata/eventdata/zone_event_release.narc,265,449,,120380,120396,116232,116248,16,374708fff7719dd5979ec875d56cd2286f6d3cf7ec317a3b25632aab28ec37bb,00000000000000000000000000000000,,,,,False,,,,,,,,,,False,False
/fielddata/eventdata/zone_event_release.narc,/fielddata/eventdata/zone_event_release.narc!/member_00450,0,/fielddata/eventdata/zone_event_release.narc,265,450,,120396,120520,116248,116372,124,5a8de8633942e9d31798e7ec5e1852783b892a0113ef5f851febd8429d770fba,000000000300000000001b0000000000,,,,,False,,,,,,,,,,False,False
/fielddata/eventdata/zone_event_release.narc,/fielddata/eventdata/zone_event_release.narc!/member_00451,0,/fielddata/eventdata/zone_event_release.narc,265,451,,120520,120644,116372,116496,124,cb44f7ed046f6a7573f34154acef577f4291367b0a55eb9f020f35dcf9bdd1aa,000000000300000000001b0000000000,,,,,False,,,,,,,,,,False,False
/fielddata/eventdata/zone_event_release.narc,/fielddata/eventdata/zone_event_release.narc!/member_00452,0,/fielddata/eventdata/zone_event_release.narc,265,452,,120644,120800,116496,116652,156,419e28c91b18368139e03104ae57fa07748bce16d3abc86e96d90472f86e611e,000000000400000000001b0000000000,,,,,False,,,,,,,,,,False,False
/fielddata/eventdata/zone_event_release.narc,/fielddata/eventdata/zone_event_release.narc!/member_00453,0,/fielddata/eventdata/zone_event_release.narc,265,453,,120800,120924,116652,116776,124,8eeb1c3513662fff5d5163b0cdb21f303fb377459575381e6352c138ec6be85f,000000000300000000001b0000000000,,,,,False,,,,,,,,,,False,False
/fielddata/eventdata/zone_event_release.narc,/fielddata/eventdata/zone_event_release.narc!/member_00454,0,/fielddata/eventdata/zone_event_release.narc,265,454,,120924,121048,116776,116900,124,87325544caf9c7125bc5a6dffc2daaa2a05f9e8157d1e4e1414c951034c658c7,000000000300000000001b0000000000,,,,,False,,,,,,,,,,False,False
/fielddata/eventdata/zone_event_release.narc,/fielddata/eventdata/zone_event_release.narc!/member_00455,0,/fielddata/eventdata/zone_event_release.narc,265,455,,121048,121172,116900,117024,124,211ef5b99f364cac9423b5addfee868d7b7b4d31ebd9b77b19911bd29b31c250,000000000300000000001b0000000000,,,,,False,,,,,,,,,,False,False
/fielddata/eventdata/zone_event_release.narc,/fielddata/eventdata/zone_event_release.narc!/member_00456,0,/fielddata/eventdata/zone_event_release.narc,265,456,,121172,121328,117024,117180,156,bc2ac9ad11cf5ca7959134460dcb660a443dbdbe36d7cf60e04655d6a3e14a19,000000000400000000001b0000000000,,,,,False,,,,,,,,,,False,False
/fielddata/eventdata/zone_event_release.narc,/fielddata/eventdata/zone_event_release.narc!/member_00457,0,/fielddata/eventdata/zone_event_release.narc,265,457,,121328,121452,117180,117304,124,241303fd1ccf56c54ab5e17c8f093f2fb602f50f122579291eab78d39c6a6e61,000000000300000000001b0000000000,,,,,False,,,,,,,,,,False,False
/fielddata/eventdata/zone_event_release.narc,/fielddata/eventdata/zone_event_release.narc!/member_00458,0,/fielddata/eventdata/zone_event_release.narc,265,458,,121452,121576,117304,117428,124,af9067435f76301948bbbf3ba10b4deaeb765eb37bc26f5a49cf5593bc8f2776,000000000300000000001b0000000000,,,,,False,,,,,,,,,,False,False
/fielddata/eventdata/zone_event_release.narc,/fielddata/eventdata/zone_event_release.narc!/member_00459,0,/fielddata/eventdata/zone_event_release.narc,265,459,,121576,121700,117428,117552,124,edfa2ee461617f009bc422bc048a49300500efe0748e947e0190ef37a04c498d,000000000300000000001b0000000000,,,,,False,,,,,,,,,,False,False
/fielddata/eventdata/zone_event_release.narc,/fielddata/eventdata/zone_event_release.narc!/member_00460,0,/fielddata/eventdata/zone_event_release.narc,265,460,,121700,121824,117552,117676,124,f6ee815c56accb7c65cb5192452b113830f2d845cd9b7e90a5f25ff5f2ccbbcd,000000000300000000001b0000000000,,,,,False,,,,,,,,,,False,False
/fielddata/eventdata/zone_event_release.narc,/fielddata/eventdata/zone_event_release.narc!/member_00461,0,/fielddata/eventdata/zone_event_release.narc,265,461,,121824,121948,117676,117800,124,76e5118a64041022e7d3b0c4ab9161589543bb3f71f578fc6011731d909202eb,000000000300000000001b0000000000,,,,,False,,,,,,,,,,False,False
/fielddata/eventdata/zone_event_release.narc,/fielddata/eventdata/zone_event_release.narc!/member_00462,0,/fielddata/eventdata/zone_event_release.narc,265,462,,121948,122072,117800,117924,124,0d0134b59a1b8448239014578889fea2282ba5544d494432f00d9f8bc54939f8,000000000300000000001b0000000000,,,,,False,,,,,,,,,,False,False
/fielddata/eventdata/zone_event_release.narc,/fielddata/eventdata/zone_event_release.narc!/member_00463,0,/fielddata/eventdata/zone_event_release.narc,265,463,,122072,122196,117924,118048,124,2bf12adccac3904acf567ae6f7d417f8c72f3660547963aeae11f1789c5d621b,000000000300000000001b0000000000,,,,,False,,,,,,,,,,False,False
/fielddata/eventdata/zone_event_release.narc,/fielddata/eventdata/zone_event_release.narc!/member_00464,0,/fielddata/eventdata/zone_event_release.narc,265,464,,122196,122320,118048,118172,124,52a0ed4fbc02293b1d617ce553e0f1caf32c93d54c5a419af5e1ccd7d6b2aca9,000000000300000000001b0000000000,,,,,False,,,,,,,,,,False,False
/fielddata/eventdata/zone_event_release.narc,/fielddata/eventdata/zone_event_release.narc!/member_00465,0,/fielddata/eventdata/zone_event_release.narc,265,465,,122320,122444,118172,118296,124,a47b0a55a48c6b6fb6149c8a2c1e1b479b5e8c53f404bdd3ac2574100e05ba33,000000000300000000001b0000000000,,,,,False,,,,,,,,,,False,False
/fielddata/eventdata/zone_event_release.narc,/fielddata/eventdata/zone_event_release.narc!/member_00466,0,/fielddata/eventdata/zone_event_release.narc,265,466,,122444,122568,118296,118420,124,67de74507299fb8b8f9c2020e38cb015ec5a07f595fc726004b2a699eecc793e,000000000300000000001b0000000000,,,,,False,,,,,,,,,,False,False
/fielddata/eventdata/zone_event_release.narc,/fielddata/eventdata/zone_event_release.narc!/member_00467,0,/fielddata/eventdata/zone_event_release.narc,265,467,,122568,122628,118420,118480,60,a25f3068873fc3d42d32403267aff22b8f39011241d1326548836d12005eda17,00000000010000000000160000000000,,,,,False,,,,,,,,,,False,False
/fielddata/eventdata/zone_event_release.narc,/fielddata/eventdata/zone_event_release.narc!/member_00468,0,/fielddata/eventdata/zone_event_release.narc,265,468,,122628,122848,118480,118700,220,34c4ed8f15260cf66b601c95b2992037cba2e88c3174782f7364bf3808434d78,00000000060000000000290011000000,,,,,False,,,,,,,,,,False,False
/fielddata/eventdata/zone_event_release.narc,/fielddata/eventdata/zone_event_release.narc!/member_00469,0,/fielddata/eventdata/zone_event_release.narc,265,469,,122848,123056,118700,118908,208,08f99dc649108ab5d6d510281955b0f9e9ebfd2d01aab5bddf6ae7d6de9843f5,000000000600000000001b0000000000,,,,,False,,,,,,,,,,False,False
/fielddata/eventdata/zone_event_release.narc,/fielddata/eventdata/zone_event_release.narc!/member_00470,0,/fielddata/eventdata/zone_event_release.narc,265,470,,123056,123308,118908,119160,252,f6bd8f4744ae4a97fc6669e03f146953a9003fccc4b126ab7b13b1ffd7c046e5,0400000004000000080000000a000000,,,,,False,,,,,,,,,,False,False
/fielddata/eventdata/zone_event_release.narc,/fielddata/eventdata/zone_event_release.narc!/member_00471,0,/fielddata/eventdata/zone_event_release.narc,265,471,,123308,123444,119160,119296,136,9b5e092a367e5f2b798751d4e471ec78654e38295f24b7212918cdff2ad0215a,000000000300000000001b0000000000,,,,,False,,,,,,,,,,False,False
/fielddata/eventdata/zone_event_release.narc,/fielddata/eventdata/zone_event_release.narc!/member_00472,0,/fielddata/eventdata/zone_event_release.narc,265,472,,123444,123568,119296,119420,124,a72a04b1c08d40269969371f4549b2d11f746b01d77c5248612d715ff52bad67,000000000300000000001b0000000000,,,,,False,,,,,,,,,,False,False
/fielddata/eventdata/zone_event_release.narc,/fielddata/eventdata/zone_event_release.narc!/member_00473,0,/fielddata/eventdata/zone_event_release.narc,265,473,,123568,123872,119420,119724,304,b1342f1bf8385b7ac06960f5b646052f19630b9ffe5d1c200e895f0148a507b2,0a000000030000000a00000009000000,,,,,False,,,,,,,,,,False,False
/fielddata/eventdata/zone_event_release.narc,/fielddata/eventdata/zone_event_release.narc!/member_00474,0,/fielddata/eventdata/zone_event_release.narc,265,474,,123872,123932,119724,119784,60,5e41d633de2587f49e5fbc8580758a5d391bed355425fff27039db1ec1e13619,00000000010000000000280000000000,,,,,False,,,,,,,,,,False,False
/fielddata/eventdata/zone_event_release.narc,/fielddata/eventdata/zone_event_release.narc!/member_00475,0,/fielddata/eventdata/zone_event_release.narc,265,475,,123932,124012,119784,119864,80,64a0d8d0592634a7d34223441fbf6478bdc087cd21eec8033d1a3b39618e1ba3,01000000030000000400000002000000,,,,,False,,,,,,,,,,False,False
/fielddata/eventdata/zone_event_release.narc,/fielddata/eventdata/zone_event_release.narc!/member_00476,0,/fielddata/eventdata/zone_event_release.narc,265,476,,124012,124072,119864,119924,60,34fae965ac063c200de948d84e48eddefee5e43925522ed6738d43fe25b9c15f,00000000010000000000120000000000,,,,,False,,,,,,,,,,False,False
/fielddata/eventdata/zone_event_release.narc,/fielddata/eventdata/zone_event_release.narc!/member_00477,0,/fielddata/eventdata/zone_event_release.narc,265,477,,124072,124144,119924,119996,72,ba93fc1e731c5c2fb0c099da3b2974e66978a35039fa38fcb4fc8659a878fa58,00000000010000000000080003000000,,,,,False,,,,,,,,,,False,False
/fielddata/eventdata/zone_event_release.narc,/fielddata/eventdata/zone_event_release.narc!/member_00478,0,/fielddata/eventdata/zone_event_release.narc,265,478,,124144,124224,119996,120076,80,69f9cd43e4783e5d404e8a4ee83252fb64432c27d363e9f00e86680c31346aba,01000000020000000400000002000000,,,,,False,,,,,,,,,,False,False
/fielddata/eventdata/zone_event_release.narc,/fielddata/eventdata/zone_event_release.narc!/member_00479,0,/fielddata/eventdata/zone_event_release.narc,265,479,,124224,124364,120076,120216,140,3a4c330e67b534eb2d68a8fc52909ee07fbc4dc37f121596941bdb157829f23f,04000000020000000500000003000000,,,,,False,,,,,,,,,,False,False
/fielddata/eventdata/zone_event_release.narc,/fielddata/eventdata/zone_event_release.narc!/member_00480,0,/fielddata/eventdata/zone_event_release.narc,265,480,,124364,124580,120216,120432,216,529bd2368b77f2e4f506ed9e40e32ffa387f762ff3472aab2ed1914c0c5c10f8,02000000632200003e00000026000000,,,,,False,,,,,,,,,,False,False
/fielddata/eventdata/zone_event_release.narc,/fielddata/eventdata/zone_event_release.narc!/member_00481,0,/fielddata/eventdata/zone_event_release.narc,265,481,,124580,124764,120432,120616,184,8a35f64840f21ee1e527336acb223c2fb16a0a4fbd1cb8fb40af65de16e56033,02000000642200004500000026000000,,,,,False,,,,,,,,,,False,False
/fielddata/eventdata/zone_event_release.narc,/fielddata/eventdata/zone_event_release.narc!/member_00482,0,/fielddata/eventdata/zone_event_release.narc,265,482,,124764,124980,120616,120832,216,d563b6e53f13a7b2d6564e923e39467529f9d27ae3afa6ea832729a29bfbdbd1,02000000652200003e00000050000000,,,,,False,,,,,,,,,,False,False
/fielddata/eventdata/zone_event_release.narc,/fielddata/eventdata/zone_event_release.narc!/member_00483,0,/fielddata/eventdata/zone_event_release.narc,265,483,,124980,125196,120832,121048,216,1459ccfb1231e713b659922f88a3529045a8962bafac9e395b9e1f27aa029786,02000000662200004500000050000000,,,,,False,,,,,,,,,,False,False
/fielddata/eventdata/zone_event_release.narc,/fielddata/eventdata/zone_event_release.narc!/member_00484,0,/fielddata/eventdata/zone_event_release.narc,265,484,,125196,125380,121048,121232,184,0c40424518136889742863c05b22f6e197e871b0ce398845365c94a26b3d82d1,02000000672200003e0000006a000000,,,,,False,,,,,,,,,,False,False
/fielddata/eventdata/zone_event_release.narc,/fielddata/eventdata/zone_event_release.narc!/member_00485,0,/fielddata/eventdata/zone_event_release.narc,265,485,,125380,125652,121232,121504,272,4219a2c35f7aa53492b3bbc992bd7985566e16ec8038041c7203d443b5598d51,0200000068220000450000006a000000,,,,,False,,,,,,,,,,False,False
/fielddata/eventdata/zone_event_release.narc,/fielddata/eventdata/zone_event_release.narc!/member_00486,0,/fielddata/eventdata/zone_event_release.narc,265,486,,125652,125728,121504,121580,76,b63e849f5d29195b2c69cc0aefaf30bd5f5c9aa1a5e09ba8636dbbf480fae96c,000000000100000000009c0000000000,,,,,False,,,,,,,,,,False,False
/fielddata/eventdata/zone_event_release.narc,/fielddata/eventdata/zone_event_release.narc!/member_00487,0,/fielddata/eventdata/zone_event_release.narc,265,487,,125728,125820,121580,121672,92,edd53207bfa42ef94a98a9f01541bd038ff198efaf60e438d746ec1c6d3b7a63,00000000020000000000130010000000,,,,,False,,,,,,,,,,False,False
/fielddata/eventdata/zone_event_release.narc,/fielddata/eventdata/zone_event_release.narc!/member_00488,0,/fielddata/eventdata/zone_event_release.narc,265,488,,125820,125924,121672,121776,104,0104e66052ddbafeee304e1922d6141710a2cfb7ede0d9d8ff1be257a540208c,00000000020000000000130010000000,,,,,False,,,,,,,,,,False,False
/fielddata/eventdata/zone_event_release.narc,/fielddata/eventdata/zone_event_release.narc!/member_00489,0,/fielddata/eventdata/zone_event_release.narc,265,489,,125924,125984,121776,121836,60,5978ae5952bbf5b633678ea6500596e29881bb90b8b9e6b25babbf875c3a2a5f,00000000010000000000840000000000,,,,,False,,,,,,,,,,False,False
/fielddata/eventdata/zone_event_release.narc,/fielddata/eventdata/zone_event_release.narc!/member_00490,0,/fielddata/eventdata/zone_event_release.narc,265,490,,125984,126032,121836,121884,48,e1aaa7d7a94f63ea4ebcef2849d2b70986939f1d8101dc47c56aa92b47a9ae80,01000000661f02000400000003000000,,,,,False,,,,,,,,,,False,False
/fielddata/eventdata/zone_event_release.narc,/fielddata/eventdata/zone_event_release.narc!/member_00491,0,/fielddata/eventdata/zone_event_release.narc,265,491,,126032,126060,121884,121912,28,6029ea79cb6f07f00fa9ec9cf7039340af71769402b3e3fdf50796c15226c2f8,00000000000000000100000003000600,,,,,False,,,,,,,,,,False,False
/fielddata/eventdata/zone_event_release.narc,/fielddata/eventdata/zone_event_release.narc!/member_00492,0,/fielddata/eventdata/zone_event_release.narc,265,492,,126060,126216,121912,122068,156,a3fd2c52c46dd903773997ee2f6ceeec6f5195b9d9064d2a5955d4b7b865bcac,000000000400000000000b0000000000,,,,,False,,,,,,,,,,False,False
/fielddata/eventdata/zone_event_release.narc,/fielddata/eventdata/zone_event_release.narc!/member_00493,0,/fielddata/eventdata/zone_event_release.narc,265,493,,126216,126696,122068,122548,480,3c3e6e2242bc6d4e4564d7ddc3020aaf1e04fd53cb719d00ac0d3a28f4cb9fb6,000000000d0000000000550000000000,,,,,False,,,,,,,,,,False,False
/fielddata/eventdata/zone_event_release.narc,/fielddata/eventdata/zone_event_release.narc!/member_00494,0,/fielddata/eventdata/zone_event_release.narc,265,494,,126696,127176,122548,123028,480,e6fb3e79f5257d2208d79b2dfea9fb4d38682ce13f7b3a4d6e55a9da8667a6a2,000000000d0000000000550000000000,,,,,False,,,,,,,,,,False,False
/fielddata/eventdata/zone_event_release.narc,/fielddata/eventdata/zone_event_release.narc!/member_00495,0,/fielddata/eventdata/zone_event_release.narc,265,495,,127176,127656,123028,123508,480,dc8afd57392f89af2e6e279d74e8be5a1fd3c8182278404047b14d8a6650cda7,000000000d0000000000550000000000,,,,,False,,,,,,,,,,False,False
/fielddata/eventdata/zone_event_release.narc,/fielddata/eventdata/zone_event_release.narc!/member_00496,0,/fielddata/eventdata/zone_event_release.narc,265,496,,127656,128680,123508,124532,1024,2d486b7728dd611383f697db8b4c83165b135baf68d7b5cc731bfa57a0815835,000000001e0000000000550000000000,,,,,False,,,,,,,,,,False,False
/fielddata/eventdata/zone_event_release.narc,/fielddata/eventdata/zone_event_release.narc!/member_00497,0,/fielddata/eventdata/zone_event_release.narc,265,497,,128680,129672,124532,125524,992,34e7157ca1901af17e15562014784c699321aef6097d0c645aa6f5cb242e25ee,000000001d0000000000550000000000,,,,,False,,,,,,,,,,False,False
/fielddata/eventdata/zone_event_release.narc,/fielddata/eventdata/zone_event_release.narc!/member_00498,0,/fielddata/eventdata/zone_event_release.narc,265,498,,129672,130664,125524,126516,992,5c9620186227eb973dea5720fbaec69ebd314745aba9390d8b2b811a4381ced1,000000001d0000000000550000000000,,,,,False,,,,,,,,,,False,False
/fielddata/eventdata/zone_event_release.narc,/fielddata/eventdata/zone_event_release.narc!/member_00499,0,/fielddata/eventdata/zone_event_release.narc,265,499,,130664,131656,126516,127508,992,db875b9db433dfd24fa06bce99f35c084795a2005b18c525dd98e7727b334e20,000000001d0000000000550000000000,,,,,False,,,,,,,,,,False,False
/fielddata/eventdata/zone_event_release.narc,/fielddata/eventdata/zone_event_release.narc!/member_00500,0,/fielddata/eventdata/zone_event_release.narc,265,500,,131656,132680,127508,128532,1024,68086d050b5e7f7adfeb7d8ac71c09a6326024a2a955b9aff206c4036e65fc84,000000001e0000000000550000000000,,,,,False,,,,,,,,,,False,False
/fielddata/eventdata/zone_event_release.narc,/fielddata/eventdata/zone_event_release.narc!/member_00501,0,/fielddata/eventdata/zone_event_release.narc,265,501,,132680,133704,128532,129556,1024,b6a98d4fedfaa2ddee9ab68bffd6e9463051ec21fc5be83115f7b24d4c03dde6,000000001e0000000000550000000000,,,,,False,,,,,,,,,,False,False
/fielddata/eventdata/zone_event_release.narc,/fielddata/eventdata/zone_event_release.narc!/member_00502,0,/fielddata/eventdata/zone_event_release.narc,265,502,,133704,134728,129556,130580,1024,fa74bbe9a130007b60667b0e7dfe36666c9876634336334417993ab3b830902e,000000001e0000000000550000000000,,,,,False,,,,,,,,,,False,False
/fielddata/eventdata/zone_event_release.narc,/fielddata/eventdata/zone_event_release.narc!/member_00503,0,/fielddata/eventdata/zone_event_release.narc,265,503,,134728,135720,130580,131572,992,566ef55ac677d934fa89be8af36707b417db09264ab7d0de1183d410da40e43c,000000001d0000000000550000000000,,,,,False,,,,,,,,,,False,False
/fielddata/eventdata/zone_event_release.narc,/fielddata/eventdata/zone_event_release.narc!/member_00504,0,/fielddata/eventdata/zone_event_release.narc,265,504,,135720,136744,131572,132596,1024,282bfb93484fa599cb94d296392687a6380fd4c0f20b48eb1e22343b84bc8cd9,000000001e0000000000550000000000,,,,,False,,,,,,,,,,False,False
/fielddata/eventdata/zone_event_release.narc,/fielddata/eventdata/zone_event_release.narc!/member_00505,0,/fielddata/eventdata/zone_event_release.narc,265,505,,136744,137768,132596,133620,1024,c10b68e174e055e1394335de7e654bd1440f1587169af9dea4242837b32aa7e2,000000001e0000000000550000000000,,,,,False,,,,,,,,,,False,False
/fielddata/eventdata/zone_event_release.narc,/fielddata/eventdata/zone_event_release.narc!/member_00506,0,/fielddata/eventdata/zone_event_release.narc,265,506,,137768,138792,133620,134644,1024,9944cd5cc12aea89c825711aeee80ffde185b80e0892ef7b6ad85ea807d1bd19,000000001e0000000000550000000000,,,,,False,,,,,,,,,,False,False
/fielddata/eventdata/zone_event_release.narc,/fielddata/eventdata/zone_event_release.narc!/member_00507,0,/fielddata/eventdata/zone_event_release.narc,265,507,,138792,139816,134644,135668,1024,5661b39fe873f34f6ea49c2fa4c3c271f0535ad77e6d97d20369a1d26745bc85,000000001e0000000000550000000000,,,,,False,,,,,,,,,,False,False
/fielddata/eventdata/zone_event_release.narc,/fielddata/eventdata/zone_event_release.narc!/member_00508,0,/fielddata/eventdata/zone_event_release.narc,265,508,,139816,139832,135668,135684,16,374708fff7719dd5979ec875d56cd2286f6d3cf7ec317a3b25632aab28ec37bb,00000000000000000000000000000000,,,,,False,,,,,,,,,,False,False
/fielddata/eventdata/zone_event_release.narc,/fielddata/eventdata/zone_event_release.narc!/member_00509,0,/fielddata/eventdata/zone_event_release.narc,265,509,,139832,139848,135684,135700,16,374708fff7719dd5979ec875d56cd2286f6d3cf7ec317a3b25632aab28ec37bb,00000000000000000000000000000000,,,,,False,,,,,,,,,,False,False
/fielddata/eventdata/zone_event_release.narc,/fielddata/eventdata/zone_event_release.narc!/member_00510,0,/fielddata/eventdata/zone_event_release.narc,265,510,,139848,139864,135700,135716,16,374708fff7719dd5979ec875d56cd2286f6d3cf7ec317a3b25632aab28ec37bb,00000000000000000000000000000000,,,,,False,,,,,,,,,,False,False
/fielddata/eventdata/zone_event_release.narc,/fielddata/eventdata/zone_event_release.narc!/member_00511,0,/fielddata/eventdata/zone_event_release.narc,265,511,,139864,140020,135716,135872,156,209a69a643de4e55186e9d83deb3e3196bfdac84002fb893d84606f555df5ee7,00000000040000000000140003000000,,,,,False,,,,,,,,,,False,False
/fielddata/land_data/land_data_release.narc,/fielddata/land_data/land_data_release.narc!/member_00000,0,/fielddata/land_data/land_data_release.narc,266,0,,4676,42616,0,37940,37940,9a24f9f7ae24e56b59782034da353efed99f24ba5c4abd9748df6ff91d9fb06f,00080000800100002489000080010000,,,,,False,,,,,,,,,,False,False
/fielddata/land_data/land_data_release.narc,/fielddata/land_data/land_data_release.narc!/member_00001,0,/fielddata/land_data/land_data_release.narc,266,1,,42616,52510,37940,47834,9894,c344b781c082ded864ecefb91d855f804f1017388000932a973d90f7aa720136,0008000000000000ec1d0000aa000000,,,,,False,,,,,,,,,,False,False
/fielddata/land_data/land_data_release.narc,/fielddata/land_data/land_data_release.narc!/member_00002,0,/fielddata/land_data/land_data_release.narc,266,2,,52512,62418,47836,57742,9906,4810d8daf1adc40fa7066a89285759d77c29761d7d4006ba8e550c7e2d602d86,0008000000000000f81d0000aa000000,,,,,False,,,,,,,,,,False,False
/fielddata/land_data/land_data_release.narc,/fielddata/land_data/land_data_release.narc!/member_00003,0,/fielddata/land_data/land_data_release.narc,266,3,,62420,72342,57744,67666,9922,fbec4d017475d908124087b97252635d5cd6922b3d10c8f367d83f4652a2d987,0008000000000000081e0000aa000000,,,,,False,,,,,,,,,,False,False
/fielddata/land_data/land_data_release.narc,/fielddata/land_data/land_data_release.narc!/member_00004,0,/fielddata/land_data/land_data_release.narc,266,4,,72344,89650,67668,84974,17306,2386aec831aebe26573f2b3c952e6a256ae1bbfc2ce62fe30b55e34ae95335fe,0008000000000000e03a0000aa000000,,,,,False,,,,,,,,,,False,False
/fielddata/land_data/land_data_release.narc,/fielddata/land_data/land_data_release.narc!/member_00005,0,/fielddata/land_data/land_data_release.narc,266,5,,89652,108058,84976,103382,18406,cff10b864f1b6dd43c5003c333930952ccee7b0975bb9f6f5406fb735a212705,00080000000000002c3f0000aa000000,,,,,False,,,,,,,,,,False,False
/fielddata/land_data/land_data_release.narc,/fielddata/land_data/land_data_release.narc!/member_00006,0,/fielddata/land_data/land_data_release.narc,266,6,,108060,124894,103384,120218,16834,ab6c9d67dd4ddc6e0c4206fcc9faa9b3235d390b1944006c9f40c10db76afeb4,000800000000000008390000aa000000,,,,,False,,,,,,,,,,False,False
/fielddata/land_data/land_data_release.narc,/fielddata/land_data/land_data_release.narc!/member_00007,0,/fielddata/land_data/land_data_release.narc,266,7,,124896,152150,120220,147474,27254,b388c7055602f24b94453b3be2e3e30400be799cfdf985ee54f1dedc59bd592e,00080000e0010000dc5f0000aa000000,,,,,False,,,,,,,,,,False,False
/fielddata/land_data/land_data_release.narc,/fielddata/land_data/land_data_release.narc!/member_00008,0,/fielddata/land_data/land_data_release.narc,266,8,,152152,179514,147476,174838,27362,a5d183e62b699e3256210f3f15b356a9f65b4d76d491ae288a5a594bfcbb2381,00080000000000005c530000760f0000,,,,,False,,,,,,,,,,False,False
/fielddata/land_data/land_data_release.narc,/fielddata/land_data/land_data_release.narc!/member_00009,0,/fielddata/land_data/land_data_release.narc,266,9,,179516,220308,174840,215632,40792,7606ecfcd37c7a2e5aad7e4352fecbac1b0c40f03a3e62639147fb46ef5af083,0008000000000000947c0000b41a0000,,,,,False,,,,,,,,,,False,False
/fielddata/land_data/land_data_release.narc,/fielddata/land_data/land_data_release.narc!/member_00010,0,/fielddata/land_data/land_data_release.narc,266,10,,220308,255940,215632,251264,35632,1336f23ec6d13c6d126a77ba959be19d164620022bf09d89d9da4326dd4d642c,0008000000000000d47c00004c060000,,,,,False,,,,,,,,,,False,False
/fielddata/land_data/land_data_release.narc,/fielddata/land_data/land_data_release.narc!/member_00011,0,/fielddata/land_data/land_data_release.narc,266,11,,255940,275558,251264,270882,19618,76aa489603e67b5fe30e7d2f847314d5b0a617aa79ce4140b6b86818ff2ae92f,0008000000000000a4400000ee030000,,,,,False,,,,,,,,,,False,False
/fielddata/land_data/land_data_release.narc,/fielddata/land_data/land_data_release.narc!/member_00012,0,/fielddata/land_data/land_data_release.narc,266,12,,275560,298544,270884,293868,22984,51c460b77b0b00a5b83b977ea4bc6e415a9296b685deb1cb489968706892f912,0008000090000000e84f000040010000,,,,,False,,,,,,,,,,False,False
/fielddata/land_data/land_data_release.narc,/fielddata/land_data/land_data_release.narc!/member_00013,0,/fielddata/land_data/land_data_release.narc,266,13,,298544,331460,293868,326784,32916,6fce1ff6a94bb35ca46b35f0158183565fd76fab165962252af2e1f0e3caa721,00080000300000004c72000008060000,,,,,False,,,,,,,,,,False,False
/fielddata/land_data/land_data_release.narc,/fielddata/land_data/land_data_release.narc!/member_00014,0,/fielddata/land_data/land_data_release.narc,266,14,,331460,360906,326784,356230,29446,267b740389ecd4875c1b79d2ccc340d62358582c9567543deb8556727b669c78,00080000000000004c6a0000aa000000,,,,,False,,,,,,,,,,False,False
/fielddata/land_data/land_data_release.narc,/fielddata/land_data/land_data_release.narc!/member_00015,0,/fielddata/land_data/land_data_release.narc,266,15,,360908,381740,356232,377064,20832,088695a3fc65a956f0abd56d705e319f4aae526da33ccac6bdf5367509e1de13,000800001002000048440000f8020000,,,,,False,,,,,,,,,,False,False
/fielddata/land_data/land_data_release.narc,/fielddata/land_data/land_data_release.narc!/member_00016,0,/fielddata/land_data/land_data_release.narc,266,16,,381740,412180,377064,407504,30440,aa91dce06b5986c2b3c372b7eb67e324ef0e4a16acdb3f20032f80164216e408,00080000100200007068000058040000,,,,,False,,,,,,,,,,False,False
/fielddata/land_data/land_data_release.narc,/fielddata/land_data/land_data_release.narc!/member_00017,0,/fielddata/land_data/land_data_release.narc,266,17,,412180,427544,407504,422868,15364,f30ab060c1014fd3f89a32906098a280c042b8df7f8f8772c3c59b30f4800924,00080000400200007030000044010000,,,,,False,,,,,,,,,,False,False
/fielddata/land_data/land_data_release.narc,/fielddata/land_data/land_data_release.narc!/member_00018,0,/fielddata/land_data/land_data_release.narc,266,18,,427544,450998,422868,446322,23454,1e15eb75b32307f80afd1d08cf55c3b82888328ea1097d40321b55a769d06999,0008000050010000844e0000ba030000,,,,,False,,,,,,,,,,False,False
/fielddata/land_data/land_data_release.narc,/fielddata/land_data/land_data_release.narc!/member_00019,0,/fielddata/land_data/land_data_release.narc,266,19,,451000,478482,446324,473806,27482,f4b04e0f5e5997702e4098a15f525677ddd651c6001b1d6a9e8ec9e7201b0ac1,000800000000000090600000ba020000,,,,,False,,,,,,,,,,False,False
/fielddata/land_data/land_data_release.narc,/fielddata/land_data/land_data_release.narc!/member_00020,0,/fielddata/land_data/land_data_release.narc,266,20,,478484,512656,473808,507980,34172,a1ddf22bcf98d3ccebf8e9f2126d6d351319e835c733ac67fb70c81e38afa93a,0008000000000000287a000044030000,,,,,False,,,,,,,,,,False,False
/fielddata/land_data/land_data_release.narc,/fielddata/land_data/land_data_release.narc!/member_00021,0,/fielddata/land_data/land_data_release.narc,266,21,,512656,553102,507980,548426,40446,beac29f6feb803e3fce081573fe2f5b1d65aaf8452d98ced838f28b5a27c0511,0008000000000000849100006a040000,,,,,False,,,,,,,,,,False,False
/fielddata/land_data/land_data_release.narc,/fielddata/land_data/land_data_release.narc!/member_00022,0,/fielddata/land_data/land_data_release.narc,266,22,,553104,577388,548428,572712,24284,53ed482a098c2025bae088288c74a243cfad65a9e817ef74cf884f73ac007348,0008000040020000dc510000b0020000,,,,,False,,,,,,,,,,False,False
/fielddata/land_data/land_data_release.narc,/fielddata/land_data/land_data_release.narc!/member_00023,0,/fielddata/land_data/land_data_release.narc,266,23,,577388,606190,572712,601514,28802,e51035d1f6ee35e6ad362000e0bc67a116bd87cd9d763cda5599ac0be6ba5c4f,00080000e00100006065000032010000,,,,,False,,,,,,,,,,False,False
/fielddata/land_data/land_data_release.narc,/fielddata/land_data/land_data_release.narc!/member_00024,0,/fielddata/land_data/land_data_release.narc,266,24,,606192,632780,601516,628104,26588,221e87ff03602063b28f4aeac1cf9892798665955d564b2e34b691dfb70a1873,0008000000030000945a000038020000,,,,,False,,,,,,,,,,False,False
/fielddata/land_data/land_data_release.narc,/fielddata/land_data/land_data_release.narc!/member_00025,0,/fielddata/land_data/land_data_release.narc,266,25,,632780,673304,628104,668628,40524,afa9765322e7a40919287ee33d3e344205bc9c57742eb4410cd0d68083f47197,0008000060000000d48e000008070000,,,,,False,,,,,,,,,,False,False
/fielddata/land_data/land_data_release.narc,/fielddata/land_data/land_data_release.narc!/member_00026,0,/fielddata/land_data/land_data_release.narc,266,26,,673304,714934,668628,710258,41630,c4b6a07396ef2d2d986db925e3fde071b07c98c6d8fd3af30f723d56c0dfd076,0008000000000000a8900000e6090000,,,,,False,,,,,,,,,,False,False
/fielddata/land_data/land_data_release.narc,/fielddata/land_data/land_data_release.narc!/member_00027,0,/fielddata/land_data/land_data_release.narc,266,27,,714936,760516,710260,755840,45580,0080cbe2a39ee1249838cc1bc6ebb70e991d8a01251f766823d135c1cb158b9f,000800003000000018a20000b4070000,,,,,False,,,,,,,,,,False,False
/fielddata/land_data/land_data_release.narc,/fielddata/land_data/land_data_release.narc!/member_00028,0,/fielddata/land_data/land_data_release.narc,266,28,,760516,817736,755840,813060,57220,b9d6e8562736e0301ddc939a774d65bf8e4d763bf0d93c735c168e7c6e64781e,000800003000000054c80000f00e0000,,,,,False,,,,,,,,,,False,False
/fielddata/land_data/land_data_release.narc,/fielddata/land_data/land_data_release.narc!/member_00029,0,/fielddata/land_data/land_data_release.narc,266,29,,817736,878366,813060,873690,60630,4689f9e1c5911aab761b7f52f367d83f8dde3fe0a4c52e5289ff756d87c43eb3,000800000000000048dc00007e080000,,,,,False,,,,,,,,,,False,False
/fielddata/land_data/land_data_release.narc,/fielddata/land_data/land_data_release.narc!/member_00030,0,/fielddata/land_data/land_data_release.narc,266,30,,878368,916604,873692,911928,38236,6823691409aacfd0d0f692b527e1e7d8284210ad5d81a9f0732700dc973a519c,0008000000000000c885000084070000,,,,,False,,,,,,,,,,False,False
/fielddata/land_data/land_data_release.narc,/fielddata/land_data/land_data_release.narc!/member_00031,0,/fielddata/land_data/land_data_release.narc,266,31,,916604,961368,911928,956692,44764,ac48826b464d3d558f5ddcc87965d9e9e1307a99d9c38e375fd3bf5f355ee08d,000800000000000060a200006c040000,,,,,False,,,,,,,,,,False,False
/fielddata/land_data/land_data_release.narc,/fielddata/land_data/land_data_release.narc!/member_00032,0,/fielddata/land_data/land_data_release.narc,266,32,,961368,981654,956692,976978,20286,a71a27612fdcbd89d1e718b11d0c0322829dae82067169feb0a28d4442ba25cb,00080000b0010000d4440000aa000000,,,,,False,,,,,,,,,,False,False
/fielddata/land_data/land_data_release.narc,/fielddata/land_data/land_data_release.narc!/member_00033,0,/fielddata/land_data/land_data_release.narc,266,33,,981656,1010514,976980,1005838,28858,84ab38cd575a88659849704f721b2662d1707efe9fe953be39d8baf8432225ac,000800000000000000680000aa000000,,,,,False,,,,,,,,,,False,False
/fielddata/land_data/land_data_release.narc,/fielddata/land_data/land_data_release.narc!/member_00034,0,/fielddata/land_data/land_data_release.narc,266,34,,1010516,1053852,1005840,1049176,43336,3a262e8b10a69e2538f79e6ec1b7cbafff5762bfc4e99fcfcf6fa45129b7369a,0008000030000000009b000008060000,,,,,False,,,,,,,,,,False,False
/fielddata/land_data/land_data_release.narc,/fielddata/land_data/land_data_release.narc!/member_00035,0,/fielddata/land_data/land_data_release.narc,266,35,,1053852,1109912,1049176,1105236,56060,56f4c9b5f0ff1813142a8c55adf23feeb531e8aec85b1f4328b924f5ae02ef41,00080000000000002cca0000c0080000,,,,,False,,,,,,,,,,False,False
/fielddata/land_data/land_data_release.narc,/fielddata/land_data/land_data_release.narc!/member_00036,0,/fielddata/land_data/land_data_release.narc,266,36,,1109912,1139426,1105236,1134750,29514,c2df94e53f0035cd564d35ab7ece844f68d6b43e9ad837e8b2c219772eb9a0a1,0008000040020000f865000002030000,,,,,False,,,,,,,,,,False,False
/fielddata/land_data/land_data_release.narc,/fielddata/land_data/land_data_release.narc!/member_00037,0,/fielddata/land_data/land_data_release.narc,266,37,,1139428,1182662,1134752,1177986,43234,074fd347efb7cb09b5e00f21047614b1d30c051e87cc33917e6026a4833da917,0008000060000000ac9c0000c6030000,,,,,False,,,,,,,,,,False,False
/fielddata/land_data/land_data_release.narc,/fielddata/land_data/land_data_release.narc!/member_00038,0,/fielddata/land_data/land_data_release.narc,266,38,,1182664,1199202,1177988,1194526,16538,14b8421b36edfa3e143ebb164545e06b45745f333ed88f571bb0dd0cfc4f2be8,0008000030000000b0370000aa000000,,,,,False,,,,,,,,,,False,False
/fielddata/land_data/land_data_release.narc,/fielddata/land_data/land_data_release.narc!/member_00039,0,/fielddata/land_data/land_data_release.narc,266,39,,1199204,1208310,1194528,1203634,9106,36a6c2c6915b486de4b010e82ec9f731afdbe7f29dbae1597eb5a9787610b69f,0008000000000000d81a0000aa000000,,,,,False,,,,,,,,,,False,False
/fielddata/land_data/land_data_release.narc,/fielddata/land_data/land_data_release.narc!/member_00040,0,/fielddata/land_data/land_data_release.narc,266,40,,1208312,1228968,1203636,1224292,20656,6041e52bedcccdb33920c5878d6f2076ce7f3d26ae242d7d1ed3b4e66765096b,00080000000000004c46000054020000,,,,,False,,,,,,,,,,False,False
/fielddata/land_data/land_data_release.narc,/fielddata/land_data/land_data_release.narc!/member_00041,0,/fielddata/land_data/land_data_release.narc,266,41,,1228968,1259548,1224292,1254872,30580,3d08b97ba59cecf57eadae258f72920b77d5725a7c550ebf26c6adc76341d970,0008000000000000bc6b0000a8030000,,,,,False,,,,,,,,,,False,False
/fielddata/land_data/land_data_release.narc,/fielddata/land_data/land_data_release.narc!/member_00042,0,/fielddata/land_data/land_data_release.narc,266,42,,1259548,1292470,1254872,1287794,32922,8a90098a1a554b686cb6f780dc0a94a62e4affac54e6931307397e823ad071cb,000800006000000058730000d2040000,,,,,False,,,,,,,,,,False,False
/fielddata/land_data/land_data_release.narc,/fielddata/land_data/land_data_release.narc!/member_00043,0,/fielddata/land_data/land_data_release.narc,266,43,,1292472,1330356,1287796,1325680,37884,653bf3fdb22263cb47112536bd0b2c666cf8c89201643ac6860d855a7fae9367,0008000030000000808500003c060000,,,,,False,,,,,,,,,,False,False
/fielddata/land_data/land_data_release.narc,/fielddata/land_data/land_data_release.narc!/member_00044,0,/fielddata/land_data/land_data_release.narc,266,44,,1330356,1355874,1325680,1351198,25518,418907438284480d5bc1645f452a5a47faa2398d3c8d35d9a357aa837a631caa,0008000030030000c4570000aa000000,,,,,False,,,,,,,,,,False,False
/fielddata/land_data/land_data_release.narc,/fielddata/land_data/land_data_release.narc!/member_00045,0,/fielddata/land_data/land_data_release.narc,266,45,,1355876,1381826,1351200,1377150,25950,449738e58f998f6358444d6fe2576773af7a9f44adc4e519b6c7811bca4de909,0008000010020000945a0000aa000000,,,,,False,,,,,,,,,,False,False
/fielddata/land_data/land_data_release.narc,/fielddata/land_data/land_data_release.narc!/member_00046,0,/fielddata/land_data/land_data_release.narc,266,46,,1381828,1427430,1377152,1422754,45602,08d67675abfe034c20cf871d494c4bfb4e8ade1f47442c81dae6d52b95c13eb2,00080000e0010000609f0000d2080000,,,,,False,,,,,,,,,,False,False
/fielddata/land_data/land_data_release.narc,/fielddata/land_data/land_data_release.narc!/member_00047,0,/fielddata/land_data/land_data_release.narc,266,47,,1427432,1476524,1422756,1471848,49092,1acf91041941c9bf925f6250f3257e85ea6256783a89039fa4680a672f38d06d,00080000000000002cb0000088070000,,,,,False,,,,,,,,,,False,False
/fielddata/land_data/land_data_release.narc,/fielddata/land_data/land_data_release.narc!/member_00048,0,/fielddata/land_data/land_data_release.narc,266,48,,1476524,1511766,1471848,1507090,35242,79c8a40a6efc965b65b65274921c652a5a87968a56175b27e87354bb1f31f959,0008000030030000047b000066030000,,,,,False,,,,,,,,,,False,False
/fielddata/land_data/land_data_release.narc,/fielddata/land_data/land_data_release.narc!/member_00049,0,/fielddata/land_data/land_data_release.narc,266,49,,1511768,1540764,1507092,1536088,28996,94dcb4947ee9ee9458c6a37067bbb12da33f0408b8adafbeb59babc21a69cab2,00080000400200007c63000078030000,,,,,False,,,,,,,,,,False,False
/fielddata/land_data/land_data_release.narc,/fielddata/land_data/land_data_release.narc!/member_00050,0,/fielddata/land_data/land_data_release.narc,266,50,,1540764,1573542,1536088,1568866,32778,ddc51d82ce44aa62a2e8d028fe8be8cb2404649bcfb42a78e135f85f7282cfcb,00080000600000008473000016040000,,,,,False,,,,,,,,,,False,False
/fielddata/land_data/land_data_release.narc,/fielddata/land_data/land_data_release.narc!/member_00051,0,/fielddata/land_data/land_data_release.narc,266,51,,1573544,1604154,1568868,1599478,30610,3e71a22a294ad46b186646ec1f8002dc553fed94a5c1f620886da79e6488edfb,00080000300000004069000012060000,,,,,False,,,,,,,,,,False,False
/fielddata/land_data/land_data_release.narc,/fielddata/land_data/land_data_release.narc!/member_00052,0,/fielddata/land_data/land_data_release.narc,266,52,,1604156,1660348,1599480,1655672,56192,1f7e1cabc9dd43565eaa58151235db39b05803c901dc4daf6be8aab5da35d62e,0008000030000000d4c800006c0a0000,,,,,False,,,,,,,,,,False,False
/fielddata/land_data/land_data_release.narc,/fielddata/land_data/land_data_release.narc!/member_00053,0,/fielddata/land_data/land_data_release.narc,266,53,,1660348,1722608,1655672,1717932,62260,07b82e20fdb3e65deb01fc8201d62366b4ffcadfce46241a4b5c3bf553ceed77,000800003000000088e000006c0a0000,,,,,False,,,,,,,,,,False,False
/fielddata/land_data/land_data_release.narc,/fielddata/land_data/land_data_release.narc!/member_00054,0,/fielddata/land_data/land_data_release.narc,266,54,,1722608,1764532,1717932,1759856,41924,5c6ba8df1e49c5d7b9facb92a6f7af4ce99f2d28a9e22d985ede19d091b1e943,000800009000000048970000dc030000,,,,,False,,,,,,,,,,False,False
/fielddata/land_data/land_data_release.narc,/fielddata/land_data/land_data_release.narc!/member_00055,0,/fielddata/land_data/land_data_release.narc,266,55,,1764532,1828854,1759856,1824178,64322,45cf7f46a52296d0cd9ec89ba48ef400488084479c1b14e393657a7c19494b17,000800003000000028e70000da0b0000,,,,,False,,,,,,,,,,False,False
/fielddata/land_data/land_data_release.narc,/fielddata/land_data/land_data_release.narc!/member_00056,0,/fielddata/land_data/land_data_release.narc,266,56,,1828856,1871896,1824180,1867220,43040,a91acb64752963e5fb293abe18d259fec579aedcd6498b4dbf11da380b6cf0d6,0008000090000000c89b0000b8030000,,,,,False,,,,,,,,,,False,False
/fielddata/land_data/land_data_release.narc,/fielddata/land_data/land_data_release.narc!/member_00057,0,/fielddata/land_data/land_data_release.narc,266,57,,1871896,1906530,1867220,1901854,34634,acba000c8e0dca351a3a34dba78598c7e690114317dfafa53c4524fb7ec5d79d,0008000050010000407d0000aa000000,,,,,False,,,,,,,,,,False,False
/fielddata/land_data/land_data_release.narc,/fielddata/land_data/land_data_release.narc!/member_00058,0,/fielddata/land_data/land_data_release.narc,266,58,,1906532,1942354,1901856,1937678,35822,f52d63a80908c1bb6c58d99b2f79654094c447877afafce51f741376a6fc593d,00080000f000000044820000aa000000,,,,,False,,,,,,,,,,False,False
/fielddata/land_data/land_data_release.narc,/fielddata/land_data/land_data_release.narc!/member_00059,0,/fielddata/land_data/land_data_release.narc,266,59,,1942356,1969430,1937680,1964754,27074,cdd071500d592bddb3cbaf17592318292783f113d565b1a73e6f299517d38990,00080000b0010000585f0000aa000000,,,,,False,,,,,,,,,,False,False
/fielddata/land_data/land_data_release.narc,/fielddata/land_data/land_data_release.narc!/member_00060,0,/fielddata/land_data/land_data_release.narc,266,60,,1969432,1998058,1964756,1993382,28626,907e700b48f6c8e0acef34b0dd2f9c6bce9a3f0df5dbb38b2abf17aa34f18085,00080000e001000038650000aa000000,,,,,False,,,,,,,,,,False,False
/fielddata/land_data/land_data_release.narc,/fielddata/land_data/land_data_release.narc!/member_00061,0,/fielddata/land_data/land_data_release.narc,266,61,,1998060,2056464,1993384,2051788,58404,9961d795791176eef6aa4d027b92e1b572b77f5089ab9329bbfa541221c7d93a,000800003000000018d60000cc050000,,,,,False,,,,,,,,,,False,False
/fielddata/land_data/land_data_release.narc,/fielddata/land_data/land_data_release.narc!/member_00062,0,/fielddata/land_data/land_data_release.narc,266,62,,2056464,2108830,2051788,2104154,52366,c68a37ed74aa06b1caa426c05c07b1a80286984e9622b6048057faa85ed631a4,0008000070020000d49b00003a260000,,,,,False,,,,,,,,,,False,False
/fielddata/land_data/land_data_release.narc,/fielddata/land_data/land_data_release.narc!/member_00063,0,/fielddata/land_data/land_data_release.narc,266,63,,2108832,2165886,2104156,2161210,57054,ebaedf08be480b78b41765fb4f150df9a927541061ca2d4752a433a7fe35a59c,000800003000000000cc00009e0a0000,,,,,False,,,,,,,,,,False,False
/fielddata/land_data/land_data_release.narc,/fielddata/land_data/land_data_release.narc!/member_00064,0,/fielddata/land_data/land_data_release.narc,266,64,,2165888,2224320,2161212,2219644,58432,540a2273620961c9418a5bdfdb9ee3b123bd90cd9762c9c0f3821ca570d7eb8c,0008000060000000d8ce0000f80c0000,,,,,False,,,,,,,,,,False,False
/fielddata/land_data/land_data_release.narc,/fielddata/land_data/land_data_release.narc!/member_00065,0,/fielddata/land_data/land_data_release.narc,266,65,,2224320,2269974,2219644,2265298,45654,7804b7e4dac73d1d93bb4d7b355fcd71af3f64ede76d848d110d4bac867fbbbf,000800009000000040a5000076040000,,,,,False,,,,,,,,,,False,False
/fielddata/land_data/land_data_release.narc,/fielddata/land_data/land_data_release.narc!/member_00066,0,/fielddata/land_data/land_data_release.narc,266,66,,2269976,2301034,2265300,2296358,31058,9ee97ea2ec34388857ba70173e9bc1278322cabb613e8deada7cbb5efa4c085f,000800000000000098700000aa000000,,,,,False,,,,,,,,,,False,False
/fielddata/land_data/land_data_release.narc,/fielddata/land_data/land_data_release.narc!/member_00067,0,/fielddata/land_data/land_data_release.narc,266,67,,2301036,2331894,2296360,2327218,30858,ec1e6f7aed8dc042f598f13496187727fb3704c9bc56c04a04243f219324ad50,0008000060000000706f0000aa000000,,,,,False,,,,,,,,,,False,False
/fielddata/land_data/land_data_release.narc,/fielddata/land_data/land_data_release.narc!/member_00068,0,/fielddata/land_data/land_data_release.narc,266,68,,2331896,2375902,2327220,2371226,44006,b4423bbecdca60215422106abda13618e1c7fc2fa4f3ee25ae835db39ad30c9c,0008000090000000649d0000e2050000,,,,,False,,,,,,,,,,False,False
/fielddata/land_data/land_data_release.narc,/fielddata/land_data/land_data_release.narc!/member_00069,0,/fielddata/land_data/land_data_release.narc,266,69,,2375904,2427376,2371228,2422700,51472,40f65c3ed072c0fc5222974ecf8cdcc4800f3e7cd1f1a72586caf0313e138c87,00080000300000007cb8000054080000,,,,,False,,,,,,,,,,False,False
/fielddata/land_data/land_data_release.narc,/fielddata/land_data/land_data_release.narc!/member_00070,0,/fielddata/land_data/land_data_release.narc,266,70,,2427376,2477852,2422700,2473176,50476,38d594794c7dd877d444fce1b5cf83114e46fb79f8e6e443e1a863ce335102e5,000800000000000000b500001c080000,,,,,False,,,,,,,,,,False,False
/fielddata/land_data/land_data_release.narc,/fielddata/land_data/land_data_release.narc!/member_00071,0,/fielddata/land_data/land_data_release.narc,266,71,,2477852,2510936,2473176,2506260,33084,49bc248cf0d8cb84df6fb3cc6f840e2cc515b0cbeb324051d0a542ab4a4c18d2,0008000030000000907700006c010000,,,,,False,,,,,,,,,,False,False
/fielddata/land_data/land_data_release.narc,/fielddata/land_data/land_data_release.narc!/member_00072,0,/fielddata/land_data/land_data_release.narc,266,72,,2510936,2534218,2506260,2529542,23282,e5c5957b2e731a3bb20a896dc1c661abf990152585219a203634ff8f96810c6a,00080000e001000058500000aa000000,,,,,False,,,,,,,,,,False,False
/fielddata/land_data/land_data_release.narc,/fielddata/land_data/land_data_release.narc!/member_00073,0,/fielddata/land_data/land_data_release.narc,266,73,,2534220,2570754,2529544,2566078,36534,c493ff95aa7a3b3a7b0fa9c1978f1659a1dca8a2b7a02a346458d66107d1af01,00080000c00000005c8400008a010000,,,,,False,,,,,,,,,,False,False
/fielddata/land_data/land_data_release.narc,/fielddata/land_data/land_data_release.narc!/member_00074,0,/fielddata/land_data/land_data_release.narc,266,74,,2570756,2620418,2566080,2615742,49662,295c96f018e79ceb50a1a9fde9963ef0c0ff5d864d76f0ac6d73c3d11ac54934,000800009000000000b100005e080000,,,,,False,,,,,,,,,,False,False
/fielddata/land_data/land_data_release.narc,/fielddata/land_data/land_data_release.narc!/member_00075,0,/fielddata/land_data/land_data_release.narc,266,75,,2620420,2672522,2615744,2667846,52102,959a4601efe6ad924602485171e8eb64a18799aea2d27302af9223300c206f6b,00080000600000001cb80000fa0a0000,,,,,False,,,,,,,,,,False,False
/fielddata/land_data/land_data_release.narc,/fielddata/land_data/land_data_release.narc!/member_00076,0,/fielddata/land_data/land_data_release.narc,266,76,,2672524,2710138,2667848,2705462,37614,8078202d3dd02fee90034e21382461db07d0821cba8c647a4bd9af3e3fd42424,0008000000000000207e0000be0c0000,,,,,False,,,,,,,,,,False,False
/fielddata/land_data/land_data_release.narc,/fielddata/land_data/land_data_release.narc!/member_00077,0,/fielddata/land_data/land_data_release.narc,266,77,,2710140,2739660,2705464,2734984,29520,94ce62e266394c3497f3c48e8673fb6f7aeda2125194035169f4d8387e844da6,00080000e0010000c0650000a0030000,,,,,False,,,,,,,,,,False,False
/fielddata/land_data/land_data_release.narc,/fielddata/land_data/land_data_release.narc!/member_00078,0,/fielddata/land_data/land_data_release.narc,266,78,,2739660,2773438,2734984,2768762,33778,060d843257ee1db6ecfe07f4d4d41e92daddd07d211f7b7a751fc72441328f25,00080000e0010000ec73000016060000,,,,,False,,,,,,,,,,False,False
/fielddata/land_data/land_data_release.narc,/fielddata/land_data/land_data_release.narc!/member_00079,0,/fielddata/land_data/land_data_release.narc,266,79,,2773440,2815186,2768764,2810510,41746,4069c06105e4170e481910464bfd9e3a4e9ed3946774f754d089daa71634242d,000800002001000020910000c2080000,,,,,False,,,,,,,,,,False,False
/fielddata/land_data/land_data_release.narc,/fielddata/land_data/land_data_release.narc!/member_00080,0,/fielddata/land_data/land_data_release.narc,266,80,,2815188,2871260,2810512,2866584,56072,3c5bb9b1dcb7332aa6bb6c6ca6cb3900cd9c58b9ec5f5c3803dd1521b7005571,00080000f0000000e0c1000028100000,,,,,False,,,,,,,,,,False,False
/fielddata/land_data/land_data_release.narc,/fielddata/land_data/land_data_release.narc!/member_00081,0,/fielddata/land_data/land_data_release.narc,266,81,,2871260,2892118,2866584,2887442,20858,f6d83576d4a886e0ec8c288177100879f8172a642d029846ccf14da5838e34dc,0008000020010000a0470000aa000000,,,,,False,,,,,,,,,,False,False
/fielddata/land_data/land_data_release.narc,/fielddata/land_data/land_data_release.narc!/member_00082,0,/fielddata/land_data/land_data_release.narc,266,82,,2892120,2913974,2887444,2909298,21854,65509265f37f847cb6553725a1c9f389961d7751e88bd4b55de46468dd3d237c,0008000090000000144c0000aa000000,,,,,False,,,,,,,,,,False,False
/fielddata/land_data/land_data_release.narc,/fielddata/land_data/land_data_release.narc!/member_00083,0,/fielddata/land_data/land_data_release.narc,266,83,,2913976,2942810,2909300,2938134,28834,222b8a4481231bdcf953f57680dea44103ae05a62e2e3bb9be5dde6b24e78683,0008000020010000c8660000aa000000,,,,,False,,,,,,,,,,False,False
/fielddata/land_data/land_data_release.narc,/fielddata/land_data/land_data_release.narc!/member_00084,0,/fielddata/land_data/land_data_release.narc,266,84,,2942812,2959312,2938136,2954636,16500,bdad8d30d8c25ef088df73369153015fcf5ab7fd57012f3fe4c82b6b08a70d9b,00080000c00000006036000044010000,,,,,False,,,,,,,,,,False,False
/fielddata/land_data/land_data_release.narc,/fielddata/land_data/land_data_release.narc!/member_00085,0,/fielddata/land_data/land_data_release.narc,266,85,,2959312,2998168,2954636,2993492,38856,6084017f41289bf58df1f6a23032a1b7ec25c63633dc581d3349917f4e105693,0008000030000000008e000088010000,,,,,False,,,,,,,,,,False,False
/fielddata/land_data/land_data_release.narc,/fielddata/land_data/land_data_release.narc!/member_00086,0,/fielddata/land_data/land_data_release.narc,266,86,,2998168,3026116,2993492,3021440,27948,7f3a69f65648ee113b4d554e5bfb12d2279ad8babf82a6588f150bf295ee7db3,0008000080010000d8600000c4020000,,,,,False,,,,,,,,,,False,False
/fielddata/land_data/land_data_release.narc,/fielddata/land_data/land_data_release.narc!/member_00087,0,/fielddata/land_data/land_data_release.narc,266,87,,3026116,3061470,3021440,3056794,35354,1f3837f32dd567ce626b665b973b17196929f8c0f9a40fbb99097a1aced75140,0008000000000000387e0000d2030000,,,,,False,,,,,,,,,,False,False
/fielddata/land_data/land_data_release.narc,/fielddata/land_data/land_data_release.narc!/member_00088,0,/fielddata/land_data/land_data_release.narc,266,88,,3061472,3109782,3056796,3105106,48310,258c3a0eca636bdeedb95cdeb1f0541ffd8e54aa7d146f6b92b98764454ba943,000800000000000020ac000086080000,,,,,False,,,,,,,,,,False,False
/fielddata/land_data/land_data_release.narc,/fielddata/land_data/land_data_release.narc!/member_00089,0,/fielddata/land_data/land_data_release.narc,266,89,,3109784,3159134,3105108,3154458,49350,a4ce1fa37d26bb6d6d810538cc434f6595c91688366b840be34ad548a403a338,0008000000000000b0a6000006120000,,,,,False,,,,,,,,,,False,False
/fielddata/land_data/land_data_release.narc,/fielddata/land_data/land_data_release.narc!/member_00090,0,/fielddata/land_data/land_data_release.narc,266,90,,3159136,3205118,3154460,3200442,45982,b115b29ea2739413a174dcfd0bb59c74973ec16895c30caed2bab4f9026a5582,000800009000000014a60000ea040000,,,,,False,,,,,,,,,,False,False
/fielddata/land_data/land_data_release.narc,/fielddata/land_data/land_data_release.narc!/member_00091,0,/fielddata/land_data/land_data_release.narc,266,91,,3205120,3245700,3200444,3241024,40580,3ad8710717c2010304c1e5c0309db8f312fd10390e080ea45e8c2807b11479af,0008000000000000589200001c040000,,,,,False,,,,,,,,,,False,False
/fielddata/land_data/land_data_release.narc,/fielddata/land_data/land_data_release.narc!/member_00092,0,/fielddata/land_data/land_data_release.narc,266,92,,3245700,3281914,3241024,3277238,36214,a7dbbc52a65f7ca7c60730cd4f1fd7769f82b802eef9ed91ee135b3fd9a6f8b1,0008000000000000bc840000aa000000,,,,,False,,,,,,,,,,False,False
/fielddata/land_data/land_data_release.narc,/fielddata/land_data/land_data_release.narc!/member_00093,0,/fielddata/land_data/land_data_release.narc,266,93,,3281916,3332110,3277240,3327434,50194,5aeb4d30490cd8c001045f8896a8bde7c79cdacf7a25a0cc8bd5c06906267572,000800000000000058bb0000aa000000,,,,,False,,,,,,,,,,False,False
/fielddata/land_data/land_data_release.narc,/fielddata/land_data/land_data_release.narc!/member_00094,0,/fielddata/land_data/land_data_release.narc,266,94,,3332112,3374134,3327436,3369458,42022,56978c7ee38b72ca9bd3d4b68148bd16e0ce7de2f6e02780d249b8adfe2ff160,00080000000000006c9b0000aa000000,,,,,False,,,,,,,,,,False,False
/fielddata/land_data/land_data_release.narc,/fielddata/land_data/land_data_release.narc!/member_00095,0,/fielddata/land_data/land_data_release.narc,266,95,,3374136,3399454,3369460,3394778,25318,dce5bfdf5cb6f1485cdbb3001f10eef587a61b0ef1807b28f892c8b4510b36c4,00080000000000002c5a0000aa000000,,,,,False,,,,,,,,,,False,False
/fielddata/land_data/land_data_release.narc,/fielddata/land_data/land_data_release.narc!/member_00096,0,/fielddata/land_data/land_data_release.narc,266,96,,3399456,3439494,3394780,3434818,40038,bb052c94ca7d965d80a6a74e43d834e9ee4a3d5379f84d0e15774d1d62d8e235,000800005001000044880000c20a0000,,,,,False,,,,,,,,,,False,False
/fielddata/land_data/land_data_release.narc,/fielddata/land_data/land_data_release.narc!/member_00097,0,/fielddata/land_data/land_data_release.narc,266,97,,3439496,3494748,3434820,3490072,55252,4e8558147e76af8692ab6dda7f89c51cba4c6e753427c62cfff8d3a6cce958a9,00080000f000000030c70000a4070000,,,,,False,,,,,,,,,,False,False
/fielddata/land_data/land_data_release.narc,/fielddata/land_data/land_data_release.narc!/member_00098,0,/fielddata/land_data/land_data_release.narc,266,98,,3494748,3551606,3490072,3546930,56858,662ab7e618592868505630322ee42619b593d41ef5fb0446be6d2028636dba23,000800006000000090cc00001a090000,,,,,False,,,,,,,,,,False,False
/fielddata/land_data/land_data_release.narc,/fielddata/land_data/land_data_release.narc!/member_00099,0,/fielddata/land_data/land_data_release.narc,266,99,,3551608,3602076,3546932,3597400,50468,d4cd45638eeecfd0151eaf700c9b8b2bf05d63e04237e09e3b1b6631ee12761c,0008000090000000b8b20000cc090000,,,,,False,,,,,,,,,,False,False
/fielddata/land_data/land_data_release.narc,/fielddata/land_data/land_data_release.narc!/member_00100,0,/fielddata/land_data/land_data_release.narc,266,100,,3602076,3620390,3597400,3615714,18314,c9ee93f618e20cd165877c03df4c1f666fe2fb6c6b6cc3c6d25e76dd58b5d0a8,0008000000000000d03e0000aa000000,,,,,False,,,,,,,,,,False,False
/fielddata/land_data/land_data_release.narc,/fielddata/land_data/land_data_release.narc!/member_00101,0,/fielddata/land_data/land_data_release.narc,266,101,,3620392,3638698,3615716,3634022,18306,0e501c6e16f3616f1096be4d7928ed8b13185b114823bacdccec201994450b1b,0008000000000000c83e0000aa000000,,,,,False,,,,,,,,,,False,False
/fielddata/land_data/land_data_release.narc,/fielddata/land_data/land_data_release.narc!/member_00102,0,/fielddata/land_data/land_data_release.narc,266,102,,3638700,3661154,3634024,3656478,22454,7a201291f978063a742bc9f503338f1969a3887827717aac42cf5430f8739034,0008000000000000fc4e0000aa000000,,,,,False,,,,,,,,,,False,False
/fielddata/land_data/land_data_release.narc,/fielddata/land_data/land_data_release.narc!/member_00103,0,/fielddata/land_data/land_data_release.narc,266,103,,3661156,3685014,3656480,3680338,23858,d2e89a584a4879a68cccf583e5d612a88529ec0b8750c375c279c857da059d67,000800000000000078540000aa000000,,,,,False,,,,,,,,,,False,False
/fielddata/land_data/land_data_release.narc,/fielddata/land_data/land_data_release.narc!/member_00104,0,/fielddata/land_data/land_data_release.narc,266,104,,3685016,3709034,3680340,3704358,24018,b202d752f3883d531856e781f641366d42dc5fb8b930c79fc205b47878dfb0fa,0008000050010000c8530000aa000000,,,,,False,,,,,,,,,,False,False
/fielddata/land_data/land_data_release.narc,/fielddata/land_data/land_data_release.narc!/member_00105,0,/fielddata/land_data/land_data_release.narc,266,105,,3709036,3734004,3704360,3729328,24968,75d58b6e2d8fd9fa4f8202c54a39facaf6937815867173ba164e74acfc090fbb,00080000a0020000c853000010030000,,,,,False,,,,,,,,,,False,False
/fielddata/land_data/land_data_release.narc,/fielddata/land_data/land_data_release.narc!/member_00106,0,/fielddata/land_data/land_data_release.narc,266,106,,3734004,3754450,3729328,3749774,20446,2301741c92a6024c4a5bd4f086ac2aff28ac131cf3b5b8467bfcc42d209902df,0008000060000000c4460000aa000000,,,,,False,,,,,,,,,,False,False
/fielddata/land_data/land_data_release.narc,/fielddata/land_data/land_data_release.narc!/member_00107,0,/fielddata/land_data/land_data_release.narc,266,107,,3754452,3759518,3749776,3754842,5066,78638820ef66172812f57e83644bee2577826e64bde4fe0c53360a6defd2576d,0008000060000000b00a0000aa000000,,,,,False,,,,,,,,,,False,False
/fielddata/land_data/land_data_release.narc,/fielddata/land_data/land_data_release.narc!/member_00108,0,/fielddata/land_data/land_data_release.narc,266,108,,3759520,3768874,3754844,3764198,9354,774b93030b7700dc9fa95b260082203f2e95c744ad43ef8f8e511785d5150d9e,0008000000000000d01b0000aa000000,,,,,False,,,,,,,,,,False,False
/fielddata/land_data/land_data_release.narc,/fielddata/land_data/land_data_release.narc!/member_00109,0,/fielddata/land_data/land_data_release.narc,266,109,,3768876,3792122,3764200,3787446,23246,a21f70471b9d88d84fc824c64f55e72b4bb52be95819876f2e9761e831863c9f,000800000000000014520000aa000000,,,,,False,,,,,,,,,,False,False
/fielddata/land_data/land_data_release.narc,/fielddata/land_data/land_data_release.narc!/member_00110,0,/fielddata/land_data/land_data_release.narc,266,110,,3792124,3827858,3787448,3823182,35734,a50b41cf09bb41e38a8af17e8f360ad4a778254dbfd1672556da6cbd18e447a2,000800006000000054810000d2010000,,,,,False,,,,,,,,,,False,False
/fielddata/land_data/land_data_release.narc,/fielddata/land_data/land_data_release.narc!/member_00111,0,/fielddata/land_data/land_data_release.narc,266,111,,3827860,3879570,3823184,3874894,51710,b4ed6c9913e7a0dc29d5a46f782e0e4c395a7cefc6ff734693ca02b941034977,0008000000000000b0b600003e0b0000,,,,,False,,,,,,,,,,False,False
/fielddata/land_data/land_data_release.narc,/fielddata/land_data/land_data_release.narc!/member_00112,0,/fielddata/land_data/land_data_release.narc,266,112,,3879572,3917426,3874896,3912750,37854,a04d19def9181e07f4bf653e430182d9ea17a37e983308fbee29874577b534b4,00080000000000009885000036060000,,,,,False,,,,,,,,,,False,False
/fielddata/land_data/land_data_release.narc,/fielddata/land_data/land_data_release.narc!/member_00113,0,/fielddata/land_data/land_data_release.narc,266,113,,3917428,3963374,3912752,3958698,45946,325d5bad3256396f6eff3d330655e360f24cf1e634589200fb1cd3056dba2637,00080000f0000000aca70000ce020000,,,,,False,,,,,,,,,,False,False
/fielddata/land_data/land_data_release.narc,/fielddata/land_data/land_data_release.narc!/member_00114,0,/fielddata/land_data/land_data_release.narc,266,114,,3963376,4011948,3958700,4007272,48572,36e8ae4bbcdb26ec89507464766a7e7c48ae12dabfcc4aab4fdbfc7d5110470f,00080000c00000004cb00000a0040000,,,,,False,,,,,,,,,,False,False
/fielddata/land_data/land_data_release.narc,/fielddata/land_data/land_data_release.narc!/member_00115,0,/fielddata/land_data/land_data_release.narc,266,115,,4011948,4063246,4007272,4058570,51298,220084fa89ba45bb2813f950c6d552c40d727eec98ee6e7dac04e874288af708,000800003000000028b80000fa070000,,,,,False,,,,,,,,,,False,False
/fielddata/land_data/land_data_release.narc,/fielddata/land_data/land_data_release.narc!/member_00116,0,/fielddata/land_data/land_data_release.narc,266,116,,4063248,4093290,4058572,4088614,30042,ed08ed87862b4604f6e6a40908feea1a02aa51527e42e5985dd968227d1e4efc,0008000000000000e06700006a050000,,,,,False,,,,,,,,,,False,False
/fielddata/land_data/land_data_release.narc,/fielddata/land_data/land_data_release.narc!/member_00117,0,/fielddata/land_data/land_data_release.narc,266,117,,4093292,4123770,4088616,4119094,30478,27a7902d6aee8c931377226ae0fc6570df0e9633cbaeb6ed324a0d268756ca9f,000800000000000024670000da070000,,,,,False,,,,,,,,,,False,False
/fielddata/land_data/land_data_release.narc,/fielddata/land_data/land_data_release.narc!/member_00118,0,/fielddata/land_data/land_data_release.narc,266,118,,4123772,4164002,4119096,4159326,40230,df0334e0f15fd279e4474a5935eb6179a8504830f38f9f81184c811e3a165d6c,0008000000000000ac9100006a030000,,,,,False,,,,,,,,,,False,False
/fielddata/land_data/land_data_release.narc,/fielddata/land_data/land_data_release.narc!/member_00119,0,/fielddata/land_data/land_data_release.narc,266,119,,4164004,4224574,4159328,4219898,60570,f958b72847f0f263233f0b22c1f271579a9ce54c15a088f810d650f83921b9f8,000800003000000060dc0000fa070000,,,,,False,,,,,,,,,,False,False
/fielddata/land_data/land_data_release.narc,/fielddata/land_data/land_data_release.narc!/member_00120,0,/fielddata/land_data/land_data_release.narc,266,120,,4224576,4254618,4219900,4249942,30042,3007180b367b1d4df945dd702b4a03760584d3a9d6fe964547aba4f0ee26c72c,0008000000000000e06700006a050000,,,,,False,,,,,,,,,,False,False
/fielddata/land_data/land_data_release.narc,/fielddata/land_data/land_data_release.narc!/member_00121,0,/fielddata/land_data/land_data_release.narc,266,121,,4254620,4285098,4249944,4280422,30478,8d632781888f23418650e989bc05a31e116d2f9ca3d385ca45c52cf8a1f28318,000800000000000024670000da070000,,,,,False,,,,,,,,,,False,False
/fielddata/land_data/land_data_release.narc,/fielddata/land_data/land_data_release.narc!/member_00122,0,/fielddata/land_data/land_data_release.narc,266,122,,4285100,4325330,4280424,4320654,40230,eef49b03012267504a539501b47674da363e2800adf69b445429b6bce0fa45ec,0008000000000000ac9100006a030000,,,,,False,,,,,,,,,,False,False
/fielddata/land_data/land_data_release.narc,/fielddata/land_data/land_data_release.narc!/member_00123,0,/fielddata/land_data/land_data_release.narc,266,123,,4325332,4387694,4320656,4383018,62362,b2e99ad85ade4469e678138b54a3e7c5d93b48dac14e845566c6a0c2a58ec23d,000800000000000044d6000046150000,,,,,False,,,,,,,,,,False,False
/fielddata/land_data/land_data_release.narc,/fielddata/land_data/land_data_release.narc!/member_00124,0,/fielddata/land_data/land_data_release.narc,266,124,,4387696,4397586,4383020,4392910,9890,5be4dfffbd53165090c1c7fec5f97c2af02dcda4f8ce09dea4d78ae56fe4c09e,0008000000000000501d000042010000,,,,,False,,,,,,,,,,False,False
/fielddata/land_data/land_data_release.narc,/fielddata/land_data/land_data_release.narc!/member_00125,0,/fielddata/land_data/land_data_release.narc,266,125,,4397588,4408358,4392912,4403682,10770,b6e698f110788da733b0d6ddf9082514efdde1563411523a04d39af6cdfcb9ab,0008000000000000c020000042010000,,,,,False,,,,,,,,,,False,False
/fielddata/land_data/land_data_release.narc,/fielddata/land_data/land_data_release.narc!/member_00126,0,/fielddata/land_data/land_data_release.narc,266,126,,4408360,4418890,4403684,4414214,10530,ff2ac2cd561a4a39463ef42e57676c3f001b1de13532d4a9738f53bdf7b63baa,0008000000000000d01f000042010000,,,,,False,,,,,,,,,,False,False
/fielddata/land_data/land_data_release.narc,/fielddata/land_data/land_data_release.narc!/member_00127,0,/fielddata/land_data/land_data_release.narc,266,127,,4418892,4428782,4414216,4424106,9890,e389eac0d5bd082e15e4c968183b9c37529fcd8b61584bc0390951c907846f5d,0008000000000000501d000042010000,,,,,False,,,,,,,,,,False,False
/fielddata/land_data/land_data_release.narc,/fielddata/land_data/land_data_release.narc!/member_00128,0,/fielddata/land_data/land_data_release.narc,266,128,,4428784,4439554,4424108,4434878,10770,25e9c4647d76f0b7cd1df46a9b4de3f1474ccf323b32e6684087e81012dd501f,0008000000000000c020000042010000,,,,,False,,,,,,,,,,False,False
/fielddata/land_data/land_data_release.narc,/fielddata/land_data/land_data_release.narc!/member_00129,0,/fielddata/land_data/land_data_release.narc,266,129,,4439556,4450086,4434880,4445410,10530,0df396e5e4793a7d2a56bc77a10b46780aa75764552bebecfbef58f753525d40,0008000000000000d01f000042010000,,,,,False,,,,,,,,,,False,False
/fielddata/land_data/land_data_release.narc,/fielddata/land_data/land_data_release.narc!/member_00130,0,/fielddata/land_data/land_data_release.narc,266,130,,4450088,4459978,4445412,4455302,9890,1cb6569d0376e675c615774e6966ba584f63d9739a5004a1124da5bb6461c965,0008000000000000501d000042010000,,,,,False,,,,,,,,,,False,False
/fielddata/land_data/land_data_release.narc,/fielddata/land_data/land_data_release.narc!/member_00131,0,/fielddata/land_data/land_data_release.narc,266,131,,4459980,4470750,4455304,4466074,10770,bbf9f279359131e53301c1fcd0171cda5557467afc055e4139caeadacd4216a1,0008000000000000c020000042010000,,,,,False,,,,,,,,,,False,False
/fielddata/land_data/land_data_release.narc,/fielddata/land_data/land_data_release.narc!/member_00132,0,/fielddata/land_data/land_data_release.narc,266,132,,4470752,4493972,4466076,4489296,23220,939a067b87588324255ee3b8ad083c0054246aff41aa5814cc48788d7e1964e0,00080000a0020000304b0000d4040000,,,,,False,,,,,,,,,,False,False
/fielddata/land_data/land_data_release.narc,/fielddata/land_data/land_data_release.narc!/member_00133,0,/fielddata/land_data/land_data_release.narc,266,133,,4493972,4517486,4489296,4512810,23514,8f35ef4af844ac0efac7af6e24904a3a51a9b8936bfcba12db37564ca2dd36c8,000800001002000010510000aa000000,,,,,False,,,,,,,,,,False,False
/fielddata/land_data/land_data_release.narc,/fielddata/land_data/land_data_release.narc!/member_00134,0,/fielddata/land_data/land_data_release.narc,266,134,,4517488,4542114,4512812,4537438,24626,36f9a195e55cf212ee700be2d5ae7afc89ed5651ebe8ce546a706e2a8dce62d9,0008000000000000a45300007e040000,,,,,False,,,,,,,,,,False,False
/fielddata/land_data/land_data_release.narc,/fielddata/land_data/land_data_release.narc!/member_00135,0,/fielddata/land_data/land_data_release.narc,266,135,,4542116,4573512,4537440,4568836,31396,e7833a578a949971a0b842fe159ef0440e57a0b1136808e50c406a218d2b52c8,0008000000000000e06e0000b4030000,,,,,False,,,,,,,,,,False,False
/fielddata/land_data/land_data_release.narc,/fielddata/land_data/land_data_release.narc!/member_00136,0,/fielddata/land_data/land_data_release.narc,266,136,,4573512,4601448,4568836,4596772,27936,1b32c1db8a6e1d7ffa69be5d9c682758b1489419bead695615f9df7a02997e18,0008000000000000405f0000d0050000,,,,,False,,,,,,,,,,False,False
/fielddata/land_data/land_data_release.narc,/fielddata/land_data/land_data_release.narc!/member_00137,0,/fielddata/land_data/land_data_release.narc,266,137,,4601448,4660186,4596772,4655510,58738,a20de07b09dfaf722fa9f038e2bd1c668fa2438a7fb2e152a681610264742c50,000800000000000050cc000012110000,,,,,False,,,,,,,,,,False,False
/fielddata/land_data/land_data_release.narc,/fielddata/land_data/land_data_release.narc!/member_00138,0,/fielddata/land_data/land_data_release.narc,266,138,,4660188,4677758,4655512,4673082,17570,22e4ed51304e8933fb889ea30155fdeb2e0baefd46066527d4a5ee347c74e822,0008000000000000e83b0000aa000000,,,,,False,,,,,,,,,,False,False
/fielddata/land_data/land_data_release.narc,/fielddata/land_data/land_data_release.narc!/member_00139,0,/fielddata/land_data/land_data_release.narc,266,139,,4677760,4735088,4673084,4730412,57328,b8591046a5426ec438a9ea95f2ae6b9a398e93068f5afed7e4988ccb94d9f99a,00080000500100000ccd000084090000,,,,,False,,,,,,,,,,False,False
/fielddata/land_data/land_data_release.narc,/fielddata/land_data/land_data_release.narc!/member_00140,0,/fielddata/land_data/land_data_release.narc,266,140,,4735088,4792632,4730412,4787956,57544,035773f82fadfd9e1edb74e2e3fcd977ee59db944880720ddfb49f27756b7dae,000800009000000000cd0000280b0000,,,,,False,,,,,,,,,,False,False
/fielddata/land_data/land_data_release.narc,/fielddata/land_data/land_data_release.narc!/member_00141,0,/fielddata/land_data/land_data_release.narc,266,141,,4792632,4850814,4787956,4846138,58182,13a1a1dc3c785ee00a1861a846831e9df977b27e50e83fa6a63805433b90485b,00080000c0000000f8cc00007e0d0000,,,,,False,,,,,,,,,,False,False
/fielddata/land_data/land_data_release.narc,/fielddata/land_data/land_data_release.narc!/member_00142,0,/fielddata/land_data/land_data_release.narc,266,142,,4850816,4880786,4846140,4876110,29970,bded058a3fa60c5c12ed82754964faa8073b6de16a7e8c15240e5f2cc556e9dd,0008000080010000c4690000be010000,,,,,False,,,,,,,,,,False,False
/fielddata/land_data/land_data_release.narc,/fielddata/land_data/land_data_release.narc!/member_00143,0,/fielddata/land_data/land_data_release.narc,266,143,,4880788,4910762,4876112,4906086,29974,2ff97c9c4dd0454469eafbedd3db7314cc5d4011dd7958d000bf74b85f5df12d,0008000060000000fc6b0000aa000000,,,,,False,,,,,,,,,,False,False
/fielddata/land_data/land_data_release.narc,/fielddata/land_data/land_data_release.narc!/member_00144,0,/fielddata/land_data/land_data_release.narc,266,144,,4910764,4948452,4906088,4943776,37688,13aec6cd733fcf8b8704a51de6b9c4e4ea6f67f6b995825e2bca6653e9cc0db8,0008000090000000f0840000a8050000,,,,,False,,,,,,,,,,False,False
/fielddata/land_data/land_data_release.narc,/fielddata/land_data/land_data_release.narc!/member_00145,0,/fielddata/land_data/land_data_release.narc,266,145,,4948452,4984328,4943776,4979652,35876,65b51bf5735e27df9a18727c5bae4969982f7371fdfc6488d3dbc5fd826e6196,00080000200100001c730000d80f0000,,,,,False,,,,,,,,,,False,False
/fielddata/land_data/land_data_release.narc,/fielddata/land_data/land_data_release.narc!/member_00146,0,/fielddata/land_data/land_data_release.narc,266,146,,4984328,5016048,4979652,5011372,31720,8250903b3a26f8e1c4f9db8362fa2295024144ebf593620aabd29db3f18f1d2c,0008000060000000146f000064040000,,,,,False,,,,,,,,,,False,False
/fielddata/land_data/land_data_release.narc,/fielddata/land_data/land_data_release.narc!/member_00147,0,/fielddata/land_data/land_data_release.narc,266,147,,5016048,5062420,5011372,5057744,46372,082b86be315b02677ff1f08c825c467029e8a899c0e1cb6e53e38f8078991959,000800000000000044980000d0140000,,,,,False,,,,,,,,,,False,False
/fielddata/land_data/land_data_release.narc,/fielddata/land_data/land_data_release.narc!/member_00148,0,/fielddata/land_data/land_data_release.narc,266,148,,5062420,5098542,5057744,5093866,36122,d443aa5f681de4e85430a6e8ba836635e029626367f2da57dcb11f5012ea5b74,000800000000000028830000e2010000,,,,,False,,,,,,,,,,False,False
/fielddata/land_data/land_data_release.narc,/fielddata/land_data/land_data_release.narc!/member_00149,0,/fielddata/land_data/land_data_release.narc,266,149,,5098544,5123536,5093868,5118860,24992,7a6be4aa8ade4b31ab2fafae7ad973bfc4dfefc8f136e0712e255845341295e4,00080000000000000051000090080000,,,,,False,,,,,,,,,,False,False
/fielddata/land_data/land_data_release.narc,/fielddata/land_data/land_data_release.narc!/member_00150,0,/fielddata/land_data/land_data_release.narc,266,150,,5123536,5150664,5118860,5145988,27128,2b8c32e2188956d8f4bd727a5232b9e7c12d560fddf186d9836fdceabb7bd2b5,00080000600000000058000088090000,,,,,False,,,,,,,,,,False,False
/fielddata/land_data/land_data_release.narc,/fielddata/land_data/land_data_release.narc!/member_00151,0,/fielddata/land_data/land_data_release.narc,266,151,,5150664,5186820,5145988,5182144,36156,712b423e905f9acf062a97ec287abcaea1db25f0c6b241b21e190cca97d7c07d,00080000c000000058780000140c0000,,,,,False,,,,,,,,,,False,False
/fielddata/land_data/land_data_release.narc,/fielddata/land_data/land_data_release.narc!/member_00152,0,/fielddata/land_data/land_data_release.narc,266,152,,5186820,5222852,5182144,5218176,36032,70911089d9684874be969a9b6252ca63be2a352b4c991febe638987e39a6a37b,0008000030000000507f000030050000,,,,,False,,,,,,,,,,False,False
/fielddata/land_data/land_data_release.narc,/fielddata/land_data/land_data_release.narc!/member_00153,0,/fielddata/land_data/land_data_release.narc,266,153,,5222852,5255128,5218176,5250452,32276,a103e1c8cf1b8c9f18981210a1306755e32304adfb1277a9c980c2f160593aec,0008000000000000d86e00002c070000,,,,,False,,,,,,,,,,False,False
/fielddata/land_data/land_data_release.narc,/fielddata/land_data/land_data_release.narc!/member_00154,0,/fielddata/land_data/land_data_release.narc,266,154,,5255128,5284500,5250452,5279824,29372,0250f5610f20103bd8a6a58bd010c5a7b7bc6d340a9521122643cb86851a274b,000800003000000080660000fc030000,,,,,False,,,,,,,,,,False,False
/fielddata/land_data/land_data_release.narc,/fielddata/land_data/land_data_release.narc!/member_00155,0,/fielddata/land_data/land_data_release.narc,266,155,,5284500,5294926,5279824,5290250,10426,917d3b7af175d1c6a0e75fc3523aac049c71d965435053d3c8c4ea2ffa9a228e,000800000000000000200000aa000000,,,,,False,,,,,,,,,,False,False
/fielddata/land_data/land_data_release.narc,/fielddata/land_data/land_data_release.narc!/member_00156,0,/fielddata/land_data/land_data_release.narc,266,156,,5294928,5316998,5290252,5312322,22070,f8d60795323301d0a3464cdb787c32d328b48f7f2b42f860aa57f72aaed13880,00080000000000007c4d0000aa000000,,,,,False,,,,,,,,,,False,False
/fielddata/land_data/land_data_release.narc,/fielddata/land_data/land_data_release.narc!/member_00157,0,/fielddata/land_data/land_data_release.narc,266,157,,5317000,5355118,5312324,5350442,38118,9a143db5d4e891ae5109ea8550c66d0650815a290447806aec977ba711991697,00080000600000008c860000ea050000,,,,,False,,,,,,,,,,False,False
/fielddata/land_data/land_data_release.narc,/fielddata/land_data/land_data_release.narc!/member_00158,0,/fielddata/land_data/land_data_release.narc,266,158,,5355120,5403034,5350444,5398358,47914,dfd10515c75abba92e4c01c77ca214786dfca5f03dfa9cb170e1ed66117caf4a,00080000c0000000b8a30000a20e0000,,,,,False,,,,,,,,,,False,False
/fielddata/land_data/land_data_release.narc,/fielddata/land_data/land_data_release.narc!/member_00159,0,/fielddata/land_data/land_data_release.narc,266,159,,5403036,5421386,5398360,5416710,18350,b09b819d554d0f3519deaac7723e49b03a2858a0aeca019c650fa3b955322973,0008000000000000f43e0000aa000000,,,,,False,,,,,,,,,,False,False
/fielddata/land_data/land_data_release.narc,/fielddata/land_data/land_data_release.narc!/member_00160,0,/fielddata/land_data/land_data_release.narc,266,160,,5421388,5441906,5416712,5437230,20518,b1ed3c3381726fbb74d6149da13c9e851d76fed6486207882a2ff248dfb1c69d,00080000000000006c470000aa000000,,,,,False,,,,,,,,,,False,False
/fielddata/land_data/land_data_release.narc,/fielddata/land_data/land_data_release.narc!/member_00161,0,/fielddata/land_data/land_data_release.narc,266,161,,5441908,5462470,5437232,5457794,20562,0224b36c67a54c43eb8a47fc95a1c1def5c25cdc354969c1797f97fa2ce0967f,000800000000000098470000aa000000,,,,,False,,,,,,,,,,False,False
/fielddata/land_data/land_data_release.narc,/fielddata/land_data/land_data_release.narc!/member_00162,0,/fielddata/land_data/land_data_release.narc,266,162,,5462472,5477110,5457796,5472434,14638,267c17fd754d02a213495759abae4b1157d9fdbabcc4d6e08d03a0dc7cee49e0,000800000000000074300000aa000000,,,,,False,,,,,,,,,,False,False
/fielddata/land_data/land_data_release.narc,/fielddata/land_data/land_data_release.narc!/member_00163,0,/fielddata/land_data/land_data_release.narc,266,163,,5477112,5523766,5472436,5519090,46654,43f928e058af53bf63f054d84879a44e530111581c433c37fdbe62be180afafa,0008000000000000d4a100005a0c0000,,,,,False,,,,,,,,,,False,False
/fielddata/land_data/land_data_release.narc,/fielddata/land_data/land_data_release.narc!/member_00164,0,/fielddata/land_data/land_data_release.narc,266,164,,5523768,5590480,5519092,5585804,66712,4582676301f119e4d4f138efe25a745bb017bbfff53eb61d2f68192ad5cae269,0008000060000000bce600006c150000,,,,,False,,,,,,,,,,False,False
/fielddata/land_data/land_data_release.narc,/fielddata/land_data/land_data_release.narc!/member_00165,0,/fielddata/land_data/land_data_release.narc,266,165,,5590480,5652594,5585804,5647918,62114,10ffe1397d1011a89f12fe09ef2ddc464d2b08801b09aefa5e94ec95f43de6f8,000800000000000080ce0000121c0000,,,,,False,,,,,,,,,,False,False
/fielddata/land_data/land_data_release.narc,/fielddata/land_data/land_data_release.narc!/member_00166,0,/fielddata/land_data/land_data_release.narc,266,166,,5652596,5703232,5647920,5698556,50636,75794dd8c2172cae8c13439c87f0083e0bddd029e5b7838d15f2a89a977bb543,00080000e0010000dcba000000010000,,,,,False,,,,,,,,,,False,False
/fielddata/land_data/land_data_release.narc,/fielddata/land_data/land_data_release.narc!/member_00167,0,/fielddata/land_data/land_data_release.narc,266,167,,5703232,5752434,5698556,5747758,49202,90ce758103a20c185bd19c15973eb8d7eaf951dcf6a57041b2a0f7d1c75454b9,0008000000000000b8b100006a060000,,,,,False,,,,,,,,,,False,False
/fielddata/land_data/land_data_release.narc,/fielddata/land_data/land_data_release.narc!/member_00168,0,/fielddata/land_data/land_data_release.narc,266,168,,5752436,5790368,5747760,5785692,37932,a46ea67a36ace15189e6054186c2b511d82de159ba0f8d0a06c4e9fd8346c262,0008000000000000108600000c060000,,,,,False,,,,,,,,,,False,False
/fielddata/land_data/land_data_release.narc,/fielddata/land_data/land_data_release.narc!/member_00169,0,/fielddata/land_data/land_data_release.narc,266,169,,5790368,5817778,5785692,5813102,27410,d28589553d270365bf127bfcd559117c0593bac9ceae7ed87d784542220a463d,0008000060000000145d00008e050000,,,,,False,,,,,,,,,,False,False
/fielddata/land_data/land_data_release.narc,/fielddata/land_data/land_data_release.narc!/member_00170,0,/fielddata/land_data/land_data_release.narc,266,170,,5817780,5866840,5813104,5862164,49060,c91684d4974682d1316dd5b7fc7f5655f88017e2a6799db0a1ec3da8df956667,000800000000000020b3000074040000,,,,,False,,,,,,,,,,False,False
/fielddata/land_data/land_data_release.narc,/fielddata/land_data/land_data_release.narc!/member_00171,0,/fielddata/land_data/land_data_release.narc,266,171,,5866840,5931030,5862164,5926354,64190,0c27871008f20200bf2dbf765e883f2a4cb945d958d1a510d4f76a406046ea6f,000800006000000030ee00001e040000,,,,,False,,,,,,,,,,False,False
/fielddata/land_data/land_data_release.narc,/fielddata/land_data/land_data_release.narc!/member_00172,0,/fielddata/land_data/land_data_release.narc,266,172,,5931032,5987888,5926356,5983212,56856,57d2bca6872a2495c3b9b7c985141f39de2bf1b891d67a234763727ff4f3d92a,0008000000000000c8d1000040040000,,,,,False,,,,,,,,,,False,False
/fielddata/land_data/land_data_release.narc,/fielddata/land_data/land_data_release.narc!/member_00173,0,/fielddata/land_data/land_data_release.narc,266,173,,5987888,6009042,5983212,6004366,21154,aa3b03eb569e1936a6d254f8b650e12eb5bceca5ec32bcfe6b81ad5a9eaceed4,0008000000000000e8490000aa000000,,,,,False,,,,,,,,,,False,False
/fielddata/land_data/land_data_release.narc,/fielddata/land_data/land_data_release.narc!/member_00174,0,/fielddata/land_data/land_data_release.narc,266,174,,6009044,6012354,6004368,6007678,3310,d0d8de7f278821e1f3cd9beafa13511cc0d280821e3d01ac639dbf8e4f4ec2b6,000800000000000034040000aa000000,,,,,False,,,,,,,,,,False,False
/fielddata/land_data/land_data_release.narc,/fielddata/land_data/land_data_release.narc!/member_00175,0,/fielddata/land_data/land_data_release.narc,266,175,,6012356,6015666,6007680,6010990,3310,378519474cd22300232729cbbf621a7368f5eeafa8342493153a8dc4f82724d2,000800000000000034040000aa000000,,,,,False,,,,,,,,,,False,False
/fielddata/land_data/land_data_release.narc,/fielddata/land_data/land_data_release.narc!/member_00176,0,/fielddata/land_data/land_data_release.narc,266,176,,6015668,6036814,6010992,6032138,21146,98c9c31e60be15598be42b800d7df9ea16c7a9b1e896cd1a2456b1dbb7d1dbf2,0008000000000000e0490000aa000000,,,,,False,,,,,,,,,,False,False
/fielddata/land_data/land_data_release.narc,/fielddata/land_data/land_data_release.narc!/member_00177,0,/fielddata/land_data/land_data_release.narc,266,177,,6036816,6057962,6032140,6053286,21146,f930c490dd916fe41c7c4ce091e7179f956ba1ef332da3cb254f83be2fce65d8,0008000000000000e0490000aa000000,,,,,False,,,,,,,,,,False,False
/fielddata/land_data/land_data_release.narc,/fielddata/land_data/land_data_release.narc!/member_00178,0,/fielddata/land_data/land_data_release.narc,266,178,,6057964,6060674,6053288,6055998,2710,bedd9a451a3d0822699dc98197612000bd220e60f04828b849e89a785f810282,0008000000000000dc010000aa000000,,,,,False,,,,,,,,,,False,False
/fielddata/land_data/land_data_release.narc,/fielddata/land_data/land_data_release.narc!/member_00179,0,/fielddata/land_data/land_data_release.narc,266,179,,6060676,6065654,6056000,6060978,4978,31b59b0b8708535ba4784936206d43f857183f3fd3edb7f9a6e821ce3b12dc2c,000800002001000098090000aa000000,,,,,False,,,,,,,,,,False,False
/fielddata/land_data/land_data_release.narc,/fielddata/land_data/land_data_release.narc!/member_00180,0,/fielddata/land_data/land_data_release.narc,266,180,,6065656,6070766,6060980,6066090,5110,aad46f561d9bcc5b36c955bcdff9af0ca50a9cb5417280d505ab1a94992aa1a7,00080000e00100005c090000aa000000,,,,,False,,,,,,,,,,False,False
/fielddata/land_data/land_data_release.narc,/fielddata/land_data/land_data_release.narc!/member_00181,0,/fielddata/land_data/land_data_release.narc,266,181,,6070768,6074874,6066092,6070198,4106,f2c41d1dd510411514f9f2bb3b5570d3142de04c06a6e3bbe35b4d1138f39489,0008000070020000e0040000aa000000,,,,,False,,,,,,,,,,False,False
/fielddata/land_data/land_data_release.narc,/fielddata/land_data/land_data_release.narc!/member_00182,0,/fielddata/land_data/land_data_release.narc,266,182,,6074876,6078838,6070200,6074162,3962,8dd968533d815ade82aabe06f5bcf1ddc3e676960414ef29cde3483bc7182bd8,00080000e0010000e0040000aa000000,,,,,False,,,,,,,,,,False,False
/fielddata/land_data/land_data_release.narc,/fielddata/land_data/land_data_release.narc!/member_00183,0,/fielddata/land_data/land_data_release.narc,266,183,,6078840,6087214,6074164,6082538,8374,72a3fdaf2576f22774fe518e84ba799c71c7ed1ac05543a3bf5506ed864bb467,0008000070020000e413000052020000,,,,,False,,,,,,,,,,False,False
/fielddata/land_data/land_data_release.narc,/fielddata/land_data/land_data_release.narc!/member_00184,0,/fielddata/land_data/land_data_release.narc,266,184,,6087216,6092806,6082540,6088130,5590,5dc3f03178c627a6280ef0572593408be2d64da2838f52073682eb33f7b459ba,00080000e0010000fc090000ea010000,,,,,False,,,,,,,,,,False,False
/fielddata/land_data/land_data_release.narc,/fielddata/land_data/land_data_release.narc!/member_00185,0,/fielddata/land_data/land_data_release.narc,266,185,,6092808,6101118,6088132,6096442,8310,af72a70461bca121cec887e95c43e9da77969e670d8a8e0d855d3f0a3bdb60e1,0008000070020000b013000046020000,,,,,False,,,,,,,,,,False,False
/fielddata/land_data/land_data_release.narc,/fielddata/land_data/land_data_release.narc!/member_00186,0,/fielddata/land_data/land_data_release.narc,266,186,,6101120,6106762,6096444,6102086,5642,f0becfa9594f4f79d259377750cd7531493444af06c0e4a26e51850ee4b35ce5,00080000100200000c0a0000de010000,,,,,False,,,,,,,,,,False,False
/fielddata/land_data/land_data_release.narc,/fielddata/land_data/land_data_release.narc!/member_00187,0,/fielddata/land_data/land_data_release.narc,266,187,,6106764,6112388,6102088,6107712,5624,e4b212b1a564a2a0e4e58545f5017dd89d45bfe801e74ff215d4adac40321d5c,0008000000030000c408000024020000,,,,,False,,,,,,,,,,False,False
/fielddata/land_data/land_data_release.narc,/fielddata/land_data/land_data_release.narc!/member_00188,0,/fielddata/land_data/land_data_release.narc,266,188,,6112388,6118260,6107712,6113584,5872,7dde7600c7deb3a6e2e910524626fa41780cac0bad497a982c9121c06605ac04,00080000800100003c0b000024020000,,,,,False,,,,,,,,,,False,False
/fielddata/land_data/land_data_release.narc,/fielddata/land_data/land_data_release.narc!/member_00189,0,/fielddata/land_data/land_data_release.narc,266,189,,6118260,6128998,6113584,6124322,10738,d948123f3703bae45bba5c873b22c8a0d27d70482ddea83735a8a5ad8cb8dcc2,0008000010020000281f0000aa000000,,,,,False,,,,,,,,,,False,False
/fielddata/land_data/land_data_release.narc,/fielddata/land_data/land_data_release.narc!/member_00190,0,/fielddata/land_data/land_data_release.narc,266,190,,6129000,6142894,6124324,6138218,13894,7488cece15b6acb72b3acd8cadb4ccabbc0f0e0c53e6d138d5404a7ebf9e312b,00080000f0030000281b00001e0f0000,,,,,False,,,,,,,,,,False,False
/fielddata/land_data/land_data_release.narc,/fielddata/land_data/land_data_release.narc!/member_00191,0,/fielddata/land_data/land_data_release.narc,266,191,,6142896,6162634,6138220,6157958,19738,683105979050b8ccb6ab8b3b27146c730f83c0f2fc45ffda7b43eb19cc8b4367,00080000c0030000e83e000062020000,,,,,False,,,,,,,,,,False,False
/fielddata/land_data/land_data_release.narc,/fielddata/land_data/land_data_release.narc!/member_00192,0,/fielddata/land_data/land_data_release.narc,266,192,,6162636,6171138,6157960,6166462,8502,2dc3f77b3d0b1d39433d3d6677eea3e9353f3147745a073152a9ce03249df243,00080000000000007c180000aa000000,,,,,False,,,,,,,,,,False,False
/fielddata/land_data/land_data_release.narc,/fielddata/land_data/land_data_release.narc!/member_00193,0,/fielddata/land_data/land_data_release.narc,266,193,,6171140,6177582,6166464,6172906,6442,def9e2b6a3b4f1cd2419d2415ef841a07dec1fbd801fc85250950270f9e83140,00080000e0010000900e0000aa000000,,,,,False,,,,,,,,,,False,False
/fielddata/land_data/land_data_release.narc,/fielddata/land_data/land_data_release.narc!/member_00194,0,/fielddata/land_data/land_data_release.narc,266,194,,6177584,6186366,6172908,6181690,8782,da315b93ee85148b54dc1f00936fdbfb644319b23cf845206a90b503ea48597f,000800001002000084170000aa000000,,,,,False,,,,,,,,,,False,False
/fielddata/land_data/land_data_release.narc,/fielddata/land_data/land_data_release.narc!/member_00195,0,/fielddata/land_data/land_data_release.narc,266,195,,6186368,6194514,6181692,6189838,8146,6cee32009043a6d3dfabc9db3c2ba814e9bfcc60ccc2d1ce4700d11fc4b836bb,0008000020040000f8120000aa000000,,,,,False,,,,,,,,,,False,False
/fielddata/land_data/land_data_release.narc,/fielddata/land_data/land_data_release.narc!/member_00196,0,/fielddata/land_data/land_data_release.narc,266,196,,6194516,6214258,6189840,6209582,19742,bec250f9b626d1918248d0bc94278769ef47015b1206535bf5d6daeb7dc47561,0008000010050000543f0000aa000000,,,,,False,,,,,,,,,,False,False
/fielddata/land_data/land_data_release.narc,/fielddata/land_data/land_data_release.narc!/member_00197,0,/fielddata/land_data/land_data_release.narc,266,197,,6214260,6220018,6209584,6215342,5758,d3ad1d9e4de71355d1c9a558740e770e20f1acf301114876cb8d9e35c40c8da4,0008000000030000c40a0000aa000000,,,,,False,,,,,,,,,,False,False
/fielddata/land_data/land_data_release.narc,/fielddata/land_data/land_data_release.narc!/member_00198,0,/fielddata/land_data/land_data_release.narc,266,198,,6220020,6225528,6215344,6220852,5508,93c18783ba1b723587687fcde511821f8263b49d4e5da4b999f6aa7c725516c4,00080000200400003007000024020000,,,,,False,,,,,,,,,,False,False
/fielddata/land_data/land_data_release.narc,/fielddata/land_data/land_data_release.narc!/member_00199,0,/fielddata/land_data/land_data_release.narc,266,199,,6225528,6231750,6220852,6227074,6222,6809506c5802580885aafd9ecec9e862d383294a3ac4ce674f5249138989f5df,00080000800400004c08000072030000,,,,,False,,,,,,,,,,False,False
/fielddata/land_data/land_data_release.narc,/fielddata/land_data/land_data_release.narc!/member_00200,0,/fielddata/land_data/land_data_release.narc,266,200,,6231752,6240346,6227076,6235670,8594,bfa78558d713f1a89b63b18a519ab23645d7d953fdaffdd33f348680c30672f6,0008000070020000a013000072030000,,,,,False,,,,,,,,,,False,False
/fielddata/land_data/land_data_release.narc,/fielddata/land_data/land_data_release.narc!/member_00201,0,/fielddata/land_data/land_data_release.narc,266,201,,6240348,6249254,6235672,6244578,8906,f5a92a0f0676fef327bf601c125739393f1d094e0f5e479f4c86fc487bc1744e,00080000000300004814000072030000,,,,,False,,,,,,,,,,False,False
/fielddata/land_data/land_data_release.narc,/fielddata/land_data/land_data_release.narc!/member_00202,0,/fielddata/land_data/land_data_release.narc,266,202,,6249256,6258482,6244580,6253806,9226,0591e1ad32985ce6f5ff5f09efb11ec8a3434a66d65d47b3e1863730d82495d2,00080000000300008815000072030000,,,,,False,,,,,,,,,,False,False
/fielddata/land_data/land_data_release.narc,/fielddata/land_data/land_data_release.narc!/member_00203,0,/fielddata/land_data/land_data_release.narc,266,203,,6258484,6266050,6253808,6261374,7566,0a13dae0e40055b7d07613d25319f4dd985a5d46681e5b3cfa02eefefaca2e77,00080000e00400002c0d000072030000,,,,,False,,,,,,,,,,False,False
/fielddata/land_data/land_data_release.narc,/fielddata/land_data/land_data_release.narc!/member_00204,0,/fielddata/land_data/land_data_release.narc,266,204,,6266052,6274090,6261376,6269414,8038,6cf95a7ecf5be027048943e44823868698431774a429eda02f0cdbe511f52bb5,00080000b00400005410000052020000,,,,,False,,,,,,,,,,False,False
/fielddata/land_data/land_data_release.narc,/fielddata/land_data/land_data_release.narc!/member_00205,0,/fielddata/land_data/land_data_release.narc,266,205,,6274092,6279454,6269416,6274778,5362,eb38eb34438b4e7289b3f9b2bcd10155c190fc5af0548502de9859d3af5fa712,0008000000000000380c0000aa000000,,,,,False,,,,,,,,,,False,False
/fielddata/land_data/land_data_release.narc,/fielddata/land_data/land_data_release.narc!/member_00206,0,/fielddata/land_data/land_data_release.narc,266,206,,6279456,6288078,6274780,6283402,8622,99b089ed427e85b6f48b0ef68dbb7fd52d5ab8e11173fd6fb5246595db35051a,00080000300300001c14000052020000,,,,,False,,,,,,,,,,False,False
/fielddata/land_data/land_data_release.narc,/fielddata/land_data/land_data_release.narc!/member_00207,0,/fielddata/land_data/land_data_release.narc,266,207,,6288080,6306250,6283404,6301574,18170,2573e712ba51387dbb9bb230e10374524a7487dd33a0e4b4c3a3c7f554eddb95,0008000080040000342b0000360f0000,,,,,False,,,,,,,,,,False,False
/fielddata/land_data/land_data_release.narc,/fielddata/land_data/land_data_release.narc!/member_00208,0,/fielddata/land_data/land_data_release.narc,266,208,,6306252,6320290,6301576,6315614,14038,9310aa45b6c65fb2cc5ea304e6bdc5740cb4d915a3cf9e3b507fabab1e41a9eb,00080000a00200007c2b0000aa000000,,,,,False,,,,,,,,,,False,False
/fielddata/land_data/land_data_release.narc,/fielddata/land_data/land_data_release.narc!/member_00209,0,/fielddata/land_data/land_data_release.narc,266,209,,6320292,6325122,6315616,6320446,4830,99cd39af39530ede62019a5a1512946d749edac24b0292454977b9bc449514b9,0008000080010000a4080000aa000000,,,,,False,,,,,,,,,,False,False
/fielddata/land_data/land_data_release.narc,/fielddata/land_data/land_data_release.narc!/member_00210,0,/fielddata/land_data/land_data_release.narc,266,210,,6325124,6334650,6320448,6329974,9526,71be7a2a2bdfba1d153a05710ed4b86f546c4cde278e62667ac183a886f7cb99,00080000a0050000dc160000aa000000,,,,,False,,,,,,,,,,False,False
/fielddata/land_data/land_data_release.narc,/fielddata/land_data/land_data_release.narc!/member_00211,0,/fielddata/land_data/land_data_release.narc,266,211,,6334652,6345396,6329976,6340720,10744,90f74f5f459f991f4118ebad69d3db1915184cd63c8a6fcb0939c8fb72b86a0f,00080000800400009c1b0000cc010000,,,,,False,,,,,,,,,,False,False
/fielddata/land_data/land_data_release.narc,/fielddata/land_data/land_data_release.narc!/member_00212,0,/fielddata/land_data/land_data_release.narc,266,212,,6345396,6357392,6340720,6352716,11996,37fa85bcfd465e1e5fe0904bc046921e86c9c810f24a95db4f7ed59c9923454f,00080000900300007c200000c0020000,,,,,False,,,,,,,,,,False,False
/fielddata/land_data/land_data_release.narc,/fielddata/land_data/land_data_release.narc!/member_00213,0,/fielddata/land_data/land_data_release.narc,266,213,,6357392,6369996,6352716,6365320,12604,ce4161fb036c9f636a4ea581f5ad13ab1ab3a6ca11ba7437153873b980f8f972,00080000d00200009c230000c0020000,,,,,False,,,,,,,,,,False,False
/fielddata/land_data/land_data_release.narc,/fielddata/land_data/land_data_release.narc!/member_00214,0,/fielddata/land_data/land_data_release.narc,266,214,,6369996,6381064,6365320,6376388,11068,881511579b1132de90d270a2bb8e1ef72af4f1e4b637bfd7a0031fc0eb84a70b,0008000090030000881d000014020000,,,,,False,,,,,,,,,,False,False
/fielddata/land_data/land_data_release.narc,/fielddata/land_data/land_data_release.narc!/member_00215,0,/fielddata/land_data/land_data_release.narc,266,215,,6381064,6388074,6376388,6383398,7010,63e80c6c4130995422d4b88acee0304deb170d9334844aaa52656e8b2aa26c42,000800003000000078120000aa000000,,,,,False,,,,,,,,,,False,False
/fielddata/land_data/land_data_release.narc,/fielddata/land_data/land_data_release.narc!/member_00216,0,/fielddata/land_data/land_data_release.narc,266,216,,6388076,6397298,6383400,6392622,9222,8360fc2dd6f85e5fc45115ab9513e948cacb153f1971dbe9f1855079e622782e,00080000100500003c160000aa000000,,,,,False,,,,,,,,,,False,False
/fielddata/land_data/land_data_release.narc,/fielddata/land_data/land_data_release.narc!/member_00217,0,/fielddata/land_data/land_data_release.narc,266,217,,6397300,6402038,6392624,6397362,4738,6fdd2deddae53d14351ce6dce5521edbfe1c5a556dd9a794aeec8720ff7e9544,000800003003000098060000aa000000,,,,,False,,,,,,,,,,False,False
/fielddata/land_data/land_data_release.narc,/fielddata/land_data/land_data_release.narc!/member_00218,0,/fielddata/land_data/land_data_release.narc,266,218,,6402040,6408646,6397364,6403970,6606,a227b0fc89c378ac6253509fb056c90fe8fc83a3c33d251d6f996c7767d5c80b,0008000050010000c40f0000aa000000,,,,,False,,,,,,,,,,False,False
/fielddata/land_data/land_data_release.narc,/fielddata/land_data/land_data_release.narc!/member_00219,0,/fielddata/land_data/land_data_release.narc,266,219,,6408648,6413446,6403972,6408770,4798,f4820c047f14675d311e211ee9aaf455d507b7a9722b78414583d90bccab7b14,00080000b001000054080000aa000000,,,,,False,,,,,,,,,,False,False
/fielddata/land_data/land_data_release.narc,/fielddata/land_data/land_data_release.narc!/member_00220,0,/fielddata/land_data/land_data_release.narc,266,220,,6413448,6422126,6408772,6417450,8678,01cf24092a4fa616967bb788519f0a82141d9e0b753201464de0a6c289a64230,0008000080010000ac170000aa000000,,,,,False,,,,,,,,,,False,False
/fielddata/land_data/land_data_release.narc,/fielddata/land_data/land_data_release.narc!/member_00221,0,/fielddata/land_data/land_data_release.narc,266,221,,6422128,6432254,6417452,6427578,10126,2668b9602a492bd99456ebb77b9d709390f1552318098dcc8647fd0d2d3c8637,0008000010050000c4190000aa000000,,,,,False,,,,,,,,,,False,False
/fielddata/land_data/land_data_release.narc,/fielddata/land_data/land_data_release.narc!/member_00222,0,/fielddata/land_data/land_data_release.narc,266,222,,6432256,6469972,6427580,6465296,37716,00746b24252e31987c5d1eb9b3f03a5ea5c8ab86a1d5e1044e4817c99a8a6d32,00080000b0010000e8580000ac300000,,,,,False,,,,,,,,,,False,False
/fielddata/land_data/land_data_release.narc,/fielddata/land_data/land_data_release.narc!/member_00223,0,/fielddata/land_data/land_data_release.narc,266,223,,6469972,6485736,6465296,6481060,15764,9e1f7bd8ec508d386bf5366cda399ab6b3b49de095105a3f186e5b9fb7b0d72b,00080000c0000000d4200000f0130000,,,,,False,,,,,,,,,,False,False
/fielddata/land_data/land_data_release.narc,/fielddata/land_data/land_data_release.narc!/member_00224,0,/fielddata/land_data/land_data_release.narc,266,224,,6485736,6498598,6481060,6493922,12862,85d09f7b930f7ccfbb15c836beb9d441fc78f37d656e46cd66b9bdcd337d0be7,0008000090000000102800008e010000,,,,,False,,,,,,,,,,False,False
/fielddata/land_data/land_data_release.narc,/fielddata/land_data/land_data_release.narc!/member_00225,0,/fielddata/land_data/land_data_release.narc,266,225,,6498600,6505790,6493924,6501114,7190,bab69bd8137aed27e3c8bb9306b4dd7c4347eb9fc94bae6be69c9b0a92b44569,00080000000600005c0d0000aa000000,,,,,False,,,,,,,,,,False,False
/fielddata/land_data/land_data_release.narc,/fielddata/land_data/land_data_release.narc!/member_00226,0,/fielddata/land_data/land_data_release.narc,266,226,,6505792,6512982,6501116,6508306,7190,cecb93795d2d758b5a2126848c1d4020859ab113fb5bb9a79d80c5c67a8a34ab,00080000000600005c0d0000aa000000,,,,,False,,,,,,,,,,False,False
/fielddata/land_data/land_data_release.narc,/fielddata/land_data/land_data_release.narc!/member_00227,0,/fielddata/land_data/land_data_release.narc,266,227,,6512984,6520174,6508308,6515498,7190,e65466d6a699465e87b9f2be34b8cd7cc05b924d04def38b85f9b49446c0e990,00080000000600005c0d0000aa000000,,,,,False,,,,,,,,,,False,False
/fielddata/land_data/land_data_release.narc,/fielddata/land_data/land_data_release.narc!/member_00228,0,/fielddata/land_data/land_data_release.narc,266,228,,6520176,6549514,6515500,6544838,29338,7f665dc9cd4265a535b1c2b95a635704468d7a56b92c2b4a5c9e7f4b853e5423,000800009000000034560000c6130000,,,,,False,,,,,,,,,,False,False
/fielddata/land_data/land_data_release.narc,/fielddata/land_data/land_data_release.narc!/member_00229,0,/fielddata/land_data/land_data_release.narc,266,229,,6549516,6568966,6544840,6564290,19450,ca9c26d9f0e1bf24508f08edcb08010332ad6db36fd1a8f664bd8a00b484ca93,00080000700200008c3f0000ee010000,,,,,False,,,,,,,,,,False,False
/fielddata/land_data/land_data_release.narc,/fielddata/land_data/land_data_release.narc!/member_00230,0,/fielddata/land_data/land_data_release.narc,266,230,,6568968,6576282,6564292,6571606,7314,261ec6cd09e9950a91e403136b0dcb0eaab3adc5ad4415a2f3880505a1e1f7e5,00080000f0000000e8120000aa000000,,,,,False,,,,,,,,,,False,False
/fielddata/land_data/land_data_release.narc,/fielddata/land_data/land_data_release.narc!/member_00231,0,/fielddata/land_data/land_data_release.narc,266,231,,6576284,6595686,6571608,6591010,19402,b31796c9dfffb7aa4c1dea3710d38b03caed59008c81faaed0bba850e74bfc1a,00080000400200008c3f0000ee010000,,,,,False,,,,,,,,,,False,False
/fielddata/land_data/land_data_release.narc,/fielddata/land_data/land_data_release.narc!/member_00232,0,/fielddata/land_data/land_data_release.narc,266,232,,6595688,6604406,6591012,6599730,8718,760133231c86deb1a0575baea7386a1c21599c77170f21e87fc8ad40ebe76f45,000800003000000024190000aa000000,,,,,False,,,,,,,,,,False,False
/fielddata/land_data/land_data_release.narc,/fielddata/land_data/land_data_release.narc!/member_00233,0,/fielddata/land_data/land_data_release.narc,266,233,,6604408,6627002,6599732,6622326,22594,6b42a1c5ab3c3e6c7a30b11818ccb1c372bbb69f6e6ef15d0943fbbbe2709d67,0008000090000000703a000032150000,,,,,False,,,,,,,,,,False,False
/fielddata/land_data/land_data_release.narc,/fielddata/land_data/land_data_release.narc!/member_00234,0,/fielddata/land_data/land_data_release.narc,266,234,,6627004,6651098,6622328,6646422,24094,928f95b3885807474f42a74562938020a09fa5fd683b1feeb5a9705e55be3f39,0008000070020000d43f0000ca130000,,,,,False,,,,,,,,,,False,False
/fielddata/land_data/land_data_release.narc,/fielddata/land_data/land_data_release.narc!/member_00235,0,/fielddata/land_data/land_data_release.narc,266,235,,6651100,6659786,6646424,6655110,8686,a012df703c2aed27d27ba17f931b0105b1e6c5193beaabe2d1f7ffe85e4c9b33,000800000000000034190000aa000000,,,,,False,,,,,,,,,,False,False
/fielddata/land_data/land_data_release.narc,/fielddata/land_data/land_data_release.narc!/member_00236,0,/fielddata/land_data/land_data_release.narc,266,236,,6659788,6666978,6655112,6662302,7190,4b496503e323fee18da23d8d54ec8293f0064c067ca8edf9afc0d9c89c93c099,00080000000600005c0d0000aa000000,,,,,False,,,,,,,,,,False,False
/fielddata/land_data/land_data_release.narc,/fielddata/land_data/land_data_release.narc!/member_00237,0,/fielddata/land_data/land_data_release.narc,266,237,,6666980,6674170,6662304,6669494,7190,9ed52535c1b939f2561ffe03bd80f33be04ba6e4955f485ce16366954232297d,00080000000600005c0d0000aa000000,,,,,False,,,,,,,,,,False,False
/fielddata/land_data/land_data_release.narc,/fielddata/land_data/land_data_release.narc!/member_00238,0,/fielddata/land_data/land_data_release.narc,266,238,,6674172,6681362,6669496,6676686,7190,1c326a1ccac457d24a51f0ecc71ea167aa03e109dbe75f6edfd5f350f146e993,00080000000600005c0d0000aa000000,,,,,False,,,,,,,,,,False,False
/fielddata/land_data/land_data_release.narc,/fielddata/land_data/land_data_release.narc!/member_00239,0,/fielddata/land_data/land_data_release.narc,266,239,,6681364,6688554,6676688,6683878,7190,07c46621ede76a914ce6301bb3c69d68f7ddca1cb68d5dcbff81ef1b8293aac8,00080000000600005c0d0000aa000000,,,,,False,,,,,,,,,,False,False
/fielddata/land_data/land_data_release.narc,/fielddata/land_data/land_data_release.narc!/member_00240,0,/fielddata/land_data/land_data_release.narc,266,240,,6688556,6720402,6683880,6715726,31846,93068d55ac8d0a3fdb7097eb3c3dc294799139cab01b57ae61222d660259f59e,00080000900300001c700000aa000000,,,,,False,,,,,,,,,,False,False
/fielddata/land_data/land_data_release.narc,/fielddata/land_data/land_data_release.narc!/member_00241,0,/fielddata/land_data/land_data_release.narc,266,241,,6720404,6777166,6715728,6772490,56762,b87f0bb4d26b33c1f7a69e3bb0e13ed15a33ea825845e88f4cc22d686ea2add5,0008000000060000446e000066610000,,,,,False,,,,,,,,,,False,False
/fielddata/land_data/land_data_release.narc,/fielddata/land_data/land_data_release.narc!/member_00242,0,/fielddata/land_data/land_data_release.narc,266,242,,6777168,6811228,6772492,6806552,34060,177b580267bd00db37af864fa76db457a532d4da813c432280a27452cb7c99de,0008000000000000944c000068300000,,,,,False,,,,,,,,,,False,False
/fielddata/land_data/land_data_release.narc,/fielddata/land_data/land_data_release.narc!/member_00243,0,/fielddata/land_data/land_data_release.narc,266,243,,6811228,6827874,6806552,6823198,16646,c4999d404769c12e10bb82912ec94c07e7dd764f900bf4c430bb1550d5f602ef,0008000090000000bc370000aa000000,,,,,False,,,,,,,,,,False,False
/fielddata/land_data/land_data_release.narc,/fielddata/land_data/land_data_release.narc!/member_00244,0,/fielddata/land_data/land_data_release.narc,266,244,,6827876,6835530,6823200,6830854,7654,39e8b23b49d02e108e8cd2d8d3e84069e087dd7f5093199addd1033ee80270d9,00080000100200001c130000aa000000,,,,,False,,,,,,,,,,False,False
/fielddata/land_data/land_data_release.narc,/fielddata/land_data/land_data_release.narc!/member_00245,0,/fielddata/land_data/land_data_release.narc,266,245,,6835532,6864196,6830856,6859520,28664,2717a5b513444a19e0656ad46810d1e622f23f076785f6852cf6ef005c30dae6,00080000300000006864000050030000,,,,,False,,,,,,,,,,False,False
/fielddata/land_data/land_data_release.narc,/fielddata/land_data/land_data_release.narc!/member_00246,0,/fielddata/land_data/land_data_release.narc,266,246,,6864196,6870778,6859520,6866102,6582,a2f6ebc21aa55fa9c24fd659212f0dda00ea20135e426e87c6d0288fc4cb6139,0008000020010000dc0f0000aa000000,,,,,False,,,,,,,,,,False,False
/fielddata/land_data/land_data_release.narc,/fielddata/land_data/land_data_release.narc!/member_00247,0,/fielddata/land_data/land_data_release.narc,266,247,,6870780,6877250,6866104,6872574,6470,0e30586c6786a936f249feedb14db174cfdd3601fd6bf7ddce24d58f6de9b35a,00080000700200001c0e0000aa000000,,,,,False,,,,,,,,,,False,False
/fielddata/land_data/land_data_release.narc,/fielddata/land_data/land_data_release.narc!/member_00248,0,/fielddata/land_data/land_data_release.narc,266,248,,6877252,6893260,6872576,6888584,16008,5943ca30343d46aa576dd40b4c22d236dd430f17776e41ef109306e8ae21f1a1,0008000070020000b431000054020000,,,,,False,,,,,,,,,,False,False
/fielddata/land_data/land_data_release.narc,/fielddata/land_data/land_data_release.narc!/member_00249,0,/fielddata/land_data/land_data_release.narc,266,249,,6893260,6907740,6888584,6903064,14480,2590d79917343bf41859ff383cbb25c00c27d31d8263bdc620781ea13058f7bd,0008000060030000942900008c030000,,,,,False,,,,,,,,,,False,False
/fielddata/land_data/land_data_release.narc,/fielddata/land_data/land_data_release.narc!/member_00250,0,/fielddata/land_data/land_data_release.narc,266,250,,6907740,6923740,6903064,6919064,16000,9a03d7d452b765df1463b7cbc7f9a7adf3ba082a2985106884da48566a1bc954,0008000030030000b42f00008c030000,,,,,False,,,,,,,,,,False,False
/fielddata/land_data/land_data_release.narc,/fielddata/land_data/land_data_release.narc!/member_00251,0,/fielddata/land_data/land_data_release.narc,266,251,,6923740,6935308,6919064,6930632,11568,b7429cac420089b34d622fb5c2092ec0563479e94f5b7a452bb24f155f2f7cf1,0008000060030000341e00008c030000,,,,,False,,,,,,,,,,False,False
/fielddata/land_data/land_data_release.narc,/fielddata/land_data/land_data_release.narc!/member_00252,0,/fielddata/land_data/land_data_release.narc,266,252,,6935308,6942920,6930632,6938244,7612,2a96f09b94420ce233b918871a7615e05c4a696e1bc9d766f6f922f652415612,0008000080040000c00e00006c020000,,,,,False,,,,,,,,,,False,False
/fielddata/land_data/land_data_release.narc,/fielddata/land_data/land_data_release.narc!/member_00253,0,/fielddata/land_data/land_data_release.narc,266,253,,6942920,6951920,6938244,6947244,9000,6f46e03d236e0ba6bdfe081de6365a74b815b0aa051f13b762802129c7040b52,0008000030030000b016000038010000,,,,,False,,,,,,,,,,False,False
/fielddata/land_data/land_data_release.narc,/fielddata/land_data/land_data_release.narc!/member_00254,0,/fielddata/land_data/land_data_release.narc,266,254,,6951920,6961562,6947244,6956886,9642,dbbec22ee4343615ef9823bc93565c3274e2e53f2bb9f4eadeddd41ee0b18721,0008000040020000b01a0000aa000000,,,,,False,,,,,,,,,,False,False
/fielddata/land_data/land_data_release.narc,/fielddata/land_data/land_data_release.narc!/member_00255,0,/fielddata/land_data/land_data_release.narc,266,255,,6961564,6971858,6956888,6967182,10294,37ade7a938d39c4b1fe1a546f620317e0e20daf55ebfb6d32a7dad1ef725d6ea,00080000100200006c1d0000aa000000,,,,,False,,,,,,,,,,False,False
/fielddata/land_data/land_data_release.narc,/fielddata/land_data/land_data_release.narc!/member_00256,0,/fielddata/land_data/land_data_release.narc,266,256,,6971860,6976846,6967184,6972170,4986,aceb293194ceb5d5e67c90c13638252f7d8e374d56ae5c4edc19036288c38a07,000800006003000060070000aa000000,,,,,False,,,,,,,,,,False,False
/fielddata/land_data/land_data_release.narc,/fielddata/land_data/land_data_release.narc!/member_00257,0,/fielddata/land_data/land_data_release.narc,266,257,,6976848,6986454,6972172,6981778,9606,e194f1b05a28018f40a721c5fe9e741a631c9587ba04a7037a089d093f6362ef,00080000e0010000ec1a0000aa000000,,,,,False,,,,,,,,,,False,False
/fielddata/land_data/land_data_release.narc,/fielddata/land_data/land_data_release.narc!/member_00258,0,/fielddata/land_data/land_data_release.narc,266,258,,6986456,6994760,6981780,6990084,8304,cf473b085be0739d2a1cbdd641563e878fe9bd369468e1715771f57dd57a94d6,0008000020010000041500003c020000,,,,,False,,,,,,,,,,False,False
/fielddata/land_data/land_data_release.narc,/fielddata/land_data/land_data_release.narc!/member_00259,0,/fielddata/land_data/land_data_release.narc,266,259,,6994760,7004262,6990084,6999586,9502,e87351bcd078359a81afb02e8187df7aaad80aaf958e4d092a9173a5de579194,000800000003000064190000aa000000,,,,,False,,,,,,,,,,False,False
/fielddata/land_data/land_data_release.narc,/fielddata/land_data/land_data_release.narc!/member_00260,0,/fielddata/land_data/land_data_release.narc,266,260,,7004264,7013766,6999588,7009090,9502,703dcf5495c4b7c9911a49480cfa8b78ebe49ea80764f0d279c958a67ecc310f,000800000003000064190000aa000000,,,,,False,,,,,,,,,,False,False
/fielddata/land_data/land_data_release.narc,/fielddata/land_data/land_data_release.narc!/member_00261,0,/fielddata/land_data/land_data_release.narc,266,261,,7013768,7023270,7009092,7018594,9502,f1920deea1b25af3017b722a8f173a9ce24aa6501916ca480f1fb64fab48b861,000800000003000064190000aa000000,,,,,False,,,,,,,,,,False,False
/fielddata/land_data/land_data_release.narc,/fielddata/land_data/land_data_release.narc!/member_00262,0,/fielddata/land_data/land_data_release.narc,266,262,,7023272,7032774,7018596,7028098,9502,e3a5504e0c431a83f62d7b1c635252efa217a6516696ad66a0d813cc8cfeee7b,000800000003000064190000aa000000,,,,,False,,,,,,,,,,False,False
/fielddata/land_data/land_data_release.narc,/fielddata/land_data/land_data_release.narc!/member_00263,0,/fielddata/land_data/land_data_release.narc,266,263,,7032776,7037050,7028100,7032374,4274,b973c90d621195fa9ec17f15dda3ac2579cd5bdd9505079b6ffa33523fc12052,0008000020010000dc010000a6050000,,,,,False,,,,,,,,,,False,False
/fielddata/land_data/land_data_release.narc,/fielddata/land_data/land_data_release.narc!/member_00264,0,/fielddata/land_data/land_data_release.narc,266,264,,7037052,7041454,7032376,7036778,4402,f9c4743d1210911b33296bc0d83e8a997b9c91b5b0f52bbf553809b72e01b81e,000800001002000068060000aa000000,,,,,False,,,,,,,,,,False,False
/fielddata/land_data/land_data_release.narc,/fielddata/land_data/land_data_release.narc!/member_00265,0,/fielddata/land_data/land_data_release.narc,266,265,,7041456,7062722,7036780,7058046,21266,aea4ba3d86eccfdfe2a9f0a948da391c6f3f84f450ee416f504cae94ae5cf6a4,00080000f003000068460000aa000000,,,,,False,,,,,,,,,,False,False
/fielddata/land_data/land_data_release.narc,/fielddata/land_data/land_data_release.narc!/member_00266,0,/fielddata/land_data/land_data_release.narc,266,266,,7062724,7070902,7058048,7066226,8178,3fdad34bcd5c7c87e5e99f5232bd55456a1b3a91913965e2466a2589668918fc,00080000f000000048160000aa000000,,,,,False,,,,,,,,,,False,False
/fielddata/land_data/land_data_release.narc,/fielddata/land_data/land_data_release.narc!/member_00267,0,/fielddata/land_data/land_data_release.narc,266,267,,7070904,7077726,7066228,7073050,6822,234426a416cfa28a526b2478ee2a63dfb7e433006b3c97de970f6ef079d41cc9,0008000020010000cc100000aa000000,,,,,False,,,,,,,,,,False,False
/fielddata/land_data/land_data_release.narc,/fielddata/land_data/land_data_release.narc!/member_00268,0,/fielddata/land_data/land_data_release.narc,266,268,,7077728,7084246,7073052,7079570,6518,e226800867f6db3db35cef9e60810ad760f8401fcb9c146ae912db9be836d944,00080000f0030000cc0c0000aa000000,,,,,False,,,,,,,,,,False,False
/fielddata/land_data/land_data_release.narc,/fielddata/land_data/land_data_release.narc!/member_00269,0,/fielddata/land_data/land_data_release.narc,266,269,,7084248,7091650,7079572,7086974,7402,4bfe6ad5c1d1c832efe9277bc16712dd8f050903c42e67460f933e7fc934f480,00080000f000000040130000aa000000,,,,,False,,,,,,,,,,False,False
/fielddata/land_data/land_data_release.narc,/fielddata/land_data/land_data_release.narc!/member_00270,0,/fielddata/land_data/land_data_release.narc,266,270,,7091652,7099002,7086976,7094326,7350,563c928c44c3cdd565c544b4e6cb674084d8c1f5e28c69deb2af6efb8befe87f,00080000800100007c120000aa000000,,,,,False,,,,,,,,,,False,False
/fielddata/land_data/land_data_release.narc,/fielddata/land_data/land_data_release.narc!/member_00271,0,/fielddata/land_data/land_data_release.narc,266,271,,7099004,7136618,7094328,7131942,37614,f45de24e07cfcf1fb9830fe4867f18d67011b027309920eaba887cbd51a0a028,000800002004000014860000aa000000,,,,,False,,,,,,,,,,False,False
/fielddata/land_data/land_data_release.narc,/fielddata/land_data/land_data_release.narc!/member_00272,0,/fielddata/land_data/land_data_release.narc,266,272,,7136620,7149218,7131944,7144542,12598,30c03720cb8664e291349d709c285ef57944e1e2ab7f7e31c3b7496232a56b13,00080000500400002c240000aa000000,,,,,False,,,,,,,,,,False,False
/fielddata/land_data/land_data_release.narc,/fielddata/land_data/land_data_release.narc!/member_00273,0,/fielddata/land_data/land_data_release.narc,266,273,,7149220,7164686,7144544,7160010,15466,47ae93b4361f0c9a4188057ab75206bfd07f53ec4557174c7ea98a8bf719cd3b,0008000080010000842f000056030000,,,,,False,,,,,,,,,,False,False
/fielddata/land_data/land_data_release.narc,/fielddata/land_data/land_data_release.narc!/member_00274,0,/fielddata/land_data/land_data_release.narc,266,274,,7164688,7171878,7160012,7167202,7190,616e19b6d1fba8e9d9b2adfa390b3a6f6db09a6a8bc33f219340794acb75da90,00080000000600005c0d0000aa000000,,,,,False,,,,,,,,,,False,False
/fielddata/land_data/land_data_release.narc,/fielddata/land_data/land_data_release.narc!/member_00275,0,/fielddata/land_data/land_data_release.narc,266,275,,7171880,7182434,7167204,7177758,10554,552afc4fbeafc6fa8a14910787bd2f45741522747045e6d5deef194f541bcba9,00080000b0010000d01e0000aa000000,,,,,False,,,,,,,,,,False,False
/fielddata/land_data/land_data_release.narc,/fielddata/land_data/land_data_release.narc!/member_00276,0,/fielddata/land_data/land_data_release.narc,266,276,,7182436,7191162,7177760,7186486,8726,e6524d7e43185d25c40855b438dbffa41f6dbf66355a2f1d09c4ff6d267c9b98,00080000f00000006c180000aa000000,,,,,False,,,,,,,,,,False,False
/fielddata/land_data/land_data_release.narc,/fielddata/land_data/land_data_release.narc!/member_00277,0,/fielddata/land_data/land_data_release.narc,266,277,,7191164,7201578,7186488,7196902,10414,d25b53eee3e53a454684f8dc5677f065e3910db04ae79e2fcada6e126badc57a,00080000d0020000241d0000aa000000,,,,,False,,,,,,,,,,False,False
/fielddata/land_data/land_data_release.narc,/fielddata/land_data/land_data_release.narc!/member_00278,0,/fielddata/land_data/land_data_release.narc,266,278,,7201580,7212366,7196904,7207690,10786,6dca2dbfbc0d2f241838fc838f8550dc702de9d91bbf8134ada2111d78117361,0008000040020000281f0000aa000000,,,,,False,,,,,,,,,,False,False
/fielddata/land_data/land_data_release.narc,/fielddata/land_data/land_data_release.narc!/member_00279,0,/fielddata/land_data/land_data_release.narc,266,279,,7212368,7219590,7207692,7214914,7222,30586d695dcf58dae150367f43f68aae0d46e3abb0e21539719a87197ebc85a1,00080000600000001c130000aa000000,,,,,False,,,,,,,,,,False,False
/fielddata/land_data/land_data_release.narc,/fielddata/land_data/land_data_release.narc!/member_00280,0,/fielddata/land_data/land_data_release.narc,266,280,,7219592,7225286,7214916,7220610,5694,60cc186d6664d631f57f9e0e30890573d77ea9c77ea28862d2907f01a23d8529,00080000900300004c08000052020000,,,,,False,,,,,,,,,,False,False
/fielddata/land_data/land_data_release.narc,/fielddata/land_data/land_data_release.narc!/member_00281,0,/fielddata/land_data/land_data_release.narc,266,281,,7225288,7235030,7220612,7230354,9742,568b342bb84b91a1357219a1ca0c56d90fd2290dbd41c342c47cc969be20b17c,00080000d0020000841a0000aa000000,,,,,False,,,,,,,,,,False,False
/fielddata/land_data/land_data_release.narc,/fielddata/land_data/land_data_release.narc!/member_00282,0,/fielddata/land_data/land_data_release.narc,266,282,,7235032,7245230,7230356,7240554,10198,6014206dc4daca26808a66c86c0b0119295cba1bc3e2f131004ca0cb956b8984,00080000a00200007c1c0000aa000000,,,,,False,,,,,,,,,,False,False
/fielddata/land_data/land_data_release.narc,/fielddata/land_data/land_data_release.narc!/member_00283,0,/fielddata/land_data/land_data_release.narc,266,283,,7245232,7254166,7240556,7249490,8934,8610b25596274ac44d7ba953f3084a5e3b6d75ca14a5bb51fb64b97bc7291eb5,00080000e00100004c180000aa000000,,,,,False,,,,,,,,,,False,False
/fielddata/land_data/land_data_release.narc,/fielddata/land_data/land_data_release.narc!/member_00284,0,/fielddata/land_data/land_data_release.narc,266,284,,7254168,7261532,7249492,7256856,7364,9cad6646669a76fa60574ebdd575244d9decf70b242188356a37cffe9dca30ea,0008000050010000f011000074010000,,,,,False,,,,,,,,,,False,False
/fielddata/land_data/land_data_release.narc,/fielddata/land_data/land_data_release.narc!/member_00285,0,/fielddata/land_data/land_data_release.narc,266,285,,7261532,7268828,7256856,7264152,7296,3b772a928d79611d20e50327fb87119e5d39473410bd01626598d1aec00221a6,0008000070050000580d0000a8010000,,,,,False,,,,,,,,,,False,False
/fielddata/land_data/land_data_release.narc,/fielddata/land_data/land_data_release.narc!/member_00286,0,/fielddata/land_data/land_data_release.narc,266,286,,7268828,7275988,7264152,7271312,7160,ca2d8e2fe87c0ebb287b94a96c68e02536139e18bd843b73e96b9fa65e60ffc2,0008000010050000300d0000a8010000,,,,,False,,,,,,,,,,False,False
/fielddata/land_data/land_data_release.narc,/fielddata/land_data/land_data_release.narc!/member_00287,0,/fielddata/land_data/land_data_release.narc,266,287,,7275988,7283208,7271312,7278532,7220,f7c974afce5df11794cc6cc043cbdd96109c7618a632a8e67b1e369c11d6e16d,00080000700500000c0d0000a8010000,,,,,False,,,,,,,,,,False,False
/fielddata/land_data/land_data_release.narc,/fielddata/land_data/land_data_release.narc!/member_00288,0,/fielddata/land_data/land_data_release.narc,266,288,,7283208,7290560,7278532,7285884,7352,dfdb3cfa3aa4803efad44cbec167ee084f8d79aa7e6b3ad7c46d4bb71f653bbb,0008000090000000a412000074010000,,,,,False,,,,,,,,,,False,False
/fielddata/land_data/land_data_release.narc,/fielddata/land_data/land_data_release.narc!/member_00289,0,/fielddata/land_data/land_data_release.narc,266,289,,7290560,7294926,7285884,7290250,4366,7fea04a26a1d114217c896c388202889adb13b69d25edd018aae1cafa44ad23a,0008000010020000f8040000f6010000,,,,,False,,,,,,,,,,False,False
/fielddata/land_data/land_data_release.narc,/fielddata/land_data/land_data_release.narc!/member_00290,0,/fielddata/land_data/land_data_release.narc,266,290,,7294928,7306644,7290252,7301968,11716,7b08a8139327448c2ba9da63a3c9d31afb8ad80307b29a28383a8b0604ebeaf7,0008000060030000d82000007c010000,,,,,False,,,,,,,,,,False,False
/fielddata/land_data/land_data_release.narc,/fielddata/land_data/land_data_release.narc!/member_00291,0,/fielddata/land_data/land_data_release.narc,266,291,,7306644,7313120,7301968,7308444,6476,3ea1d8851ab6dfcd69e9518cda0312a5e4a2bc480ee35acb930499526e2ad638,00080000f00300001c0b000030020000,,,,,False,,,,,,,,,,False,False
/fielddata/land_data/land_data_release.narc,/fielddata/land_data/land_data_release.narc!/member_00292,0,/fielddata/land_data/land_data_release.narc,266,292,,7313120,7319812,7308444,7315136,6692,5762d8d26c69d368735b1c6c6036dd7abaf1a9a4feefe2947ead90de3cf72528,00080000e0040000b80b00007c010000,,,,,False,,,,,,,,,,False,False
/fielddata/land_data/land_data_release.narc,/fielddata/land_data/land_data_release.narc!/member_00293,0,/fielddata/land_data/land_data_release.narc,266,293,,7319812,7327674,7315136,7322998,7862,e180337a8b8525f47101e5e9f007d9d7c4159a6fefbccb9f3f077e31a8438164,00080000900000006c150000aa000000,,,,,False,,,,,,,,,,False,False
/fielddata/land_data/land_data_release.narc,/fielddata/land_data/land_data_release.narc!/member_00294,0,/fielddata/land_data/land_data_release.narc,266,294,,7327676,7356370,7323000,7351694,28694,7ab2d1d57ff537f668ac109e2304bc9990b879e40cf872062dda5ff04518a4b1,00080000300000002c670000aa000000,,,,,False,,,,,,,,,,False,False
/fielddata/land_data/land_data_release.narc,/fielddata/land_data/land_data_release.narc!/member_00295,0,/fielddata/land_data/land_data_release.narc,266,295,,7356372,7363228,7351696,7358552,6856,b8024d4c32559d4bcbae814f4b06e2b80767e2931dd09a9d70fc8c1f7403053e,0008000020010000dc0e0000bc020000,,,,,False,,,,,,,,,,False,False
/fielddata/land_data/land_data_release.narc,/fielddata/land_data/land_data_release.narc!/member_00296,0,/fielddata/land_data/land_data_release.narc,266,296,,7363228,7372152,7358552,7367476,8924,0b6513a49aa6980dbf347fc5da534ca83300a55682c2241dbfcff1efb2befe83,00080000f00000006414000078050000,,,,,False,,,,,,,,,,False,False
/fielddata/land_data/land_data_release.narc,/fielddata/land_data/land_data_release.narc!/member_00297,0,/fielddata/land_data/land_data_release.narc,266,297,,7372152,7384046,7367476,7379370,11894,faf35a90a9925320fa7a19908991533ae66304633bc1c814ffb459fd8a53a0f7,0008000050010000801e000096060000,,,,,False,,,,,,,,,,False,False
/fielddata/land_data/land_data_release.narc,/fielddata/land_data/land_data_release.narc!/member_00298,0,/fielddata/land_data/land_data_release.narc,266,298,,7384048,7391838,7379372,7387162,7790,4c0d92029c69bc95c43057775ffcf8a7bc26dee6b68491479f86b1a907ad39c3,000800002001000094140000aa000000,,,,,False,,,,,,,,,,False,False
/fielddata/land_data/land_data_release.narc,/fielddata/land_data/land_data_release.narc!/member_00299,0,/fielddata/land_data/land_data_release.narc,266,299,,7391840,7411870,7387164,7407194,20030,3e1c877d8e37f811bbdd718cc58572ec0b21ef30bebe8a1ae64447ae8a77e8d8,0008000090030000703f00002e030000,,,,,False,,,,,,,,,,False,False
/fielddata/land_data/land_data_release.narc,/fielddata/land_data/land_data_release.narc!/member_00300,0,/fielddata/land_data/land_data_release.narc,266,300,,7411872,7417330,7407196,7412654,5458,3eb08cdb86933c069b53585dfed1e85f9ea3b8777b6e1825c6d4937211c467f1,00080000d0020000c8090000aa000000,,,,,False,,,,,,,,,,False,False
/fielddata/land_data/land_data_release.narc,/fielddata/land_data/land_data_release.narc!/member_00301,0,/fielddata/land_data/land_data_release.narc,266,301,,7417332,7422154,7412656,7417478,4822,ed71c27bfbbb91e45e6b50b83de7ad24e906c6d9c8a9a46507cdecde6f27771d,00080000f00000002c090000aa000000,,,,,False,,,,,,,,,,False,False
/fielddata/land_data/land_data_release.narc,/fielddata/land_data/land_data_release.narc!/member_00302,0,/fielddata/land_data/land_data_release.narc,266,302,,7422156,7428830,7417480,7424154,6674,bb501a6cae188c093c09d2aa9148dd5400a19d9f50a8456d362a69b5064dcaa7,00080000c000000098100000aa000000,,,,,False,,,,,,,,,,False,False
/fielddata/land_data/land_data_release.narc,/fielddata/land_data/land_data_release.narc!/member_00303,0,/fielddata/land_data/land_data_release.narc,266,303,,7428832,7435506,7424156,7430830,6674,95bf81dee525f6d5537ddef472e14fcedec18c3e68ef8c502f9a684b55b31a15,00080000c000000098100000aa000000,,,,,False,,,,,,,,,,False,False
/fielddata/land_data/land_data_release.narc,/fielddata/land_data/land_data_release.narc!/member_00304,0,/fielddata/land_data/land_data_release.narc,266,304,,7435508,7443882,7430832,7439206,8374,c84d1d642c4a591c010e747d661eca686d970191870bcb619bab9e56882757af,00080000800400007c130000aa000000,,,,,False,,,,,,,,,,False,False
/fielddata/land_data/land_data_release.narc,/fielddata/land_data/land_data_release.narc!/member_00305,0,/fielddata/land_data/land_data_release.narc,266,305,,7443884,7453766,7439208,7449090,9882,10afd78b79d441964022548d3eaa21fdd10ba0be39471c432dab5e1fcfb8881b,000800006003000088150000a2050000,,,,,False,,,,,,,,,,False,False
/fielddata/land_data/land_data_release.narc,/fielddata/land_data/land_data_release.narc!/member_00306,0,/fielddata/land_data/land_data_release.narc,266,306,,7453768,7463198,7449092,7458522,9430,dc368a7cc0c4cc569a472e829ea0ecd06253e4fe9cb607e0fea2d6df914c8a7b,00080000b001000074150000a2050000,,,,,False,,,,,,,,,,False,False
/fielddata/land_data/land_data_release.narc,/fielddata/land_data/land_data_release.narc!/member_00307,0,/fielddata/land_data/land_data_release.narc,266,307,,7463200,7473094,7458524,7468418,9894,ca55de4e4fbf311a671ab5da99a0fd4700ad05118eeb4c4162602c064ef48dde,00080000b001000044170000a2050000,,,,,False,,,,,,,,,,False,False
/fielddata/land_data/land_data_release.narc,/fielddata/land_data/land_data_release.narc!/member_00308,0,/fielddata/land_data/land_data_release.narc,266,308,,7473096,7479278,7468420,7474602,6182,a7c50b398f7f1a08e1a56b1df16fa8f02a21fed2d15fcf6dd7add2c70d80098a,00080000a0020000cc0c0000aa000000,,,,,False,,,,,,,,,,False,False
/fielddata/land_data/land_data_release.narc,/fielddata/land_data/land_data_release.narc!/member_00309,0,/fielddata/land_data/land_data_release.narc,266,309,,7479280,7495634,7474604,7490958,16354,c2c98838e770717695470f136df6e85152d752f2cc7c15b589bff63271d88eaa,00080000f00300008031000062020000,,,,,False,,,,,,,,,,False,False
/fielddata/land_data/land_data_release.narc,/fielddata/land_data/land_data_release.narc!/member_00310,0,/fielddata/land_data/land_data_release.narc,266,310,,7495636,7505866,7490960,7501190,10230,5e56de731c078760df99ffba2d35c7632a20421334a56a25cab83da30efcbd73,00080000200400001c1b0000aa000000,,,,,False,,,,,,,,,,False,False
/fielddata/land_data/land_data_release.narc,/fielddata/land_data/land_data_release.narc!/member_00311,0,/fielddata/land_data/land_data_release.narc,266,311,,7505868,7517262,7501192,7512586,11394,cb1b76ecf23b1019d17f8813a980abd72572bf435f0057da4f45ae84ea64abc7,00080000e0040000e81e0000aa000000,,,,,False,,,,,,,,,,False,False
/fielddata/land_data/land_data_release.narc,/fielddata/land_data/land_data_release.narc!/member_00312,0,/fielddata/land_data/land_data_release.narc,266,312,,7517264,7522482,7512588,7517806,5218,f0e99f10afef1af86f86f411006ca91c6daafdef0a2393155c134f1aa71878c4,000800001002000098090000aa000000,,,,,False,,,,,,,,,,False,False
/fielddata/land_data/land_data_release.narc,/fielddata/land_data/land_data_release.narc!/member_00313,0,/fielddata/land_data/land_data_release.narc,266,313,,7522484,7554690,7517808,7550014,32206,8e10730982c2d3c2c3b44a9f5ef948594c24a72ef5b0b79556c4f2664dada498,0008000050010000c8710000a6020000,,,,,False,,,,,,,,,,False,False
/fielddata/land_data/land_data_release.narc,/fielddata/land_data/land_data_release.narc!/member_00314,0,/fielddata/land_data/land_data_release.narc,266,314,,7554692,7570006,7550016,7565330,15314,1e8f4c1626072afeb9c04fc45894f18a31a88f3ac79675b7cabd29aafa5b4500,00080000f000000028320000aa000000,,,,,False,,,,,,,,,,False,False
/fielddata/land_data/land_data_release.narc,/fielddata/land_data/land_data_release.narc!/member_00315,0,/fielddata/land_data/land_data_release.narc,266,315,,7570008,7579186,7565332,7574510,9178,a0bdf6cfec85369068e23b503b4d147e1bc184256df9787bdca3536309778832,0008000000000000201b0000aa000000,,,,,False,,,,,,,,,,False,False
/fielddata/land_data/land_data_release.narc,/fielddata/land_data/land_data_release.narc!/member_00316,0,/fielddata/land_data/land_data_release.narc,266,316,,7579188,7588366,7574512,7583690,9178,e96162ba38b931943adb6eaef3f6422a56411bf3d1bc0d36897c7db0204a0f4a,0008000000000000201b0000aa000000,,,,,False,,,,,,,,,,False,False
/fielddata/land_data/land_data_release.narc,/fielddata/land_data/land_data_release.narc!/member_00317,0,/fielddata/land_data/land_data_release.narc,266,317,,7588368,7617118,7583692,7612442,28750,d8cebbe7b84fe0cf89a31f43b66f8f278b10b9c0ffe7fbe010e21a20df37181e,000800006000000034670000aa000000,,,,,False,,,,,,,,,,False,False
/fielddata/land_data/land_data_release.narc,/fielddata/land_data/land_data_release.narc!/member_00318,0,/fielddata/land_data/land_data_release.narc,266,318,,7617120,7628362,7612444,7623686,11242,45d51d63d35c9360cfa223aa74641525916d1ac981f3772656d9775787add6be,000800000000000030230000aa000000,,,,,False,,,,,,,,,,False,False
/fielddata/land_data/land_data_release.narc,/fielddata/land_data/land_data_release.narc!/member_00319,0,/fielddata/land_data/land_data_release.narc,266,319,,7628364,7650298,7623688,7645622,21934,bfcb4836596bf42362da2626ca15fa982e45283e8f1ded37c36922fab89df199,0008000000000000f44c0000aa000000,,,,,False,,,,,,,,,,False,False
/fielddata/land_data/land_data_release.narc,/fielddata/land_data/land_data_release.narc!/member_00320,0,/fielddata/land_data/land_data_release.narc,266,320,,7650300,7687582,7645624,7682906,37282,bb834b2430980b49360fa959a22683fbec4d9ec97f98d71f1257bbf6c51bf3c9,0008000000000000e8880000aa000000,,,,,False,,,,,,,,,,False,False
/fielddata/land_data/land_data_release.narc,/fielddata/land_data/land_data_release.narc!/member_00321,0,/fielddata/land_data/land_data_release.narc,266,321,,7687584,7714822,7682908,7710146,27238,4c6cb0f0240cf089784acb2c1c4b96592bb576e5e4059f73dde19d279398c554,0008000000000000ac610000aa000000,,,,,False,,,,,,,,,,False,False
/fielddata/land_data/land_data_release.narc,/fielddata/land_data/land_data_release.narc!/member_00322,0,/fielddata/land_data/land_data_release.narc,266,322,,7714824,7748566,7710148,7743890,33742,2a2f409a252a51e7503edc68d708e61e10887e7ba0e12116cb8f9b68253b0c8a,0008000000000000147b0000aa000000,,,,,False,,,,,,,,,,False,False
/fielddata/land_data/land_data_release.narc,/fielddata/land_data/land_data_release.narc!/member_00323,0,/fielddata/land_data/land_data_release.narc,266,323,,7748568,7773614,7743892,7768938,25046,611c5d8f853699378f0ee03c7247f7db7070ead2a93e140c840b88cb012329d2,00080000000000001c590000aa000000,,,,,False,,,,,,,,,,False,False
/fielddata/land_data/land_data_release.narc,/fielddata/land_data/land_data_release.narc!/member_00324,0,/fielddata/land_data/land_data_release.narc,266,324,,7773616,7789422,7768940,7784746,15806,c6cdd8e230c3c253830adfdf91ea41af81e297300f7357ec224df34b49036310,000800007002000094320000aa000000,,,,,False,,,,,,,,,,False,False
/fielddata/land_data/land_data_release.narc,/fielddata/land_data/land_data_release.narc!/member_00325,0,/fielddata/land_data/land_data_release.narc,266,325,,7789424,7801662,7784748,7796986,12238,d492753e256fdc360cd118fd55cf2311d4972d9b6a8adb45cd0c2551840b15ec,00080000f000000024260000aa000000,,,,,False,,,,,,,,,,False,False
/fielddata/land_data/land_data_release.narc,/fielddata/land_data/land_data_release.narc!/member_00326,0,/fielddata/land_data/land_data_release.narc,266,326,,7801664,7845782,7796988,7841106,44118,3d9efb0b53f854c3b705e5d00fdda50656bc4d39027a62697b502b84f5939990,00080000000000009ca30000aa000000,,,,,False,,,,,,,,,,False,False
/fielddata/land_data/land_data_release.narc,/fielddata/land_data/land_data_release.narc!/member_00327,0,/fielddata/land_data/land_data_release.narc,266,327,,7845784,7889902,7841108,7885226,44118,3cd538e7a096592ebc7f6b1ba121cfb0e800b908c1d88d24395cae1b0b7bb92e,00080000000000009ca30000aa000000,,,,,False,,,,,,,,,,False,False
/fielddata/land_data/land_data_release.narc,/fielddata/land_data/land_data_release.narc!/member_00328,0,/fielddata/land_data/land_data_release.narc,266,328,,7889904,7941402,7885228,7936726,51498,1eea1fabbec59ebb05c058c8ca54943932c0c79bfebd79335a39f8c5c6b25c6b,000800000000000040b00000da100000,,,,,False,,,,,,,,,,False,False
/fielddata/land_data/land_data_release.narc,/fielddata/land_data/land_data_release.narc!/member_00329,0,/fielddata/land_data/land_data_release.narc,266,329,,7941404,7979294,7936728,7974618,37890,7a77026467d750f59bb6066f0e32223bf51b9243ac80bea020c193bc757a05ae,0008000000000000ac800000460b0000,,,,,False,,,,,,,,,,False,False
/fielddata/land_data/land_data_release.narc,/fielddata/land_data/land_data_release.narc!/member_00330,0,/fielddata/land_data/land_data_release.narc,266,330,,7979296,8026094,7974620,8021418,46798,b1d086077bc4d65a14fd51d1cb833ed785a748e9adac33c76969314d45f00624,0008000000000000309e00008e100000,,,,,False,,,,,,,,,,False,False
/fielddata/land_data/land_data_release.narc,/fielddata/land_data/land_data_release.narc!/member_00331,0,/fielddata/land_data/land_data_release.narc,266,331,,8026096,8052060,8021420,8047384,25964,f38d5f3412a2febe7346f20d2d59bcccd5aa7141f87965561035dc1bc4c4142b,0008000000000000c858000094040000,,,,,False,,,,,,,,,,False,False
/fielddata/land_data/land_data_release.narc,/fielddata/land_data/land_data_release.narc!/member_00332,0,/fielddata/land_data/land_data_release.narc,266,332,,8052060,8103238,8047384,8098562,51178,dc362fac2f0154e688153b759b413211b4dba1f23c5e3c46c7ed9693f685495d,000800000000000090ae00004a110000,,,,,False,,,,,,,,,,False,False
/fielddata/land_data/land_data_release.narc,/fielddata/land_data/land_data_release.narc!/member_00333,0,/fielddata/land_data/land_data_release.narc,266,333,,8103240,8153448,8098564,8148772,50208,4a6d925289ef1216a8c210f92a1d79fba9ae845bba01c02653c4fdfac8b64762,0008000000000000c8aa000048110000,,,,,False,,,,,,,,,,False,False
/fielddata/land_data/land_data_release.narc,/fielddata/land_data/land_data_release.narc!/member_00334,0,/fielddata/land_data/land_data_release.narc,266,334,,8153448,8158328,8148772,8153652,4880,e15ef10d39aafef5e58db88c53cbd850b8a81b446d8435896d5a93d17296ef1a,00080000000000000c0a0000f4000000,,,,,False,,,,,,,,,,False,False
/fielddata/land_data/land_data_release.narc,/fielddata/land_data/land_data_release.narc!/member_00335,0,/fielddata/land_data/land_data_release.narc,266,335,,8158328,8195032,8153652,8190356,36704,d57bbd288e9c1f66f0e9a4346875bda2f703666c763f74c269353bf8aa61bf1b,0008000000000000b87f000098070000,,,,,False,,,,,,,,,,False,False
/fielddata/land_data/land_data_release.narc,/fielddata/land_data/land_data_release.narc!/member_00336,0,/fielddata/land_data/land_data_release.narc,266,336,,8195032,8239636,8190356,8234960,44604,122760be397df33670d95255142944099a5a3139e2d9865d2feefa48895acc5e,0008000000000000dc970000500e0000,,,,,False,,,,,,,,,,False,False
/fielddata/land_data/land_data_release.narc,/fielddata/land_data/land_data_release.narc!/member_00337,0,/fielddata/land_data/land_data_release.narc,266,337,,8239636,8284032,8234960,8279356,44396,c5f6dce7329177eb0686eedf61866f3e8f3a4eb9c84dd105b1eaca9e344d2751,0008000000000000049b0000580a0000,,,,,False,,,,,,,,,,False,False
/fielddata/land_data/land_data_release.narc,/fielddata/land_data/land_data_release.narc!/member_00338,0,/fielddata/land_data/land_data_release.narc,266,338,,8284032,8305618,8279356,8300942,21586,590fad42dc3b6504d0758fed3e1f0af70bd59a78730afb87ac1e38e49215c3c9,000800000000000048440000fa070000,,,,,False,,,,,,,,,,False,False
/fielddata/land_data/land_data_release.narc,/fielddata/land_data/land_data_release.narc!/member_00339,0,/fielddata/land_data/land_data_release.narc,266,339,,8305620,8311364,8300944,8306688,5744,b7a60936919c6bfad9d528671d85cdc171582bb85f5e6629fdb9236ceeb5efc2,0008000000000000600d000000010000,,,,,False,,,,,,,,,,False,False
/fielddata/land_data/land_data_release.narc,/fielddata/land_data/land_data_release.narc!/member_00340,0,/fielddata/land_data/land_data_release.narc,266,340,,8311364,8352858,8306688,8348182,41494,cafbe121584a74d8b9a35c5b42c8963aab4f346d57b08c01ce5825651af2ecea,0008000030000000c89000000e090000,,,,,False,,,,,,,,,,False,False
/fielddata/land_data/land_data_release.narc,/fielddata/land_data/land_data_release.narc!/member_00341,0,/fielddata/land_data/land_data_release.narc,266,341,,8352860,8374084,8348184,8369408,21224,ec8716854123afeb973b88d019edcb846d63c654e46321601cd808a29bdd3ffa,0008000000000000d446000004040000,,,,,False,,,,,,,,,,False,False
/fielddata/land_data/land_data_release.narc,/fielddata/land_data/land_data_release.narc!/member_00342,0,/fielddata/land_data/land_data_release.narc,266,342,,8374084,8385422,8369408,8380746,11338,e3eb20227b55eac7a061df81da4580136af2ed1b2f1b5125c6db5e56af86a155,0008000000000000bc2200007e010000,,,,,False,,,,,,,,,,False,False
/fielddata/land_data/land_data_release.narc,/fielddata/land_data/land_data_release.narc!/member_00343,0,/fielddata/land_data/land_data_release.narc,266,343,,8385424,8410646,8380748,8405970,25222,c17efabf16489e9d08ffc646ce7c83b9444cf59cd92c88ff7db0f4fadb9dcc76,0008000000000000a8530000ce060000,,,,,False,,,,,,,,,,False,False
/fielddata/land_data/land_data_release.narc,/fielddata/land_data/land_data_release.narc!/member_00344,0,/fielddata/land_data/land_data_release.narc,266,344,,8410648,8438502,8405972,8433826,27854,e4b0abfbfec2dd0aee1ffc281e2405e3ed38b6468aff3faf94e79d73ba5ec2a8,0008000000000000d05e0000ee050000,,,,,False,,,,,,,,,,False,False
/fielddata/land_data/land_data_release.narc,/fielddata/land_data/land_data_release.narc!/member_00345,0,/fielddata/land_data/land_data_release.narc,266,345,,8438504,8471118,8433828,8466442,32614,c1ee5946520beed1428b6b4eccb8cf5b53d2783fe755a9494a472588e3569bd6,0008000000000000186f00003e080000,,,,,False,,,,,,,,,,False,False
/fielddata/land_data/land_data_release.narc,/fielddata/land_data/land_data_release.narc!/member_00346,0,/fielddata/land_data/land_data_release.narc,266,346,,8471120,8516776,8466444,8512100,45656,f1cc17ed5df300ecc223e3e0b3decbc70200245dc0ea8dec5ee773ea03ccc1ff,00080000000000004c9f0000fc0a0000,,,,,False,,,,,,,,,,False,False
/fielddata/land_data/land_data_release.narc,/fielddata/land_data/land_data_release.narc!/member_00347,0,/fielddata/land_data/land_data_release.narc,266,347,,8516776,8530150,8512100,8525474,13374,2925510b53b4d16c70f0a70df26312afcd7c8d60db519f4f24c956da52df94cc,0008000000000000ac2a000082010000,,,,,False,,,,,,,,,,False,False
/fielddata/land_data/land_data_release.narc,/fielddata/land_data/land_data_release.narc!/member_00348,0,/fielddata/land_data/land_data_release.narc,266,348,,8530152,8550424,8525476,8545748,20272,e092d1a3a850595ca5198e3308502cc33cbeee7a93ac71fea73ae85beee53bc5,000800000000000038430000e8030000,,,,,False,,,,,,,,,,False,False
/fielddata/land_data/land_data_release.narc,/fielddata/land_data/land_data_release.narc!/member_00349,0,/fielddata/land_data/land_data_release.narc,266,349,,8550424,8582350,8545748,8577674,31926,9043b42678e9caf4ca0e7dbc47aa7d16fd090079cea817729bdd6612effa52bc,0008000000000000f4720000b2010000,,,,,False,,,,,,,,,,False,False
/fielddata/land_data/land_data_release.narc,/fielddata/land_data/land_data_release.narc!/member_00350,0,/fielddata/land_data/land_data_release.narc,266,350,,8582352,8614684,8577676,8610008,32332,1d00d25db8934492cfc415ec302b2144ca27969af51cf89a5525922e8074074e,00080000000000004c6d0000f0080000,,,,,False,,,,,,,,,,False,False
/fielddata/land_data/land_data_release.narc,/fielddata/land_data/land_data_release.narc!/member_00351,0,/fielddata/land_data/land_data_release.narc,266,351,,8614684,8647892,8610008,8643216,33208,4c1fc07c951c0de7efda71fa9fa0ad0b31af2706357a9c141a1a02ed7276055a,00080000000000005071000058080000,,,,,False,,,,,,,,,,False,False
/fielddata/land_data/land_data_release.narc,/fielddata/land_data/land_data_release.narc!/member_00352,0,/fielddata/land_data/land_data_release.narc,266,352,,8647892,8675522,8643216,8670846,27630,fa50f9f2de70a1582f8cdb80a134f61097eb94ac78d75d8124b362ddaa1e2691,00080000f0000000bc61000032010000,,,,,False,,,,,,,,,,False,False
/fielddata/land_data/land_data_release.narc,/fielddata/land_data/land_data_release.narc!/member_00353,0,/fielddata/land_data/land_data_release.narc,266,353,,8675524,8702222,8670848,8697546,26698,971397859991a4057b66f56254d8c649a4abb7f8aaad5c5573d3cbab8b1f2fb4,00080000f0000000185e000032010000,,,,,False,,,,,,,,,,False,False
/fielddata/land_data/land_data_release.narc,/fielddata/land_data/land_data_release.narc!/member_00354,0,/fielddata/land_data/land_data_release.narc,266,354,,8702224,8730538,8697548,8725862,28314,5f7aa533fc224aa11b8de0964a9373e9d6af02a7016b7d07b92969829481cc21,0008000080010000d863000032010000,,,,,False,,,,,,,,,,False,False
/fielddata/land_data/land_data_release.narc,/fielddata/land_data/land_data_release.narc!/member_00355,0,/fielddata/land_data/land_data_release.narc,266,355,,8730540,8756870,8725864,8752194,26330,09e6551efa9d75760355e29844ee8aa8260e4f778f4c4a3247b51196a09c1eae,0008000080010000185c000032010000,,,,,False,,,,,,,,,,False,False
/fielddata/land_data/land_data_release.narc,/fielddata/land_data/land_data_release.narc!/member_00356,0,/fielddata/land_data/land_data_release.narc,266,356,,8756872,8784762,8752196,8780086,27890,fa6cba4a3ba70f3b37d704e1dbaf9d4ec0530f81bec2961712f69d141aafcb00,00080000f0000000c062000032010000,,,,,False,,,,,,,,,,False,False
/fielddata/land_data/land_data_release.narc,/fielddata/land_data/land_data_release.narc!/member_00357,0,/fielddata/land_data/land_data_release.narc,266,357,,8784764,8811202,8780088,8806526,26438,b000b3ea6ecfb5ae7905e5b3af30c344ce473a73a5cbf04cab18277a0f2f79ed,00080000f0000000145d000032010000,,,,,False,,,,,,,,,,False,False
/fielddata/land_data/land_data_release.narc,/fielddata/land_data/land_data_release.narc!/member_00358,0,/fielddata/land_data/land_data_release.narc,266,358,,8811204,8839518,8806528,8834842,28314,ae2e3d5ef8346011e9abf28a337f80dd0a4892da712e39d2f3197ec0aff6e9ea,0008000080010000d863000032010000,,,,,False,,,,,,,,,,False,False
/fielddata/land_data/land_data_release.narc,/fielddata/land_data/land_data_release.narc!/member_00359,0,/fielddata/land_data/land_data_release.narc,266,359,,8839520,8865850,8834844,8861174,26330,3e6548a161f7cbe8d53bff1b0a4c8897446afc79edbaf61db3c0f9e88c3660d9,0008000080010000185c000032010000,,,,,False,,,,,,,,,,False,False
/fielddata/land_data/land_data_release.narc,/fielddata/land_data/land_data_release.narc!/member_00360,0,/fielddata/land_data/land_data_release.narc,266,360,,8865852,8893368,8861176,8888692,27516,34caf2ad8cc3ad44961cab924e912c97c09e859adf63bcf2a0f0f1aae97bd515,00080000600000001c600000f0020000,,,,,False,,,,,,,,,,False,False
/fielddata/land_data/land_data_release.narc,/fielddata/land_data/land_data_release.narc!/member_00361,0,/fielddata/land_data/land_data_release.narc,266,361,,8893368,8921136,8888692,8916460,27768,b19d3736c645ef9814f063a58424531fe47b389b6f52d0829430fe7a937e8d52,0008000060000000e460000024030000,,,,,False,,,,,,,,,,False,False
/fielddata/land_data/land_data_release.narc,/fielddata/land_data/land_data_release.narc!/member_00362,0,/fielddata/land_data/land_data_release.narc,266,362,,8921136,8949244,8916460,8944568,28108,e5474c84be7c52d8d72eb10b8bca8e539ff53efc7dfed13555f865ce5ff5390e,00080000600000005c62000000030000,,,,,False,,,,,,,,,,False,False
/fielddata/land_data/land_data_release.narc,/fielddata/land_data/land_data_release.narc!/member_00363,0,/fielddata/land_data/land_data_release.narc,266,363,,8949244,8976802,8944568,8972126,27558,cee4a9b7f926adfed57dae0def384e0355fbeba071f834877ede0f5e0e95f3cc,0008000060000000fc5e00003a040000,,,,,False,,,,,,,,,,False,False
/fielddata/land_data/land_data_release.narc,/fielddata/land_data/land_data_release.narc!/member_00364,0,/fielddata/land_data/land_data_release.narc,266,364,,8976804,8998640,8972128,8993964,21836,ec01c8b5d128f28527c9e1d4e33c0971e604c03ab9b5690c23543de124cea033,0008000060000000144b0000c8010000,,,,,False,,,,,,,,,,False,False
/fielddata/land_data/land_data_release.narc,/fielddata/land_data/land_data_release.narc!/member_00365,0,/fielddata/land_data/land_data_release.narc,266,365,,8998640,9025688,8993964,9021012,27048,b408f4f579b6a22ef1ec71ac57aaf50243ae871c9868f34e96f7e91ee63fff10,0008000090000000c45d000044030000,,,,,False,,,,,,,,,,False,False
/fielddata/land_data/land_data_release.narc,/fielddata/land_data/land_data_release.narc!/member_00366,0,/fielddata/land_data/land_data_release.narc,266,366,,9025688,9035970,9021012,9031294,10282,69e24c1bee75d42f3cefc697c321497022cb4a349016fc9e034434bcbc7def16,0008000030000000401f0000aa000000,,,,,False,,,,,,,,,,False,False
/fielddata/land_data/land_data_release.narc,/fielddata/land_data/land_data_release.narc!/member_00367,0,/fielddata/land_data/land_data_release.narc,266,367,,9035972,9051286,9031296,9046610,15314,aa0d62dad8a8fac6e974782d6e98ed4f7b90ed888f85d4729e6664235f890894,0008000030000000b4310000de010000,,,,,False,,,,,,,,,,False,False
/fielddata/land_data/land_data_release.narc,/fielddata/land_data/land_data_release.narc!/member_00368,0,/fielddata/land_data/land_data_release.narc,266,368,,9051288,9065856,9046612,9061180,14568,38a62f9fea307113b8f761151d79b6acbbfcd617e5583f35472b72bf6763fa84,0008000000000000d42e000004020000,,,,,False,,,,,,,,,,False,False
/fielddata/land_data/land_data_release.narc,/fielddata/land_data/land_data_release.narc!/member_00369,0,/fielddata/land_data/land_data_release.narc,266,369,,9065856,9074486,9061180,9069810,8630,739d5f3ffef0c7303eca6f682fad8baed5c9eef00a51add579d30255e7af2192,00080000000000007c1800002a010000,,,,,False,,,,,,,,,,False,False
/fielddata/land_data/land_data_release.narc,/fielddata/land_data/land_data_release.narc!/member_00370,0,/fielddata/land_data/land_data_release.narc,266,370,,9074488,9083058,9069812,9078382,8570,34d193f16452b127208a43fb25cea43eee8b3ad2f4b42f94121604d762e89fe5,00080000000000004c1800001e010000,,,,,False,,,,,,,,,,False,False
/fielddata/land_data/land_data_release.narc,/fielddata/land_data/land_data_release.narc!/member_00371,0,/fielddata/land_data/land_data_release.narc,266,371,,9083060,9094908,9078384,9090232,11848,509249d7b7c4998069cbb329800bfe0118738df6d7d35b00fff672a282f45b70,00080000000000003424000004020000,,,,,False,,,,,,,,,,False,False
/fielddata/land_data/land_data_release.narc,/fielddata/land_data/land_data_release.narc!/member_00372,0,/fielddata/land_data/land_data_release.narc,266,372,,9094908,9101790,9090232,9097114,6882,76d13f87fc2254628e1247082314241fead455c1cb79d75481a5bd33126d872a,0008000000000000e8110000ea000000,,,,,False,,,,,,,,,,False,False
/fielddata/land_data/land_data_release.narc,/fielddata/land_data/land_data_release.narc!/member_00373,0,/fielddata/land_data/land_data_release.narc,266,373,,9101792,9114074,9097116,9109398,12282,e8818ab44cc857053f44b18821ccbdc101137914401b84344d6d8f2b46b5f464,00080000000000004c2600009e010000,,,,,False,,,,,,,,,,False,False
/fielddata/land_data/land_data_release.narc,/fielddata/land_data/land_data_release.narc!/member_00374,0,/fielddata/land_data/land_data_release.narc,266,374,,9114076,9122566,9109400,9117890,8490,df3eeda6575d46b9d3be25b2490be0c075f448a61f54f299f39f6155dad97074,0008000000000000fc1700001e010000,,,,,False,,,,,,,,,,False,False
/fielddata/land_data/land_data_release.narc,/fielddata/land_data/land_data_release.narc!/member_00375,0,/fielddata/land_data/land_data_release.narc,266,375,,9122568,9137138,9117892,9132462,14570,6af2235617624bd53417dda4139a154cfc8491d4864e109cc3d8b4c6913405b2,0008000000000000fc2e0000de010000,,,,,False,,,,,,,,,,False,False
/fielddata/land_data/land_data_release.narc,/fielddata/land_data/land_data_release.narc!/member_00376,0,/fielddata/land_data/land_data_release.narc,266,376,,9137140,9144118,9132464,9139442,6978,65f475c95c95143888f66fd0950d2c6343fb0e6a69561abd0d4ec1091ee36baf,000800000000000048120000ea000000,,,,,False,,,,,,,,,,False,False
/fielddata/land_data/land_data_release.narc,/fielddata/land_data/land_data_release.narc!/member_00377,0,/fielddata/land_data/land_data_release.narc,266,377,,9144120,9156466,9139444,9151790,12346,6c7791762aa3cbf41a6e7787076d0ec5e0667ba71c26acd30c31ed094d38a17e,00080000000000008c2600009e010000,,,,,False,,,,,,,,,,False,False
/fielddata/land_data/land_data_release.narc,/fielddata/land_data/land_data_release.narc!/member_00378,0,/fielddata/land_data/land_data_release.narc,266,378,,9156468,9170178,9151792,9165502,13710,e4517aed14d5f7cd77542d8365236b5c5d9692d9259007a2647d668968bacad3,00080000300000007c2b0000d2010000,,,,,False,,,,,,,,,,False,False
/fielddata/land_data/land_data_release.narc,/fielddata/land_data/land_data_release.narc!/member_00379,0,/fielddata/land_data/land_data_release.narc,266,379,,9170180,9178150,9165504,9173474,7970,fcf9ffd1ffb91d483ef7323883b83db168792e4bce7ff386df9eac1ae9ae18ef,0008000000000000e81500002a010000,,,,,False,,,,,,,,,,False,False
/fielddata/land_data/land_data_release.narc,/fielddata/land_data/land_data_release.narc!/member_00380,0,/fielddata/land_data/land_data_release.narc,266,380,,9178152,9191418,9173476,9186742,13266,bbf22b194d3055b63e01a9337f1c97829bddd2ec38cb57b5e331f71dd2493755,0008000000000000e4290000de010000,,,,,False,,,,,,,,,,False,False
/fielddata/land_data/land_data_release.narc,/fielddata/land_data/land_data_release.narc!/member_00381,0,/fielddata/land_data/land_data_release.narc,266,381,,9191420,9198866,9186744,9194190,7446,174472a69360282a305155eeaf617e1f8d6e7de28392cb94c7de23a73878277f,00080000000000001c140000ea000000,,,,,False,,,,,,,,,,False,False
/fielddata/land_data/land_data_release.narc,/fielddata/land_data/land_data_release.narc!/member_00382,0,/fielddata/land_data/land_data_release.narc,266,382,,9198868,9206764,9194192,9202088,7896,3719bb75b6f35ca542cf285d346d215715f09d8ae2bf928f86df93a1747f3d1e,00080000300000009415000004010000,,,,,False,,,,,,,,,,False,False
/fielddata/land_data/land_data_release.narc,/fielddata/land_data/land_data_release.narc!/member_00383,0,/fielddata/land_data/land_data_release.narc,266,383,,9206764,9214666,9202088,9209990,7902,68b975c211769f2a28ee2b1587681307d2e4f3925427c97613889fa380b5a336,0008000000000000e4150000ea000000,,,,,False,,,,,,,,,,False,False
/fielddata/land_data/land_data_release.narc,/fielddata/land_data/land_data_release.narc!/member_00384,0,/fielddata/land_data/land_data_release.narc,266,384,,9214668,9237292,9209992,9232616,22624,9007670f04289eb9eeff23b2b75519ddd946ecc2d7a84126a7fb71daec6eefe8,00080000000000001c4b000034050000,,,,,False,,,,,,,,,,False,False
/fielddata/land_data/land_data_release.narc,/fielddata/land_data/land_data_release.narc!/member_00385,0,/fielddata/land_data/land_data_release.narc,266,385,,9237292,9266778,9232616,9262102,29486,9bdfb2f00f9cc9d79e690c409b52147c3710711e105eb1ddaafe3f11f807150b,0008000000000000f06500002e050000,,,,,False,,,,,,,,,,False,False
/fielddata/land_data/land_data_release.narc,/fielddata/land_data/land_data_release.narc!/member_00386,0,/fielddata/land_data/land_data_release.narc,266,386,,9266780,9326252,9262104,9321576,59472,8b76d9c63b510ff496e0ee2007b02891fff12b58271141cd2e13e6a4879d7816,000800000000000090d00000b00f0000,,,,,False,,,,,,,,,,False,False
/fielddata/land_data/land_data_release.narc,/fielddata/land_data/land_data_release.narc!/member_00387,0,/fielddata/land_data/land_data_release.narc,266,387,,9326252,9366768,9321576,9362092,40516,f81694fc4c4141ed347e320d506b719fb1841de6a87a897d6a01eb62ae18fe26,0008000000000000648e0000d0070000,,,,,False,,,,,,,,,,False,False
/fielddata/land_data/land_data_release.narc,/fielddata/land_data/land_data_release.narc!/member_00388,0,/fielddata/land_data/land_data_release.narc,266,388,,9366768,9391592,9362092,9386916,24824,2d24140b20f50cb3c83b1b1fa6d3469db1f4d01cc82af43c4592563b3248c438,000800000000000008550000e0030000,,,,,False,,,,,,,,,,False,False
/fielddata/land_data/land_data_release.narc,/fielddata/land_data/land_data_release.narc!/member_00389,0,/fielddata/land_data/land_data_release.narc,266,389,,9391592,9403138,9386916,9398462,11546,caa19be1ca23fa0f21743c80d9be521994bb0434a52d4cfe1face3d0feee7490,00080000000000003c230000ce010000,,,,,False,,,,,,,,,,False,False
/fielddata/land_data/land_data_release.narc,/fielddata/land_data/land_data_release.narc!/member_00390,0,/fielddata/land_data/land_data_release.narc,266,390,,9403140,9438454,9398464,9433778,35314,cff27daa4cfa2a1b5236cfbd434b4c748a976c8760b2934bd96d4087360c1f4f,0008000000000000647e00007e030000,,,,,False,,,,,,,,,,False,False
/fielddata/land_data/land_data_release.narc,/fielddata/land_data/land_data_release.narc!/member_00391,0,/fielddata/land_data/land_data_release.narc,266,391,,9438456,9459618,9433780,9454942,21162,20f8a67c7e3f35993663c666c6ef5ad0a86d372b6bb3eb4f15a99b44c0db1ea2,0008000000000000f0490000aa000000,,,,,False,,,,,,,,,,False,False
/fielddata/land_data/land_data_release.narc,/fielddata/land_data/land_data_release.narc!/member_00392,0,/fielddata/land_data/land_data_release.narc,266,392,,9459620,9473606,9454944,9468930,13986,2d2b44e3dc2fb0fe250991a4353ffe6b3c8f1aac3d54ec15c7125b1513e9e30f,0008000000000000e82d0000aa000000,,,,,False,,,,,,,,,,False,False
/fielddata/land_data/land_data_release.narc,/fielddata/land_data/land_data_release.narc!/member_00393,0,/fielddata/land_data/land_data_release.narc,266,393,,9473608,9485242,9468932,9480566,11634,66e588d6254c7879754afa50d9dfabf1f15de8a813a0089f8529daea6287438d,0008000000000000b8240000aa000000,,,,,False,,,,,,,,,,False,False
/fielddata/land_data/land_data_release.narc,/fielddata/land_data/land_data_release.narc!/member_00394,0,/fielddata/land_data/land_data_release.narc,266,394,,9485244,9529430,9480568,9524754,44186,10c0c3dba56f4f047d2ba53dcf787a37fd9477ca021eae2453f419347dfbbe90,0008000060000000b49b000076080000,,,,,False,,,,,,,,,,False,False
/fielddata/land_data/land_data_release.narc,/fielddata/land_data/land_data_release.narc!/member_00395,0,/fielddata/land_data/land_data_release.narc,266,395,,9529432,9538896,9524756,9534220,9464,72d69d59001137e7b6135e9e2accb2c12ca1493024f13188b81205f429119306,0008000000000000e81b000000010000,,,,,False,,,,,,,,,,False,False
/fielddata/land_data/land_data_release.narc,/fielddata/land_data/land_data_release.narc!/member_00396,0,/fielddata/land_data/land_data_release.narc,266,396,,9538896,9566648,9534220,9561972,27752,f42b80c9302e6f42c48564c160471d77a310d52f72560eaea1a13f821a8782ae,0008000000000000385e000020060000,,,,,False,,,,,,,,,,False,False
/fielddata/land_data/land_data_release.narc,/fielddata/land_data/land_data_release.narc!/member_00397,0,/fielddata/land_data/land_data_release.narc,266,397,,9566648,9576338,9561972,9571662,9690,3f08bcfd22f5d04aa9324acb0614958cf190ff4ff9b0fe4a2e8e4ce6a4caf8b4,0008000000000000c81b000002020000,,,,,False,,,,,,,,,,False,False
/fielddata/land_data/land_data_release.narc,/fielddata/land_data/land_data_release.narc!/member_00398,0,/fielddata/land_data/land_data_release.narc,266,398,,9576340,9604346,9571664,9599670,28006,279ba6ab172b45aaec0be02ed2c755217f73b051ed8940912c1971e1f8e42549,0008000000000000c461000092030000,,,,,False,,,,,,,,,,False,False
/fielddata/land_data/land_data_release.narc,/fielddata/land_data/land_data_release.narc!/member_00399,0,/fielddata/land_data/land_data_release.narc,266,399,,9604348,9641704,9599672,9637028,37356,49dd753d23fa23d58cb9a83bb0ad713e2d088b9060a3d11630505b3b98d22aa0,0008000000000000b882000024070000,,,,,False,,,,,,,,,,False,False
/fielddata/land_data/land_data_release.narc,/fielddata/land_data/land_data_release.narc!/member_00400,0,/fielddata/land_data/land_data_release.narc,266,400,,9641704,9671684,9637028,9667008,29980,91a3f4f95cdf785ea362ef7514898079a1ecf85c88d97098aabc4614e39b14e8,00080000000000002c650000e0070000,,,,,False,,,,,,,,,,False,False
/fielddata/land_data/land_data_release.narc,/fielddata/land_data/land_data_release.narc!/member_00401,0,/fielddata/land_data/land_data_release.narc,266,401,,9671684,9701614,9667008,9696938,29930,0949d500b8ea89d3a9aed1e50d8589f261803ed52825c479442ff896c83e35a2,000800000000000038650000a2070000,,,,,False,,,,,,,,,,False,False
/fielddata/land_data/land_data_release.narc,/fielddata/land_data/land_data_release.narc!/member_00402,0,/fielddata/land_data/land_data_release.narc,266,402,,9701616,9735878,9696940,9731202,34262,d23b7649ca3d44056917c56049b01931d71506924f0a8dd1b795e500bf241758,0008000000000000347c000092010000,,,,,False,,,,,,,,,,False,False
/fielddata/land_data/land_data_release.narc,/fielddata/land_data/land_data_release.narc!/member_00403,0,/fielddata/land_data/land_data_release.narc,266,403,,9735880,9770106,9731204,9765430,34226,78bd62cfeefee3834d92f033cdb88619b4fbc2619f153e450fe864b0a928d694,0008000000000000847c00001e010000,,,,,False,,,,,,,,,,False,False
/fielddata/land_data/land_data_release.narc,/fielddata/land_data/land_data_release.narc!/member_00404,0,/fielddata/land_data/land_data_release.narc,266,404,,9770108,9813410,9765432,9808734,43302,6e43f4c62a7b9c977ba95563998b00c05849b5dab0dff5eed0500b73cee35e4a,0008000000000000ec9d00002a030000,,,,,False,,,,,,,,,,False,False
/fielddata/land_data/land_data_release.narc,/fielddata/land_data/land_data_release.narc!/member_00405,0,/fielddata/land_data/land_data_release.narc,266,405,,9813412,9859978,9808736,9855302,46566,9b4b29349f735c765e1c9a616e0145f2cfaed9544697ce2f2d986a6ccf9ee618,00080000000000001caa0000ba030000,,,,,False,,,,,,,,,,False,False
/fielddata/land_data/land_data_release.narc,/fielddata/land_data/land_data_release.narc!/member_00406,0,/fielddata/land_data/land_data_release.narc,266,406,,9859980,9899380,9855304,9894704,39400,af89eb559e8ebb35b4efe0bc9f3f380770e18eb525a8758a8765f3559dee85a9,0008000030000000008e0000a8030000,,,,,False,,,,,,,,,,False,False
/fielddata/land_data/land_data_release.narc,/fielddata/land_data/land_data_release.narc!/member_00407,0,/fielddata/land_data/land_data_release.narc,266,407,,9899380,9932576,9894704,9927900,33196,9dd0a8b6e6a4178ca09f29e163891e0dc667fe3d0faf75524ce159c382466d2d,0008000000000000e8700000b4080000,,,,,False,,,,,,,,,,False,False
/fielddata/land_data/land_data_release.narc,/fielddata/land_data/land_data_release.narc!/member_00408,0,/fielddata/land_data/land_data_release.narc,266,408,,9932576,9961574,9927900,9956898,28998,a7335bf13979e6891cf8b149a939490cd306faabc2dc4b9b657c635e34151bc1,00080000c000000094620000e2050000,,,,,False,,,,,,,,,,False,False
/fielddata/land_data/land_data_release.narc,/fielddata/land_data/land_data_release.narc!/member_00409,0,/fielddata/land_data/land_data_release.narc,266,409,,9961576,9986936,9956900,9982260,25360,87437d5c62cf251cdcdd4fcea7ba095a1f022319bc051888d7ceef2b20b36280,0008000090000000345600003c040000,,,,,False,,,,,,,,,,False,False
/fielddata/land_data/land_data_release.narc,/fielddata/land_data/land_data_release.narc!/member_00410,0,/fielddata/land_data/land_data_release.narc,266,410,,9986936,10009266,9982260,10004590,22330,e1e0ff39510372e0155b8370a72c24eb56018bd782dcdae005ea9d208c208a98,00080000f0000000904d0000aa000000,,,,,False,,,,,,,,,,False,False
/fielddata/land_data/land_data_release.narc,/fielddata/land_data/land_data_release.narc!/member_00411,0,/fielddata/land_data/land_data_release.narc,266,411,,10009268,10039668,10004592,10034992,30400,0dec04a6c0b0207f2de869738dcdb35a0a96aeb886917d9de51841b207608e11,00080000c0000000a86b000048020000,,,,,False,,,,,,,,,,False,False
/fielddata/land_data/land_data_release.narc,/fielddata/land_data/land_data_release.narc!/member_00412,0,/fielddata/land_data/land_data_release.narc,266,412,,10039668,10081574,10034992,10076898,41906,50cbf73244a79b58da39a64eceeb11d65c814d18c00177cdc9fe2642a347a661,0008000000000000089800009a030000,,,,,False,,,,,,,,,,False,False
/fielddata/land_data/land_data_release.narc,/fielddata/land_data/land_data_release.narc!/member_00413,0,/fielddata/land_data/land_data_release.narc,266,413,,10081576,10106784,10076900,10102108,25208,a04fe0a0d2bab1946c3eabffaa4b97e9d19f072a6f443a30bbcde92d178a6355,00080000000000006856000000040000,,,,,False,,,,,,,,,,False,False
/fielddata/land_data/land_data_release.narc,/fielddata/land_data/land_data_release.narc!/member_00414,0,/fielddata/land_data/land_data_release.narc,266,414,,10106784,10131328,10102108,10126652,24544,4c2c3ab48980227331097eec917dcbe21f75c64c148e670f24ed5416fc87aa69,00080000000000008c56000044010000,,,,,False,,,,,,,,,,False,False
/fielddata/land_data/land_data_release.narc,/fielddata/land_data/land_data_release.narc!/member_00415,0,/fielddata/land_data/land_data_release.narc,266,415,,10131328,10159750,10126652,10155074,28422,71b13d681d563ad9c962d65c54a8feb686d71c156b551734af203c7de607e615,0008000000000000f8640000fe010000,,,,,False,,,,,,,,,,False,False
/fielddata/land_data/land_data_release.narc,/fielddata/land_data/land_data_release.narc!/member_00416,0,/fielddata/land_data/land_data_release.narc,266,416,,10159752,10187960,10155076,10183284,28208,c66a6121479f0c2e50b0a11de6cbd2edd6aed4fd79c3f71c8bb7347881a3a361,00080000000000000c64000014020000,,,,,False,,,,,,,,,,False,False
/fielddata/land_data/land_data_release.narc,/fielddata/land_data/land_data_release.narc!/member_00417,0,/fielddata/land_data/land_data_release.narc,266,417,,10187960,10216084,10183284,10211408,28124,6072f1c51ccb2d0fb19e65f8631d8352c912dc1de28d7e983175daec3abd5c20,0008000090000000f863000044010000,,,,,False,,,,,,,,,,False,False
/fielddata/land_data/land_data_release.narc,/fielddata/land_data/land_data_release.narc!/member_00418,0,/fielddata/land_data/land_data_release.narc,266,418,,10216084,10238078,10211408,10233402,21994,18196c5cd003f2bbd25d400389a32c468c98023ad018f8060f063df7cd621757,0008000000000000184c0000c2010000,,,,,False,,,,,,,,,,False,False
/fielddata/land_data/land_data_release.narc,/fielddata/land_data/land_data_release.narc!/member_00419,0,/fielddata/land_data/land_data_release.narc,266,419,,10238080,10267700,10233404,10263024,29620,70b458017d9c0b8c9145dadc55446c9cef73433fdd977362f707df82d8cde34e,00080000000000009469000010020000,,,,,False,,,,,,,,,,False,False
/fielddata/land_data/land_data_release.narc,/fielddata/land_data/land_data_release.narc!/member_00420,0,/fielddata/land_data/land_data_release.narc,266,420,,10267700,10303184,10263024,10298508,35484,91959eeb8b029da5914bf1d2d68b685ae44fb75da25882ceb23b150c60f6bbf7,0008000000000000787f000014030000,,,,,False,,,,,,,,,,False,False
/fielddata/land_data/land_data_release.narc,/fielddata/land_data/land_data_release.narc!/member_00421,0,/fielddata/land_data/land_data_release.narc,266,421,,10303184,10322396,10298508,10317720,19212,2cb8b66017b6c84cbd7bf5421401ee5c66d4c50f84dfc8776a6c2f836c7b425c,0008000000000000943f000068030000,,,,,False,,,,,,,,,,False,False
/fielddata/land_data/land_data_release.narc,/fielddata/land_data/land_data_release.narc!/member_00422,0,/fielddata/land_data/land_data_release.narc,266,422,,10322396,10374644,10317720,10369968,52248,6b966caf302084a875e7685b44f3911dcfe03d02edaa5e91faa3dca752ebf7bd,00080000a00500009ca30000cc1a0000,,,,,False,,,,,,,,,,False,False
/fielddata/land_data/land_data_release.narc,/fielddata/land_data/land_data_release.narc!/member_00423,0,/fielddata/land_data/land_data_release.narc,266,423,,10374644,10426892,10369968,10422216,52248,0bcfd3fc9f633c5168ba2236551dd554dfd36749566e04022faeb3aa5bb4d875,00080000a00500009ca30000cc1a0000,,,,,False,,,,,,,,,,False,False
/fielddata/land_data/land_data_release.narc,/fielddata/land_data/land_data_release.narc!/member_00424,0,/fielddata/land_data/land_data_release.narc,266,424,,10426892,10479140,10422216,10474464,52248,e06d5bf3e1ff7b8662bde5c0e8e03c7f4dd78b7c0b1e60ff87d2be19d4508979,00080000a00500009ca30000cc1a0000,,,,,False,,,,,,,,,,False,False
/fielddata/land_data/land_data_release.narc,/fielddata/land_data/land_data_release.narc!/member_00425,0,/fielddata/land_data/land_data_release.narc,266,425,,10479140,10531388,10474464,10526712,52248,43f988f441fd1af1c04bf54d728b30be9cb94ca6dfa0bc0cb996c6b72e8f8279,00080000a00500009ca30000cc1a0000,,,,,False,,,,,,,,,,False,False
/fielddata/land_data/land_data_release.narc,/fielddata/land_data/land_data_release.narc!/member_00426,0,/fielddata/land_data/land_data_release.narc,266,426,,10531388,10583636,10526712,10578960,52248,beb487abcbab08bc1c5bd5aac691363d15b135960b4aea8b6b317b33f65cbbf6,00080000a00500009ca30000cc1a0000,,,,,False,,,,,,,,,,False,False
/fielddata/land_data/land_data_release.narc,/fielddata/land_data/land_data_release.narc!/member_00427,0,/fielddata/land_data/land_data_release.narc,266,427,,10583636,10635884,10578960,10631208,52248,b5baf01be25061dd69fce73cfad759d1455f8e0ab975cd80a0681e95df7a807c,00080000a00500009ca30000cc1a0000,,,,,False,,,,,,,,,,False,False
/fielddata/land_data/land_data_release.narc,/fielddata/land_data/land_data_release.narc!/member_00428,0,/fielddata/land_data/land_data_release.narc,266,428,,10635884,10688132,10631208,10683456,52248,a4c56de77f4e212fe199abab9b114925e4d663d01b6a68edf9d0eabce6179511,00080000a00500009ca30000cc1a0000,,,,,False,,,,,,,,,,False,False
/fielddata/land_data/land_data_release.narc,/fielddata/land_data/land_data_release.narc!/member_00429,0,/fielddata/land_data/land_data_release.narc,266,429,,10688132,10740380,10683456,10735704,52248,6b73640d754a83a45cd16dd5929c41329431dc772a6c10617a314e0ae2b3dcec,00080000a00500009ca30000cc1a0000,,,,,False,,,,,,,,,,False,False
/fielddata/land_data/land_data_release.narc,/fielddata/land_data/land_data_release.narc!/member_00430,0,/fielddata/land_data/land_data_release.narc,266,430,,10740380,10792628,10735704,10787952,52248,dff13b94d10e1fb94c65fedef9bc3011bdc76e6383c94dd6309db921ce0461e4,00080000a00500009ca30000cc1a0000,,,,,False,,,,,,,,,,False,False
/fielddata/land_data/land_data_release.narc,/fielddata/land_data/land_data_release.narc!/member_00431,0,/fielddata/land_data/land_data_release.narc,266,431,,10792628,10838096,10787952,10833420,45468,a03a848bc5dc124bf36af37a12a1321a36d960262437a8915a9580fdcc51f766,0008000000000000e8a10000a4070000,,,,,False,,,,,,,,,,False,False
/fielddata/land_data/land_data_release.narc,/fielddata/land_data/land_data_release.narc!/member_00432,0,/fielddata/land_data/land_data_release.narc,266,432,,10838096,10850594,10833420,10845918,12498,b33cc0fe078898caaec11e5b21a2608983b0301f34f52cdd9c4fab0645e7a32d,000800000000000014270000ae010000,,,,,False,,,,,,,,,,False,False
/fielddata/land_data/land_data_release.narc,/fielddata/land_data/land_data_release.narc!/member_00433,0,/fielddata/land_data/land_data_release.narc,266,433,,10850596,10880928,10845920,10876252,30332,79e84a68cceb550fffff235cfc38f55d3d5c00be630739c4b04d8f4745e3ad3e,0008000000000000786a0000f4030000,,,,,False,,,,,,,,,,False,False
/fielddata/land_data/land_data_release.narc,/fielddata/land_data/land_data_release.narc!/member_00434,0,/fielddata/land_data/land_data_release.narc,266,434,,10880928,10924132,10876252,10919456,43204,90715238455e89912a5154b987769396adae98b13ee4eb4b051ed418d2fac627,0008000000000000b49b000000050000,,,,,False,,,,,,,,,,False,False
/fielddata/land_data/land_data_release.narc,/fielddata/land_data/land_data_release.narc!/member_00435,0,/fielddata/land_data/land_data_release.narc,266,435,,10924132,10967366,10919456,10962690,43234,0c4eeccad7e5a4c946f47156227409eead3bc60cfcc326bb14382617030b7ac9,0008000000000000c89c00000a040000,,,,,False,,,,,,,,,,False,False
/fielddata/land_data/land_data_release.narc,/fielddata/land_data/land_data_release.narc!/member_00436,0,/fielddata/land_data/land_data_release.narc,266,436,,10967368,11004234,10962692,10999558,36866,a1173d64f533b8780db73385d919c4e6c60cce84a17e232e5d0334d75e74abb4,000800000000000008840000ea030000,,,,,False,,,,,,,,,,False,False
/fielddata/land_data/land_data_release.narc,/fielddata/land_data/land_data_release.narc!/member_00437,0,/fielddata/land_data/land_data_release.narc,266,437,,11004236,11043172,10999560,11038496,38936,df4c7f474e43ed80802675dcab587b747f96ea65ae47b84a4cbf8beca89c9a3a,0008000000000000988b000070040000,,,,,False,,,,,,,,,,False,False
/fielddata/land_data/land_data_release.narc,/fielddata/land_data/land_data_release.narc!/member_00438,0,/fielddata/land_data/land_data_release.narc,266,438,,11043172,11069132,11038496,11064456,25960,d70a9860b9c65cb554fc7a244d7e5efac1066a1c08126ca027625a76f7d25816,0008000000000000985b0000c0010000,,,,,False,,,,,,,,,,False,False
/fielddata/land_data/land_data_release.narc,/fielddata/land_data/land_data_release.narc!/member_00439,0,/fielddata/land_data/land_data_release.narc,266,439,,11069132,11097398,11064456,11092722,28266,887e78da1b0d505733e4956b60243041b603aebe00ff76ed85f2b668f69bacb8,0008000000000000d06100008a040000,,,,,False,,,,,,,,,,False,False
/fielddata/land_data/land_data_release.narc,/fielddata/land_data/land_data_release.narc!/member_00440,0,/fielddata/land_data/land_data_release.narc,266,440,,11097400,11124486,11092724,11119810,27086,a5511762d68aa1f91b7ba21b2dddcb5c7a98c88ed0b9b347ee2c651a2f2fdf43,0008000000000000345e00008a030000,,,,,False,,,,,,,,,,False,False
/fielddata/land_data/land_data_release.narc,/fielddata/land_data/land_data_release.narc!/member_00441,0,/fielddata/land_data/land_data_release.narc,266,441,,11124488,11145276,11119812,11140600,20788,eb0b28e3a03795f6d8c248b7f87c8b9935964afafa40c88e278f0f1c6be958bf,00080000000000000447000020020000,,,,,False,,,,,,,,,,False,False
/fielddata/land_data/land_data_release.narc,/fielddata/land_data/land_data_release.narc!/member_00442,0,/fielddata/land_data/land_data_release.narc,266,442,,11145276,11163566,11140600,11158890,18290,4d068cebd098ec9cdfebe3b2f2d20fdec3addc4fcc8245429c753c3beb4aa4e7,0008000000000000b83e0000aa000000,,,,,False,,,,,,,,,,False,False
/fielddata/land_data/land_data_release.narc,/fielddata/land_data/land_data_release.narc!/member_00443,0,/fielddata/land_data/land_data_release.narc,266,443,,11163568,11224236,11158892,11219560,60668,af76fbb8f71784f197e42c2b14c979ee7081b60df868edbf9baf2174fa61e330,0008000030000000fcdf0000c0040000,,,,,False,,,,,,,,,,False,False
/fielddata/land_data/land_data_release.narc,/fielddata/land_data/land_data_release.narc!/member_00444,0,/fielddata/land_data/land_data_release.narc,266,444,,11224236,11285794,11219560,11281118,61558,13bcee02816095825c8d6b4a7c53f99d32af086374be71b8d3f960d29e28fae9,000800000000000078e30000ee040000,,,,,False,,,,,,,,,,False,False
/fielddata/land_data/land_data_release.narc,/fielddata/land_data/land_data_release.narc!/member_00445,0,/fielddata/land_data/land_data_release.narc,266,445,,11285796,11330878,11281120,11326202,45082,fee91d763807fed07af605fc19bb284246a300bad0bb9968396777abd52b3751,00080000000000008ca300007e040000,,,,,False,,,,,,,,,,False,False
/fielddata/land_data/land_data_release.narc,/fielddata/land_data/land_data_release.narc!/member_00446,0,/fielddata/land_data/land_data_release.narc,266,446,,11330880,11377086,11326204,11372410,46206,1e8312871a173f842c781dd160a73f8df2fc84dc1613e1f92735a17a29b32b6f,0008000000000000c0a80000ae030000,,,,,False,,,,,,,,,,False,False
/fielddata/land_data/land_data_release.narc,/fielddata/land_data/land_data_release.narc!/member_00447,0,/fielddata/land_data/land_data_release.narc,266,447,,11377088,11405436,11372412,11400760,28348,d1ae8022b4047da3372ecd5c60477fdf28b3a41b7e43894f753eb053bdd66f5b,0008000030000000106200006c040000,,,,,False,,,,,,,,,,False,False
/fielddata/land_data/land_data_release.narc,/fielddata/land_data/land_data_release.narc!/member_00448,0,/fielddata/land_data/land_data_release.narc,266,448,,11405436,11424090,11400760,11419414,18654,6f75bd2b756475c3bc88090e964b422be6596cac00f54bba61827a2dc2e5de09,0008000060000000c43f0000aa000000,,,,,False,,,,,,,,,,False,False
/fielddata/land_data/land_data_release.narc,/fielddata/land_data/land_data_release.narc!/member_00449,0,/fielddata/land_data/land_data_release.narc,266,449,,11424092,11453936,11419416,11449260,29844,d72fb126116363a0bdf0af74381f425367a5cba5ca27de14d3963b632225f256,0008000030000000e86700006c040000,,,,,False,,,,,,,,,,False,False
/fielddata/land_data/land_data_release.narc,/fielddata/land_data/land_data_release.narc!/member_00450,0,/fielddata/land_data/land_data_release.narc,266,450,,11453936,11475738,11449260,11471062,21802,f9355a64ec0d4c412fe0abdfef0c613a7c9ec43c6ff87329500ee183512c5592,0008000000000000304a0000ea020000,,,,,False,,,,,,,,,,False,False
/fielddata/land_data/land_data_release.narc,/fielddata/land_data/land_data_release.narc!/member_00451,0,/fielddata/land_data/land_data_release.narc,266,451,,11475740,11495182,11471064,11490506,19442,821627e566e1fa8b779f7d75b0b4b69eeb638f5222261dde2b072c1e17653152,0008000000000000f8400000ea020000,,,,,False,,,,,,,,,,False,False
/fielddata/land_data/land_data_release.narc,/fielddata/land_data/land_data_release.narc!/member_00452,0,/fielddata/land_data/land_data_release.narc,266,452,,11495184,11514758,11490508,11510082,19574,2c258920e2a81cb30bf04a49a740d098fae498e58950a5a6b8649d7ef8924620,00080000000000007c410000ea020000,,,,,False,,,,,,,,,,False,False
/fielddata/land_data/land_data_release.narc,/fielddata/land_data/land_data_release.narc!/member_00453,0,/fielddata/land_data/land_data_release.narc,266,453,,11514760,11567008,11510084,11562332,52248,43eed3b76fef1beb583ce3dd82340d8156e13fdd53c15443e080e306bb3749ba,00080000a00500009ca30000cc1a0000,,,,,False,,,,,,,,,,False,False
/fielddata/land_data/land_data_release.narc,/fielddata/land_data/land_data_release.narc!/member_00454,0,/fielddata/land_data/land_data_release.narc,266,454,,11567008,11581432,11562332,11576756,14424,8949cc7b9ed569299773034bde6188db8c241ce037f12b67b78e31a2d80571fc,0008000020010000dc2c00004c020000,,,,,False,,,,,,,,,,False,False
/fielddata/land_data/land_data_release.narc,/fielddata/land_data/land_data_release.narc!/member_00455,0,/fielddata/land_data/land_data_release.narc,266,455,,11581432,11596308,11576756,11591632,14876,380ef3891a861a832f1dffb0b23e0900654716bcee8222f07737b03d6ab1e50f,00080000000000000c2f000000030000,,,,,False,,,,,,,,,,False,False
/fielddata/land_data/land_data_release.narc,/fielddata/land_data/land_data_release.narc!/member_00456,0,/fielddata/land_data/land_data_release.narc,266,456,,11596308,11611372,11591632,11606696,15064,7b12d09b551d65129699705b149af4099eb6ecaf0ada7d07f7a711d55c2a6ec2,0008000090000000382f000000030000,,,,,False,,,,,,,,,,False,False
/fielddata/land_data/land_data_release.narc,/fielddata/land_data/land_data_release.narc!/member_00457,0,/fielddata/land_data/land_data_release.narc,266,457,,11611372,11626444,11606696,11621768,15072,05b97d048807ca2cdd7491d602551f0daa503f0e08e23e6e0fc5c0eacb3f4d93,0008000000000000d02f000000030000,,,,,False,,,,,,,,,,False,False
/fielddata/land_data/land_data_release.narc,/fielddata/land_data/land_data_release.narc!/member_00458,0,/fielddata/land_data/land_data_release.narc,266,458,,11626444,11641964,11621768,11637288,15520,f3d7a4d23aa2e18b419f87b38ca7fd581aeffb1652d789d46b3ef7ea125f8f81,00080000300000006031000000030000,,,,,False,,,,,,,,,,False,False
/fielddata/land_data/land_data_release.narc,/fielddata/land_data/land_data_release.narc!/member_00459,0,/fielddata/land_data/land_data_release.narc,266,459,,11641964,11657120,11637288,11652444,15156,402fd497586f7dc2f21e22f10863e7226f80190a0d05cb356e39b810adead010,000800000000000054310000d0010000,,,,,False,,,,,,,,,,False,False
/fielddata/land_data/land_data_release.narc,/fielddata/land_data/land_data_release.narc!/member_00460,0,/fielddata/land_data/land_data_release.narc,266,460,,11657120,11680690,11652444,11676014,23570,7c3219f39ec95ddeb059837f18ae1c0bfe055d369e3c29cb8f034fc5e9c97f30,000800000000000058530000aa000000,,,,,False,,,,,,,,,,False,False
/fielddata/land_data/land_data_release.narc,/fielddata/land_data/land_data_release.narc!/member_00461,0,/fielddata/land_data/land_data_release.narc,266,461,,11680692,11700598,11676016,11695922,19906,40218c6b24132192f3bb50aa8a12b45458134ac7a1f98b251ccac6bf00c9bd9c,000800000000000008450000aa000000,,,,,False,,,,,,,,,,False,False
/fielddata/land_data/land_data_release.narc,/fielddata/land_data/land_data_release.narc!/member_00462,0,/fielddata/land_data/land_data_release.narc,266,462,,11700600,11717174,11695924,11712498,16574,526b65a7213952cdb84e62e72589c0592fea0461d7b8b9bd5fa8e1e846b0386e,000800000000000004380000aa000000,,,,,False,,,,,,,,,,False,False
/fielddata/land_data/land_data_release.narc,/fielddata/land_data/land_data_release.narc!/member_00463,0,/fielddata/land_data/land_data_release.narc,266,463,,11717176,11734322,11712500,11729646,17146,b92276b8f247dbcf1ba8b201402d4f51e0446f6c1173b8fdcf5650bbde5686ac,000800000000000028390000c2010000,,,,,False,,,,,,,,,,False,False
/fielddata/land_data/land_data_release.narc,/fielddata/land_data/land_data_release.narc!/member_00464,0,/fielddata/land_data/land_data_release.narc,266,464,,11734324,11758734,11729648,11754058,24410,2bab9de696069b839c96954a3b38d48eabbeba4a47b464c447a9737a629a45f1,000800000000000088550000c2010000,,,,,False,,,,,,,,,,False,False
/fielddata/land_data/land_data_release.narc,/fielddata/land_data/land_data_release.narc!/member_00465,0,/fielddata/land_data/land_data_release.narc,266,465,,11758736,11778986,11754060,11774310,20250,5244c644561d11f27d113ab90968e521fcf6cbf06444a33c1192e3a0cde36cf3,000800000000000060460000aa000000,,,,,False,,,,,,,,,,False,False
/fielddata/land_data/land_data_release.narc,/fielddata/land_data/land_data_release.narc!/member_00466,0,/fielddata/land_data/land_data_release.narc,266,466,,11778988,11845294,11774312,11840618,66306,0df2e1881d989d7f6903271c8aa7f775276712fa54b8081f573095ce22e1c246,00080000600000008cec0000060e0000,,,,,False,,,,,,,,,,False,False
/fielddata/land_data/land_data_release.narc,/fielddata/land_data/land_data_release.narc!/member_00467,0,/fielddata/land_data/land_data_release.narc,266,467,,11845296,11866970,11840620,11862294,21674,cd4b3e33ca7fad237c4d5d80989da51f09848ee036058c6fb83743992f6f0bed,0008000000000000904400000a080000,,,,,False,,,,,,,,,,False,False
/fielddata/land_data/land_data_release.narc,/fielddata/land_data/land_data_release.narc!/member_00468,0,/fielddata/land_data/land_data_release.narc,266,468,,11866972,11885176,11862296,11880500,18204,40079091f399c74ae15e1d65228b1acdfb583ba4c443627a0d5b23196e2ac050,0008000030000000dc39000000050000,,,,,False,,,,,,,,,,False,False
/fielddata/land_data/land_data_release.narc,/fielddata/land_data/land_data_release.narc!/member_00469,0,/fielddata/land_data/land_data_release.narc,266,469,,11885176,11895838,11880500,11891162,10662,ea466dba12ca038db63acf55fbbf5410f1aedaa68a874e202b9ea7be5306485d,0008000000000000801e000016030000,,,,,False,,,,,,,,,,False,False
/fielddata/land_data/land_data_release.narc,/fielddata/land_data/land_data_release.narc!/member_00470,0,/fielddata/land_data/land_data_release.narc,266,470,,11895840,11905334,11891164,11900658,9494,5b4f41eb49757d990057d3cca2b7ce7330a4c0cffbeabec70d79210d4c78a327,00080000000000005c1c0000aa000000,,,,,False,,,,,,,,,,False,False
/fielddata/land_data/land_data_release.narc,/fielddata/land_data/land_data_release.narc!/member_00471,0,/fielddata/land_data/land_data_release.narc,266,471,,11905336,11914042,11900660,11909366,8706,266eead2b5b4db47dac5546d3c2c7d747cb8f15e0556378976e041c27e002f80,000800000000000048190000aa000000,,,,,False,,,,,,,,,,False,False
/fielddata/land_data/land_data_release.narc,/fielddata/land_data/land_data_release.narc!/member_00472,0,/fielddata/land_data/land_data_release.narc,266,472,,11914044,11928514,11909368,11923838,14470,df9ad404e4031edf08a5e02968d66048d9088e8adc5a192f7e0e3fb8cd887c74,0008000000000000642f000012010000,,,,,False,,,,,,,,,,False,False
/fielddata/land_data/land_data_release.narc,/fielddata/land_data/land_data_release.narc!/member_00473,0,/fielddata/land_data/land_data_release.narc,266,473,,11928516,11939602,11923840,11934926,11086,96f4c9abd4177eb39cdd1892eaa24471c934f30db1724c838e9c01f0676bb5a9,0008000000000000202200001e010000,,,,,False,,,,,,,,,,False,False
/fielddata/land_data/land_data_release.narc,/fielddata/land_data/land_data_release.narc!/member_00474,0,/fielddata/land_data/land_data_release.narc,266,474,,11939604,11946310,11934928,11941634,6706,96c5b35fab9598c7324c51660a58114554f91b69c285085ed90b410fe3237b69,000800000000000078110000aa000000,,,,,False,,,,,,,,,,False,False
/fielddata/land_data/land_data_release.narc,/fielddata/land_data/land_data_release.narc!/member_00475,0,/fielddata/land_data/land_data_release.narc,266,475,,11946312,11960782,11941636,11956106,14470,efe906acadb83d77a8c2270ecd28d59fe02bf68a96c0c32e87a100cf56484f40,0008000000000000642f000012010000,,,,,False,,,,,,,,,,False,False
/fielddata/land_data/land_data_release.narc,/fielddata/land_data/land_data_release.narc!/member_00476,0,/fielddata/land_data/land_data_release.narc,266,476,,11960784,11999056,11956108,11994380,38272,7f84cf33ef6895455eff23c1a229d5c2a6ad0a62c2edc3e8bf969e9cf49aa43a,00080000300000009c7d0000a40f0000,,,,,False,,,,,,,,,,False,False
/fielddata/land_data/land_data_release.narc,/fielddata/land_data/land_data_release.narc!/member_00477,0,/fielddata/land_data/land_data_release.narc,266,477,,11999056,12010856,11994380,12006180,11800,5632620fbd974130c11ecf3230374c75ddfbb33dc5127c3a6945797bf0760efc,00080000f0000000c421000054030000,,,,,False,,,,,,,,,,False,False
/fielddata/land_data/land_data_release.narc,/fielddata/land_data/land_data_release.narc!/member_00478,0,/fielddata/land_data/land_data_release.narc,266,478,,12010856,12027896,12006180,12023220,17040,26172ba3362bc7dcc4554dfe0fa6f9b240b338508622521afebe7e710b5e8f7c,00080000f00000002832000068070000,,,,,False,,,,,,,,,,False,False
/fielddata/land_data/land_data_release.narc,/fielddata/land_data/land_data_release.narc!/member_00479,0,/fielddata/land_data/land_data_release.narc,266,479,,12027896,12064680,12023220,12060004,36784,8bf7e65fc440781c40e06149579a55d2b8d7d8e399fd4afc8b65a7b064760379,0008000070020000d47b00005c090000,,,,,False,,,,,,,,,,False,False
/fielddata/land_data/land_data_release.narc,/fielddata/land_data/land_data_release.narc!/member_00480,0,/fielddata/land_data/land_data_release.narc,266,480,,12064680,12087146,12060004,12082470,22466,74b570d479289b1a8a25a07e4b35aa58992c2e00a9da8226a7d2f70aef398808,00080000c0000000e047000012070000,,,,,False,,,,,,,,,,False,False
/fielddata/land_data/land_data_release.narc,/fielddata/land_data/land_data_release.narc!/member_00481,0,/fielddata/land_data/land_data_release.narc,266,481,,12087148,12126854,12082472,12122178,39706,13e98647be7b8f943bc44d031c74341a3e8bda835d10d6f11913623ccbea1478,00080000f00000003c8a0000de070000,,,,,False,,,,,,,,,,False,False
/fielddata/land_data/land_data_release.narc,/fielddata/land_data/land_data_release.narc!/member_00482,0,/fielddata/land_data/land_data_release.narc,266,482,,12126856,12141596,12122180,12136920,14740,12c05194f1cc5e047df510eded71d94c1cbc46ec9298682373ce0dae7894cdb5,0008000000000000942e0000f0020000,,,,,False,,,,,,,,,,False,False
/fielddata/land_data/land_data_release.narc,/fielddata/land_data/land_data_release.narc!/member_00483,0,/fielddata/land_data/land_data_release.narc,266,483,,12141596,12170474,12136920,12165798,28878,8a811772a7e8b5447432987a40bc501f39ae3a5a7b40b6f3c3dec16d44856c93,00080000920000004c620000e0050000,,,,,False,,,,,,,,,,False,False
/fielddata/land_data/land_data_release.narc,/fielddata/land_data/land_data_release.narc!/member_00484,0,/fielddata/land_data/land_data_release.narc,266,484,,12170476,12178192,12165800,12173516,7716,3ce3fd5aea552ad9701df45b34f599a5a9951615c7d283f38a2a068d515a274c,0008000000000000981300007c020000,,,,,False,,,,,,,,,,False,False
/fielddata/land_data/land_data_release.narc,/fielddata/land_data/land_data_release.narc!/member_00485,0,/fielddata/land_data/land_data_release.narc,266,485,,12178192,12198978,12173516,12194302,20786,a02d99fe6bf834571a7b6a087f21b2e3807234e57406d43697fd5ce53f006f37,0008000060000000bc46000006020000,,,,,False,,,,,,,,,,False,False
/fielddata/land_data/land_data_release.narc,/fielddata/land_data/land_data_release.narc!/member_00486,0,/fielddata/land_data/land_data_release.narc,266,486,,12198980,12219122,12194304,12214446,20142,fbe979f73a4da5616254ddbdc562913bcfa5dfa5634b56f8afc8e24797f401a4,00080000e0010000544100006a030000,,,,,False,,,,,,,,,,False,False
/fielddata/land_data/land_data_release.narc,/fielddata/land_data/land_data_release.narc!/member_00487,0,/fielddata/land_data/land_data_release.narc,266,487,,12219124,12236718,12214448,12232042,17594,b92eab7e6763396c8ed88aac52c9f104ef099cc3ef382e76b654d43496708c0a,00080000e004000020370000aa000000,,,,,False,,,,,,,,,,False,False
/fielddata/land_data/land_data_release.narc,/fielddata/land_data/land_data_release.narc!/member_00488,0,/fielddata/land_data/land_data_release.narc,266,488,,12236720,12242758,12232044,12238082,6038,d4540e4e7d0cc39757c56cb45c43fc2a3197102eec50a26e2dd9e7a01e3ab575,0008000020010000bc0d0000aa000000,,,,,False,,,,,,,,,,False,False
/fielddata/land_data/land_data_release.narc,/fielddata/land_data/land_data_release.narc!/member_00489,0,/fielddata/land_data/land_data_release.narc,266,489,,12242760,12248570,12238084,12243894,5810,dca5d0b7302b1f8205272a6c997f0205559db0984e913b62ea0a1eb0f4900eb4,0008000000030000f80a0000aa000000,,,,,False,,,,,,,,,,False,False
/fielddata/land_data/land_data_release.narc,/fielddata/land_data/land_data_release.narc!/member_00490,0,/fielddata/land_data/land_data_release.narc,266,490,,12248572,12256650,12243896,12251974,8078,e2f4c7dad3999f2333e744eaa57f7cc54a974159200ba45e752c2a1b7687b1ab,0008000020010000b4150000aa000000,,,,,False,,,,,,,,,,False,False
/fielddata/land_data/land_data_release.narc,/fielddata/land_data/land_data_release.narc!/member_00491,0,/fielddata/land_data/land_data_release.narc,266,491,,12256652,12261746,12251976,12257070,5094,53c8b95aa2483f18d649aa96f0352579c790eaeff8a00142c2f5b6e210dabcc4,0008000030000000fc0a0000aa000000,,,,,False,,,,,,,,,,False,False
/fielddata/land_data/land_data_release.narc,/fielddata/land_data/land_data_release.narc!/member_00492,0,/fielddata/land_data/land_data_release.narc,266,492,,12261748,12268134,12257072,12263458,6386,8b83a0e453c670bb6bc31c43e5846ba534af6694cc40f3ed5c3331c6f38a92e5,0008000090030000a80c0000aa000000,,,,,False,,,,,,,,,,False,False
/fielddata/land_data/land_data_release.narc,/fielddata/land_data/land_data_release.narc!/member_00493,0,/fielddata/land_data/land_data_release.narc,266,493,,12268136,12275746,12263460,12271070,7610,6de939416b1357f03e6599b6fe9e76ac70dea5e85b01baef71a87a0f0136dd36,00080000b004000050100000aa000000,,,,,False,,,,,,,,,,False,False
/fielddata/land_data/land_data_release.narc,/fielddata/land_data/land_data_release.narc!/member_00494,0,/fielddata/land_data/land_data_release.narc,266,494,,12275748,12283018,12271072,12278342,7270,03a9ab92005d2a8e5570016a688876ae263e36ee4ff19f0bd493b466fb4b5a9f,00080000300300007c100000aa000000,,,,,False,,,,,,,,,,False,False
/fielddata/land_data/land_data_release.narc,/fielddata/land_data/land_data_release.narc!/member_00495,0,/fielddata/land_data/land_data_release.narc,266,495,,12283020,12289818,12278344,12285142,6798,3939335a96b4ffdf9f65d9850d32af5fac18c0560edc1655f7bec6c49a2fcfa3,00080000a0020000340f0000aa000000,,,,,False,,,,,,,,,,False,False
/fielddata/land_data/land_data_release.narc,/fielddata/land_data/land_data_release.narc!/member_00496,0,/fielddata/land_data/land_data_release.narc,266,496,,12289820,12295402,12285144,12290726,5582,1d6c7bdcc7f485a7828505951c37168043ac4a3ec1500f347e4f0ee215a64804,0008000080010000940b0000aa000000,,,,,False,,,,,,,,,,False,False
/fielddata/land_data/land_data_release.narc,/fielddata/land_data/land_data_release.narc!/member_00497,0,/fielddata/land_data/land_data_release.narc,266,497,,12295404,12311274,12290728,12306598,15870,655ebd41043b8c5687e860e589766de3912289e3aaa5f397895176ce69879c3f,00080000a005000054290000fa060000,,,,,False,,,,,,,,,,False,False
/fielddata/land_data/land_data_release.narc,/fielddata/land_data/land_data_release.narc!/member_00498,0,/fielddata/land_data/land_data_release.narc,266,498,,12311276,12320602,12306600,12315926,9326,dc9452f1c998ad19299e9f729d861ed7b2c4547e52c1c858994f529a1a221293,00080000700500009c14000052020000,,,,,False,,,,,,,,,,False,False
/fielddata/land_data/land_data_release.narc,/fielddata/land_data/land_data_release.narc!/member_00499,0,/fielddata/land_data/land_data_release.narc,266,499,,12320604,12333142,12315928,12328466,12538,75caf21ef55235c94b1f6603e2a65be7317950d063ba33f9fac8a99fd0e1cee9,00080000a00500005c1c0000ee060000,,,,,False,,,,,,,,,,False,False
/fielddata/land_data/land_data_release.narc,/fielddata/land_data/land_data_release.narc!/member_00500,0,/fielddata/land_data/land_data_release.narc,266,500,,12333144,12342170,12328468,12337494,9026,5fa6b56c383b86c461cb8bb1e773fa99b5dd343eeb79844369ac2ec8b4851792,00080000e00400000014000052020000,,,,,False,,,,,,,,,,False,False
/fielddata/land_data/land_data_release.narc,/fielddata/land_data/land_data_release.narc!/member_00501,0,/fielddata/land_data/land_data_release.narc,266,501,,12342172,12353410,12337496,12348734,11238,d909c508fa4a39c3771334dfe49b6964ebeffb5cd673a52ffd9b916e0cfbe80f,00080000c0030000bc1b00005a040000,,,,,False,,,,,,,,,,False,False
/fielddata/land_data/land_data_release.narc,/fielddata/land_data/land_data_release.narc!/member_00502,0,/fielddata/land_data/land_data_release.narc,266,502,,12353412,12361770,12348736,12357094,8358,33e50ebf36103523a661331484c26c95e3c9076e19630b7548e09512e7e20603,00080000400500000411000052020000,,,,,False,,,,,,,,,,False,False
/fielddata/land_data/land_data_release.narc,/fielddata/land_data/land_data_release.narc!/member_00503,0,/fielddata/land_data/land_data_release.narc,266,503,,12361772,12372562,12357096,12367886,10790,decd36e01ecfdb6f9b7999364c73a2c7c2dbc51fe390dfe3a4328dee5ba57d63,00080000a0020000a81d0000ce010000,,,,,False,,,,,,,,,,False,False
/fielddata/land_data/land_data_release.narc,/fielddata/land_data/land_data_release.narc!/member_00504,0,/fielddata/land_data/land_data_release.narc,266,504,,12372564,12381622,12367888,12376946,9058,7743a093e795998472aaccb126fd486b12ce4672c4c57ffaf5742b478bec945f,000800004002000044170000ce010000,,,,,False,,,,,,,,,,False,False
/fielddata/land_data/land_data_release.narc,/fielddata/land_data/land_data_release.narc!/member_00505,0,/fielddata/land_data/land_data_release.narc,266,505,,12381624,12389062,12376948,12384386,7438,b5d89d5604d2b25ded47bd90d9c039287ff7094b1d64537d52a255303d5cb7ab,00080000900000001c12000052020000,,,,,False,,,,,,,,,,False,False
/fielddata/land_data/land_data_release.narc,/fielddata/land_data/land_data_release.narc!/member_00506,0,/fielddata/land_data/land_data_release.narc,266,506,,12389064,12396054,12384388,12391378,6990,a5223b6c4286ed63785be876c519bf590eaddd249a2ebf140b5404782b3e58d1,0008000070020000000f0000ce010000,,,,,False,,,,,,,,,,False,False
/fielddata/land_data/land_data_release.narc,/fielddata/land_data/land_data_release.narc!/member_00507,0,/fielddata/land_data/land_data_release.narc,266,507,,12396056,12400696,12391380,12396020,4640,d68def8501834e3e5eddce9844cb4a3c5de68558506fe29099a8f53492a883b5,000800002001000004060000ec020000,,,,,False,,,,,,,,,,False,False
/fielddata/land_data/land_data_release.narc,/fielddata/land_data/land_data_release.narc!/member_00508,0,/fielddata/land_data/land_data_release.narc,266,508,,12400696,12437440,12396020,12432764,36744,2ec8903abdaed3e52c4460d2147b0e48e151d9d71967f069e77ef93037dc42fa,0008000030000000bc8300008c030000,,,,,False,,,,,,,,,,False,False
/fielddata/land_data/land_data_release.narc,/fielddata/land_data/land_data_release.narc!/member_00509,0,/fielddata/land_data/land_data_release.narc,266,509,,12437440,12473980,12432764,12469304,36540,197fd4bb8c6b83532a46a7ad3e56184a840006792957aa60864f9f2c682e83ae,0008000030000000d0820000ac030000,,,,,False,,,,,,,,,,False,False
/fielddata/land_data/land_data_release.narc,/fielddata/land_data/land_data_release.narc!/member_00510,0,/fielddata/land_data/land_data_release.narc,266,510,,12473980,12482918,12469304,12478242,8938,4e94a61c70e8c940339fc4ac6b240b738b927e1a07e2764e5ebf9c148dad2b90,0008000000000000301a0000aa000000,,,,,False,,,,,,,,,,False,False
/fielddata/land_data/land_data_release.narc,/fielddata/land_data/land_data_release.narc!/member_00511,0,/fielddata/land_data/land_data_release.narc,266,511,,12482920,12518500,12478244,12513824,35580,b9e1bf29342f6fcb4acf0d1d2bd74846d138ac96716d789f920ca3e3fc27b822,0008000030000000107f0000ac030000,,,,,False,,,,,,,,,,False,False
/fielddata/land_data/land_data_release.narc,/fielddata/land_data/land_data_release.narc!/member_00512,0,/fielddata/land_data/land_data_release.narc,266,512,,12518500,12556536,12513824,12551860,38036,81c4add63ffc613baf15355ca4aa861e9596ac53810aa27ecccb58766d9bdc69,000800003000000098880000bc030000,,,,,False,,,,,,,,,,False,False
/fielddata/land_data/land_data_release.narc,/fielddata/land_data/land_data_release.narc!/member_00513,0,/fielddata/land_data/land_data_release.narc,266,513,,12556536,12565474,12551860,12560798,8938,ee00c85543a60540ce8e3af6aef6f951e4e68854c1bd4e43278685adc1497289,0008000000000000301a0000aa000000,,,,,False,,,,,,,,,,False,False
/fielddata/land_data/land_data_release.narc,/fielddata/land_data/land_data_release.narc!/member_00514,0,/fielddata/land_data/land_data_release.narc,266,514,,12565476,12602692,12560800,12598016,37216,fe63135e934077c452a322e04a49fb5227fef129d0b00f014a6229272cc855e4,000800003000000064850000bc030000,,,,,False,,,,,,,,,,False,False
/fielddata/land_data/land_data_release.narc,/fielddata/land_data/land_data_release.narc!/member_00515,0,/fielddata/land_data/land_data_release.narc,266,515,,12602692,12639896,12598016,12635220,37204,d5b20b9997ec61940d115c1cd1122318c813ad60e3da575b5d0f2458e0bd65ed,000800003000000064850000b0030000,,,,,False,,,,,,,,,,False,False
/fielddata/land_data/land_data_release.narc,/fielddata/land_data/land_data_release.narc!/member_00516,0,/fielddata/land_data/land_data_release.narc,266,516,,12639896,12648834,12635220,12644158,8938,f833558a6fc84eabd13b6be70ce43a003f639da8ab5078fbfe8c78e0f21e985c,0008000000000000301a0000aa000000,,,,,False,,,,,,,,,,False,False
/fielddata/land_data/land_data_release.narc,/fielddata/land_data/land_data_release.narc!/member_00517,0,/fielddata/land_data/land_data_release.narc,266,517,,12648836,12690244,12644160,12685568,41408,097634d45d0c3b843e859ad86645f1b1d754d44253b2998fefe5a4b841dde5fb,0008000030000000649400001c050000,,,,,False,,,,,,,,,,False,False
/fielddata/land_data/land_data_release.narc,/fielddata/land_data/land_data_release.narc!/member_00518,0,/fielddata/land_data/land_data_release.narc,266,518,,12690244,12735372,12685568,12730696,45128,cdf1e4ef9d0c587ab9e92e122b74ac70eebf3c852dcf769cd9c290aba6c621a7,000800003000000018a30000f0040000,,,,,False,,,,,,,,,,False,False
/fielddata/land_data/land_data_release.narc,/fielddata/land_data/land_data_release.narc!/member_00519,0,/fielddata/land_data/land_data_release.narc,266,519,,12735372,12744310,12730696,12739634,8938,e50378f506e556da018bfca1dc44671e112ca953a9861c8bad3602817f2406a7,0008000000000000301a0000aa000000,,,,,False,,,,,,,,,,False,False
/fielddata/land_data/land_data_release.narc,/fielddata/land_data/land_data_release.narc!/member_00520,0,/fielddata/land_data/land_data_release.narc,266,520,,12744312,12786902,12739636,12782226,42590,b9fb64b1a9edd92c19ffee220feaebb5b14eab31f2ab55557438acd2e2b1c4fd,0008000000000000a49d0000aa000000,,,,,False,,,,,,,,,,False,False
/fielddata/land_data/land_data_release.narc,/fielddata/land_data/land_data_release.narc!/member_00521,0,/fielddata/land_data/land_data_release.narc,266,521,,12786904,12845570,12782228,12840894,58666,ad5f5a636a11ca780b7e0d2cc186f71dd4838b50f302b29d30f0f006858723f9,000800005001000090d200003a090000,,,,,False,,,,,,,,,,False,False
/fielddata/land_data/land_data_release.narc,/fielddata/land_data/land_data_release.narc!/member_00522,0,/fielddata/land_data/land_data_release.narc,266,522,,12845572,12894712,12840896,12890036,49140,2eedea883158362db36192bf04a19cc08129815a35bf4a8b335144327663eead,0008000060000000e0b20000a4040000,,,,,False,,,,,,,,,,False,False
/fielddata/land_data/land_data_release.narc,/fielddata/land_data/land_data_release.narc!/member_00523,0,/fielddata/land_data/land_data_release.narc,266,523,,12894712,12932984,12890036,12928308,38272,5ae5f6b64036b5f6aae62a2af24f5a588f36648344a1668b81a3e6160330d8f7,000800003000000094890000ac030000,,,,,False,,,,,,,,,,False,False
/fielddata/land_data/land_data_release.narc,/fielddata/land_data/land_data_release.narc!/member_00524,0,/fielddata/land_data/land_data_release.narc,266,524,,12932984,12969584,12928308,12964908,36600,c2194c94f5525e18a70fbf878710107b1312f5056de6cbbad235116d9a81265a,0008000030000000fc820000bc030000,,,,,False,,,,,,,,,,False,False
/fielddata/land_data/land_data_release.narc,/fielddata/land_data/land_data_release.narc!/member_00525,0,/fielddata/land_data/land_data_release.narc,266,525,,12969584,13002204,12964908,12997528,32620,078e8aac0e1adc88d3835ee394626154c332cbccae32246ae20d5a3d44f80785,000800003000000070730000bc030000,,,,,False,,,,,,,,,,False,False
/fielddata/land_data/land_data_release.narc,/fielddata/land_data/land_data_release.narc!/member_00526,0,/fielddata/land_data/land_data_release.narc,266,526,,13002204,13037532,12997528,13032856,35328,ec0a3aa8ee21222b747c8649e9090fef5e3c105a04a508d387e151815ed6f7e1,0008000030000000107e0000b0030000,,,,,False,,,,,,,,,,False,False
/fielddata/land_data/land_data_release.narc,/fielddata/land_data/land_data_release.narc!/member_00527,0,/fielddata/land_data/land_data_release.narc,266,527,,13037532,13072092,13032856,13067416,34560,87bd3413aec427948e7f0ba06b32628e355a010c6d74b62d2649272b5800c65d,0008000030000000a47900001c050000,,,,,False,,,,,,,,,,False,False
/fielddata/land_data/land_data_release.narc,/fielddata/land_data/land_data_release.narc!/member_00528,0,/fielddata/land_data/land_data_release.narc,266,528,,13072092,13109200,13067416,13104524,37108,fa04b19439fe0ce2f010861556817d8d4e14638c10a05d546a819fb42771ae9a,0008000030000000c4830000f0040000,,,,,False,,,,,,,,,,False,False
/fielddata/land_data/land_data_release.narc,/fielddata/land_data/land_data_release.narc!/member_00529,0,/fielddata/land_data/land_data_release.narc,266,529,,13109200,13155406,13104524,13150730,46206,5b001e30d422914d25d3e5eb659501b34a30f407a7c0f854444f052b64868b80,0008000000000000c4ab0000aa000000,,,,,False,,,,,,,,,,False,False
/fielddata/land_data/land_data_release.narc,/fielddata/land_data/land_data_release.narc!/member_00530,0,/fielddata/land_data/land_data_release.narc,266,530,,13155408,13187936,13150732,13183260,32528,eb26370103e1d25f604e9dbca59f42b1325450741758d911a504e7d0f6af0650,0008000030000000447300008c030000,,,,,False,,,,,,,,,,False,False
/fielddata/land_data/land_data_release.narc,/fielddata/land_data/land_data_release.narc!/member_00531,0,/fielddata/land_data/land_data_release.narc,266,531,,13187936,13225116,13183260,13220440,37180,4171af54125e87048475fd4156ca3657c484d6f3129e8a5f9f02341f7d3f1414,000800003000000050850000ac030000,,,,,False,,,,,,,,,,False,False
/fielddata/land_data/land_data_release.narc,/fielddata/land_data/land_data_release.narc!/member_00532,0,/fielddata/land_data/land_data_release.narc,266,532,,13225116,13260296,13220440,13255620,35180,bcfda2fe494893d200a79bbf104d7b9a10397b8baafbaf6c3dc455177b1ef443,0008000030000000807d0000ac030000,,,,,False,,,,,,,,,,False,False
/fielddata/land_data/land_data_release.narc,/fielddata/land_data/land_data_release.narc!/member_00533,0,/fielddata/land_data/land_data_release.narc,266,533,,13260296,13293636,13255620,13288960,33340,a916520f0fe9e80468722cbe3003ad1bedc2d6e504c3e366337eff6e2c676a89,000800003000000040760000bc030000,,,,,False,,,,,,,,,,False,False
/fielddata/land_data/land_data_release.narc,/fielddata/land_data/land_data_release.narc!/member_00534,0,/fielddata/land_data/land_data_release.narc,266,534,,13293636,13331372,13288960,13326696,37736,02effdbeea01cae3d102528076439a8fdc11a203712ae4a41a46d9a12dc50b03,00080000300000006c870000bc030000,,,,,False,,,,,,,,,,False,False
/fielddata/land_data/land_data_release.narc,/fielddata/land_data/land_data_release.narc!/member_00535,0,/fielddata/land_data/land_data_release.narc,266,535,,13331372,13373540,13326696,13368864,42168,a14f66b3b3a459ac32893d068a7dfa14a9156ae554ff55e1fbcf9e6a5d2624d7,0008000030000000c8980000b0030000,,,,,False,,,,,,,,,,False,False
/fielddata/land_data/land_data_release.narc,/fielddata/land_data/land_data_release.narc!/member_00536,0,/fielddata/land_data/land_data_release.narc,266,536,,13373540,13414568,13368864,13409892,41028,f5221bedd5a4b7575363220761997d48a422699e95a838db8b61555957e55b8f,0008000030000000e89200001c050000,,,,,False,,,,,,,,,,False,False
/fielddata/land_data/land_data_release.narc,/fielddata/land_data/land_data_release.narc!/member_00537,0,/fielddata/land_data/land_data_release.narc,266,537,,13414568,13454948,13409892,13450272,40380,80dd450fd391a01f00e60b605874eb72ea9b409afa164191ada06c9b42aa2f1e,00080000300000008c900000f0040000,,,,,False,,,,,,,,,,False,False
/fielddata/land_data/land_data_release.narc,/fielddata/land_data/land_data_release.narc!/member_00538,0,/fielddata/land_data/land_data_release.narc,266,538,,13454948,13499238,13450272,13494562,44290,630be2b560f205c536ca167655eb126fc65b8d3ed541e80008d98be07302c292,000800000000000048a40000aa000000,,,,,False,,,,,,,,,,False,False
/fielddata/land_data/land_data_release.narc,/fielddata/land_data/land_data_release.narc!/member_00539,0,/fielddata/land_data/land_data_release.narc,266,539,,13499240,13538942,13494564,13534266,39702,42dd819097d622e113adba33ef33a6d28199a605458a91fbc24e62e1dba98bed,0008000000000000d48e000032040000,,,,,False,,,,,,,,,,False,False
/fielddata/land_data/land_data_release.narc,/fielddata/land_data/land_data_release.narc!/member_00540,0,/fielddata/land_data/land_data_release.narc,266,540,,13538944,13556966,13534268,13552290,18022,47889d55a1426e8cc9840ab1158537b18f7d589acb3e1d6aae50807b2c75ee58,00080000c0000000ec3c0000aa000000,,,,,False,,,,,,,,,,False,False
/fielddata/land_data/land_data_release.narc,/fielddata/land_data/land_data_release.narc!/member_00541,0,/fielddata/land_data/land_data_release.narc,266,541,,13556968,13575046,13552292,13570370,18078,ef9a332247adfdfc615f042693bfd4fda7c5dda6d99d4e56fbb635a027009217,0008000030000000b43d0000aa000000,,,,,False,,,,,,,,,,False,False
/fielddata/land_data/land_data_release.narc,/fielddata/land_data/land_data_release.narc!/member_00542,0,/fielddata/land_data/land_data_release.narc,266,542,,13575048,13600498,13570372,13595822,25450,3a0df44ea3c5a451c3b752ea8bc12942bfea1a657c7b2029ff0081559bf079d4,00080000f0000000c0590000aa000000,,,,,False,,,,,,,,,,False,False
/fielddata/land_data/land_data_release.narc,/fielddata/land_data/land_data_release.narc!/member_00543,0,/fielddata/land_data/land_data_release.narc,266,543,,13600500,13620874,13595824,13616198,20374,6ae5553d2419ad9fa0e51f3aea8f5a59aca6bf43820b54631353ba3a7813148c,00080000900000004c460000aa000000,,,,,False,,,,,,,,,,False,False
/fielddata/land_data/land_data_release.narc,/fielddata/land_data/land_data_release.narc!/member_00544,0,/fielddata/land_data/land_data_release.narc,266,544,,13620876,13626130,13616200,13621454,5254,0b815e6ec34b3deac4db7bd99b761ad42b0888adc2d004594c5a2b22f5b7198c,00080000f0000000dc0a0000aa000000,,,,,False,,,,,,,,,,False,False
/fielddata/land_data/land_data_release.narc,/fielddata/land_data/land_data_release.narc!/member_00545,0,/fielddata/land_data/land_data_release.narc,266,545,,13626132,13632426,13621456,13627750,6294,bf496b4d85f36beea43bf9e7c4cc27ccd55621aafb68ad77b09ec55c8dc747d2,00080000a00200003c0d0000aa000000,,,,,False,,,,,,,,,,False,False
/fielddata/land_data/land_data_release.narc,/fielddata/land_data/land_data_release.narc!/member_00546,0,/fielddata/land_data/land_data_release.narc,266,546,,13632428,13638846,13627752,13634170,6418,0398ad820b0199dbf0bc99153fbebf75f4d3fdb553acb2e8883437e1f90f4e67,000800000000000058100000aa000000,,,,,False,,,,,,,,,,False,False
/fielddata/land_data/land_data_release.narc,/fielddata/land_data/land_data_release.narc!/member_00547,0,/fielddata/land_data/land_data_release.narc,266,547,,13638848,13668086,13634172,13663410,29238,ad870b42e021815f8d95c44d6b796fa96a2fbea5be13638cec25207d75d504a8,00080000600000003066000096030000,,,,,False,,,,,,,,,,False,False
/fielddata/land_data/land_data_release.narc,/fielddata/land_data/land_data_release.narc!/member_00548,0,/fielddata/land_data/land_data_release.narc,266,548,,13668088,13705194,13663412,13700518,37106,3780c89d47c16f7b1d6780989bea770cfbed73e112efe0211e13a904ac5664f4,000800006000000084840000fe030000,,,,,False,,,,,,,,,,False,False
/fielddata/land_data/land_data_release.narc,/fielddata/land_data/land_data_release.narc!/member_00549,0,/fielddata/land_data/land_data_release.narc,266,549,,13705196,13736318,13700520,13731642,31122,924205485e085800f5ecd896a17606bfaf4e619c8f5f7f1859206275e0cfda8e,0008000060000000886d00009a030000,,,,,False,,,,,,,,,,False,False
/fielddata/land_data/land_data_release.narc,/fielddata/land_data/land_data_release.narc!/member_00550,0,/fielddata/land_data/land_data_release.narc,266,550,,13736320,13773054,13731644,13768378,36734,68b0f537975a23c56e31063606d88e6f50d8715bf252dc5d791ba8571bb9da0e,000800006000000010820000fe040000,,,,,False,,,,,,,,,,False,False
/fielddata/land_data/land_data_release.narc,/fielddata/land_data/land_data_release.narc!/member_00551,0,/fielddata/land_data/land_data_release.narc,266,551,,13773056,13795332,13768380,13790656,22276,260741774ff63b8207291ea7eeb1bec77db9ac9c282d686cc6127ef2e39b9684,0008000060000000cc4c0000c8010000,,,,,False,,,,,,,,,,False,False
/fielddata/land_data/land_data_release.narc,/fielddata/land_data/land_data_release.narc!/member_00552,0,/fielddata/land_data/land_data_release.narc,266,552,,13795332,13825216,13790656,13820540,29884,db819638f58fd7af401a887fd1d045fb59c6843eda675475b945137ed618f99a,0008000090000000d868000044030000,,,,,False,,,,,,,,,,False,False
/fielddata/land_data/land_data_release.narc,/fielddata/land_data/land_data_release.narc!/member_00553,0,/fielddata/land_data/land_data_release.narc,266,553,,13825216,13852936,13820540,13848260,27720,55490e04e8b4fbb01bfc203cdb2f15d8dc22f4ae073c57e2ccadc338fe6b3059,00080000f0000000bc6100008c010000,,,,,False,,,,,,,,,,False,False
/fielddata/land_data/land_data_release.narc,/fielddata/land_data/land_data_release.narc!/member_00554,0,/fielddata/land_data/land_data_release.narc,266,554,,13852936,13879724,13848260,13875048,26788,ba0584facc2279fb8922d4238fe05ce433e2df19b467668592ad7898cee25804,00080000f0000000185e00008c010000,,,,,False,,,,,,,,,,False,False
/fielddata/land_data/land_data_release.narc,/fielddata/land_data/land_data_release.narc!/member_00555,0,/fielddata/land_data/land_data_release.narc,266,555,,13879724,13912304,13875048,13907628,32580,60221aa7fc2bc90f26ab0cf5117fa1bed5781002e6727c4e27efcf700f966f23,0008000080010000ac73000008020000,,,,,False,,,,,,,,,,False,False
/fielddata/land_data/land_data_release.narc,/fielddata/land_data/land_data_release.narc!/member_00556,0,/fielddata/land_data/land_data_release.narc,266,556,,13912304,13938840,13907628,13934164,26536,97e848d7673f0c026a84410e81151992acf5af8aafbe44f4b68b8dea1df613f6,0008000080010000185c000000020000,,,,,False,,,,,,,,,,False,False
/fielddata/land_data/land_data_release.narc,/fielddata/land_data/land_data_release.narc!/member_00557,0,/fielddata/land_data/land_data_release.narc,266,557,,13938840,13966820,13934164,13962144,27980,7516b8148d0143d3e2147a35fabd6de4a6c82c8d232d5eb8f215002fa37d82da,00080000f0000000c06200008c010000,,,,,False,,,,,,,,,,False,False
/fielddata/land_data/land_data_release.narc,/fielddata/land_data/land_data_release.narc!/member_00558,0,/fielddata/land_data/land_data_release.narc,266,558,,13966820,13993348,13962144,13988672,26528,17989c3a7f1cf1032d28dc338864abec15f1ed1bef642f3cf9bba0cb5f9bac51,00080000f0000000145d00008c010000,,,,,False,,,,,,,,,,False,False
/fielddata/land_data/land_data_release.narc,/fielddata/land_data/land_data_release.narc!/member_00559,0,/fielddata/land_data/land_data_release.narc,266,559,,13993348,14025928,13988672,14021252,32580,1ffb57deefd800fb1457a53ccc3a43d0bb639a7bd5854efb876d77c3356321ec,0008000080010000ac73000008020000,,,,,False,,,,,,,,,,False,False
/fielddata/land_data/land_data_release.narc,/fielddata/land_data/land_data_release.narc!/member_00560,0,/fielddata/land_data/land_data_release.narc,266,560,,14025928,14052464,14021252,14047788,26536,b82d107cc1b0987a88fde3336197f6165f65b4c82d9c8f6fd7db57cbe12c7d71,0008000080010000185c000000020000,,,,,False,,,,,,,,,,False,False
/fielddata/land_data/land_data_release.narc,/fielddata/land_data/land_data_release.narc!/member_00561,0,/fielddata/land_data/land_data_release.narc,266,561,,14052464,14089708,14047788,14085032,37244,834499c6fedbcd516d60877d323f31c8531e59d9a07dd380b09dc1cf6e5b15e9,0008000000000000d417000098710000,,,,,False,,,,,,,,,,False,False
/fielddata/land_data/land_data_release.narc,/fielddata/land_data/land_data_release.narc!/member_00562,0,/fielddata/land_data/land_data_release.narc,266,562,,14089708,14136128,14085032,14131452,46420,e5f411b528dab0fd4dc36d9b6408d068f29922f96ebe3984922304f8f7de3e95,0008000000000000ac3b000098710000,,,,,False,,,,,,,,,,False,False
/fielddata/land_data/land_data_release.narc,/fielddata/land_data/land_data_release.narc!/member_00563,0,/fielddata/land_data/land_data_release.narc,266,563,,14136128,14179620,14131452,14174944,43492,7da9534ffcbf77177f1ac0f84acd591c17148f265c8cd23cb59466a357938c53,00080000000000003c30000098710000,,,,,False,,,,,,,,,,False,False
/fielddata/land_data/land_data_release.narc,/fielddata/land_data/land_data_release.narc!/member_00564,0,/fielddata/land_data/land_data_release.narc,266,564,,14179620,14223624,14174944,14218948,44004,0d5a9af5749d3b1de14e03fb59adb09b7a33679d1d5c0423941633a75d7b0fb1,00080000000000003c32000098710000,,,,,False,,,,,,,,,,False,False
/fielddata/land_data/land_data_release.narc,/fielddata/land_data/land_data_release.narc!/member_00565,0,/fielddata/land_data/land_data_release.narc,266,565,,14223624,14268028,14218948,14263352,44404,b35a2b86d279b2a8cace70bc458d2fa64afc393bdd292c0fb92b3a71b3212ee2,0008000000000000cc33000098710000,,,,,False,,,,,,,,,,False,False
/fielddata/land_data/land_data_release.narc,/fielddata/land_data/land_data_release.narc!/member_00566,0,/fielddata/land_data/land_data_release.narc,266,566,,14268028,14312444,14263352,14307768,44416,4a9e1c3ccc3b2e0424339917c2716f48425684120993558218dbadf53fbac054,0008000000000000d833000098710000,,,,,False,,,,,,,,,,False,False
/fielddata/land_data/land_data_release.narc,/fielddata/land_data/land_data_release.narc!/member_00567,0,/fielddata/land_data/land_data_release.narc,266,567,,14312444,14352424,14307768,14347748,39980,e55b178453c6ab07e16c07bfbf60ca6ae43acf957f8ef6e30180d2492885aa28,00080000000000008422000098710000,,,,,False,,,,,,,,,,False,False
/fielddata/land_data/land_data_release.narc,/fielddata/land_data/land_data_release.narc!/member_00568,0,/fielddata/land_data/land_data_release.narc,266,568,,14352424,14391808,14347748,14387132,39384,b251441842ea6ed0241e4a3ca93a5a6d46a6cc06e0d5098c02d7b96a0a523139,00080000000000003020000098710000,,,,,False,,,,,,,,,,False,False
/fielddata/land_data/land_data_release.narc,/fielddata/land_data/land_data_release.narc!/member_00569,0,/fielddata/land_data/land_data_release.narc,266,569,,14391808,14431712,14387132,14427036,39904,234d4d932e0f46345dd4abec4529cb2c297cae402e4ac4de7d45d0b926545c8b,00080000000000003822000098710000,,,,,False,,,,,,,,,,False,False
/fielddata/land_data/land_data_release.narc,/fielddata/land_data/land_data_release.narc!/member_00570,0,/fielddata/land_data/land_data_release.narc,266,570,,14431712,14471448,14427036,14466772,39736,ebd8a92376b9210201d773c87234b61a8e0d110694aae54bf50760c4b83462da,00080000000000009021000098710000,,,,,False,,,,,,,,,,False,False
/fielddata/land_data/land_data_release.narc,/fielddata/land_data/land_data_release.narc!/member_00571,0,/fielddata/land_data/land_data_release.narc,266,571,,14471448,14512532,14466772,14507856,41084,68adcbab47daff502afa36072966876c00a4aa09193f34369e2245df1705d503,0008000000000000d426000098710000,,,,,False,,,,,,,,,,False,False
/fielddata/land_data/land_data_release.narc,/fielddata/land_data/land_data_release.narc!/member_00572,0,/fielddata/land_data/land_data_release.narc,266,572,,14512532,14552924,14507856,14548248,40392,d5396438f4252010e0b204f49cdc19608c1d756e02a0809beb0d1c4c5a1623e4,00080000000000002024000098710000,,,,,False,,,,,,,,,,False,False
/fielddata/land_data/land_data_release.narc,/fielddata/land_data/land_data_release.narc!/member_00573,0,/fielddata/land_data/land_data_release.narc,266,573,,14552924,14594732,14548248,14590056,41808,ef955453bcc508b80f138550b943eda0ba8fb29e9a31465bd31fbe370b8eb23b,0008000000000000a829000098710000,,,,,False,,,,,,,,,,False,False
/fielddata/land_data/land_data_release.narc,/fielddata/land_data/land_data_release.narc!/member_00574,0,/fielddata/land_data/land_data_release.narc,266,574,,14594732,14636940,14590056,14632264,42208,12cbd3fd7d73cb1feb7106cbb18a07d1f46200b0fa47cb170484c63f215265bd,0008000000000000382b000098710000,,,,,False,,,,,,,,,,False,False
/fielddata/land_data/land_data_release.narc,/fielddata/land_data/land_data_release.narc!/member_00575,0,/fielddata/land_data/land_data_release.narc,266,575,,14636940,14679676,14632264,14675000,42736,834a431dceed8e0d2b8487766e7a60d2b715a6966db2004ab950425b856e054f,0008000000000000482d000098710000,,,,,False,,,,,,,,,,False,False
/fielddata/land_data/land_data_release.narc,/fielddata/land_data/land_data_release.narc!/member_00576,0,/fielddata/land_data/land_data_release.narc,266,576,,14679676,14722512,14675000,14717836,42836,1f81b209a28d8a003ebbd70cf76ba600b271461dd21cee4157b75289c783dd95,0008000000000000ac2d000098710000,,,,,False,,,,,,,,,,False,False
/fielddata/land_data/land_data_release.narc,/fielddata/land_data/land_data_release.narc!/member_00577,0,/fielddata/land_data/land_data_release.narc,266,577,,14722512,14778156,14717836,14773480,55644,a5d98a8c9179890859bcc55840bc5f8fa955a8284828feb69d7309f2218e5d0f,0008000000000000b45f000098710000,,,,,False,,,,,,,,,,False,False
/fielddata/mapmatrix/map_matrix.narc,/fielddata/mapmatrix/map_matrix.narc!/member_00000,0,/fielddata/mapmatrix/map_matrix.narc,267,0,,2012,6520,0,4508,4508,7395be6d4e918314ab85e4d733789212cf9c16395b73fd23bdb115d246869bbb,1e1e0101036d61700000000000000000,,,,,False,,,,,,,,,,False,False
/fielddata/mapmatrix/map_matrix.narc,/fielddata/mapmatrix/map_matrix.narc!/member_00001,0,/fielddata/mapmatrix/map_matrix.narc,267,1,,6520,6533,4508,4521,13,ec8f9af5c7d2d460eea9e02f81598e7f627e8f436335c5d1d42da28792bcef67,010100000673696e676c650100,,,,,False,,,,,,,,,,False,False
/fielddata/mapmatrix/map_matrix.narc,/fielddata/mapmatrix/map_matrix.narc!/member_00002,0,/fielddata/mapmatrix/map_matrix.narc,267,2,,6536,6996,4524,4984,460,608ad6611171defa56fc395611c05dd191318b64ec282bda0860bffd91e4c4e1,0f0f00000575676d6170310231023102,,,,,False,,,,,,,,,,False,False
/fielddata/mapmatrix/map_matrix.narc,/fielddata/mapmatrix/map_matrix.narc!/member_00003,0,/fielddata/mapmatrix/map_matrix.narc,267,3,,6996,7013,4984,5001,17,b25203aa862242d1c3d8e472fbd9b2ed2face252409ebf5b93402139103757ff,010100000a6d5f64756e313430315fa2,,,,,False,,,,,,,,,,False,False
/fielddata/mapmatrix/map_matrix.narc,/fielddata/mapmatrix/map_matrix.narc!/member_00004,0,/fielddata/mapmatrix/map_matrix.narc,267,4,,7016,7035,5004,5023,19,1e7abb0bed21dbcfe2d0c5455e5e3bd86af05ab18e8997b6b5afc2c54ee75d9f,020100000a6d5f64756e313430325fa3,,,,,False,,,,,,,,,,False,False
/fielddata/mapmatrix/map_matrix.narc,/fielddata/mapmatrix/map_matrix.narc!/member_00005,0,/fielddata/mapmatrix/map_matrix.narc,267,5,,7036,7053,5024,5041,17,9c42eb0330efacb28c1876e075cd84d26a885ca606ba1822546f835279e55644,010100000a6d5f64756e303130315f39,,,,,False,,,,,,,,,,False,False
/fielddata/mapmatrix/map_matrix.narc,/fielddata/mapmatrix/map_matrix.narc!/member_00006,0,/fielddata/mapmatrix/map_matrix.narc,267,6,,7056,7073,5044,5061,17,25cecfacaf5090648f50e3f826b45eee057952e73fc57f0f675f229a781495a0,010100000a6d5f64756e303130325f3a,,,,,False,,,,,,,,,,False,False
/fielddata/mapmatrix/map_matrix.narc,/fielddata/mapmatrix/map_matrix.narc!/member_00007,0,/fielddata/mapmatrix/map_matrix.narc,267,7,,7076,7109,5064,5097,33,32476d59b6e26f8374931ba3323549f8c3d64e4de56b198836565d9aeaed64d2,030300000a6d5f64756e303330315f3b,,,,,False,,,,,,,,,,False,False
/fielddata/mapmatrix/map_matrix.narc,/fielddata/mapmatrix/map_matrix.narc!/member_00008,0,/fielddata/mapmatrix/map_matrix.narc,267,8,,7112,7131,5100,5119,19,5d5e60721eab9410d15649296f1bd04553b4176f896732a8565b90721222aa1d,020100000a6d5f64756e303430315f44,,,,,False,,,,,,,,,,False,False
/fielddata/mapmatrix/map_matrix.narc,/fielddata/mapmatrix/map_matrix.narc!/member_00009,0,/fielddata/mapmatrix/map_matrix.narc,267,9,,7132,7149,5120,5137,17,818678e02c0f9f2c144749f9fa8686895d34bc24072f301336ca7380597c4cd0,010100000a6d5f64756e303530315f48,,,,,False,,,,,,,,,,False,False
/fielddata/mapmatrix/map_matrix.narc,/fielddata/mapmatrix/map_matrix.narc!/member_00010,0,/fielddata/mapmatrix/map_matrix.narc,267,10,,7152,7171,5140,5159,19,5cbee48aef42b15b854eebaa5355e64681a9b213358c6b3394b234055afe87f7,010200000a6d5f64756e303530325f49,,,,,False,,,,,,,,,,False,False
/fielddata/mapmatrix/map_matrix.narc,/fielddata/mapmatrix/map_matrix.narc!/member_00011,0,/fielddata/mapmatrix/map_matrix.narc,267,11,,7172,7189,5160,5177,17,22cb55f6451ae33032cde275fad611a816c61efdf8de18c99633550a5f15e1de,010100000a6d5f64756e303530335f4b,,,,,False,,,,,,,,,,False,False
/fielddata/mapmatrix/map_matrix.narc,/fielddata/mapmatrix/map_matrix.narc!/member_00012,0,/fielddata/mapmatrix/map_matrix.narc,267,12,,7192,7215,5180,5203,23,0511bdc96c04128f4a872ef36bb0d2615626e86632348bb070eda62bad92351f,020200000a6d5f64756e303530345f4c,,,,,False,,,,,,,,,,False,False
/fielddata/mapmatrix/map_matrix.narc,/fielddata/mapmatrix/map_matrix.narc!/member_00013,0,/fielddata/mapmatrix/map_matrix.narc,267,13,,7216,7239,5204,5227,23,a5a16e8f14ffa661a1dff7c35371507b2be17fb4e720cf7b23ae730eb2cb0973,020200000a6d5f64756e303530355f50,,,,,False,,,,,,,,,,False,False
/fielddata/mapmatrix/map_matrix.narc,/fielddata/mapmatrix/map_matrix.narc!/member_00014,0,/fielddata/mapmatrix/map_matrix.narc,267,14,,7240,7259,5228,5247,19,2d7f40e235fa845f39a4951a751d77f8099ee5ee42a4cc533ead16c84ebbb87b,020100000a6d5f64756e303530365f54,,,,,False,,,,,,,,,,False,False
/fielddata/mapmatrix/map_matrix.narc,/fielddata/mapmatrix/map_matrix.narc!/member_00015,0,/fielddata/mapmatrix/map_matrix.narc,267,15,,7260,7277,5248,5265,17,1afc7d7e510a99c781ae664dfa3e572023ed791b72101f262baf92d82ca9bbbd,010100000a6d5f64756e303530375f56,,,,,False,,,,,,,,,,False,False
/fielddata/mapmatrix/map_matrix.narc,/fielddata/mapmatrix/map_matrix.narc!/member_00016,0,/fielddata/mapmatrix/map_matrix.narc,267,16,,7280,7297,5268,5285,17,dfc0a853d448c11d6a5fb8cc38b6fbe9e434e148ab2f446531de7ee086afb3eb,010100000a6d5f64756e303530385f57,,,,,False,,,,,,,,,,False,False
/fielddata/mapmatrix/map_matrix.narc,/fielddata/mapmatrix/map_matrix.narc!/member_00017,0,/fielddata/mapmatrix/map_matrix.narc,267,17,,7300,7317,5288,5305,17,3d175b3af2590134ba3323920adda3434da675bb6e3e458009fc88022b74f3dd,010100000a6d5f64756e303530395f58,,,,,False,,,,,,,,,,False,False
/fielddata/mapmatrix/map_matrix.narc,/fielddata/mapmatrix/map_matrix.narc!/member_00018,0,/fielddata/mapmatrix/map_matrix.narc,267,18,,7320,7339,5308,5327,19,96deed213724689542113972467be8d246919d3707991412f4d455737bace32b,010200000a6d5f64756e303531305f59,,,,,False,,,,,,,,,,False,False
/fielddata/mapmatrix/map_matrix.narc,/fielddata/mapmatrix/map_matrix.narc!/member_00019,0,/fielddata/mapmatrix/map_matrix.narc,267,19,,7340,7357,5328,5345,17,f01ddf29ba0f5ec63dfb851cabda4002ade544491a687d15561a46a4497b9f58,010100000a6d5f64756e303531315f5b,,,,,False,,,,,,,,,,False,False
/fielddata/mapmatrix/map_matrix.narc,/fielddata/mapmatrix/map_matrix.narc!/member_00020,0,/fielddata/mapmatrix/map_matrix.narc,267,20,,7360,7379,5348,5367,19,4457c2fc439f461338970993491a17cbfa451ea7812e831acd3312ee1fee7426,010200000a6d5f64756e303531325f5c,,,,,False,,,,,,,,,,False,False
/fielddata/mapmatrix/map_matrix.narc,/fielddata/mapmatrix/map_matrix.narc!/member_00021,0,/fielddata/mapmatrix/map_matrix.narc,267,21,,7380,7399,5368,5387,19,d6483e9c1bfa91223a694853f6ff4889dacf0775cd9de4c45eb28b72a9b0c477,010200000a6d5f64756e303531335f5e,,,,,False,,,,,,,,,,False,False
/fielddata/mapmatrix/map_matrix.narc,/fielddata/mapmatrix/map_matrix.narc!/member_00022,0,/fielddata/mapmatrix/map_matrix.narc,267,22,,7400,7423,5388,5411,23,89a6ecd61ddd4ff4b0efc96e8c4632cc8daf4eb55557b6cca33bae08cf6eec43,020200000a6d5f64756e303531345f60,,,,,False,,,,,,,,,,False,False
/fielddata/mapmatrix/map_matrix.narc,/fielddata/mapmatrix/map_matrix.narc!/member_00023,0,/fielddata/mapmatrix/map_matrix.narc,267,23,,7424,7447,5412,5435,23,0c500f4314fc069a41a71612e71c5930cdaf369b9ace60c245bb18faf22e2c32,020200000a6d5f64756e303531355f64,,,,,False,,,,,,,,,,False,False
/fielddata/mapmatrix/map_matrix.narc,/fielddata/mapmatrix/map_matrix.narc!/member_00024,0,/fielddata/mapmatrix/map_matrix.narc,267,24,,7448,7475,5436,5463,27,d374fe7af4cd0bf87102747becf00d19eacb0c9a211f584dc4b584653c46b0bb,020300000a6d5f64756e303630315f68,,,,,False,,,,,,,,,,False,False
/fielddata/mapmatrix/map_matrix.narc,/fielddata/mapmatrix/map_matrix.narc!/member_00025,0,/fielddata/mapmatrix/map_matrix.narc,267,25,,7476,7493,5464,5481,17,016aa4bad63f8599cc2eb0ed96357ac873108913a1b40c4226cf534b56fee0aa,010100000a6d5f64756e303730315f6e,,,,,False,,,,,,,,,,False,False
/fielddata/mapmatrix/map_matrix.narc,/fielddata/mapmatrix/map_matrix.narc!/member_00026,0,/fielddata/mapmatrix/map_matrix.narc,267,26,,7496,7513,5484,5501,17,6814d3cef9ea10db01a2387e7d3e64c5711ce233a384f89015df051c1d1dbc5a,010100000a6d5f64756e303730325f6f,,,,,False,,,,,,,,,,False,False
/fielddata/mapmatrix/map_matrix.narc,/fielddata/mapmatrix/map_matrix.narc!/member_00027,0,/fielddata/mapmatrix/map_matrix.narc,267,27,,7516,7533,5504,5521,17,006bf33e1d8fcfbcc60e7286ae81d6555314b0a013ff54fe16ae71c36f414b6b,010100000a6d5f64756e303730335f70,,,,,False,,,,,,,,,,False,False
/fielddata/mapmatrix/map_matrix.narc,/fielddata/mapmatrix/map_matrix.narc!/member_00028,0,/fielddata/mapmatrix/map_matrix.narc,267,28,,7536,7553,5524,5541,17,4b49217fdb4be04ef5d4c2dcc4a5ac0d6b6d76b6993c6b5e40fa67ac4cc78f40,010100000a6d5f64756e303730345f71,,,,,False,,,,,,,,,,False,False
/fielddata/mapmatrix/map_matrix.narc,/fielddata/mapmatrix/map_matrix.narc!/member_00029,0,/fielddata/mapmatrix/map_matrix.narc,267,29,,7556,7573,5544,5561,17,0542b75b2fa5ec1db57d68d81531f6601eb574b6624e3325e40456de5901372f,010100000a6d5f64756e303730355f72,,,,,False,,,,,,,,,,False,False
/fielddata/mapmatrix/map_matrix.narc,/fielddata/mapmatrix/map_matrix.narc!/member_00030,0,/fielddata/mapmatrix/map_matrix.narc,267,30,,7576,7593,5564,5581,17,2ccbd7b67069278c2d21b9c921f2d253bd3ce5eae3bbb5fc30dffc21362ec7b0,010100000a6d5f64756e303730365f73,,,,,False,,,,,,,,,,False,False
/fielddata/mapmatrix/map_matrix.narc,/fielddata/mapmatrix/map_matrix.narc!/member_00031,0,/fielddata/mapmatrix/map_matrix.narc,267,31,,7596,7613,5584,5601,17,13906df0ada46ba4911bb22ab66ef19ba5269262e3617fffaec48c0f9ee6ebfa,010100000a6d5f64756e303730375f74,,,,,False,,,,,,,,,,False,False
/fielddata/mapmatrix/map_matrix.narc,/fielddata/mapmatrix/map_matrix.narc!/member_00032,0,/fielddata/mapmatrix/map_matrix.narc,267,32,,7616,7633,5604,5621,17,f84c8e27c17802d0030e4de018cb68d7918151dc58d953126fb942c599328098,010100000a6d5f64756e303730385f75,,,,,False,,,,,,,,,,False,False
/fielddata/mapmatrix/map_matrix.narc,/fielddata/mapmatrix/map_matrix.narc!/member_00033,0,/fielddata/mapmatrix/map_matrix.narc,267,33,,7636,7653,5624,5641,17,db7db3b66bac4d42d041f277ad69bf47ab904425938e3b42579aefec20d53c3e,010100000a6d5f64756e303730395f76,,,,,False,,,,,,,,,,False,False
/fielddata/mapmatrix/map_matrix.narc,/fielddata/mapmatrix/map_matrix.narc!/member_00034,0,/fielddata/mapmatrix/map_matrix.narc,267,34,,7656,7673,5644,5661,17,091a85adb35aa6bdebadc960b609c932c6d1c6948a86410cedd322ccafda8443,010100000a6d5f64756e303731305f77,,,,,False,,,,,,,,,,False,False
/fielddata/mapmatrix/map_matrix.narc,/fielddata/mapmatrix/map_matrix.narc!/member_00035,0,/fielddata/mapmatrix/map_matrix.narc,267,35,,7676,7693,5664,5681,17,e96a29000cc06b13a80129a1ea37e1b667d5ff248109f38cd6c98a7bc44ac0ee,010100000a6d5f64756e303731315f78,,,,,False,,,,,,,,,,False,False
/fielddata/mapmatrix/map_matrix.narc,/fielddata/mapmatrix/map_matrix.narc!/member_00036,0,/fielddata/mapmatrix/map_matrix.narc,267,36,,7696,7713,5684,5701,17,f5b28d99adfbd0213674bc9f7736926bb2c8d4769038840b8d01987b77c12ba3,010100000a6d5f64756e303731325f79,,,,,False,,,,,,,,,,False,False
/fielddata/mapmatrix/map_matrix.narc,/fielddata/mapmatrix/map_matrix.narc!/member_00037,0,/fielddata/mapmatrix/map_matrix.narc,267,37,,7716,7733,5704,5721,17,61df6182ab1704976f701bf72c3195f38ea7a14b613d764e298303d8273ee78d,010100000a6d5f64756e303731335f7a,,,,,False,,,,,,,,,,False,False
/fielddata/mapmatrix/map_matrix.narc,/fielddata/mapmatrix/map_matrix.narc!/member_00038,0,/fielddata/mapmatrix/map_matrix.narc,267,38,,7736,7753,5724,5741,17,074ff8ac29b18eea715ac97beb710983af4661bcb00c467276a620e244886c8d,010100000a6d5f64756e303731345f7b,,,,,False,,,,,,,,,,False,False
/fielddata/mapmatrix/map_matrix.narc,/fielddata/mapmatrix/map_matrix.narc!/member_00039,0,/fielddata/mapmatrix/map_matrix.narc,267,39,,7756,7773,5744,5761,17,31afeaffc7625947f1cd3a95fdc1feb66296671c0c1613c1f89cde445148046d,010100000a6d5f64756e303731355f7c,,,,,False,,,,,,,,,,False,False
/fielddata/mapmatrix/map_matrix.narc,/fielddata/mapmatrix/map_matrix.narc!/member_00040,0,/fielddata/mapmatrix/map_matrix.narc,267,40,,7776,7793,5764,5781,17,c30b6f58f48312f8026056da94bb36170bfaadc716144618c33a469cfed39aa6,010100000a6d5f64756e303731365f7d,,,,,False,,,,,,,,,,False,False
/fielddata/mapmatrix/map_matrix.narc,/fielddata/mapmatrix/map_matrix.narc!/member_00041,0,/fielddata/mapmatrix/map_matrix.narc,267,41,,7796,7813,5784,5801,17,933f08420ce6b99b66d611e6d43e4c7c6056052e420bf388f677263a17e917fb,010100000a6d5f64756e303731375f7e,,,,,False,,,,,,,,,,False,False
/fielddata/mapmatrix/map_matrix.narc,/fielddata/mapmatrix/map_matrix.narc!/member_00042,0,/fielddata/mapmatrix/map_matrix.narc,267,42,,7816,7833,5804,5821,17,b3e272e55fc5c69a5cd8449e942b27162b0a4c6274bb1208ce799e29941c4e8a,010100000a6d5f64756e303731385f7f,,,,,False,,,,,,,,,,False,False
/fielddata/mapmatrix/map_matrix.narc,/fielddata/mapmatrix/map_matrix.narc!/member_00043,0,/fielddata/mapmatrix/map_matrix.narc,267,43,,7836,7863,5824,5851,27,1ae942d24168894e286e37f0867898b082d1229502f07673372654a95e23ef97,020300000a6d5f64756e303930315f80,,,,,False,,,,,,,,,,False,False
/fielddata/mapmatrix/map_matrix.narc,/fielddata/mapmatrix/map_matrix.narc!/member_00044,0,/fielddata/mapmatrix/map_matrix.narc,267,44,,7864,7887,5852,5875,23,44630926d558001c75bbd50cd446eae92977e23c88862f683e75d325cab8be58,020200000a6d5f64756e303930325f86,,,,,False,,,,,,,,,,False,False
/fielddata/mapmatrix/map_matrix.narc,/fielddata/mapmatrix/map_matrix.narc!/member_00045,0,/fielddata/mapmatrix/map_matrix.narc,267,45,,7888,7911,5876,5899,23,c3441161c2bf37fc80ffd698788d964b16a1a4c9e03fb8feeafbd464574a3575,020200000a6d5f64756e303930335f8a,,,,,False,,,,,,,,,,False,False
/fielddata/mapmatrix/map_matrix.narc,/fielddata/mapmatrix/map_matrix.narc!/member_00046,0,/fielddata/mapmatrix/map_matrix.narc,267,46,,7912,7935,5900,5923,23,4874b791ce430704141c3d1e7342953e8ccf7fcf8a04e58eb5f1ed686ec00829,020200000a6d5f64756e303930345f8e,,,,,False,,,,,,,,,,False,False
/fielddata/mapmatrix/map_matrix.narc,/fielddata/mapmatrix/map_matrix.narc!/member_00047,0,/fielddata/mapmatrix/map_matrix.narc,267,47,,7936,7953,5924,5941,17,cb11552467835d1610d0ee7e339e89a022bbb596a00fc6feebae81d7d07c4d11,010100000a6d5f64756e303930355f92,,,,,False,,,,,,,,,,False,False
/fielddata/mapmatrix/map_matrix.narc,/fielddata/mapmatrix/map_matrix.narc!/member_00048,0,/fielddata/mapmatrix/map_matrix.narc,267,48,,7956,7973,5944,5961,17,f9f45815be78e7212051368949a30dfc8dff83e22d0574650f19f78f145a3406,010100000a6d5f64756e303930365f93,,,,,False,,,,,,,,,,False,False
/fielddata/mapmatrix/map_matrix.narc,/fielddata/mapmatrix/map_matrix.narc!/member_00049,0,/fielddata/mapmatrix/map_matrix.narc,267,49,,7976,7999,5964,5987,23,b98a3e012797be4405c2b03f56776a1d6c9566303a3ad9d3e2ffb863c93bfd7c,020200000a6d5f64756e313030315f94,,,,,False,,,,,,,,,,False,False
/fielddata/mapmatrix/map_matrix.narc,/fielddata/mapmatrix/map_matrix.narc!/member_00050,0,/fielddata/mapmatrix/map_matrix.narc,267,50,,8000,8023,5988,6011,23,d06ccf916a785022d2d8b50c98eb55f1016b40803555bed0ae458710cf236c7a,020200000a6d5f64756e313130315f98,,,,,False,,,,,,,,,,False,False
/fielddata/mapmatrix/map_matrix.narc,/fielddata/mapmatrix/map_matrix.narc!/member_00051,0,/fielddata/mapmatrix/map_matrix.narc,267,51,,8024,8043,6012,6031,19,e312150dea6402997af988ed4794887c013dc20a9f60a8ab80e313d42bd2fbea,010200000a6d5f64756e313230315f9c,,,,,False,,,,,,,,,,False,False
/fielddata/mapmatrix/map_matrix.narc,/fielddata/mapmatrix/map_matrix.narc!/member_00052,0,/fielddata/mapmatrix/map_matrix.narc,267,52,,8044,8067,6032,6055,23,2ba43e5413b52326b59a9ce0d22d89d205d7a74cbb6851f5bb6f003c2d024dec,020200000a6d5f64756e313330315f9e,,,,,False,,,,,,,,,,False,False
/fielddata/mapmatrix/map_matrix.narc,/fielddata/mapmatrix/map_matrix.narc!/member_00053,0,/fielddata/mapmatrix/map_matrix.narc,267,53,,8068,8085,6056,6073,17,2916696f7a60e30a5e7f6f8d0b83bd7931dfba5883682e335d8cd073fe9c9826,010100000a6d5f64756e313530315fa5,,,,,False,,,,,,,,,,False,False
/fielddata/mapmatrix/map_matrix.narc,/fielddata/mapmatrix/map_matrix.narc!/member_00054,0,/fielddata/mapmatrix/map_matrix.narc,267,54,,8088,8111,6076,6099,23,8d6199c26f5c7b35d690e18cf18221af1a6ed8b8be46b3fdaaae94d6fa2766e1,020200000a6d5f64756e313530325fa6,,,,,False,,,,,,,,,,False,False
/fielddata/mapmatrix/map_matrix.narc,/fielddata/mapmatrix/map_matrix.narc!/member_00055,0,/fielddata/mapmatrix/map_matrix.narc,267,55,,8112,8135,6100,6123,23,f3c9b5c7bd3d9b22e419db22d53e83f98374e61723caf8eba594c6daeb9d3d5f,020200000a6d5f64756e313530335faa,,,,,False,,,,,,,,,,False,False
/fielddata/mapmatrix/map_matrix.narc,/fielddata/mapmatrix/map_matrix.narc!/member_00056,0,/fielddata/mapmatrix/map_matrix.narc,267,56,,8136,8153,6124,6141,17,3a93291f1c0cbd6d907ec832bcd1d3589f8c43d1654e735e3c5d395841b4206a,010100000a6d5f64756e313530345fae,,,,,False,,,,,,,,,,False,False
/fielddata/mapmatrix/map_matrix.narc,/fielddata/mapmatrix/map_matrix.narc!/member_00057,0,/fielddata/mapmatrix/map_matrix.narc,267,57,,8156,8175,6144,6163,19,8d1fe3bcbf1b00226b355ab8e2cbc7aa83dc7d877cfe781cbb513bb1ed93c029,020100000a6d5f64756e313630315faf,,,,,False,,,,,,,,,,False,False
/fielddata/mapmatrix/map_matrix.narc,/fielddata/mapmatrix/map_matrix.narc!/member_00058,0,/fielddata/mapmatrix/map_matrix.narc,267,58,,8176,8209,6164,6197,33,74a7a5f37326ad219522ae7875a0cee98b5489733e8ef8996de47629492fd317,030300000a6d5f64756e313630325fb1,,,,,False,,,,,,,,,,False,False
/fielddata/mapmatrix/map_matrix.narc,/fielddata/mapmatrix/map_matrix.narc!/member_00059,0,/fielddata/mapmatrix/map_matrix.narc,267,59,,8212,8229,6200,6217,17,ea6933bc4f9065eed111071154d5eed2c3ba3ef7a29723e0ef71af8d3c192419,010100000a6d5f64756e313630335fba,,,,,False,,,,,,,,,,False,False
/fielddata/mapmatrix/map_matrix.narc,/fielddata/mapmatrix/map_matrix.narc!/member_00060,0,/fielddata/mapmatrix/map_matrix.narc,267,60,,8232,8255,6220,6243,23,5048b6f6b758741bb252db659c1dfd3069c2fa87d75897230f853ac1ebb37e64,020200000a6d5f64756e313730315fbb,,,,,False,,,,,,,,,,False,False
/fielddata/mapmatrix/map_matrix.narc,/fielddata/mapmatrix/map_matrix.narc!/member_00061,0,/fielddata/mapmatrix/map_matrix.narc,267,61,,8256,8273,6244,6261,17,5d24da88a67976aa9f9a64f380c4ab35613e2b0ce501153f3f04cf05a61ab007,010100000a6d5f64756e313730325fbf,,,,,False,,,,,,,,,,False,False
/fielddata/mapmatrix/map_matrix.narc,/fielddata/mapmatrix/map_matrix.narc!/member_00062,0,/fielddata/mapmatrix/map_matrix.narc,267,62,,8276,8293,6264,6281,17,c40212d4b59c19a401753a4072a65026788cb12f317b4efb136b3b1f48b95d15,010100000a6d5f64756e313730335fc0,,,,,False,,,,,,,,,,False,False
/fielddata/mapmatrix/map_matrix.narc,/fielddata/mapmatrix/map_matrix.narc!/member_00063,0,/fielddata/mapmatrix/map_matrix.narc,267,63,,8296,8313,6284,6301,17,db6caa1bf0d5268c4d412942bc1dfa6541525de436526340637bcd051d29a887,010100000a6d5f64756e313730345fc1,,,,,False,,,,,,,,,,False,False
/fielddata/mapmatrix/map_matrix.narc,/fielddata/mapmatrix/map_matrix.narc!/member_00064,0,/fielddata/mapmatrix/map_matrix.narc,267,64,,8316,8333,6304,6321,17,597a6dab77436d13f2c954492ca0d91b0100dddd253dc61da20c694b64b0412c,010100000a6d5f64756e313730355fc2,,,,,False,,,,,,,,,,False,False
/fielddata/mapmatrix/map_matrix.narc,/fielddata/mapmatrix/map_matrix.narc!/member_00065,0,/fielddata/mapmatrix/map_matrix.narc,267,65,,8336,8353,6324,6341,17,b44fc720a294e0beb11ce30a20c5b649f36d2c7f6cebb076f5b71071db10df7a,010100000a6d5f64756e313730365fc3,,,,,False,,,,,,,,,,False,False
/fielddata/mapmatrix/map_matrix.narc,/fielddata/mapmatrix/map_matrix.narc!/member_00066,0,/fielddata/mapmatrix/map_matrix.narc,267,66,,8356,8373,6344,6361,17,03ae551a415b0531d3caa86f6a6beb4b86e70d71e33a06cd1c143c54ba21526d,010100000a6d5f64756e313730375fc4,,,,,False,,,,,,,,,,False,False
/fielddata/mapmatrix/map_matrix.narc,/fielddata/mapmatrix/map_matrix.narc!/member_00067,0,/fielddata/mapmatrix/map_matrix.narc,267,67,,8376,8393,6364,6381,17,548b6343a1f01bb862025ce0a4dea813d2a4f3bbcb274abcb619f8d27ad0bc16,010100000a6d5f64756e313830315fc5,,,,,False,,,,,,,,,,False,False
/fielddata/mapmatrix/map_matrix.narc,/fielddata/mapmatrix/map_matrix.narc!/member_00068,0,/fielddata/mapmatrix/map_matrix.narc,267,68,,8396,8413,6384,6401,17,8b15da1a39770ede4395b664add0e89c5d3117945294ecdd01373bc2f5cca3e4,010100000a6d5f64756e323030315fc6,,,,,False,,,,,,,,,,False,False
/fielddata/mapmatrix/map_matrix.narc,/fielddata/mapmatrix/map_matrix.narc!/member_00069,0,/fielddata/mapmatrix/map_matrix.narc,267,69,,8416,8433,6404,6421,17,b1f0a9720bd3b6e992bc9998031930bb53528f0ff3ca28b50faaf00379958f02,010100000a6d5f64756e323030325fc7,,,,,False,,,,,,,,,,False,False
/fielddata/mapmatrix/map_matrix.narc,/fielddata/mapmatrix/map_matrix.narc!/member_00070,0,/fielddata/mapmatrix/map_matrix.narc,267,70,,8436,8453,6424,6441,17,69592662a095a88d590891f290c31b7c39df4664564ba23a4017169f349fb9d6,010100000a6d5f64756e323030335fc8,,,,,False,,,,,,,,,,False,False
/fielddata/mapmatrix/map_matrix.narc,/fielddata/mapmatrix/map_matrix.narc!/member_00071,0,/fielddata/mapmatrix/map_matrix.narc,267,71,,8456,8473,6444,6461,17,23d71f9615c8a860c65dba7e92d0c34b498bb641f86f8b2c5a79e38d564e8f48,010100000a6d5f64756e323030345fc9,,,,,False,,,,,,,,,,False,False
/fielddata/mapmatrix/map_matrix.narc,/fielddata/mapmatrix/map_matrix.narc!/member_00072,0,/fielddata/mapmatrix/map_matrix.narc,267,72,,8476,8493,6464,6481,17,eee3efd49722e92b10121200a0afa968672d19c3a0c44601f0cb4d3c1fcf25d2,010100000a6d5f64756e323030355fca,,,,,False,,,,,,,,,,False,False
/fielddata/mapmatrix/map_matrix.narc,/fielddata/mapmatrix/map_matrix.narc!/member_00073,0,/fielddata/mapmatrix/map_matrix.narc,267,73,,8496,8513,6484,6501,17,4803d042021e8c7d983f2955e6ffc74792a374da61b1b1d7b4c79344215467ca,010100000a6d5f64756e323030365fcb,,,,,False,,,,,,,,,,False,False
/fielddata/mapmatrix/map_matrix.narc,/fielddata/mapmatrix/map_matrix.narc!/member_00074,0,/fielddata/mapmatrix/map_matrix.narc,267,74,,8516,8543,6504,6531,27,e2045e6b16c0400839021dd71715cf212558bb7452a047ded3a1ee735f6ce7ab,030200000a6d5f64756e323130315fcc,,,,,False,,,,,,,,,,False,False
/fielddata/mapmatrix/map_matrix.narc,/fielddata/mapmatrix/map_matrix.narc!/member_00075,0,/fielddata/mapmatrix/map_matrix.narc,267,75,,8544,8567,6532,6555,23,f5f48c6eb204cbae002891261cf0cc8d998ad7aa19d7f430977c8e211e188802,020200000a6d5f64756e323130325fd2,,,,,False,,,,,,,,,,False,False
/fielddata/mapmatrix/map_matrix.narc,/fielddata/mapmatrix/map_matrix.narc!/member_00076,0,/fielddata/mapmatrix/map_matrix.narc,267,76,,8568,8585,6556,6573,17,56001f3db0e6454c2b120a5a71ded11e76bdd90b58cc7ef16c42fbb87a8835b4,010100000a6d5f64756e323230315fd6,,,,,False,,,,,,,,,,False,False
/fielddata/mapmatrix/map_matrix.narc,/fielddata/mapmatrix/map_matrix.narc!/member_00077,0,/fielddata/mapmatrix/map_matrix.narc,267,77,,8588,8607,6576,6595,19,86295882bf4d80a3fe3c3a165c3cd7aaf35a32b862911061d242ce2792895d58,020100000a6d5f64756e323230325fd7,,,,,False,,,,,,,,,,False,False
/fielddata/mapmatrix/map_matrix.narc,/fielddata/mapmatrix/map_matrix.narc!/member_00078,0,/fielddata/mapmatrix/map_matrix.narc,267,78,,8608,8629,6596,6617,21,656900255b0e25ea3ac7f110da19898f1c1ef527a2de4a7818f7fb3da5721148,030100000a6d5f64756e323230335fd9,,,,,False,,,,,,,,,,False,False
/fielddata/mapmatrix/map_matrix.narc,/fielddata/mapmatrix/map_matrix.narc!/member_00079,0,/fielddata/mapmatrix/map_matrix.narc,267,79,,8632,8649,6620,6637,17,3e64aef82cdce608296e48a0513c03677d50a90cdb4275f804394e9133b4a686,010100000a6d5f64756e323330315fdc,,,,,False,,,,,,,,,,False,False
/fielddata/mapmatrix/map_matrix.narc,/fielddata/mapmatrix/map_matrix.narc!/member_00080,0,/fielddata/mapmatrix/map_matrix.narc,267,80,,8652,8669,6640,6657,17,5eeb5aecbf89ec307cacb57e3bfda6aed81864f6c1d172e275e9de16ada66a96,010100000a6d5f64756e323430315fdd,,,,,False,,,,,,,,,,False,False
/fielddata/mapmatrix/map_matrix.narc,/fielddata/mapmatrix/map_matrix.narc!/member_00081,0,/fielddata/mapmatrix/map_matrix.narc,267,81,,8672,8689,6660,6677,17,d496f5f0fd00689e12bbcae81c41a87ee4e70f3527f5a31206fbb637478429c9,010100000a6d5f64756e323430325fde,,,,,False,,,,,,,,,,False,False
/fielddata/mapmatrix/map_matrix.narc,/fielddata/mapmatrix/map_matrix.narc!/member_00082,0,/fielddata/mapmatrix/map_matrix.narc,267,82,,8692,8709,6680,6697,17,0f064ec14ca213e9345eafc8b560aa5c2aafd1f148b1528000ae3b71ac4576f0,010100000a6d5f64756e323430335fdf,,,,,False,,,,,,,,,,False,False
/fielddata/mapmatrix/map_matrix.narc,/fielddata/mapmatrix/map_matrix.narc!/member_00083,0,/fielddata/mapmatrix/map_matrix.narc,267,83,,8712,8729,6700,6717,17,ad2c36d8ae9d96397ce4d55e95456ef1940ae75be9ce29d0e432a7bac88615be,010100000a6d5f64756e323430345fe0,,,,,False,,,,,,,,,,False,False
/fielddata/mapmatrix/map_matrix.narc,/fielddata/mapmatrix/map_matrix.narc!/member_00084,0,/fielddata/mapmatrix/map_matrix.narc,267,84,,8732,8755,6720,6743,23,ac15bbb0b59c209170756ce4fcfed289d60004129490f3426a6bf41797dabd62,020200000a6d5f64756e323430355fe1,,,,,False,,,,,,,,,,False,False
/fielddata/mapmatrix/map_matrix.narc,/fielddata/mapmatrix/map_matrix.narc!/member_00085,0,/fielddata/mapmatrix/map_matrix.narc,267,85,,8756,8773,6744,6761,17,5c0ca789759a24a5c57fb6018e2cc3534373d67a0154463d34a95432ca4e7e4c,010100000a6d5f64756e323430365fe5,,,,,False,,,,,,,,,,False,False
/fielddata/mapmatrix/map_matrix.narc,/fielddata/mapmatrix/map_matrix.narc!/member_00086,0,/fielddata/mapmatrix/map_matrix.narc,267,86,,8776,8793,6764,6781,17,75f310efdd4c2d83d2eb7bbc8de6bfcaef1e0b999275f7f0b90d053c5e141dc7,010100000a6d5f64756e323530315fe6,,,,,False,,,,,,,,,,False,False
/fielddata/mapmatrix/map_matrix.narc,/fielddata/mapmatrix/map_matrix.narc!/member_00087,0,/fielddata/mapmatrix/map_matrix.narc,267,87,,8796,8815,6784,6803,19,54e3784f59ae12ef20e7433f78a9f76a26d6f60273e99145699c9f7743a8685d,020100000a6d5f64756e323530325fe7,,,,,False,,,,,,,,,,False,False
/fielddata/mapmatrix/map_matrix.narc,/fielddata/mapmatrix/map_matrix.narc!/member_00088,0,/fielddata/mapmatrix/map_matrix.narc,267,88,,8816,8833,6804,6821,17,32caaf33e518b50ae3a491420f6c7bb4a7f1b094500a5b5125c885cb6716b4da,010100000a6d5f64756e323530335fe9,,,,,False,,,,,,,,,,False,False
/fielddata/mapmatrix/map_matrix.narc,/fielddata/mapmatrix/map_matrix.narc!/member_00089,0,/fielddata/mapmatrix/map_matrix.narc,267,89,,8836,8855,6824,6843,19,5f8a046da5825c99206e8ed91fe5d9270b8ea6bea4539ef325e50b0c0b445f65,020100000a6d5f64756e323530345fea,,,,,False,,,,,,,,,,False,False
/fielddata/mapmatrix/map_matrix.narc,/fielddata/mapmatrix/map_matrix.narc!/member_00090,0,/fielddata/mapmatrix/map_matrix.narc,267,90,,8856,8873,6844,6861,17,89d527eb6234513f6d9be9a559b6c74bd20b75a5f696ad2975fc1db2204e1ba7,010100000a6d5f64756e323530355fec,,,,,False,,,,,,,,,,False,False
/fielddata/mapmatrix/map_matrix.narc,/fielddata/mapmatrix/map_matrix.narc!/member_00091,0,/fielddata/mapmatrix/map_matrix.narc,267,91,,8876,8893,6864,6881,17,723c85059b516f0899fd0f97fb54391fab51df101bfc3612419917d929597f6a,010100000a6d5f64756e323530365fed,,,,,False,,,,,,,,,,False,False
/fielddata/mapmatrix/map_matrix.narc,/fielddata/mapmatrix/map_matrix.narc!/member_00092,0,/fielddata/mapmatrix/map_matrix.narc,267,92,,8896,8913,6884,6901,17,8eb8c8e996be56d51b0741b01c2136ff821f31e36712dd6051632ae28e80a2bd,010100000a6d5f64756e323530375fee,,,,,False,,,,,,,,,,False,False
/fielddata/mapmatrix/map_matrix.narc,/fielddata/mapmatrix/map_matrix.narc!/member_00093,0,/fielddata/mapmatrix/map_matrix.narc,267,93,,8916,8933,6904,6921,17,42dc124a30aee2ccd2aa51b41be07bfa13c86b7ed190a0c77c7fadc9acea859b,010100000a6d5f64756e323530385fef,,,,,False,,,,,,,,,,False,False
/fielddata/mapmatrix/map_matrix.narc,/fielddata/mapmatrix/map_matrix.narc!/member_00094,0,/fielddata/mapmatrix/map_matrix.narc,267,94,,8936,8953,6924,6941,17,9cb135a107dcc290d69b280629f557c42924df8e7a60514bf8e2077fd9cbfb4e,010100000a6d5f64756e323530395ff0,,,,,False,,,,,,,,,,False,False
/fielddata/mapmatrix/map_matrix.narc,/fielddata/mapmatrix/map_matrix.narc!/member_00095,0,/fielddata/mapmatrix/map_matrix.narc,267,95,,8956,8975,6944,6963,19,e9eadaf0ed9a616f9cba58360d5af49b68182838af0ebaa75ca91a916ade3843,020100000a6d5f64756e323630315ff1,,,,,False,,,,,,,,,,False,False
/fielddata/mapmatrix/map_matrix.narc,/fielddata/mapmatrix/map_matrix.narc!/member_00096,0,/fielddata/mapmatrix/map_matrix.narc,267,96,,8976,8995,6964,6983,19,7634b121d35329c989b4c481415c52372d5f2cf8bda11e2b2b337dbbe4123247,020100000a6d5f64756e323630325ff3,,,,,False,,,,,,,,,,False,False
/fielddata/mapmatrix/map_matrix.narc,/fielddata/mapmatrix/map_matrix.narc!/member_00097,0,/fielddata/mapmatrix/map_matrix.narc,267,97,,8996,9015,6984,7003,19,0c81271128aa0e78f73baf6291abda24e24a3f1cca12f8a9b337befaa53f5e28,020100000a6d5f64756e323630335ff5,,,,,False,,,,,,,,,,False,False
/fielddata/mapmatrix/map_matrix.narc,/fielddata/mapmatrix/map_matrix.narc!/member_00098,0,/fielddata/mapmatrix/map_matrix.narc,267,98,,9016,9033,7004,7021,17,796e540814d0f714799a276bac1bbf6135ccda1cf80cc3747afed067bb0cf490,010100000a6d5f64756e323630345ff7,,,,,False,,,,,,,,,,False,False
/fielddata/mapmatrix/map_matrix.narc,/fielddata/mapmatrix/map_matrix.narc!/member_00099,0,/fielddata/mapmatrix/map_matrix.narc,267,99,,9036,9057,7024,7045,21,ab424b17cd97ae5ae14f20e4a77089c91e94609a76b936d60c0f523ca6da56dc,030100000a6d5f64756e323630355ff8,,,,,False,,,,,,,,,,False,False
/fielddata/mapmatrix/map_matrix.narc,/fielddata/mapmatrix/map_matrix.narc!/member_00100,0,/fielddata/mapmatrix/map_matrix.narc,267,100,,9060,9077,7048,7065,17,a70b3ddde679257439949c82fc4ffab2c6c37e1491232772c619b0452a56b0b5,010100000a6d5f64756e323630365ffb,,,,,False,,,,,,,,,,False,False
/fielddata/mapmatrix/map_matrix.narc,/fielddata/mapmatrix/map_matrix.narc!/member_00101,0,/fielddata/mapmatrix/map_matrix.narc,267,101,,9080,9107,7068,7095,27,2e4567cbb12f02e3a38a84fc2bab1c807d31cf15858028e207add2e4ebcc290e,030200000a6d5f64756e323730315ffc,,,,,False,,,,,,,,,,False,False
/fielddata/mapmatrix/map_matrix.narc,/fielddata/mapmatrix/map_matrix.narc!/member_00102,0,/fielddata/mapmatrix/map_matrix.narc,267,102,,9108,9135,7096,7123,27,b2b6943292fa0c63c1a22e4fb0f457a3c359fc4714d41b93fe755b815e916506,030200000a6d5f64756e323730325f02,,,,,False,,,,,,,,,,False,False
/fielddata/mapmatrix/map_matrix.narc,/fielddata/mapmatrix/map_matrix.narc!/member_00103,0,/fielddata/mapmatrix/map_matrix.narc,267,103,,9136,9153,7124,7141,17,d371750f5b4aac9d8670210f5b55ed768b4f440766f9b2b30da6bcffe857bbc1,010100000a6d5f64756e323730335f08,,,,,False,,,,,,,,,,False,False
/fielddata/mapmatrix/map_matrix.narc,/fielddata/mapmatrix/map_matrix.narc!/member_00104,0,/fielddata/mapmatrix/map_matrix.narc,267,104,,9156,9179,7144,7167,23,24c858ac14aff118a3a4bbeb70f865cfe9be8b37351f06ae321a19a3d40b3ebf,020200000a6d5f64756e323830315f09,,,,,False,,,,,,,,,,False,False
/fielddata/mapmatrix/map_matrix.narc,/fielddata/mapmatrix/map_matrix.narc!/member_00105,0,/fielddata/mapmatrix/map_matrix.narc,267,105,,9180,9203,7168,7191,23,3fbb4a6407951a062f655aa13b27a8e4d8db1fd61765beaf8200576444f7a12c,020200000a6d5f64756e323830325f0d,,,,,False,,,,,,,,,,False,False
/fielddata/mapmatrix/map_matrix.narc,/fielddata/mapmatrix/map_matrix.narc!/member_00106,0,/fielddata/mapmatrix/map_matrix.narc,267,106,,9204,9221,7192,7209,17,08dac8f12b19a16c0daf087c211d749388705ff7b4a537069d6d0a4368d25f94,010100000a6d5f64756e323830335f11,,,,,False,,,,,,,,,,False,False
/fielddata/mapmatrix/map_matrix.narc,/fielddata/mapmatrix/map_matrix.narc!/member_00107,0,/fielddata/mapmatrix/map_matrix.narc,267,107,,9224,9247,7212,7235,23,f8961aeae258426d62bc88ef9d63ceeb9033debb5ff250995e8a9f4914acc295,020200000a6d5f64756e323930315f12,,,,,False,,,,,,,,,,False,False
/fielddata/mapmatrix/map_matrix.narc,/fielddata/mapmatrix/map_matrix.narc!/member_00108,0,/fielddata/mapmatrix/map_matrix.narc,267,108,,9248,9271,7236,7259,23,d0464da4aec1d107c4d9726e9112e48393b99bab69fc019f5eda3e99e6bda0a4,020200000a6d5f64756e323930325f16,,,,,False,,,,,,,,,,False,False
/fielddata/mapmatrix/map_matrix.narc,/fielddata/mapmatrix/map_matrix.narc!/member_00109,0,/fielddata/mapmatrix/map_matrix.narc,267,109,,9272,9289,7260,7277,17,357059e27ebba9ff70159b38ca4554fb584a1b0a9f2be302d10ad9f29632762c,010100000a6d5f64756e323930335f1a,,,,,False,,,,,,,,,,False,False
/fielddata/mapmatrix/map_matrix.narc,/fielddata/mapmatrix/map_matrix.narc!/member_00110,0,/fielddata/mapmatrix/map_matrix.narc,267,110,,9292,9309,7280,7297,17,e0e7ffc319600d9d0a61e55387315523f9a20a9a1414998929fca7fb1f76388f,010100000a6d5f64756e333030315f1b,,,,,False,,,,,,,,,,False,False
/fielddata/mapmatrix/map_matrix.narc,/fielddata/mapmatrix/map_matrix.narc!/member_00111,0,/fielddata/mapmatrix/map_matrix.narc,267,111,,9312,9329,7300,7317,17,cc9f24869e5d0b4f2f5ecd4bead5fece31281e2b4d2b47137ce4f551ca0bcedd,01020000086d5f67796d30315fde00df,,,,,False,,,,,,,,,,False,False
/fielddata/mapmatrix/map_matrix.narc,/fielddata/mapmatrix/map_matrix.narc!/member_00112,0,/fielddata/mapmatrix/map_matrix.narc,267,112,,9332,9347,7320,7335,15,cafdbd8353cf58325cac0a351ceffc85d6ab46a7bf8d4ce01ea7f34286caf1b1,01010000086d5f67796d30325fe000,,,,,False,,,,,,,,,,False,False
/fielddata/mapmatrix/map_matrix.narc,/fielddata/mapmatrix/map_matrix.narc!/member_00113,0,/fielddata/mapmatrix/map_matrix.narc,267,113,,9348,9363,7336,7351,15,021844c8bc1358340243b405b9ebdfbf0032608db312e2d81f7dcff4f76a51ef,01010000086d5f67796d30335fe400,,,,,False,,,,,,,,,,False,False
/fielddata/mapmatrix/map_matrix.narc,/fielddata/mapmatrix/map_matrix.narc!/member_00114,0,/fielddata/mapmatrix/map_matrix.narc,267,114,,9364,9379,7352,7367,15,cbbd982336b3a61fb5f6b4256358a9f1c1de6275623545103f94480bfe47c224,01010000086d5f67796d30365fe900,,,,,False,,,,,,,,,,False,False
/fielddata/mapmatrix/map_matrix.narc,/fielddata/mapmatrix/map_matrix.narc!/member_00115,0,/fielddata/mapmatrix/map_matrix.narc,267,115,,9380,9395,7368,7383,15,fb24d5feadf0d0890b6c5d4768f36c1a38e11710b4b7d1029c9c52d35e5f9f68,01010000086d5f67796d30375fea00,,,,,False,,,,,,,,,,False,False
/fielddata/mapmatrix/map_matrix.narc,/fielddata/mapmatrix/map_matrix.narc!/member_00116,0,/fielddata/mapmatrix/map_matrix.narc,267,116,,9396,9410,7384,7398,14,7e69e80030204829a8eddb54e5d450a07fd8f969963e3f49b5f08915d7c022cc,01010000076d5f706330315fbe00,,,,,False,,,,,,,,,,False,False
/fielddata/mapmatrix/map_matrix.narc,/fielddata/mapmatrix/map_matrix.narc!/member_00117,0,/fielddata/mapmatrix/map_matrix.narc,267,117,,9412,9426,7400,7414,14,ce7b8798da6f8056117ec3a87bc41128543ceeccca4c528444c415b29a424148,01010000076d5f706330325fbf00,,,,,False,,,,,,,,,,False,False
/fielddata/mapmatrix/map_matrix.narc,/fielddata/mapmatrix/map_matrix.narc!/member_00118,0,/fielddata/mapmatrix/map_matrix.narc,267,118,,9428,9442,7416,7430,14,016cc1666189ae10ad7bf3d2201866f404a10ab8677dff8ceffe4e9226b8b164,01010000076d5f706330335fc000,,,,,False,,,,,,,,,,False,False
/fielddata/mapmatrix/map_matrix.narc,/fielddata/mapmatrix/map_matrix.narc!/member_00119,0,/fielddata/mapmatrix/map_matrix.narc,267,119,,9444,9458,7432,7446,14,8bf7393cba4a61b1554831e30eb2665d4c85cd6bd410cdbceff33e3a02971ac3,01010000076d5f706330345fc100,,,,,False,,,,,,,,,,False,False
/fielddata/mapmatrix/map_matrix.narc,/fielddata/mapmatrix/map_matrix.narc!/member_00120,0,/fielddata/mapmatrix/map_matrix.narc,267,120,,9460,9474,7448,7462,14,cf0aaa032548868a7c285ba874096a9138636777ea2f012edf30e37c6d725e2a,01010000076d5f706330355fcd00,,,,,False,,,,,,,,,,False,False
/fielddata/mapmatrix/map_matrix.narc,/fielddata/mapmatrix/map_matrix.narc!/member_00121,0,/fielddata/mapmatrix/map_matrix.narc,267,121,,9476,9490,7464,7478,14,df66888f82962129b46d9b9e16cd71528f70eceb2f4fa63dc65d1a93c9771e0d,01010000076d5f706330365feb00,,,,,False,,,,,,,,,,False,False
/fielddata/mapmatrix/map_matrix.narc,/fielddata/mapmatrix/map_matrix.narc!/member_00122,0,/fielddata/mapmatrix/map_matrix.narc,267,122,,9492,9506,7480,7494,14,ea3ee0b5cdd3d5bc0f935f62b86ef06266845dfe98fa929f625221213791dc68,01010000076d5f667330315fbd00,,,,,False,,,,,,,,,,False,False
/fielddata/mapmatrix/map_matrix.narc,/fielddata/mapmatrix/map_matrix.narc!/member_00123,0,/fielddata/mapmatrix/map_matrix.narc,267,123,,9508,9521,7496,7509,13,daf94ecd18bd6b7e16d2cf122c94e925d1b5b895810f3dfc7c51e9cf6d2dd6e3,01010000066d5f6830315fb300,,,,,False,,,,,,,,,,False,False
/fielddata/mapmatrix/map_matrix.narc,/fielddata/mapmatrix/map_matrix.narc!/member_00124,0,/fielddata/mapmatrix/map_matrix.narc,267,124,,9524,9537,7512,7525,13,af54a51c7e6f48348674a32a19a04142164e15b26afd9ccf75c2455dafb922d9,01010000066d5f6830325fb400,,,,,False,,,,,,,,,,False,False
/fielddata/mapmatrix/map_matrix.narc,/fielddata/mapmatrix/map_matrix.narc!/member_00125,0,/fielddata/mapmatrix/map_matrix.narc,267,125,,9540,9553,7528,7541,13,f66ecaaec4a77b4d3b1fa490e1fdfe48fbab2aaed119ad90223ee8b1184d5346,01010000066d5f6830335fb500,,,,,False,,,,,,,,,,False,False
/fielddata/mapmatrix/map_matrix.narc,/fielddata/mapmatrix/map_matrix.narc!/member_00126,0,/fielddata/mapmatrix/map_matrix.narc,267,126,,9556,9572,7544,7560,16,454c09cc0fe5ff1ff23fdb5cd87139dbd2747b6154030b8a995958f3f5f1b779,01010000096d5f6868303130315fb700,,,,,False,,,,,,,,,,False,False
/fielddata/mapmatrix/map_matrix.narc,/fielddata/mapmatrix/map_matrix.narc!/member_00127,0,/fielddata/mapmatrix/map_matrix.narc,267,127,,9572,9588,7560,7576,16,0c4e4c33125db64bb6443dc1a1ad07c5b8e40b3da74040f04ffabcb56fed1324,01010000096d5f6868303130325fb800,,,,,False,,,,,,,,,,False,False
/fielddata/mapmatrix/map_matrix.narc,/fielddata/mapmatrix/map_matrix.narc!/member_00128,0,/fielddata/mapmatrix/map_matrix.narc,267,128,,9588,9604,7576,7592,16,c0e5cb760675354daf5a6c63879325b3675ded81cbe26df64ac7204815df3588,01010000096d5f6868303230315fb900,,,,,False,,,,,,,,,,False,False
/fielddata/mapmatrix/map_matrix.narc,/fielddata/mapmatrix/map_matrix.narc!/member_00129,0,/fielddata/mapmatrix/map_matrix.narc,267,129,,9604,9620,7592,7608,16,d2dd4b1634a1fc12db431a860ae05cd19442a052608d27d17eef0f118c3d2da0,01010000096d5f6868303230325fba00,,,,,False,,,,,,,,,,False,False
/fielddata/mapmatrix/map_matrix.narc,/fielddata/mapmatrix/map_matrix.narc!/member_00130,0,/fielddata/mapmatrix/map_matrix.narc,267,130,,9620,9636,7608,7624,16,a9d5b841892692f8577d5e2a243a984ddceecda9f39c89b8aeec5feea3c0b3a3,01010000096d5f6868303330315fbb00,,,,,False,,,,,,,,,,False,False
/fielddata/mapmatrix/map_matrix.narc,/fielddata/mapmatrix/map_matrix.narc!/member_00131,0,/fielddata/mapmatrix/map_matrix.narc,267,131,,9636,9652,7624,7640,16,cd829c02d8321449bbac9763da39d1b2c932612e1c17da5d60b381601fde535f,01010000096d5f6868303330325fbc00,,,,,False,,,,,,,,,,False,False
/fielddata/mapmatrix/map_matrix.narc,/fielddata/mapmatrix/map_matrix.narc!/member_00132,0,/fielddata/mapmatrix/map_matrix.narc,267,132,,9652,9668,7640,7656,16,078c6d463cdc6f2d6ef704aaec64106abcd3bc489f862bdc0590d6d141790aea,01010000096d5f6275696c30315fc600,,,,,False,,,,,,,,,,False,False
/fielddata/mapmatrix/map_matrix.narc,/fielddata/mapmatrix/map_matrix.narc!/member_00133,0,/fielddata/mapmatrix/map_matrix.narc,267,133,,9668,9684,7656,7672,16,4c42308cd188b7a863856fc487f620a273e30fe9ab9a8df218014b3e1cf38f09,01010000096d5f6275696c30325fc700,,,,,False,,,,,,,,,,False,False
/fielddata/mapmatrix/map_matrix.narc,/fielddata/mapmatrix/map_matrix.narc!/member_00134,0,/fielddata/mapmatrix/map_matrix.narc,267,134,,9684,9700,7672,7688,16,bc4b01eb0284370ab4cbb6f1458907a1307eb9f13c81189d3fa4ae343142d772,01010000096d5f6275696c30335fc800,,,,,False,,,,,,,,,,False,False
/fielddata/mapmatrix/map_matrix.narc,/fielddata/mapmatrix/map_matrix.narc!/member_00135,0,/fielddata/mapmatrix/map_matrix.narc,267,135,,9700,9716,7688,7704,16,6e89dd5a9fc2cfe38bf8dabd15a087ab5f612ef6eb29442d74f14c8fbf20e430,01010000096d5f6275696c30345fc900,,,,,False,,,,,,,,,,False,False
/fielddata/mapmatrix/map_matrix.narc,/fielddata/mapmatrix/map_matrix.narc!/member_00136,0,/fielddata/mapmatrix/map_matrix.narc,267,136,,9716,9732,7704,7720,16,c229d8fa63fa9932d216b899ef16d81fa1b8adbdddd3881083f689a84433a7e6,01010000096d5f6275696c30355fca00,,,,,False,,,,,,,,,,False,False
/fielddata/mapmatrix/map_matrix.narc,/fielddata/mapmatrix/map_matrix.narc!/member_00137,0,/fielddata/mapmatrix/map_matrix.narc,267,137,,9732,9748,7720,7736,16,4f4a2fb4d89f02aa6b29d6f330ed26f95b10e4b113322324d286af0b49534fe2,01010000096d5f67726f7730315fc200,,,,,False,,,,,,,,,,False,False
/fielddata/mapmatrix/map_matrix.narc,/fielddata/mapmatrix/map_matrix.narc!/member_00138,0,/fielddata/mapmatrix/map_matrix.narc,267,138,,9748,9764,7736,7752,16,570aacfc364458b7e01e5d320c86ed97f130dc71cdc2e04d31f75d56a99f4c72,01010000096d5f62696b6530315fc300,,,,,False,,,,,,,,,,False,False
/fielddata/mapmatrix/map_matrix.narc,/fielddata/mapmatrix/map_matrix.narc!/member_00139,0,/fielddata/mapmatrix/map_matrix.narc,267,139,,9764,9780,7752,7768,16,7bdcbdfb11fb99094855b312793a4078e3016dffba035bc563ceea969ac07105,01010000096d5f67616d6530315fc400,,,,,False,,,,,,,,,,False,False
/fielddata/mapmatrix/map_matrix.narc,/fielddata/mapmatrix/map_matrix.narc!/member_00140,0,/fielddata/mapmatrix/map_matrix.narc,267,140,,9780,9796,7768,7784,16,10f0da65749e940086e8332107d8a0519a2c41bfc57996e1af9cb2d0f202344e,01010000096d5f7363686f30315fc500,,,,,False,,,,,,,,,,False,False
/fielddata/mapmatrix/map_matrix.narc,/fielddata/mapmatrix/map_matrix.narc!/member_00141,0,/fielddata/mapmatrix/map_matrix.narc,267,141,,9796,9812,7784,7800,16,fcbe60add7de827942ecb1b64e32ecc2f7cb51b2be35f417723f516eae676354,01010000096d5f636f6d7030315fce00,,,,,False,,,,,,,,,,False,False
/fielddata/mapmatrix/map_matrix.narc,/fielddata/mapmatrix/map_matrix.narc!/member_00142,0,/fielddata/mapmatrix/map_matrix.narc,267,142,,9812,9828,7800,7816,16,5f06f3164427fb6836b0b76ddab4829d0261da1fad501715567636309c0de8a0,01010000096d5f636f6d7030325fcb00,,,,,False,,,,,,,,,,False,False
/fielddata/mapmatrix/map_matrix.narc,/fielddata/mapmatrix/map_matrix.narc!/member_00143,0,/fielddata/mapmatrix/map_matrix.narc,267,143,,9828,9844,7816,7832,16,1df752f562fbfaa5e55834ff4c907651e3e61a1af94d423a8622ced2e6253be4,01010000096d5f636f6d7030335fcc00,,,,,False,,,,,,,,,,False,False
/fielddata/mapmatrix/map_matrix.narc,/fielddata/mapmatrix/map_matrix.narc!/member_00144,0,/fielddata/mapmatrix/map_matrix.narc,267,144,,9844,9860,7832,7848,16,6aa7702670c648210c37288c1247885a31468071df664a670dc6a3a23ab1b334,01010000096d5f6c65616730315fcf00,,,,,False,,,,,,,,,,False,False
/fielddata/mapmatrix/map_matrix.narc,/fielddata/mapmatrix/map_matrix.narc!/member_00145,0,/fielddata/mapmatrix/map_matrix.narc,267,145,,9860,9877,7848,7865,17,86cbe92e2569ef7e5656e3b5f617b358a56ca20638efe431af214399bfe18b78,010100000a6d5f686f74656c30315fd0,,,,,False,,,,,,,,,,False,False
/fielddata/mapmatrix/map_matrix.narc,/fielddata/mapmatrix/map_matrix.narc!/member_00146,0,/fielddata/mapmatrix/map_matrix.narc,267,146,,9880,9897,7868,7885,17,0428b3905b2322a4fc3d154fda7847584762e7bfc09ad0e39af7a552cca7314c,010100000a6d5f686f74656c30325fd1,,,,,False,,,,,,,,,,False,False
/fielddata/mapmatrix/map_matrix.narc,/fielddata/mapmatrix/map_matrix.narc!/member_00147,0,/fielddata/mapmatrix/map_matrix.narc,267,147,,9900,9917,7888,7905,17,e34bd3d364c7e90bc0be8e9b71de592ad37c66b750e7dfc934923627a28cfddf,010100000a6d5f686f74656c30335fd2,,,,,False,,,,,,,,,,False,False
/fielddata/mapmatrix/map_matrix.narc,/fielddata/mapmatrix/map_matrix.narc!/member_00148,0,/fielddata/mapmatrix/map_matrix.narc,267,148,,9920,9934,7908,7922,14,4de62d92829463ad738f67e54049c9191ee7e09f23db5e06be96e1d9705c5f54,01010000076d5f747630315fd300,,,,,False,,,,,,,,,,False,False
/fielddata/mapmatrix/map_matrix.narc,/fielddata/mapmatrix/map_matrix.narc!/member_00149,0,/fielddata/mapmatrix/map_matrix.narc,267,149,,9936,9950,7924,7938,14,910e0cbc5dc9a30e479d28b7e66cf433b51d68fc7cfd5bbbe887f20bf544918c,01010000076d5f747630325fd400,,,,,False,,,,,,,,,,False,False
/fielddata/mapmatrix/map_matrix.narc,/fielddata/mapmatrix/map_matrix.narc!/member_00150,0,/fielddata/mapmatrix/map_matrix.narc,267,150,,9952,9966,7940,7954,14,8066ff9b6bafea744ff247b1ed0e48a8f4578a4535e9e644089955eb30483f79,01010000076d5f747630335fd500,,,,,False,,,,,,,,,,False,False
/fielddata/mapmatrix/map_matrix.narc,/fielddata/mapmatrix/map_matrix.narc!/member_00151,0,/fielddata/mapmatrix/map_matrix.narc,267,151,,9968,9982,7956,7970,14,5db39d44e7c70d11a8aee5a2bb72d1afa40d901b9dbc11f8c385fb2a0e6e7f91,01010000076d5f747630345fd600,,,,,False,,,,,,,,,,False,False
/fielddata/mapmatrix/map_matrix.narc,/fielddata/mapmatrix/map_matrix.narc!/member_00152,0,/fielddata/mapmatrix/map_matrix.narc,267,152,,9984,9998,7972,7986,14,759e146cb76543b17b37686a70d184fc3c5a132f3d0a1689615f896b439c2046,01010000076d5f747630355fd700,,,,,False,,,,,,,,,,False,False
/fielddata/mapmatrix/map_matrix.narc,/fielddata/mapmatrix/map_matrix.narc!/member_00153,0,/fielddata/mapmatrix/map_matrix.narc,267,153,,10000,10014,7988,8002,14,53ecd5d4f9ea79479dc1f44456bcee88a7bbbabc67b7c483e99c32c236148070,01010000076d5f747630365f2e01,,,,,False,,,,,,,,,,False,False
/fielddata/mapmatrix/map_matrix.narc,/fielddata/mapmatrix/map_matrix.narc!/member_00154,0,/fielddata/mapmatrix/map_matrix.narc,267,154,,10016,10030,8004,8018,14,44d64ff67ed70648254c6ec94054308e5347779d6f549d1c2ae63e6219f93883,01010000076d5f747630375f2f01,,,,,False,,,,,,,,,,False,False
/fielddata/mapmatrix/map_matrix.narc,/fielddata/mapmatrix/map_matrix.narc!/member_00155,0,/fielddata/mapmatrix/map_matrix.narc,267,155,,10032,10048,8020,8036,16,7af1c50a343dbfaeea343438999e3b8db85b2d32be5e7e219da50e6898d6fde9,01010000096d5f6d75736530315fd800,,,,,False,,,,,,,,,,False,False
/fielddata/mapmatrix/map_matrix.narc,/fielddata/mapmatrix/map_matrix.narc!/member_00156,0,/fielddata/mapmatrix/map_matrix.narc,267,156,,10048,10064,8036,8052,16,79034d761ea309947e7c9b0f48d606d203ce6a23c88bb55e43e0472b2a352dda,01010000096d5f6c6f766530315fd900,,,,,False,,,,,,,,,,False,False
/fielddata/mapmatrix/map_matrix.narc,/fielddata/mapmatrix/map_matrix.narc!/member_00157,0,/fielddata/mapmatrix/map_matrix.narc,267,157,,10064,10080,8052,8068,16,a69216dbf87901090460577685235bf60efe9bd0d9be59c01b40498a1a751a78,01010000096d5f6761746530315fda00,,,,,False,,,,,,,,,,False,False
/fielddata/mapmatrix/map_matrix.narc,/fielddata/mapmatrix/map_matrix.narc!/member_00158,0,/fielddata/mapmatrix/map_matrix.narc,267,158,,10080,10096,8068,8084,16,dcd03d93cedc99411fca37340975dff7743f9e5a73c9bcdb128903fd0b2bf51a,01010000096d5f6761746530325fdb00,,,,,False,,,,,,,,,,False,False
/fielddata/mapmatrix/map_matrix.narc,/fielddata/mapmatrix/map_matrix.narc!/member_00159,0,/fielddata/mapmatrix/map_matrix.narc,267,159,,10096,10112,8084,8100,16,e2c96411c84d6d62cb1b7aa03d07979b9174bf179d52b5bd64a2f3bc1f542b7e,01010000096d5f6761746530335fdc00,,,,,False,,,,,,,,,,False,False
/fielddata/mapmatrix/map_matrix.narc,/fielddata/mapmatrix/map_matrix.narc!/member_00160,0,/fielddata/mapmatrix/map_matrix.narc,267,160,,10112,10128,8100,8116,16,afb67ed2cc40e33132fa413c0d9e1f95fc74a979487b1635ea33bc366a9a875a,01010000096d5f6c61626f30315fdd00,,,,,False,,,,,,,,,,False,False
/fielddata/mapmatrix/map_matrix.narc,/fielddata/mapmatrix/map_matrix.narc!/member_00161,0,/fielddata/mapmatrix/map_matrix.narc,267,161,,10128,10145,8116,8133,17,8f655d3bad66e4e188c46d3583d8e0e22c7472cd5f8c3429ae1ae46605fb410a,010100000a6d5f616a69746f30315fec,,,,,False,,,,,,,,,,False,False
/fielddata/mapmatrix/map_matrix.narc,/fielddata/mapmatrix/map_matrix.narc!/member_00162,0,/fielddata/mapmatrix/map_matrix.narc,267,162,,10148,10165,8136,8153,17,635a322fbd2f9045bc639b2356f069af2591136fad7764a011c4cde539c48d58,010100000a6d5f616a69746f30325fed,,,,,False,,,,,,,,,,False,False
/fielddata/mapmatrix/map_matrix.narc,/fielddata/mapmatrix/map_matrix.narc!/member_00163,0,/fielddata/mapmatrix/map_matrix.narc,267,163,,10168,10185,8156,8173,17,ac69865bae4fc749acc24e408ada0d3c33aeb152c4b9d45e63dade71298ea520,010100000a6d5f616a69746f30335fee,,,,,False,,,,,,,,,,False,False
/fielddata/mapmatrix/map_matrix.narc,/fielddata/mapmatrix/map_matrix.narc!/member_00164,0,/fielddata/mapmatrix/map_matrix.narc,267,164,,10188,10205,8176,8193,17,7916dce3d93f900af95a41b78d1fa4e81751b90020e896e7f2eaed2958345c15,010100000a6d5f616a69746f30345fef,,,,,False,,,,,,,,,,False,False
/fielddata/mapmatrix/map_matrix.narc,/fielddata/mapmatrix/map_matrix.narc!/member_00165,0,/fielddata/mapmatrix/map_matrix.narc,267,165,,10208,10224,8196,8212,16,240691e0b380f1dbf619779dab62024b9796ab74b3e8c40b3b5fe9d379c11638,01010000096d5f636f6e7430315ff000,,,,,False,,,,,,,,,,False,False
/fielddata/mapmatrix/map_matrix.narc,/fielddata/mapmatrix/map_matrix.narc!/member_00166,0,/fielddata/mapmatrix/map_matrix.narc,267,166,,10224,10242,8212,8230,18,2b1615c4a70ad1694b3f1a1f8c0494a7c8719b0d61b357d8d7ced9665beb7f21,02010000096d5f636f6e7430325ff100,,,,,False,,,,,,,,,,False,False
/fielddata/mapmatrix/map_matrix.narc,/fielddata/mapmatrix/map_matrix.narc!/member_00167,0,/fielddata/mapmatrix/map_matrix.narc,267,167,,10244,10260,8232,8248,16,d6234a38b83a4b15e82708bc62ec4cf68aed0c74cb1ed417533a4bde3a694d5b,01010000096d5f74656d7030315ff300,,,,,False,,,,,,,,,,False,False
/fielddata/mapmatrix/map_matrix.narc,/fielddata/mapmatrix/map_matrix.narc!/member_00168,0,/fielddata/mapmatrix/map_matrix.narc,267,168,,10260,10276,8248,8264,16,e2af196c7ca62228bc97c1d390b13065a91999dc049ffa7a58b8fd465dcb3dd2,01010000096d5f7769736530315ff400,,,,,False,,,,,,,,,,False,False
/fielddata/mapmatrix/map_matrix.narc,/fielddata/mapmatrix/map_matrix.narc!/member_00169,0,/fielddata/mapmatrix/map_matrix.narc,267,169,,10276,10294,8264,8282,18,60f2e88b9543fab809b92acceb7e3e2623bd1909d53375ac547ba0f2fbad1bfe,010100000b6d5f736872696e6530315f,,,,,False,,,,,,,,,,False,False
/fielddata/mapmatrix/map_matrix.narc,/fielddata/mapmatrix/map_matrix.narc!/member_00170,0,/fielddata/mapmatrix/map_matrix.narc,267,170,,10296,10312,8284,8300,16,63410360dbb155177c3c40d952e003b1d218bda16f48568e36354deda62935df,01010000096d5f6974656d30315ff600,,,,,False,,,,,,,,,,False,False
/fielddata/mapmatrix/map_matrix.narc,/fielddata/mapmatrix/map_matrix.narc!/member_00171,0,/fielddata/mapmatrix/map_matrix.narc,267,171,,10312,10329,8300,8317,17,3da755570182b3912ce6e5204374fbe8ed22fa3c83e34aee136b53f6ae4b65c7,010100000a6d5f74726f6f6d30315ff7,,,,,False,,,,,,,,,,False,False
/fielddata/mapmatrix/map_matrix.narc,/fielddata/mapmatrix/map_matrix.narc!/member_00172,0,/fielddata/mapmatrix/map_matrix.narc,267,172,,10332,10350,8320,8338,18,e82e2e85baee951efb4b4261a8ce647b59ba061e1ae9a5ff393722c9752f04b8,010100000b6d5f64657061727430315f,,,,,False,,,,,,,,,,False,False
/fielddata/mapmatrix/map_matrix.narc,/fielddata/mapmatrix/map_matrix.narc!/member_00173,0,/fielddata/mapmatrix/map_matrix.narc,267,173,,10352,10370,8340,8358,18,f79f5c6af74e651a630633289b725ae3460b87f1e2bec5c9e3b7494ddfbb7f61,010100000b6d5f64657061727430325f,,,,,False,,,,,,,,,,False,False
/fielddata/mapmatrix/map_matrix.narc,/fielddata/mapmatrix/map_matrix.narc!/member_00174,0,/fielddata/mapmatrix/map_matrix.narc,267,174,,10372,10390,8360,8378,18,1ada7fb507a58f177e3b05c8cc856fc409c0ce09ae602d30261f8dbe2c4f8f98,010100000b6d5f64657061727430335f,,,,,False,,,,,,,,,,False,False
/fielddata/mapmatrix/map_matrix.narc,/fielddata/mapmatrix/map_matrix.narc!/member_00175,0,/fielddata/mapmatrix/map_matrix.narc,267,175,,10392,10410,8380,8398,18,85353b4c93dc1fb8ca922514e75cc52c9a50d6b002b031ddf9903cf313554281,010100000b6d5f64657061727430345f,,,,,False,,,,,,,,,,False,False
/fielddata/mapmatrix/map_matrix.narc,/fielddata/mapmatrix/map_matrix.narc!/member_00176,0,/fielddata/mapmatrix/map_matrix.narc,267,176,,10412,10430,8400,8418,18,8f1b5b5a5b7b76dcdc08413b75aa42b218e07a14808b2a08281c7562543dd198,010100000b6d5f64657061727430355f,,,,,False,,,,,,,,,,False,False
/fielddata/mapmatrix/map_matrix.narc,/fielddata/mapmatrix/map_matrix.narc!/member_00177,0,/fielddata/mapmatrix/map_matrix.narc,267,177,,10432,10450,8420,8438,18,70eb73638dd64dcd45d3262979549ff89f7d562edfd243d3ba9d51c12d32dc7d,010100000b6d5f73686f75736530315f,,,,,False,,,,,,,,,,False,False
/fielddata/mapmatrix/map_matrix.narc,/fielddata/mapmatrix/map_matrix.narc!/member_00178,0,/fielddata/mapmatrix/map_matrix.narc,267,178,,10452,10470,8440,8458,18,b0ec2de2e6e4206cab550ee17cc3eaa29e210765c49c2e0d7a74792b327a2e6f,02010000096d5f7269636830315ffe00,,,,,False,,,,,,,,,,False,False
/fielddata/mapmatrix/map_matrix.narc,/fielddata/mapmatrix/map_matrix.narc!/member_00179,0,/fielddata/mapmatrix/map_matrix.narc,267,179,,10472,10488,8460,8476,16,966ab5ac9973320b932b482a52d8f33d4a4cc58581c9d03e939579b0e563a5b6,01010000096d5f7269636830325f0001,,,,,False,,,,,,,,,,False,False
/fielddata/mapmatrix/map_matrix.narc,/fielddata/mapmatrix/map_matrix.narc!/member_00180,0,/fielddata/mapmatrix/map_matrix.narc,267,180,,10488,10504,8476,8492,16,1f9fb1a11d2f43177259116bc7bdfc08e0e2a1bed6bd4b0740b0cdf3b4d4b104,01010000096d5f7269636830335f0101,,,,,False,,,,,,,,,,False,False
/fielddata/mapmatrix/map_matrix.narc,/fielddata/mapmatrix/map_matrix.narc!/member_00181,0,/fielddata/mapmatrix/map_matrix.narc,267,181,,10504,10520,8492,8508,16,0990cdf4507a5427a244757da0448fcc0a4def64af9ca5ead4f4e9cd88360b34,01010000096d5f7669657730315f0201,,,,,False,,,,,,,,,,False,False
/fielddata/mapmatrix/map_matrix.narc,/fielddata/mapmatrix/map_matrix.narc!/member_00182,0,/fielddata/mapmatrix/map_matrix.narc,267,182,,10520,10536,8508,8524,16,5a1137f5737bb2b9e8a57c09f95c07b5ffb487ff26927b5aeedbd03191e8ec9f,01010000096d5f7669657730325f2101,,,,,False,,,,,,,,,,False,False
/fielddata/mapmatrix/map_matrix.narc,/fielddata/mapmatrix/map_matrix.narc!/member_00183,0,/fielddata/mapmatrix/map_matrix.narc,267,183,,10536,10553,8524,8541,17,23c2b176997635028e86369b537df3842ef839e476c10d70d56492d19a7cb8cd,010100000a6d5f736974656e30315f03,,,,,False,,,,,,,,,,False,False
/fielddata/mapmatrix/map_matrix.narc,/fielddata/mapmatrix/map_matrix.narc!/member_00184,0,/fielddata/mapmatrix/map_matrix.narc,267,184,,10556,10573,8544,8561,17,d6132c4cb1b5dd18661eff12e47f3e709da2537adb3a81bcb019be63342f5747,010100000a6d5f736974656e30325f04,,,,,False,,,,,,,,,,False,False
/fielddata/mapmatrix/map_matrix.narc,/fielddata/mapmatrix/map_matrix.narc!/member_00185,0,/fielddata/mapmatrix/map_matrix.narc,267,185,,10576,10593,8564,8581,17,04fabd8deafe9648c277fd427d707445628232edf9dc51882516e4b744895403,010100000a6d5f736974656e30335f05,,,,,False,,,,,,,,,,False,False
/fielddata/mapmatrix/map_matrix.narc,/fielddata/mapmatrix/map_matrix.narc!/member_00186,0,/fielddata/mapmatrix/map_matrix.narc,267,186,,10596,10613,8584,8601,17,c054f3d22e8e9588879f7f245a1136031271b7c4a3a49388839b3c79c65da740,010100000a6d5f736974656e30345f06,,,,,False,,,,,,,,,,False,False
/fielddata/mapmatrix/map_matrix.narc,/fielddata/mapmatrix/map_matrix.narc!/member_00187,0,/fielddata/mapmatrix/map_matrix.narc,267,187,,10616,10633,8604,8621,17,7b0f9ef570cf03069eb21823a8eeafdda5022c5f5db7d419ee43699c68f683e7,010100000a6d5f736974656e30355f31,,,,,False,,,,,,,,,,False,False
/fielddata/mapmatrix/map_matrix.narc,/fielddata/mapmatrix/map_matrix.narc!/member_00188,0,/fielddata/mapmatrix/map_matrix.narc,267,188,,10636,10653,8624,8641,17,3303eb97301313a4c1869ea2e0cb54f75a913e85cedb8e4f042a9d75cbf69007,010100000a6d5f736974656e30365f32,,,,,False,,,,,,,,,,False,False
/fielddata/mapmatrix/map_matrix.narc,/fielddata/mapmatrix/map_matrix.narc!/member_00189,0,/fielddata/mapmatrix/map_matrix.narc,267,189,,10656,10673,8644,8661,17,6460f8b94dd8cacf995d6985791695e9be6b39001c4562417ef8549b97e2ea1d,010100000a6d5f736974656e30375f33,,,,,False,,,,,,,,,,False,False
/fielddata/mapmatrix/map_matrix.narc,/fielddata/mapmatrix/map_matrix.narc!/member_00190,0,/fielddata/mapmatrix/map_matrix.narc,267,190,,10676,10693,8664,8681,17,4b2d3c92ed5d625add532f0f3040813ec57a47094acf56a0cccaa42af8c9e99e,010100000a6d5f6368616d7030315f07,,,,,False,,,,,,,,,,False,False
/fielddata/mapmatrix/map_matrix.narc,/fielddata/mapmatrix/map_matrix.narc!/member_00191,0,/fielddata/mapmatrix/map_matrix.narc,267,191,,10696,10714,8684,8702,18,81c46c2b0d9f9c4618a0e411cc0fdcedea830776145455bf8525d5f9373bc2f3,010100000b6d5f64656e646f7530315f,,,,,False,,,,,,,,,,False,False
/fielddata/mapmatrix/map_matrix.narc,/fielddata/mapmatrix/map_matrix.narc!/member_00192,0,/fielddata/mapmatrix/map_matrix.narc,267,192,,10716,10734,8704,8722,18,29db60c439f27e3e542453cce7294080123f9d64b2d6693cbebcd26b5143f824,010100000b6d5f64656e646f7530325f,,,,,False,,,,,,,,,,False,False
/fielddata/mapmatrix/map_matrix.narc,/fielddata/mapmatrix/map_matrix.narc!/member_00193,0,/fielddata/mapmatrix/map_matrix.narc,267,193,,10736,10753,8724,8741,17,c4267bc0007a68ad0f87aa2829bc4cd491c4a310524b38e8c5750f150a2b487f,010100000a6d5f746f77657230315f09,,,,,False,,,,,,,,,,False,False
/fielddata/mapmatrix/map_matrix.narc,/fielddata/mapmatrix/map_matrix.narc!/member_00194,0,/fielddata/mapmatrix/map_matrix.narc,267,194,,10756,10773,8744,8761,17,90f93612be2a3a6ed0dad82a8a984efce7f89d703c505a2a18bea7da49f86a27,010100000a6d5f746f77657230325f0a,,,,,False,,,,,,,,,,False,False
/fielddata/mapmatrix/map_matrix.narc,/fielddata/mapmatrix/map_matrix.narc!/member_00195,0,/fielddata/mapmatrix/map_matrix.narc,267,195,,10776,10793,8764,8781,17,cac751d0c43a2f9d3a8740bf639934c0afac9c1ff9545aa4a68a60453e031335,010100000a6d5f746f77657230335f0b,,,,,False,,,,,,,,,,False,False
/fielddata/mapmatrix/map_matrix.narc,/fielddata/mapmatrix/map_matrix.narc!/member_00196,0,/fielddata/mapmatrix/map_matrix.narc,267,196,,10796,10813,8784,8801,17,6edfce96978b2cb6512e2efdf1a1ce82e7f593f724cced1e6289a314732f6497,010100000a6d5f746f77657230345f0c,,,,,False,,,,,,,,,,False,False
/fielddata/mapmatrix/map_matrix.narc,/fielddata/mapmatrix/map_matrix.narc!/member_00197,0,/fielddata/mapmatrix/map_matrix.narc,267,197,,10816,10833,8804,8821,17,b6284c66009da06ff532c3f6d23bb10ddedb16a81f2079f646335460d294c171,010100000a6d5f746f77657230355f0d,,,,,False,,,,,,,,,,False,False
/fielddata/mapmatrix/map_matrix.narc,/fielddata/mapmatrix/map_matrix.narc!/member_00198,0,/fielddata/mapmatrix/map_matrix.narc,267,198,,10836,10853,8824,8841,17,1ddd9ac0caf0ec43f0caa7c64e95e262e6a3afdc40fa5b2de71d39103caee60c,010100000a6d5f746f77657230365f0e,,,,,False,,,,,,,,,,False,False
/fielddata/mapmatrix/map_matrix.narc,/fielddata/mapmatrix/map_matrix.narc!/member_00199,0,/fielddata/mapmatrix/map_matrix.narc,267,199,,10856,10873,8844,8861,17,6c718dcc28834cfa13dbd26fadea0798342210cf7c32213416d10314113195f3,010100000a6d5f6d726f6f6d30315f0f,,,,,False,,,,,,,,,,False,False
/fielddata/mapmatrix/map_matrix.narc,/fielddata/mapmatrix/map_matrix.narc!/member_00200,0,/fielddata/mapmatrix/map_matrix.narc,267,200,,10876,10893,8864,8881,17,0478ff01bb0c25ecd6415cf692f03a39d6e944285f089a2a573dbb6d4fc96ce9,010100000a6d5f6d726f6f6d30325f10,,,,,False,,,,,,,,,,False,False
/fielddata/mapmatrix/map_matrix.narc,/fielddata/mapmatrix/map_matrix.narc!/member_00201,0,/fielddata/mapmatrix/map_matrix.narc,267,201,,10896,10912,8884,8900,16,da3d5cf35ec2bab22fafcfc4088d5f65dac7f5a5beba6b5a26dca52eccb50872,01010000096d5f6761746530355f1101,,,,,False,,,,,,,,,,False,False
/fielddata/mapmatrix/map_matrix.narc,/fielddata/mapmatrix/map_matrix.narc!/member_00202,0,/fielddata/mapmatrix/map_matrix.narc,267,202,,10912,10928,8900,8916,16,cd6493969b62d8f82c684be37d02c0fbd98b9c5279e64205793cb22164d700a5,01010000096d5f6163636530315f1201,,,,,False,,,,,,,,,,False,False
/fielddata/mapmatrix/map_matrix.narc,/fielddata/mapmatrix/map_matrix.narc!/member_00203,0,/fielddata/mapmatrix/map_matrix.narc,267,203,,10928,10946,8916,8934,18,b60da6607f763be9c68c23ec475e61b1ca77a00df66b0ce06acb2f00ebd59bb0,010100000b6d5f6d61726b657430315f,,,,,False,,,,,,,,,,False,False
/fielddata/mapmatrix/map_matrix.narc,/fielddata/mapmatrix/map_matrix.narc!/member_00204,0,/fielddata/mapmatrix/map_matrix.narc,267,204,,10948,10964,8936,8952,16,f78d7aae5b9bdf79c1d994afca23e623ae7454125077fb4d46fe2438d97ba9eb,01010000096d5f6769667430315f1401,,,,,False,,,,,,,,,,False,False
/fielddata/mapmatrix/map_matrix.narc,/fielddata/mapmatrix/map_matrix.narc!/member_00205,0,/fielddata/mapmatrix/map_matrix.narc,267,205,,10964,10980,8952,8968,16,5eed1955b1470511034ed4d9de243d9cf08b8dc8828982eb077d8ac73ee4bfec,01010000096d5f7769666930315f1501,,,,,False,,,,,,,,,,False,False
/fielddata/mapmatrix/map_matrix.narc,/fielddata/mapmatrix/map_matrix.narc!/member_00206,0,/fielddata/mapmatrix/map_matrix.narc,267,206,,10980,10994,8968,8982,14,49389ca5c6e84d7073ac777dd1e6f2a73f1a795dcaf36034b7ce5edb8d4001a3,01010000076d5f667330325f1601,,,,,False,,,,,,,,,,False,False
/fielddata/mapmatrix/map_matrix.narc,/fielddata/mapmatrix/map_matrix.narc!/member_00207,0,/fielddata/mapmatrix/map_matrix.narc,267,207,,10996,11010,8984,8998,14,d327e03cfdba2b5cf5bf50cc2371738a1cef7d6b9526b584aebba6b888b00ebe,01010000076d5f657630315f1701,,,,,False,,,,,,,,,,False,False
/fielddata/mapmatrix/map_matrix.narc,/fielddata/mapmatrix/map_matrix.narc!/member_00208,0,/fielddata/mapmatrix/map_matrix.narc,267,208,,11012,11028,9000,9016,16,d0ffdd48da082a9c5efa0051de120f061d8f7b471c3094a8bde91cbd5f9c71b4,01010000096d5f6275696c30365f1801,,,,,False,,,,,,,,,,False,False
/fielddata/mapmatrix/map_matrix.narc,/fielddata/mapmatrix/map_matrix.narc!/member_00209,0,/fielddata/mapmatrix/map_matrix.narc,267,209,,11028,11044,9016,9032,16,3ef6b2d1b61fb2ef246710e98fdc9ba1e1fb55493d49bda05364a48dac909279,01010000096d5f6275696c30375f1901,,,,,False,,,,,,,,,,False,False
/fielddata/mapmatrix/map_matrix.narc,/fielddata/mapmatrix/map_matrix.narc!/member_00210,0,/fielddata/mapmatrix/map_matrix.narc,267,210,,11044,11060,9032,9048,16,6375d4665902c4bc29f08f56564c3528b17be09a0b8392dfc18e16aee966ca2c,01010000096d5f6275696c30385f1a01,,,,,False,,,,,,,,,,False,False
/fielddata/mapmatrix/map_matrix.narc,/fielddata/mapmatrix/map_matrix.narc!/member_00211,0,/fielddata/mapmatrix/map_matrix.narc,267,211,,11060,11076,9048,9064,16,c6b2ce82fde8b84de7a1773cb9862acc62a2ee7e2db5ab02edca169dbf65cb9a,01010000096d5f6761746530375f1b01,,,,,False,,,,,,,,,,False,False
/fielddata/mapmatrix/map_matrix.narc,/fielddata/mapmatrix/map_matrix.narc!/member_00212,0,/fielddata/mapmatrix/map_matrix.narc,267,212,,11076,11092,9064,9080,16,4ca6af61191d00c8a32758c98604da55187e6d0b6e05c417d55f1284c421d2ca,01010000096d5f6c6f737430315f1c01,,,,,False,,,,,,,,,,False,False
/fielddata/mapmatrix/map_matrix.narc,/fielddata/mapmatrix/map_matrix.narc!/member_00213,0,/fielddata/mapmatrix/map_matrix.narc,267,213,,11092,11108,9080,9096,16,98b33c898cb051a5033bc4def8d39ccebae7dc3678163251f85c9853d2dd1fc8,01010000096d5f6c6f737430325f1d01,,,,,False,,,,,,,,,,False,False
/fielddata/mapmatrix/map_matrix.narc,/fielddata/mapmatrix/map_matrix.narc!/member_00214,0,/fielddata/mapmatrix/map_matrix.narc,267,214,,11108,11124,9096,9112,16,e0d8488ea9c8bc65fc9dab98db3bbfbc999e373331742d3dcf2ac477d51351f8,01010000096d5f6c6f737430335f1e01,,,,,False,,,,,,,,,,False,False
/fielddata/mapmatrix/map_matrix.narc,/fielddata/mapmatrix/map_matrix.narc!/member_00215,0,/fielddata/mapmatrix/map_matrix.narc,267,215,,11124,11140,9112,9128,16,c9e187d482c93567f02888a8fab829e1e178d52c18660a4c6fb0ab5bbd7de088,01010000096d5f6c6f737430345f1f01,,,,,False,,,,,,,,,,False,False
/fielddata/mapmatrix/map_matrix.narc,/fielddata/mapmatrix/map_matrix.narc!/member_00216,0,/fielddata/mapmatrix/map_matrix.narc,267,216,,11140,11156,9128,9144,16,4a5fb3c4d680e16dcc7df9279431f17225ad8319bdad5bc44a469b08ae1e8c75,01010000096d5f6c6f737430355f2001,,,,,False,,,,,,,,,,False,False
/fielddata/mapmatrix/map_matrix.narc,/fielddata/mapmatrix/map_matrix.narc!/member_00217,0,/fielddata/mapmatrix/map_matrix.narc,267,217,,11156,11173,9144,9161,17,e4f0b4ca85bf9278035f174a1e8ab84d890761d7c2baeb4e5790002812de0995,010100000a6d5f6c6962726130315f22,,,,,False,,,,,,,,,,False,False
/fielddata/mapmatrix/map_matrix.narc,/fielddata/mapmatrix/map_matrix.narc!/member_00218,0,/fielddata/mapmatrix/map_matrix.narc,267,218,,11176,11193,9164,9181,17,7dc57111cd34a9b35561cb87dfca6e9611351a70136f7f95e02ddcd2f03de309,010100000a6d5f6c6962726130325f23,,,,,False,,,,,,,,,,False,False
/fielddata/mapmatrix/map_matrix.narc,/fielddata/mapmatrix/map_matrix.narc!/member_00219,0,/fielddata/mapmatrix/map_matrix.narc,267,219,,11196,11213,9184,9201,17,0c927a07b5c7f6e088e8c061cf4f1c0c3b6e8804259fc8e8d6ca148755871dde,010100000a6d5f6c6962726130335f24,,,,,False,,,,,,,,,,False,False
/fielddata/mapmatrix/map_matrix.narc,/fielddata/mapmatrix/map_matrix.narc!/member_00220,0,/fielddata/mapmatrix/map_matrix.narc,267,220,,11216,11233,9204,9221,17,868b8809be8f72b493025c3f5d2f87b016b64a3c032ec491704c36639934513f,010100000a6d5f67796d303430315f25,,,,,False,,,,,,,,,,False,False
/fielddata/mapmatrix/map_matrix.narc,/fielddata/mapmatrix/map_matrix.narc!/member_00221,0,/fielddata/mapmatrix/map_matrix.narc,267,221,,11236,11253,9224,9241,17,0668fbf14d7bf60f7d79eb53c29252aa331bb7df20c2506e6f6ca9d19e900966,010100000a6d5f67796d303430325f26,,,,,False,,,,,,,,,,False,False
/fielddata/mapmatrix/map_matrix.narc,/fielddata/mapmatrix/map_matrix.narc!/member_00222,0,/fielddata/mapmatrix/map_matrix.narc,267,222,,11256,11273,9244,9261,17,b22e3788f776aeb9a3464840777c5d340fe47354c198a02376c4883917359ae9,010100000a6d5f67796d303530315fe5,,,,,False,,,,,,,,,,False,False
/fielddata/mapmatrix/map_matrix.narc,/fielddata/mapmatrix/map_matrix.narc!/member_00223,0,/fielddata/mapmatrix/map_matrix.narc,267,223,,11276,11293,9264,9281,17,45dea0d431daf99592512b4560b723d9f4a81720aa19f3d48a106489ea731ff2,010100000a6d5f67796d303530325fe6,,,,,False,,,,,,,,,,False,False
/fielddata/mapmatrix/map_matrix.narc,/fielddata/mapmatrix/map_matrix.narc!/member_00224,0,/fielddata/mapmatrix/map_matrix.narc,267,224,,11296,11313,9284,9301,17,a875a84606cf785446d5a3c532ae3f9bb5ca4695422712b9fe6f4d4a109d36ed,010100000a6d5f67796d303530335fe7,,,,,False,,,,,,,,,,False,False
/fielddata/mapmatrix/map_matrix.narc,/fielddata/mapmatrix/map_matrix.narc!/member_00225,0,/fielddata/mapmatrix/map_matrix.narc,267,225,,11316,11333,9304,9321,17,a26391aea7cc4165286e1d7017534add40e1f84735a1ff91756883123fb514c3,010100000a6d5f67796d303530345fe8,,,,,False,,,,,,,,,,False,False
/fielddata/mapmatrix/map_matrix.narc,/fielddata/mapmatrix/map_matrix.narc!/member_00226,0,/fielddata/mapmatrix/map_matrix.narc,267,226,,11336,11353,9324,9341,17,dee1158d370bb06a4f829d772bf9c8463f5c6ebac2afa44829e8769b0848351d,010100000a6d5f67796d303830315f27,,,,,False,,,,,,,,,,False,False
/fielddata/mapmatrix/map_matrix.narc,/fielddata/mapmatrix/map_matrix.narc!/member_00227,0,/fielddata/mapmatrix/map_matrix.narc,267,227,,11356,11373,9344,9361,17,27a614a7d48e5b033c2fe594cc503ce9aa01911f8c36acb11f3aa994f896ff0e,010100000a6d5f67796d303830325f28,,,,,False,,,,,,,,,,False,False
/fielddata/mapmatrix/map_matrix.narc,/fielddata/mapmatrix/map_matrix.narc!/member_00228,0,/fielddata/mapmatrix/map_matrix.narc,267,228,,11376,11393,9364,9381,17,0fa46019af784df493197a9d17c4509dc3f3e240fd8ab233b4159d6294810fed,010100000a6d5f67796d303830335f29,,,,,False,,,,,,,,,,False,False
/fielddata/mapmatrix/map_matrix.narc,/fielddata/mapmatrix/map_matrix.narc!/member_00229,0,/fielddata/mapmatrix/map_matrix.narc,267,229,,11396,11419,9384,9407,23,948688d102bdc491b5702f92d23a0e184ef29714cd6022a6e0b8f3ad7062dee0,020200000a6d5f64756e333130315f1c,,,,,False,,,,,,,,,,False,False
/fielddata/mapmatrix/map_matrix.narc,/fielddata/mapmatrix/map_matrix.narc!/member_00230,0,/fielddata/mapmatrix/map_matrix.narc,267,230,,11420,11438,9408,9426,18,2d72c32977a9f3786a00b55c19ebb08cbe56275902d138a48d11bc8c61f6e3cd,010100000b6d5f6c686f75736530315f,,,,,False,,,,,,,,,,False,False
/fielddata/mapmatrix/map_matrix.narc,/fielddata/mapmatrix/map_matrix.narc!/member_00231,0,/fielddata/mapmatrix/map_matrix.narc,267,231,,11440,11455,9428,9443,15,2ac3b1800a72fffa685aad3078ba8f4a4a1b2bcbe2ea556cdc59652a3c46d3f4,01010000086d5f66616330315f2b01,,,,,False,,,,,,,,,,False,False
/fielddata/mapmatrix/map_matrix.narc,/fielddata/mapmatrix/map_matrix.narc!/member_00232,0,/fielddata/mapmatrix/map_matrix.narc,267,232,,11456,11471,9444,9459,15,153051c5a9c139369df954a697755f269dbdfd92e2ed8ec14caaa44c903a5834,01010000086d5f66616330325f2c01,,,,,False,,,,,,,,,,False,False
/fielddata/mapmatrix/map_matrix.narc,/fielddata/mapmatrix/map_matrix.narc!/member_00233,0,/fielddata/mapmatrix/map_matrix.narc,267,233,,11472,11487,9460,9475,15,9c4e74ef44840d68e48142286dfc0f29b3bbfbc0b5597be48b9822eb28f3152d,01010000086d5f66616330335f2d01,,,,,False,,,,,,,,,,False,False
/fielddata/mapmatrix/map_matrix.narc,/fielddata/mapmatrix/map_matrix.narc!/member_00234,0,/fielddata/mapmatrix/map_matrix.narc,267,234,,11488,11506,9476,9494,18,89e4942a5c647411b834ee96782322481c169f3c25d016bcfa00bf97e7c12dbc,010100000b6d5f70686f75736530315f,,,,,False,,,,,,,,,,False,False
/fielddata/mapmatrix/map_matrix.narc,/fielddata/mapmatrix/map_matrix.narc!/member_00235,0,/fielddata/mapmatrix/map_matrix.narc,267,235,,11508,11522,9496,9510,14,f5347cb24c2fcb1ff8e7dbbbfedc85b344c6d4ffe1ad11e969c11a0415af6958,01010000076d5f706330375f3501,,,,,False,,,,,,,,,,False,False
/fielddata/mapmatrix/map_matrix.narc,/fielddata/mapmatrix/map_matrix.narc!/member_00236,0,/fielddata/mapmatrix/map_matrix.narc,267,236,,11524,11542,9512,9530,18,13d5e3a918eb11bb881c3f3768c2ba5576efbd736d942ed9d4ea627c68533f95,010100000b6d5f66686f75736530315f,,,,,False,,,,,,,,,,False,False
/fielddata/mapmatrix/map_matrix.narc,/fielddata/mapmatrix/map_matrix.narc!/member_00237,0,/fielddata/mapmatrix/map_matrix.narc,267,237,,11544,11562,9532,9550,18,2d10a167541f85df2d830480ce59023b60fcdfa5a607aa74025f9bf65494dd27,010100000b6d5f63686f75736530315f,,,,,False,,,,,,,,,,False,False
/fielddata/mapmatrix/map_matrix.narc,/fielddata/mapmatrix/map_matrix.narc!/member_00238,0,/fielddata/mapmatrix/map_matrix.narc,267,238,,11564,11581,9552,9569,17,3abafd03b1dd7082ad7009073d9b30ee360ae41f5d10d6b87cca65a9f78d84d5,010100000a6d5f64756e323630375f20,,,,,False,,,,,,,,,,False,False
/fielddata/mapmatrix/map_matrix.narc,/fielddata/mapmatrix/map_matrix.narc!/member_00239,0,/fielddata/mapmatrix/map_matrix.narc,267,239,,11584,11603,9572,9591,19,56fcb85953db5857bb417310a8bedd78e36cb71d233fdad7957629e78d488af1,020100000a6d5f64756e323630385f21,,,,,False,,,,,,,,,,False,False
/fielddata/mapmatrix/map_matrix.narc,/fielddata/mapmatrix/map_matrix.narc!/member_00240,0,/fielddata/mapmatrix/map_matrix.narc,267,240,,11604,11719,9592,9707,115,d3a6de7224cd72c2473d11aa19031d2fce722f81b7f9bedd6ad6cf9b3c2f9ff4,040501010a6d5f64756e303630325f00,,,,,False,,,,,,,,,,False,False
/fielddata/mapmatrix/map_matrix.narc,/fielddata/mapmatrix/map_matrix.narc!/member_00241,0,/fielddata/mapmatrix/map_matrix.narc,267,241,,11720,11743,9708,9731,23,2a0956f72febde1e4243ae088726305b8bad406ff6caaf14b1652d37237b1e92,020200000a6d5f64756e303531365f29,,,,,False,,,,,,,,,,False,False
/fielddata/mapmatrix/map_matrix.narc,/fielddata/mapmatrix/map_matrix.narc!/member_00242,0,/fielddata/mapmatrix/map_matrix.narc,267,242,,11744,11767,9732,9755,23,d0d3822b9fffa0d90d95554660373f6ac995e1e72b75dd727c8854d38f9a5261,020200000a6d5f64756e303531375f2d,,,,,False,,,,,,,,,,False,False
/fielddata/mapmatrix/map_matrix.narc,/fielddata/mapmatrix/map_matrix.narc!/member_00243,0,/fielddata/mapmatrix/map_matrix.narc,267,243,,11768,11781,9756,9769,13,588f5f584966edd6279539dc7543dab73d13ce4b5bc8a90ba4dcdb20692bb1e0,01010000066d5f6830345fb600,,,,,False,,,,,,,,,,False,False
/fielddata/mapmatrix/map_matrix.narc,/fielddata/mapmatrix/map_matrix.narc!/member_00244,0,/fielddata/mapmatrix/map_matrix.narc,267,244,,11784,11797,9772,9785,13,d248230a402d1975afc1c948489fd245bdf0138f56d0b219dac76927ff94d9ba,01010000066d5f6830355f3801,,,,,False,,,,,,,,,,False,False
/fielddata/mm_list/move_model_list.narc,/fielddata/mm_list/move_model_list.narc!/member_00000,0,/fielddata/mm_list/move_model_list.narc,269,0,,180,208,0,28,28,7444630468cab7087176a6717142060604529c9bd411a63e6cd39909e21b3083,0200040006000b000e00130018002e00,,,,,False,,,,,,,,,,False,False
/fielddata/mm_list/move_model_list.narc,/fielddata/mm_list/move_model_list.narc!/member_00001,0,/fielddata/mm_list/move_model_list.narc,269,1,,208,236,28,56,28,83f36749f310e2fec64d42cc27854f7005e1deee11afd2d0563988d6b153d89d,02000400070009001000140026002700,,,,,False,,,,,,,,,,False,False
/fielddata/mm_list/move_model_list.narc,/fielddata/mm_list/move_model_list.narc!/member_00002,0,/fielddata/mm_list/move_model_list.narc,269,2,,236,264,56,84,28,d452ca91fb2483ad48a0295d72de69b2fc3ca600519ea62b61ecb4606bf3de1e,010002000500060009000c000e001100,,,,,False,,,,,,,,,,False,False
/fielddata/mm_list/move_model_list.narc,/fielddata/mm_list/move_model_list.narc!/member_00003,0,/fielddata/mm_list/move_model_list.narc,269,3,,264,292,84,112,28,71da0d189a4218680f7f927be0909ec31f0d309a778c702c535621694dca15db,080009000c000f00100014002c003300,,,,,False,,,,,,,,,,False,False
/fielddata/mm_list/move_model_list.narc,/fielddata/mm_list/move_model_list.narc!/member_00004,0,/fielddata/mm_list/move_model_list.narc,269,4,,292,320,112,140,28,78e8daca024cb2efd5a0515ceeee5b52fc5fd2ee229571d6cca4cc7905925c91,0100020009000b000c000e0029002a00,,,,,False,,,,,,,,,,False,False
/fielddata/mm_list/move_model_list.narc,/fielddata/mm_list/move_model_list.narc!/member_00005,0,/fielddata/mm_list/move_model_list.narc,269,5,,320,348,140,168,28,a5609d4ec0ea9d07db8026eee152eacc4f49617c08f80447076de8c079b6a72d,08000a000b000d000e00160017001f00,,,,,False,,,,,,,,,,False,False
/fielddata/mm_list/move_model_list.narc,/fielddata/mm_list/move_model_list.narc!/member_00006,0,/fielddata/mm_list/move_model_list.narc,269,6,,348,376,168,196,28,5bb0d977acc68de323205c4e211cfbb36927f6eab8f955ff826d6b523ba02434,03000b000e0013001d00220024002500,,,,,False,,,,,,,,,,False,False
/fielddata/mm_list/move_model_list.narc,/fielddata/mm_list/move_model_list.narc!/member_00007,0,/fielddata/mm_list/move_model_list.narc,269,7,,376,404,196,224,28,4dca2242d9d0791ac7fc7f4de3110f37950e5290f1f175fc922914b1103231d5,09000b000c000e000f002c002e002f00,,,,,False,,,,,,,,,,False,False
/fielddata/mm_list/move_model_list.narc,/fielddata/mm_list/move_model_list.narc!/member_00008,0,/fielddata/mm_list/move_model_list.narc,269,8,,404,432,224,252,28,3a1f69dade5a7aeadef3113128a5e1c5560d3a68a6f562660586425f470dd8ce,01001100200021003300380040004100,,,,,False,,,,,,,,,,False,False
/fielddata/mm_list/move_model_list.narc,/fielddata/mm_list/move_model_list.narc!/member_00009,0,/fielddata/mm_list/move_model_list.narc,269,9,,432,460,252,280,28,de671bf0e309ac06500dab0819c0a4a79aff18710e0271cfb79e50d2c3ec1931,030008000a000b000d000e0028003600,,,,,False,,,,,,,,,,False,False
/fielddata/mm_list/move_model_list.narc,/fielddata/mm_list/move_model_list.narc!/member_00010,0,/fielddata/mm_list/move_model_list.narc,269,10,,460,488,280,308,28,22fbc78705fc9808ce05ad3e20ede1beca56c2cb9cce852ed1c15a87bc1557d0,02000400070009000b000c000e001300,,,,,False,,,,,,,,,,False,False
/fielddata/mm_list/move_model_list.narc,/fielddata/mm_list/move_model_list.narc!/member_00011,0,/fielddata/mm_list/move_model_list.narc,269,11,,488,516,308,336,28,22fbc78705fc9808ce05ad3e20ede1beca56c2cb9cce852ed1c15a87bc1557d0,02000400070009000b000c000e001300,,,,,False,,,,,,,,,,False,False
/fielddata/mm_list/move_model_list.narc,/fielddata/mm_list/move_model_list.narc!/member_00012,0,/fielddata/mm_list/move_model_list.narc,269,12,,516,544,336,364,28,feb6a3de0c2ba6c3b8bc647ac6246dd4fdccbec8a46d52b3b22926828825f8fc,0d00130022002e002f00300031003200,,,,,False,,,,,,,,,,False,False
/fielddata/mm_list/move_model_list.narc,/fielddata/mm_list/move_model_list.narc!/member_00013,0,/fielddata/mm_list/move_model_list.narc,269,13,,544,572,364,392,28,06945da3f5e6ea7ebab8598609c462c29524aae868001d69749d3e20975e5ae6,0b000d000e0024002e002f0030003100,,,,,False,,,,,,,,,,False,False
/fielddata/mm_list/move_model_list.narc,/fielddata/mm_list/move_model_list.narc!/member_00014,0,/fielddata/mm_list/move_model_list.narc,269,14,,572,608,392,428,36,9f540ea118823bbe7e5a6f6a3c57a19e84aeace25f5a5a223e06e6267d5b1b85,030005000b001f00320033003e004600,,,,,False,,,,,,,,,,False,False
/fielddata/mm_list/move_model_list.narc,/fielddata/mm_list/move_model_list.narc!/member_00015,0,/fielddata/mm_list/move_model_list.narc,269,15,,608,612,428,432,4,08efea1c0957a5a1fe019e6edb21fdc9fbe5de2213487eab7a05e06eca1c9784,ffff0000,,,,,False,,,,,,,,,,False,False
/fielddata/pokemon_trade/fld_trade.narc,/fielddata/pokemon_trade/fld_trade.narc!/member_00000,0,/fielddata/pokemon_trade/fld_trade.narc,270,0,,84,164,0,80,80,ddee76f59c0602fcc235797caed9afef306e6087da003efba74d3441adb5a3cd,3f0000000f0000000f0000000f000000,,,,,False,,,,,,,,,,False,False
/fielddata/pokemon_trade/fld_trade.narc,/fielddata/pokemon_trade/fld_trade.narc!/member_00001,0,/fielddata/pokemon_trade/fld_trade.narc,270,1,,164,244,80,160,80,61adfe8fc42fe4e9e224e2b5b08e84d4f6cdc47197c7107968558d00b5054e43,b90100000f000000140000000f000000,,,,,False,,,,,,,,,,False,False
/fielddata/pokemon_trade/fld_trade.narc,/fielddata/pokemon_trade/fld_trade.narc!/member_00002,0,/fielddata/pokemon_trade/fld_trade.narc,270,2,,244,324,160,240,80,7212ee2443216fb301d03809f4f92fa7f5f77d05b5a04bd5f1bea947c567d0e5,5d00000014000000190000000f000000,,,,,False,,,,,,,,,,False,False
/fielddata/pokemon_trade/fld_trade.narc,/fielddata/pokemon_trade/fld_trade.narc!/member_00003,0,/fielddata/pokemon_trade/fld_trade.narc,270,3,,324,404,240,320,80,747035e4f0afb0f8e8bf0ffd18328d9461acf82967414e0ce309daec20131b4b,810000000f000000190000000f000000,,,,,False,,,,,,,,,,False,False
/fielddata/script/scr_seq_release.narc,/fielddata/script/scr_seq_release.narc!/member_00000,0,/fielddata/script/scr_seq_release.narc,271,0,,8460,8556,0,96,96,0a78a9c3ff9909f2e436525f1d3e3cd9ece9cdaf75aba7f5c46d4d74aead89d7,0a000000190000003a00000013fd4900,,,,,False,,,,,,,,,,False,False
/fielddata/script/scr_seq_release.narc,/fielddata/script/scr_seq_release.narc!/member_00001,0,/fielddata/script/scr_seq_release.narc,271,1,,8556,8768,96,308,212,622d23ac32290800f8d48c71b6c4504b6b4e7a5c4fe84178d04256e8b228daea,220000002f0000003c00000049000000,,,,,False,,,,,,,,,,False,False
/fielddata/script/scr_seq_release.narc,/fielddata/script/scr_seq_release.narc!/member_00002,0,/fielddata/script/scr_seq_release.narc,271,2,,8768,12988,308,4528,4220,30ac0f27941a03d8da176cb17d76215e1205937d1f8ecb6704a223e73c3c33b7,6a000000b90000009c0300001a060000,,,,,False,,,,,,,,,,False,False
/fielddata/script/scr_seq_release.narc,/fielddata/script/scr_seq_release.narc!/member_00003,0,/fielddata/script/scr_seq_release.narc,271,3,,12988,13088,4528,4628,100,66218d41ee1aa84189d97bea02713ef50649fc8a7d3c8d14313cd39ae3f6b0ee,0e000000200000003200000041000000,,,,,False,,,,,,,,,,False,False
/fielddata/script/scr_seq_release.narc,/fielddata/script/scr_seq_release.narc!/member_00004,0,/fielddata/script/scr_seq_release.narc,271,4,,13088,13116,4628,4656,28,7bf6a5d9589b01603e296ad53e577bcc5567d935ab89f0267d13792eb791e4e3,0200000013fd4900dc05600068002c00,,,,,False,,,,,,,,,,False,False
/fielddata/script/scr_seq_release.narc,/fielddata/script/scr_seq_release.narc!/member_00005,0,/fielddata/script/scr_seq_release.narc,271,5,,13116,13204,4656,4744,88,927316322fbfc91a8574411e57e6590a14a45b44d40e4bfafa9a1ae3722d8324,0e000000160000002500000034000000,,,,,False,,,,,,,,,,False,False
/fielddata/script/scr_seq_release.narc,/fielddata/script/scr_seq_release.narc!/member_00006,0,/fielddata/script/scr_seq_release.narc,271,6,,13204,13212,4744,4752,8,1c41889b5ca0b389bff2b87b597a76386e51e014486e52a57b44cf72e8bf3470,0200000013fd0200,,,,,False,,,,,,,,,,False,False
/fielddata/script/scr_seq_release.narc,/fielddata/script/scr_seq_release.narc!/member_00007,0,/fielddata/script/scr_seq_release.narc,271,7,,13212,13220,4752,4760,8,1c41889b5ca0b389bff2b87b597a76386e51e014486e52a57b44cf72e8bf3470,0200000013fd0200,,,,,False,,,,,,,,,,False,False
/fielddata/script/scr_seq_release.narc,/fielddata/script/scr_seq_release.narc!/member_00008,0,/fielddata/script/scr_seq_release.narc,271,8,,13220,13708,4760,5248,488,aca47db4cb60596ba61ad7e9ff44a8c76b8793aa9daaea55f29c73c12e59903a,3a000000b7010000c601000002000000,,,,,False,,,,,,,,,,False,False
/fielddata/script/scr_seq_release.narc,/fielddata/script/scr_seq_release.narc!/member_00009,0,/fielddata/script/scr_seq_release.narc,271,9,,13708,13828,5248,5368,120,b15a6b2c43cd69dfd734b09ae7ddc793291b923b8d7c442faa2861943e59af11,0e0000001d0000002c00000047000000,,,,,False,,,,,,,,,,False,False
/fielddata/script/scr_seq_release.narc,/fielddata/script/scr_seq_release.narc!/member_00010,0,/fielddata/script/scr_seq_release.narc,271,10,,13828,15512,5368,7052,1684,e0010d8b00a160e9c41e4eecd24283696077f70d524618031c7a9489da9be254,1a000000290000003800000047000000,,,,,False,,,,,,,,,,False,False
/fielddata/script/scr_seq_release.narc,/fielddata/script/scr_seq_release.narc!/member_00011,0,/fielddata/script/scr_seq_release.narc,271,11,,15512,17332,7052,8872,1820,f22a7ef6c48771c15179cfc58d8c62dc44743a4332c0af6bf0810937575aa50f,18010000160100002501000023010000,,,,,False,,,,,,,,,,False,False
/fielddata/script/scr_seq_release.narc,/fielddata/script/scr_seq_release.narc!/member_00012,0,/fielddata/script/scr_seq_release.narc,271,12,,17332,17532,8872,9072,200,2eb86085dc0a0c3f925cfd65c0d2752e2176242af71d41c2994e515bb076ad90,29000000380000000200000013fd3802,,,,,False,,,,,,,,,,False,False
/fielddata/script/scr_seq_release.narc,/fielddata/script/scr_seq_release.narc!/member_00013,0,/fielddata/script/scr_seq_release.narc,271,13,,17532,17868,9072,9408,336,26f7a4ba038b382a27ee2a5bebb58429800d087c33a22ff4f4a9e8a15d5f7a52,0e0000001d0000002c0000003b000000,,,,,False,,,,,,,,,,False,False
/fielddata/script/scr_seq_release.narc,/fielddata/script/scr_seq_release.narc!/member_00014,0,/fielddata/script/scr_seq_release.narc,271,14,,17868,17916,9408,9456,48,02488b423a1484656a1ea2078ef334df9885e83777fd2c31f8d66933c9be287b,060000001500000013fd4900dc056000,,,,,False,,,,,,,,,,False,False
/fielddata/script/scr_seq_release.narc,/fielddata/script/scr_seq_release.narc!/member_00015,0,/fielddata/script/scr_seq_release.narc,271,15,,17916,19608,9456,11148,1692,6470fdc0672206c63abbf0158a570a09db006e13a1e610faa5b572b07256ee41,36000000c4030000fd03000036040000,,,,,False,,,,,,,,,,False,False
/fielddata/script/scr_seq_release.narc,/fielddata/script/scr_seq_release.narc!/member_00016,0,/fielddata/script/scr_seq_release.narc,271,16,,19608,19756,11148,11296,148,988ddb75b83b32976566dcbe56415ca082a6996654a576cd94de88ab42387a85,1a000000240000002e00000038000000,,,,,False,,,,,,,,,,False,False
/fielddata/script/scr_seq_release.narc,/fielddata/script/scr_seq_release.narc!/member_00017,0,/fielddata/script/scr_seq_release.narc,271,17,,19756,19884,11296,11424,128,4f82d12ed78768ecbf86bd4635a038a7bf9b9a5f509ce5c1e91bef3916aba3c9,16000000200000002a00000034000000,,,,,False,,,,,,,,,,False,False
/fielddata/script/scr_seq_release.narc,/fielddata/script/scr_seq_release.narc!/member_00018,0,/fielddata/script/scr_seq_release.narc,271,18,,19884,20560,11424,12100,676,d339e73aa2565591ad763ca3f27ee025c420e31d4f2b9bc57e4437f1924ed475,0200000013fd4900dc05600068001c01,,,,,False,,,,,,,,,,False,False
/fielddata/script/scr_seq_release.narc,/fielddata/script/scr_seq_release.narc!/member_00019,0,/fielddata/script/scr_seq_release.narc,271,19,,20560,20608,12100,12148,48,02488b423a1484656a1ea2078ef334df9885e83777fd2c31f8d66933c9be287b,060000001500000013fd4900dc056000,,,,,False,,,,,,,,,,False,False
/fielddata/script/scr_seq_release.narc,/fielddata/script/scr_seq_release.narc!/member_00020,0,/fielddata/script/scr_seq_release.narc,271,20,,20608,20656,12148,12196,48,02488b423a1484656a1ea2078ef334df9885e83777fd2c31f8d66933c9be287b,060000001500000013fd4900dc056000,,,,,False,,,,,,,,,,False,False
/fielddata/script/scr_seq_release.narc,/fielddata/script/scr_seq_release.narc!/member_00021,0,/fielddata/script/scr_seq_release.narc,271,21,,20656,20684,12196,12224,28,7bf6a5d9589b01603e296ad53e577bcc5567d935ab89f0267d13792eb791e4e3,0200000013fd4900dc05600068002c00,,,,,False,,,,,,,,,,False,False
/fielddata/script/scr_seq_release.narc,/fielddata/script/scr_seq_release.narc!/member_00022,0,/fielddata/script/scr_seq_release.narc,271,22,,20684,20692,12224,12232,8,1c41889b5ca0b389bff2b87b597a76386e51e014486e52a57b44cf72e8bf3470,0200000013fd0200,,,,,False,,,,,,,,,,False,False
/fielddata/script/scr_seq_release.narc,/fielddata/script/scr_seq_release.narc!/member_00023,0,/fielddata/script/scr_seq_release.narc,271,23,,20692,20720,12232,12260,28,7bf6a5d9589b01603e296ad53e577bcc5567d935ab89f0267d13792eb791e4e3,0200000013fd4900dc05600068002c00,,,,,False,,,,,,,,,,False,False
/fielddata/script/scr_seq_release.narc,/fielddata/script/scr_seq_release.narc!/member_00024,0,/fielddata/script/scr_seq_release.narc,271,24,,20720,20916,12260,12456,196,7926c3958d8dd5093745d920adbc34233dd96dc7a1f599c0d1f8f0ac0aff01d6,0e0000001d0000003800000053000000,,,,,False,,,,,,,,,,False,False
/fielddata/script/scr_seq_release.narc,/fielddata/script/scr_seq_release.narc!/member_00025,0,/fielddata/script/scr_seq_release.narc,271,25,,20916,20964,12456,12504,48,02488b423a1484656a1ea2078ef334df9885e83777fd2c31f8d66933c9be287b,060000001500000013fd4900dc056000,,,,,False,,,,,,,,,,False,False
/fielddata/script/scr_seq_release.narc,/fielddata/script/scr_seq_release.narc!/member_00026,0,/fielddata/script/scr_seq_release.narc,271,26,,20964,21012,12504,12552,48,02488b423a1484656a1ea2078ef334df9885e83777fd2c31f8d66933c9be287b,060000001500000013fd4900dc056000,,,,,False,,,,,,,,,,False,False
/fielddata/script/scr_seq_release.narc,/fielddata/script/scr_seq_release.narc!/member_00027,0,/fielddata/script/scr_seq_release.narc,271,27,,21012,21108,12552,12648,96,5fc409ebf8066cc8f51ba12cc5145ad7df109dc376a146586654570b2fb33f85,0200000013fd4900dc05600068002000,,,,,False,,,,,,,,,,False,False
/fielddata/script/scr_seq_release.narc,/fielddata/script/scr_seq_release.narc!/member_00028,0,/fielddata/script/scr_seq_release.narc,271,28,,21108,22068,12648,13608,960,0df8e88e7a3cece5c49092ae5c395b5e7d012e04a252fae0ba0c5b0a2ff216a4,c4000000c2000000c00000003c030000,,,,,False,,,,,,,,,,False,False
/fielddata/script/scr_seq_release.narc,/fielddata/script/scr_seq_release.narc!/member_00029,0,/fielddata/script/scr_seq_release.narc,271,29,,22068,23120,13608,14660,1052,34e5e7a4bc5ae6eb5b515f1782c8faf5e8dae488aa11c3faef7011890ef38485,2e0000004c0100005b01000059010000,,,,,False,,,,,,,,,,False,False
/fielddata/script/scr_seq_release.narc,/fielddata/script/scr_seq_release.narc!/member_00030,0,/fielddata/script/scr_seq_release.narc,271,30,,23120,23204,14660,14744,84,03335c46412e662a00abe3f93a8f4e2995bf810df845becc7bd305c0ce7d2baa,0a000000190000003400000013fd4900,,,,,False,,,,,,,,,,False,False
/fielddata/script/scr_seq_release.narc,/fielddata/script/scr_seq_release.narc!/member_00031,0,/fielddata/script/scr_seq_release.narc,271,31,,23204,23300,14744,14840,96,0f41bbd710ffea1f114c057d1950104c13705ae6ac94e85f806943af5ce5b294,0e0000001d0000002c0000003b000000,,,,,False,,,,,,,,,,False,False
/fielddata/script/scr_seq_release.narc,/fielddata/script/scr_seq_release.narc!/member_00032,0,/fielddata/script/scr_seq_release.narc,271,32,,23300,23348,14840,14888,48,02488b423a1484656a1ea2078ef334df9885e83777fd2c31f8d66933c9be287b,060000001500000013fd4900dc056000,,,,,False,,,,,,,,,,False,False
/fielddata/script/scr_seq_release.narc,/fielddata/script/scr_seq_release.narc!/member_00033,0,/fielddata/script/scr_seq_release.narc,271,33,,23348,23376,14888,14916,28,7bf6a5d9589b01603e296ad53e577bcc5567d935ab89f0267d13792eb791e4e3,0200000013fd4900dc05600068002c00,,,,,False,,,,,,,,,,False,False
/fielddata/script/scr_seq_release.narc,/fielddata/script/scr_seq_release.narc!/member_00034,0,/fielddata/script/scr_seq_release.narc,271,34,,23376,25772,14916,17312,2396,e0cf1207ea3addb8a4aa5804197209891f32cee963f38f341187439911065ccb,5e000000e9010000300300003f030000,,,,,False,,,,,,,,,,False,False
/fielddata/script/scr_seq_release.narc,/fielddata/script/scr_seq_release.narc!/member_00035,0,/fielddata/script/scr_seq_release.narc,271,35,,25772,25884,17312,17424,112,73e2dc2e80fc32b35ae7782cb216c12b79b8cf24840e8e569772e96a33cbdec5,0e000000200000003200000046000000,,,,,False,,,,,,,,,,False,False
/fielddata/script/scr_seq_release.narc,/fielddata/script/scr_seq_release.narc!/member_00036,0,/fielddata/script/scr_seq_release.narc,271,36,,25884,26288,17424,17828,404,93dec1f707b655e0eba5198bb0e2e3a9799264a8dd9d0ab201808c2c258aff0f,0e0000000e0000001601000046010000,,,,,False,,,,,,,,,,False,False
/fielddata/script/scr_seq_release.narc,/fielddata/script/scr_seq_release.narc!/member_00037,0,/fielddata/script/scr_seq_release.narc,271,37,,26288,26376,17828,17916,88,195946cda6915bb89b84338d3889be245363c6fa4c238962f9b04de0b4260d5e,0e000000160000002500000034000000,,,,,False,,,,,,,,,,False,False
/fielddata/script/scr_seq_release.narc,/fielddata/script/scr_seq_release.narc!/member_00038,0,/fielddata/script/scr_seq_release.narc,271,38,,26376,26384,17916,17924,8,1c41889b5ca0b389bff2b87b597a76386e51e014486e52a57b44cf72e8bf3470,0200000013fd0200,,,,,False,,,,,,,,,,False,False
/fielddata/script/scr_seq_release.narc,/fielddata/script/scr_seq_release.narc!/member_00039,0,/fielddata/script/scr_seq_release.narc,271,39,,26384,26392,17924,17932,8,1c41889b5ca0b389bff2b87b597a76386e51e014486e52a57b44cf72e8bf3470,0200000013fd0200,,,,,False,,,,,,,,,,False,False
/fielddata/script/scr_seq_release.narc,/fielddata/script/scr_seq_release.narc!/member_00040,0,/fielddata/script/scr_seq_release.narc,271,40,,26392,26552,17932,18092,160,8065d98b84797a5481b5df09204c1620f0aecc6dde39cf46205b4b5bc6bdeb31,0e00000033000000700000007d000000,,,,,False,,,,,,,,,,False,False
/fielddata/script/scr_seq_release.narc,/fielddata/script/scr_seq_release.narc!/member_00041,0,/fielddata/script/scr_seq_release.narc,271,41,,26552,26664,18092,18204,112,e6cf46691a37cee027eb47049b26aca6d6f82089194fce5a19f238d91c16c65b,0e00000033000000400000004d000000,,,,,False,,,,,,,,,,False,False
/fielddata/script/scr_seq_release.narc,/fielddata/script/scr_seq_release.narc!/member_00042,0,/fielddata/script/scr_seq_release.narc,271,42,,26664,28216,18204,19756,1552,c9272182e00fb5ef14002cf0bc20f6320c900b18b09399f5010e7b30fe8312df,2e0000005a000000380300005d030000,,,,,False,,,,,,,,,,False,False
/fielddata/script/scr_seq_release.narc,/fielddata/script/scr_seq_release.narc!/member_00043,0,/fielddata/script/scr_seq_release.narc,271,43,,28216,28340,19756,19880,124,176435263891c8af39658805c5e7c3b5405eec58114d70196eab5128907460bb,060000005e00000013fd4900dc056000,,,,,False,,,,,,,,,,False,False
/fielddata/script/scr_seq_release.narc,/fielddata/script/scr_seq_release.narc!/member_00044,0,/fielddata/script/scr_seq_release.narc,271,44,,28340,28656,19880,20196,316,0af616b5016c99efa8dd2754d06461b6e2df4cf22efa3865472364927a2ae49d,0200000013fd4900dc05600068002000,,,,,False,,,,,,,,,,False,False
/fielddata/script/scr_seq_release.narc,/fielddata/script/scr_seq_release.narc!/member_00045,0,/fielddata/script/scr_seq_release.narc,271,45,,28656,29072,20196,20612,416,106066eeb450a17e0a0a83b00541f85a04b79717f80c85bb8a07559a4dc4bb72,0a0000008b0000005401000013fd1e00,,,,,False,,,,,,,,,,False,False
/fielddata/script/scr_seq_release.narc,/fielddata/script/scr_seq_release.narc!/member_00046,0,/fielddata/script/scr_seq_release.narc,271,46,,29072,29816,20612,21356,744,8c43692fece34048f43d25a6f62f7768566dcb085b9924e421859b66ae42bff5,0a000000030100009900000013fd1100,,,,,False,,,,,,,,,,False,False
/fielddata/script/scr_seq_release.narc,/fielddata/script/scr_seq_release.narc!/member_00047,0,/fielddata/script/scr_seq_release.narc,271,47,,29816,29860,21356,21400,44,de34194e4a388778379d2c7f9eaecfcbb5ee3d78273065e8fd50a5f51a560a01,250000000200000013fd38020a000040,,,,,False,,,,,,,,,,False,False
/fielddata/script/scr_seq_release.narc,/fielddata/script/scr_seq_release.narc!/member_00048,0,/fielddata/script/scr_seq_release.narc,271,48,,29860,31660,21400,23200,1800,3979a9ba14a37b1f9d75ee2f89a505633e26af9cdb6a10188400deb4fc4fc438,4a0000007c000000e0030000bb000000,,,,,False,,,,,,,,,,False,False
/fielddata/script/scr_seq_release.narc,/fielddata/script/scr_seq_release.narc!/member_00049,0,/fielddata/script/scr_seq_release.narc,271,49,,31660,31760,23200,23300,100,6335927af6cadc9b2a51141d4a287b86bf47aa42b15bf2d54ee1b880758293fb,0e000000200000003200000041000000,,,,,False,,,,,,,,,,False,False
/fielddata/script/scr_seq_release.narc,/fielddata/script/scr_seq_release.narc!/member_00050,0,/fielddata/script/scr_seq_release.narc,271,50,,31760,32156,23300,23696,396,ec724211146c421ddf5224593d2d9101e419088c058bbc0286b170c3fd19fe6e,0a000000110100004101000013fd4900,,,,,False,,,,,,,,,,False,False
/fielddata/script/scr_seq_release.narc,/fielddata/script/scr_seq_release.narc!/member_00051,0,/fielddata/script/scr_seq_release.narc,271,51,,32156,32416,23696,23956,260,813a932269282b9a7065e804aa2d7c06e631ec91f317ac336dc23862e155a8e8,0e000000160000002500000034000000,,,,,False,,,,,,,,,,False,False
/fielddata/script/scr_seq_release.narc,/fielddata/script/scr_seq_release.narc!/member_00052,0,/fielddata/script/scr_seq_release.narc,271,52,,32416,32424,23956,23964,8,1c41889b5ca0b389bff2b87b597a76386e51e014486e52a57b44cf72e8bf3470,0200000013fd0200,,,,,False,,,,,,,,,,False,False
/fielddata/script/scr_seq_release.narc,/fielddata/script/scr_seq_release.narc!/member_00053,0,/fielddata/script/scr_seq_release.narc,271,53,,32424,32452,23964,23992,28,7bf6a5d9589b01603e296ad53e577bcc5567d935ab89f0267d13792eb791e4e3,0200000013fd4900dc05600068002c00,,,,,False,,,,,,,,,,False,False
/fielddata/script/scr_seq_release.narc,/fielddata/script/scr_seq_release.narc!/member_00054,0,/fielddata/script/scr_seq_release.narc,271,54,,32452,32524,23992,24064,72,63e6e15097052bede78e56a0b73f9279b55f2bf549d7156764c39a6697326265,0a000000190000002800000013fd4900,,,,,False,,,,,,,,,,False,False
/fielddata/script/scr_seq_release.narc,/fielddata/script/scr_seq_release.narc!/member_00055,0,/fielddata/script/scr_seq_release.narc,271,55,,32524,32708,24064,24248,184,13e9f77649167923c1d7a193fce5bad10ad40d9355fedd1e1b04b215cfc4d248,0e0000001d0000002c00000087000000,,,,,False,,,,,,,,,,False,False
/fielddata/script/scr_seq_release.narc,/fielddata/script/scr_seq_release.narc!/member_00056,0,/fielddata/script/scr_seq_release.narc,271,56,,32708,32852,24248,24392,144,6396a1397756d3e504c62cf3d4fa83d60e114e7885905c726e02851e88190c92,060000006600000013fd4900dc056000,,,,,False,,,,,,,,,,False,False
/fielddata/script/scr_seq_release.narc,/fielddata/script/scr_seq_release.narc!/member_00057,0,/fielddata/script/scr_seq_release.narc,271,57,,32852,32924,24392,24464,72,8e707caf70bce2f1459efc31d59dd585606285ec0f83ec9065f126d3a66e36f3,0a000000190000002800000013fd4900,,,,,False,,,,,,,,,,False,False
/fielddata/script/scr_seq_release.narc,/fielddata/script/scr_seq_release.narc!/member_00058,0,/fielddata/script/scr_seq_release.narc,271,58,,32924,33136,24464,24676,212,f342c63d908c401ccb3d1c5040dee02a1c288f62b238f9d36d0f642852a6bdec,06000000b600000013fd4900dc056000,,,,,False,,,,,,,,,,False,False
/fielddata/script/scr_seq_release.narc,/fielddata/script/scr_seq_release.narc!/member_00059,0,/fielddata/script/scr_seq_release.narc,271,59,,33136,33308,24676,24848,172,25481812aec840966abc6bfb3070a0b5a3e5f9ab826b7401973f1ad8bcad4ac4,0a000000190000002800000013fd4900,,,,,False,,,,,,,,,,False,False
/fielddata/script/scr_seq_release.narc,/fielddata/script/scr_seq_release.narc!/member_00060,0,/fielddata/script/scr_seq_release.narc,271,60,,33308,33380,24848,24920,72,8e707caf70bce2f1459efc31d59dd585606285ec0f83ec9065f126d3a66e36f3,0a000000190000002800000013fd4900,,,,,False,,,,,,,,,,False,False
/fielddata/script/scr_seq_release.narc,/fielddata/script/scr_seq_release.narc!/member_00061,0,/fielddata/script/scr_seq_release.narc,271,61,,33380,33388,24920,24928,8,1c41889b5ca0b389bff2b87b597a76386e51e014486e52a57b44cf72e8bf3470,0200000013fd0200,,,,,False,,,,,,,,,,False,False
/fielddata/script/scr_seq_release.narc,/fielddata/script/scr_seq_release.narc!/member_00062,0,/fielddata/script/scr_seq_release.narc,271,62,,33388,33436,24928,24976,48,02488b423a1484656a1ea2078ef334df9885e83777fd2c31f8d66933c9be287b,060000001500000013fd4900dc056000,,,,,False,,,,,,,,,,False,False
/fielddata/script/scr_seq_release.narc,/fielddata/script/scr_seq_release.narc!/member_00063,0,/fielddata/script/scr_seq_release.narc,271,63,,33436,34812,24976,26352,1376,4394e289a624298d1b16f5c7290b47cae9c8ae9e305c347d77b80eeb36b27e78,320000004100000092040000a1040000,,,,,False,,,,,,,,,,False,False
/fielddata/script/scr_seq_release.narc,/fielddata/script/scr_seq_release.narc!/member_00064,0,/fielddata/script/scr_seq_release.narc,271,64,,34812,34896,26352,26436,84,a8569eafeeebe1a30ee672f657ad85d21e118edf7378df046c83e928ee66dcc9,0a000000190000002800000013fd4900,,,,,False,,,,,,,,,,False,False
/fielddata/script/scr_seq_release.narc,/fielddata/script/scr_seq_release.narc!/member_00065,0,/fielddata/script/scr_seq_release.narc,271,65,,34896,34968,26436,26508,72,8e707caf70bce2f1459efc31d59dd585606285ec0f83ec9065f126d3a66e36f3,0a000000190000002800000013fd4900,,,,,False,,,,,,,,,,False,False
/fielddata/script/scr_seq_release.narc,/fielddata/script/scr_seq_release.narc!/member_00066,0,/fielddata/script/scr_seq_release.narc,271,66,,34968,35120,26508,26660,152,3acb7cf4d8dcd2741240159158dfe2b06f318511c39196dd025a47ca85cc7af3,0e0000001d0000007500000073000000,,,,,False,,,,,,,,,,False,False
/fielddata/script/scr_seq_release.narc,/fielddata/script/scr_seq_release.narc!/member_00067,0,/fielddata/script/scr_seq_release.narc,271,67,,35120,35168,26660,26708,48,02488b423a1484656a1ea2078ef334df9885e83777fd2c31f8d66933c9be287b,060000001500000013fd4900dc056000,,,,,False,,,,,,,,,,False,False
/fielddata/script/scr_seq_release.narc,/fielddata/script/scr_seq_release.narc!/member_00068,0,/fielddata/script/scr_seq_release.narc,271,68,,35168,35196,26708,26736,28,7bf6a5d9589b01603e296ad53e577bcc5567d935ab89f0267d13792eb791e4e3,0200000013fd4900dc05600068002c00,,,,,False,,,,,,,,,,False,False
/fielddata/script/scr_seq_release.narc,/fielddata/script/scr_seq_release.narc!/member_00069,0,/fielddata/script/scr_seq_release.narc,271,69,,35196,37064,26736,28604,1868,99bc83cadb34e9305018c07985cf894a130cb6ccf03714f6682c1eea6a3ca76f,94010000200300002f0300003e030000,,,,,False,,,,,,,,,,False,False
/fielddata/script/scr_seq_release.narc,/fielddata/script/scr_seq_release.narc!/member_00070,0,/fielddata/script/scr_seq_release.narc,271,70,,37064,37176,28604,28716,112,e25c6c918825f75a2012109aa6421dfd4003907147b1ca82243dd8f062164349,0e00000020000000320000004b000000,,,,,False,,,,,,,,,,False,False
/fielddata/script/scr_seq_release.narc,/fielddata/script/scr_seq_release.narc!/member_00071,0,/fielddata/script/scr_seq_release.narc,271,71,,37176,37360,28716,28900,184,b09cc7f2f68a9a03a4bacfb341bc80dfb7a548046b41aa0760333836bc498f84,0a0000003c0000006c00000013fd4900,,,,,False,,,,,,,,,,False,False
/fielddata/script/scr_seq_release.narc,/fielddata/script/scr_seq_release.narc!/member_00072,0,/fielddata/script/scr_seq_release.narc,271,72,,37360,38244,28900,29784,884,332788a20984de5874c0ceeb9cfebf552a12404d02a38f791fa6321bf7d2635a,1a0000007c0000009300000078010000,,,,,False,,,,,,,,,,False,False
/fielddata/script/scr_seq_release.narc,/fielddata/script/scr_seq_release.narc!/member_00073,0,/fielddata/script/scr_seq_release.narc,271,73,,38244,38556,29784,30096,312,bd261514fb24887614a47df25b158040ebbc05b330a0a28c2c71d63c0cb5ec17,160000001e0000002d0000003c000000,,,,,False,,,,,,,,,,False,False
/fielddata/script/scr_seq_release.narc,/fielddata/script/scr_seq_release.narc!/member_00074,0,/fielddata/script/scr_seq_release.narc,271,74,,38556,38584,30096,30124,28,7bf6a5d9589b01603e296ad53e577bcc5567d935ab89f0267d13792eb791e4e3,0200000013fd4900dc05600068002c00,,,,,False,,,,,,,,,,False,False
/fielddata/script/scr_seq_release.narc,/fielddata/script/scr_seq_release.narc!/member_00075,0,/fielddata/script/scr_seq_release.narc,271,75,,38584,38592,30124,30132,8,1c41889b5ca0b389bff2b87b597a76386e51e014486e52a57b44cf72e8bf3470,0200000013fd0200,,,,,False,,,,,,,,,,False,False
/fielddata/script/scr_seq_release.narc,/fielddata/script/scr_seq_release.narc!/member_00076,0,/fielddata/script/scr_seq_release.narc,271,76,,38592,38808,30132,30348,216,b559485ed0178f5222c8f3ca940efcd9a75c878ca63bf99e88ca613d380fd446,120000006600000081000000a6000000,,,,,False,,,,,,,,,,False,False
/fielddata/script/scr_seq_release.narc,/fielddata/script/scr_seq_release.narc!/member_00077,0,/fielddata/script/scr_seq_release.narc,271,77,,38808,38856,30348,30396,48,02488b423a1484656a1ea2078ef334df9885e83777fd2c31f8d66933c9be287b,060000001500000013fd4900dc056000,,,,,False,,,,,,,,,,False,False
/fielddata/script/scr_seq_release.narc,/fielddata/script/scr_seq_release.narc!/member_00078,0,/fielddata/script/scr_seq_release.narc,271,78,,38856,38904,30396,30444,48,02488b423a1484656a1ea2078ef334df9885e83777fd2c31f8d66933c9be287b,060000001500000013fd4900dc056000,,,,,False,,,,,,,,,,False,False
/fielddata/script/scr_seq_release.narc,/fielddata/script/scr_seq_release.narc!/member_00079,0,/fielddata/script/scr_seq_release.narc,271,79,,38904,38932,30444,30472,28,7bf6a5d9589b01603e296ad53e577bcc5567d935ab89f0267d13792eb791e4e3,0200000013fd4900dc05600068002c00,,,,,False,,,,,,,,,,False,False
/fielddata/script/scr_seq_release.narc,/fielddata/script/scr_seq_release.narc!/member_00080,0,/fielddata/script/scr_seq_release.narc,271,80,,38932,39472,30472,31012,540,6c766352e5dd21652f84eaa08ec96ef2140d4c7c0d4c0038b0ad48d0a131f547,0e000000ac010000c7010000e2010000,,,,,False,,,,,,,,,,False,False
/fielddata/script/scr_seq_release.narc,/fielddata/script/scr_seq_release.narc!/member_00081,0,/fielddata/script/scr_seq_release.narc,271,81,,39472,40020,31012,31560,548,23d21507f70c7a1dff9508d1d0c4270b667780ad3386ef26e89f7de687f972d8,0a0000002d010000df01000013fd4900,,,,,False,,,,,,,,,,False,False
/fielddata/script/scr_seq_release.narc,/fielddata/script/scr_seq_release.narc!/member_00082,0,/fielddata/script/scr_seq_release.narc,271,82,,40020,40140,31560,31680,120,62037d56e2dce29ed7872c442d89f3c7781fbdd7b9cf317b7b1a2d60accbff3f,060000005c00000013fd4900dc056000,,,,,False,,,,,,,,,,False,False
/fielddata/script/scr_seq_release.narc,/fielddata/script/scr_seq_release.narc!/member_00083,0,/fielddata/script/scr_seq_release.narc,271,83,,40140,40236,31680,31776,96,0f41bbd710ffea1f114c057d1950104c13705ae6ac94e85f806943af5ce5b294,0e0000001d0000002c0000003b000000,,,,,False,,,,,,,,,,False,False
/fielddata/script/scr_seq_release.narc,/fielddata/script/scr_seq_release.narc!/member_00084,0,/fielddata/script/scr_seq_release.narc,271,84,,40236,40332,31776,31872,96,c3d7e95f74d377c60626a35bd891290eeefbca98cf682c44229448eab2dd221e,0200000013fd4900dc05600068002000,,,,,False,,,,,,,,,,False,False
/fielddata/script/scr_seq_release.narc,/fielddata/script/scr_seq_release.narc!/member_00085,0,/fielddata/script/scr_seq_release.narc,271,85,,40332,40616,31872,32156,284,866ce6779e1efa74ad6728eca04db3f5cf6e955e73f20bcb00ddcbffcc201fdb,0e000000250000003400000060000000,,,,,False,,,,,,,,,,False,False
/fielddata/script/scr_seq_release.narc,/fielddata/script/scr_seq_release.narc!/member_00086,0,/fielddata/script/scr_seq_release.narc,271,86,,40616,40692,32156,32232,76,844a00f5d7b436355d28ed30b359275861aeb2abf3ac6284116665ab8d0efe5a,0a0000001b0000002a00000013fd4900,,,,,False,,,,,,,,,,False,False
/fielddata/script/scr_seq_release.narc,/fielddata/script/scr_seq_release.narc!/member_00087,0,/fielddata/script/scr_seq_release.narc,271,87,,40692,40816,32232,32356,124,5a054ae851879bd2b20db7ef4fdce1fd289378a9d9c57a7ba0017f2502a21a88,0200000013fd4900dc05600068002000,,,,,False,,,,,,,,,,False,False
/fielddata/script/scr_seq_release.narc,/fielddata/script/scr_seq_release.narc!/member_00088,0,/fielddata/script/scr_seq_release.narc,271,88,,40816,40864,32356,32404,48,02488b423a1484656a1ea2078ef334df9885e83777fd2c31f8d66933c9be287b,060000001500000013fd4900dc056000,,,,,False,,,,,,,,,,False,False
/fielddata/script/scr_seq_release.narc,/fielddata/script/scr_seq_release.narc!/member_00089,0,/fielddata/script/scr_seq_release.narc,271,89,,40864,42720,32404,34260,1856,1a9c8bcc190d7d86732ff7be90b58b2f4837089d3f7619aae6c0e83d36284a19,1200000024060000330600005c060000,,,,,False,,,,,,,,,,False,False
/fielddata/script/scr_seq_release.narc,/fielddata/script/scr_seq_release.narc!/member_00090,0,/fielddata/script/scr_seq_release.narc,271,90,,42720,46648,34260,38188,3928,07678ed4cd32d13f036a2c6c9f6489680315496b69ba0410de74608e481e7945,8200000080000000e4040000f3040000,,,,,False,,,,,,,,,,False,False
/fielddata/script/scr_seq_release.narc,/fielddata/script/scr_seq_release.narc!/member_00091,0,/fielddata/script/scr_seq_release.narc,271,91,,46648,46748,38188,38288,100,ce0dbb9be277dc429a94e9fe77b8ce9625e34677675b784932ec3fdf98f0f291,0e000000200000003200000041000000,,,,,False,,,,,,,,,,False,False
/fielddata/script/scr_seq_release.narc,/fielddata/script/scr_seq_release.narc!/member_00092,0,/fielddata/script/scr_seq_release.narc,271,92,,46748,46992,38288,38532,244,e6ed6eeff88c6147605e994a1e5d33afd43a465e2449d0fcc9e9b815ec602430,16000000270000002b0000002b000000,,,,,False,,,,,,,,,,False,False
/fielddata/script/scr_seq_release.narc,/fielddata/script/scr_seq_release.narc!/member_00093,0,/fielddata/script/scr_seq_release.narc,271,93,,46992,47056,38532,38596,64,333988a3ecf47c161531c8ec7fa5af34a703c095dda624ab2ad51c63f7c587e6,0e0000000e0000000e0000001b000000,,,,,False,,,,,,,,,,False,False
/fielddata/script/scr_seq_release.narc,/fielddata/script/scr_seq_release.narc!/member_00094,0,/fielddata/script/scr_seq_release.narc,271,94,,47056,47120,38596,38660,64,333988a3ecf47c161531c8ec7fa5af34a703c095dda624ab2ad51c63f7c587e6,0e0000000e0000000e0000001b000000,,,,,False,,,,,,,,,,False,False
/fielddata/script/scr_seq_release.narc,/fielddata/script/scr_seq_release.narc!/member_00095,0,/fielddata/script/scr_seq_release.narc,271,95,,47120,47184,38660,38724,64,333988a3ecf47c161531c8ec7fa5af34a703c095dda624ab2ad51c63f7c587e6,0e0000000e0000000e0000001b000000,,,,,False,,,,,,,,,,False,False
/fielddata/script/scr_seq_release.narc,/fielddata/script/scr_seq_release.narc!/member_00096,0,/fielddata/script/scr_seq_release.narc,271,96,,47184,47664,38724,39204,480,1e45325632258d0b8eac0cd0aa8243f9db90a81f75f7fd31e9077c633d33d7be,100000001f010000590100005f010000,,Nintendo LZ10,Probable,,True,Nintendo LZ10,Probable,True,287,False,,,,,False,False
/fielddata/script/scr_seq_release.narc,/fielddata/script/scr_seq_release.narc!/member_00097,0,/fielddata/script/scr_seq_release.narc,271,97,,47664,47776,39204,39316,112,92e91196cdb5f44428c2d5ab7a7469adadc110424f8369eb06aac6bcbf546010,0e000000160000002500000034000000,,,,,False,,,,,,,,,,False,False
/fielddata/script/scr_seq_release.narc,/fielddata/script/scr_seq_release.narc!/member_00098,0,/fielddata/script/scr_seq_release.narc,271,98,,47776,47784,39316,39324,8,1c41889b5ca0b389bff2b87b597a76386e51e014486e52a57b44cf72e8bf3470,0200000013fd0200,,,,,False,,,,,,,,,,False,False
/fielddata/script/scr_seq_release.narc,/fielddata/script/scr_seq_release.narc!/member_00099,0,/fielddata/script/scr_seq_release.narc,271,99,,47784,47792,39324,39332,8,1c41889b5ca0b389bff2b87b597a76386e51e014486e52a57b44cf72e8bf3470,0200000013fd0200,,,,,False,,,,,,,,,,False,False
/fielddata/script/scr_seq_release.narc,/fielddata/script/scr_seq_release.narc!/member_00100,0,/fielddata/script/scr_seq_release.narc,271,100,,47792,47840,39332,39380,48,02488b423a1484656a1ea2078ef334df9885e83777fd2c31f8d66933c9be287b,060000001500000013fd4900dc056000,,,,,False,,,,,,,,,,False,False
/fielddata/script/scr_seq_release.narc,/fielddata/script/scr_seq_release.narc!/member_00101,0,/fielddata/script/scr_seq_release.narc,271,101,,47840,47984,39380,39524,144,1f1906d733efe361bd31fd499d5254d4ab3685fc89c8ed9a6a3f7a2c6c078e18,060000006600000013fd4900dc056000,,,,,False,,,,,,,,,,False,False
/fielddata/script/scr_seq_release.narc,/fielddata/script/scr_seq_release.narc!/member_00102,0,/fielddata/script/scr_seq_release.narc,271,102,,47984,48192,39524,39732,208,3ff14649f1869b7a83298b8f5535b2006eaa588db52b71222f75da840b5cd201,0200000013fd60005e00ff00a8000000,,,,,False,,,,,,,,,,False,False
/fielddata/script/scr_seq_release.narc,/fielddata/script/scr_seq_release.narc!/member_00103,0,/fielddata/script/scr_seq_release.narc,271,103,,48192,48628,39732,40168,436,767ab968ea252397645a9de2a6f604c26ab9564c07691acf1249165d87771fa5,35000000900000004901000064010000,,,,,False,,,,,,,,,,False,False
/fielddata/script/scr_seq_release.narc,/fielddata/script/scr_seq_release.narc!/member_00104,0,/fielddata/script/scr_seq_release.narc,271,104,,48628,48748,40168,40288,120,10f8d20c617d9d9971c5d6fc69917335697bd3be3e4981fa44c140cbfd9b5981,2d0000003c0000004b00000002000000,,,,,False,,,,,,,,,,False,False
/fielddata/script/scr_seq_release.narc,/fielddata/script/scr_seq_release.narc!/member_00105,0,/fielddata/script/scr_seq_release.narc,271,105,,48748,48832,40288,40372,84,493efdd82b2aca9fae3c3ebca7645ebbfb59039af578424ae0413fcb6395c4f9,29000000380000000200000013fd3802,,,,,False,,,,,,,,,,False,False
/fielddata/script/scr_seq_release.narc,/fielddata/script/scr_seq_release.narc!/member_00106,0,/fielddata/script/scr_seq_release.narc,271,106,,48832,48916,40372,40456,84,de6083f418fc1452b778c02322230cba55f966538d7efa46bd6973bd0f79d47a,0a000000190000002800000013fd4900,,,,,False,,,,,,,,,,False,False
/fielddata/script/scr_seq_release.narc,/fielddata/script/scr_seq_release.narc!/member_00107,0,/fielddata/script/scr_seq_release.narc,271,107,,48916,48944,40456,40484,28,7bf6a5d9589b01603e296ad53e577bcc5567d935ab89f0267d13792eb791e4e3,0200000013fd4900dc05600068002c00,,,,,False,,,,,,,,,,False,False
/fielddata/script/scr_seq_release.narc,/fielddata/script/scr_seq_release.narc!/member_00108,0,/fielddata/script/scr_seq_release.narc,271,108,,48944,49040,40484,40580,96,be2252e90ade8cedaf2d60f6f576f96f6bafa4443f422e4d4fefecbf6cc41aab,0e0000001d0000002c0000003b000000,,,,,False,,,,,,,,,,False,False
/fielddata/script/scr_seq_release.narc,/fielddata/script/scr_seq_release.narc!/member_00109,0,/fielddata/script/scr_seq_release.narc,271,109,,49040,49260,40580,40800,220,93ba85cf07eebcba28b8231beb3e7a2ba771c59974b349ddb98fe90212ece9ca,22000000310000003e0000004d000000,,,,,False,,,,,,,,,,False,False
/fielddata/script/scr_seq_release.narc,/fielddata/script/scr_seq_release.narc!/member_00110,0,/fielddata/script/scr_seq_release.narc,271,110,,49260,49356,40800,40896,96,0f41bbd710ffea1f114c057d1950104c13705ae6ac94e85f806943af5ce5b294,0e0000001d0000002c0000003b000000,,,,,False,,,,,,,,,,False,False
/fielddata/script/scr_seq_release.narc,/fielddata/script/scr_seq_release.narc!/member_00111,0,/fielddata/script/scr_seq_release.narc,271,111,,49356,49564,40896,41104,208,aff1234bcb8ebe66762719edc76eef751249758754e40e808d9a82663fb0b7ec,0200000013fd60005e00ff00a8000000,,,,,False,,,,,,,,,,False,False
/fielddata/script/scr_seq_release.narc,/fielddata/script/scr_seq_release.narc!/member_00112,0,/fielddata/script/scr_seq_release.narc,271,112,,49564,49880,41104,41420,316,33ee14a5abe130dd380b2791d9ad5363145b8e507dcf998b1d6859e1090c4785,0200000013fd4900dc05600068002000,,,,,False,,,,,,,,,,False,False
/fielddata/script/scr_seq_release.narc,/fielddata/script/scr_seq_release.narc!/member_00113,0,/fielddata/script/scr_seq_release.narc,271,113,,49880,50048,41420,41588,168,89aecbbbd21aa69ddc50295973a6b010a58a02dcb78fe57a8b6357f24fcd34c0,6800000077000000860000001b000000,,,,,False,,,,,,,,,,False,False
/fielddata/script/scr_seq_release.narc,/fielddata/script/scr_seq_release.narc!/member_00114,0,/fielddata/script/scr_seq_release.narc,271,114,,50048,51212,41588,42752,1164,a0af5cae1842302b317d6af65968f159ce221e632c44938c946c70609dfdc00b,3600000078010000c8010000c6010000,,,,,False,,,,,,,,,,False,False
/fielddata/script/scr_seq_release.narc,/fielddata/script/scr_seq_release.narc!/member_00115,0,/fielddata/script/scr_seq_release.narc,271,115,,51212,51220,42752,42760,8,1c41889b5ca0b389bff2b87b597a76386e51e014486e52a57b44cf72e8bf3470,0200000013fd0200,,,,,False,,,,,,,,,,False,False
/fielddata/script/scr_seq_release.narc,/fielddata/script/scr_seq_release.narc!/member_00116,0,/fielddata/script/scr_seq_release.narc,271,116,,51220,51316,42760,42856,96,0f41bbd710ffea1f114c057d1950104c13705ae6ac94e85f806943af5ce5b294,0e0000001d0000002c0000003b000000,,,,,False,,,,,,,,,,False,False
/fielddata/script/scr_seq_release.narc,/fielddata/script/scr_seq_release.narc!/member_00117,0,/fielddata/script/scr_seq_release.narc,271,117,,51316,51456,42856,42996,140,82cdf5eb229904a0b4eeed68b6c934cf5058436443143c9707d7d0b3e361dcb7,16000000250000003400000043000000,,,,,False,,,,,,,,,,False,False
/fielddata/script/scr_seq_release.narc,/fielddata/script/scr_seq_release.narc!/member_00118,0,/fielddata/script/scr_seq_release.narc,271,118,,51456,53036,42996,44576,1580,9d16ed8871b408103a759c18ee8b0a17004a3e05c267ec3f490004806c806de4,3e0000005d0000006c0000007b000000,,,,,False,,,,,,,,,,False,False
/fielddata/script/scr_seq_release.narc,/fielddata/script/scr_seq_release.narc!/member_00119,0,/fielddata/script/scr_seq_release.narc,271,119,,53036,53160,44576,44700,124,155e923da8f286521ad750ac15f3b5e9e167aad60d63c9edd3bc31d0108e33ee,12000000240000003600000045000000,,,,,False,,,,,,,,,,False,False
/fielddata/script/scr_seq_release.narc,/fielddata/script/scr_seq_release.narc!/member_00120,0,/fielddata/script/scr_seq_release.narc,271,120,,53160,53636,44700,45176,476,e1baa0ea760cebdff783f02169f82b92fe68dd669f8e8b39d1420019c02af2c0,1a0000002c0000003e00000050000000,,,,,False,,,,,,,,,,False,False
/fielddata/script/scr_seq_release.narc,/fielddata/script/scr_seq_release.narc!/member_00121,0,/fielddata/script/scr_seq_release.narc,271,121,,53636,53700,45176,45240,64,4564a29b5084987c711b3e86877843a92abf3c095af51ffaac40243395e937a0,0a000000120000002100000013fd2800,,,,,False,,,,,,,,,,False,False
/fielddata/script/scr_seq_release.narc,/fielddata/script/scr_seq_release.narc!/member_00122,0,/fielddata/script/scr_seq_release.narc,271,122,,53700,53728,45240,45268,28,7bf6a5d9589b01603e296ad53e577bcc5567d935ab89f0267d13792eb791e4e3,0200000013fd4900dc05600068002c00,,,,,False,,,,,,,,,,False,False
/fielddata/script/scr_seq_release.narc,/fielddata/script/scr_seq_release.narc!/member_00123,0,/fielddata/script/scr_seq_release.narc,271,123,,53728,53736,45268,45276,8,1c41889b5ca0b389bff2b87b597a76386e51e014486e52a57b44cf72e8bf3470,0200000013fd0200,,,,,False,,,,,,,,,,False,False
/fielddata/script/scr_seq_release.narc,/fielddata/script/scr_seq_release.narc!/member_00124,0,/fielddata/script/scr_seq_release.narc,271,124,,53736,54412,45276,45952,676,c384288e7a8960fa7e5e27c96bbce543d8464279a188b0c5c421d033a6efad24,1200000010000000b40100003c020000,,,,,False,,,,,,,,,,False,False
/fielddata/script/scr_seq_release.narc,/fielddata/script/scr_seq_release.narc!/member_00125,0,/fielddata/script/scr_seq_release.narc,271,125,,54412,54600,45952,46140,188,4e739319c7ce1fd8e5f53a23d0eef660803d6107edfefbf495cc8c581368b8b2,12000000680000007700000086000000,,,,,False,,,,,,,,,,False,False
/fielddata/script/scr_seq_release.narc,/fielddata/script/scr_seq_release.narc!/member_00126,0,/fielddata/script/scr_seq_release.narc,271,126,,54600,54728,46140,46268,128,6f2e59bef39a2ca6c59ce212593d11404fb0c4d3546f7d01f29dc209163a875e,060000006200000013fd4900dc056000,,,,,False,,,,,,,,,,False,False
/fielddata/script/scr_seq_release.narc,/fielddata/script/scr_seq_release.narc!/member_00127,0,/fielddata/script/scr_seq_release.narc,271,127,,54728,54920,46268,46460,192,d262dee956162582875c5ae22df01271fe7be01236c4e11e3ea4062cd3e52772,060000001500000013fd4900dc056000,,,,,False,,,,,,,,,,False,False
/fielddata/script/scr_seq_release.narc,/fielddata/script/scr_seq_release.narc!/member_00128,0,/fielddata/script/scr_seq_release.narc,271,128,,54920,55212,46460,46752,292,25473fddf32a143e3abebe859087fd9aaf872db27cdc9e9d47d0cac6eeedd37b,0200000013fd4900dc0560006800c402,,,,,False,,,,,,,,,,False,False
/fielddata/script/scr_seq_release.narc,/fielddata/script/scr_seq_release.narc!/member_00129,0,/fielddata/script/scr_seq_release.narc,271,129,,55212,55272,46752,46812,60,964f0a96b46c4412071fcb63837f6d5bd36c1cbda09b75a389153905ae2b9816,060000001500000013fd4900dc056000,,,,,False,,,,,,,,,,False,False
/fielddata/script/scr_seq_release.narc,/fielddata/script/scr_seq_release.narc!/member_00130,0,/fielddata/script/scr_seq_release.narc,271,130,,55272,56104,46812,47644,832,40a81db53df434bbf46e862e01b0c22b61d595c63d585931152071e5cbcf4e8c,0a000000040300001303000013fd4900,,,,,False,,,,,,,,,,False,False
/fielddata/script/scr_seq_release.narc,/fielddata/script/scr_seq_release.narc!/member_00131,0,/fielddata/script/scr_seq_release.narc,271,131,,56104,59084,47644,50624,2980,79aa2ecb212c6619a566d64483293c5286ff6e0d45afdbd8edf54d7eb547fed4,76000000b8060000c7060000d6060000,,,,,False,,,,,,,,,,False,False
/fielddata/script/scr_seq_release.narc,/fielddata/script/scr_seq_release.narc!/member_00132,0,/fielddata/script/scr_seq_release.narc,271,132,,59084,59468,50624,51008,384,c0650f6e17eae9fd8ebef69e42db599750c7fefda8b74644a2952163ede36a34,0e0000000e0000000201000032010000,,,,,False,,,,,,,,,,False,False
/fielddata/script/scr_seq_release.narc,/fielddata/script/scr_seq_release.narc!/member_00133,0,/fielddata/script/scr_seq_release.narc,271,133,,59468,59540,51008,51080,72,d8f60a70792790843ca2b2b437edad56caea6db182a16441319767fd362714eb,0a000000120000002600000013fd2800,,,,,False,,,,,,,,,,False,False
/fielddata/script/scr_seq_release.narc,/fielddata/script/scr_seq_release.narc!/member_00134,0,/fielddata/script/scr_seq_release.narc,271,134,,59540,59548,51080,51088,8,1c41889b5ca0b389bff2b87b597a76386e51e014486e52a57b44cf72e8bf3470,0200000013fd0200,,,,,False,,,,,,,,,,False,False
/fielddata/script/scr_seq_release.narc,/fielddata/script/scr_seq_release.narc!/member_00135,0,/fielddata/script/scr_seq_release.narc,271,135,,59548,59576,51088,51116,28,7bf6a5d9589b01603e296ad53e577bcc5567d935ab89f0267d13792eb791e4e3,0200000013fd4900dc05600068002c00,,,,,False,,,,,,,,,,False,False
/fielddata/script/scr_seq_release.narc,/fielddata/script/scr_seq_release.narc!/member_00136,0,/fielddata/script/scr_seq_release.narc,271,136,,59576,60692,51116,52232,1116,5e43edf63559d12bc74e7525c3f3b1fc9d7568b4c2ee8a4dc02b80dd36b57347,520000005a000000620000006a000000,,,,,False,,,,,,,,,,False,False
/fielddata/script/scr_seq_release.narc,/fielddata/script/scr_seq_release.narc!/member_00137,0,/fielddata/script/scr_seq_release.narc,271,137,,60692,61000,52232,52540,308,2d48a48e002880e76733810ca19a97a56b468c399027189b017c9cca64b0dd4f,1e0000002d0000003c0000004b000000,,,,,False,,,,,,,,,,False,False
/fielddata/script/scr_seq_release.narc,/fielddata/script/scr_seq_release.narc!/member_00138,0,/fielddata/script/scr_seq_release.narc,271,138,,61000,61448,52540,52988,448,b612ab734ecda82e21a1b884e57003515a9550de1c8f0f1d3da4ee9f1d1f2e92,1a000000e6000000f500000004010000,,,,,False,,,,,,,,,,False,False
/fielddata/script/scr_seq_release.narc,/fielddata/script/scr_seq_release.narc!/member_00139,0,/fielddata/script/scr_seq_release.narc,271,139,,61448,61784,52988,53324,336,835a53571cb3b922a87007e4ef4a3bea290ed267c2b4f57660f9394e407eed5d,16000000e2000000f100000000010000,,,,,False,,,,,,,,,,False,False
/fielddata/script/scr_seq_release.narc,/fielddata/script/scr_seq_release.narc!/member_00140,0,/fielddata/script/scr_seq_release.narc,271,140,,61784,62120,53324,53660,336,9298f247c7ef533e8fa5875c8b953147782a53d8fe16415e34f355a66da66edf,16000000e2000000f100000000010000,,,,,False,,,,,,,,,,False,False
/fielddata/script/scr_seq_release.narc,/fielddata/script/scr_seq_release.narc!/member_00141,0,/fielddata/script/scr_seq_release.narc,271,141,,62120,62764,53660,54304,644,35cf80e58787178b811efa0fc65445e05afd490b4d99ddd7541c415df5f819ae,1600000025000000340000008c000000,,,,,False,,,,,,,,,,False,False
/fielddata/script/scr_seq_release.narc,/fielddata/script/scr_seq_release.narc!/member_00142,0,/fielddata/script/scr_seq_release.narc,271,142,,62764,63668,54304,55208,904,460d076569c05a13ca5e8fd6d1f7b02217e95c4bdf5b01212c7950ca4b390dcd,0200000013fd4900dc05600068001c01,,,,,False,,,,,,,,,,False,False
/fielddata/script/scr_seq_release.narc,/fielddata/script/scr_seq_release.narc!/member_00143,0,/fielddata/script/scr_seq_release.narc,271,143,,63668,63924,55208,55464,256,09a7f344ff8c3b95d7a9657644060a73d3c4119247dd9ba4aaa9f5844ab80304,060000005b00000013fd4900dc056000,,,,,False,,,,,,,,,,False,False
/fielddata/script/scr_seq_release.narc,/fielddata/script/scr_seq_release.narc!/member_00144,0,/fielddata/script/scr_seq_release.narc,271,144,,63924,64304,55464,55844,380,bfa68cf1db61b6fb6fbc3494cdeacd63541f25707c8d43194ec5f5b96cb3dc5d,0a0000004c0100005b01000013fd4900,,,,,False,,,,,,,,,,False,False
/fielddata/script/scr_seq_release.narc,/fielddata/script/scr_seq_release.narc!/member_00145,0,/fielddata/script/scr_seq_release.narc,271,145,,64304,64720,55844,56260,416,5e422b091b86ea96796407c675a7d42bc4c54bc1ff7367fc82a58f3f77caf432,060000008401000013fd4900dc056000,,,,,False,,,,,,,,,,False,False
/fielddata/script/scr_seq_release.narc,/fielddata/script/scr_seq_release.narc!/member_00146,0,/fielddata/script/scr_seq_release.narc,271,146,,64720,64804,56260,56344,84,cf4f84a2698093cb006231c42163b628b4bbe40cf0986689c0e509632758a2aa,0a000000190000002800000013fd4900,,,,,False,,,,,,,,,,False,False
/fielddata/script/scr_seq_release.narc,/fielddata/script/scr_seq_release.narc!/member_00147,0,/fielddata/script/scr_seq_release.narc,271,147,,64804,64852,56344,56392,48,02488b423a1484656a1ea2078ef334df9885e83777fd2c31f8d66933c9be287b,060000001500000013fd4900dc056000,,,,,False,,,,,,,,,,False,False
/fielddata/script/scr_seq_release.narc,/fielddata/script/scr_seq_release.narc!/member_00148,0,/fielddata/script/scr_seq_release.narc,271,148,,64852,65160,56392,56700,308,dae6d753e558d789db13d7bce5456c6a803dfe50cc6fd73401cf152363feb184,0a000000f90000000801000013fd4900,,,,,False,,,,,,,,,,False,False
/fielddata/script/scr_seq_release.narc,/fielddata/script/scr_seq_release.narc!/member_00149,0,/fielddata/script/scr_seq_release.narc,271,149,,65160,65232,56700,56772,72,1b8581afa98a993438de708ae5b65e3125da615cabfd542cf9c7bc23cdef0809,060000001500000013fd4900dc056000,,,,,False,,,,,,,,,,False,False
/fielddata/script/scr_seq_release.narc,/fielddata/script/scr_seq_release.narc!/member_00150,0,/fielddata/script/scr_seq_release.narc,271,150,,65232,66672,56772,58212,1440,88c3c3aabfd9de3448be4dee27aa4c74fdae579deacbcba9cb7fd1b7a995ef38,fd010000e8020000f702000006030000,,,,,False,,,,,,,,,,False,False
/fielddata/script/scr_seq_release.narc,/fielddata/script/scr_seq_release.narc!/member_00151,0,/fielddata/script/scr_seq_release.narc,271,151,,66672,66772,58212,58312,100,76cbf20f75ff567528e7e5819f5832593bebeba2122fe8f55d23d09451212204,0e000000200000003200000041000000,,,,,False,,,,,,,,,,False,False
/fielddata/script/scr_seq_release.narc,/fielddata/script/scr_seq_release.narc!/member_00152,0,/fielddata/script/scr_seq_release.narc,271,152,,66772,66944,58312,58484,172,0a2aaf3cf278f8f8d8ed4dcfd3e00224074fffdc2d88a67736fb179ff7ac3387,0e000000150000001600000046000000,,,,,False,,,,,,,,,,False,False
/fielddata/script/scr_seq_release.narc,/fielddata/script/scr_seq_release.narc!/member_00153,0,/fielddata/script/scr_seq_release.narc,271,153,,66944,66988,58484,58528,44,00818cfa166a4240a3c1b10f2e34c576ada56b626b8ef85c19ce50473d830ad4,0e000000150000001600000017000000,,,,,False,,,,,,,,,,False,False
/fielddata/script/scr_seq_release.narc,/fielddata/script/scr_seq_release.narc!/member_00154,0,/fielddata/script/scr_seq_release.narc,271,154,,66988,67272,58528,58812,284,bc22ea5e10caf6303b22b091f670ece181d1f806ef8db09466a7caab08482719,0e000000150000001600000017000000,,,,,False,,,,,,,,,,False,False
/fielddata/script/scr_seq_release.narc,/fielddata/script/scr_seq_release.narc!/member_00155,0,/fielddata/script/scr_seq_release.narc,271,155,,67272,67392,58812,58932,120,73b4fa777f5e89556b933acbf77c14d02c2401da3e2e7040f9e58b53a523eca4,0e000000160000002500000052000000,,,,,False,,,,,,,,,,False,False
/fielddata/script/scr_seq_release.narc,/fielddata/script/scr_seq_release.narc!/member_00156,0,/fielddata/script/scr_seq_release.narc,271,156,,67392,67400,58932,58940,8,1c41889b5ca0b389bff2b87b597a76386e51e014486e52a57b44cf72e8bf3470,0200000013fd0200,,,,,False,,,,,,,,,,False,False
/fielddata/script/scr_seq_release.narc,/fielddata/script/scr_seq_release.narc!/member_00157,0,/fielddata/script/scr_seq_release.narc,271,157,,67400,67408,58940,58948,8,1c41889b5ca0b389bff2b87b597a76386e51e014486e52a57b44cf72e8bf3470,0200000013fd0200,,,,,False,,,,,,,,,,False,False
/fielddata/script/scr_seq_release.narc,/fielddata/script/scr_seq_release.narc!/member_00158,0,/fielddata/script/scr_seq_release.narc,271,158,,67408,67872,58948,59412,464,dab7033404405caa946b9888a7f1e28c0559752792f1b0fb757e24f8fa4cb4a9,120000008a0000009900000061010000,,,,,False,,,,,,,,,,False,False
/fielddata/script/scr_seq_release.narc,/fielddata/script/scr_seq_release.narc!/member_00159,0,/fielddata/script/scr_seq_release.narc,271,159,,67872,68888,59412,60428,1016,696e184b7309c09ab34d230736aeb9efaddb366b8c1e542a9f4b5079e7ee7d23,0200000013fd4900dc05600068002000,,,,,False,,,,,,,,,,False,False
/fielddata/script/scr_seq_release.narc,/fielddata/script/scr_seq_release.narc!/member_00160,0,/fielddata/script/scr_seq_release.narc,271,160,,68888,69052,60428,60592,164,40170d7dc464a260dcefd5307e1eb17cb0297751b9b783599a4f590e591dee74,1a000000290000003800000047000000,,,,,False,,,,,,,,,,False,False
/fielddata/script/scr_seq_release.narc,/fielddata/script/scr_seq_release.narc!/member_00161,0,/fielddata/script/scr_seq_release.narc,271,161,,69052,69100,60592,60640,48,02488b423a1484656a1ea2078ef334df9885e83777fd2c31f8d66933c9be287b,060000001500000013fd4900dc056000,,,,,False,,,,,,,,,,False,False
/fielddata/script/scr_seq_release.narc,/fielddata/script/scr_seq_release.narc!/member_00162,0,/fielddata/script/scr_seq_release.narc,271,162,,69100,69108,60640,60648,8,1c41889b5ca0b389bff2b87b597a76386e51e014486e52a57b44cf72e8bf3470,0200000013fd0200,,,,,False,,,,,,,,,,False,False
/fielddata/script/scr_seq_release.narc,/fielddata/script/scr_seq_release.narc!/member_00163,0,/fielddata/script/scr_seq_release.narc,271,163,,69108,69116,60648,60656,8,1c41889b5ca0b389bff2b87b597a76386e51e014486e52a57b44cf72e8bf3470,0200000013fd0200,,,,,False,,,,,,,,,,False,False
/fielddata/script/scr_seq_release.narc,/fielddata/script/scr_seq_release.narc!/member_00164,0,/fielddata/script/scr_seq_release.narc,271,164,,69116,69420,60656,60960,304,a9502ad1ec650bba597fe87397c67761b7a5d9912a5f8e908062bcff3bd9d33f,0200000013fd4900dc05600068001100,,,,,False,,,,,,,,,,False,False
/fielddata/script/scr_seq_release.narc,/fielddata/script/scr_seq_release.narc!/member_00165,0,/fielddata/script/scr_seq_release.narc,271,165,,69420,69768,60960,61308,348,65909742572296d472323bc5dec49c9d160f75d5bdbde1de067fb820aa9cf593,0e0000001d0000002c0000003c000000,,,,,False,,,,,,,,,,False,False
/fielddata/script/scr_seq_release.narc,/fielddata/script/scr_seq_release.narc!/member_00166,0,/fielddata/script/scr_seq_release.narc,271,166,,69768,69976,61308,61516,208,289c2d7adfe6ff7aa70e074552302bc36cd6a5cb335112689572e94c0e221050,0200000013fd60005e00ff00a8000000,,,,,False,,,,,,,,,,False,False
/fielddata/script/scr_seq_release.narc,/fielddata/script/scr_seq_release.narc!/member_00167,0,/fielddata/script/scr_seq_release.narc,271,167,,69976,70004,61516,61544,28,7bf6a5d9589b01603e296ad53e577bcc5567d935ab89f0267d13792eb791e4e3,0200000013fd4900dc05600068002c00,,,,,False,,,,,,,,,,False,False
/fielddata/script/scr_seq_release.narc,/fielddata/script/scr_seq_release.narc!/member_00168,0,/fielddata/script/scr_seq_release.narc,271,168,,70004,70752,61544,62292,748,449a4340d36eafe54c10146e10214ae920ce7a981568ae155b2af0d8d5937b61,2e000000ac0000003b00000064010000,,,,,False,,,,,,,,,,False,False
/fielddata/script/scr_seq_release.narc,/fielddata/script/scr_seq_release.narc!/member_00169,0,/fielddata/script/scr_seq_release.narc,271,169,,70752,70852,62292,62392,100,2671466d8456ea02dd954eb31a1197afd51abd940d2d8a21329efa4155e1cf5b,0e000000200000003200000041000000,,,,,False,,,,,,,,,,False,False
/fielddata/script/scr_seq_release.narc,/fielddata/script/scr_seq_release.narc!/member_00170,0,/fielddata/script/scr_seq_release.narc,271,170,,70852,71244,62392,62784,392,4613fb20155b47896aad25cb970e1e09380568cc1e8171a19168a0d752fa7d72,0e0000001d0000000801000038010000,,,,,False,,,,,,,,,,False,False
/fielddata/script/scr_seq_release.narc,/fielddata/script/scr_seq_release.narc!/member_00171,0,/fielddata/script/scr_seq_release.narc,271,171,,71244,71344,62784,62884,100,cd892560244a5322ecfb43e9bbf726788588a60de6b1b452ad496f9c9a44afdf,0e000000160000002500000034000000,,,,,False,,,,,,,,,,False,False
/fielddata/script/scr_seq_release.narc,/fielddata/script/scr_seq_release.narc!/member_00172,0,/fielddata/script/scr_seq_release.narc,271,172,,71344,71352,62884,62892,8,1c41889b5ca0b389bff2b87b597a76386e51e014486e52a57b44cf72e8bf3470,0200000013fd0200,,,,,False,,,,,,,,,,False,False
/fielddata/script/scr_seq_release.narc,/fielddata/script/scr_seq_release.narc!/member_00173,0,/fielddata/script/scr_seq_release.narc,271,173,,71352,71360,62892,62900,8,1c41889b5ca0b389bff2b87b597a76386e51e014486e52a57b44cf72e8bf3470,0200000013fd0200,,,,,False,,,,,,,,,,False,False
/fielddata/script/scr_seq_release.narc,/fielddata/script/scr_seq_release.narc!/member_00174,0,/fielddata/script/scr_seq_release.narc,271,174,,71360,71592,62900,63132,232,adb39d67a0e20fb2cfe9743ddb93a7a343cae40d210f1518387b23ae0eb0140f,060000002b00000013fd4900dc056000,,,,,False,,,,,,,,,,False,False
/fielddata/script/scr_seq_release.narc,/fielddata/script/scr_seq_release.narc!/member_00175,0,/fielddata/script/scr_seq_release.narc,271,175,,71592,71724,63132,63264,132,d4bfbd578c61dfe22143a0381b145650a85f42b225189638272ceedcd6751f3c,0200000013fd4900dc05600068002000,,,,,False,,,,,,,,,,False,False
/fielddata/script/scr_seq_release.narc,/fielddata/script/scr_seq_release.narc!/member_00176,0,/fielddata/script/scr_seq_release.narc,271,176,,71724,71804,63264,63344,80,6aa3b8b3ef91de596abbbb114d0370c04beee67174996399583f378bc4b2ca37,0a0000001d0000003000000013fd3600,,,,,False,,,,,,,,,,False,False
/fielddata/script/scr_seq_release.narc,/fielddata/script/scr_seq_release.narc!/member_00177,0,/fielddata/script/scr_seq_release.narc,271,177,,71804,71932,63344,63472,128,ee5c4f1ed596234bbcd31d971c0361550970aa667573a91489f08cd4da927353,1c00000024000000360000000a000000,,,,,False,,,,,,,,,,False,False
/fielddata/script/scr_seq_release.narc,/fielddata/script/scr_seq_release.narc!/member_00178,0,/fielddata/script/scr_seq_release.narc,271,178,,71932,71940,63472,63480,8,1c41889b5ca0b389bff2b87b597a76386e51e014486e52a57b44cf72e8bf3470,0200000013fd0200,,,,,False,,,,,,,,,,False,False
/fielddata/script/scr_seq_release.narc,/fielddata/script/scr_seq_release.narc!/member_00179,0,/fielddata/script/scr_seq_release.narc,271,179,,71940,71948,63480,63488,8,1c41889b5ca0b389bff2b87b597a76386e51e014486e52a57b44cf72e8bf3470,0200000013fd0200,,,,,False,,,,,,,,,,False,False
/fielddata/script/scr_seq_release.narc,/fielddata/script/scr_seq_release.narc!/member_00180,0,/fielddata/script/scr_seq_release.narc,271,180,,71948,72760,63488,64300,812,6ad54e4cfaeb2f4c69590f957e107f9c999a534792aec1c18bdcf6ab404bb4c7,650000001c0100002e01000040010000,,,,,False,,,,,,,,,,False,False
/fielddata/script/scr_seq_release.narc,/fielddata/script/scr_seq_release.narc!/member_00181,0,/fielddata/script/scr_seq_release.narc,271,181,,72760,72820,64300,64360,60,e1ff9986c43a4ba7b9d85418f4248763ce56a9cf669f188bdc199906c32fbac4,0a000000210000002500000013fd2800,,,,,False,,,,,,,,,,False,False
/fielddata/script/scr_seq_release.narc,/fielddata/script/scr_seq_release.narc!/member_00182,0,/fielddata/script/scr_seq_release.narc,271,182,,72820,72976,64360,64516,156,c5c61a43fcb6ad3c6020eccabcb4635d339807a24a590cda3ff94ed48536acfd,060000006900000013fd4900dc056000,,,,,False,,,,,,,,,,False,False
/fielddata/script/scr_seq_release.narc,/fielddata/script/scr_seq_release.narc!/member_00183,0,/fielddata/script/scr_seq_release.narc,271,183,,72976,73036,64516,64576,60,e1ff9986c43a4ba7b9d85418f4248763ce56a9cf669f188bdc199906c32fbac4,0a000000210000002500000013fd2800,,,,,False,,,,,,,,,,False,False
/fielddata/script/scr_seq_release.narc,/fielddata/script/scr_seq_release.narc!/member_00184,0,/fielddata/script/scr_seq_release.narc,271,184,,73036,73192,64576,64732,156,d1e2de5926b0e04abfd0e51107444ee329d4eb77a8f314d2db901eb77941efad,060000006900000013fd4900dc056000,,,,,False,,,,,,,,,,False,False
/fielddata/script/scr_seq_release.narc,/fielddata/script/scr_seq_release.narc!/member_00185,0,/fielddata/script/scr_seq_release.narc,271,185,,73192,73252,64732,64792,60,e1ff9986c43a4ba7b9d85418f4248763ce56a9cf669f188bdc199906c32fbac4,0a000000210000002500000013fd2800,,,,,False,,,,,,,,,,False,False
/fielddata/script/scr_seq_release.narc,/fielddata/script/scr_seq_release.narc!/member_00186,0,/fielddata/script/scr_seq_release.narc,271,186,,73252,73408,64792,64948,156,9047c92d6da6b51a7ea6232572672c1f2857a577d85dc6747fe7087ad88b8bcb,060000006900000013fd4900dc056000,,,,,False,,,,,,,,,,False,False
/fielddata/script/scr_seq_release.narc,/fielddata/script/scr_seq_release.narc!/member_00187,0,/fielddata/script/scr_seq_release.narc,271,187,,73408,73468,64948,65008,60,e1ff9986c43a4ba7b9d85418f4248763ce56a9cf669f188bdc199906c32fbac4,0a000000210000002500000013fd2800,,,,,False,,,,,,,,,,False,False
/fielddata/script/scr_seq_release.narc,/fielddata/script/scr_seq_release.narc!/member_00188,0,/fielddata/script/scr_seq_release.narc,271,188,,73468,73624,65008,65164,156,df430df9b910aba07ec0176779bd933e90d439a236bd6ab613dcd1fbda82a34b,060000006900000013fd4900dc056000,,,,,False,,,,,,,,,,False,False
/fielddata/script/scr_seq_release.narc,/fielddata/script/scr_seq_release.narc!/member_00189,0,/fielddata/script/scr_seq_release.narc,271,189,,73624,73684,65164,65224,60,e1ff9986c43a4ba7b9d85418f4248763ce56a9cf669f188bdc199906c32fbac4,0a000000210000002500000013fd2800,,,,,False,,,,,,,,,,False,False
/fielddata/script/scr_seq_release.narc,/fielddata/script/scr_seq_release.narc!/member_00190,0,/fielddata/script/scr_seq_release.narc,271,190,,73684,73960,65224,65500,276,4206fe85d442b15b13ebe19897bdcefeb08e3b6fd322dd8b1ec728106dcbff70,060000000600000013fd5b0202005e00,,,,,False,,,,,,,,,,False,False
/fielddata/script/scr_seq_release.narc,/fielddata/script/scr_seq_release.narc!/member_00191,0,/fielddata/script/scr_seq_release.narc,271,191,,73960,74388,65500,65928,428,77b93a5c5a101eeaa134d60c65ee727303252aefa4b709f3b819e4f533cc078f,060000000200000013fd60005e00ff00,,,,,False,,,,,,,,,,False,False
/fielddata/script/scr_seq_release.narc,/fielddata/script/scr_seq_release.narc!/member_00192,0,/fielddata/script/scr_seq_release.narc,271,192,,74388,74932,65928,66472,544,cdfea4d5f6bf9912caf53f1514bbc1a2386a67e927f06bcdac90b81cf3ac0926,0200000013fd60005e00ff0018010000,,,,,False,,,,,,,,,,False,False
/fielddata/script/scr_seq_release.narc,/fielddata/script/scr_seq_release.narc!/member_00193,0,/fielddata/script/scr_seq_release.narc,271,193,,74932,74940,66472,66480,8,1c41889b5ca0b389bff2b87b597a76386e51e014486e52a57b44cf72e8bf3470,0200000013fd0200,,,,,False,,,,,,,,,,False,False
/fielddata/script/scr_seq_release.narc,/fielddata/script/scr_seq_release.narc!/member_00194,0,/fielddata/script/scr_seq_release.narc,271,194,,74940,74948,66480,66488,8,1c41889b5ca0b389bff2b87b597a76386e51e014486e52a57b44cf72e8bf3470,0200000013fd0200,,,,,False,,,,,,,,,,False,False
/fielddata/script/scr_seq_release.narc,/fielddata/script/scr_seq_release.narc!/member_00195,0,/fielddata/script/scr_seq_release.narc,271,195,,74948,76324,66488,67864,1376,036f06ad6c6cb5e36c88f5af04b835140d4d93df1785bdbd8e7346ad05e65162,9e000000c0010000cf010000de010000,,,,,False,,,,,,,,,,False,False
/fielddata/script/scr_seq_release.narc,/fielddata/script/scr_seq_release.narc!/member_00196,0,/fielddata/script/scr_seq_release.narc,271,196,,76324,76480,67864,68020,156,8cb5a1c5c108f385d84e4b2d906135d0c1e830026244610f523ecb587d7f3297,0e000000200000001e00000076000000,,,,,False,,,,,,,,,,False,False
/fielddata/script/scr_seq_release.narc,/fielddata/script/scr_seq_release.narc!/member_00197,0,/fielddata/script/scr_seq_release.narc,271,197,,76480,76568,68020,68108,88,c71defd6fade1123dd8b199d962b39e3991cb4ea3983a626ceeec0950db583ee,0e000000160000002500000034000000,,,,,False,,,,,,,,,,False,False
/fielddata/script/scr_seq_release.narc,/fielddata/script/scr_seq_release.narc!/member_00198,0,/fielddata/script/scr_seq_release.narc,271,198,,76568,76576,68108,68116,8,1c41889b5ca0b389bff2b87b597a76386e51e014486e52a57b44cf72e8bf3470,0200000013fd0200,,,,,False,,,,,,,,,,False,False
/fielddata/script/scr_seq_release.narc,/fielddata/script/scr_seq_release.narc!/member_00199,0,/fielddata/script/scr_seq_release.narc,271,199,,76576,76584,68116,68124,8,1c41889b5ca0b389bff2b87b597a76386e51e014486e52a57b44cf72e8bf3470,0200000013fd0200,,,,,False,,,,,,,,,,False,False
/fielddata/script/scr_seq_release.narc,/fielddata/script/scr_seq_release.narc!/member_00200,0,/fielddata/script/scr_seq_release.narc,271,200,,76584,77212,68124,68752,628,5149c9247bba88f49ee3e8de17493ba3e1468853bf428283070f8cde785286f7,200000005e000000d800000038010000,,Nintendo Huffman,Probable,,True,Nintendo Huffman,Probable,False,94,,,,,,False,False
/fielddata/script/scr_seq_release.narc,/fielddata/script/scr_seq_release.narc!/member_00201,0,/fielddata/script/scr_seq_release.narc,271,201,,77212,77260,68752,68800,48,02488b423a1484656a1ea2078ef334df9885e83777fd2c31f8d66933c9be287b,060000001500000013fd4900dc056000,,,,,False,,,,,,,,,,False,False
/fielddata/script/scr_seq_release.narc,/fielddata/script/scr_seq_release.narc!/member_00202,0,/fielddata/script/scr_seq_release.narc,271,202,,77260,77308,68800,68848,48,02488b423a1484656a1ea2078ef334df9885e83777fd2c31f8d66933c9be287b,060000001500000013fd4900dc056000,,,,,False,,,,,,,,,,False,False
/fielddata/script/scr_seq_release.narc,/fielddata/script/scr_seq_release.narc!/member_00203,0,/fielddata/script/scr_seq_release.narc,271,203,,77308,77392,68848,68932,84,e08af5a2887120136329be12c790fd6329013af3e7b3e9bd9372a293b3033d5a,0a000000190000002800000013fd4900,,,,,False,,,,,,,,,,False,False
/fielddata/script/scr_seq_release.narc,/fielddata/script/scr_seq_release.narc!/member_00204,0,/fielddata/script/scr_seq_release.narc,271,204,,77392,77400,68932,68940,8,1c41889b5ca0b389bff2b87b597a76386e51e014486e52a57b44cf72e8bf3470,0200000013fd0200,,,,,False,,,,,,,,,,False,False
/fielddata/script/scr_seq_release.narc,/fielddata/script/scr_seq_release.narc!/member_00205,0,/fielddata/script/scr_seq_release.narc,271,205,,77400,82816,68940,74356,5416,334168921a9e3fd2d05b0aeb8a8d6e9e277fc4e40713f02ee7e4fcf98d5655ce,d802000024030000c2000000b8030000,,,,,False,,,,,,,,,,False,False
/fielddata/script/scr_seq_release.narc,/fielddata/script/scr_seq_release.narc!/member_00206,0,/fielddata/script/scr_seq_release.narc,271,206,,82816,87848,74356,79388,5032,e38c3a0e15e6ff3ff413517cfdf30a3e60a53bcf636454c18f9f455a3cca77c2,32000000400100003e01000074010000,,,,,False,,,,,,,,,,False,False
/fielddata/script/scr_seq_release.narc,/fielddata/script/scr_seq_release.narc!/member_00207,0,/fielddata/script/scr_seq_release.narc,271,207,,87848,89732,79388,81272,1884,2134bbb92ea5a0bcaef6b7c65027133e33dea4085d2c6b2a4fe2c049b499a186,42000000000100001205000034050000,,,,,False,,,,,,,,,,False,False
/fielddata/script/scr_seq_release.narc,/fielddata/script/scr_seq_release.narc!/member_00208,0,/fielddata/script/scr_seq_release.narc,271,208,,89732,89792,81272,81332,60,0402a66d333a239afbd6c4736ac5b31396c29bbe93b30c1c42e4867ffba1103e,0a0000000c0000001b00000013fd1e00,,,,,False,,,,,,,,,,False,False
/fielddata/script/scr_seq_release.narc,/fielddata/script/scr_seq_release.narc!/member_00209,0,/fielddata/script/scr_seq_release.narc,271,209,,89792,90156,81332,81696,364,466d23d721909c40966a5c72dad61c5c7e5242b376effb585c26379fda37fb73,12000000f40000000f0100002a010000,,,,,False,,,,,,,,,,False,False
/fielddata/script/scr_seq_release.narc,/fielddata/script/scr_seq_release.narc!/member_00210,0,/fielddata/script/scr_seq_release.narc,271,210,,90156,90668,81696,82208,512,3e1d58e142356c100d162ea11fe910cca6de656920625896e8f723d3e5ba2834,1c0000007e000000bf0000003c010000,,,,,False,,,,,,,,,,False,False
/fielddata/script/scr_seq_release.narc,/fielddata/script/scr_seq_release.narc!/member_00211,0,/fielddata/script/scr_seq_release.narc,271,211,,90668,91520,82208,83060,852,d16cfd14e14925582a2bbb161b1ff1352f279d0a95f1fb20e5403b2414ac71c7,160000004f0000007400000083000000,,,,,False,,,,,,,,,,False,False
/fielddata/script/scr_seq_release.narc,/fielddata/script/scr_seq_release.narc!/member_00212,0,/fielddata/script/scr_seq_release.narc,271,212,,91520,91652,83060,83192,132,06b08d75b25fb03a0448a30eddc18cab9bfd8be5988f584ce6c10cd389865657,0e000000500000006300000008000000,,,,,False,,,,,,,,,,False,False
/fielddata/script/scr_seq_release.narc,/fielddata/script/scr_seq_release.narc!/member_00213,0,/fielddata/script/scr_seq_release.narc,271,213,,91652,92900,83192,84440,1248,eaeff914f29f434d9262ae22915fd74086822519ac1de87d1908c921c02440b3,43000000000100008c01000090030000,,,,,False,,,,,,,,,,False,False
/fielddata/script/scr_seq_release.narc,/fielddata/script/scr_seq_release.narc!/member_00214,0,/fielddata/script/scr_seq_release.narc,271,214,,92900,92932,84440,84472,32,0c1da16070f192ac95b62e846def6ffb8e22af328e78e8497c1561d9d1e19f7c,0200000013fd3600000200000c803800,,,,,False,,,,,,,,,,False,False
/fielddata/script/scr_seq_release.narc,/fielddata/script/scr_seq_release.narc!/member_00215,0,/fielddata/script/scr_seq_release.narc,271,215,,92932,93040,84472,84580,108,410a3a6c8b8e89afe479a1f40f8b6a9273e76a6d0c2efa18daa65907d87fec87,060000000800000013fd1e00c5090200,,,,,False,,,,,,,,,,False,False
/fielddata/script/scr_seq_release.narc,/fielddata/script/scr_seq_release.narc!/member_00216,0,/fielddata/script/scr_seq_release.narc,271,216,,93040,93056,84580,84596,16,5d6c6b2e36fad41f2250ccb42fb850334215d54e24fb85d1f38bf5baf07b6c4a,0200000013fd1e00c609020002000000,,,,,False,,,,,,,,,,False,False
/fielddata/script/scr_seq_release.narc,/fielddata/script/scr_seq_release.narc!/member_00217,0,/fielddata/script/scr_seq_release.narc,271,217,,93056,93260,84596,84800,204,ae5b8051607fc940d13faae505f7e860718f697e6fc289bc69c671d0156f33c9,060000000400000013fd020060005e00,,,,,False,,,,,,,,,,False,False
/fielddata/script/scr_seq_release.narc,/fielddata/script/scr_seq_release.narc!/member_00218,0,/fielddata/script/scr_seq_release.narc,271,218,,93260,93284,84800,84824,24,55ccaf89648ca399cec9d24bf92b2f04ef6602fca402249336d3a51857fbbe62,0200000013fd4900dc0560002c000031,,,,,False,,,,,,,,,,False,False
/fielddata/script/scr_seq_release.narc,/fielddata/script/scr_seq_release.narc!/member_00219,0,/fielddata/script/scr_seq_release.narc,271,219,,93284,93292,84824,84832,8,1c41889b5ca0b389bff2b87b597a76386e51e014486e52a57b44cf72e8bf3470,0200000013fd0200,,,,,False,,,,,,,,,,False,False
/fielddata/script/scr_seq_release.narc,/fielddata/script/scr_seq_release.narc!/member_00220,0,/fielddata/script/scr_seq_release.narc,271,220,,93292,93300,84832,84840,8,1c41889b5ca0b389bff2b87b597a76386e51e014486e52a57b44cf72e8bf3470,0200000013fd0200,,,,,False,,,,,,,,,,False,False
/fielddata/script/scr_seq_release.narc,/fielddata/script/scr_seq_release.narc!/member_00221,0,/fielddata/script/scr_seq_release.narc,271,221,,93300,93308,84840,84848,8,1c41889b5ca0b389bff2b87b597a76386e51e014486e52a57b44cf72e8bf3470,0200000013fd0200,,,,,False,,,,,,,,,,False,False
/fielddata/script/scr_seq_release.narc,/fielddata/script/scr_seq_release.narc!/member_00222,0,/fielddata/script/scr_seq_release.narc,271,222,,93308,93316,84848,84856,8,1c41889b5ca0b389bff2b87b597a76386e51e014486e52a57b44cf72e8bf3470,0200000013fd0200,,,,,False,,,,,,,,,,False,False
/fielddata/script/scr_seq_release.narc,/fielddata/script/scr_seq_release.narc!/member_00223,0,/fielddata/script/scr_seq_release.narc,271,223,,93316,93324,84856,84864,8,1c41889b5ca0b389bff2b87b597a76386e51e014486e52a57b44cf72e8bf3470,0200000013fd0200,,,,,False,,,,,,,,,,False,False
/fielddata/script/scr_seq_release.narc,/fielddata/script/scr_seq_release.narc!/member_00224,0,/fielddata/script/scr_seq_release.narc,271,224,,93324,93332,84864,84872,8,1c41889b5ca0b389bff2b87b597a76386e51e014486e52a57b44cf72e8bf3470,0200000013fd0200,,,,,False,,,,,,,,,,False,False
/fielddata/script/scr_seq_release.narc,/fielddata/script/scr_seq_release.narc!/member_00225,0,/fielddata/script/scr_seq_release.narc,271,225,,93332,93340,84872,84880,8,1c41889b5ca0b389bff2b87b597a76386e51e014486e52a57b44cf72e8bf3470,0200000013fd0200,,,,,False,,,,,,,,,,False,False
/fielddata/script/scr_seq_release.narc,/fielddata/script/scr_seq_release.narc!/member_00226,0,/fielddata/script/scr_seq_release.narc,271,226,,93340,93384,84880,84924,44,976bb8acf656af9561d7c3b4c6b61dd34ea7602caca3fb554f0815d501d94ecb,0200000013fd4900dc05600068002c00,,,,,False,,,,,,,,,,False,False
/fielddata/script/scr_seq_release.narc,/fielddata/script/scr_seq_release.narc!/member_00227,0,/fielddata/script/scr_seq_release.narc,271,227,,93384,93392,84924,84932,8,1c41889b5ca0b389bff2b87b597a76386e51e014486e52a57b44cf72e8bf3470,0200000013fd0200,,,,,False,,,,,,,,,,False,False
/fielddata/script/scr_seq_release.narc,/fielddata/script/scr_seq_release.narc!/member_00228,0,/fielddata/script/scr_seq_release.narc,271,228,,93392,93420,84932,84960,28,7bf6a5d9589b01603e296ad53e577bcc5567d935ab89f0267d13792eb791e4e3,0200000013fd4900dc05600068002c00,,,,,False,,,,,,,,,,False,False
/fielddata/script/scr_seq_release.narc,/fielddata/script/scr_seq_release.narc!/member_00229,0,/fielddata/script/scr_seq_release.narc,271,229,,93420,93428,84960,84968,8,1c41889b5ca0b389bff2b87b597a76386e51e014486e52a57b44cf72e8bf3470,0200000013fd0200,,,,,False,,,,,,,,,,False,False
/fielddata/script/scr_seq_release.narc,/fielddata/script/scr_seq_release.narc!/member_00230,0,/fielddata/script/scr_seq_release.narc,271,230,,93428,98204,84968,89744,4776,80d6a502cfabf49a38dc55cc49e8cbae05c8b6300a8cfdfea63bf77c69b3bf8d,36000000b50100001a020000f9020000,,,,,False,,,,,,,,,,False,False
/fielddata/script/scr_seq_release.narc,/fielddata/script/scr_seq_release.narc!/member_00231,0,/fielddata/script/scr_seq_release.narc,271,231,,98204,98212,89744,89752,8,1c41889b5ca0b389bff2b87b597a76386e51e014486e52a57b44cf72e8bf3470,0200000013fd0200,,,,,False,,,,,,,,,,False,False
/fielddata/script/scr_seq_release.narc,/fielddata/script/scr_seq_release.narc!/member_00232,0,/fielddata/script/scr_seq_release.narc,271,232,,98212,98580,89752,90120,368,97c5c882b0ffc05441ed7e018e1d6164bc2b525abd3719acd05f3b078e0316d5,1000000027000000060000001f000000,,Nintendo LZ10,Probable,,True,Nintendo LZ10,Probable,True,39,False,,,,,False,False
/fielddata/script/scr_seq_release.narc,/fielddata/script/scr_seq_release.narc!/member_00233,0,/fielddata/script/scr_seq_release.narc,271,233,,98580,98596,90120,90136,16,deca702680363d99bdd1b7923dff61c21e3a3bf3e5e3bf8e37aa0663a51770cb,0200000013fd1e00c809020002000000,,,,,False,,,,,,,,,,False,False
/fielddata/script/scr_seq_release.narc,/fielddata/script/scr_seq_release.narc!/member_00234,0,/fielddata/script/scr_seq_release.narc,271,234,,98596,98672,90136,90212,76,3dd563559fb8b93b5fa3517469474cacd20ce1262767906d9784fd29dd9c138a,2e0000002c0000002a00000028000000,,,,,False,,,,,,,,,,False,False
/fielddata/script/scr_seq_release.narc,/fielddata/script/scr_seq_release.narc!/member_00235,0,/fielddata/script/scr_seq_release.narc,271,235,,98672,98724,90212,90264,52,9631fdcbf267d26b55acfdafd24a3da427e6d765b7d11c299f736c9db99dbc26,190000000200000013fd4900dc056000,,,,,False,,,,,,,,,,False,False
/fielddata/script/scr_seq_release.narc,/fielddata/script/scr_seq_release.narc!/member_00236,0,/fielddata/script/scr_seq_release.narc,271,236,,98724,98776,90264,90316,52,ef08cc079f0dc4c961be332847f05e913bd5366b844a29d30efe3300c84003d0,060000001500000013fd4900dc056000,,,,,False,,,,,,,,,,False,False
/fielddata/script/scr_seq_release.narc,/fielddata/script/scr_seq_release.narc!/member_00237,0,/fielddata/script/scr_seq_release.narc,271,237,,98776,98828,90316,90368,52,ef08cc079f0dc4c961be332847f05e913bd5366b844a29d30efe3300c84003d0,060000001500000013fd4900dc056000,,,,,False,,,,,,,,,,False,False
/fielddata/script/scr_seq_release.narc,/fielddata/script/scr_seq_release.narc!/member_00238,0,/fielddata/script/scr_seq_release.narc,271,238,,98828,98880,90368,90420,52,ef08cc079f0dc4c961be332847f05e913bd5366b844a29d30efe3300c84003d0,060000001500000013fd4900dc056000,,,,,False,,,,,,,,,,False,False
/fielddata/script/scr_seq_release.narc,/fielddata/script/scr_seq_release.narc!/member_00239,0,/fielddata/script/scr_seq_release.narc,271,239,,98880,98932,90420,90472,52,ef08cc079f0dc4c961be332847f05e913bd5366b844a29d30efe3300c84003d0,060000001500000013fd4900dc056000,,,,,False,,,,,,,,,,False,False
/fielddata/script/scr_seq_release.narc,/fielddata/script/scr_seq_release.narc!/member_00240,0,/fielddata/script/scr_seq_release.narc,271,240,,98932,99048,90472,90588,116,f58e78a23ddc69de3d501fb8d8fd6a079af91ce57e1fa90e70ca117fd711c525,060000005200000013fd4900dc056000,,,,,False,,,,,,,,,,False,False
/fielddata/script/scr_seq_release.narc,/fielddata/script/scr_seq_release.narc!/member_00241,0,/fielddata/script/scr_seq_release.narc,271,241,,99048,99072,90588,90612,24,4954c3285a0a52c6908f54751879d78357435329bdfaa925df584391a129fa69,0200000013fd4900dc0560006d020000,,,,,False,,,,,,,,,,False,False
/fielddata/script/scr_seq_release.narc,/fielddata/script/scr_seq_release.narc!/member_00242,0,/fielddata/script/scr_seq_release.narc,271,242,,99072,99108,90612,90648,36,1fda77f176631631dbb63abf77b318d85f78fcaa1370ed044f31412d076589f9,060000000800000013fd1e00c9090200,,,,,False,,,,,,,,,,False,False
/fielddata/script/scr_seq_release.narc,/fielddata/script/scr_seq_release.narc!/member_00243,0,/fielddata/script/scr_seq_release.narc,271,243,,99108,99116,90648,90656,8,1c41889b5ca0b389bff2b87b597a76386e51e014486e52a57b44cf72e8bf3470,0200000013fd0200,,,,,False,,,,,,,,,,False,False
/fielddata/script/scr_seq_release.narc,/fielddata/script/scr_seq_release.narc!/member_00244,0,/fielddata/script/scr_seq_release.narc,271,244,,99116,99124,90656,90664,8,1c41889b5ca0b389bff2b87b597a76386e51e014486e52a57b44cf72e8bf3470,0200000013fd0200,,,,,False,,,,,,,,,,False,False
/fielddata/script/scr_seq_release.narc,/fielddata/script/scr_seq_release.narc!/member_00245,0,/fielddata/script/scr_seq_release.narc,271,245,,99124,99320,90664,90860,196,6962b8ab557606c94b0c37a47e491251418331980b7f5bd0bb8d795c598cc1ad,0200000013fd4900dc05600068002c00,,,,,False,,,,,,,,,,False,False
/fielddata/script/scr_seq_release.narc,/fielddata/script/scr_seq_release.narc!/member_00246,0,/fielddata/script/scr_seq_release.narc,271,246,,99320,99328,90860,90868,8,1c41889b5ca0b389bff2b87b597a76386e51e014486e52a57b44cf72e8bf3470,0200000013fd0200,,,,,False,,,,,,,,,,False,False
/fielddata/script/scr_seq_release.narc,/fielddata/script/scr_seq_release.narc!/member_00247,0,/fielddata/script/scr_seq_release.narc,271,247,,99328,99336,90868,90876,8,1c41889b5ca0b389bff2b87b597a76386e51e014486e52a57b44cf72e8bf3470,0200000013fd0200,,,,,False,,,,,,,,,,False,False
/fielddata/script/scr_seq_release.narc,/fielddata/script/scr_seq_release.narc!/member_00248,0,/fielddata/script/scr_seq_release.narc,271,248,,99336,99344,90876,90884,8,1c41889b5ca0b389bff2b87b597a76386e51e014486e52a57b44cf72e8bf3470,0200000013fd0200,,,,,False,,,,,,,,,,False,False
/fielddata/script/scr_seq_release.narc,/fielddata/script/scr_seq_release.narc!/member_00249,0,/fielddata/script/scr_seq_release.narc,271,249,,99344,99352,90884,90892,8,1c41889b5ca0b389bff2b87b597a76386e51e014486e52a57b44cf72e8bf3470,0200000013fd0200,,,,,False,,,,,,,,,,False,False
/fielddata/script/scr_seq_release.narc,/fielddata/script/scr_seq_release.narc!/member_00250,0,/fielddata/script/scr_seq_release.narc,271,250,,99352,99360,90892,90900,8,1c41889b5ca0b389bff2b87b597a76386e51e014486e52a57b44cf72e8bf3470,0200000013fd0200,,,,,False,,,,,,,,,,False,False
/fielddata/script/scr_seq_release.narc,/fielddata/script/scr_seq_release.narc!/member_00251,0,/fielddata/script/scr_seq_release.narc,271,251,,99360,99368,90900,90908,8,1c41889b5ca0b389bff2b87b597a76386e51e014486e52a57b44cf72e8bf3470,0200000013fd0200,,,,,False,,,,,,,,,,False,False
/fielddata/script/scr_seq_release.narc,/fielddata/script/scr_seq_release.narc!/member_00252,0,/fielddata/script/scr_seq_release.narc,271,252,,99368,99376,90908,90916,8,1c41889b5ca0b389bff2b87b597a76386e51e014486e52a57b44cf72e8bf3470,0200000013fd0200,,,,,False,,,,,,,,,,False,False
/fielddata/script/scr_seq_release.narc,/fielddata/script/scr_seq_release.narc!/member_00253,0,/fielddata/script/scr_seq_release.narc,271,253,,99376,99384,90916,90924,8,1c41889b5ca0b389bff2b87b597a76386e51e014486e52a57b44cf72e8bf3470,0200000013fd0200,,,,,False,,,,,,,,,,False,False
/fielddata/script/scr_seq_release.narc,/fielddata/script/scr_seq_release.narc!/member_00254,0,/fielddata/script/scr_seq_release.narc,271,254,,99384,99392,90924,90932,8,1c41889b5ca0b389bff2b87b597a76386e51e014486e52a57b44cf72e8bf3470,0200000013fd0200,,,,,False,,,,,,,,,,False,False
/fielddata/script/scr_seq_release.narc,/fielddata/script/scr_seq_release.narc!/member_00255,0,/fielddata/script/scr_seq_release.narc,271,255,,99392,99400,90932,90940,8,1c41889b5ca0b389bff2b87b597a76386e51e014486e52a57b44cf72e8bf3470,0200000013fd0200,,,,,False,,,,,,,,,,False,False
/fielddata/script/scr_seq_release.narc,/fielddata/script/scr_seq_release.narc!/member_00256,0,/fielddata/script/scr_seq_release.narc,271,256,,99400,99424,90940,90964,24,4954c3285a0a52c6908f54751879d78357435329bdfaa925df584391a129fa69,0200000013fd4900dc0560006d020000,,,,,False,,,,,,,,,,False,False
/fielddata/script/scr_seq_release.narc,/fielddata/script/scr_seq_release.narc!/member_00257,0,/fielddata/script/scr_seq_release.narc,271,257,,99424,99432,90964,90972,8,1c41889b5ca0b389bff2b87b597a76386e51e014486e52a57b44cf72e8bf3470,0200000013fd0200,,,,,False,,,,,,,,,,False,False
/fielddata/script/scr_seq_release.narc,/fielddata/script/scr_seq_release.narc!/member_00258,0,/fielddata/script/scr_seq_release.narc,271,258,,99432,99440,90972,90980,8,1c41889b5ca0b389bff2b87b597a76386e51e014486e52a57b44cf72e8bf3470,0200000013fd0200,,,,,False,,,,,,,,,,False,False
/fielddata/script/scr_seq_release.narc,/fielddata/script/scr_seq_release.narc!/member_00259,0,/fielddata/script/scr_seq_release.narc,271,259,,99440,99552,90980,91092,112,352df3ef7b40d762e430329c988f3653bca340faae9feb000ad2668106e56365,22000000450000004300000041000000,,,,,False,,,,,,,,,,False,False
/fielddata/script/scr_seq_release.narc,/fielddata/script/scr_seq_release.narc!/member_00260,0,/fielddata/script/scr_seq_release.narc,271,260,,99552,99560,91092,91100,8,1c41889b5ca0b389bff2b87b597a76386e51e014486e52a57b44cf72e8bf3470,0200000013fd0200,,,,,False,,,,,,,,,,False,False
/fielddata/script/scr_seq_release.narc,/fielddata/script/scr_seq_release.narc!/member_00261,0,/fielddata/script/scr_seq_release.narc,271,261,,99560,99568,91100,91108,8,1c41889b5ca0b389bff2b87b597a76386e51e014486e52a57b44cf72e8bf3470,0200000013fd0200,,,,,False,,,,,,,,,,False,False
/fielddata/script/scr_seq_release.narc,/fielddata/script/scr_seq_release.narc!/member_00262,0,/fielddata/script/scr_seq_release.narc,271,262,,99568,100652,91108,92192,1084,1fa1225cb9d819bbe8660de2504c4934055a210e2fa5c53fdea6e725caa3491a,2300000088010000d802000002000000,,,,,False,,,,,,,,,,False,False
/fielddata/script/scr_seq_release.narc,/fielddata/script/scr_seq_release.narc!/member_00263,0,/fielddata/script/scr_seq_release.narc,271,263,,100652,100660,92192,92200,8,1c41889b5ca0b389bff2b87b597a76386e51e014486e52a57b44cf72e8bf3470,0200000013fd0200,,,,,False,,,,,,,,,,False,False
/fielddata/script/scr_seq_release.narc,/fielddata/script/scr_seq_release.narc!/member_00264,0,/fielddata/script/scr_seq_release.narc,271,264,,100660,100668,92200,92208,8,1c41889b5ca0b389bff2b87b597a76386e51e014486e52a57b44cf72e8bf3470,0200000013fd0200,,,,,False,,,,,,,,,,False,False
/fielddata/script/scr_seq_release.narc,/fielddata/script/scr_seq_release.narc!/member_00265,0,/fielddata/script/scr_seq_release.narc,271,265,,100668,101160,92208,92700,492,db235c46d632e5de83f20e891b9d9997862f60d5c9d6ebf973d52a1aa24c73f8,160000001800000081000000a9000000,,,,,False,,,,,,,,,,False,False
/fielddata/script/scr_seq_release.narc,/fielddata/script/scr_seq_release.narc!/member_00266,0,/fielddata/script/scr_seq_release.narc,271,266,,101160,104404,92700,95944,3244,d260785f07fc64923603c41cc0db455f94980ea6e3e1ff5575aa97ae7b922652,66000000940000004d060000a4000000,,,,,False,,,,,,,,,,False,False
/fielddata/script/scr_seq_release.narc,/fielddata/script/scr_seq_release.narc!/member_00267,0,/fielddata/script/scr_seq_release.narc,271,267,,104404,104420,95944,95960,16,0ac863168ac6801ec5af86cadc68fa59089f815a1363d576202e823f36549e4f,0200000013fd1e00cd09020002000000,,,,,False,,,,,,,,,,False,False
/fielddata/script/scr_seq_release.narc,/fielddata/script/scr_seq_release.narc!/member_00268,0,/fielddata/script/scr_seq_release.narc,271,268,,104420,104456,95960,95996,36,991878f9a0fbe5e11e8300597bae533fa0af6ead3189080a0e483cd54416cd48,060000000400000013fd020036000302,,,,,False,,,,,,,,,,False,False
/fielddata/script/scr_seq_release.narc,/fielddata/script/scr_seq_release.narc!/member_00269,0,/fielddata/script/scr_seq_release.narc,271,269,,104456,105072,95996,96612,616,aa6e147aa561ebad7388e06258f9a4f77a293c04593517c590df6b958b4ca3da,1a0000001c0000008a01000086010000,,,,,False,,,,,,,,,,False,False
/fielddata/script/scr_seq_release.narc,/fielddata/script/scr_seq_release.narc!/member_00270,0,/fielddata/script/scr_seq_release.narc,271,270,,105072,105120,96612,96660,48,02488b423a1484656a1ea2078ef334df9885e83777fd2c31f8d66933c9be287b,060000001500000013fd4900dc056000,,,,,False,,,,,,,,,,False,False
/fielddata/script/scr_seq_release.narc,/fielddata/script/scr_seq_release.narc!/member_00271,0,/fielddata/script/scr_seq_release.narc,271,271,,105120,105328,96660,96868,208,0e166ae1b77f7198a4ef80cc074ed2b6235a49141a533cf3acb3c016c66f7169,0a0000000c0000006f00000013fd1e00,,,,,False,,,,,,,,,,False,False
/fielddata/script/scr_seq_release.narc,/fielddata/script/scr_seq_release.narc!/member_00272,0,/fielddata/script/scr_seq_release.narc,271,272,,105328,105356,96868,96896,28,7bf6a5d9589b01603e296ad53e577bcc5567d935ab89f0267d13792eb791e4e3,0200000013fd4900dc05600068002c00,,,,,False,,,,,,,,,,False,False
/fielddata/script/scr_seq_release.narc,/fielddata/script/scr_seq_release.narc!/member_00273,0,/fielddata/script/scr_seq_release.narc,271,273,,105356,105688,96896,97228,332,71e1b4d6ab33ca582b19d6a2888baa3d20dfda0c69834182d46abf8a9d2ae587,060000000d00000013fd1e00d0097002,,,,,False,,,,,,,,,,False,False
/fielddata/script/scr_seq_release.narc,/fielddata/script/scr_seq_release.narc!/member_00274,0,/fielddata/script/scr_seq_release.narc,271,274,,105688,105832,97228,97372,144,6a70e4d3dffe03a4732cc70f012e2c4c20e41a6038cf02287dbf7dda1acdf713,060000000400000013fd020060004900,,,,,False,,,,,,,,,,False,False
/fielddata/script/scr_seq_release.narc,/fielddata/script/scr_seq_release.narc!/member_00275,0,/fielddata/script/scr_seq_release.narc,271,275,,105832,105872,97372,97412,40,18ecf41abbaf1e7b636572c077d38e7665e7a9fbbf8a5d6b9c4882f138559631,060000000800000013fd1e00d1090200,,,,,False,,,,,,,,,,False,False
/fielddata/script/scr_seq_release.narc,/fielddata/script/scr_seq_release.narc!/member_00276,0,/fielddata/script/scr_seq_release.narc,271,276,,105872,106172,97412,97712,300,b5436266d4ae8773d5562b5d6750b1be14668ca05e1b405ba30a373e01d31d57,0e0000008e000000cd00000008010000,,,,,False,,,,,,,,,,False,False
/fielddata/script/scr_seq_release.narc,/fielddata/script/scr_seq_release.narc!/member_00277,0,/fielddata/script/scr_seq_release.narc,271,277,,106172,106644,97712,98184,472,e518312823d3cf66ae0b3c9e1a772db1a60d0da36d9e600498062d9cc1719d66,2d0000008a000000dc000000a0010000,,,,,False,,,,,,,,,,False,False
/fielddata/script/scr_seq_release.narc,/fielddata/script/scr_seq_release.narc!/member_00278,0,/fielddata/script/scr_seq_release.narc,271,278,,106644,107140,98184,98680,496,809b8d9bbce520d5dded288d15660785e86cc01151503c3530a47823b91feba1,1200000081000000980000002c010000,,,,,False,,,,,,,,,,False,False
/fielddata/script/scr_seq_release.narc,/fielddata/script/scr_seq_release.narc!/member_00279,0,/fielddata/script/scr_seq_release.narc,271,279,,107140,107156,98680,98696,16,3b39d4402e443737731746a6604bd6ea3d09779ca2d0762667b621dd8cb27a1e,0200000013fd1e00d309020002000000,,,,,False,,,,,,,,,,False,False
/fielddata/script/scr_seq_release.narc,/fielddata/script/scr_seq_release.narc!/member_00280,0,/fielddata/script/scr_seq_release.narc,271,280,,107156,107164,98696,98704,8,1c41889b5ca0b389bff2b87b597a76386e51e014486e52a57b44cf72e8bf3470,0200000013fd0200,,,,,False,,,,,,,,,,False,False
/fielddata/script/scr_seq_release.narc,/fielddata/script/scr_seq_release.narc!/member_00281,0,/fielddata/script/scr_seq_release.narc,271,281,,107164,107252,98704,98792,88,ebf069e4def3a987e467da1ca0014c1b66958e1217b5dd7856dc5722eea2d4d7,060000002200000013fd1e00d4091a00,,,,,False,,,,,,,,,,False,False
/fielddata/script/scr_seq_release.narc,/fielddata/script/scr_seq_release.narc!/member_00282,0,/fielddata/script/scr_seq_release.narc,271,282,,107252,107332,98792,98872,80,e2bd5dbfe8fbf96efc28f4fde0108d4c719141f1d4ba6403604a05138808ed25,060000001e00000013fd1a0008000000,,,,,False,,,,,,,,,,False,False
/fielddata/script/scr_seq_release.narc,/fielddata/script/scr_seq_release.narc!/member_00283,0,/fielddata/script/scr_seq_release.narc,271,283,,107332,107644,98872,99184,312,b008343ba0fa387db5015a3fbde61cdfaf9a59e5e7535fd75917f96a5c2c94be,250000003c000000a600000017010000,,,,,False,,,,,,,,,,False,False
/fielddata/script/scr_seq_release.narc,/fielddata/script/scr_seq_release.narc!/member_00284,0,/fielddata/script/scr_seq_release.narc,271,284,,107644,107672,99184,99212,28,ba3ff1fc2a7995eaf69f2924d0f394bc1faa1ab662d1886bfd37e520ece78256,0200000013fd1a000800000085020b41,,,,,False,,,,,,,,,,False,False
/fielddata/script/scr_seq_release.narc,/fielddata/script/scr_seq_release.narc!/member_00285,0,/fielddata/script/scr_seq_release.narc,271,285,,107672,107700,99212,99240,28,ba3ff1fc2a7995eaf69f2924d0f394bc1faa1ab662d1886bfd37e520ece78256,0200000013fd1a000800000085020b41,,,,,False,,,,,,,,,,False,False
/fielddata/script/scr_seq_release.narc,/fielddata/script/scr_seq_release.narc!/member_00286,0,/fielddata/script/scr_seq_release.narc,271,286,,107700,107728,99240,99268,28,ba3ff1fc2a7995eaf69f2924d0f394bc1faa1ab662d1886bfd37e520ece78256,0200000013fd1a000800000085020b41,,,,,False,,,,,,,,,,False,False
/fielddata/script/scr_seq_release.narc,/fielddata/script/scr_seq_release.narc!/member_00287,0,/fielddata/script/scr_seq_release.narc,271,287,,107728,107748,99268,99288,20,e2303988fdd0a6215022815e2d76aa1e039ef9c553f0b0eb91043a33e11a65e1,0200000013fd26000c41010085020b41,,,,,False,,,,,,,,,,False,False
/fielddata/script/scr_seq_release.narc,/fielddata/script/scr_seq_release.narc!/member_00288,0,/fielddata/script/scr_seq_release.narc,271,288,,107748,107772,99288,99312,24,c6fb02cbbdbde208c53befa579b7dd9ef6544790894ac844ec4fe5e2ea641bc0,0200000013fd26000c41010085020b41,,,,,False,,,,,,,,,,False,False
/fielddata/script/scr_seq_release.narc,/fielddata/script/scr_seq_release.narc!/member_00289,0,/fielddata/script/scr_seq_release.narc,271,289,,107772,107792,99312,99332,20,e2303988fdd0a6215022815e2d76aa1e039ef9c553f0b0eb91043a33e11a65e1,0200000013fd26000c41010085020b41,,,,,False,,,,,,,,,,False,False
/fielddata/script/scr_seq_release.narc,/fielddata/script/scr_seq_release.narc!/member_00290,0,/fielddata/script/scr_seq_release.narc,271,290,,107792,107816,99332,99356,24,c6fb02cbbdbde208c53befa579b7dd9ef6544790894ac844ec4fe5e2ea641bc0,0200000013fd26000c41010085020b41,,,,,False,,,,,,,,,,False,False
/fielddata/script/scr_seq_release.narc,/fielddata/script/scr_seq_release.narc!/member_00291,0,/fielddata/script/scr_seq_release.narc,271,291,,107816,107836,99356,99376,20,e2303988fdd0a6215022815e2d76aa1e039ef9c553f0b0eb91043a33e11a65e1,0200000013fd26000c41010085020b41,,,,,False,,,,,,,,,,False,False
/fielddata/script/scr_seq_release.narc,/fielddata/script/scr_seq_release.narc!/member_00292,0,/fielddata/script/scr_seq_release.narc,271,292,,107836,107860,99376,99400,24,c6fb02cbbdbde208c53befa579b7dd9ef6544790894ac844ec4fe5e2ea641bc0,0200000013fd26000c41010085020b41,,,,,False,,,,,,,,,,False,False
/fielddata/script/scr_seq_release.narc,/fielddata/script/scr_seq_release.narc!/member_00293,0,/fielddata/script/scr_seq_release.narc,271,293,,107860,107880,99400,99420,20,e2303988fdd0a6215022815e2d76aa1e039ef9c553f0b0eb91043a33e11a65e1,0200000013fd26000c41010085020b41,,,,,False,,,,,,,,,,False,False
/fielddata/script/scr_seq_release.narc,/fielddata/script/scr_seq_release.narc!/member_00294,0,/fielddata/script/scr_seq_release.narc,271,294,,107880,107900,99420,99440,20,e2303988fdd0a6215022815e2d76aa1e039ef9c553f0b0eb91043a33e11a65e1,0200000013fd26000c41010085020b41,,,,,False,,,,,,,,,,False,False
/fielddata/script/scr_seq_release.narc,/fielddata/script/scr_seq_release.narc!/member_00295,0,/fielddata/script/scr_seq_release.narc,271,295,,107900,107924,99440,99464,24,c6fb02cbbdbde208c53befa579b7dd9ef6544790894ac844ec4fe5e2ea641bc0,0200000013fd26000c41010085020b41,,,,,False,,,,,,,,,,False,False
/fielddata/script/scr_seq_release.narc,/fielddata/script/scr_seq_release.narc!/member_00296,0,/fielddata/script/scr_seq_release.narc,271,296,,107924,107948,99464,99488,24,c6fb02cbbdbde208c53befa579b7dd9ef6544790894ac844ec4fe5e2ea641bc0,0200000013fd26000c41010085020b41,,,,,False,,,,,,,,,,False,False
/fielddata/script/scr_seq_release.narc,/fielddata/script/scr_seq_release.narc!/member_00297,0,/fielddata/script/scr_seq_release.narc,271,297,,107948,107972,99488,99512,24,c6fb02cbbdbde208c53befa579b7dd9ef6544790894ac844ec4fe5e2ea641bc0,0200000013fd26000c41010085020b41,,,,,False,,,,,,,,,,False,False
/fielddata/script/scr_seq_release.narc,/fielddata/script/scr_seq_release.narc!/member_00298,0,/fielddata/script/scr_seq_release.narc,271,298,,107972,107996,99512,99536,24,c6fb02cbbdbde208c53befa579b7dd9ef6544790894ac844ec4fe5e2ea641bc0,0200000013fd26000c41010085020b41,,,,,False,,,,,,,,,,False,False
/fielddata/script/scr_seq_release.narc,/fielddata/script/scr_seq_release.narc!/member_00299,0,/fielddata/script/scr_seq_release.narc,271,299,,107996,108020,99536,99560,24,c6fb02cbbdbde208c53befa579b7dd9ef6544790894ac844ec4fe5e2ea641bc0,0200000013fd26000c41010085020b41,,,,,False,,,,,,,,,,False,False
/fielddata/script/scr_seq_release.narc,/fielddata/script/scr_seq_release.narc!/member_00300,0,/fielddata/script/scr_seq_release.narc,271,300,,108020,108044,99560,99584,24,c6fb02cbbdbde208c53befa579b7dd9ef6544790894ac844ec4fe5e2ea641bc0,0200000013fd26000c41010085020b41,,,,,False,,,,,,,,,,False,False
/fielddata/script/scr_seq_release.narc,/fielddata/script/scr_seq_release.narc!/member_00301,0,/fielddata/script/scr_seq_release.narc,271,301,,108044,108072,99584,99612,28,ba3ff1fc2a7995eaf69f2924d0f394bc1faa1ab662d1886bfd37e520ece78256,0200000013fd1a000800000085020b41,,,,,False,,,,,,,,,,False,False
/fielddata/script/scr_seq_release.narc,/fielddata/script/scr_seq_release.narc!/member_00302,0,/fielddata/script/scr_seq_release.narc,271,302,,108072,108220,99612,99760,148,8db251953c12cf059cb52797553d86df2f7771385c877bf9361c9166eada3393,0a0000000c0000002300000013fd1e00,,,,,False,,,,,,,,,,False,False
/fielddata/script/scr_seq_release.narc,/fielddata/script/scr_seq_release.narc!/member_00303,0,/fielddata/script/scr_seq_release.narc,271,303,,108220,108228,99760,99768,8,1c41889b5ca0b389bff2b87b597a76386e51e014486e52a57b44cf72e8bf3470,0200000013fd0200,,,,,False,,,,,,,,,,False,False
/fielddata/script/scr_seq_release.narc,/fielddata/script/scr_seq_release.narc!/member_00304,0,/fielddata/script/scr_seq_release.narc,271,304,,108228,108244,99768,99784,16,ad31723a560a66a765f61632c295aa6fa88ac27b0fad5b79b4b4bce0f5c6eef5,0200000013fd1e00d609020002000000,,,,,False,,,,,,,,,,False,False
/fielddata/script/scr_seq_release.narc,/fielddata/script/scr_seq_release.narc!/member_00305,0,/fielddata/script/scr_seq_release.narc,271,305,,108244,108252,99784,99792,8,1c41889b5ca0b389bff2b87b597a76386e51e014486e52a57b44cf72e8bf3470,0200000013fd0200,,,,,False,,,,,,,,,,False,False
/fielddata/script/scr_seq_release.narc,/fielddata/script/scr_seq_release.narc!/member_00306,0,/fielddata/script/scr_seq_release.narc,271,306,,108252,108260,99792,99800,8,1c41889b5ca0b389bff2b87b597a76386e51e014486e52a57b44cf72e8bf3470,0200000013fd0200,,,,,False,,,,,,,,,,False,False
/fielddata/script/scr_seq_release.narc,/fielddata/script/scr_seq_release.narc!/member_00307,0,/fielddata/script/scr_seq_release.narc,271,307,,108260,108268,99800,99808,8,1c41889b5ca0b389bff2b87b597a76386e51e014486e52a57b44cf72e8bf3470,0200000013fd0200,,,,,False,,,,,,,,,,False,False
/fielddata/script/scr_seq_release.narc,/fielddata/script/scr_seq_release.narc!/member_00308,0,/fielddata/script/scr_seq_release.narc,271,308,,108268,108276,99808,99816,8,1c41889b5ca0b389bff2b87b597a76386e51e014486e52a57b44cf72e8bf3470,0200000013fd0200,,,,,False,,,,,,,,,,False,False
/fielddata/script/scr_seq_release.narc,/fielddata/script/scr_seq_release.narc!/member_00309,0,/fielddata/script/scr_seq_release.narc,271,309,,108276,108492,99816,100032,216,c8916b9c95ce8641bb8f63d1b5c25d39f4dd7c3e3ccf791913284c961e167ef7,060000001d00000013fd20008e001c00,,,,,False,,,,,,,,,,False,False
/fielddata/script/scr_seq_release.narc,/fielddata/script/scr_seq_release.narc!/member_00310,0,/fielddata/script/scr_seq_release.narc,271,310,,108492,109068,100032,100608,576,8b110b64f1da8ad1bf8beec7999c09fdeeecf8266ef7d64fb6b048fd9292530c,160000002b000000dc000000da000000,,,,,False,,,,,,,,,,False,False
/fielddata/script/scr_seq_release.narc,/fielddata/script/scr_seq_release.narc!/member_00311,0,/fielddata/script/scr_seq_release.narc,271,311,,109068,109076,100608,100616,8,1c41889b5ca0b389bff2b87b597a76386e51e014486e52a57b44cf72e8bf3470,0200000013fd0200,,,,,False,,,,,,,,,,False,False
/fielddata/script/scr_seq_release.narc,/fielddata/script/scr_seq_release.narc!/member_00312,0,/fielddata/script/scr_seq_release.narc,271,312,,109076,109140,100616,100680,64,0935f32f7dda50916ad3bbdb0505b00473f754ab3317dc2c54081e1f0252785a,060000000800000013fd1e00d8090200,,,,,False,,,,,,,,,,False,False
/fielddata/script/scr_seq_release.narc,/fielddata/script/scr_seq_release.narc!/member_00313,0,/fielddata/script/scr_seq_release.narc,271,313,,109140,109196,100680,100736,56,f76ed5f35cc741d92148d4a158035168d4cd19e70f12baae2809f0087e4690ff,0200000013fd4900dc05600068008402,,,,,False,,,,,,,,,,False,False
/fielddata/script/scr_seq_release.narc,/fielddata/script/scr_seq_release.narc!/member_00314,0,/fielddata/script/scr_seq_release.narc,271,314,,109196,109224,100736,100764,28,7bf6a5d9589b01603e296ad53e577bcc5567d935ab89f0267d13792eb791e4e3,0200000013fd4900dc05600068002c00,,,,,False,,,,,,,,,,False,False
/fielddata/script/scr_seq_release.narc,/fielddata/script/scr_seq_release.narc!/member_00315,0,/fielddata/script/scr_seq_release.narc,271,315,,109224,109240,100764,100780,16,753eefd30bd8376f2b5bb56cd1a85164d375364437ad64d0a9b692ff9f415075,0200000013fd1e00d909020002000000,,,,,False,,,,,,,,,,False,False
/fielddata/script/scr_seq_release.narc,/fielddata/script/scr_seq_release.narc!/member_00316,0,/fielddata/script/scr_seq_release.narc,271,316,,109240,109488,100780,101028,248,3df3a47abbc2971032a841cc1a6e2060fc2218957c005648647916d1498576f0,060000000800000013fd1e00da090200,,,,,False,,,,,,,,,,False,False
/fielddata/script/scr_seq_release.narc,/fielddata/script/scr_seq_release.narc!/member_00317,0,/fielddata/script/scr_seq_release.narc,271,317,,109488,109504,101028,101044,16,b5a4ddfd23c6d83fcf03305addda90b4669b942bad9005bc4d5768397e8e85d9,0200000013fd1e00db09020002000000,,,,,False,,,,,,,,,,False,False
/fielddata/script/scr_seq_release.narc,/fielddata/script/scr_seq_release.narc!/member_00318,0,/fielddata/script/scr_seq_release.narc,271,318,,109504,109512,101044,101052,8,1c41889b5ca0b389bff2b87b597a76386e51e014486e52a57b44cf72e8bf3470,0200000013fd0200,,,,,False,,,,,,,,,,False,False
/fielddata/script/scr_seq_release.narc,/fielddata/script/scr_seq_release.narc!/member_00319,0,/fielddata/script/scr_seq_release.narc,271,319,,109512,109532,101052,101072,20,61ca54f6879e3ff6ac05f0926349bf3591b455e059b0ae25e3ce4e634394fd9f,060000000600000013fd5b0202005c02,,,,,False,,,,,,,,,,False,False
/fielddata/script/scr_seq_release.narc,/fielddata/script/scr_seq_release.narc!/member_00320,0,/fielddata/script/scr_seq_release.narc,271,320,,109532,109540,101072,101080,8,1c41889b5ca0b389bff2b87b597a76386e51e014486e52a57b44cf72e8bf3470,0200000013fd0200,,,,,False,,,,,,,,,,False,False
/fielddata/script/scr_seq_release.narc,/fielddata/script/scr_seq_release.narc!/member_00321,0,/fielddata/script/scr_seq_release.narc,271,321,,109540,110848,101080,102388,1308,9822e09d8fae8fa4cfd687e2634800ed95195587f5a2bdf86f59f928d881533a,220000005800000058000000e3000000,,,,,False,,,,,,,,,,False,False
/fielddata/script/scr_seq_release.narc,/fielddata/script/scr_seq_release.narc!/member_00322,0,/fielddata/script/scr_seq_release.narc,271,322,,110848,110872,102388,102412,24,7f11584b3b0d94c5afffd8c7678602748d84b2ef38eb3073f03dd83f90065cef,0a0000000a0000000a00000013fd5b02,,,,,False,,,,,,,,,,False,False
