container_chain,member_chain,depth,parent_narc_path,parent_file_id,member_index,name,container_relative_offset,container_relative_end,gmif_relative_offset,gmif_relative_end,size,sha256,signature_hex,extension,probable_format,format_evidence,structure_valid,compressed,compression,compression_evidence,decompression_supported,declared_decompressed_size,decompression_valid,decompressed_size,decompressed_sha256,decompressed_format,decompressed_format_evidence,nested_container,nested_after_decompression
/application/zukanlist/zkn_data/zukan_enc_diamond.narc,/application/zukanlist/zkn_data/zukan_enc_diamond.narc!/member_01620,0,/application/zukanlist/zkn_data/zukan_enc_diamond.narc,91,1620,,50428,50432,10744,10748,4,df3f619804a92fdb4057192dc43dd748ea778adc52bc498ce80524c014b81119,00000000,,,,,False,,,,,,,,,,False,False
/application/zukanlist/zkn_data/zukan_enc_diamond.narc,/application/zukanlist/zkn_data/zukan_enc_diamond.narc!/member_01621,0,/application/zukanlist/zkn_data/zukan_enc_diamond.narc,91,1621,,50432,50436,10748,10752,4,df3f619804a92fdb4057192dc43dd748ea778adc52bc498ce80524c014b81119,00000000,,,,,False,,,,,,,,,,False,False
/application/zukanlist/zkn_data/zukan_enc_diamond.narc,/application/zukanlist/zkn_data/zukan_enc_diamond.narc!/member_01622,0,/application/zukanlist/zkn_data/zukan_enc_diamond.narc,91,1622,,50436,50440,10752,10756,4,df3f619804a92fdb4057192dc43dd748ea778adc52bc498ce80524c014b81119,00000000,,,,,False,,,,,,,,,,False,False
/application/zukanlist/zkn_data/zukan_enc_diamond.narc,/application/zukanlist/zkn_data/zukan_enc_diamond.narc!/member_01623,0,/application/zukanlist/zkn_data/zukan_enc_diamond.narc,91,1623,,50440,50444,10756,10760,4,df3f619804a92fdb4057192dc43dd748ea778adc52bc498ce80524c014b81119,00000000,,,,,False,,,,,,,,,,False,False
/application/zukanlist/zkn_data/zukan_enc_diamond.narc,/application/zukanlist/zkn_data/zukan_enc_diamond.narc!/member_01624,0,/application/zukanlist/zkn_data/zukan_enc_diamond.narc,91,1624,,50444,50448,10760,10764,4,df3f619804a92fdb4057192dc43dd748ea778adc52bc498ce80524c014b81119,00000000,,,,,False,,,,,,,,,,False,False
/application/zukanlist/zkn_data/zukan_enc_diamond.narc,/application/zukanlist/zkn_data/zukan_enc_diamond.narc!/member_01625,0,/application/zukanlist/zkn_data/zukan_enc_diamond.narc,91,1625,,50448,50452,10764,10768,4,df3f619804a92fdb4057192dc43dd748ea778adc52bc498ce80524c014b81119,00000000,,,,,False,,,,,,,,,,False,False
/application/zukanlist/zkn_data/zukan_enc_diamond.narc,/application/zukanlist/zkn_data/zukan_enc_diamond.narc!/member_01626,0,/application/zukanlist/zkn_data/zukan_enc_diamond.narc,91,1626,,50452,50456,10768,10772,4,df3f619804a92fdb4057192dc43dd748ea778adc52bc498ce80524c014b81119,00000000,,,,,False,,,,,,,,,,False,False
/application/zukanlist/zkn_data/zukan_enc_diamond.narc,/application/zukanlist/zkn_data/zukan_enc_diamond.narc!/member_01627,0,/application/zukanlist/zkn_data/zukan_enc_diamond.narc,91,1627,,50456,50460,10772,10776,4,df3f619804a92fdb4057192dc43dd748ea778adc52bc498ce80524c014b81119,00000000,,,,,False,,,,,,,,,,False,False
/application/zukanlist/zkn_data/zukan_enc_diamond.narc,/application/zukanlist/zkn_data/zukan_enc_diamond.narc!/member_01628,0,/application/zukanlist/zkn_data/zukan_enc_diamond.narc,91,1628,,50460,50464,10776,10780,4,df3f619804a92fdb4057192dc43dd748ea778adc52bc498ce80524c014b81119,00000000,,,,,False,,,,,,,,,,False,False
/application/zukanlist/zkn_data/zukan_enc_diamond.narc,/application/zukanlist/zkn_data/zukan_enc_diamond.narc!/member_01629,0,/application/zukanlist/zkn_data/zukan_enc_diamond.narc,91,1629,,50464,50468,10780,10784,4,df3f619804a92fdb4057192dc43dd748ea778adc52bc498ce80524c014b81119,00000000,,,,,False,,,,,,,,,,False,False
/application/zukanlist/zkn_data/zukan_enc_diamond.narc,/application/zukanlist/zkn_data/zukan_enc_diamond.narc!/member_01630,0,/application/zukanlist/zkn_data/zukan_enc_diamond.narc,91,1630,,50468,50472,10784,10788,4,df3f619804a92fdb4057192dc43dd748ea778adc52bc498ce80524c014b81119,00000000,,,,,False,,,,,,,,,,False,False
/application/zukanlist/zkn_data/zukan_enc_diamond.narc,/application/zukanlist/zkn_data/zukan_enc_diamond.narc!/member_01631,0,/application/zukanlist/zkn_data/zukan_enc_diamond.narc,91,1631,,50472,50476,10788,10792,4,df3f619804a92fdb4057192dc43dd748ea778adc52bc498ce80524c014b81119,00000000,,,,,False,,,,,,,,,,False,False
/application/zukanlist/zkn_data/zukan_enc_diamond.narc,/application/zukanlist/zkn_data/zukan_enc_diamond.narc!/member_01632,0,/application/zukanlist/zkn_data/zukan_enc_diamond.narc,91,1632,,50476,50480,10792,10796,4,df3f619804a92fdb4057192dc43dd748ea778adc52bc498ce80524c014b81119,00000000,,,,,False,,,,,,,,,,False,False
/application/zukanlist/zkn_data/zukan_enc_diamond.narc,/application/zukanlist/zkn_data/zukan_enc_diamond.narc!/member_01633,0,/application/zukanlist/zkn_data/zukan_enc_diamond.narc,91,1633,,50480,50484,10796,10800,4,df3f619804a92fdb4057192dc43dd748ea778adc52bc498ce80524c014b81119,00000000,,,,,False,,,,,,,,,,False,False
/application/zukanlist/zkn_data/zukan_enc_diamond.narc,/application/zukanlist/zkn_data/zukan_enc_diamond.narc!/member_01634,0,/application/zukanlist/zkn_data/zukan_enc_diamond.narc,91,1634,,50484,50488,10800,10804,4,df3f619804a92fdb4057192dc43dd748ea778adc52bc498ce80524c014b81119,00000000,,,,,False,,,,,,,,,,False,False
/application/zukanlist/zkn_data/zukan_enc_diamond.narc,/application/zukanlist/zkn_data/zukan_enc_diamond.narc!/member_01635,0,/application/zukanlist/zkn_data/zukan_enc_diamond.narc,91,1635,,50488,50492,10804,10808,4,df3f619804a92fdb4057192dc43dd748ea778adc52bc498ce80524c014b81119,00000000,,,,,False,,,,,,,,,,False,False
/application/zukanlist/zkn_data/zukan_enc_diamond.narc,/application/zukanlist/zkn_data/zukan_enc_diamond.narc!/member_01636,0,/application/zukanlist/zkn_data/zukan_enc_diamond.narc,91,1636,,50492,50496,10808,10812,4,df3f619804a92fdb4057192dc43dd748ea778adc52bc498ce80524c014b81119,00000000,,,,,False,,,,,,,,,,False,False
/application/zukanlist/zkn_data/zukan_enc_diamond.narc,/application/zukanlist/zkn_data/zukan_enc_diamond.narc!/member_01637,0,/application/zukanlist/zkn_data/zukan_enc_diamond.narc,91,1637,,50496,50500,10812,10816,4,df3f619804a92fdb4057192dc43dd748ea778adc52bc498ce80524c014b81119,00000000,,,,,False,,,,,,,,,,False,False
/application/zukanlist/zkn_data/zukan_enc_diamond.narc,/application/zukanlist/zkn_data/zukan_enc_diamond.narc!/member_01638,0,/application/zukanlist/zkn_data/zukan_enc_diamond.narc,91,1638,,50500,50504,10816,10820,4,df3f619804a92fdb4057192dc43dd748ea778adc52bc498ce80524c014b81119,00000000,,,,,False,,,,,,,,,,False,False
/application/zukanlist/zkn_data/zukan_enc_diamond.narc,/application/zukanlist/zkn_data/zukan_enc_diamond.narc!/member_01639,0,/application/zukanlist/zkn_data/zukan_enc_diamond.narc,91,1639,,50504,50508,10820,10824,4,df3f619804a92fdb4057192dc43dd748ea778adc52bc498ce80524c014b81119,00000000,,,,,False,,,,,,,,,,False,False
/application/zukanlist/zkn_data/zukan_enc_diamond.narc,/application/zukanlist/zkn_data/zukan_enc_diamond.narc!/member_01640,0,/application/zukanlist/zkn_data/zukan_enc_diamond.narc,91,1640,,50508,50512,10824,10828,4,df3f619804a92fdb4057192dc43dd748ea778adc52bc498ce80524c014b81119,00000000,,,,,False,,,,,,,,,,False,False
/application/zukanlist/zkn_data/zukan_enc_diamond.narc,/application/zukanlist/zkn_data/zukan_enc_diamond.narc!/member_01641,0,/application/zukanlist/zkn_data/zukan_enc_diamond.narc,91,1641,,50512,50516,10828,10832,4,df3f619804a92fdb4057192dc43dd748ea778adc52bc498ce80524c014b81119,00000000,,,,,False,,,,,,,,,,False,False
/application/zukanlist/zkn_data/zukan_enc_diamond.narc,/application/zukanlist/zkn_data/zukan_enc_diamond.narc!/member_01642,0,/application/zukanlist/zkn_data/zukan_enc_diamond.narc,91,1642,,50516,50520,10832,10836,4,df3f619804a92fdb4057192dc43dd748ea778adc52bc498ce80524c014b81119,00000000,,,,,False,,,,,,,,,,False,False
/application/zukanlist/zkn_data/zukan_enc_diamond.narc,/application/zukanlist/zkn_data/zukan_enc_diamond.narc!/member_01643,0,/application/zukanlist/zkn_data/zukan_enc_diamond.narc,91,1643,,50520,50524,10836,10840,4,df3f619804a92fdb4057192dc43dd748ea778adc52bc498ce80524c014b81119,00000000,,,,,False,,,,,,,,,,False,False
/application/zukanlist/zkn_data/zukan_enc_diamond.narc,/application/zukanlist/zkn_data/zukan_enc_diamond.narc!/member_01644,0,/application/zukanlist/zkn_data/zukan_enc_diamond.narc,91,1644,,50524,50528,10840,10844,4,df3f619804a92fdb4057192dc43dd748ea778adc52bc498ce80524c014b81119,00000000,,,,,False,,,,,,,,,,False,False
/application/zukanlist/zkn_data/zukan_enc_diamond.narc,/application/zukanlist/zkn_data/zukan_enc_diamond.narc!/member_01645,0,/application/zukanlist/zkn_data/zukan_enc_diamond.narc,91,1645,,50528,50532,10844,10848,4,df3f619804a92fdb4057192dc43dd748ea778adc52bc498ce80524c014b81119,00000000,,,,,False,,,,,,,,,,False,False
/application/zukanlist/zkn_data/zukan_enc_diamond.narc,/application/zukanlist/zkn_data/zukan_enc_diamond.narc!/member_01646,0,/application/zukanlist/zkn_data/zukan_enc_diamond.narc,91,1646,,50532,50536,10848,10852,4,df3f619804a92fdb4057192dc43dd748ea778adc52bc498ce80524c014b81119,00000000,,,,,False,,,,,,,,,,False,False
/application/zukanlist/zkn_data/zukan_enc_diamond.narc,/application/zukanlist/zkn_data/zukan_enc_diamond.narc!/member_01647,0,/application/zukanlist/zkn_data/zukan_enc_diamond.narc,91,1647,,50536,50540,10852,10856,4,df3f619804a92fdb4057192dc43dd748ea778adc52bc498ce80524c014b81119,00000000,,,,,False,,,,,,,,,,False,False
/application/zukanlist/zkn_data/zukan_enc_diamond.narc,/application/zukanlist/zkn_data/zukan_enc_diamond.narc!/member_01648,0,/application/zukanlist/zkn_data/zukan_enc_diamond.narc,91,1648,,50540,50544,10856,10860,4,df3f619804a92fdb4057192dc43dd748ea778adc52bc498ce80524c014b81119,00000000,,,,,False,,,,,,,,,,False,False
/application/zukanlist/zkn_data/zukan_enc_diamond.narc,/application/zukanlist/zkn_data/zukan_enc_diamond.narc!/member_01649,0,/application/zukanlist/zkn_data/zukan_enc_diamond.narc,91,1649,,50544,50548,10860,10864,4,df3f619804a92fdb4057192dc43dd748ea778adc52bc498ce80524c014b81119,00000000,,,,,False,,,,,,,,,,False,False
/application/zukanlist/zkn_data/zukan_enc_diamond.narc,/application/zukanlist/zkn_data/zukan_enc_diamond.narc!/member_01650,0,/application/zukanlist/zkn_data/zukan_enc_diamond.narc,91,1650,,50548,50552,10864,10868,4,df3f619804a92fdb4057192dc43dd748ea778adc52bc498ce80524c014b81119,00000000,,,,,False,,,,,,,,,,False,False
/application/zukanlist/zkn_data/zukan_enc_diamond.narc,/application/zukanlist/zkn_data/zukan_enc_diamond.narc!/member_01651,0,/application/zukanlist/zkn_data/zukan_enc_diamond.narc,91,1651,,50552,50556,10868,10872,4,df3f619804a92fdb4057192dc43dd748ea778adc52bc498ce80524c014b81119,00000000,,,,,False,,,,,,,,,,False,False
/application/zukanlist/zkn_data/zukan_enc_diamond.narc,/application/zukanlist/zkn_data/zukan_enc_diamond.narc!/member_01652,0,/application/zukanlist/zkn_data/zukan_enc_diamond.narc,91,1652,,50556,50560,10872,10876,4,df3f619804a92fdb4057192dc43dd748ea778adc52bc498ce80524c014b81119,00000000,,,,,False,,,,,,,,,,False,False
/application/zukanlist/zkn_data/zukan_enc_diamond.narc,/application/zukanlist/zkn_data/zukan_enc_diamond.narc!/member_01653,0,/application/zukanlist/zkn_data/zukan_enc_diamond.narc,91,1653,,50560,50564,10876,10880,4,df3f619804a92fdb4057192dc43dd748ea778adc52bc498ce80524c014b81119,00000000,,,,,False,,,,,,,,,,False,False
/application/zukanlist/zkn_data/zukan_enc_diamond.narc,/application/zukanlist/zkn_data/zukan_enc_diamond.narc!/member_01654,0,/application/zukanlist/zkn_data/zukan_enc_diamond.narc,91,1654,,50564,50568,10880,10884,4,df3f619804a92fdb4057192dc43dd748ea778adc52bc498ce80524c014b81119,00000000,,,,,False,,,,,,,,,,False,False
/application/zukanlist/zkn_data/zukan_enc_diamond.narc,/application/zukanlist/zkn_data/zukan_enc_diamond.narc!/member_01655,0,/application/zukanlist/zkn_data/zukan_enc_diamond.narc,91,1655,,50568,50572,10884,10888,4,df3f619804a92fdb4057192dc43dd748ea778adc52bc498ce80524c014b81119,00000000,,,,,False,,,,,,,,,,False,False
/application/zukanlist/zkn_data/zukan_enc_diamond.narc,/application/zukanlist/zkn_data/zukan_enc_diamond.narc!/member_01656,0,/application/zukanlist/zkn_data/zukan_enc_diamond.narc,91,1656,,50572,50576,10888,10892,4,df3f619804a92fdb4057192dc43dd748ea778adc52bc498ce80524c014b81119,00000000,,,,,False,,,,,,,,,,False,False
/application/zukanlist/zkn_data/zukan_enc_diamond.narc,/application/zukanlist/zkn_data/zukan_enc_diamond.narc!/member_01657,0,/application/zukanlist/zkn_data/zukan_enc_diamond.narc,91,1657,,50576,50580,10892,10896,4,df3f619804a92fdb4057192dc43dd748ea778adc52bc498ce80524c014b81119,00000000,,,,,False,,,,,,,,,,False,False
/application/zukanlist/zkn_data/zukan_enc_diamond.narc,/application/zukanlist/zkn_data/zukan_enc_diamond.narc!/member_01658,0,/application/zukanlist/zkn_data/zukan_enc_diamond.narc,91,1658,,50580,50584,10896,10900,4,df3f619804a92fdb4057192dc43dd748ea778adc52bc498ce80524c014b81119,00000000,,,,,False,,,,,,,,,,False,False
/application/zukanlist/zkn_data/zukan_enc_diamond.narc,/application/zukanlist/zkn_data/zukan_enc_diamond.narc!/member_01659,0,/application/zukanlist/zkn_data/zukan_enc_diamond.narc,91,1659,,50584,50588,10900,10904,4,df3f619804a92fdb4057192dc43dd748ea778adc52bc498ce80524c014b81119,00000000,,,,,False,,,,,,,,,,False,False
/application/zukanlist/zkn_data/zukan_enc_diamond.narc,/application/zukanlist/zkn_data/zukan_enc_diamond.narc!/member_01660,0,/application/zukanlist/zkn_data/zukan_enc_diamond.narc,91,1660,,50588,50592,10904,10908,4,df3f619804a92fdb4057192dc43dd748ea778adc52bc498ce80524c014b81119,00000000,,,,,False,,,,,,,,,,False,False
/application/zukanlist/zkn_data/zukan_enc_diamond.narc,/application/zukanlist/zkn_data/zukan_enc_diamond.narc!/member_01661,0,/application/zukanlist/zkn_data/zukan_enc_diamond.narc,91,1661,,50592,50596,10908,10912,4,df3f619804a92fdb4057192dc43dd748ea778adc52bc498ce80524c014b81119,00000000,,,,,False,,,,,,,,,,False,False
/application/zukanlist/zkn_data/zukan_enc_diamond.narc,/application/zukanlist/zkn_data/zukan_enc_diamond.narc!/member_01662,0,/application/zukanlist/zkn_data/zukan_enc_diamond.narc,91,1662,,50596,50600,10912,10916,4,df3f619804a92fdb4057192dc43dd748ea778adc52bc498ce80524c014b81119,00000000,,,,,False,,,,,,,,,,False,False
/application/zukanlist/zkn_data/zukan_enc_diamond.narc,/application/zukanlist/zkn_data/zukan_enc_diamond.narc!/member_01663,0,/application/zukanlist/zkn_data/zukan_enc_diamond.narc,91,1663,,50600,50604,10916,10920,4,df3f619804a92fdb4057192dc43dd748ea778adc52bc498ce80524c014b81119,00000000,,,,,False,,,,,,,,,,False,False
/application/zukanlist/zkn_data/zukan_enc_diamond.narc,/application/zukanlist/zkn_data/zukan_enc_diamond.narc!/member_01664,0,/application/zukanlist/zkn_data/zukan_enc_diamond.narc,91,1664,,50604,50608,10920,10924,4,df3f619804a92fdb4057192dc43dd748ea778adc52bc498ce80524c014b81119,00000000,,,,,False,,,,,,,,,,False,False
/application/zukanlist/zkn_data/zukan_enc_diamond.narc,/application/zukanlist/zkn_data/zukan_enc_diamond.narc!/member_01665,0,/application/zukanlist/zkn_data/zukan_enc_diamond.narc,91,1665,,50608,50612,10924,10928,4,df3f619804a92fdb4057192dc43dd748ea778adc52bc498ce80524c014b81119,00000000,,,,,False,,,,,,,,,,False,False
/application/zukanlist/zkn_data/zukan_enc_diamond.narc,/application/zukanlist/zkn_data/zukan_enc_diamond.narc!/member_01666,0,/application/zukanlist/zkn_data/zukan_enc_diamond.narc,91,1666,,50612,50616,10928,10932,4,df3f619804a92fdb4057192dc43dd748ea778adc52bc498ce80524c014b81119,00000000,,,,,False,,,,,,,,,,False,False
/application/zukanlist/zkn_data/zukan_enc_diamond.narc,/application/zukanlist/zkn_data/zukan_enc_diamond.narc!/member_01667,0,/application/zukanlist/zkn_data/zukan_enc_diamond.narc,91,1667,,50616,50620,10932,10936,4,df3f619804a92fdb4057192dc43dd748ea778adc52bc498ce80524c014b81119,00000000,,,,,False,,,,,,,,,,False,False
/application/zukanlist/zkn_data/zukan_enc_diamond.narc,/application/zukanlist/zkn_data/zukan_enc_diamond.narc!/member_01668,0,/application/zukanlist/zkn_data/zukan_enc_diamond.narc,91,1668,,50620,50624,10936,10940,4,df3f619804a92fdb4057192dc43dd748ea778adc52bc498ce80524c014b81119,00000000,,,,,False,,,,,,,,,,False,False
/application/zukanlist/zkn_data/zukan_enc_diamond.narc,/application/zukanlist/zkn_data/zukan_enc_diamond.narc!/member_01669,0,/application/zukanlist/zkn_data/zukan_enc_diamond.narc,91,1669,,50624,50628,10940,10944,4,df3f619804a92fdb4057192dc43dd748ea778adc52bc498ce80524c014b81119,00000000,,,,,False,,,,,,,,,,False,False
/application/zukanlist/zkn_data/zukan_enc_diamond.narc,/application/zukanlist/zkn_data/zukan_enc_diamond.narc!/member_01670,0,/application/zukanlist/zkn_data/zukan_enc_diamond.narc,91,1670,,50628,50632,10944,10948,4,df3f619804a92fdb4057192dc43dd748ea778adc52bc498ce80524c014b81119,00000000,,,,,False,,,,,,,,,,False,False
/application/zukanlist/zkn_data/zukan_enc_diamond.narc,/application/zukanlist/zkn_data/zukan_enc_diamond.narc!/member_01671,0,/application/zukanlist/zkn_data/zukan_enc_diamond.narc,91,1671,,50632,50636,10948,10952,4,df3f619804a92fdb4057192dc43dd748ea778adc52bc498ce80524c014b81119,00000000,,,,,False,,,,,,,,,,False,False
/application/zukanlist/zkn_data/zukan_enc_diamond.narc,/application/zukanlist/zkn_data/zukan_enc_diamond.narc!/member_01672,0,/application/zukanlist/zkn_data/zukan_enc_diamond.narc,91,1672,,50636,50644,10952,10960,8,f0a0278e4372459cca6159cd5e71cfee638302a7b9ca9b05c34181ac0a65ac5d,0400000000000000,,,,,False,,,,,,,,,,False,False
/application/zukanlist/zkn_data/zukan_enc_diamond.narc,/application/zukanlist/zkn_data/zukan_enc_diamond.narc!/member_01673,0,/application/zukanlist/zkn_data/zukan_enc_diamond.narc,91,1673,,50644,50648,10960,10964,4,df3f619804a92fdb4057192dc43dd748ea778adc52bc498ce80524c014b81119,00000000,,,,,False,,,,,,,,,,False,False
/application/zukanlist/zkn_data/zukan_enc_diamond.narc,/application/zukanlist/zkn_data/zukan_enc_diamond.narc!/member_01674,0,/application/zukanlist/zkn_data/zukan_enc_diamond.narc,91,1674,,50648,50652,10964,10968,4,df3f619804a92fdb4057192dc43dd748ea778adc52bc498ce80524c014b81119,00000000,,,,,False,,,,,,,,,,False,False
/application/zukanlist/zkn_data/zukan_enc_diamond.narc,/application/zukanlist/zkn_data/zukan_enc_diamond.narc!/member_01675,0,/application/zukanlist/zkn_data/zukan_enc_diamond.narc,91,1675,,50652,50656,10968,10972,4,df3f619804a92fdb4057192dc43dd748ea778adc52bc498ce80524c014b81119,00000000,,,,,False,,,,,,,,,,False,False
/application/zukanlist/zkn_data/zukan_enc_diamond.narc,/application/zukanlist/zkn_data/zukan_enc_diamond.narc!/member_01676,0,/application/zukanlist/zkn_data/zukan_enc_diamond.narc,91,1676,,50656,50660,10972,10976,4,df3f619804a92fdb4057192dc43dd748ea778adc52bc498ce80524c014b81119,00000000,,,,,False,,,,,,,,,,False,False
/application/zukanlist/zkn_data/zukan_enc_diamond.narc,/application/zukanlist/zkn_data/zukan_enc_diamond.narc!/member_01677,0,/application/zukanlist/zkn_data/zukan_enc_diamond.narc,91,1677,,50660,50664,10976,10980,4,df3f619804a92fdb4057192dc43dd748ea778adc52bc498ce80524c014b81119,00000000,,,,,False,,,,,,,,,,False,False
/application/zukanlist/zkn_data/zukan_enc_diamond.narc,/application/zukanlist/zkn_data/zukan_enc_diamond.narc!/member_01678,0,/application/zukanlist/zkn_data/zukan_enc_diamond.narc,91,1678,,50664,50668,10980,10984,4,df3f619804a92fdb4057192dc43dd748ea778adc52bc498ce80524c014b81119,00000000,,,,,False,,,,,,,,,,False,False
/application/zukanlist/zkn_data/zukan_enc_diamond.narc,/application/zukanlist/zkn_data/zukan_enc_diamond.narc!/member_01679,0,/application/zukanlist/zkn_data/zukan_enc_diamond.narc,91,1679,,50668,50676,10984,10992,8,debcea1f166010e428df48387304e45c0bf7843a1fa7f1beb38f852228df789b,1500000000000000,,,,,False,,,,,,,,,,False,False
/application/zukanlist/zkn_data/zukan_enc_diamond.narc,/application/zukanlist/zkn_data/zukan_enc_diamond.narc!/member_01680,0,/application/zukanlist/zkn_data/zukan_enc_diamond.narc,91,1680,,50676,50680,10992,10996,4,df3f619804a92fdb4057192dc43dd748ea778adc52bc498ce80524c014b81119,00000000,,,,,False,,,,,,,,,,False,False
/application/zukanlist/zkn_data/zukan_enc_diamond.narc,/application/zukanlist/zkn_data/zukan_enc_diamond.narc!/member_01681,0,/application/zukanlist/zkn_data/zukan_enc_diamond.narc,91,1681,,50680,50684,10996,11000,4,df3f619804a92fdb4057192dc43dd748ea778adc52bc498ce80524c014b81119,00000000,,,,,False,,,,,,,,,,False,False
/application/zukanlist/zkn_data/zukan_enc_diamond.narc,/application/zukanlist/zkn_data/zukan_enc_diamond.narc!/member_01682,0,/application/zukanlist/zkn_data/zukan_enc_diamond.narc,91,1682,,50684,50688,11000,11004,4,df3f619804a92fdb4057192dc43dd748ea778adc52bc498ce80524c014b81119,00000000,,,,,False,,,,,,,,,,False,False
/application/zukanlist/zkn_data/zukan_enc_diamond.narc,/application/zukanlist/zkn_data/zukan_enc_diamond.narc!/member_01683,0,/application/zukanlist/zkn_data/zukan_enc_diamond.narc,91,1683,,50688,50696,11004,11012,8,f0a0278e4372459cca6159cd5e71cfee638302a7b9ca9b05c34181ac0a65ac5d,0400000000000000,,,,,False,,,,,,,,,,False,False
/application/zukanlist/zkn_data/zukan_enc_diamond.narc,/application/zukanlist/zkn_data/zukan_enc_diamond.narc!/member_01684,0,/application/zukanlist/zkn_data/zukan_enc_diamond.narc,91,1684,,50696,50704,11012,11020,8,f0a0278e4372459cca6159cd5e71cfee638302a7b9ca9b05c34181ac0a65ac5d,0400000000000000,,,,,False,,,,,,,,,,False,False
/application/zukanlist/zkn_data/zukan_enc_diamond.narc,/application/zukanlist/zkn_data/zukan_enc_diamond.narc!/member_01685,0,/application/zukanlist/zkn_data/zukan_enc_diamond.narc,91,1685,,50704,50708,11020,11024,4,df3f619804a92fdb4057192dc43dd748ea778adc52bc498ce80524c014b81119,00000000,,,,,False,,,,,,,,,,False,False
/application/zukanlist/zkn_data/zukan_enc_diamond.narc,/application/zukanlist/zkn_data/zukan_enc_diamond.narc!/member_01686,0,/application/zukanlist/zkn_data/zukan_enc_diamond.narc,91,1686,,50708,50712,11024,11028,4,df3f619804a92fdb4057192dc43dd748ea778adc52bc498ce80524c014b81119,00000000,,,,,False,,,,,,,,,,False,False
/application/zukanlist/zkn_data/zukan_enc_diamond.narc,/application/zukanlist/zkn_data/zukan_enc_diamond.narc!/member_01687,0,/application/zukanlist/zkn_data/zukan_enc_diamond.narc,91,1687,,50712,50716,11028,11032,4,df3f619804a92fdb4057192dc43dd748ea778adc52bc498ce80524c014b81119,00000000,,,,,False,,,,,,,,,,False,False
/application/zukanlist/zkn_data/zukan_enc_diamond.narc,/application/zukanlist/zkn_data/zukan_enc_diamond.narc!/member_01688,0,/application/zukanlist/zkn_data/zukan_enc_diamond.narc,91,1688,,50716,50720,11032,11036,4,df3f619804a92fdb4057192dc43dd748ea778adc52bc498ce80524c014b81119,00000000,,,,,False,,,,,,,,,,False,False
/application/zukanlist/zkn_data/zukan_enc_diamond.narc,/application/zukanlist/zkn_data/zukan_enc_diamond.narc!/member_01689,0,/application/zukanlist/zkn_data/zukan_enc_diamond.narc,91,1689,,50720,50724,11036,11040,4,df3f619804a92fdb4057192dc43dd748ea778adc52bc498ce80524c014b81119,00000000,,,,,False,,,,,,,,,,False,False
/application/zukanlist/zkn_data/zukan_enc_diamond.narc,/application/zukanlist/zkn_data/zukan_enc_diamond.narc!/member_01690,0,/application/zukanlist/zkn_data/zukan_enc_diamond.narc,91,1690,,50724,50728,11040,11044,4,df3f619804a92fdb4057192dc43dd748ea778adc52bc498ce80524c014b81119,00000000,,,,,False,,,,,,,,,,False,False
/application/zukanlist/zkn_data/zukan_enc_diamond.narc,/application/zukanlist/zkn_data/zukan_enc_diamond.narc!/member_01691,0,/application/zukanlist/zkn_data/zukan_enc_diamond.narc,91,1691,,50728,50732,11044,11048,4,df3f619804a92fdb4057192dc43dd748ea778adc52bc498ce80524c014b81119,00000000,,,,,False,,,,,,,,,,False,False
/application/zukanlist/zkn_data/zukan_enc_diamond.narc,/application/zukanlist/zkn_data/zukan_enc_diamond.narc!/member_01692,0,/application/zukanlist/zkn_data/zukan_enc_diamond.narc,91,1692,,50732,50736,11048,11052,4,df3f619804a92fdb4057192dc43dd748ea778adc52bc498ce80524c014b81119,00000000,,,,,False,,,,,,,,,,False,False
/application/zukanlist/zkn_data/zukan_enc_diamond.narc,/application/zukanlist/zkn_data/zukan_enc_diamond.narc!/member_01693,0,/application/zukanlist/zkn_data/zukan_enc_diamond.narc,91,1693,,50736,50740,11052,11056,4,df3f619804a92fdb4057192dc43dd748ea778adc52bc498ce80524c014b81119,00000000,,,,,False,,,,,,,,,,False,False
/application/zukanlist/zkn_data/zukan_enc_diamond.narc,/application/zukanlist/zkn_data/zukan_enc_diamond.narc!/member_01694,0,/application/zukanlist/zkn_data/zukan_enc_diamond.narc,91,1694,,50740,50744,11056,11060,4,df3f619804a92fdb4057192dc43dd748ea778adc52bc498ce80524c014b81119,00000000,,,,,False,,,,,,,,,,False,False
/application/zukanlist/zkn_data/zukan_enc_diamond.narc,/application/zukanlist/zkn_data/zukan_enc_diamond.narc!/member_01695,0,/application/zukanlist/zkn_data/zukan_enc_diamond.narc,91,1695,,50744,50748,11060,11064,4,df3f619804a92fdb4057192dc43dd748ea778adc52bc498ce80524c014b81119,00000000,,,,,False,,,,,,,,,,False,False
/application/zukanlist/zkn_data/zukan_enc_diamond.narc,/application/zukanlist/zkn_data/zukan_enc_diamond.narc!/member_01696,0,/application/zukanlist/zkn_data/zukan_enc_diamond.narc,91,1696,,50748,50752,11064,11068,4,df3f619804a92fdb4057192dc43dd748ea778adc52bc498ce80524c014b81119,00000000,,,,,False,,,,,,,,,,False,False
/application/zukanlist/zkn_data/zukan_enc_diamond.narc,/application/zukanlist/zkn_data/zukan_enc_diamond.narc!/member_01697,0,/application/zukanlist/zkn_data/zukan_enc_diamond.narc,91,1697,,50752,50756,11068,11072,4,df3f619804a92fdb4057192dc43dd748ea778adc52bc498ce80524c014b81119,00000000,,,,,False,,,,,,,,,,False,False
/application/zukanlist/zkn_data/zukan_enc_diamond.narc,/application/zukanlist/zkn_data/zukan_enc_diamond.narc!/member_01698,0,/application/zukanlist/zkn_data/zukan_enc_diamond.narc,91,1698,,50756,50760,11072,11076,4,df3f619804a92fdb4057192dc43dd748ea778adc52bc498ce80524c014b81119,00000000,,,,,False,,,,,,,,,,False,False
/application/zukanlist/zkn_data/zukan_enc_diamond.narc,/application/zukanlist/zkn_data/zukan_enc_diamond.narc!/member_01699,0,/application/zukanlist/zkn_data/zukan_enc_diamond.narc,91,1699,,50760,50764,11076,11080,4,df3f619804a92fdb4057192dc43dd748ea778adc52bc498ce80524c014b81119,00000000,,,,,False,,,,,,,,,,False,False
/application/zukanlist/zkn_data/zukan_enc_diamond.narc,/application/zukanlist/zkn_data/zukan_enc_diamond.narc!/member_01700,0,/application/zukanlist/zkn_data/zukan_enc_diamond.narc,91,1700,,50764,50768,11080,11084,4,df3f619804a92fdb4057192dc43dd748ea778adc52bc498ce80524c014b81119,00000000,,,,,False,,,,,,,,,,False,False
/application/zukanlist/zkn_data/zukan_enc_diamond.narc,/application/zukanlist/zkn_data/zukan_enc_diamond.narc!/member_01701,0,/application/zukanlist/zkn_data/zukan_enc_diamond.narc,91,1701,,50768,50772,11084,11088,4,df3f619804a92fdb4057192dc43dd748ea778adc52bc498ce80524c014b81119,00000000,,,,,False,,,,,,,,,,False,False
/application/zukanlist/zkn_data/zukan_enc_diamond.narc,/application/zukanlist/zkn_data/zukan_enc_diamond.narc!/member_01702,0,/application/zukanlist/zkn_data/zukan_enc_diamond.narc,91,1702,,50772,50776,11088,11092,4,df3f619804a92fdb4057192dc43dd748ea778adc52bc498ce80524c014b81119,00000000,,,,,False,,,,,,,,,,False,False
/application/zukanlist/zkn_data/zukan_enc_diamond.narc,/application/zukanlist/zkn_data/zukan_enc_diamond.narc!/member_01703,0,/application/zukanlist/zkn_data/zukan_enc_diamond.narc,91,1703,,50776,50784,11092,11100,8,debcea1f166010e428df48387304e45c0bf7843a1fa7f1beb38f852228df789b,1500000000000000,,,,,False,,,,,,,,,,False,False
/application/zukanlist/zkn_data/zukan_enc_diamond.narc,/application/zukanlist/zkn_data/zukan_enc_diamond.narc!/member_01704,0,/application/zukanlist/zkn_data/zukan_enc_diamond.narc,91,1704,,50784,50788,11100,11104,4,df3f619804a92fdb4057192dc43dd748ea778adc52bc498ce80524c014b81119,00000000,,,,,False,,,,,,,,,,False,False
/application/zukanlist/zkn_data/zukan_enc_diamond.narc,/application/zukanlist/zkn_data/zukan_enc_diamond.narc!/member_01705,0,/application/zukanlist/zkn_data/zukan_enc_diamond.narc,91,1705,,50788,50792,11104,11108,4,df3f619804a92fdb4057192dc43dd748ea778adc52bc498ce80524c014b81119,00000000,,,,,False,,,,,,,,,,False,False
/application/zukanlist/zkn_data/zukan_enc_diamond.narc,/application/zukanlist/zkn_data/zukan_enc_diamond.narc!/member_01706,0,/application/zukanlist/zkn_data/zukan_enc_diamond.narc,91,1706,,50792,50796,11108,11112,4,df3f619804a92fdb4057192dc43dd748ea778adc52bc498ce80524c014b81119,00000000,,,,,False,,,,,,,,,,False,False
/application/zukanlist/zkn_data/zukan_enc_diamond.narc,/application/zukanlist/zkn_data/zukan_enc_diamond.narc!/member_01707,0,/application/zukanlist/zkn_data/zukan_enc_diamond.narc,91,1707,,50796,50800,11112,11116,4,df3f619804a92fdb4057192dc43dd748ea778adc52bc498ce80524c014b81119,00000000,,,,,False,,,,,,,,,,False,False
/application/zukanlist/zkn_data/zukan_enc_diamond.narc,/application/zukanlist/zkn_data/zukan_enc_diamond.narc!/member_01708,0,/application/zukanlist/zkn_data/zukan_enc_diamond.narc,91,1708,,50800,50804,11116,11120,4,df3f619804a92fdb4057192dc43dd748ea778adc52bc498ce80524c014b81119,00000000,,,,,False,,,,,,,,,,False,False
/application/zukanlist/zkn_data/zukan_enc_diamond.narc,/application/zukanlist/zkn_data/zukan_enc_diamond.narc!/member_01709,0,/application/zukanlist/zkn_data/zukan_enc_diamond.narc,91,1709,,50804,50808,11120,11124,4,df3f619804a92fdb4057192dc43dd748ea778adc52bc498ce80524c014b81119,00000000,,,,,False,,,,,,,,,,False,False
/application/zukanlist/zkn_data/zukan_enc_diamond.narc,/application/zukanlist/zkn_data/zukan_enc_diamond.narc!/member_01710,0,/application/zukanlist/zkn_data/zukan_enc_diamond.narc,91,1710,,50808,50812,11124,11128,4,df3f619804a92fdb4057192dc43dd748ea778adc52bc498ce80524c014b81119,00000000,,,,,False,,,,,,,,,,False,False
/application/zukanlist/zkn_data/zukan_enc_diamond.narc,/application/zukanlist/zkn_data/zukan_enc_diamond.narc!/member_01711,0,/application/zukanlist/zkn_data/zukan_enc_diamond.narc,91,1711,,50812,50816,11128,11132,4,df3f619804a92fdb4057192dc43dd748ea778adc52bc498ce80524c014b81119,00000000,,,,,False,,,,,,,,,,False,False
/application/zukanlist/zkn_data/zukan_enc_diamond.narc,/application/zukanlist/zkn_data/zukan_enc_diamond.narc!/member_01712,0,/application/zukanlist/zkn_data/zukan_enc_diamond.narc,91,1712,,50816,50820,11132,11136,4,df3f619804a92fdb4057192dc43dd748ea778adc52bc498ce80524c014b81119,00000000,,,,,False,,,,,,,,,,False,False
/application/zukanlist/zkn_data/zukan_enc_diamond.narc,/application/zukanlist/zkn_data/zukan_enc_diamond.narc!/member_01713,0,/application/zukanlist/zkn_data/zukan_enc_diamond.narc,91,1713,,50820,50824,11136,11140,4,df3f619804a92fdb4057192dc43dd748ea778adc52bc498ce80524c014b81119,00000000,,,,,False,,,,,,,,,,False,False
/application/zukanlist/zkn_data/zukan_enc_diamond.narc,/application/zukanlist/zkn_data/zukan_enc_diamond.narc!/member_01714,0,/application/zukanlist/zkn_data/zukan_enc_diamond.narc,91,1714,,50824,50828,11140,11144,4,df3f619804a92fdb4057192dc43dd748ea778adc52bc498ce80524c014b81119,00000000,,,,,False,,,,,,,,,,False,False
/application/zukanlist/zkn_data/zukan_enc_diamond.narc,/application/zukanlist/zkn_data/zukan_enc_diamond.narc!/member_01715,0,/application/zukanlist/zkn_data/zukan_enc_diamond.narc,91,1715,,50828,50832,11144,11148,4,df3f619804a92fdb4057192dc43dd748ea778adc52bc498ce80524c014b81119,00000000,,,,,False,,,,,,,,,,False,False
/application/zukanlist/zkn_data/zukan_enc_diamond.narc,/application/zukanlist/zkn_data/zukan_enc_diamond.narc!/member_01716,0,/application/zukanlist/zkn_data/zukan_enc_diamond.narc,91,1716,,50832,50836,11148,11152,4,df3f619804a92fdb4057192dc43dd748ea778adc52bc498ce80524c014b81119,00000000,,,,,False,,,,,,,,,,False,False
/application/zukanlist/zkn_data/zukan_enc_diamond.narc,/application/zukanlist/zkn_data/zukan_enc_diamond.narc!/member_01717,0,/application/zukanlist/zkn_data/zukan_enc_diamond.narc,91,1717,,50836,50840,11152,11156,4,df3f619804a92fdb4057192dc43dd748ea778adc52bc498ce80524c014b81119,00000000,,,,,False,,,,,,,,,,False,False
/application/zukanlist/zkn_data/zukan_enc_diamond.narc,/application/zukanlist/zkn_data/zukan_enc_diamond.narc!/member_01718,0,/application/zukanlist/zkn_data/zukan_enc_diamond.narc,91,1718,,50840,50844,11156,11160,4,df3f619804a92fdb4057192dc43dd748ea778adc52bc498ce80524c014b81119,00000000,,,,,False,,,,,,,,,,False,False
/application/zukanlist/zkn_data/zukan_enc_diamond.narc,/application/zukanlist/zkn_data/zukan_enc_diamond.narc!/member_01719,0,/application/zukanlist/zkn_data/zukan_enc_diamond.narc,91,1719,,50844,50848,11160,11164,4,df3f619804a92fdb4057192dc43dd748ea778adc52bc498ce80524c014b81119,00000000,,,,,False,,,,,,,,,,False,False
/application/zukanlist/zkn_data/zukan_enc_diamond.narc,/application/zukanlist/zkn_data/zukan_enc_diamond.narc!/member_01720,0,/application/zukanlist/zkn_data/zukan_enc_diamond.narc,91,1720,,50848,50852,11164,11168,4,df3f619804a92fdb4057192dc43dd748ea778adc52bc498ce80524c014b81119,00000000,,,,,False,,,,,,,,,,False,False
/application/zukanlist/zkn_data/zukan_enc_diamond.narc,/application/zukanlist/zkn_data/zukan_enc_diamond.narc!/member_01721,0,/application/zukanlist/zkn_data/zukan_enc_diamond.narc,91,1721,,50852,50856,11168,11172,4,df3f619804a92fdb4057192dc43dd748ea778adc52bc498ce80524c014b81119,00000000,,,,,False,,,,,,,,,,False,False
/application/zukanlist/zkn_data/zukan_enc_diamond.narc,/application/zukanlist/zkn_data/zukan_enc_diamond.narc!/member_01722,0,/application/zukanlist/zkn_data/zukan_enc_diamond.narc,91,1722,,50856,50860,11172,11176,4,df3f619804a92fdb4057192dc43dd748ea778adc52bc498ce80524c014b81119,00000000,,,,,False,,,,,,,,,,False,False
/application/zukanlist/zkn_data/zukan_enc_diamond.narc,/application/zukanlist/zkn_data/zukan_enc_diamond.narc!/member_01723,0,/application/zukanlist/zkn_data/zukan_enc_diamond.narc,91,1723,,50860,50864,11176,11180,4,df3f619804a92fdb4057192dc43dd748ea778adc52bc498ce80524c014b81119,00000000,,,,,False,,,,,,,,,,False,False
/application/zukanlist/zkn_data/zukan_enc_diamond.narc,/application/zukanlist/zkn_data/zukan_enc_diamond.narc!/member_01724,0,/application/zukanlist/zkn_data/zukan_enc_diamond.narc,91,1724,,50864,50868,11180,11184,4,df3f619804a92fdb4057192dc43dd748ea778adc52bc498ce80524c014b81119,00000000,,,,,False,,,,,,,,,,False,False
/application/zukanlist/zkn_data/zukan_enc_diamond.narc,/application/zukanlist/zkn_data/zukan_enc_diamond.narc!/member_01725,0,/application/zukanlist/zkn_data/zukan_enc_diamond.narc,91,1725,,50868,50872,11184,11188,4,df3f619804a92fdb4057192dc43dd748ea778adc52bc498ce80524c014b81119,00000000,,,,,False,,,,,,,,,,False,False
/application/zukanlist/zkn_data/zukan_enc_diamond.narc,/application/zukanlist/zkn_data/zukan_enc_diamond.narc!/member_01726,0,/application/zukanlist/zkn_data/zukan_enc_diamond.narc,91,1726,,50872,50876,11188,11192,4,df3f619804a92fdb4057192dc43dd748ea778adc52bc498ce80524c014b81119,00000000,,,,,False,,,,,,,,,,False,False
/application/zukanlist/zkn_data/zukan_enc_diamond.narc,/application/zukanlist/zkn_data/zukan_enc_diamond.narc!/member_01727,0,/application/zukanlist/zkn_data/zukan_enc_diamond.narc,91,1727,,50876,50880,11192,11196,4,df3f619804a92fdb4057192dc43dd748ea778adc52bc498ce80524c014b81119,00000000,,,,,False,,,,,,,,,,False,False
/application/zukanlist/zkn_data/zukan_enc_diamond.narc,/application/zukanlist/zkn_data/zukan_enc_diamond.narc!/member_01728,0,/application/zukanlist/zkn_data/zukan_enc_diamond.narc,91,1728,,50880,50884,11196,11200,4,df3f619804a92fdb4057192dc43dd748ea778adc52bc498ce80524c014b81119,00000000,,,,,False,,,,,,,,,,False,False
/application/zukanlist/zkn_data/zukan_enc_diamond.narc,/application/zukanlist/zkn_data/zukan_enc_diamond.narc!/member_01729,0,/application/zukanlist/zkn_data/zukan_enc_diamond.narc,91,1729,,50884,50888,11200,11204,4,df3f619804a92fdb4057192dc43dd748ea778adc52bc498ce80524c014b81119,00000000,,,,,False,,,,,,,,,,False,False
/application/zukanlist/zkn_data/zukan_enc_diamond.narc,/application/zukanlist/zkn_data/zukan_enc_diamond.narc!/member_01730,0,/application/zukanlist/zkn_data/zukan_enc_diamond.narc,91,1730,,50888,50892,11204,11208,4,df3f619804a92fdb4057192dc43dd748ea778adc52bc498ce80524c014b81119,00000000,,,,,False,,,,,,,,,,False,False
/application/zukanlist/zkn_data/zukan_enc_diamond.narc,/application/zukanlist/zkn_data/zukan_enc_diamond.narc!/member_01731,0,/application/zukanlist/zkn_data/zukan_enc_diamond.narc,91,1731,,50892,50896,11208,11212,4,df3f619804a92fdb4057192dc43dd748ea778adc52bc498ce80524c014b81119,00000000,,,,,False,,,,,,,,,,False,False
/application/zukanlist/zkn_data/zukan_enc_diamond.narc,/application/zukanlist/zkn_data/zukan_enc_diamond.narc!/member_01732,0,/application/zukanlist/zkn_data/zukan_enc_diamond.narc,91,1732,,50896,50900,11212,11216,4,df3f619804a92fdb4057192dc43dd748ea778adc52bc498ce80524c014b81119,00000000,,,,,False,,,,,,,,,,False,False
/application/zukanlist/zkn_data/zukan_enc_diamond.narc,/application/zukanlist/zkn_data/zukan_enc_diamond.narc!/member_01733,0,/application/zukanlist/zkn_data/zukan_enc_diamond.narc,91,1733,,50900,50904,11216,11220,4,df3f619804a92fdb4057192dc43dd748ea778adc52bc498ce80524c014b81119,00000000,,,,,False,,,,,,,,,,False,False
/application/zukanlist/zkn_data/zukan_enc_diamond.narc,/application/zukanlist/zkn_data/zukan_enc_diamond.narc!/member_01734,0,/application/zukanlist/zkn_data/zukan_enc_diamond.narc,91,1734,,50904,50908,11220,11224,4,df3f619804a92fdb4057192dc43dd748ea778adc52bc498ce80524c014b81119,00000000,,,,,False,,,,,,,,,,False,False
/application/zukanlist/zkn_data/zukan_enc_diamond.narc,/application/zukanlist/zkn_data/zukan_enc_diamond.narc!/member_01735,0,/application/zukanlist/zkn_data/zukan_enc_diamond.narc,91,1735,,50908,50912,11224,11228,4,df3f619804a92fdb4057192dc43dd748ea778adc52bc498ce80524c014b81119,00000000,,,,,False,,,,,,,,,,False,False
/application/zukanlist/zkn_data/zukan_enc_diamond.narc,/application/zukanlist/zkn_data/zukan_enc_diamond.narc!/member_01736,0,/application/zukanlist/zkn_data/zukan_enc_diamond.narc,91,1736,,50912,50916,11228,11232,4,df3f619804a92fdb4057192dc43dd748ea778adc52bc498ce80524c014b81119,00000000,,,,,False,,,,,,,,,,False,False
/application/zukanlist/zkn_data/zukan_enc_diamond.narc,/application/zukanlist/zkn_data/zukan_enc_diamond.narc!/member_01737,0,/application/zukanlist/zkn_data/zukan_enc_diamond.narc,91,1737,,50916,50920,11232,11236,4,df3f619804a92fdb4057192dc43dd748ea778adc52bc498ce80524c014b81119,00000000,,,,,False,,,,,,,,,,False,False
/application/zukanlist/zkn_data/zukan_enc_diamond.narc,/application/zukanlist/zkn_data/zukan_enc_diamond.narc!/member_01738,0,/application/zukanlist/zkn_data/zukan_enc_diamond.narc,91,1738,,50920,50924,11236,11240,4,df3f619804a92fdb4057192dc43dd748ea778adc52bc498ce80524c014b81119,00000000,,,,,False,,,,,,,,,,False,False
/application/zukanlist/zkn_data/zukan_enc_diamond.narc,/application/zukanlist/zkn_data/zukan_enc_diamond.narc!/member_01739,0,/application/zukanlist/zkn_data/zukan_enc_diamond.narc,91,1739,,50924,50928,11240,11244,4,df3f619804a92fdb4057192dc43dd748ea778adc52bc498ce80524c014b81119,00000000,,,,,False,,,,,,,,,,False,False
/application/zukanlist/zkn_data/zukan_enc_diamond.narc,/application/zukanlist/zkn_data/zukan_enc_diamond.narc!/member_01740,0,/application/zukanlist/zkn_data/zukan_enc_diamond.narc,91,1740,,50928,50932,11244,11248,4,df3f619804a92fdb4057192dc43dd748ea778adc52bc498ce80524c014b81119,00000000,,,,,False,,,,,,,,,,False,False
/application/zukanlist/zkn_data/zukan_enc_diamond.narc,/application/zukanlist/zkn_data/zukan_enc_diamond.narc!/member_01741,0,/application/zukanlist/zkn_data/zukan_enc_diamond.narc,91,1741,,50932,50936,11248,11252,4,df3f619804a92fdb4057192dc43dd748ea778adc52bc498ce80524c014b81119,00000000,,,,,False,,,,,,,,,,False,False
/application/zukanlist/zkn_data/zukan_enc_diamond.narc,/application/zukanlist/zkn_data/zukan_enc_diamond.narc!/member_01742,0,/application/zukanlist/zkn_data/zukan_enc_diamond.narc,91,1742,,50936,50940,11252,11256,4,df3f619804a92fdb4057192dc43dd748ea778adc52bc498ce80524c014b81119,00000000,,,,,False,,,,,,,,,,False,False
/application/zukanlist/zkn_data/zukan_enc_diamond.narc,/application/zukanlist/zkn_data/zukan_enc_diamond.narc!/member_01743,0,/application/zukanlist/zkn_data/zukan_enc_diamond.narc,91,1743,,50940,50944,11256,11260,4,df3f619804a92fdb4057192dc43dd748ea778adc52bc498ce80524c014b81119,00000000,,,,,False,,,,,,,,,,False,False
/application/zukanlist/zkn_data/zukan_enc_diamond.narc,/application/zukanlist/zkn_data/zukan_enc_diamond.narc!/member_01744,0,/application/zukanlist/zkn_data/zukan_enc_diamond.narc,91,1744,,50944,50948,11260,11264,4,df3f619804a92fdb4057192dc43dd748ea778adc52bc498ce80524c014b81119,00000000,,,,,False,,,,,,,,,,False,False
/application/zukanlist/zkn_data/zukan_enc_diamond.narc,/application/zukanlist/zkn_data/zukan_enc_diamond.narc!/member_01745,0,/application/zukanlist/zkn_data/zukan_enc_diamond.narc,91,1745,,50948,50952,11264,11268,4,df3f619804a92fdb4057192dc43dd748ea778adc52bc498ce80524c014b81119,00000000,,,,,False,,,,,,,,,,False,False
/application/zukanlist/zkn_data/zukan_enc_diamond.narc,/application/zukanlist/zkn_data/zukan_enc_diamond.narc!/member_01746,0,/application/zukanlist/zkn_data/zukan_enc_diamond.narc,91,1746,,50952,50956,11268,11272,4,df3f619804a92fdb4057192dc43dd748ea778adc52bc498ce80524c014b81119,00000000,,,,,False,,,,,,,,,,False,False
/application/zukanlist/zkn_data/zukan_enc_diamond.narc,/application/zukanlist/zkn_data/zukan_enc_diamond.narc!/member_01747,0,/application/zukanlist/zkn_data/zukan_enc_diamond.narc,91,1747,,50956,50960,11272,11276,4,df3f619804a92fdb4057192dc43dd748ea778adc52bc498ce80524c014b81119,00000000,,,,,False,,,,,,,,,,False,False
/application/zukanlist/zkn_data/zukan_enc_diamond.narc,/application/zukanlist/zkn_data/zukan_enc_diamond.narc!/member_01748,0,/application/zukanlist/zkn_data/zukan_enc_diamond.narc,91,1748,,50960,50964,11276,11280,4,df3f619804a92fdb4057192dc43dd748ea778adc52bc498ce80524c014b81119,00000000,,,,,False,,,,,,,,,,False,False
/application/zukanlist/zkn_data/zukan_enc_diamond.narc,/application/zukanlist/zkn_data/zukan_enc_diamond.narc!/member_01749,0,/application/zukanlist/zkn_data/zukan_enc_diamond.narc,91,1749,,50964,50968,11280,11284,4,df3f619804a92fdb4057192dc43dd748ea778adc52bc498ce80524c014b81119,00000000,,,,,False,,,,,,,,,,False,False
/application/zukanlist/zkn_data/zukan_enc_diamond.narc,/application/zukanlist/zkn_data/zukan_enc_diamond.narc!/member_01750,0,/application/zukanlist/zkn_data/zukan_enc_diamond.narc,91,1750,,50968,50972,11284,11288,4,df3f619804a92fdb4057192dc43dd748ea778adc52bc498ce80524c014b81119,00000000,,,,,False,,,,,,,,,,False,False
/application/zukanlist/zkn_data/zukan_enc_diamond.narc,/application/zukanlist/zkn_data/zukan_enc_diamond.narc!/member_01751,0,/application/zukanlist/zkn_data/zukan_enc_diamond.narc,91,1751,,50972,50976,11288,11292,4,df3f619804a92fdb4057192dc43dd748ea778adc52bc498ce80524c014b81119,00000000,,,,,False,,,,,,,,,,False,False
/application/zukanlist/zkn_data/zukan_enc_diamond.narc,/application/zukanlist/zkn_data/zukan_enc_diamond.narc!/member_01752,0,/application/zukanlist/zkn_data/zukan_enc_diamond.narc,91,1752,,50976,50980,11292,11296,4,df3f619804a92fdb4057192dc43dd748ea778adc52bc498ce80524c014b81119,00000000,,,,,False,,,,,,,,,,False,False
/application/zukanlist/zkn_data/zukan_enc_diamond.narc,/application/zukanlist/zkn_data/zukan_enc_diamond.narc!/member_01753,0,/application/zukanlist/zkn_data/zukan_enc_diamond.narc,91,1753,,50980,50984,11296,11300,4,df3f619804a92fdb4057192dc43dd748ea778adc52bc498ce80524c014b81119,00000000,,,,,False,,,,,,,,,,False,False
/application/zukanlist/zkn_data/zukan_enc_diamond.narc,/application/zukanlist/zkn_data/zukan_enc_diamond.narc!/member_01754,0,/application/zukanlist/zkn_data/zukan_enc_diamond.narc,91,1754,,50984,50992,11300,11308,8,debcea1f166010e428df48387304e45c0bf7843a1fa7f1beb38f852228df789b,1500000000000000,,,,,False,,,,,,,,,,False,False
/application/zukanlist/zkn_data/zukan_enc_diamond.narc,/application/zukanlist/zkn_data/zukan_enc_diamond.narc!/member_01755,0,/application/zukanlist/zkn_data/zukan_enc_diamond.narc,91,1755,,50992,51000,11308,11316,8,debcea1f166010e428df48387304e45c0bf7843a1fa7f1beb38f852228df789b,1500000000000000,,,,,False,,,,,,,,,,False,False
/application/zukanlist/zkn_data/zukan_enc_diamond.narc,/application/zukanlist/zkn_data/zukan_enc_diamond.narc!/member_01756,0,/application/zukanlist/zkn_data/zukan_enc_diamond.narc,91,1756,,51000,51004,11316,11320,4,df3f619804a92fdb4057192dc43dd748ea778adc52bc498ce80524c014b81119,00000000,,,,,False,,,,,,,,,,False,False
/application/zukanlist/zkn_data/zukan_enc_diamond.narc,/application/zukanlist/zkn_data/zukan_enc_diamond.narc!/member_01757,0,/application/zukanlist/zkn_data/zukan_enc_diamond.narc,91,1757,,51004,51008,11320,11324,4,df3f619804a92fdb4057192dc43dd748ea778adc52bc498ce80524c014b81119,00000000,,,,,False,,,,,,,,,,False,False
/application/zukanlist/zkn_data/zukan_enc_diamond.narc,/application/zukanlist/zkn_data/zukan_enc_diamond.narc!/member_01758,0,/application/zukanlist/zkn_data/zukan_enc_diamond.narc,91,1758,,51008,51012,11324,11328,4,df3f619804a92fdb4057192dc43dd748ea778adc52bc498ce80524c014b81119,00000000,,,,,False,,,,,,,,,,False,False
/application/zukanlist/zkn_data/zukan_enc_diamond.narc,/application/zukanlist/zkn_data/zukan_enc_diamond.narc!/member_01759,0,/application/zukanlist/zkn_data/zukan_enc_diamond.narc,91,1759,,51012,51016,11328,11332,4,df3f619804a92fdb4057192dc43dd748ea778adc52bc498ce80524c014b81119,00000000,,,,,False,,,,,,,,,,False,False
/application/zukanlist/zkn_data/zukan_enc_diamond.narc,/application/zukanlist/zkn_data/zukan_enc_diamond.narc!/member_01760,0,/application/zukanlist/zkn_data/zukan_enc_diamond.narc,91,1760,,51016,51020,11332,11336,4,df3f619804a92fdb4057192dc43dd748ea778adc52bc498ce80524c014b81119,00000000,,,,,False,,,,,,,,,,False,False
/application/zukanlist/zkn_data/zukan_enc_diamond.narc,/application/zukanlist/zkn_data/zukan_enc_diamond.narc!/member_01761,0,/application/zukanlist/zkn_data/zukan_enc_diamond.narc,91,1761,,51020,51024,11336,11340,4,df3f619804a92fdb4057192dc43dd748ea778adc52bc498ce80524c014b81119,00000000,,,,,False,,,,,,,,,,False,False
/application/zukanlist/zkn_data/zukan_enc_diamond.narc,/application/zukanlist/zkn_data/zukan_enc_diamond.narc!/member_01762,0,/application/zukanlist/zkn_data/zukan_enc_diamond.narc,91,1762,,51024,51028,11340,11344,4,df3f619804a92fdb4057192dc43dd748ea778adc52bc498ce80524c014b81119,00000000,,,,,False,,,,,,,,,,False,False
/application/zukanlist/zkn_data/zukan_enc_diamond.narc,/application/zukanlist/zkn_data/zukan_enc_diamond.narc!/member_01763,0,/application/zukanlist/zkn_data/zukan_enc_diamond.narc,91,1763,,51028,51032,11344,11348,4,df3f619804a92fdb4057192dc43dd748ea778adc52bc498ce80524c014b81119,00000000,,,,,False,,,,,,,,,,False,False
/application/zukanlist/zkn_data/zukan_enc_diamond.narc,/application/zukanlist/zkn_data/zukan_enc_diamond.narc!/member_01764,0,/application/zukanlist/zkn_data/zukan_enc_diamond.narc,91,1764,,51032,51036,11348,11352,4,df3f619804a92fdb4057192dc43dd748ea778adc52bc498ce80524c014b81119,00000000,,,,,False,,,,,,,,,,False,False
/application/zukanlist/zkn_data/zukan_enc_diamond.narc,/application/zukanlist/zkn_data/zukan_enc_diamond.narc!/member_01765,0,/application/zukanlist/zkn_data/zukan_enc_diamond.narc,91,1765,,51036,51040,11352,11356,4,df3f619804a92fdb4057192dc43dd748ea778adc52bc498ce80524c014b81119,00000000,,,,,False,,,,,,,,,,False,False
/application/zukanlist/zkn_data/zukan_enc_diamond.narc,/application/zukanlist/zkn_data/zukan_enc_diamond.narc!/member_01766,0,/application/zukanlist/zkn_data/zukan_enc_diamond.narc,91,1766,,51040,51044,11356,11360,4,df3f619804a92fdb4057192dc43dd748ea778adc52bc498ce80524c014b81119,00000000,,,,,False,,,,,,,,,,False,False
/application/zukanlist/zkn_data/zukan_enc_diamond.narc,/application/zukanlist/zkn_data/zukan_enc_diamond.narc!/member_01767,0,/application/zukanlist/zkn_data/zukan_enc_diamond.narc,91,1767,,51044,51048,11360,11364,4,df3f619804a92fdb4057192dc43dd748ea778adc52bc498ce80524c014b81119,00000000,,,,,False,,,,,,,,,,False,False
/application/zukanlist/zkn_data/zukan_enc_diamond.narc,/application/zukanlist/zkn_data/zukan_enc_diamond.narc!/member_01768,0,/application/zukanlist/zkn_data/zukan_enc_diamond.narc,91,1768,,51048,51052,11364,11368,4,df3f619804a92fdb4057192dc43dd748ea778adc52bc498ce80524c014b81119,00000000,,,,,False,,,,,,,,,,False,False
/application/zukanlist/zkn_data/zukan_enc_diamond.narc,/application/zukanlist/zkn_data/zukan_enc_diamond.narc!/member_01769,0,/application/zukanlist/zkn_data/zukan_enc_diamond.narc,91,1769,,51052,51056,11368,11372,4,df3f619804a92fdb4057192dc43dd748ea778adc52bc498ce80524c014b81119,00000000,,,,,False,,,,,,,,,,False,False
/application/zukanlist/zkn_data/zukan_enc_diamond.narc,/application/zukanlist/zkn_data/zukan_enc_diamond.narc!/member_01770,0,/application/zukanlist/zkn_data/zukan_enc_diamond.narc,91,1770,,51056,51060,11372,11376,4,df3f619804a92fdb4057192dc43dd748ea778adc52bc498ce80524c014b81119,00000000,,,,,False,,,,,,,,,,False,False
/application/zukanlist/zkn_data/zukan_enc_diamond.narc,/application/zukanlist/zkn_data/zukan_enc_diamond.narc!/member_01771,0,/application/zukanlist/zkn_data/zukan_enc_diamond.narc,91,1771,,51060,51064,11376,11380,4,df3f619804a92fdb4057192dc43dd748ea778adc52bc498ce80524c014b81119,00000000,,,,,False,,,,,,,,,,False,False
/application/zukanlist/zkn_data/zukan_enc_diamond.narc,/application/zukanlist/zkn_data/zukan_enc_diamond.narc!/member_01772,0,/application/zukanlist/zkn_data/zukan_enc_diamond.narc,91,1772,,51064,51068,11380,11384,4,df3f619804a92fdb4057192dc43dd748ea778adc52bc498ce80524c014b81119,00000000,,,,,False,,,,,,,,,,False,False
/application/zukanlist/zkn_data/zukan_enc_diamond.narc,/application/zukanlist/zkn_data/zukan_enc_diamond.narc!/member_01773,0,/application/zukanlist/zkn_data/zukan_enc_diamond.narc,91,1773,,51068,51072,11384,11388,4,df3f619804a92fdb4057192dc43dd748ea778adc52bc498ce80524c014b81119,00000000,,,,,False,,,,,,,,,,False,False
/application/zukanlist/zkn_data/zukan_enc_diamond.narc,/application/zukanlist/zkn_data/zukan_enc_diamond.narc!/member_01774,0,/application/zukanlist/zkn_data/zukan_enc_diamond.narc,91,1774,,51072,51076,11388,11392,4,df3f619804a92fdb4057192dc43dd748ea778adc52bc498ce80524c014b81119,00000000,,,,,False,,,,,,,,,,False,False
/application/zukanlist/zkn_data/zukan_enc_diamond.narc,/application/zukanlist/zkn_data/zukan_enc_diamond.narc!/member_01775,0,/application/zukanlist/zkn_data/zukan_enc_diamond.narc,91,1775,,51076,51080,11392,11396,4,df3f619804a92fdb4057192dc43dd748ea778adc52bc498ce80524c014b81119,00000000,,,,,False,,,,,,,,,,False,False
/application/zukanlist/zkn_data/zukan_enc_diamond.narc,/application/zukanlist/zkn_data/zukan_enc_diamond.narc!/member_01776,0,/application/zukanlist/zkn_data/zukan_enc_diamond.narc,91,1776,,51080,51084,11396,11400,4,df3f619804a92fdb4057192dc43dd748ea778adc52bc498ce80524c014b81119,00000000,,,,,False,,,,,,,,,,False,False
/application/zukanlist/zkn_data/zukan_enc_diamond.narc,/application/zukanlist/zkn_data/zukan_enc_diamond.narc!/member_01777,0,/application/zukanlist/zkn_data/zukan_enc_diamond.narc,91,1777,,51084,51088,11400,11404,4,df3f619804a92fdb4057192dc43dd748ea778adc52bc498ce80524c014b81119,00000000,,,,,False,,,,,,,,,,False,False
/application/zukanlist/zkn_data/zukan_enc_diamond.narc,/application/zukanlist/zkn_data/zukan_enc_diamond.narc!/member_01778,0,/application/zukanlist/zkn_data/zukan_enc_diamond.narc,91,1778,,51088,51092,11404,11408,4,df3f619804a92fdb4057192dc43dd748ea778adc52bc498ce80524c014b81119,00000000,,,,,False,,,,,,,,,,False,False
/application/zukanlist/zkn_data/zukan_enc_diamond.narc,/application/zukanlist/zkn_data/zukan_enc_diamond.narc!/member_01779,0,/application/zukanlist/zkn_data/zukan_enc_diamond.narc,91,1779,,51092,51096,11408,11412,4,df3f619804a92fdb4057192dc43dd748ea778adc52bc498ce80524c014b81119,00000000,,,,,False,,,,,,,,,,False,False
/application/zukanlist/zkn_data/zukan_enc_diamond.narc,/application/zukanlist/zkn_data/zukan_enc_diamond.narc!/member_01780,0,/application/zukanlist/zkn_data/zukan_enc_diamond.narc,91,1780,,51096,51100,11412,11416,4,df3f619804a92fdb4057192dc43dd748ea778adc52bc498ce80524c014b81119,00000000,,,,,False,,,,,,,,,,False,False
/application/zukanlist/zkn_data/zukan_enc_diamond.narc,/application/zukanlist/zkn_data/zukan_enc_diamond.narc!/member_01781,0,/application/zukanlist/zkn_data/zukan_enc_diamond.narc,91,1781,,51100,51104,11416,11420,4,df3f619804a92fdb4057192dc43dd748ea778adc52bc498ce80524c014b81119,00000000,,,,,False,,,,,,,,,,False,False
/application/zukanlist/zkn_data/zukan_enc_diamond.narc,/application/zukanlist/zkn_data/zukan_enc_diamond.narc!/member_01782,0,/application/zukanlist/zkn_data/zukan_enc_diamond.narc,91,1782,,51104,51108,11420,11424,4,df3f619804a92fdb4057192dc43dd748ea778adc52bc498ce80524c014b81119,00000000,,,,,False,,,,,,,,,,False,False
/application/zukanlist/zkn_data/zukan_enc_diamond.narc,/application/zukanlist/zkn_data/zukan_enc_diamond.narc!/member_01783,0,/application/zukanlist/zkn_data/zukan_enc_diamond.narc,91,1783,,51108,51112,11424,11428,4,df3f619804a92fdb4057192dc43dd748ea778adc52bc498ce80524c014b81119,00000000,,,,,False,,,,,,,,,,False,False
/application/zukanlist/zkn_data/zukan_enc_diamond.narc,/application/zukanlist/zkn_data/zukan_enc_diamond.narc!/member_01784,0,/application/zukanlist/zkn_data/zukan_enc_diamond.narc,91,1784,,51112,51116,11428,11432,4,df3f619804a92fdb4057192dc43dd748ea778adc52bc498ce80524c014b81119,00000000,,,,,False,,,,,,,,,,False,False
/application/zukanlist/zkn_data/zukan_enc_diamond.narc,/application/zukanlist/zkn_data/zukan_enc_diamond.narc!/member_01785,0,/application/zukanlist/zkn_data/zukan_enc_diamond.narc,91,1785,,51116,51120,11432,11436,4,df3f619804a92fdb4057192dc43dd748ea778adc52bc498ce80524c014b81119,00000000,,,,,False,,,,,,,,,,False,False
/application/zukanlist/zkn_data/zukan_enc_diamond.narc,/application/zukanlist/zkn_data/zukan_enc_diamond.narc!/member_01786,0,/application/zukanlist/zkn_data/zukan_enc_diamond.narc,91,1786,,51120,51124,11436,11440,4,df3f619804a92fdb4057192dc43dd748ea778adc52bc498ce80524c014b81119,00000000,,,,,False,,,,,,,,,,False,False
/application/zukanlist/zkn_data/zukan_enc_diamond.narc,/application/zukanlist/zkn_data/zukan_enc_diamond.narc!/member_01787,0,/application/zukanlist/zkn_data/zukan_enc_diamond.narc,91,1787,,51124,51132,11440,11448,8,f0a0278e4372459cca6159cd5e71cfee638302a7b9ca9b05c34181ac0a65ac5d,0400000000000000,,,,,False,,,,,,,,,,False,False
/application/zukanlist/zkn_data/zukan_enc_diamond.narc,/application/zukanlist/zkn_data/zukan_enc_diamond.narc!/member_01788,0,/application/zukanlist/zkn_data/zukan_enc_diamond.narc,91,1788,,51132,51136,11448,11452,4,df3f619804a92fdb4057192dc43dd748ea778adc52bc498ce80524c014b81119,00000000,,,,,False,,,,,,,,,,False,False
/application/zukanlist/zkn_data/zukan_enc_diamond.narc,/application/zukanlist/zkn_data/zukan_enc_diamond.narc!/member_01789,0,/application/zukanlist/zkn_data/zukan_enc_diamond.narc,91,1789,,51136,51140,11452,11456,4,df3f619804a92fdb4057192dc43dd748ea778adc52bc498ce80524c014b81119,00000000,,,,,False,,,,,,,,,,False,False
/application/zukanlist/zkn_data/zukan_enc_diamond.narc,/application/zukanlist/zkn_data/zukan_enc_diamond.narc!/member_01790,0,/application/zukanlist/zkn_data/zukan_enc_diamond.narc,91,1790,,51140,51144,11456,11460,4,df3f619804a92fdb4057192dc43dd748ea778adc52bc498ce80524c014b81119,00000000,,,,,False,,,,,,,,,,False,False
/application/zukanlist/zkn_data/zukan_enc_diamond.narc,/application/zukanlist/zkn_data/zukan_enc_diamond.narc!/member_01791,0,/application/zukanlist/zkn_data/zukan_enc_diamond.narc,91,1791,,51144,51148,11460,11464,4,df3f619804a92fdb4057192dc43dd748ea778adc52bc498ce80524c014b81119,00000000,,,,,False,,,,,,,,,,False,False
/application/zukanlist/zkn_data/zukan_enc_diamond.narc,/application/zukanlist/zkn_data/zukan_enc_diamond.narc!/member_01792,0,/application/zukanlist/zkn_data/zukan_enc_diamond.narc,91,1792,,51148,51152,11464,11468,4,df3f619804a92fdb4057192dc43dd748ea778adc52bc498ce80524c014b81119,00000000,,,,,False,,,,,,,,,,False,False
/application/zukanlist/zkn_data/zukan_enc_diamond.narc,/application/zukanlist/zkn_data/zukan_enc_diamond.narc!/member_01793,0,/application/zukanlist/zkn_data/zukan_enc_diamond.narc,91,1793,,51152,51156,11468,11472,4,df3f619804a92fdb4057192dc43dd748ea778adc52bc498ce80524c014b81119,00000000,,,,,False,,,,,,,,,,False,False
/application/zukanlist/zkn_data/zukan_enc_diamond.narc,/application/zukanlist/zkn_data/zukan_enc_diamond.narc!/member_01794,0,/application/zukanlist/zkn_data/zukan_enc_diamond.narc,91,1794,,51156,51160,11472,11476,4,df3f619804a92fdb4057192dc43dd748ea778adc52bc498ce80524c014b81119,00000000,,,,,False,,,,,,,,,,False,False
/application/zukanlist/zkn_data/zukan_enc_diamond.narc,/application/zukanlist/zkn_data/zukan_enc_diamond.narc!/member_01795,0,/application/zukanlist/zkn_data/zukan_enc_diamond.narc,91,1795,,51160,51164,11476,11480,4,df3f619804a92fdb4057192dc43dd748ea778adc52bc498ce80524c014b81119,00000000,,,,,False,,,,,,,,,,False,False
/application/zukanlist/zkn_data/zukan_enc_diamond.narc,/application/zukanlist/zkn_data/zukan_enc_diamond.narc!/member_01796,0,/application/zukanlist/zkn_data/zukan_enc_diamond.narc,91,1796,,51164,51168,11480,11484,4,df3f619804a92fdb4057192dc43dd748ea778adc52bc498ce80524c014b81119,00000000,,,,,False,,,,,,,,,,False,False
/application/zukanlist/zkn_data/zukan_enc_diamond.narc,/application/zukanlist/zkn_data/zukan_enc_diamond.narc!/member_01797,0,/application/zukanlist/zkn_data/zukan_enc_diamond.narc,91,1797,,51168,51172,11484,11488,4,df3f619804a92fdb4057192dc43dd748ea778adc52bc498ce80524c014b81119,00000000,,,,,False,,,,,,,,,,False,False
/application/zukanlist/zkn_data/zukan_enc_diamond.narc,/application/zukanlist/zkn_data/zukan_enc_diamond.narc!/member_01798,0,/application/zukanlist/zkn_data/zukan_enc_diamond.narc,91,1798,,51172,51176,11488,11492,4,df3f619804a92fdb4057192dc43dd748ea778adc52bc498ce80524c014b81119,00000000,,,,,False,,,,,,,,,,False,False
/application/zukanlist/zkn_data/zukan_enc_diamond.narc,/application/zukanlist/zkn_data/zukan_enc_diamond.narc!/member_01799,0,/application/zukanlist/zkn_data/zukan_enc_diamond.narc,91,1799,,51176,51180,11492,11496,4,df3f619804a92fdb4057192dc43dd748ea778adc52bc498ce80524c014b81119,00000000,,,,,False,,,,,,,,,,False,False
/application/zukanlist/zkn_data/zukan_enc_diamond.narc,/application/zukanlist/zkn_data/zukan_enc_diamond.narc!/member_01800,0,/application/zukanlist/zkn_data/zukan_enc_diamond.narc,91,1800,,51180,51184,11496,11500,4,df3f619804a92fdb4057192dc43dd748ea778adc52bc498ce80524c014b81119,00000000,,,,,False,,,,,,,,,,False,False
/application/zukanlist/zkn_data/zukan_enc_diamond.narc,/application/zukanlist/zkn_data/zukan_enc_diamond.narc!/member_01801,0,/application/zukanlist/zkn_data/zukan_enc_diamond.narc,91,1801,,51184,51188,11500,11504,4,df3f619804a92fdb4057192dc43dd748ea778adc52bc498ce80524c014b81119,00000000,,,,,False,,,,,,,,,,False,False
/application/zukanlist/zkn_data/zukan_enc_diamond.narc,/application/zukanlist/zkn_data/zukan_enc_diamond.narc!/member_01802,0,/application/zukanlist/zkn_data/zukan_enc_diamond.narc,91,1802,,51188,51192,11504,11508,4,df3f619804a92fdb4057192dc43dd748ea778adc52bc498ce80524c014b81119,00000000,,,,,False,,,,,,,,,,False,False
/application/zukanlist/zkn_data/zukan_enc_diamond.narc,/application/zukanlist/zkn_data/zukan_enc_diamond.narc!/member_01803,0,/application/zukanlist/zkn_data/zukan_enc_diamond.narc,91,1803,,51192,51196,11508,11512,4,df3f619804a92fdb4057192dc43dd748ea778adc52bc498ce80524c014b81119,00000000,,,,,False,,,,,,,,,,False,False
/application/zukanlist/zkn_data/zukan_enc_diamond.narc,/application/zukanlist/zkn_data/zukan_enc_diamond.narc!/member_01804,0,/application/zukanlist/zkn_data/zukan_enc_diamond.narc,91,1804,,51196,51204,11512,11520,8,f0a0278e4372459cca6159cd5e71cfee638302a7b9ca9b05c34181ac0a65ac5d,0400000000000000,,,,,False,,,,,,,,,,False,False
/application/zukanlist/zkn_data/zukan_enc_diamond.narc,/application/zukanlist/zkn_data/zukan_enc_diamond.narc!/member_01805,0,/application/zukanlist/zkn_data/zukan_enc_diamond.narc,91,1805,,51204,51208,11520,11524,4,df3f619804a92fdb4057192dc43dd748ea778adc52bc498ce80524c014b81119,00000000,,,,,False,,,,,,,,,,False,False
/application/zukanlist/zkn_data/zukan_enc_diamond.narc,/application/zukanlist/zkn_data/zukan_enc_diamond.narc!/member_01806,0,/application/zukanlist/zkn_data/zukan_enc_diamond.narc,91,1806,,51208,51212,11524,11528,4,df3f619804a92fdb4057192dc43dd748ea778adc52bc498ce80524c014b81119,00000000,,,,,False,,,,,,,,,,False,False
/application/zukanlist/zkn_data/zukan_enc_diamond.narc,/application/zukanlist/zkn_data/zukan_enc_diamond.narc!/member_01807,0,/application/zukanlist/zkn_data/zukan_enc_diamond.narc,91,1807,,51212,51216,11528,11532,4,df3f619804a92fdb4057192dc43dd748ea778adc52bc498ce80524c014b81119,00000000,,,,,False,,,,,,,,,,False,False
/application/zukanlist/zkn_data/zukan_enc_diamond.narc,/application/zukanlist/zkn_data/zukan_enc_diamond.narc!/member_01808,0,/application/zukanlist/zkn_data/zukan_enc_diamond.narc,91,1808,,51216,51220,11532,11536,4,df3f619804a92fdb4057192dc43dd748ea778adc52bc498ce80524c014b81119,00000000,,,,,False,,,,,,,,,,False,False
/application/zukanlist/zkn_data/zukan_enc_diamond.narc,/application/zukanlist/zkn_data/zukan_enc_diamond.narc!/member_01809,0,/application/zukanlist/zkn_data/zukan_enc_diamond.narc,91,1809,,51220,51224,11536,11540,4,df3f619804a92fdb4057192dc43dd748ea778adc52bc498ce80524c014b81119,00000000,,,,,False,,,,,,,,,,False,False
/application/zukanlist/zkn_data/zukan_enc_diamond.narc,/application/zukanlist/zkn_data/zukan_enc_diamond.narc!/member_01810,0,/application/zukanlist/zkn_data/zukan_enc_diamond.narc,91,1810,,51224,51228,11540,11544,4,df3f619804a92fdb4057192dc43dd748ea778adc52bc498ce80524c014b81119,00000000,,,,,False,,,,,,,,,,False,False
/application/zukanlist/zkn_data/zukan_enc_diamond.narc,/application/zukanlist/zkn_data/zukan_enc_diamond.narc!/member_01811,0,/application/zukanlist/zkn_data/zukan_enc_diamond.narc,91,1811,,51228,51232,11544,11548,4,df3f619804a92fdb4057192dc43dd748ea778adc52bc498ce80524c014b81119,00000000,,,,,False,,,,,,,,,,False,False
/application/zukanlist/zkn_data/zukan_enc_diamond.narc,/application/zukanlist/zkn_data/zukan_enc_diamond.narc!/member_01812,0,/application/zukanlist/zkn_data/zukan_enc_diamond.narc,91,1812,,51232,51236,11548,11552,4,df3f619804a92fdb4057192dc43dd748ea778adc52bc498ce80524c014b81119,00000000,,,,,False,,,,,,,,,,False,False
/application/zukanlist/zkn_data/zukan_enc_diamond.narc,/application/zukanlist/zkn_data/zukan_enc_diamond.narc!/member_01813,0,/application/zukanlist/zkn_data/zukan_enc_diamond.narc,91,1813,,51236,51240,11552,11556,4,df3f619804a92fdb4057192dc43dd748ea778adc52bc498ce80524c014b81119,00000000,,,,,False,,,,,,,,,,False,False
/application/zukanlist/zkn_data/zukan_enc_diamond.narc,/application/zukanlist/zkn_data/zukan_enc_diamond.narc!/member_01814,0,/application/zukanlist/zkn_data/zukan_enc_diamond.narc,91,1814,,51240,51244,11556,11560,4,df3f619804a92fdb4057192dc43dd748ea778adc52bc498ce80524c014b81119,00000000,,,,,False,,,,,,,,,,False,False
/application/zukanlist/zkn_data/zukan_enc_diamond.narc,/application/zukanlist/zkn_data/zukan_enc_diamond.narc!/member_01815,0,/application/zukanlist/zkn_data/zukan_enc_diamond.narc,91,1815,,51244,51248,11560,11564,4,df3f619804a92fdb4057192dc43dd748ea778adc52bc498ce80524c014b81119,00000000,,,,,False,,,,,,,,,,False,False
/application/zukanlist/zkn_data/zukan_enc_diamond.narc,/application/zukanlist/zkn_data/zukan_enc_diamond.narc!/member_01816,0,/application/zukanlist/zkn_data/zukan_enc_diamond.narc,91,1816,,51248,51252,11564,11568,4,df3f619804a92fdb4057192dc43dd748ea778adc52bc498ce80524c014b81119,00000000,,,,,False,,,,,,,,,,False,False
/application/zukanlist/zkn_data/zukan_enc_diamond.narc,/application/zukanlist/zkn_data/zukan_enc_diamond.narc!/member_01817,0,/application/zukanlist/zkn_data/zukan_enc_diamond.narc,91,1817,,51252,51256,11568,11572,4,df3f619804a92fdb4057192dc43dd748ea778adc52bc498ce80524c014b81119,00000000,,,,,False,,,,,,,,,,False,False
/application/zukanlist/zkn_data/zukan_enc_diamond.narc,/application/zukanlist/zkn_data/zukan_enc_diamond.narc!/member_01818,0,/application/zukanlist/zkn_data/zukan_enc_diamond.narc,91,1818,,51256,51260,11572,11576,4,df3f619804a92fdb4057192dc43dd748ea778adc52bc498ce80524c014b81119,00000000,,,,,False,,,,,,,,,,False,False
/application/zukanlist/zkn_data/zukan_enc_diamond.narc,/application/zukanlist/zkn_data/zukan_enc_diamond.narc!/member_01819,0,/application/zukanlist/zkn_data/zukan_enc_diamond.narc,91,1819,,51260,51264,11576,11580,4,df3f619804a92fdb4057192dc43dd748ea778adc52bc498ce80524c014b81119,00000000,,,,,False,,,,,,,,,,False,False
/application/zukanlist/zkn_data/zukan_enc_diamond.narc,/application/zukanlist/zkn_data/zukan_enc_diamond.narc!/member_01820,0,/application/zukanlist/zkn_data/zukan_enc_diamond.narc,91,1820,,51264,51268,11580,11584,4,df3f619804a92fdb4057192dc43dd748ea778adc52bc498ce80524c014b81119,00000000,,,,,False,,,,,,,,,,False,False
/application/zukanlist/zkn_data/zukan_enc_diamond.narc,/application/zukanlist/zkn_data/zukan_enc_diamond.narc!/member_01821,0,/application/zukanlist/zkn_data/zukan_enc_diamond.narc,91,1821,,51268,51272,11584,11588,4,df3f619804a92fdb4057192dc43dd748ea778adc52bc498ce80524c014b81119,00000000,,,,,False,,,,,,,,,,False,False
/application/zukanlist/zkn_data/zukan_enc_diamond.narc,/application/zukanlist/zkn_data/zukan_enc_diamond.narc!/member_01822,0,/application/zukanlist/zkn_data/zukan_enc_diamond.narc,91,1822,,51272,51276,11588,11592,4,df3f619804a92fdb4057192dc43dd748ea778adc52bc498ce80524c014b81119,00000000,,,,,False,,,,,,,,,,False,False
/application/zukanlist/zkn_data/zukan_enc_diamond.narc,/application/zukanlist/zkn_data/zukan_enc_diamond.narc!/member_01823,0,/application/zukanlist/zkn_data/zukan_enc_diamond.narc,91,1823,,51276,51280,11592,11596,4,df3f619804a92fdb4057192dc43dd748ea778adc52bc498ce80524c014b81119,00000000,,,,,False,,,,,,,,,,False,False
/application/zukanlist/zkn_data/zukan_enc_diamond.narc,/application/zukanlist/zkn_data/zukan_enc_diamond.narc!/member_01824,0,/application/zukanlist/zkn_data/zukan_enc_diamond.narc,91,1824,,51280,51284,11596,11600,4,df3f619804a92fdb4057192dc43dd748ea778adc52bc498ce80524c014b81119,00000000,,,,,False,,,,,,,,,,False,False
/application/zukanlist/zkn_data/zukan_enc_diamond.narc,/application/zukanlist/zkn_data/zukan_enc_diamond.narc!/member_01825,0,/application/zukanlist/zkn_data/zukan_enc_diamond.narc,91,1825,,51284,51288,11600,11604,4,df3f619804a92fdb4057192dc43dd748ea778adc52bc498ce80524c014b81119,00000000,,,,,False,,,,,,,,,,False,False
/application/zukanlist/zkn_data/zukan_enc_diamond.narc,/application/zukanlist/zkn_data/zukan_enc_diamond.narc!/member_01826,0,/application/zukanlist/zkn_data/zukan_enc_diamond.narc,91,1826,,51288,51292,11604,11608,4,df3f619804a92fdb4057192dc43dd748ea778adc52bc498ce80524c014b81119,00000000,,,,,False,,,,,,,,,,False,False
/application/zukanlist/zkn_data/zukan_enc_diamond.narc,/application/zukanlist/zkn_data/zukan_enc_diamond.narc!/member_01827,0,/application/zukanlist/zkn_data/zukan_enc_diamond.narc,91,1827,,51292,51296,11608,11612,4,df3f619804a92fdb4057192dc43dd748ea778adc52bc498ce80524c014b81119,00000000,,,,,False,,,,,,,,,,False,False
/application/zukanlist/zkn_data/zukan_enc_diamond.narc,/application/zukanlist/zkn_data/zukan_enc_diamond.narc!/member_01828,0,/application/zukanlist/zkn_data/zukan_enc_diamond.narc,91,1828,,51296,51300,11612,11616,4,df3f619804a92fdb4057192dc43dd748ea778adc52bc498ce80524c014b81119,00000000,,,,,False,,,,,,,,,,False,False
/application/zukanlist/zkn_data/zukan_enc_diamond.narc,/application/zukanlist/zkn_data/zukan_enc_diamond.narc!/member_01829,0,/application/zukanlist/zkn_data/zukan_enc_diamond.narc,91,1829,,51300,51304,11616,11620,4,df3f619804a92fdb4057192dc43dd748ea778adc52bc498ce80524c014b81119,00000000,,,,,False,,,,,,,,,,False,False
/application/zukanlist/zkn_data/zukan_enc_diamond.narc,/application/zukanlist/zkn_data/zukan_enc_diamond.narc!/member_01830,0,/application/zukanlist/zkn_data/zukan_enc_diamond.narc,91,1830,,51304,51308,11620,11624,4,df3f619804a92fdb4057192dc43dd748ea778adc52bc498ce80524c014b81119,00000000,,,,,False,,,,,,,,,,False,False
/application/zukanlist/zkn_data/zukan_enc_diamond.narc,/application/zukanlist/zkn_data/zukan_enc_diamond.narc!/member_01831,0,/application/zukanlist/zkn_data/zukan_enc_diamond.narc,91,1831,,51308,51312,11624,11628,4,df3f619804a92fdb4057192dc43dd748ea778adc52bc498ce80524c014b81119,00000000,,,,,False,,,,,,,,,,False,False
/application/zukanlist/zkn_data/zukan_enc_diamond.narc,/application/zukanlist/zkn_data/zukan_enc_diamond.narc!/member_01832,0,/application/zukanlist/zkn_data/zukan_enc_diamond.narc,91,1832,,51312,51316,11628,11632,4,df3f619804a92fdb4057192dc43dd748ea778adc52bc498ce80524c014b81119,00000000,,,,,False,,,,,,,,,,False,False
/application/zukanlist/zkn_data/zukan_enc_diamond.narc,/application/zukanlist/zkn_data/zukan_enc_diamond.narc!/member_01833,0,/application/zukanlist/zkn_data/zukan_enc_diamond.narc,91,1833,,51316,51320,11632,11636,4,df3f619804a92fdb4057192dc43dd748ea778adc52bc498ce80524c014b81119,00000000,,,,,False,,,,,,,,,,False,False
/application/zukanlist/zkn_data/zukan_enc_diamond.narc,/application/zukanlist/zkn_data/zukan_enc_diamond.narc!/member_01834,0,/application/zukanlist/zkn_data/zukan_enc_diamond.narc,91,1834,,51320,51324,11636,11640,4,df3f619804a92fdb4057192dc43dd748ea778adc52bc498ce80524c014b81119,00000000,,,,,False,,,,,,,,,,False,False
/application/zukanlist/zkn_data/zukan_enc_diamond.narc,/application/zukanlist/zkn_data/zukan_enc_diamond.narc!/member_01835,0,/application/zukanlist/zkn_data/zukan_enc_diamond.narc,91,1835,,51324,51328,11640,11644,4,df3f619804a92fdb4057192dc43dd748ea778adc52bc498ce80524c014b81119,00000000,,,,,False,,,,,,,,,,False,False
/application/zukanlist/zkn_data/zukan_enc_diamond.narc,/application/zukanlist/zkn_data/zukan_enc_diamond.narc!/member_01836,0,/application/zukanlist/zkn_data/zukan_enc_diamond.narc,91,1836,,51328,51332,11644,11648,4,df3f619804a92fdb4057192dc43dd748ea778adc52bc498ce80524c014b81119,00000000,,,,,False,,,,,,,,,,False,False
/application/zukanlist/zkn_data/zukan_enc_diamond.narc,/application/zukanlist/zkn_data/zukan_enc_diamond.narc!/member_01837,0,/application/zukanlist/zkn_data/zukan_enc_diamond.narc,91,1837,,51332,51336,11648,11652,4,df3f619804a92fdb4057192dc43dd748ea778adc52bc498ce80524c014b81119,00000000,,,,,False,,,,,,,,,,False,False
/application/zukanlist/zkn_data/zukan_enc_diamond.narc,/application/zukanlist/zkn_data/zukan_enc_diamond.narc!/member_01838,0,/application/zukanlist/zkn_data/zukan_enc_diamond.narc,91,1838,,51336,51344,11652,11660,8,35be322d094f9d154a8aba4733b8497f180353bd7ae7b0a15f90b586b549f28b,0300000000000000,,,,,False,,,,,,,,,,False,False
/application/zukanlist/zkn_data/zukan_enc_diamond.narc,/application/zukanlist/zkn_data/zukan_enc_diamond.narc!/member_01839,0,/application/zukanlist/zkn_data/zukan_enc_diamond.narc,91,1839,,51344,51348,11660,11664,4,df3f619804a92fdb4057192dc43dd748ea778adc52bc498ce80524c014b81119,00000000,,,,,False,,,,,,,,,,False,False
/application/zukanlist/zkn_data/zukan_enc_diamond.narc,/application/zukanlist/zkn_data/zukan_enc_diamond.narc!/member_01840,0,/application/zukanlist/zkn_data/zukan_enc_diamond.narc,91,1840,,51348,51352,11664,11668,4,df3f619804a92fdb4057192dc43dd748ea778adc52bc498ce80524c014b81119,00000000,,,,,False,,,,,,,,,,False,False
/application/zukanlist/zkn_data/zukan_enc_diamond.narc,/application/zukanlist/zkn_data/zukan_enc_diamond.narc!/member_01841,0,/application/zukanlist/zkn_data/zukan_enc_diamond.narc,91,1841,,51352,51356,11668,11672,4,df3f619804a92fdb4057192dc43dd748ea778adc52bc498ce80524c014b81119,00000000,,,,,False,,,,,,,,,,False,False
/application/zukanlist/zkn_data/zukan_enc_diamond.narc,/application/zukanlist/zkn_data/zukan_enc_diamond.narc!/member_01842,0,/application/zukanlist/zkn_data/zukan_enc_diamond.narc,91,1842,,51356,51360,11672,11676,4,df3f619804a92fdb4057192dc43dd748ea778adc52bc498ce80524c014b81119,00000000,,,,,False,,,,,,,,,,False,False
/application/zukanlist/zkn_data/zukan_enc_diamond.narc,/application/zukanlist/zkn_data/zukan_enc_diamond.narc!/member_01843,0,/application/zukanlist/zkn_data/zukan_enc_diamond.narc,91,1843,,51360,51364,11676,11680,4,df3f619804a92fdb4057192dc43dd748ea778adc52bc498ce80524c014b81119,00000000,,,,,False,,,,,,,,,,False,False
/application/zukanlist/zkn_data/zukan_enc_diamond.narc,/application/zukanlist/zkn_data/zukan_enc_diamond.narc!/member_01844,0,/application/zukanlist/zkn_data/zukan_enc_diamond.narc,91,1844,,51364,51368,11680,11684,4,df3f619804a92fdb4057192dc43dd748ea778adc52bc498ce80524c014b81119,00000000,,,,,False,,,,,,,,,,False,False
/application/zukanlist/zkn_data/zukan_enc_diamond.narc,/application/zukanlist/zkn_data/zukan_enc_diamond.narc!/member_01845,0,/application/zukanlist/zkn_data/zukan_enc_diamond.narc,91,1845,,51368,51372,11684,11688,4,df3f619804a92fdb4057192dc43dd748ea778adc52bc498ce80524c014b81119,00000000,,,,,False,,,,,,,,,,False,False
/application/zukanlist/zkn_data/zukan_enc_diamond.narc,/application/zukanlist/zkn_data/zukan_enc_diamond.narc!/member_01846,0,/application/zukanlist/zkn_data/zukan_enc_diamond.narc,91,1846,,51372,51376,11688,11692,4,df3f619804a92fdb4057192dc43dd748ea778adc52bc498ce80524c014b81119,00000000,,,,,False,,,,,,,,,,False,False
/application/zukanlist/zkn_data/zukan_enc_diamond.narc,/application/zukanlist/zkn_data/zukan_enc_diamond.narc!/member_01847,0,/application/zukanlist/zkn_data/zukan_enc_diamond.narc,91,1847,,51376,51380,11692,11696,4,df3f619804a92fdb4057192dc43dd748ea778adc52bc498ce80524c014b81119,00000000,,,,,False,,,,,,,,,,False,False
/application/zukanlist/zkn_data/zukan_enc_diamond.narc,/application/zukanlist/zkn_data/zukan_enc_diamond.narc!/member_01848,0,/application/zukanlist/zkn_data/zukan_enc_diamond.narc,91,1848,,51380,51384,11696,11700,4,df3f619804a92fdb4057192dc43dd748ea778adc52bc498ce80524c014b81119,00000000,,,,,False,,,,,,,,,,False,False
/application/zukanlist/zkn_data/zukan_enc_diamond.narc,/application/zukanlist/zkn_data/zukan_enc_diamond.narc!/member_01849,0,/application/zukanlist/zkn_data/zukan_enc_diamond.narc,91,1849,,51384,51388,11700,11704,4,df3f619804a92fdb4057192dc43dd748ea778adc52bc498ce80524c014b81119,00000000,,,,,False,,,,,,,,,,False,False
/application/zukanlist/zkn_data/zukan_enc_diamond.narc,/application/zukanlist/zkn_data/zukan_enc_diamond.narc!/member_01850,0,/application/zukanlist/zkn_data/zukan_enc_diamond.narc,91,1850,,51388,51392,11704,11708,4,df3f619804a92fdb4057192dc43dd748ea778adc52bc498ce80524c014b81119,00000000,,,,,False,,,,,,,,,,False,False
/application/zukanlist/zkn_data/zukan_enc_diamond.narc,/application/zukanlist/zkn_data/zukan_enc_diamond.narc!/member_01851,0,/application/zukanlist/zkn_data/zukan_enc_diamond.narc,91,1851,,51392,51396,11708,11712,4,df3f619804a92fdb4057192dc43dd748ea778adc52bc498ce80524c014b81119,00000000,,,,,False,,,,,,,,,,False,False
/application/zukanlist/zkn_data/zukan_enc_diamond.narc,/application/zukanlist/zkn_data/zukan_enc_diamond.narc!/member_01852,0,/application/zukanlist/zkn_data/zukan_enc_diamond.narc,91,1852,,51396,51400,11712,11716,4,df3f619804a92fdb4057192dc43dd748ea778adc52bc498ce80524c014b81119,00000000,,,,,False,,,,,,,,,,False,False
/application/zukanlist/zkn_data/zukan_enc_diamond.narc,/application/zukanlist/zkn_data/zukan_enc_diamond.narc!/member_01853,0,/application/zukanlist/zkn_data/zukan_enc_diamond.narc,91,1853,,51400,51404,11716,11720,4,df3f619804a92fdb4057192dc43dd748ea778adc52bc498ce80524c014b81119,00000000,,,,,False,,,,,,,,,,False,False
/application/zukanlist/zkn_data/zukan_enc_diamond.narc,/application/zukanlist/zkn_data/zukan_enc_diamond.narc!/member_01854,0,/application/zukanlist/zkn_data/zukan_enc_diamond.narc,91,1854,,51404,51408,11720,11724,4,df3f619804a92fdb4057192dc43dd748ea778adc52bc498ce80524c014b81119,00000000,,,,,False,,,,,,,,,,False,False
/application/zukanlist/zkn_data/zukan_enc_diamond.narc,/application/zukanlist/zkn_data/zukan_enc_diamond.narc!/member_01855,0,/application/zukanlist/zkn_data/zukan_enc_diamond.narc,91,1855,,51408,51412,11724,11728,4,df3f619804a92fdb4057192dc43dd748ea778adc52bc498ce80524c014b81119,00000000,,,,,False,,,,,,,,,,False,False
/application/zukanlist/zkn_data/zukan_enc_diamond.narc,/application/zukanlist/zkn_data/zukan_enc_diamond.narc!/member_01856,0,/application/zukanlist/zkn_data/zukan_enc_diamond.narc,91,1856,,51412,51416,11728,11732,4,df3f619804a92fdb4057192dc43dd748ea778adc52bc498ce80524c014b81119,00000000,,,,,False,,,,,,,,,,False,False
/application/zukanlist/zkn_data/zukan_enc_diamond.narc,/application/zukanlist/zkn_data/zukan_enc_diamond.narc!/member_01857,0,/application/zukanlist/zkn_data/zukan_enc_diamond.narc,91,1857,,51416,51420,11732,11736,4,df3f619804a92fdb4057192dc43dd748ea778adc52bc498ce80524c014b81119,00000000,,,,,False,,,,,,,,,,False,False
/application/zukanlist/zkn_data/zukan_enc_diamond.narc,/application/zukanlist/zkn_data/zukan_enc_diamond.narc!/member_01858,0,/application/zukanlist/zkn_data/zukan_enc_diamond.narc,91,1858,,51420,51424,11736,11740,4,df3f619804a92fdb4057192dc43dd748ea778adc52bc498ce80524c014b81119,00000000,,,,,False,,,,,,,,,,False,False
/application/zukanlist/zkn_data/zukan_enc_diamond.narc,/application/zukanlist/zkn_data/zukan_enc_diamond.narc!/member_01859,0,/application/zukanlist/zkn_data/zukan_enc_diamond.narc,91,1859,,51424,51428,11740,11744,4,df3f619804a92fdb4057192dc43dd748ea778adc52bc498ce80524c014b81119,00000000,,,,,False,,,,,,,,,,False,False
/application/zukanlist/zkn_data/zukan_enc_diamond.narc,/application/zukanlist/zkn_data/zukan_enc_diamond.narc!/member_01860,0,/application/zukanlist/zkn_data/zukan_enc_diamond.narc,91,1860,,51428,51432,11744,11748,4,df3f619804a92fdb4057192dc43dd748ea778adc52bc498ce80524c014b81119,00000000,,,,,False,,,,,,,,,,False,False
/application/zukanlist/zkn_data/zukan_enc_diamond.narc,/application/zukanlist/zkn_data/zukan_enc_diamond.narc!/member_01861,0,/application/zukanlist/zkn_data/zukan_enc_diamond.narc,91,1861,,51432,51436,11748,11752,4,df3f619804a92fdb4057192dc43dd748ea778adc52bc498ce80524c014b81119,00000000,,,,,False,,,,,,,,,,False,False
/application/zukanlist/zkn_data/zukan_enc_diamond.narc,/application/zukanlist/zkn_data/zukan_enc_diamond.narc!/member_01862,0,/application/zukanlist/zkn_data/zukan_enc_diamond.narc,91,1862,,51436,51440,11752,11756,4,df3f619804a92fdb4057192dc43dd748ea778adc52bc498ce80524c014b81119,00000000,,,,,False,,,,,,,,,,False,False
/application/zukanlist/zkn_data/zukan_enc_diamond.narc,/application/zukanlist/zkn_data/zukan_enc_diamond.narc!/member_01863,0,/application/zukanlist/zkn_data/zukan_enc_diamond.narc,91,1863,,51440,51444,11756,11760,4,df3f619804a92fdb4057192dc43dd748ea778adc52bc498ce80524c014b81119,00000000,,,,,False,,,,,,,,,,False,False
/application/zukanlist/zkn_data/zukan_enc_diamond.narc,/application/zukanlist/zkn_data/zukan_enc_diamond.narc!/member_01864,0,/application/zukanlist/zkn_data/zukan_enc_diamond.narc,91,1864,,51444,51448,11760,11764,4,df3f619804a92fdb4057192dc43dd748ea778adc52bc498ce80524c014b81119,00000000,,,,,False,,,,,,,,,,False,False
/application/zukanlist/zkn_data/zukan_enc_diamond.narc,/application/zukanlist/zkn_data/zukan_enc_diamond.narc!/member_01865,0,/application/zukanlist/zkn_data/zukan_enc_diamond.narc,91,1865,,51448,51452,11764,11768,4,df3f619804a92fdb4057192dc43dd748ea778adc52bc498ce80524c014b81119,00000000,,,,,False,,,,,,,,,,False,False
/application/zukanlist/zkn_data/zukan_enc_diamond.narc,/application/zukanlist/zkn_data/zukan_enc_diamond.narc!/member_01866,0,/application/zukanlist/zkn_data/zukan_enc_diamond.narc,91,1866,,51452,51456,11768,11772,4,df3f619804a92fdb4057192dc43dd748ea778adc52bc498ce80524c014b81119,00000000,,,,,False,,,,,,,,,,False,False
/application/zukanlist/zkn_data/zukan_enc_diamond.narc,/application/zukanlist/zkn_data/zukan_enc_diamond.narc!/member_01867,0,/application/zukanlist/zkn_data/zukan_enc_diamond.narc,91,1867,,51456,51460,11772,11776,4,df3f619804a92fdb4057192dc43dd748ea778adc52bc498ce80524c014b81119,00000000,,,,,False,,,,,,,,,,False,False
/application/zukanlist/zkn_data/zukan_enc_diamond.narc,/application/zukanlist/zkn_data/zukan_enc_diamond.narc!/member_01868,0,/application/zukanlist/zkn_data/zukan_enc_diamond.narc,91,1868,,51460,51464,11776,11780,4,df3f619804a92fdb4057192dc43dd748ea778adc52bc498ce80524c014b81119,00000000,,,,,False,,,,,,,,,,False,False
/application/zukanlist/zkn_data/zukan_enc_diamond.narc,/application/zukanlist/zkn_data/zukan_enc_diamond.narc!/member_01869,0,/application/zukanlist/zkn_data/zukan_enc_diamond.narc,91,1869,,51464,51468,11780,11784,4,df3f619804a92fdb4057192dc43dd748ea778adc52bc498ce80524c014b81119,00000000,,,,,False,,,,,,,,,,False,False
/application/zukanlist/zkn_data/zukan_enc_diamond.narc,/application/zukanlist/zkn_data/zukan_enc_diamond.narc!/member_01870,0,/application/zukanlist/zkn_data/zukan_enc_diamond.narc,91,1870,,51468,51472,11784,11788,4,df3f619804a92fdb4057192dc43dd748ea778adc52bc498ce80524c014b81119,00000000,,,,,False,,,,,,,,,,False,False
/application/zukanlist/zkn_data/zukan_enc_diamond.narc,/application/zukanlist/zkn_data/zukan_enc_diamond.narc!/member_01871,0,/application/zukanlist/zkn_data/zukan_enc_diamond.narc,91,1871,,51472,51476,11788,11792,4,df3f619804a92fdb4057192dc43dd748ea778adc52bc498ce80524c014b81119,00000000,,,,,False,,,,,,,,,,False,False
/application/zukanlist/zkn_data/zukan_enc_diamond.narc,/application/zukanlist/zkn_data/zukan_enc_diamond.narc!/member_01872,0,/application/zukanlist/zkn_data/zukan_enc_diamond.narc,91,1872,,51476,51480,11792,11796,4,df3f619804a92fdb4057192dc43dd748ea778adc52bc498ce80524c014b81119,00000000,,,,,False,,,,,,,,,,False,False
/application/zukanlist/zkn_data/zukan_enc_diamond.narc,/application/zukanlist/zkn_data/zukan_enc_diamond.narc!/member_01873,0,/application/zukanlist/zkn_data/zukan_enc_diamond.narc,91,1873,,51480,51484,11796,11800,4,df3f619804a92fdb4057192dc43dd748ea778adc52bc498ce80524c014b81119,00000000,,,,,False,,,,,,,,,,False,False
/application/zukanlist/zkn_data/zukan_enc_diamond.narc,/application/zukanlist/zkn_data/zukan_enc_diamond.narc!/member_01874,0,/application/zukanlist/zkn_data/zukan_enc_diamond.narc,91,1874,,51484,51488,11800,11804,4,df3f619804a92fdb4057192dc43dd748ea778adc52bc498ce80524c014b81119,00000000,,,,,False,,,,,,,,,,False,False
/application/zukanlist/zkn_data/zukan_enc_diamond.narc,/application/zukanlist/zkn_data/zukan_enc_diamond.narc!/member_01875,0,/application/zukanlist/zkn_data/zukan_enc_diamond.narc,91,1875,,51488,51492,11804,11808,4,df3f619804a92fdb4057192dc43dd748ea778adc52bc498ce80524c014b81119,00000000,,,,,False,,,,,,,,,,False,False
/application/zukanlist/zkn_data/zukan_enc_diamond.narc,/application/zukanlist/zkn_data/zukan_enc_diamond.narc!/member_01876,0,/application/zukanlist/zkn_data/zukan_enc_diamond.narc,91,1876,,51492,51496,11808,11812,4,df3f619804a92fdb4057192dc43dd748ea778adc52bc498ce80524c014b81119,00000000,,,,,False,,,,,,,,,,False,False
/application/zukanlist/zkn_data/zukan_enc_diamond.narc,/application/zukanlist/zkn_data/zukan_enc_diamond.narc!/member_01877,0,/application/zukanlist/zkn_data/zukan_enc_diamond.narc,91,1877,,51496,51500,11812,11816,4,df3f619804a92fdb4057192dc43dd748ea778adc52bc498ce80524c014b81119,00000000,,,,,False,,,,,,,,,,False,False
/application/zukanlist/zkn_data/zukan_enc_diamond.narc,/application/zukanlist/zkn_data/zukan_enc_diamond.narc!/member_01878,0,/application/zukanlist/zkn_data/zukan_enc_diamond.narc,91,1878,,51500,51504,11816,11820,4,df3f619804a92fdb4057192dc43dd748ea778adc52bc498ce80524c014b81119,00000000,,,,,False,,,,,,,,,,False,False
/application/zukanlist/zkn_data/zukan_enc_diamond.narc,/application/zukanlist/zkn_data/zukan_enc_diamond.narc!/member_01879,0,/application/zukanlist/zkn_data/zukan_enc_diamond.narc,91,1879,,51504,51508,11820,11824,4,df3f619804a92fdb4057192dc43dd748ea778adc52bc498ce80524c014b81119,00000000,,,,,False,,,,,,,,,,False,False
/application/zukanlist/zkn_data/zukan_enc_diamond.narc,/application/zukanlist/zkn_data/zukan_enc_diamond.narc!/member_01880,0,/application/zukanlist/zkn_data/zukan_enc_diamond.narc,91,1880,,51508,51512,11824,11828,4,df3f619804a92fdb4057192dc43dd748ea778adc52bc498ce80524c014b81119,00000000,,,,,False,,,,,,,,,,False,False
/application/zukanlist/zkn_data/zukan_enc_diamond.narc,/application/zukanlist/zkn_data/zukan_enc_diamond.narc!/member_01881,0,/application/zukanlist/zkn_data/zukan_enc_diamond.narc,91,1881,,51512,51516,11828,11832,4,df3f619804a92fdb4057192dc43dd748ea778adc52bc498ce80524c014b81119,00000000,,,,,False,,,,,,,,,,False,False
/application/zukanlist/zkn_data/zukan_enc_diamond.narc,/application/zukanlist/zkn_data/zukan_enc_diamond.narc!/member_01882,0,/application/zukanlist/zkn_data/zukan_enc_diamond.narc,91,1882,,51516,51520,11832,11836,4,df3f619804a92fdb4057192dc43dd748ea778adc52bc498ce80524c014b81119,00000000,,,,,False,,,,,,,,,,False,False
/application/zukanlist/zkn_data/zukan_enc_diamond.narc,/application/zukanlist/zkn_data/zukan_enc_diamond.narc!/member_01883,0,/application/zukanlist/zkn_data/zukan_enc_diamond.narc,91,1883,,51520,51524,11836,11840,4,df3f619804a92fdb4057192dc43dd748ea778adc52bc498ce80524c014b81119,00000000,,,,,False,,,,,,,,,,False,False
/application/zukanlist/zkn_data/zukan_enc_diamond.narc,/application/zukanlist/zkn_data/zukan_enc_diamond.narc!/member_01884,0,/application/zukanlist/zkn_data/zukan_enc_diamond.narc,91,1884,,51524,51528,11840,11844,4,df3f619804a92fdb4057192dc43dd748ea778adc52bc498ce80524c014b81119,00000000,,,,,False,,,,,,,,,,False,False
/application/zukanlist/zkn_data/zukan_enc_diamond.narc,/application/zukanlist/zkn_data/zukan_enc_diamond.narc!/member_01885,0,/application/zukanlist/zkn_data/zukan_enc_diamond.narc,91,1885,,51528,51532,11844,11848,4,df3f619804a92fdb4057192dc43dd748ea778adc52bc498ce80524c014b81119,00000000,,,,,False,,,,,,,,,,False,False
/application/zukanlist/zkn_data/zukan_enc_diamond.narc,/application/zukanlist/zkn_data/zukan_enc_diamond.narc!/member_01886,0,/application/zukanlist/zkn_data/zukan_enc_diamond.narc,91,1886,,51532,51540,11848,11856,8,f0a0278e4372459cca6159cd5e71cfee638302a7b9ca9b05c34181ac0a65ac5d,0400000000000000,,,,,False,,,,,,,,,,False,False
/application/zukanlist/zkn_data/zukan_enc_diamond.narc,/application/zukanlist/zkn_data/zukan_enc_diamond.narc!/member_01887,0,/application/zukanlist/zkn_data/zukan_enc_diamond.narc,91,1887,,51540,51544,11856,11860,4,df3f619804a92fdb4057192dc43dd748ea778adc52bc498ce80524c014b81119,00000000,,,,,False,,,,,,,,,,False,False
/application/zukanlist/zkn_data/zukan_enc_diamond.narc,/application/zukanlist/zkn_data/zukan_enc_diamond.narc!/member_01888,0,/application/zukanlist/zkn_data/zukan_enc_diamond.narc,91,1888,,51544,51552,11860,11868,8,f0a0278e4372459cca6159cd5e71cfee638302a7b9ca9b05c34181ac0a65ac5d,0400000000000000,,,,,False,,,,,,,,,,False,False
/application/zukanlist/zkn_data/zukan_enc_diamond.narc,/application/zukanlist/zkn_data/zukan_enc_diamond.narc!/member_01889,0,/application/zukanlist/zkn_data/zukan_enc_diamond.narc,91,1889,,51552,51560,11868,11876,8,f0a0278e4372459cca6159cd5e71cfee638302a7b9ca9b05c34181ac0a65ac5d,0400000000000000,,,,,False,,,,,,,,,,False,False
/application/zukanlist/zkn_data/zukan_enc_diamond.narc,/application/zukanlist/zkn_data/zukan_enc_diamond.narc!/member_01890,0,/application/zukanlist/zkn_data/zukan_enc_diamond.narc,91,1890,,51560,51564,11876,11880,4,df3f619804a92fdb4057192dc43dd748ea778adc52bc498ce80524c014b81119,00000000,,,,,False,,,,,,,,,,False,False
/application/zukanlist/zkn_data/zukan_enc_diamond.narc,/application/zukanlist/zkn_data/zukan_enc_diamond.narc!/member_01891,0,/application/zukanlist/zkn_data/zukan_enc_diamond.narc,91,1891,,51564,51568,11880,11884,4,df3f619804a92fdb4057192dc43dd748ea778adc52bc498ce80524c014b81119,00000000,,,,,False,,,,,,,,,,False,False
/application/zukanlist/zkn_data/zukan_enc_diamond.narc,/application/zukanlist/zkn_data/zukan_enc_diamond.narc!/member_01892,0,/application/zukanlist/zkn_data/zukan_enc_diamond.narc,91,1892,,51568,51572,11884,11888,4,df3f619804a92fdb4057192dc43dd748ea778adc52bc498ce80524c014b81119,00000000,,,,,False,,,,,,,,,,False,False
/application/zukanlist/zkn_data/zukan_enc_diamond.narc,/application/zukanlist/zkn_data/zukan_enc_diamond.narc!/member_01893,0,/application/zukanlist/zkn_data/zukan_enc_diamond.narc,91,1893,,51572,51576,11888,11892,4,df3f619804a92fdb4057192dc43dd748ea778adc52bc498ce80524c014b81119,00000000,,,,,False,,,,,,,,,,False,False
/application/zukanlist/zkn_data/zukan_enc_diamond.narc,/application/zukanlist/zkn_data/zukan_enc_diamond.narc!/member_01894,0,/application/zukanlist/zkn_data/zukan_enc_diamond.narc,91,1894,,51576,51580,11892,11896,4,df3f619804a92fdb4057192dc43dd748ea778adc52bc498ce80524c014b81119,00000000,,,,,False,,,,,,,,,,False,False
/application/zukanlist/zkn_data/zukan_enc_diamond.narc,/application/zukanlist/zkn_data/zukan_enc_diamond.narc!/member_01895,0,/application/zukanlist/zkn_data/zukan_enc_diamond.narc,91,1895,,51580,51584,11896,11900,4,df3f619804a92fdb4057192dc43dd748ea778adc52bc498ce80524c014b81119,00000000,,,,,False,,,,,,,,,,False,False
/application/zukanlist/zkn_data/zukan_enc_diamond.narc,/application/zukanlist/zkn_data/zukan_enc_diamond.narc!/member_01896,0,/application/zukanlist/zkn_data/zukan_enc_diamond.narc,91,1896,,51584,51588,11900,11904,4,df3f619804a92fdb4057192dc43dd748ea778adc52bc498ce80524c014b81119,00000000,,,,,False,,,,,,,,,,False,False
/application/zukanlist/zkn_data/zukan_enc_diamond.narc,/application/zukanlist/zkn_data/zukan_enc_diamond.narc!/member_01897,0,/application/zukanlist/zkn_data/zukan_enc_diamond.narc,91,1897,,51588,51592,11904,11908,4,df3f619804a92fdb4057192dc43dd748ea778adc52bc498ce80524c014b81119,00000000,,,,,False,,,,,,,,,,False,False
/application/zukanlist/zkn_data/zukan_enc_diamond.narc,/application/zukanlist/zkn_data/zukan_enc_diamond.narc!/member_01898,0,/application/zukanlist/zkn_data/zukan_enc_diamond.narc,91,1898,,51592,51596,11908,11912,4,df3f619804a92fdb4057192dc43dd748ea778adc52bc498ce80524c014b81119,00000000,,,,,False,,,,,,,,,,False,False
/application/zukanlist/zkn_data/zukan_enc_diamond.narc,/application/zukanlist/zkn_data/zukan_enc_diamond.narc!/member_01899,0,/application/zukanlist/zkn_data/zukan_enc_diamond.narc,91,1899,,51596,51600,11912,11916,4,df3f619804a92fdb4057192dc43dd748ea778adc52bc498ce80524c014b81119,00000000,,,,,False,,,,,,,,,,False,False
/application/zukanlist/zkn_data/zukan_enc_diamond.narc,/application/zukanlist/zkn_data/zukan_enc_diamond.narc!/member_01900,0,/application/zukanlist/zkn_data/zukan_enc_diamond.narc,91,1900,,51600,51604,11916,11920,4,df3f619804a92fdb4057192dc43dd748ea778adc52bc498ce80524c014b81119,00000000,,,,,False,,,,,,,,,,False,False
/application/zukanlist/zkn_data/zukan_enc_diamond.narc,/application/zukanlist/zkn_data/zukan_enc_diamond.narc!/member_01901,0,/application/zukanlist/zkn_data/zukan_enc_diamond.narc,91,1901,,51604,51612,11920,11928,8,debcea1f166010e428df48387304e45c0bf7843a1fa7f1beb38f852228df789b,1500000000000000,,,,,False,,,,,,,,,,False,False
/application/zukanlist/zkn_data/zukan_enc_diamond.narc,/application/zukanlist/zkn_data/zukan_enc_diamond.narc!/member_01902,0,/application/zukanlist/zkn_data/zukan_enc_diamond.narc,91,1902,,51612,51616,11928,11932,4,df3f619804a92fdb4057192dc43dd748ea778adc52bc498ce80524c014b81119,00000000,,,,,False,,,,,,,,,,False,False
/application/zukanlist/zkn_data/zukan_enc_diamond.narc,/application/zukanlist/zkn_data/zukan_enc_diamond.narc!/member_01903,0,/application/zukanlist/zkn_data/zukan_enc_diamond.narc,91,1903,,51616,51620,11932,11936,4,df3f619804a92fdb4057192dc43dd748ea778adc52bc498ce80524c014b81119,00000000,,,,,False,,,,,,,,,,False,False
/application/zukanlist/zkn_data/zukan_enc_diamond.narc,/application/zukanlist/zkn_data/zukan_enc_diamond.narc!/member_01904,0,/application/zukanlist/zkn_data/zukan_enc_diamond.narc,91,1904,,51620,51628,11936,11944,8,debcea1f166010e428df48387304e45c0bf7843a1fa7f1beb38f852228df789b,1500000000000000,,,,,False,,,,,,,,,,False,False
/application/zukanlist/zkn_data/zukan_enc_diamond.narc,/application/zukanlist/zkn_data/zukan_enc_diamond.narc!/member_01905,0,/application/zukanlist/zkn_data/zukan_enc_diamond.narc,91,1905,,51628,51632,11944,11948,4,df3f619804a92fdb4057192dc43dd748ea778adc52bc498ce80524c014b81119,00000000,,,,,False,,,,,,,,,,False,False
/application/zukanlist/zkn_data/zukan_enc_diamond.narc,/application/zukanlist/zkn_data/zukan_enc_diamond.narc!/member_01906,0,/application/zukanlist/zkn_data/zukan_enc_diamond.narc,91,1906,,51632,51636,11948,11952,4,df3f619804a92fdb4057192dc43dd748ea778adc52bc498ce80524c014b81119,00000000,,,,,False,,,,,,,,,,False,False
/application/zukanlist/zkn_data/zukan_enc_diamond.narc,/application/zukanlist/zkn_data/zukan_enc_diamond.narc!/member_01907,0,/application/zukanlist/zkn_data/zukan_enc_diamond.narc,91,1907,,51636,51640,11952,11956,4,df3f619804a92fdb4057192dc43dd748ea778adc52bc498ce80524c014b81119,00000000,,,,,False,,,,,,,,,,False,False
/application/zukanlist/zkn_data/zukan_enc_diamond.narc,/application/zukanlist/zkn_data/zukan_enc_diamond.narc!/member_01908,0,/application/zukanlist/zkn_data/zukan_enc_diamond.narc,91,1908,,51640,51644,11956,11960,4,df3f619804a92fdb4057192dc43dd748ea778adc52bc498ce80524c014b81119,00000000,,,,,False,,,,,,,,,,False,False
/application/zukanlist/zkn_data/zukan_enc_diamond.narc,/application/zukanlist/zkn_data/zukan_enc_diamond.narc!/member_01909,0,/application/zukanlist/zkn_data/zukan_enc_diamond.narc,91,1909,,51644,51652,11960,11968,8,debcea1f166010e428df48387304e45c0bf7843a1fa7f1beb38f852228df789b,1500000000000000,,,,,False,,,,,,,,,,False,False
/application/zukanlist/zkn_data/zukan_enc_diamond.narc,/application/zukanlist/zkn_data/zukan_enc_diamond.narc!/member_01910,0,/application/zukanlist/zkn_data/zukan_enc_diamond.narc,91,1910,,51652,51656,11968,11972,4,df3f619804a92fdb4057192dc43dd748ea778adc52bc498ce80524c014b81119,00000000,,,,,False,,,,,,,,,,False,False
/application/zukanlist/zkn_data/zukan_enc_diamond.narc,/application/zukanlist/zkn_data/zukan_enc_diamond.narc!/member_01911,0,/application/zukanlist/zkn_data/zukan_enc_diamond.narc,91,1911,,51656,51660,11972,11976,4,df3f619804a92fdb4057192dc43dd748ea778adc52bc498ce80524c014b81119,00000000,,,,,False,,,,,,,,,,False,False
/application/zukanlist/zkn_data/zukan_enc_diamond.narc,/application/zukanlist/zkn_data/zukan_enc_diamond.narc!/member_01912,0,/application/zukanlist/zkn_data/zukan_enc_diamond.narc,91,1912,,51660,51664,11976,11980,4,df3f619804a92fdb4057192dc43dd748ea778adc52bc498ce80524c014b81119,00000000,,,,,False,,,,,,,,,,False,False
/application/zukanlist/zkn_data/zukan_enc_diamond.narc,/application/zukanlist/zkn_data/zukan_enc_diamond.narc!/member_01913,0,/application/zukanlist/zkn_data/zukan_enc_diamond.narc,91,1913,,51664,51668,11980,11984,4,df3f619804a92fdb4057192dc43dd748ea778adc52bc498ce80524c014b81119,00000000,,,,,False,,,,,,,,,,False,False
/application/zukanlist/zkn_data/zukan_enc_diamond.narc,/application/zukanlist/zkn_data/zukan_enc_diamond.narc!/member_01914,0,/application/zukanlist/zkn_data/zukan_enc_diamond.narc,91,1914,,51668,51672,11984,11988,4,df3f619804a92fdb4057192dc43dd748ea778adc52bc498ce80524c014b81119,00000000,,,,,False,,,,,,,,,,False,False
/application/zukanlist/zkn_data/zukan_enc_diamond.narc,/application/zukanlist/zkn_data/zukan_enc_diamond.narc!/member_01915,0,/application/zukanlist/zkn_data/zukan_enc_diamond.narc,91,1915,,51672,51676,11988,11992,4,df3f619804a92fdb4057192dc43dd748ea778adc52bc498ce80524c014b81119,00000000,,,,,False,,,,,,,,,,False,False
/application/zukanlist/zkn_data/zukan_enc_diamond.narc,/application/zukanlist/zkn_data/zukan_enc_diamond.narc!/member_01916,0,/application/zukanlist/zkn_data/zukan_enc_diamond.narc,91,1916,,51676,51680,11992,11996,4,df3f619804a92fdb4057192dc43dd748ea778adc52bc498ce80524c014b81119,00000000,,,,,False,,,,,,,,,,False,False
/application/zukanlist/zkn_data/zukan_enc_diamond.narc,/application/zukanlist/zkn_data/zukan_enc_diamond.narc!/member_01917,0,/application/zukanlist/zkn_data/zukan_enc_diamond.narc,91,1917,,51680,51684,11996,12000,4,df3f619804a92fdb4057192dc43dd748ea778adc52bc498ce80524c014b81119,00000000,,,,,False,,,,,,,,,,False,False
/application/zukanlist/zkn_data/zukan_enc_diamond.narc,/application/zukanlist/zkn_data/zukan_enc_diamond.narc!/member_01918,0,/application/zukanlist/zkn_data/zukan_enc_diamond.narc,91,1918,,51684,51688,12000,12004,4,df3f619804a92fdb4057192dc43dd748ea778adc52bc498ce80524c014b81119,00000000,,,,,False,,,,,,,,,,False,False
/application/zukanlist/zkn_data/zukan_enc_diamond.narc,/application/zukanlist/zkn_data/zukan_enc_diamond.narc!/member_01919,0,/application/zukanlist/zkn_data/zukan_enc_diamond.narc,91,1919,,51688,51692,12004,12008,4,df3f619804a92fdb4057192dc43dd748ea778adc52bc498ce80524c014b81119,00000000,,,,,False,,,,,,,,,,False,False
/application/zukanlist/zkn_data/zukan_enc_diamond.narc,/application/zukanlist/zkn_data/zukan_enc_diamond.narc!/member_01920,0,/application/zukanlist/zkn_data/zukan_enc_diamond.narc,91,1920,,51692,51696,12008,12012,4,df3f619804a92fdb4057192dc43dd748ea778adc52bc498ce80524c014b81119,00000000,,,,,False,,,,,,,,,,False,False
/application/zukanlist/zkn_data/zukan_enc_diamond.narc,/application/zukanlist/zkn_data/zukan_enc_diamond.narc!/member_01921,0,/application/zukanlist/zkn_data/zukan_enc_diamond.narc,91,1921,,51696,51700,12012,12016,4,df3f619804a92fdb4057192dc43dd748ea778adc52bc498ce80524c014b81119,00000000,,,,,False,,,,,,,,,,False,False
/application/zukanlist/zkn_data/zukan_enc_diamond.narc,/application/zukanlist/zkn_data/zukan_enc_diamond.narc!/member_01922,0,/application/zukanlist/zkn_data/zukan_enc_diamond.narc,91,1922,,51700,51704,12016,12020,4,df3f619804a92fdb4057192dc43dd748ea778adc52bc498ce80524c014b81119,00000000,,,,,False,,,,,,,,,,False,False
/application/zukanlist/zkn_data/zukan_enc_diamond.narc,/application/zukanlist/zkn_data/zukan_enc_diamond.narc!/member_01923,0,/application/zukanlist/zkn_data/zukan_enc_diamond.narc,91,1923,,51704,51708,12020,12024,4,df3f619804a92fdb4057192dc43dd748ea778adc52bc498ce80524c014b81119,00000000,,,,,False,,,,,,,,,,False,False
/application/zukanlist/zkn_data/zukan_enc_diamond.narc,/application/zukanlist/zkn_data/zukan_enc_diamond.narc!/member_01924,0,/application/zukanlist/zkn_data/zukan_enc_diamond.narc,91,1924,,51708,51712,12024,12028,4,df3f619804a92fdb4057192dc43dd748ea778adc52bc498ce80524c014b81119,00000000,,,,,False,,,,,,,,,,False,False
/application/zukanlist/zkn_data/zukan_enc_diamond.narc,/application/zukanlist/zkn_data/zukan_enc_diamond.narc!/member_01925,0,/application/zukanlist/zkn_data/zukan_enc_diamond.narc,91,1925,,51712,51716,12028,12032,4,df3f619804a92fdb4057192dc43dd748ea778adc52bc498ce80524c014b81119,00000000,,,,,False,,,,,,,,,,False,False
/application/zukanlist/zkn_data/zukan_enc_diamond.narc,/application/zukanlist/zkn_data/zukan_enc_diamond.narc!/member_01926,0,/application/zukanlist/zkn_data/zukan_enc_diamond.narc,91,1926,,51716,51720,12032,12036,4,df3f619804a92fdb4057192dc43dd748ea778adc52bc498ce80524c014b81119,00000000,,,,,False,,,,,,,,,,False,False
/application/zukanlist/zkn_data/zukan_enc_diamond.narc,/application/zukanlist/zkn_data/zukan_enc_diamond.narc!/member_01927,0,/application/zukanlist/zkn_data/zukan_enc_diamond.narc,91,1927,,51720,51724,12036,12040,4,df3f619804a92fdb4057192dc43dd748ea778adc52bc498ce80524c014b81119,00000000,,,,,False,,,,,,,,,,False,False
/application/zukanlist/zkn_data/zukan_enc_diamond.narc,/application/zukanlist/zkn_data/zukan_enc_diamond.narc!/member_01928,0,/application/zukanlist/zkn_data/zukan_enc_diamond.narc,91,1928,,51724,51728,12040,12044,4,df3f619804a92fdb4057192dc43dd748ea778adc52bc498ce80524c014b81119,00000000,,,,,False,,,,,,,,,,False,False
/application/zukanlist/zkn_data/zukan_enc_diamond.narc,/application/zukanlist/zkn_data/zukan_enc_diamond.narc!/member_01929,0,/application/zukanlist/zkn_data/zukan_enc_diamond.narc,91,1929,,51728,51732,12044,12048,4,df3f619804a92fdb4057192dc43dd748ea778adc52bc498ce80524c014b81119,00000000,,,,,False,,,,,,,,,,False,False
/application/zukanlist/zkn_data/zukan_enc_diamond.narc,/application/zukanlist/zkn_data/zukan_enc_diamond.narc!/member_01930,0,/application/zukanlist/zkn_data/zukan_enc_diamond.narc,91,1930,,51732,51736,12048,12052,4,df3f619804a92fdb4057192dc43dd748ea778adc52bc498ce80524c014b81119,00000000,,,,,False,,,,,,,,,,False,False
/application/zukanlist/zkn_data/zukan_enc_diamond.narc,/application/zukanlist/zkn_data/zukan_enc_diamond.narc!/member_01931,0,/application/zukanlist/zkn_data/zukan_enc_diamond.narc,91,1931,,51736,51740,12052,12056,4,df3f619804a92fdb4057192dc43dd748ea778adc52bc498ce80524c014b81119,00000000,,,,,False,,,,,,,,,,False,False
/application/zukanlist/zkn_data/zukan_enc_diamond.narc,/application/zukanlist/zkn_data/zukan_enc_diamond.narc!/member_01932,0,/application/zukanlist/zkn_data/zukan_enc_diamond.narc,91,1932,,51740,51744,12056,12060,4,df3f619804a92fdb4057192dc43dd748ea778adc52bc498ce80524c014b81119,00000000,,,,,False,,,,,,,,,,False,False
/application/zukanlist/zkn_data/zukan_enc_diamond.narc,/application/zukanlist/zkn_data/zukan_enc_diamond.narc!/member_01933,0,/application/zukanlist/zkn_data/zukan_enc_diamond.narc,91,1933,,51744,51748,12060,12064,4,df3f619804a92fdb4057192dc43dd748ea778adc52bc498ce80524c014b81119,00000000,,,,,False,,,,,,,,,,False,False
/application/zukanlist/zkn_data/zukan_enc_diamond.narc,/application/zukanlist/zkn_data/zukan_enc_diamond.narc!/member_01934,0,/application/zukanlist/zkn_data/zukan_enc_diamond.narc,91,1934,,51748,51752,12064,12068,4,df3f619804a92fdb4057192dc43dd748ea778adc52bc498ce80524c014b81119,00000000,,,,,False,,,,,,,,,,False,False
/application/zukanlist/zkn_data/zukan_enc_diamond.narc,/application/zukanlist/zkn_data/zukan_enc_diamond.narc!/member_01935,0,/application/zukanlist/zkn_data/zukan_enc_diamond.narc,91,1935,,51752,51756,12068,12072,4,df3f619804a92fdb4057192dc43dd748ea778adc52bc498ce80524c014b81119,00000000,,,,,False,,,,,,,,,,False,False
/application/zukanlist/zkn_data/zukan_enc_diamond.narc,/application/zukanlist/zkn_data/zukan_enc_diamond.narc!/member_01936,0,/application/zukanlist/zkn_data/zukan_enc_diamond.narc,91,1936,,51756,51760,12072,12076,4,df3f619804a92fdb4057192dc43dd748ea778adc52bc498ce80524c014b81119,00000000,,,,,False,,,,,,,,,,False,False
/application/zukanlist/zkn_data/zukan_enc_diamond.narc,/application/zukanlist/zkn_data/zukan_enc_diamond.narc!/member_01937,0,/application/zukanlist/zkn_data/zukan_enc_diamond.narc,91,1937,,51760,51764,12076,12080,4,df3f619804a92fdb4057192dc43dd748ea778adc52bc498ce80524c014b81119,00000000,,,,,False,,,,,,,,,,False,False
/application/zukanlist/zkn_data/zukan_enc_diamond.narc,/application/zukanlist/zkn_data/zukan_enc_diamond.narc!/member_01938,0,/application/zukanlist/zkn_data/zukan_enc_diamond.narc,91,1938,,51764,51768,12080,12084,4,df3f619804a92fdb4057192dc43dd748ea778adc52bc498ce80524c014b81119,00000000,,,,,False,,,,,,,,,,False,False
/application/zukanlist/zkn_data/zukan_enc_diamond.narc,/application/zukanlist/zkn_data/zukan_enc_diamond.narc!/member_01939,0,/application/zukanlist/zkn_data/zukan_enc_diamond.narc,91,1939,,51768,51772,12084,12088,4,df3f619804a92fdb4057192dc43dd748ea778adc52bc498ce80524c014b81119,00000000,,,,,False,,,,,,,,,,False,False
/application/zukanlist/zkn_data/zukan_enc_diamond.narc,/application/zukanlist/zkn_data/zukan_enc_diamond.narc!/member_01940,0,/application/zukanlist/zkn_data/zukan_enc_diamond.narc,91,1940,,51772,51780,12088,12096,8,f0a0278e4372459cca6159cd5e71cfee638302a7b9ca9b05c34181ac0a65ac5d,0400000000000000,,,,,False,,,,,,,,,,False,False
/application/zukanlist/zkn_data/zukan_enc_diamond.narc,/application/zukanlist/zkn_data/zukan_enc_diamond.narc!/member_01941,0,/application/zukanlist/zkn_data/zukan_enc_diamond.narc,91,1941,,51780,51784,12096,12100,4,df3f619804a92fdb4057192dc43dd748ea778adc52bc498ce80524c014b81119,00000000,,,,,False,,,,,,,,,,False,False
/application/zukanlist/zkn_data/zukan_enc_diamond.narc,/application/zukanlist/zkn_data/zukan_enc_diamond.narc!/member_01942,0,/application/zukanlist/zkn_data/zukan_enc_diamond.narc,91,1942,,51784,51792,12100,12108,8,f0a0278e4372459cca6159cd5e71cfee638302a7b9ca9b05c34181ac0a65ac5d,0400000000000000,,,,,False,,,,,,,,,,False,False
/application/zukanlist/zkn_data/zukan_enc_diamond.narc,/application/zukanlist/zkn_data/zukan_enc_diamond.narc!/member_01943,0,/application/zukanlist/zkn_data/zukan_enc_diamond.narc,91,1943,,51792,51796,12108,12112,4,df3f619804a92fdb4057192dc43dd748ea778adc52bc498ce80524c014b81119,00000000,,,,,False,,,,,,,,,,False,False
/application/zukanlist/zkn_data/zukan_enc_diamond.narc,/application/zukanlist/zkn_data/zukan_enc_diamond.narc!/member_01944,0,/application/zukanlist/zkn_data/zukan_enc_diamond.narc,91,1944,,51796,51804,12112,12120,8,f0a0278e4372459cca6159cd5e71cfee638302a7b9ca9b05c34181ac0a65ac5d,0400000000000000,,,,,False,,,,,,,,,,False,False
/application/zukanlist/zkn_data/zukan_enc_diamond.narc,/application/zukanlist/zkn_data/zukan_enc_diamond.narc!/member_01945,0,/application/zukanlist/zkn_data/zukan_enc_diamond.narc,91,1945,,51804,51808,12120,12124,4,df3f619804a92fdb4057192dc43dd748ea778adc52bc498ce80524c014b81119,00000000,,,,,False,,,,,,,,,,False,False
/application/zukanlist/zkn_data/zukan_enc_diamond.narc,/application/zukanlist/zkn_data/zukan_enc_diamond.narc!/member_01946,0,/application/zukanlist/zkn_data/zukan_enc_diamond.narc,91,1946,,51808,51812,12124,12128,4,df3f619804a92fdb4057192dc43dd748ea778adc52bc498ce80524c014b81119,00000000,,,,,False,,,,,,,,,,False,False
/application/zukanlist/zkn_data/zukan_enc_diamond.narc,/application/zukanlist/zkn_data/zukan_enc_diamond.narc!/member_01947,0,/application/zukanlist/zkn_data/zukan_enc_diamond.narc,91,1947,,51812,51816,12128,12132,4,df3f619804a92fdb4057192dc43dd748ea778adc52bc498ce80524c014b81119,00000000,,,,,False,,,,,,,,,,False,False
/application/zukanlist/zkn_data/zukan_enc_diamond.narc,/application/zukanlist/zkn_data/zukan_enc_diamond.narc!/member_01948,0,/application/zukanlist/zkn_data/zukan_enc_diamond.narc,91,1948,,51816,51820,12132,12136,4,df3f619804a92fdb4057192dc43dd748ea778adc52bc498ce80524c014b81119,00000000,,,,,False,,,,,,,,,,False,False
/application/zukanlist/zkn_data/zukan_enc_diamond.narc,/application/zukanlist/zkn_data/zukan_enc_diamond.narc!/member_01949,0,/application/zukanlist/zkn_data/zukan_enc_diamond.narc,91,1949,,51820,51824,12136,12140,4,df3f619804a92fdb4057192dc43dd748ea778adc52bc498ce80524c014b81119,00000000,,,,,False,,,,,,,,,,False,False
/application/zukanlist/zkn_data/zukan_enc_diamond.narc,/application/zukanlist/zkn_data/zukan_enc_diamond.narc!/member_01950,0,/application/zukanlist/zkn_data/zukan_enc_diamond.narc,91,1950,,51824,51828,12140,12144,4,df3f619804a92fdb4057192dc43dd748ea778adc52bc498ce80524c014b81119,00000000,,,,,False,,,,,,,,,,False,False
/application/zukanlist/zkn_data/zukan_enc_diamond.narc,/application/zukanlist/zkn_data/zukan_enc_diamond.narc!/member_01951,0,/application/zukanlist/zkn_data/zukan_enc_diamond.narc,91,1951,,51828,51832,12144,12148,4,df3f619804a92fdb4057192dc43dd748ea778adc52bc498ce80524c014b81119,00000000,,,,,False,,,,,,,,,,False,False
/application/zukanlist/zkn_data/zukan_enc_diamond.narc,/application/zukanlist/zkn_data/zukan_enc_diamond.narc!/member_01952,0,/application/zukanlist/zkn_data/zukan_enc_diamond.narc,91,1952,,51832,51836,12148,12152,4,df3f619804a92fdb4057192dc43dd748ea778adc52bc498ce80524c014b81119,00000000,,,,,False,,,,,,,,,,False,False
/application/zukanlist/zkn_data/zukan_enc_diamond.narc,/application/zukanlist/zkn_data/zukan_enc_diamond.narc!/member_01953,0,/application/zukanlist/zkn_data/zukan_enc_diamond.narc,91,1953,,51836,51840,12152,12156,4,df3f619804a92fdb4057192dc43dd748ea778adc52bc498ce80524c014b81119,00000000,,,,,False,,,,,,,,,,False,False
/application/zukanlist/zkn_data/zukan_enc_diamond.narc,/application/zukanlist/zkn_data/zukan_enc_diamond.narc!/member_01954,0,/application/zukanlist/zkn_data/zukan_enc_diamond.narc,91,1954,,51840,51844,12156,12160,4,df3f619804a92fdb4057192dc43dd748ea778adc52bc498ce80524c014b81119,00000000,,,,,False,,,,,,,,,,False,False
/application/zukanlist/zkn_data/zukan_enc_diamond.narc,/application/zukanlist/zkn_data/zukan_enc_diamond.narc!/member_01955,0,/application/zukanlist/zkn_data/zukan_enc_diamond.narc,91,1955,,51844,51848,12160,12164,4,df3f619804a92fdb4057192dc43dd748ea778adc52bc498ce80524c014b81119,00000000,,,,,False,,,,,,,,,,False,False
/application/zukanlist/zkn_data/zukan_enc_diamond.narc,/application/zukanlist/zkn_data/zukan_enc_diamond.narc!/member_01956,0,/application/zukanlist/zkn_data/zukan_enc_diamond.narc,91,1956,,51848,51852,12164,12168,4,df3f619804a92fdb4057192dc43dd748ea778adc52bc498ce80524c014b81119,00000000,,,,,False,,,,,,,,,,False,False
/application/zukanlist/zkn_data/zukan_enc_diamond.narc,/application/zukanlist/zkn_data/zukan_enc_diamond.narc!/member_01957,0,/application/zukanlist/zkn_data/zukan_enc_diamond.narc,91,1957,,51852,51856,12168,12172,4,df3f619804a92fdb4057192dc43dd748ea778adc52bc498ce80524c014b81119,00000000,,,,,False,,,,,,,,,,False,False
/application/zukanlist/zkn_data/zukan_enc_diamond.narc,/application/zukanlist/zkn_data/zukan_enc_diamond.narc!/member_01958,0,/application/zukanlist/zkn_data/zukan_enc_diamond.narc,91,1958,,51856,51860,12172,12176,4,df3f619804a92fdb4057192dc43dd748ea778adc52bc498ce80524c014b81119,00000000,,,,,False,,,,,,,,,,False,False
/application/zukanlist/zkn_data/zukan_enc_diamond.narc,/application/zukanlist/zkn_data/zukan_enc_diamond.narc!/member_01959,0,/application/zukanlist/zkn_data/zukan_enc_diamond.narc,91,1959,,51860,51864,12176,12180,4,df3f619804a92fdb4057192dc43dd748ea778adc52bc498ce80524c014b81119,00000000,,,,,False,,,,,,,,,,False,False
/application/zukanlist/zkn_data/zukan_enc_diamond.narc,/application/zukanlist/zkn_data/zukan_enc_diamond.narc!/member_01960,0,/application/zukanlist/zkn_data/zukan_enc_diamond.narc,91,1960,,51864,51868,12180,12184,4,df3f619804a92fdb4057192dc43dd748ea778adc52bc498ce80524c014b81119,00000000,,,,,False,,,,,,,,,,False,False
/application/zukanlist/zkn_data/zukan_enc_diamond.narc,/application/zukanlist/zkn_data/zukan_enc_diamond.narc!/member_01961,0,/application/zukanlist/zkn_data/zukan_enc_diamond.narc,91,1961,,51868,51872,12184,12188,4,df3f619804a92fdb4057192dc43dd748ea778adc52bc498ce80524c014b81119,00000000,,,,,False,,,,,,,,,,False,False
/application/zukanlist/zkn_data/zukan_enc_diamond.narc,/application/zukanlist/zkn_data/zukan_enc_diamond.narc!/member_01962,0,/application/zukanlist/zkn_data/zukan_enc_diamond.narc,91,1962,,51872,51876,12188,12192,4,df3f619804a92fdb4057192dc43dd748ea778adc52bc498ce80524c014b81119,00000000,,,,,False,,,,,,,,,,False,False
/application/zukanlist/zkn_data/zukan_enc_diamond.narc,/application/zukanlist/zkn_data/zukan_enc_diamond.narc!/member_01963,0,/application/zukanlist/zkn_data/zukan_enc_diamond.narc,91,1963,,51876,51880,12192,12196,4,df3f619804a92fdb4057192dc43dd748ea778adc52bc498ce80524c014b81119,00000000,,,,,False,,,,,,,,,,False,False
/application/zukanlist/zkn_data/zukan_enc_diamond.narc,/application/zukanlist/zkn_data/zukan_enc_diamond.narc!/member_01964,0,/application/zukanlist/zkn_data/zukan_enc_diamond.narc,91,1964,,51880,51884,12196,12200,4,df3f619804a92fdb4057192dc43dd748ea778adc52bc498ce80524c014b81119,00000000,,,,,False,,,,,,,,,,False,False
/application/zukanlist/zkn_data/zukan_enc_diamond.narc,/application/zukanlist/zkn_data/zukan_enc_diamond.narc!/member_01965,0,/application/zukanlist/zkn_data/zukan_enc_diamond.narc,91,1965,,51884,51888,12200,12204,4,df3f619804a92fdb4057192dc43dd748ea778adc52bc498ce80524c014b81119,00000000,,,,,False,,,,,,,,,,False,False
/application/zukanlist/zkn_data/zukan_enc_diamond.narc,/application/zukanlist/zkn_data/zukan_enc_diamond.narc!/member_01966,0,/application/zukanlist/zkn_data/zukan_enc_diamond.narc,91,1966,,51888,51892,12204,12208,4,df3f619804a92fdb4057192dc43dd748ea778adc52bc498ce80524c014b81119,00000000,,,,,False,,,,,,,,,,False,False
/application/zukanlist/zkn_data/zukan_enc_diamond.narc,/application/zukanlist/zkn_data/zukan_enc_diamond.narc!/member_01967,0,/application/zukanlist/zkn_data/zukan_enc_diamond.narc,91,1967,,51892,51896,12208,12212,4,df3f619804a92fdb4057192dc43dd748ea778adc52bc498ce80524c014b81119,00000000,,,,,False,,,,,,,,,,False,False
/application/zukanlist/zkn_data/zukan_enc_diamond.narc,/application/zukanlist/zkn_data/zukan_enc_diamond.narc!/member_01968,0,/application/zukanlist/zkn_data/zukan_enc_diamond.narc,91,1968,,51896,51900,12212,12216,4,df3f619804a92fdb4057192dc43dd748ea778adc52bc498ce80524c014b81119,00000000,,,,,False,,,,,,,,,,False,False
/application/zukanlist/zkn_data/zukan_enc_diamond.narc,/application/zukanlist/zkn_data/zukan_enc_diamond.narc!/member_01969,0,/application/zukanlist/zkn_data/zukan_enc_diamond.narc,91,1969,,51900,51904,12216,12220,4,df3f619804a92fdb4057192dc43dd748ea778adc52bc498ce80524c014b81119,00000000,,,,,False,,,,,,,,,,False,False
/application/zukanlist/zkn_data/zukan_enc_diamond.narc,/application/zukanlist/zkn_data/zukan_enc_diamond.narc!/member_01970,0,/application/zukanlist/zkn_data/zukan_enc_diamond.narc,91,1970,,51904,51908,12220,12224,4,df3f619804a92fdb4057192dc43dd748ea778adc52bc498ce80524c014b81119,00000000,,,,,False,,,,,,,,,,False,False
/application/zukanlist/zkn_data/zukan_enc_diamond.narc,/application/zukanlist/zkn_data/zukan_enc_diamond.narc!/member_01971,0,/application/zukanlist/zkn_data/zukan_enc_diamond.narc,91,1971,,51908,51912,12224,12228,4,df3f619804a92fdb4057192dc43dd748ea778adc52bc498ce80524c014b81119,00000000,,,,,False,,,,,,,,,,False,False
/application/zukanlist/zkn_data/zukan_enc_diamond.narc,/application/zukanlist/zkn_data/zukan_enc_diamond.narc!/member_01972,0,/application/zukanlist/zkn_data/zukan_enc_diamond.narc,91,1972,,51912,51916,12228,12232,4,df3f619804a92fdb4057192dc43dd748ea778adc52bc498ce80524c014b81119,00000000,,,,,False,,,,,,,,,,False,False
/application/zukanlist/zkn_data/zukan_enc_diamond.narc,/application/zukanlist/zkn_data/zukan_enc_diamond.narc!/member_01973,0,/application/zukanlist/zkn_data/zukan_enc_diamond.narc,91,1973,,51916,51920,12232,12236,4,df3f619804a92fdb4057192dc43dd748ea778adc52bc498ce80524c014b81119,00000000,,,,,False,,,,,,,,,,False,False
/application/zukanlist/zkn_data/zukan_enc_diamond.narc,/application/zukanlist/zkn_data/zukan_enc_diamond.narc!/member_01974,0,/application/zukanlist/zkn_data/zukan_enc_diamond.narc,91,1974,,51920,51924,12236,12240,4,df3f619804a92fdb4057192dc43dd748ea778adc52bc498ce80524c014b81119,00000000,,,,,False,,,,,,,,,,False,False
/application/zukanlist/zkn_data/zukan_enc_diamond.narc,/application/zukanlist/zkn_data/zukan_enc_diamond.narc!/member_01975,0,/application/zukanlist/zkn_data/zukan_enc_diamond.narc,91,1975,,51924,51928,12240,12244,4,df3f619804a92fdb4057192dc43dd748ea778adc52bc498ce80524c014b81119,00000000,,,,,False,,,,,,,,,,False,False
/application/zukanlist/zkn_data/zukan_enc_diamond.narc,/application/zukanlist/zkn_data/zukan_enc_diamond.narc!/member_01976,0,/application/zukanlist/zkn_data/zukan_enc_diamond.narc,91,1976,,51928,51932,12244,12248,4,df3f619804a92fdb4057192dc43dd748ea778adc52bc498ce80524c014b81119,00000000,,,,,False,,,,,,,,,,False,False
/application/zukanlist/zkn_data/zukan_enc_diamond.narc,/application/zukanlist/zkn_data/zukan_enc_diamond.narc!/member_01977,0,/application/zukanlist/zkn_data/zukan_enc_diamond.narc,91,1977,,51932,51936,12248,12252,4,df3f619804a92fdb4057192dc43dd748ea778adc52bc498ce80524c014b81119,00000000,,,,,False,,,,,,,,,,False,False
/application/zukanlist/zkn_data/zukan_enc_diamond.narc,/application/zukanlist/zkn_data/zukan_enc_diamond.narc!/member_01978,0,/application/zukanlist/zkn_data/zukan_enc_diamond.narc,91,1978,,51936,51940,12252,12256,4,df3f619804a92fdb4057192dc43dd748ea778adc52bc498ce80524c014b81119,00000000,,,,,False,,,,,,,,,,False,False
/application/zukanlist/zkn_data/zukan_enc_diamond.narc,/application/zukanlist/zkn_data/zukan_enc_diamond.narc!/member_01979,0,/application/zukanlist/zkn_data/zukan_enc_diamond.narc,91,1979,,51940,51944,12256,12260,4,df3f619804a92fdb4057192dc43dd748ea778adc52bc498ce80524c014b81119,00000000,,,,,False,,,,,,,,,,False,False
/application/zukanlist/zkn_data/zukan_enc_diamond.narc,/application/zukanlist/zkn_data/zukan_enc_diamond.narc!/member_01980,0,/application/zukanlist/zkn_data/zukan_enc_diamond.narc,91,1980,,51944,51948,12260,12264,4,df3f619804a92fdb4057192dc43dd748ea778adc52bc498ce80524c014b81119,00000000,,,,,False,,,,,,,,,,False,False
/application/zukanlist/zkn_data/zukan_enc_diamond.narc,/application/zukanlist/zkn_data/zukan_enc_diamond.narc!/member_01981,0,/application/zukanlist/zkn_data/zukan_enc_diamond.narc,91,1981,,51948,51952,12264,12268,4,df3f619804a92fdb4057192dc43dd748ea778adc52bc498ce80524c014b81119,00000000,,,,,False,,,,,,,,,,False,False
/application/zukanlist/zkn_data/zukan_enc_diamond.narc,/application/zukanlist/zkn_data/zukan_enc_diamond.narc!/member_01982,0,/application/zukanlist/zkn_data/zukan_enc_diamond.narc,91,1982,,51952,51956,12268,12272,4,df3f619804a92fdb4057192dc43dd748ea778adc52bc498ce80524c014b81119,00000000,,,,,False,,,,,,,,,,False,False
/application/zukanlist/zkn_data/zukan_enc_diamond.narc,/application/zukanlist/zkn_data/zukan_enc_diamond.narc!/member_01983,0,/application/zukanlist/zkn_data/zukan_enc_diamond.narc,91,1983,,51956,51960,12272,12276,4,df3f619804a92fdb4057192dc43dd748ea778adc52bc498ce80524c014b81119,00000000,,,,,False,,,,,,,,,,False,False
/application/zukanlist/zkn_data/zukan_enc_diamond.narc,/application/zukanlist/zkn_data/zukan_enc_diamond.narc!/member_01984,0,/application/zukanlist/zkn_data/zukan_enc_diamond.narc,91,1984,,51960,51964,12276,12280,4,df3f619804a92fdb4057192dc43dd748ea778adc52bc498ce80524c014b81119,00000000,,,,,False,,,,,,,,,,False,False
/application/zukanlist/zkn_data/zukan_enc_diamond.narc,/application/zukanlist/zkn_data/zukan_enc_diamond.narc!/member_01985,0,/application/zukanlist/zkn_data/zukan_enc_diamond.narc,91,1985,,51964,51968,12280,12284,4,df3f619804a92fdb4057192dc43dd748ea778adc52bc498ce80524c014b81119,00000000,,,,,False,,,,,,,,,,False,False
/application/zukanlist/zkn_data/zukan_enc_diamond.narc,/application/zukanlist/zkn_data/zukan_enc_diamond.narc!/member_01986,0,/application/zukanlist/zkn_data/zukan_enc_diamond.narc,91,1986,,51968,51972,12284,12288,4,df3f619804a92fdb4057192dc43dd748ea778adc52bc498ce80524c014b81119,00000000,,,,,False,,,,,,,,,,False,False
/application/zukanlist/zkn_data/zukan_enc_diamond.narc,/application/zukanlist/zkn_data/zukan_enc_diamond.narc!/member_01987,0,/application/zukanlist/zkn_data/zukan_enc_diamond.narc,91,1987,,51972,51976,12288,12292,4,df3f619804a92fdb4057192dc43dd748ea778adc52bc498ce80524c014b81119,00000000,,,,,False,,,,,,,,,,False,False
/application/zukanlist/zkn_data/zukan_enc_diamond.narc,/application/zukanlist/zkn_data/zukan_enc_diamond.narc!/member_01988,0,/application/zukanlist/zkn_data/zukan_enc_diamond.narc,91,1988,,51976,51980,12292,12296,4,df3f619804a92fdb4057192dc43dd748ea778adc52bc498ce80524c014b81119,00000000,,,,,False,,,,,,,,,,False,False
/application/zukanlist/zkn_data/zukan_enc_diamond.narc,/application/zukanlist/zkn_data/zukan_enc_diamond.narc!/member_01989,0,/application/zukanlist/zkn_data/zukan_enc_diamond.narc,91,1989,,51980,51984,12296,12300,4,df3f619804a92fdb4057192dc43dd748ea778adc52bc498ce80524c014b81119,00000000,,,,,False,,,,,,,,,,False,False
/application/zukanlist/zkn_data/zukan_enc_diamond.narc,/application/zukanlist/zkn_data/zukan_enc_diamond.narc!/member_01990,0,/application/zukanlist/zkn_data/zukan_enc_diamond.narc,91,1990,,51984,51988,12300,12304,4,df3f619804a92fdb4057192dc43dd748ea778adc52bc498ce80524c014b81119,00000000,,,,,False,,,,,,,,,,False,False
/application/zukanlist/zkn_data/zukan_enc_diamond.narc,/application/zukanlist/zkn_data/zukan_enc_diamond.narc!/member_01991,0,/application/zukanlist/zkn_data/zukan_enc_diamond.narc,91,1991,,51988,51992,12304,12308,4,df3f619804a92fdb4057192dc43dd748ea778adc52bc498ce80524c014b81119,00000000,,,,,False,,,,,,,,,,False,False
/application/zukanlist/zkn_data/zukan_enc_diamond.narc,/application/zukanlist/zkn_data/zukan_enc_diamond.narc!/member_01992,0,/application/zukanlist/zkn_data/zukan_enc_diamond.narc,91,1992,,51992,51996,12308,12312,4,df3f619804a92fdb4057192dc43dd748ea778adc52bc498ce80524c014b81119,00000000,,,,,False,,,,,,,,,,False,False
/application/zukanlist/zkn_data/zukan_enc_diamond.narc,/application/zukanlist/zkn_data/zukan_enc_diamond.narc!/member_01993,0,/application/zukanlist/zkn_data/zukan_enc_diamond.narc,91,1993,,51996,52000,12312,12316,4,df3f619804a92fdb4057192dc43dd748ea778adc52bc498ce80524c014b81119,00000000,,,,,False,,,,,,,,,,False,False
/application/zukanlist/zkn_data/zukan_enc_diamond.narc,/application/zukanlist/zkn_data/zukan_enc_diamond.narc!/member_01994,0,/application/zukanlist/zkn_data/zukan_enc_diamond.narc,91,1994,,52000,52004,12316,12320,4,df3f619804a92fdb4057192dc43dd748ea778adc52bc498ce80524c014b81119,00000000,,,,,False,,,,,,,,,,False,False
/application/zukanlist/zkn_data/zukan_enc_diamond.narc,/application/zukanlist/zkn_data/zukan_enc_diamond.narc!/member_01995,0,/application/zukanlist/zkn_data/zukan_enc_diamond.narc,91,1995,,52004,52008,12320,12324,4,df3f619804a92fdb4057192dc43dd748ea778adc52bc498ce80524c014b81119,00000000,,,,,False,,,,,,,,,,False,False
/application/zukanlist/zkn_data/zukan_enc_diamond.narc,/application/zukanlist/zkn_data/zukan_enc_diamond.narc!/member_01996,0,/application/zukanlist/zkn_data/zukan_enc_diamond.narc,91,1996,,52008,52012,12324,12328,4,df3f619804a92fdb4057192dc43dd748ea778adc52bc498ce80524c014b81119,00000000,,,,,False,,,,,,,,,,False,False
/application/zukanlist/zkn_data/zukan_enc_diamond.narc,/application/zukanlist/zkn_data/zukan_enc_diamond.narc!/member_01997,0,/application/zukanlist/zkn_data/zukan_enc_diamond.narc,91,1997,,52012,52016,12328,12332,4,df3f619804a92fdb4057192dc43dd748ea778adc52bc498ce80524c014b81119,00000000,,,,,False,,,,,,,,,,False,False
/application/zukanlist/zkn_data/zukan_enc_diamond.narc,/application/zukanlist/zkn_data/zukan_enc_diamond.narc!/member_01998,0,/application/zukanlist/zkn_data/zukan_enc_diamond.narc,91,1998,,52016,52020,12332,12336,4,df3f619804a92fdb4057192dc43dd748ea778adc52bc498ce80524c014b81119,00000000,,,,,False,,,,,,,,,,False,False
/application/zukanlist/zkn_data/zukan_enc_diamond.narc,/application/zukanlist/zkn_data/zukan_enc_diamond.narc!/member_01999,0,/application/zukanlist/zkn_data/zukan_enc_diamond.narc,91,1999,,52020,52024,12336,12340,4,df3f619804a92fdb4057192dc43dd748ea778adc52bc498ce80524c014b81119,00000000,,,,,False,,,,,,,,,,False,False
/application/zukanlist/zkn_data/zukan_enc_diamond.narc,/application/zukanlist/zkn_data/zukan_enc_diamond.narc!/member_02000,0,/application/zukanlist/zkn_data/zukan_enc_diamond.narc,91,2000,,52024,52028,12340,12344,4,df3f619804a92fdb4057192dc43dd748ea778adc52bc498ce80524c014b81119,00000000,,,,,False,,,,,,,,,,False,False
/application/zukanlist/zkn_data/zukan_enc_diamond.narc,/application/zukanlist/zkn_data/zukan_enc_diamond.narc!/member_02001,0,/application/zukanlist/zkn_data/zukan_enc_diamond.narc,91,2001,,52028,52032,12344,12348,4,df3f619804a92fdb4057192dc43dd748ea778adc52bc498ce80524c014b81119,00000000,,,,,False,,,,,,,,,,False,False
/application/zukanlist/zkn_data/zukan_enc_diamond.narc,/application/zukanlist/zkn_data/zukan_enc_diamond.narc!/member_02002,0,/application/zukanlist/zkn_data/zukan_enc_diamond.narc,91,2002,,52032,52036,12348,12352,4,df3f619804a92fdb4057192dc43dd748ea778adc52bc498ce80524c014b81119,00000000,,,,,False,,,,,,,,,,False,False
/application/zukanlist/zkn_data/zukan_enc_diamond.narc,/application/zukanlist/zkn_data/zukan_enc_diamond.narc!/member_02003,0,/application/zukanlist/zkn_data/zukan_enc_diamond.narc,91,2003,,52036,52040,12352,12356,4,df3f619804a92fdb4057192dc43dd748ea778adc52bc498ce80524c014b81119,00000000,,,,,False,,,,,,,,,,False,False
/application/zukanlist/zkn_data/zukan_enc_diamond.narc,/application/zukanlist/zkn_data/zukan_enc_diamond.narc!/member_02004,0,/application/zukanlist/zkn_data/zukan_enc_diamond.narc,91,2004,,52040,52044,12356,12360,4,df3f619804a92fdb4057192dc43dd748ea778adc52bc498ce80524c014b81119,00000000,,,,,False,,,,,,,,,,False,False
/application/zukanlist/zkn_data/zukan_enc_diamond.narc,/application/zukanlist/zkn_data/zukan_enc_diamond.narc!/member_02005,0,/application/zukanlist/zkn_data/zukan_enc_diamond.narc,91,2005,,52044,52048,12360,12364,4,df3f619804a92fdb4057192dc43dd748ea778adc52bc498ce80524c014b81119,00000000,,,,,False,,,,,,,,,,False,False
/application/zukanlist/zkn_data/zukan_enc_diamond.narc,/application/zukanlist/zkn_data/zukan_enc_diamond.narc!/member_02006,0,/application/zukanlist/zkn_data/zukan_enc_diamond.narc,91,2006,,52048,52052,12364,12368,4,df3f619804a92fdb4057192dc43dd748ea778adc52bc498ce80524c014b81119,00000000,,,,,False,,,,,,,,,,False,False
/application/zukanlist/zkn_data/zukan_enc_diamond.narc,/application/zukanlist/zkn_data/zukan_enc_diamond.narc!/member_02007,0,/application/zukanlist/zkn_data/zukan_enc_diamond.narc,91,2007,,52052,52056,12368,12372,4,df3f619804a92fdb4057192dc43dd748ea778adc52bc498ce80524c014b81119,00000000,,,,,False,,,,,,,,,,False,False
/application/zukanlist/zkn_data/zukan_enc_diamond.narc,/application/zukanlist/zkn_data/zukan_enc_diamond.narc!/member_02008,0,/application/zukanlist/zkn_data/zukan_enc_diamond.narc,91,2008,,52056,52060,12372,12376,4,df3f619804a92fdb4057192dc43dd748ea778adc52bc498ce80524c014b81119,00000000,,,,,False,,,,,,,,,,False,False
/application/zukanlist/zkn_data/zukan_enc_diamond.narc,/application/zukanlist/zkn_data/zukan_enc_diamond.narc!/member_02009,0,/application/zukanlist/zkn_data/zukan_enc_diamond.narc,91,2009,,52060,52068,12376,12384,8,18d8d609947c6b82b9607704ae40d3317038e709238514de750b5c7411ba4c20,0e00000000000000,,,,,False,,,,,,,,,,False,False
/application/zukanlist/zkn_data/zukan_enc_diamond.narc,/application/zukanlist/zkn_data/zukan_enc_diamond.narc!/member_02010,0,/application/zukanlist/zkn_data/zukan_enc_diamond.narc,91,2010,,52068,52072,12384,12388,4,df3f619804a92fdb4057192dc43dd748ea778adc52bc498ce80524c014b81119,00000000,,,,,False,,,,,,,,,,False,False
/application/zukanlist/zkn_data/zukan_enc_diamond.narc,/application/zukanlist/zkn_data/zukan_enc_diamond.narc!/member_02011,0,/application/zukanlist/zkn_data/zukan_enc_diamond.narc,91,2011,,52072,52076,12388,12392,4,df3f619804a92fdb4057192dc43dd748ea778adc52bc498ce80524c014b81119,00000000,,,,,False,,,,,,,,,,False,False
/application/zukanlist/zkn_data/zukan_enc_diamond.narc,/application/zukanlist/zkn_data/zukan_enc_diamond.narc!/member_02012,0,/application/zukanlist/zkn_data/zukan_enc_diamond.narc,91,2012,,52076,52080,12392,12396,4,df3f619804a92fdb4057192dc43dd748ea778adc52bc498ce80524c014b81119,00000000,,,,,False,,,,,,,,,,False,False
/application/zukanlist/zkn_data/zukan_enc_diamond.narc,/application/zukanlist/zkn_data/zukan_enc_diamond.narc!/member_02013,0,/application/zukanlist/zkn_data/zukan_enc_diamond.narc,91,2013,,52080,52084,12396,12400,4,df3f619804a92fdb4057192dc43dd748ea778adc52bc498ce80524c014b81119,00000000,,,,,False,,,,,,,,,,False,False
/application/zukanlist/zkn_data/zukan_enc_diamond.narc,/application/zukanlist/zkn_data/zukan_enc_diamond.narc!/member_02014,0,/application/zukanlist/zkn_data/zukan_enc_diamond.narc,91,2014,,52084,52088,12400,12404,4,df3f619804a92fdb4057192dc43dd748ea778adc52bc498ce80524c014b81119,00000000,,,,,False,,,,,,,,,,False,False
/application/zukanlist/zkn_data/zukan_enc_diamond.narc,/application/zukanlist/zkn_data/zukan_enc_diamond.narc!/member_02015,0,/application/zukanlist/zkn_data/zukan_enc_diamond.narc,91,2015,,52088,52092,12404,12408,4,df3f619804a92fdb4057192dc43dd748ea778adc52bc498ce80524c014b81119,00000000,,,,,False,,,,,,,,,,False,False
/application/zukanlist/zkn_data/zukan_enc_diamond.narc,/application/zukanlist/zkn_data/zukan_enc_diamond.narc!/member_02016,0,/application/zukanlist/zkn_data/zukan_enc_diamond.narc,91,2016,,52092,52096,12408,12412,4,df3f619804a92fdb4057192dc43dd748ea778adc52bc498ce80524c014b81119,00000000,,,,,False,,,,,,,,,,False,False
/application/zukanlist/zkn_data/zukan_enc_diamond.narc,/application/zukanlist/zkn_data/zukan_enc_diamond.narc!/member_02017,0,/application/zukanlist/zkn_data/zukan_enc_diamond.narc,91,2017,,52096,52100,12412,12416,4,df3f619804a92fdb4057192dc43dd748ea778adc52bc498ce80524c014b81119,00000000,,,,,False,,,,,,,,,,False,False
/application/zukanlist/zkn_data/zukan_enc_diamond.narc,/application/zukanlist/zkn_data/zukan_enc_diamond.narc!/member_02018,0,/application/zukanlist/zkn_data/zukan_enc_diamond.narc,91,2018,,52100,52104,12416,12420,4,df3f619804a92fdb4057192dc43dd748ea778adc52bc498ce80524c014b81119,00000000,,,,,False,,,,,,,,,,False,False
/application/zukanlist/zkn_data/zukan_enc_diamond.narc,/application/zukanlist/zkn_data/zukan_enc_diamond.narc!/member_02019,0,/application/zukanlist/zkn_data/zukan_enc_diamond.narc,91,2019,,52104,52116,12420,12432,12,3cb39eae44ac6352baa519ac7f2b54de44ba604d5cae0ff7207cf967909b747e,030000000e00000000000000,,,,,False,,,,,,,,,,False,False
/application/zukanlist/zkn_data/zukan_enc_diamond.narc,/application/zukanlist/zkn_data/zukan_enc_diamond.narc!/member_02020,0,/application/zukanlist/zkn_data/zukan_enc_diamond.narc,91,2020,,52116,52120,12432,12436,4,df3f619804a92fdb4057192dc43dd748ea778adc52bc498ce80524c014b81119,00000000,,,,,False,,,,,,,,,,False,False
/application/zukanlist/zkn_data/zukan_enc_diamond.narc,/application/zukanlist/zkn_data/zukan_enc_diamond.narc!/member_02021,0,/application/zukanlist/zkn_data/zukan_enc_diamond.narc,91,2021,,52120,52124,12436,12440,4,df3f619804a92fdb4057192dc43dd748ea778adc52bc498ce80524c014b81119,00000000,,,,,False,,,,,,,,,,False,False
/application/zukanlist/zkn_data/zukan_enc_diamond.narc,/application/zukanlist/zkn_data/zukan_enc_diamond.narc!/member_02022,0,/application/zukanlist/zkn_data/zukan_enc_diamond.narc,91,2022,,52124,52128,12440,12444,4,df3f619804a92fdb4057192dc43dd748ea778adc52bc498ce80524c014b81119,00000000,,,,,False,,,,,,,,,,False,False
/application/zukanlist/zkn_data/zukan_enc_diamond.narc,/application/zukanlist/zkn_data/zukan_enc_diamond.narc!/member_02023,0,/application/zukanlist/zkn_data/zukan_enc_diamond.narc,91,2023,,52128,52136,12444,12452,8,18d8d609947c6b82b9607704ae40d3317038e709238514de750b5c7411ba4c20,0e00000000000000,,,,,False,,,,,,,,,,False,False
/application/zukanlist/zkn_data/zukan_enc_diamond.narc,/application/zukanlist/zkn_data/zukan_enc_diamond.narc!/member_02024,0,/application/zukanlist/zkn_data/zukan_enc_diamond.narc,91,2024,,52136,52140,12452,12456,4,df3f619804a92fdb4057192dc43dd748ea778adc52bc498ce80524c014b81119,00000000,,,,,False,,,,,,,,,,False,False
/application/zukanlist/zkn_data/zukan_enc_diamond.narc,/application/zukanlist/zkn_data/zukan_enc_diamond.narc!/member_02025,0,/application/zukanlist/zkn_data/zukan_enc_diamond.narc,91,2025,,52140,52164,12456,12480,24,1ec7533536da9bb76e8ff7848cfa0214b46ef9aa14353377cc992d4e6637cc89,0300000007000000080000000c000000,,,,,False,,,,,,,,,,False,False
/application/zukanlist/zkn_data/zukan_enc_diamond.narc,/application/zukanlist/zkn_data/zukan_enc_diamond.narc!/member_02026,0,/application/zukanlist/zkn_data/zukan_enc_diamond.narc,91,2026,,52164,52180,12480,12496,16,74a55e2bea4bed3ed8df61a123a2f8bb469f9ceb80e0f899e9c0f12a35bf5059,030000000b0000001400000000000000,,,,,False,,,,,,,,,,False,False
/application/zukanlist/zkn_data/zukan_enc_diamond.narc,/application/zukanlist/zkn_data/zukan_enc_diamond.narc!/member_02027,0,/application/zukanlist/zkn_data/zukan_enc_diamond.narc,91,2027,,52180,52184,12496,12500,4,df3f619804a92fdb4057192dc43dd748ea778adc52bc498ce80524c014b81119,00000000,,,,,False,,,,,,,,,,False,False
/application/zukanlist/zkn_data/zukan_enc_diamond.narc,/application/zukanlist/zkn_data/zukan_enc_diamond.narc!/member_02028,0,/application/zukanlist/zkn_data/zukan_enc_diamond.narc,91,2028,,52184,52188,12500,12504,4,df3f619804a92fdb4057192dc43dd748ea778adc52bc498ce80524c014b81119,00000000,,,,,False,,,,,,,,,,False,False
/application/zukanlist/zkn_data/zukan_enc_diamond.narc,/application/zukanlist/zkn_data/zukan_enc_diamond.narc!/member_02029,0,/application/zukanlist/zkn_data/zukan_enc_diamond.narc,91,2029,,52188,52192,12504,12508,4,df3f619804a92fdb4057192dc43dd748ea778adc52bc498ce80524c014b81119,00000000,,,,,False,,,,,,,,,,False,False
/application/zukanlist/zkn_data/zukan_enc_diamond.narc,/application/zukanlist/zkn_data/zukan_enc_diamond.narc!/member_02030,0,/application/zukanlist/zkn_data/zukan_enc_diamond.narc,91,2030,,52192,52200,12508,12516,8,f0a0278e4372459cca6159cd5e71cfee638302a7b9ca9b05c34181ac0a65ac5d,0400000000000000,,,,,False,,,,,,,,,,False,False
/application/zukanlist/zkn_data/zukan_enc_diamond.narc,/application/zukanlist/zkn_data/zukan_enc_diamond.narc!/member_02031,0,/application/zukanlist/zkn_data/zukan_enc_diamond.narc,91,2031,,52200,52204,12516,12520,4,df3f619804a92fdb4057192dc43dd748ea778adc52bc498ce80524c014b81119,00000000,,,,,False,,,,,,,,,,False,False
/application/zukanlist/zkn_data/zukan_enc_diamond.narc,/application/zukanlist/zkn_data/zukan_enc_diamond.narc!/member_02032,0,/application/zukanlist/zkn_data/zukan_enc_diamond.narc,91,2032,,52204,52208,12520,12524,4,df3f619804a92fdb4057192dc43dd748ea778adc52bc498ce80524c014b81119,00000000,,,,,False,,,,,,,,,,False,False
/application/zukanlist/zkn_data/zukan_enc_diamond.narc,/application/zukanlist/zkn_data/zukan_enc_diamond.narc!/member_02033,0,/application/zukanlist/zkn_data/zukan_enc_diamond.narc,91,2033,,52208,52212,12524,12528,4,df3f619804a92fdb4057192dc43dd748ea778adc52bc498ce80524c014b81119,00000000,,,,,False,,,,,,,,,,False,False
/application/zukanlist/zkn_data/zukan_enc_diamond.narc,/application/zukanlist/zkn_data/zukan_enc_diamond.narc!/member_02034,0,/application/zukanlist/zkn_data/zukan_enc_diamond.narc,91,2034,,52212,52216,12528,12532,4,df3f619804a92fdb4057192dc43dd748ea778adc52bc498ce80524c014b81119,00000000,,,,,False,,,,,,,,,,False,False
/application/zukanlist/zkn_data/zukan_enc_diamond.narc,/application/zukanlist/zkn_data/zukan_enc_diamond.narc!/member_02035,0,/application/zukanlist/zkn_data/zukan_enc_diamond.narc,91,2035,,52216,52220,12532,12536,4,df3f619804a92fdb4057192dc43dd748ea778adc52bc498ce80524c014b81119,00000000,,,,,False,,,,,,,,,,False,False
/application/zukanlist/zkn_data/zukan_enc_diamond.narc,/application/zukanlist/zkn_data/zukan_enc_diamond.narc!/member_02036,0,/application/zukanlist/zkn_data/zukan_enc_diamond.narc,91,2036,,52220,52228,12536,12544,8,18d8d609947c6b82b9607704ae40d3317038e709238514de750b5c7411ba4c20,0e00000000000000,,,,,False,,,,,,,,,,False,False
/application/zukanlist/zkn_data/zukan_enc_diamond.narc,/application/zukanlist/zkn_data/zukan_enc_diamond.narc!/member_02037,0,/application/zukanlist/zkn_data/zukan_enc_diamond.narc,91,2037,,52228,52232,12544,12548,4,df3f619804a92fdb4057192dc43dd748ea778adc52bc498ce80524c014b81119,00000000,,,,,False,,,,,,,,,,False,False
/application/zukanlist/zkn_data/zukan_enc_diamond.narc,/application/zukanlist/zkn_data/zukan_enc_diamond.narc!/member_02038,0,/application/zukanlist/zkn_data/zukan_enc_diamond.narc,91,2038,,52232,52244,12548,12560,12,43f7d4592c66061b0b8134f696eaa3293e5664e4fe15b7e0ec8791c5320ec22a,070000000800000000000000,,,,,False,,,,,,,,,,False,False
/application/zukanlist/zkn_data/zukan_enc_diamond.narc,/application/zukanlist/zkn_data/zukan_enc_diamond.narc!/member_02039,0,/application/zukanlist/zkn_data/zukan_enc_diamond.narc,91,2039,,52244,52256,12560,12572,12,59bebf24d7447f9f5750eb4ddf6248ad0417bd29aa538ac07ab6349f9c4c71f6,040000000a00000000000000,,,,,False,,,,,,,,,,False,False
/application/zukanlist/zkn_data/zukan_enc_diamond.narc,/application/zukanlist/zkn_data/zukan_enc_diamond.narc!/member_02040,0,/application/zukanlist/zkn_data/zukan_enc_diamond.narc,91,2040,,52256,52260,12572,12576,4,df3f619804a92fdb4057192dc43dd748ea778adc52bc498ce80524c014b81119,00000000,,,,,False,,,,,,,,,,False,False
/application/zukanlist/zkn_data/zukan_enc_diamond.narc,/application/zukanlist/zkn_data/zukan_enc_diamond.narc!/member_02041,0,/application/zukanlist/zkn_data/zukan_enc_diamond.narc,91,2041,,52260,52264,12576,12580,4,df3f619804a92fdb4057192dc43dd748ea778adc52bc498ce80524c014b81119,00000000,,,,,False,,,,,,,,,,False,False
/application/zukanlist/zkn_data/zukan_enc_diamond.narc,/application/zukanlist/zkn_data/zukan_enc_diamond.narc!/member_02042,0,/application/zukanlist/zkn_data/zukan_enc_diamond.narc,91,2042,,52264,52268,12580,12584,4,df3f619804a92fdb4057192dc43dd748ea778adc52bc498ce80524c014b81119,00000000,,,,,False,,,,,,,,,,False,False
/application/zukanlist/zkn_data/zukan_enc_diamond.narc,/application/zukanlist/zkn_data/zukan_enc_diamond.narc!/member_02043,0,/application/zukanlist/zkn_data/zukan_enc_diamond.narc,91,2043,,52268,52272,12584,12588,4,df3f619804a92fdb4057192dc43dd748ea778adc52bc498ce80524c014b81119,00000000,,,,,False,,,,,,,,,,False,False
/application/zukanlist/zkn_data/zukan_enc_diamond.narc,/application/zukanlist/zkn_data/zukan_enc_diamond.narc!/member_02044,0,/application/zukanlist/zkn_data/zukan_enc_diamond.narc,91,2044,,52272,52276,12588,12592,4,df3f619804a92fdb4057192dc43dd748ea778adc52bc498ce80524c014b81119,00000000,,,,,False,,,,,,,,,,False,False
/application/zukanlist/zkn_data/zukan_enc_diamond.narc,/application/zukanlist/zkn_data/zukan_enc_diamond.narc!/member_02045,0,/application/zukanlist/zkn_data/zukan_enc_diamond.narc,91,2045,,52276,52280,12592,12596,4,df3f619804a92fdb4057192dc43dd748ea778adc52bc498ce80524c014b81119,00000000,,,,,False,,,,,,,,,,False,False
/application/zukanlist/zkn_data/zukan_enc_diamond.narc,/application/zukanlist/zkn_data/zukan_enc_diamond.narc!/member_02046,0,/application/zukanlist/zkn_data/zukan_enc_diamond.narc,91,2046,,52280,52284,12596,12600,4,df3f619804a92fdb4057192dc43dd748ea778adc52bc498ce80524c014b81119,00000000,,,,,False,,,,,,,,,,False,False
/application/zukanlist/zkn_data/zukan_enc_diamond.narc,/application/zukanlist/zkn_data/zukan_enc_diamond.narc!/member_02047,0,/application/zukanlist/zkn_data/zukan_enc_diamond.narc,91,2047,,52284,52288,12600,12604,4,df3f619804a92fdb4057192dc43dd748ea778adc52bc498ce80524c014b81119,00000000,,,,,False,,,,,,,,,,False,False
/application/zukanlist/zkn_data/zukan_enc_diamond.narc,/application/zukanlist/zkn_data/zukan_enc_diamond.narc!/member_02048,0,/application/zukanlist/zkn_data/zukan_enc_diamond.narc,91,2048,,52288,52296,12604,12612,8,23d7f42b1cdc1f0d492ebd756ed0fe8003995dda554d99418d47a81813650207,0600000000000000,,,,,False,,,,,,,,,,False,False
/application/zukanlist/zkn_data/zukan_enc_diamond.narc,/application/zukanlist/zkn_data/zukan_enc_diamond.narc!/member_02049,0,/application/zukanlist/zkn_data/zukan_enc_diamond.narc,91,2049,,52296,52300,12612,12616,4,df3f619804a92fdb4057192dc43dd748ea778adc52bc498ce80524c014b81119,00000000,,,,,False,,,,,,,,,,False,False
/application/zukanlist/zkn_data/zukan_enc_diamond.narc,/application/zukanlist/zkn_data/zukan_enc_diamond.narc!/member_02050,0,/application/zukanlist/zkn_data/zukan_enc_diamond.narc,91,2050,,52300,52308,12616,12624,8,35be322d094f9d154a8aba4733b8497f180353bd7ae7b0a15f90b586b549f28b,0300000000000000,,,,,False,,,,,,,,,,False,False
/application/zukanlist/zkn_data/zukan_enc_diamond.narc,/application/zukanlist/zkn_data/zukan_enc_diamond.narc!/member_02051,0,/application/zukanlist/zkn_data/zukan_enc_diamond.narc,91,2051,,52308,52320,12624,12636,12,656d161f98e952a376323ae2ff86c6a8af5b3c9f93c7901cda817d6dde464270,030000000600000000000000,,,,,False,,,,,,,,,,False,False
/application/zukanlist/zkn_data/zukan_enc_diamond.narc,/application/zukanlist/zkn_data/zukan_enc_diamond.narc!/member_02052,0,/application/zukanlist/zkn_data/zukan_enc_diamond.narc,91,2052,,52320,52324,12636,12640,4,df3f619804a92fdb4057192dc43dd748ea778adc52bc498ce80524c014b81119,00000000,,,,,False,,,,,,,,,,False,False
/application/zukanlist/zkn_data/zukan_enc_diamond.narc,/application/zukanlist/zkn_data/zukan_enc_diamond.narc!/member_02053,0,/application/zukanlist/zkn_data/zukan_enc_diamond.narc,91,2053,,52324,52328,12640,12644,4,df3f619804a92fdb4057192dc43dd748ea778adc52bc498ce80524c014b81119,00000000,,,,,False,,,,,,,,,,False,False
/application/zukanlist/zkn_data/zukan_enc_diamond.narc,/application/zukanlist/zkn_data/zukan_enc_diamond.narc!/member_02054,0,/application/zukanlist/zkn_data/zukan_enc_diamond.narc,91,2054,,52328,52332,12644,12648,4,df3f619804a92fdb4057192dc43dd748ea778adc52bc498ce80524c014b81119,00000000,,,,,False,,,,,,,,,,False,False
/application/zukanlist/zkn_data/zukan_enc_diamond.narc,/application/zukanlist/zkn_data/zukan_enc_diamond.narc!/member_02055,0,/application/zukanlist/zkn_data/zukan_enc_diamond.narc,91,2055,,52332,52336,12648,12652,4,df3f619804a92fdb4057192dc43dd748ea778adc52bc498ce80524c014b81119,00000000,,,,,False,,,,,,,,,,False,False
/application/zukanlist/zkn_data/zukan_enc_diamond.narc,/application/zukanlist/zkn_data/zukan_enc_diamond.narc!/member_02056,0,/application/zukanlist/zkn_data/zukan_enc_diamond.narc,91,2056,,52336,52340,12652,12656,4,df3f619804a92fdb4057192dc43dd748ea778adc52bc498ce80524c014b81119,00000000,,,,,False,,,,,,,,,,False,False
/application/zukanlist/zkn_data/zukan_enc_diamond.narc,/application/zukanlist/zkn_data/zukan_enc_diamond.narc!/member_02057,0,/application/zukanlist/zkn_data/zukan_enc_diamond.narc,91,2057,,52340,52344,12656,12660,4,df3f619804a92fdb4057192dc43dd748ea778adc52bc498ce80524c014b81119,00000000,,,,,False,,,,,,,,,,False,False
/application/zukanlist/zkn_data/zukan_enc_diamond.narc,/application/zukanlist/zkn_data/zukan_enc_diamond.narc!/member_02058,0,/application/zukanlist/zkn_data/zukan_enc_diamond.narc,91,2058,,52344,52372,12660,12688,28,4354962fab7be20a31b3cff8b1d8af30d339a66454ff22074f4a8a7570268120,0100000008000000090000000c000000,,,,,False,,,,,,,,,,False,False
/application/zukanlist/zkn_data/zukan_enc_diamond.narc,/application/zukanlist/zkn_data/zukan_enc_diamond.narc!/member_02059,0,/application/zukanlist/zkn_data/zukan_enc_diamond.narc,91,2059,,52372,52380,12688,12696,8,a4bd89d0c3e16ec03c5436d0b9b8eb1a934beeac808447459e5ee2f9a23e97d7,0f00000000000000,,,,,False,,,,,,,,,,False,False
/application/zukanlist/zkn_data/zukan_enc_diamond.narc,/application/zukanlist/zkn_data/zukan_enc_diamond.narc!/member_02060,0,/application/zukanlist/zkn_data/zukan_enc_diamond.narc,91,2060,,52380,52384,12696,12700,4,df3f619804a92fdb4057192dc43dd748ea778adc52bc498ce80524c014b81119,00000000,,,,,False,,,,,,,,,,False,False
/application/zukanlist/zkn_data/zukan_enc_diamond.narc,/application/zukanlist/zkn_data/zukan_enc_diamond.narc!/member_02061,0,/application/zukanlist/zkn_data/zukan_enc_diamond.narc,91,2061,,52384,52388,12700,12704,4,df3f619804a92fdb4057192dc43dd748ea778adc52bc498ce80524c014b81119,00000000,,,,,False,,,,,,,,,,False,False
/application/zukanlist/zkn_data/zukan_enc_diamond.narc,/application/zukanlist/zkn_data/zukan_enc_diamond.narc!/member_02062,0,/application/zukanlist/zkn_data/zukan_enc_diamond.narc,91,2062,,52388,52392,12704,12708,4,df3f619804a92fdb4057192dc43dd748ea778adc52bc498ce80524c014b81119,00000000,,,,,False,,,,,,,,,,False,False
/application/zukanlist/zkn_data/zukan_enc_diamond.narc,/application/zukanlist/zkn_data/zukan_enc_diamond.narc!/member_02063,0,/application/zukanlist/zkn_data/zukan_enc_diamond.narc,91,2063,,52392,52396,12708,12712,4,df3f619804a92fdb4057192dc43dd748ea778adc52bc498ce80524c014b81119,00000000,,,,,False,,,,,,,,,,False,False
/application/zukanlist/zkn_data/zukan_enc_diamond.narc,/application/zukanlist/zkn_data/zukan_enc_diamond.narc!/member_02064,0,/application/zukanlist/zkn_data/zukan_enc_diamond.narc,91,2064,,52396,52400,12712,12716,4,df3f619804a92fdb4057192dc43dd748ea778adc52bc498ce80524c014b81119,00000000,,,,,False,,,,,,,,,,False,False
/application/zukanlist/zkn_data/zukan_enc_diamond.narc,/application/zukanlist/zkn_data/zukan_enc_diamond.narc!/member_02065,0,/application/zukanlist/zkn_data/zukan_enc_diamond.narc,91,2065,,52400,52404,12716,12720,4,df3f619804a92fdb4057192dc43dd748ea778adc52bc498ce80524c014b81119,00000000,,,,,False,,,,,,,,,,False,False
/application/zukanlist/zkn_data/zukan_enc_diamond.narc,/application/zukanlist/zkn_data/zukan_enc_diamond.narc!/member_02066,0,/application/zukanlist/zkn_data/zukan_enc_diamond.narc,91,2066,,52404,52408,12720,12724,4,df3f619804a92fdb4057192dc43dd748ea778adc52bc498ce80524c014b81119,00000000,,,,,False,,,,,,,,,,False,False
/application/zukanlist/zkn_data/zukan_enc_diamond.narc,/application/zukanlist/zkn_data/zukan_enc_diamond.narc!/member_02067,0,/application/zukanlist/zkn_data/zukan_enc_diamond.narc,91,2067,,52408,52412,12724,12728,4,df3f619804a92fdb4057192dc43dd748ea778adc52bc498ce80524c014b81119,00000000,,,,,False,,,,,,,,,,False,False
/application/zukanlist/zkn_data/zukan_enc_diamond.narc,/application/zukanlist/zkn_data/zukan_enc_diamond.narc!/member_02068,0,/application/zukanlist/zkn_data/zukan_enc_diamond.narc,91,2068,,52412,52416,12728,12732,4,df3f619804a92fdb4057192dc43dd748ea778adc52bc498ce80524c014b81119,00000000,,,,,False,,,,,,,,,,False,False
/application/zukanlist/zkn_data/zukan_enc_diamond.narc,/application/zukanlist/zkn_data/zukan_enc_diamond.narc!/member_02069,0,/application/zukanlist/zkn_data/zukan_enc_diamond.narc,91,2069,,52416,52420,12732,12736,4,df3f619804a92fdb4057192dc43dd748ea778adc52bc498ce80524c014b81119,00000000,,,,,False,,,,,,,,,,False,False
/application/zukanlist/zkn_data/zukan_enc_diamond.narc,/application/zukanlist/zkn_data/zukan_enc_diamond.narc!/member_02070,0,/application/zukanlist/zkn_data/zukan_enc_diamond.narc,91,2070,,52420,52424,12736,12740,4,df3f619804a92fdb4057192dc43dd748ea778adc52bc498ce80524c014b81119,00000000,,,,,False,,,,,,,,,,False,False
/application/zukanlist/zkn_data/zukan_enc_diamond.narc,/application/zukanlist/zkn_data/zukan_enc_diamond.narc!/member_02071,0,/application/zukanlist/zkn_data/zukan_enc_diamond.narc,91,2071,,52424,52428,12740,12744,4,df3f619804a92fdb4057192dc43dd748ea778adc52bc498ce80524c014b81119,00000000,,,,,False,,,,,,,,,,False,False
/application/zukanlist/zkn_data/zukan_enc_diamond.narc,/application/zukanlist/zkn_data/zukan_enc_diamond.narc!/member_02072,0,/application/zukanlist/zkn_data/zukan_enc_diamond.narc,91,2072,,52428,52432,12744,12748,4,df3f619804a92fdb4057192dc43dd748ea778adc52bc498ce80524c014b81119,00000000,,,,,False,,,,,,,,,,False,False
/application/zukanlist/zkn_data/zukan_enc_diamond.narc,/application/zukanlist/zkn_data/zukan_enc_diamond.narc!/member_02073,0,/application/zukanlist/zkn_data/zukan_enc_diamond.narc,91,2073,,52432,52436,12748,12752,4,df3f619804a92fdb4057192dc43dd748ea778adc52bc498ce80524c014b81119,00000000,,,,,False,,,,,,,,,,False,False
/application/zukanlist/zkn_data/zukan_enc_diamond.narc,/application/zukanlist/zkn_data/zukan_enc_diamond.narc!/member_02074,0,/application/zukanlist/zkn_data/zukan_enc_diamond.narc,91,2074,,52436,52440,12752,12756,4,df3f619804a92fdb4057192dc43dd748ea778adc52bc498ce80524c014b81119,00000000,,,,,False,,,,,,,,,,False,False
/application/zukanlist/zkn_data/zukan_enc_diamond.narc,/application/zukanlist/zkn_data/zukan_enc_diamond.narc!/member_02075,0,/application/zukanlist/zkn_data/zukan_enc_diamond.narc,91,2075,,52440,52444,12756,12760,4,df3f619804a92fdb4057192dc43dd748ea778adc52bc498ce80524c014b81119,00000000,,,,,False,,,,,,,,,,False,False
/application/zukanlist/zkn_data/zukan_enc_diamond.narc,/application/zukanlist/zkn_data/zukan_enc_diamond.narc!/member_02076,0,/application/zukanlist/zkn_data/zukan_enc_diamond.narc,91,2076,,52444,52456,12760,12772,12,44b136e5054b93f9253e054a05af9da587a3858a4b4c3712fc7b05f93afbb169,100000001400000000000000,,Nintendo LZ10,Probable,,True,Nintendo LZ10,Probable,True,20,False,,,,,False,False
/application/zukanlist/zkn_data/zukan_enc_diamond.narc,/application/zukanlist/zkn_data/zukan_enc_diamond.narc!/member_02077,0,/application/zukanlist/zkn_data/zukan_enc_diamond.narc,91,2077,,52456,52464,12772,12780,8,a111f275cc2e7588000001d300a31e76336d15b9d314cd1a1d8f3d3556975eed,0a00000000000000,,,,,False,,,,,,,,,,False,False
/application/zukanlist/zkn_data/zukan_enc_diamond.narc,/application/zukanlist/zkn_data/zukan_enc_diamond.narc!/member_02078,0,/application/zukanlist/zkn_data/zukan_enc_diamond.narc,91,2078,,52464,52468,12780,12784,4,df3f619804a92fdb4057192dc43dd748ea778adc52bc498ce80524c014b81119,00000000,,,,,False,,,,,,,,,,False,False
/application/zukanlist/zkn_data/zukan_enc_diamond.narc,/application/zukanlist/zkn_data/zukan_enc_diamond.narc!/member_02079,0,/application/zukanlist/zkn_data/zukan_enc_diamond.narc,91,2079,,52468,52484,12784,12800,16,9f1f5cc4a086b19e5217e4ac08a2351b1a02bef2d62585be236055e14064bb86,060000000b0000000f00000000000000,,,,,False,,,,,,,,,,False,False
/application/zukanlist/zkn_data/zukan_enc_diamond.narc,/application/zukanlist/zkn_data/zukan_enc_diamond.narc!/member_02080,0,/application/zukanlist/zkn_data/zukan_enc_diamond.narc,91,2080,,52484,52488,12800,12804,4,df3f619804a92fdb4057192dc43dd748ea778adc52bc498ce80524c014b81119,00000000,,,,,False,,,,,,,,,,False,False
/application/zukanlist/zkn_data/zukan_enc_diamond.narc,/application/zukanlist/zkn_data/zukan_enc_diamond.narc!/member_02081,0,/application/zukanlist/zkn_data/zukan_enc_diamond.narc,91,2081,,52488,52492,12804,12808,4,df3f619804a92fdb4057192dc43dd748ea778adc52bc498ce80524c014b81119,00000000,,,,,False,,,,,,,,,,False,False
/application/zukanlist/zkn_data/zukan_enc_diamond.narc,/application/zukanlist/zkn_data/zukan_enc_diamond.narc!/member_02082,0,/application/zukanlist/zkn_data/zukan_enc_diamond.narc,91,2082,,52492,52496,12808,12812,4,df3f619804a92fdb4057192dc43dd748ea778adc52bc498ce80524c014b81119,00000000,,,,,False,,,,,,,,,,False,False
/application/zukanlist/zkn_data/zukan_enc_diamond.narc,/application/zukanlist/zkn_data/zukan_enc_diamond.narc!/member_02083,0,/application/zukanlist/zkn_data/zukan_enc_diamond.narc,91,2083,,52496,52500,12812,12816,4,df3f619804a92fdb4057192dc43dd748ea778adc52bc498ce80524c014b81119,00000000,,,,,False,,,,,,,,,,False,False
/application/zukanlist/zkn_data/zukan_enc_diamond.narc,/application/zukanlist/zkn_data/zukan_enc_diamond.narc!/member_02084,0,/application/zukanlist/zkn_data/zukan_enc_diamond.narc,91,2084,,52500,52504,12816,12820,4,df3f619804a92fdb4057192dc43dd748ea778adc52bc498ce80524c014b81119,00000000,,,,,False,,,,,,,,,,False,False
/application/zukanlist/zkn_data/zukan_enc_diamond.narc,/application/zukanlist/zkn_data/zukan_enc_diamond.narc!/member_02085,0,/application/zukanlist/zkn_data/zukan_enc_diamond.narc,91,2085,,52504,52508,12820,12824,4,df3f619804a92fdb4057192dc43dd748ea778adc52bc498ce80524c014b81119,00000000,,,,,False,,,,,,,,,,False,False
/application/zukanlist/zkn_data/zukan_enc_diamond.narc,/application/zukanlist/zkn_data/zukan_enc_diamond.narc!/member_02086,0,/application/zukanlist/zkn_data/zukan_enc_diamond.narc,91,2086,,52508,52516,12824,12832,8,f0a0278e4372459cca6159cd5e71cfee638302a7b9ca9b05c34181ac0a65ac5d,0400000000000000,,,,,False,,,,,,,,,,False,False
/application/zukanlist/zkn_data/zukan_enc_diamond.narc,/application/zukanlist/zkn_data/zukan_enc_diamond.narc!/member_02087,0,/application/zukanlist/zkn_data/zukan_enc_diamond.narc,91,2087,,52516,52520,12832,12836,4,df3f619804a92fdb4057192dc43dd748ea778adc52bc498ce80524c014b81119,00000000,,,,,False,,,,,,,,,,False,False
/application/zukanlist/zkn_data/zukan_enc_diamond.narc,/application/zukanlist/zkn_data/zukan_enc_diamond.narc!/member_02088,0,/application/zukanlist/zkn_data/zukan_enc_diamond.narc,91,2088,,52520,52524,12836,12840,4,df3f619804a92fdb4057192dc43dd748ea778adc52bc498ce80524c014b81119,00000000,,,,,False,,,,,,,,,,False,False
/application/zukanlist/zkn_data/zukan_enc_diamond.narc,/application/zukanlist/zkn_data/zukan_enc_diamond.narc!/member_02089,0,/application/zukanlist/zkn_data/zukan_enc_diamond.narc,91,2089,,52524,52528,12840,12844,4,df3f619804a92fdb4057192dc43dd748ea778adc52bc498ce80524c014b81119,00000000,,,,,False,,,,,,,,,,False,False
/application/zukanlist/zkn_data/zukan_enc_diamond.narc,/application/zukanlist/zkn_data/zukan_enc_diamond.narc!/member_02090,0,/application/zukanlist/zkn_data/zukan_enc_diamond.narc,91,2090,,52528,52532,12844,12848,4,df3f619804a92fdb4057192dc43dd748ea778adc52bc498ce80524c014b81119,00000000,,,,,False,,,,,,,,,,False,False
/application/zukanlist/zkn_data/zukan_enc_diamond.narc,/application/zukanlist/zkn_data/zukan_enc_diamond.narc!/member_02091,0,/application/zukanlist/zkn_data/zukan_enc_diamond.narc,91,2091,,52532,52536,12848,12852,4,df3f619804a92fdb4057192dc43dd748ea778adc52bc498ce80524c014b81119,00000000,,,,,False,,,,,,,,,,False,False
/application/zukanlist/zkn_data/zukan_enc_diamond.narc,/application/zukanlist/zkn_data/zukan_enc_diamond.narc!/member_02092,0,/application/zukanlist/zkn_data/zukan_enc_diamond.narc,91,2092,,52536,52540,12852,12856,4,df3f619804a92fdb4057192dc43dd748ea778adc52bc498ce80524c014b81119,00000000,,,,,False,,,,,,,,,,False,False
/application/zukanlist/zkn_data/zukan_enc_diamond.narc,/application/zukanlist/zkn_data/zukan_enc_diamond.narc!/member_02093,0,/application/zukanlist/zkn_data/zukan_enc_diamond.narc,91,2093,,52540,52544,12856,12860,4,df3f619804a92fdb4057192dc43dd748ea778adc52bc498ce80524c014b81119,00000000,,,,,False,,,,,,,,,,False,False
/application/zukanlist/zkn_data/zukan_enc_diamond.narc,/application/zukanlist/zkn_data/zukan_enc_diamond.narc!/member_02094,0,/application/zukanlist/zkn_data/zukan_enc_diamond.narc,91,2094,,52544,52552,12860,12868,8,cbbd5f990c53684d7ae650b40fcb5656e02261b53da5f6a7d8c819c92f2828f8,0900000000000000,,,,,False,,,,,,,,,,False,False
/application/zukanlist/zkn_data/zukan_enc_diamond.narc,/application/zukanlist/zkn_data/zukan_enc_diamond.narc!/member_02095,0,/application/zukanlist/zkn_data/zukan_enc_diamond.narc,91,2095,,52552,52556,12868,12872,4,df3f619804a92fdb4057192dc43dd748ea778adc52bc498ce80524c014b81119,00000000,,,,,False,,,,,,,,,,False,False
/application/zukanlist/zkn_data/zukan_enc_diamond.narc,/application/zukanlist/zkn_data/zukan_enc_diamond.narc!/member_02096,0,/application/zukanlist/zkn_data/zukan_enc_diamond.narc,91,2096,,52556,52560,12872,12876,4,df3f619804a92fdb4057192dc43dd748ea778adc52bc498ce80524c014b81119,00000000,,,,,False,,,,,,,,,,False,False
/application/zukanlist/zkn_data/zukan_enc_diamond.narc,/application/zukanlist/zkn_data/zukan_enc_diamond.narc!/member_02097,0,/application/zukanlist/zkn_data/zukan_enc_diamond.narc,91,2097,,52560,52568,12876,12884,8,18d8d609947c6b82b9607704ae40d3317038e709238514de750b5c7411ba4c20,0e00000000000000,,,,,False,,,,,,,,,,False,False
/application/zukanlist/zkn_data/zukan_enc_diamond.narc,/application/zukanlist/zkn_data/zukan_enc_diamond.narc!/member_02098,0,/application/zukanlist/zkn_data/zukan_enc_diamond.narc,91,2098,,52568,52572,12884,12888,4,df3f619804a92fdb4057192dc43dd748ea778adc52bc498ce80524c014b81119,00000000,,,,,False,,,,,,,,,,False,False
/application/zukanlist/zkn_data/zukan_enc_diamond.narc,/application/zukanlist/zkn_data/zukan_enc_diamond.narc!/member_02099,0,/application/zukanlist/zkn_data/zukan_enc_diamond.narc,91,2099,,52572,52580,12888,12896,8,f0a0278e4372459cca6159cd5e71cfee638302a7b9ca9b05c34181ac0a65ac5d,0400000000000000,,,,,False,,,,,,,,,,False,False
/application/zukanlist/zkn_data/zukan_enc_diamond.narc,/application/zukanlist/zkn_data/zukan_enc_diamond.narc!/member_02100,0,/application/zukanlist/zkn_data/zukan_enc_diamond.narc,91,2100,,52580,52584,12896,12900,4,df3f619804a92fdb4057192dc43dd748ea778adc52bc498ce80524c014b81119,00000000,,,,,False,,,,,,,,,,False,False
/application/zukanlist/zkn_data/zukan_enc_diamond.narc,/application/zukanlist/zkn_data/zukan_enc_diamond.narc!/member_02101,0,/application/zukanlist/zkn_data/zukan_enc_diamond.narc,91,2101,,52584,52588,12900,12904,4,df3f619804a92fdb4057192dc43dd748ea778adc52bc498ce80524c014b81119,00000000,,,,,False,,,,,,,,,,False,False
/application/zukanlist/zkn_data/zukan_enc_diamond.narc,/application/zukanlist/zkn_data/zukan_enc_diamond.narc!/member_02102,0,/application/zukanlist/zkn_data/zukan_enc_diamond.narc,91,2102,,52588,52592,12904,12908,4,df3f619804a92fdb4057192dc43dd748ea778adc52bc498ce80524c014b81119,00000000,,,,,False,,,,,,,,,,False,False
/application/zukanlist/zkn_data/zukan_enc_diamond.narc,/application/zukanlist/zkn_data/zukan_enc_diamond.narc!/member_02103,0,/application/zukanlist/zkn_data/zukan_enc_diamond.narc,91,2103,,52592,52596,12908,12912,4,df3f619804a92fdb4057192dc43dd748ea778adc52bc498ce80524c014b81119,00000000,,,,,False,,,,,,,,,,False,False
/application/zukanlist/zkn_data/zukan_enc_diamond.narc,/application/zukanlist/zkn_data/zukan_enc_diamond.narc!/member_02104,0,/application/zukanlist/zkn_data/zukan_enc_diamond.narc,91,2104,,52596,52600,12912,12916,4,df3f619804a92fdb4057192dc43dd748ea778adc52bc498ce80524c014b81119,00000000,,,,,False,,,,,,,,,,False,False
/application/zukanlist/zkn_data/zukan_enc_diamond.narc,/application/zukanlist/zkn_data/zukan_enc_diamond.narc!/member_02105,0,/application/zukanlist/zkn_data/zukan_enc_diamond.narc,91,2105,,52600,52604,12916,12920,4,df3f619804a92fdb4057192dc43dd748ea778adc52bc498ce80524c014b81119,00000000,,,,,False,,,,,,,,,,False,False
/application/zukanlist/zkn_data/zukan_enc_diamond.narc,/application/zukanlist/zkn_data/zukan_enc_diamond.narc!/member_02106,0,/application/zukanlist/zkn_data/zukan_enc_diamond.narc,91,2106,,52604,52608,12920,12924,4,df3f619804a92fdb4057192dc43dd748ea778adc52bc498ce80524c014b81119,00000000,,,,,False,,,,,,,,,,False,False
/application/zukanlist/zkn_data/zukan_enc_diamond.narc,/application/zukanlist/zkn_data/zukan_enc_diamond.narc!/member_02107,0,/application/zukanlist/zkn_data/zukan_enc_diamond.narc,91,2107,,52608,52612,12924,12928,4,df3f619804a92fdb4057192dc43dd748ea778adc52bc498ce80524c014b81119,00000000,,,,,False,,,,,,,,,,False,False
/application/zukanlist/zkn_data/zukan_enc_diamond.narc,/application/zukanlist/zkn_data/zukan_enc_diamond.narc!/member_02108,0,/application/zukanlist/zkn_data/zukan_enc_diamond.narc,91,2108,,52612,52616,12928,12932,4,df3f619804a92fdb4057192dc43dd748ea778adc52bc498ce80524c014b81119,00000000,,,,,False,,,,,,,,,,False,False
/application/zukanlist/zkn_data/zukan_enc_diamond.narc,/application/zukanlist/zkn_data/zukan_enc_diamond.narc!/member_02109,0,/application/zukanlist/zkn_data/zukan_enc_diamond.narc,91,2109,,52616,52620,12932,12936,4,df3f619804a92fdb4057192dc43dd748ea778adc52bc498ce80524c014b81119,00000000,,,,,False,,,,,,,,,,False,False
/application/zukanlist/zkn_data/zukan_enc_diamond.narc,/application/zukanlist/zkn_data/zukan_enc_diamond.narc!/member_02110,0,/application/zukanlist/zkn_data/zukan_enc_diamond.narc,91,2110,,52620,52624,12936,12940,4,df3f619804a92fdb4057192dc43dd748ea778adc52bc498ce80524c014b81119,00000000,,,,,False,,,,,,,,,,False,False
/application/zukanlist/zkn_data/zukan_enc_diamond.narc,/application/zukanlist/zkn_data/zukan_enc_diamond.narc!/member_02111,0,/application/zukanlist/zkn_data/zukan_enc_diamond.narc,91,2111,,52624,52628,12940,12944,4,df3f619804a92fdb4057192dc43dd748ea778adc52bc498ce80524c014b81119,00000000,,,,,False,,,,,,,,,,False,False
/application/zukanlist/zkn_data/zukan_enc_diamond.narc,/application/zukanlist/zkn_data/zukan_enc_diamond.narc!/member_02112,0,/application/zukanlist/zkn_data/zukan_enc_diamond.narc,91,2112,,52628,52632,12944,12948,4,df3f619804a92fdb4057192dc43dd748ea778adc52bc498ce80524c014b81119,00000000,,,,,False,,,,,,,,,,False,False
/application/zukanlist/zkn_data/zukan_enc_diamond.narc,/application/zukanlist/zkn_data/zukan_enc_diamond.narc!/member_02113,0,/application/zukanlist/zkn_data/zukan_enc_diamond.narc,91,2113,,52632,52636,12948,12952,4,df3f619804a92fdb4057192dc43dd748ea778adc52bc498ce80524c014b81119,00000000,,,,,False,,,,,,,,,,False,False
/application/zukanlist/zkn_data/zukan_enc_diamond.narc,/application/zukanlist/zkn_data/zukan_enc_diamond.narc!/member_02114,0,/application/zukanlist/zkn_data/zukan_enc_diamond.narc,91,2114,,52636,52640,12952,12956,4,df3f619804a92fdb4057192dc43dd748ea778adc52bc498ce80524c014b81119,00000000,,,,,False,,,,,,,,,,False,False
/application/zukanlist/zkn_data/zukan_enc_diamond.narc,/application/zukanlist/zkn_data/zukan_enc_diamond.narc!/member_02115,0,/application/zukanlist/zkn_data/zukan_enc_diamond.narc,91,2115,,52640,52644,12956,12960,4,df3f619804a92fdb4057192dc43dd748ea778adc52bc498ce80524c014b81119,00000000,,,,,False,,,,,,,,,,False,False
/application/zukanlist/zkn_data/zukan_enc_diamond.narc,/application/zukanlist/zkn_data/zukan_enc_diamond.narc!/member_02116,0,/application/zukanlist/zkn_data/zukan_enc_diamond.narc,91,2116,,52644,52648,12960,12964,4,df3f619804a92fdb4057192dc43dd748ea778adc52bc498ce80524c014b81119,00000000,,,,,False,,,,,,,,,,False,False
/application/zukanlist/zkn_data/zukan_enc_diamond.narc,/application/zukanlist/zkn_data/zukan_enc_diamond.narc!/member_02117,0,/application/zukanlist/zkn_data/zukan_enc_diamond.narc,91,2117,,52648,52656,12964,12972,8,18d8d609947c6b82b9607704ae40d3317038e709238514de750b5c7411ba4c20,0e00000000000000,,,,,False,,,,,,,,,,False,False
/application/zukanlist/zkn_data/zukan_enc_diamond.narc,/application/zukanlist/zkn_data/zukan_enc_diamond.narc!/member_02118,0,/application/zukanlist/zkn_data/zukan_enc_diamond.narc,91,2118,,52656,52660,12972,12976,4,df3f619804a92fdb4057192dc43dd748ea778adc52bc498ce80524c014b81119,00000000,,,,,False,,,,,,,,,,False,False
/application/zukanlist/zkn_data/zukan_enc_diamond.narc,/application/zukanlist/zkn_data/zukan_enc_diamond.narc!/member_02119,0,/application/zukanlist/zkn_data/zukan_enc_diamond.narc,91,2119,,52660,52664,12976,12980,4,df3f619804a92fdb4057192dc43dd748ea778adc52bc498ce80524c014b81119,00000000,,,,,False,,,,,,,,,,False,False
/application/zukanlist/zkn_data/zukan_enc_diamond.narc,/application/zukanlist/zkn_data/zukan_enc_diamond.narc!/member_02120,0,/application/zukanlist/zkn_data/zukan_enc_diamond.narc,91,2120,,52664,52668,12980,12984,4,df3f619804a92fdb4057192dc43dd748ea778adc52bc498ce80524c014b81119,00000000,,,,,False,,,,,,,,,,False,False
/application/zukanlist/zkn_data/zukan_enc_diamond.narc,/application/zukanlist/zkn_data/zukan_enc_diamond.narc!/member_02121,0,/application/zukanlist/zkn_data/zukan_enc_diamond.narc,91,2121,,52668,52676,12984,12992,8,18d8d609947c6b82b9607704ae40d3317038e709238514de750b5c7411ba4c20,0e00000000000000,,,,,False,,,,,,,,,,False,False
/application/zukanlist/zkn_data/zukan_enc_diamond.narc,/application/zukanlist/zkn_data/zukan_enc_diamond.narc!/member_02122,0,/application/zukanlist/zkn_data/zukan_enc_diamond.narc,91,2122,,52676,52680,12992,12996,4,df3f619804a92fdb4057192dc43dd748ea778adc52bc498ce80524c014b81119,00000000,,,,,False,,,,,,,,,,False,False
/application/zukanlist/zkn_data/zukan_enc_diamond.narc,/application/zukanlist/zkn_data/zukan_enc_diamond.narc!/member_02123,0,/application/zukanlist/zkn_data/zukan_enc_diamond.narc,91,2123,,52680,52684,12996,13000,4,df3f619804a92fdb4057192dc43dd748ea778adc52bc498ce80524c014b81119,00000000,,,,,False,,,,,,,,,,False,False
/application/zukanlist/zkn_data/zukan_enc_diamond.narc,/application/zukanlist/zkn_data/zukan_enc_diamond.narc!/member_02124,0,/application/zukanlist/zkn_data/zukan_enc_diamond.narc,91,2124,,52684,52688,13000,13004,4,df3f619804a92fdb4057192dc43dd748ea778adc52bc498ce80524c014b81119,00000000,,,,,False,,,,,,,,,,False,False
/application/zukanlist/zkn_data/zukan_enc_diamond.narc,/application/zukanlist/zkn_data/zukan_enc_diamond.narc!/member_02125,0,/application/zukanlist/zkn_data/zukan_enc_diamond.narc,91,2125,,52688,52692,13004,13008,4,df3f619804a92fdb4057192dc43dd748ea778adc52bc498ce80524c014b81119,00000000,,,,,False,,,,,,,,,,False,False
/application/zukanlist/zkn_data/zukan_enc_diamond.narc,/application/zukanlist/zkn_data/zukan_enc_diamond.narc!/member_02126,0,/application/zukanlist/zkn_data/zukan_enc_diamond.narc,91,2126,,52692,52696,13008,13012,4,df3f619804a92fdb4057192dc43dd748ea778adc52bc498ce80524c014b81119,00000000,,,,,False,,,,,,,,,,False,False
/application/zukanlist/zkn_data/zukan_enc_diamond.narc,/application/zukanlist/zkn_data/zukan_enc_diamond.narc!/member_02127,0,/application/zukanlist/zkn_data/zukan_enc_diamond.narc,91,2127,,52696,52700,13012,13016,4,df3f619804a92fdb4057192dc43dd748ea778adc52bc498ce80524c014b81119,00000000,,,,,False,,,,,,,,,,False,False
/application/zukanlist/zkn_data/zukan_enc_diamond.narc,/application/zukanlist/zkn_data/zukan_enc_diamond.narc!/member_02128,0,/application/zukanlist/zkn_data/zukan_enc_diamond.narc,91,2128,,52700,52704,13016,13020,4,df3f619804a92fdb4057192dc43dd748ea778adc52bc498ce80524c014b81119,00000000,,,,,False,,,,,,,,,,False,False
/application/zukanlist/zkn_data/zukan_enc_diamond.narc,/application/zukanlist/zkn_data/zukan_enc_diamond.narc!/member_02129,0,/application/zukanlist/zkn_data/zukan_enc_diamond.narc,91,2129,,52704,52708,13020,13024,4,df3f619804a92fdb4057192dc43dd748ea778adc52bc498ce80524c014b81119,00000000,,,,,False,,,,,,,,,,False,False
/application/zukanlist/zkn_data/zukan_enc_diamond.narc,/application/zukanlist/zkn_data/zukan_enc_diamond.narc!/member_02130,0,/application/zukanlist/zkn_data/zukan_enc_diamond.narc,91,2130,,52708,52712,13024,13028,4,df3f619804a92fdb4057192dc43dd748ea778adc52bc498ce80524c014b81119,00000000,,,,,False,,,,,,,,,,False,False
/application/zukanlist/zkn_data/zukan_enc_diamond.narc,/application/zukanlist/zkn_data/zukan_enc_diamond.narc!/member_02131,0,/application/zukanlist/zkn_data/zukan_enc_diamond.narc,91,2131,,52712,52716,13028,13032,4,df3f619804a92fdb4057192dc43dd748ea778adc52bc498ce80524c014b81119,00000000,,,,,False,,,,,,,,,,False,False
/application/zukanlist/zkn_data/zukan_enc_diamond.narc,/application/zukanlist/zkn_data/zukan_enc_diamond.narc!/member_02132,0,/application/zukanlist/zkn_data/zukan_enc_diamond.narc,91,2132,,52716,52720,13032,13036,4,df3f619804a92fdb4057192dc43dd748ea778adc52bc498ce80524c014b81119,00000000,,,,,False,,,,,,,,,,False,False
/application/zukanlist/zkn_data/zukan_enc_diamond.narc,/application/zukanlist/zkn_data/zukan_enc_diamond.narc!/member_02133,0,/application/zukanlist/zkn_data/zukan_enc_diamond.narc,91,2133,,52720,52724,13036,13040,4,df3f619804a92fdb4057192dc43dd748ea778adc52bc498ce80524c014b81119,00000000,,,,,False,,,,,,,,,,False,False
/application/zukanlist/zkn_data/zukan_enc_diamond.narc,/application/zukanlist/zkn_data/zukan_enc_diamond.narc!/member_02134,0,/application/zukanlist/zkn_data/zukan_enc_diamond.narc,91,2134,,52724,52728,13040,13044,4,df3f619804a92fdb4057192dc43dd748ea778adc52bc498ce80524c014b81119,00000000,,,,,False,,,,,,,,,,False,False
/application/zukanlist/zkn_data/zukan_enc_diamond.narc,/application/zukanlist/zkn_data/zukan_enc_diamond.narc!/member_02135,0,/application/zukanlist/zkn_data/zukan_enc_diamond.narc,91,2135,,52728,52732,13044,13048,4,df3f619804a92fdb4057192dc43dd748ea778adc52bc498ce80524c014b81119,00000000,,,,,False,,,,,,,,,,False,False
/application/zukanlist/zkn_data/zukan_enc_diamond.narc,/application/zukanlist/zkn_data/zukan_enc_diamond.narc!/member_02136,0,/application/zukanlist/zkn_data/zukan_enc_diamond.narc,91,2136,,52732,52736,13048,13052,4,df3f619804a92fdb4057192dc43dd748ea778adc52bc498ce80524c014b81119,00000000,,,,,False,,,,,,,,,,False,False
/application/zukanlist/zkn_data/zukan_enc_diamond.narc,/application/zukanlist/zkn_data/zukan_enc_diamond.narc!/member_02137,0,/application/zukanlist/zkn_data/zukan_enc_diamond.narc,91,2137,,52736,52740,13052,13056,4,df3f619804a92fdb4057192dc43dd748ea778adc52bc498ce80524c014b81119,00000000,,,,,False,,,,,,,,,,False,False
/application/zukanlist/zkn_data/zukan_enc_diamond.narc,/application/zukanlist/zkn_data/zukan_enc_diamond.narc!/member_02138,0,/application/zukanlist/zkn_data/zukan_enc_diamond.narc,91,2138,,52740,52744,13056,13060,4,df3f619804a92fdb4057192dc43dd748ea778adc52bc498ce80524c014b81119,00000000,,,,,False,,,,,,,,,,False,False
/application/zukanlist/zkn_data/zukan_enc_diamond.narc,/application/zukanlist/zkn_data/zukan_enc_diamond.narc!/member_02139,0,/application/zukanlist/zkn_data/zukan_enc_diamond.narc,91,2139,,52744,52748,13060,13064,4,df3f619804a92fdb4057192dc43dd748ea778adc52bc498ce80524c014b81119,00000000,,,,,False,,,,,,,,,,False,False
/application/zukanlist/zkn_data/zukan_enc_diamond.narc,/application/zukanlist/zkn_data/zukan_enc_diamond.narc!/member_02140,0,/application/zukanlist/zkn_data/zukan_enc_diamond.narc,91,2140,,52748,52752,13064,13068,4,df3f619804a92fdb4057192dc43dd748ea778adc52bc498ce80524c014b81119,00000000,,,,,False,,,,,,,,,,False,False
/application/zukanlist/zkn_data/zukan_enc_diamond.narc,/application/zukanlist/zkn_data/zukan_enc_diamond.narc!/member_02141,0,/application/zukanlist/zkn_data/zukan_enc_diamond.narc,91,2141,,52752,52756,13068,13072,4,df3f619804a92fdb4057192dc43dd748ea778adc52bc498ce80524c014b81119,00000000,,,,,False,,,,,,,,,,False,False
/application/zukanlist/zkn_data/zukan_enc_diamond.narc,/application/zukanlist/zkn_data/zukan_enc_diamond.narc!/member_02142,0,/application/zukanlist/zkn_data/zukan_enc_diamond.narc,91,2142,,52756,52760,13072,13076,4,df3f619804a92fdb4057192dc43dd748ea778adc52bc498ce80524c014b81119,00000000,,,,,False,,,,,,,,,,False,False
/application/zukanlist/zkn_data/zukan_enc_diamond.narc,/application/zukanlist/zkn_data/zukan_enc_diamond.narc!/member_02143,0,/application/zukanlist/zkn_data/zukan_enc_diamond.narc,91,2143,,52760,52764,13076,13080,4,df3f619804a92fdb4057192dc43dd748ea778adc52bc498ce80524c014b81119,00000000,,,,,False,,,,,,,,,,False,False
/application/zukanlist/zkn_data/zukan_enc_diamond.narc,/application/zukanlist/zkn_data/zukan_enc_diamond.narc!/member_02144,0,/application/zukanlist/zkn_data/zukan_enc_diamond.narc,91,2144,,52764,52768,13080,13084,4,df3f619804a92fdb4057192dc43dd748ea778adc52bc498ce80524c014b81119,00000000,,,,,False,,,,,,,,,,False,False
/application/zukanlist/zkn_data/zukan_enc_diamond.narc,/application/zukanlist/zkn_data/zukan_enc_diamond.narc!/member_02145,0,/application/zukanlist/zkn_data/zukan_enc_diamond.narc,91,2145,,52768,52772,13084,13088,4,df3f619804a92fdb4057192dc43dd748ea778adc52bc498ce80524c014b81119,00000000,,,,,False,,,,,,,,,,False,False
/application/zukanlist/zkn_data/zukan_enc_diamond.narc,/application/zukanlist/zkn_data/zukan_enc_diamond.narc!/member_02146,0,/application/zukanlist/zkn_data/zukan_enc_diamond.narc,91,2146,,52772,52776,13088,13092,4,df3f619804a92fdb4057192dc43dd748ea778adc52bc498ce80524c014b81119,00000000,,,,,False,,,,,,,,,,False,False
/application/zukanlist/zkn_data/zukan_enc_diamond.narc,/application/zukanlist/zkn_data/zukan_enc_diamond.narc!/member_02147,0,/application/zukanlist/zkn_data/zukan_enc_diamond.narc,91,2147,,52776,52780,13092,13096,4,df3f619804a92fdb4057192dc43dd748ea778adc52bc498ce80524c014b81119,00000000,,,,,False,,,,,,,,,,False,False
/application/zukanlist/zkn_data/zukan_enc_diamond.narc,/application/zukanlist/zkn_data/zukan_enc_diamond.narc!/member_02148,0,/application/zukanlist/zkn_data/zukan_enc_diamond.narc,91,2148,,52780,52784,13096,13100,4,df3f619804a92fdb4057192dc43dd748ea778adc52bc498ce80524c014b81119,00000000,,,,,False,,,,,,,,,,False,False
/application/zukanlist/zkn_data/zukan_enc_diamond.narc,/application/zukanlist/zkn_data/zukan_enc_diamond.narc!/member_02149,0,/application/zukanlist/zkn_data/zukan_enc_diamond.narc,91,2149,,52784,52788,13100,13104,4,df3f619804a92fdb4057192dc43dd748ea778adc52bc498ce80524c014b81119,00000000,,,,,False,,,,,,,,,,False,False
/application/zukanlist/zkn_data/zukan_enc_diamond.narc,/application/zukanlist/zkn_data/zukan_enc_diamond.narc!/member_02150,0,/application/zukanlist/zkn_data/zukan_enc_diamond.narc,91,2150,,52788,52792,13104,13108,4,df3f619804a92fdb4057192dc43dd748ea778adc52bc498ce80524c014b81119,00000000,,,,,False,,,,,,,,,,False,False
/application/zukanlist/zkn_data/zukan_enc_diamond.narc,/application/zukanlist/zkn_data/zukan_enc_diamond.narc!/member_02151,0,/application/zukanlist/zkn_data/zukan_enc_diamond.narc,91,2151,,52792,52796,13108,13112,4,df3f619804a92fdb4057192dc43dd748ea778adc52bc498ce80524c014b81119,00000000,,,,,False,,,,,,,,,,False,False
/application/zukanlist/zkn_data/zukan_enc_diamond.narc,/application/zukanlist/zkn_data/zukan_enc_diamond.narc!/member_02152,0,/application/zukanlist/zkn_data/zukan_enc_diamond.narc,91,2152,,52796,52800,13112,13116,4,df3f619804a92fdb4057192dc43dd748ea778adc52bc498ce80524c014b81119,00000000,,,,,False,,,,,,,,,,False,False
/application/zukanlist/zkn_data/zukan_enc_diamond.narc,/application/zukanlist/zkn_data/zukan_enc_diamond.narc!/member_02153,0,/application/zukanlist/zkn_data/zukan_enc_diamond.narc,91,2153,,52800,52804,13116,13120,4,df3f619804a92fdb4057192dc43dd748ea778adc52bc498ce80524c014b81119,00000000,,,,,False,,,,,,,,,,False,False
/application/zukanlist/zkn_data/zukan_enc_diamond.narc,/application/zukanlist/zkn_data/zukan_enc_diamond.narc!/member_02154,0,/application/zukanlist/zkn_data/zukan_enc_diamond.narc,91,2154,,52804,52808,13120,13124,4,df3f619804a92fdb4057192dc43dd748ea778adc52bc498ce80524c014b81119,00000000,,,,,False,,,,,,,,,,False,False
/application/zukanlist/zkn_data/zukan_enc_diamond.narc,/application/zukanlist/zkn_data/zukan_enc_diamond.narc!/member_02155,0,/application/zukanlist/zkn_data/zukan_enc_diamond.narc,91,2155,,52808,52812,13124,13128,4,df3f619804a92fdb4057192dc43dd748ea778adc52bc498ce80524c014b81119,00000000,,,,,False,,,,,,,,,,False,False
/application/zukanlist/zkn_data/zukan_enc_diamond.narc,/application/zukanlist/zkn_data/zukan_enc_diamond.narc!/member_02156,0,/application/zukanlist/zkn_data/zukan_enc_diamond.narc,91,2156,,52812,52820,13128,13136,8,18d8d609947c6b82b9607704ae40d3317038e709238514de750b5c7411ba4c20,0e00000000000000,,,,,False,,,,,,,,,,False,False
/application/zukanlist/zkn_data/zukan_enc_diamond.narc,/application/zukanlist/zkn_data/zukan_enc_diamond.narc!/member_02157,0,/application/zukanlist/zkn_data/zukan_enc_diamond.narc,91,2157,,52820,52832,13136,13148,12,3cb39eae44ac6352baa519ac7f2b54de44ba604d5cae0ff7207cf967909b747e,030000000e00000000000000,,,,,False,,,,,,,,,,False,False
/application/zukanlist/zkn_data/zukan_enc_diamond.narc,/application/zukanlist/zkn_data/zukan_enc_diamond.narc!/member_02158,0,/application/zukanlist/zkn_data/zukan_enc_diamond.narc,91,2158,,52832,52840,13148,13156,8,18d8d609947c6b82b9607704ae40d3317038e709238514de750b5c7411ba4c20,0e00000000000000,,,,,False,,,,,,,,,,False,False
/application/zukanlist/zkn_data/zukan_enc_diamond.narc,/application/zukanlist/zkn_data/zukan_enc_diamond.narc!/member_02159,0,/application/zukanlist/zkn_data/zukan_enc_diamond.narc,91,2159,,52840,52844,13156,13160,4,df3f619804a92fdb4057192dc43dd748ea778adc52bc498ce80524c014b81119,00000000,,,,,False,,,,,,,,,,False,False
/application/zukanlist/zkn_data/zukan_enc_diamond.narc,/application/zukanlist/zkn_data/zukan_enc_diamond.narc!/member_02160,0,/application/zukanlist/zkn_data/zukan_enc_diamond.narc,91,2160,,52844,52848,13160,13164,4,df3f619804a92fdb4057192dc43dd748ea778adc52bc498ce80524c014b81119,00000000,,,,,False,,,,,,,,,,False,False
/application/zukanlist/zkn_data/zukan_enc_diamond.narc,/application/zukanlist/zkn_data/zukan_enc_diamond.narc!/member_02161,0,/application/zukanlist/zkn_data/zukan_enc_diamond.narc,91,2161,,52848,52852,13164,13168,4,df3f619804a92fdb4057192dc43dd748ea778adc52bc498ce80524c014b81119,00000000,,,,,False,,,,,,,,,,False,False
/application/zukanlist/zkn_data/zukan_enc_diamond.narc,/application/zukanlist/zkn_data/zukan_enc_diamond.narc!/member_02162,0,/application/zukanlist/zkn_data/zukan_enc_diamond.narc,91,2162,,52852,52856,13168,13172,4,df3f619804a92fdb4057192dc43dd748ea778adc52bc498ce80524c014b81119,00000000,,,,,False,,,,,,,,,,False,False
/application/zukanlist/zkn_data/zukan_enc_diamond.narc,/application/zukanlist/zkn_data/zukan_enc_diamond.narc!/member_02163,0,/application/zukanlist/zkn_data/zukan_enc_diamond.narc,91,2163,,52856,52860,13172,13176,4,df3f619804a92fdb4057192dc43dd748ea778adc52bc498ce80524c014b81119,00000000,,,,,False,,,,,,,,,,False,False
/application/zukanlist/zkn_data/zukan_enc_diamond.narc,/application/zukanlist/zkn_data/zukan_enc_diamond.narc!/member_02164,0,/application/zukanlist/zkn_data/zukan_enc_diamond.narc,91,2164,,52860,52864,13176,13180,4,df3f619804a92fdb4057192dc43dd748ea778adc52bc498ce80524c014b81119,00000000,,,,,False,,,,,,,,,,False,False
/application/zukanlist/zkn_data/zukan_enc_diamond.narc,/application/zukanlist/zkn_data/zukan_enc_diamond.narc!/member_02165,0,/application/zukanlist/zkn_data/zukan_enc_diamond.narc,91,2165,,52864,52868,13180,13184,4,df3f619804a92fdb4057192dc43dd748ea778adc52bc498ce80524c014b81119,00000000,,,,,False,,,,,,,,,,False,False
/application/zukanlist/zkn_data/zukan_enc_diamond.narc,/application/zukanlist/zkn_data/zukan_enc_diamond.narc!/member_02166,0,/application/zukanlist/zkn_data/zukan_enc_diamond.narc,91,2166,,52868,52872,13184,13188,4,df3f619804a92fdb4057192dc43dd748ea778adc52bc498ce80524c014b81119,00000000,,,,,False,,,,,,,,,,False,False
/application/zukanlist/zkn_data/zukan_enc_diamond.narc,/application/zukanlist/zkn_data/zukan_enc_diamond.narc!/member_02167,0,/application/zukanlist/zkn_data/zukan_enc_diamond.narc,91,2167,,52872,52884,13188,13200,12,c0d801211ad5754de93d38216d2eece6802f2be5ca90f201ec9f0e4d2e3ae62d,040000000e00000000000000,,,,,False,,,,,,,,,,False,False
/application/zukanlist/zkn_data/zukan_enc_diamond.narc,/application/zukanlist/zkn_data/zukan_enc_diamond.narc!/member_02168,0,/application/zukanlist/zkn_data/zukan_enc_diamond.narc,91,2168,,52884,52888,13200,13204,4,df3f619804a92fdb4057192dc43dd748ea778adc52bc498ce80524c014b81119,00000000,,,,,False,,,,,,,,,,False,False
/application/zukanlist/zkn_data/zukan_enc_diamond.narc,/application/zukanlist/zkn_data/zukan_enc_diamond.narc!/member_02169,0,/application/zukanlist/zkn_data/zukan_enc_diamond.narc,91,2169,,52888,52892,13204,13208,4,df3f619804a92fdb4057192dc43dd748ea778adc52bc498ce80524c014b81119,00000000,,,,,False,,,,,,,,,,False,False
/application/zukanlist/zkn_data/zukan_enc_diamond.narc,/application/zukanlist/zkn_data/zukan_enc_diamond.narc!/member_02170,0,/application/zukanlist/zkn_data/zukan_enc_diamond.narc,91,2170,,52892,52896,13208,13212,4,df3f619804a92fdb4057192dc43dd748ea778adc52bc498ce80524c014b81119,00000000,,,,,False,,,,,,,,,,False,False
/application/zukanlist/zkn_data/zukan_enc_diamond.narc,/application/zukanlist/zkn_data/zukan_enc_diamond.narc!/member_02171,0,/application/zukanlist/zkn_data/zukan_enc_diamond.narc,91,2171,,52896,52900,13212,13216,4,df3f619804a92fdb4057192dc43dd748ea778adc52bc498ce80524c014b81119,00000000,,,,,False,,,,,,,,,,False,False
/application/zukanlist/zkn_data/zukan_enc_diamond.narc,/application/zukanlist/zkn_data/zukan_enc_diamond.narc!/member_02172,0,/application/zukanlist/zkn_data/zukan_enc_diamond.narc,91,2172,,52900,52904,13216,13220,4,df3f619804a92fdb4057192dc43dd748ea778adc52bc498ce80524c014b81119,00000000,,,,,False,,,,,,,,,,False,False
/application/zukanlist/zkn_data/zukan_enc_diamond.narc,/application/zukanlist/zkn_data/zukan_enc_diamond.narc!/member_02173,0,/application/zukanlist/zkn_data/zukan_enc_diamond.narc,91,2173,,52904,52908,13220,13224,4,df3f619804a92fdb4057192dc43dd748ea778adc52bc498ce80524c014b81119,00000000,,,,,False,,,,,,,,,,False,False
/application/zukanlist/zkn_data/zukan_enc_diamond.narc,/application/zukanlist/zkn_data/zukan_enc_diamond.narc!/member_02174,0,/application/zukanlist/zkn_data/zukan_enc_diamond.narc,91,2174,,52908,52916,13224,13232,8,debcea1f166010e428df48387304e45c0bf7843a1fa7f1beb38f852228df789b,1500000000000000,,,,,False,,,,,,,,,,False,False
/application/zukanlist/zkn_data/zukan_enc_diamond.narc,/application/zukanlist/zkn_data/zukan_enc_diamond.narc!/member_02175,0,/application/zukanlist/zkn_data/zukan_enc_diamond.narc,91,2175,,52916,52920,13232,13236,4,df3f619804a92fdb4057192dc43dd748ea778adc52bc498ce80524c014b81119,00000000,,,,,False,,,,,,,,,,False,False
/application/zukanlist/zkn_data/zukan_enc_diamond.narc,/application/zukanlist/zkn_data/zukan_enc_diamond.narc!/member_02176,0,/application/zukanlist/zkn_data/zukan_enc_diamond.narc,91,2176,,52920,52924,13236,13240,4,df3f619804a92fdb4057192dc43dd748ea778adc52bc498ce80524c014b81119,00000000,,,,,False,,,,,,,,,,False,False
/application/zukanlist/zkn_data/zukan_enc_diamond.narc,/application/zukanlist/zkn_data/zukan_enc_diamond.narc!/member_02177,0,/application/zukanlist/zkn_data/zukan_enc_diamond.narc,91,2177,,52924,52932,13240,13248,8,f0a0278e4372459cca6159cd5e71cfee638302a7b9ca9b05c34181ac0a65ac5d,0400000000000000,,,,,False,,,,,,,,,,False,False
/application/zukanlist/zkn_data/zukan_enc_diamond.narc,/application/zukanlist/zkn_data/zukan_enc_diamond.narc!/member_02178,0,/application/zukanlist/zkn_data/zukan_enc_diamond.narc,91,2178,,52932,52936,13248,13252,4,df3f619804a92fdb4057192dc43dd748ea778adc52bc498ce80524c014b81119,00000000,,,,,False,,,,,,,,,,False,False
/application/zukanlist/zkn_data/zukan_enc_diamond.narc,/application/zukanlist/zkn_data/zukan_enc_diamond.narc!/member_02179,0,/application/zukanlist/zkn_data/zukan_enc_diamond.narc,91,2179,,52936,52944,13252,13260,8,f0a0278e4372459cca6159cd5e71cfee638302a7b9ca9b05c34181ac0a65ac5d,0400000000000000,,,,,False,,,,,,,,,,False,False
/application/zukanlist/zkn_data/zukan_enc_diamond.narc,/application/zukanlist/zkn_data/zukan_enc_diamond.narc!/member_02180,0,/application/zukanlist/zkn_data/zukan_enc_diamond.narc,91,2180,,52944,52948,13260,13264,4,df3f619804a92fdb4057192dc43dd748ea778adc52bc498ce80524c014b81119,00000000,,,,,False,,,,,,,,,,False,False
/application/zukanlist/zkn_data/zukan_enc_diamond.narc,/application/zukanlist/zkn_data/zukan_enc_diamond.narc!/member_02181,0,/application/zukanlist/zkn_data/zukan_enc_diamond.narc,91,2181,,52948,52952,13264,13268,4,df3f619804a92fdb4057192dc43dd748ea778adc52bc498ce80524c014b81119,00000000,,,,,False,,,,,,,,,,False,False
/application/zukanlist/zkn_data/zukan_enc_diamond.narc,/application/zukanlist/zkn_data/zukan_enc_diamond.narc!/member_02182,0,/application/zukanlist/zkn_data/zukan_enc_diamond.narc,91,2182,,52952,52956,13268,13272,4,df3f619804a92fdb4057192dc43dd748ea778adc52bc498ce80524c014b81119,00000000,,,,,False,,,,,,,,,,False,False
/application/zukanlist/zkn_data/zukan_enc_diamond.narc,/application/zukanlist/zkn_data/zukan_enc_diamond.narc!/member_02183,0,/application/zukanlist/zkn_data/zukan_enc_diamond.narc,91,2183,,52956,52960,13272,13276,4,df3f619804a92fdb4057192dc43dd748ea778adc52bc498ce80524c014b81119,00000000,,,,,False,,,,,,,,,,False,False
/application/zukanlist/zkn_data/zukan_enc_diamond.narc,/application/zukanlist/zkn_data/zukan_enc_diamond.narc!/member_02184,0,/application/zukanlist/zkn_data/zukan_enc_diamond.narc,91,2184,,52960,52964,13276,13280,4,df3f619804a92fdb4057192dc43dd748ea778adc52bc498ce80524c014b81119,00000000,,,,,False,,,,,,,,,,False,False
/application/zukanlist/zkn_data/zukan_enc_diamond.narc,/application/zukanlist/zkn_data/zukan_enc_diamond.narc!/member_02185,0,/application/zukanlist/zkn_data/zukan_enc_diamond.narc,91,2185,,52964,52972,13280,13288,8,f13ee6ed54ea2aae9fc49a9faeb5da6e8ddef0e12ed5d30d35a624ae813e0485,0500000000000000,,,,,False,,,,,,,,,,False,False
/application/zukanlist/zkn_data/zukan_enc_diamond.narc,/application/zukanlist/zkn_data/zukan_enc_diamond.narc!/member_02186,0,/application/zukanlist/zkn_data/zukan_enc_diamond.narc,91,2186,,52972,52988,13288,13304,16,913fbf0b2e9051596a11b60bf38a5e52b162c34d182ee098ba2dab40f98f76b1,11000000120000001300000000000000,,Nintendo LZ11,Probable,,True,Nintendo LZ11,Confirmed,True,18,True,18,60daa3a5f7dbfa200f8c82840ecf5b42640b70f3b7218a4c6bbd67db542e75a4,,,False,False
/application/zukanlist/zkn_data/zukan_enc_diamond.narc,/application/zukanlist/zkn_data/zukan_enc_diamond.narc!/member_02187,0,/application/zukanlist/zkn_data/zukan_enc_diamond.narc,91,2187,,52988,52992,13304,13308,4,df3f619804a92fdb4057192dc43dd748ea778adc52bc498ce80524c014b81119,00000000,,,,,False,,,,,,,,,,False,False
/application/zukanlist/zkn_data/zukan_enc_diamond.narc,/application/zukanlist/zkn_data/zukan_enc_diamond.narc!/member_02188,0,/application/zukanlist/zkn_data/zukan_enc_diamond.narc,91,2188,,52992,52996,13308,13312,4,df3f619804a92fdb4057192dc43dd748ea778adc52bc498ce80524c014b81119,00000000,,,,,False,,,,,,,,,,False,False
/application/zukanlist/zkn_data/zukan_enc_diamond.narc,/application/zukanlist/zkn_data/zukan_enc_diamond.narc!/member_02189,0,/application/zukanlist/zkn_data/zukan_enc_diamond.narc,91,2189,,52996,53000,13312,13316,4,df3f619804a92fdb4057192dc43dd748ea778adc52bc498ce80524c014b81119,00000000,,,,,False,,,,,,,,,,False,False
/application/zukanlist/zkn_data/zukan_enc_diamond.narc,/application/zukanlist/zkn_data/zukan_enc_diamond.narc!/member_02190,0,/application/zukanlist/zkn_data/zukan_enc_diamond.narc,91,2190,,53000,53004,13316,13320,4,df3f619804a92fdb4057192dc43dd748ea778adc52bc498ce80524c014b81119,00000000,,,,,False,,,,,,,,,,False,False
/application/zukanlist/zkn_data/zukan_enc_diamond.narc,/application/zukanlist/zkn_data/zukan_enc_diamond.narc!/member_02191,0,/application/zukanlist/zkn_data/zukan_enc_diamond.narc,91,2191,,53004,53008,13320,13324,4,df3f619804a92fdb4057192dc43dd748ea778adc52bc498ce80524c014b81119,00000000,,,,,False,,,,,,,,,,False,False
/application/zukanlist/zkn_data/zukan_enc_diamond.narc,/application/zukanlist/zkn_data/zukan_enc_diamond.narc!/member_02192,0,/application/zukanlist/zkn_data/zukan_enc_diamond.narc,91,2192,,53008,53020,13324,13336,12,126a697c5ee5d1a1f1e47113d3b9eee4f9f5282978c3a8e5534162c220492fb2,060000000b00000000000000,,,,,False,,,,,,,,,,False,False
/application/zukanlist/zkn_data/zukan_enc_diamond.narc,/application/zukanlist/zkn_data/zukan_enc_diamond.narc!/member_02193,0,/application/zukanlist/zkn_data/zukan_enc_diamond.narc,91,2193,,53020,53024,13336,13340,4,df3f619804a92fdb4057192dc43dd748ea778adc52bc498ce80524c014b81119,00000000,,,,,False,,,,,,,,,,False,False
/application/zukanlist/zkn_data/zukan_enc_diamond.narc,/application/zukanlist/zkn_data/zukan_enc_diamond.narc!/member_02194,0,/application/zukanlist/zkn_data/zukan_enc_diamond.narc,91,2194,,53024,53028,13340,13344,4,df3f619804a92fdb4057192dc43dd748ea778adc52bc498ce80524c014b81119,00000000,,,,,False,,,,,,,,,,False,False
/application/zukanlist/zkn_data/zukan_enc_diamond.narc,/application/zukanlist/zkn_data/zukan_enc_diamond.narc!/member_02195,0,/application/zukanlist/zkn_data/zukan_enc_diamond.narc,91,2195,,53028,53032,13344,13348,4,df3f619804a92fdb4057192dc43dd748ea778adc52bc498ce80524c014b81119,00000000,,,,,False,,,,,,,,,,False,False
/application/zukanlist/zkn_data/zukan_enc_diamond.narc,/application/zukanlist/zkn_data/zukan_enc_diamond.narc!/member_02196,0,/application/zukanlist/zkn_data/zukan_enc_diamond.narc,91,2196,,53032,53036,13348,13352,4,df3f619804a92fdb4057192dc43dd748ea778adc52bc498ce80524c014b81119,00000000,,,,,False,,,,,,,,,,False,False
/application/zukanlist/zkn_data/zukan_enc_diamond.narc,/application/zukanlist/zkn_data/zukan_enc_diamond.narc!/member_02197,0,/application/zukanlist/zkn_data/zukan_enc_diamond.narc,91,2197,,53036,53040,13352,13356,4,df3f619804a92fdb4057192dc43dd748ea778adc52bc498ce80524c014b81119,00000000,,,,,False,,,,,,,,,,False,False
/application/zukanlist/zkn_data/zukan_enc_diamond.narc,/application/zukanlist/zkn_data/zukan_enc_diamond.narc!/member_02198,0,/application/zukanlist/zkn_data/zukan_enc_diamond.narc,91,2198,,53040,53048,13356,13364,8,debcea1f166010e428df48387304e45c0bf7843a1fa7f1beb38f852228df789b,1500000000000000,,,,,False,,,,,,,,,,False,False
/application/zukanlist/zkn_data/zukan_enc_diamond.narc,/application/zukanlist/zkn_data/zukan_enc_diamond.narc!/member_02199,0,/application/zukanlist/zkn_data/zukan_enc_diamond.narc,91,2199,,53048,53056,13364,13372,8,5fd1b79ebdef9619a57916a3bfc264b54d37a792659b3693f8ab36ec3ebce448,0b00000000000000,,,,,False,,,,,,,,,,False,False
/application/zukanlist/zkn_data/zukan_enc_diamond.narc,/application/zukanlist/zkn_data/zukan_enc_diamond.narc!/member_02200,0,/application/zukanlist/zkn_data/zukan_enc_diamond.narc,91,2200,,53056,53060,13372,13376,4,df3f619804a92fdb4057192dc43dd748ea778adc52bc498ce80524c014b81119,00000000,,,,,False,,,,,,,,,,False,False
/application/zukanlist/zkn_data/zukan_enc_diamond.narc,/application/zukanlist/zkn_data/zukan_enc_diamond.narc!/member_02201,0,/application/zukanlist/zkn_data/zukan_enc_diamond.narc,91,2201,,53060,53064,13376,13380,4,df3f619804a92fdb4057192dc43dd748ea778adc52bc498ce80524c014b81119,00000000,,,,,False,,,,,,,,,,False,False
/application/zukanlist/zkn_data/zukan_enc_diamond.narc,/application/zukanlist/zkn_data/zukan_enc_diamond.narc!/member_02202,0,/application/zukanlist/zkn_data/zukan_enc_diamond.narc,91,2202,,53064,53072,13380,13388,8,cbbd5f990c53684d7ae650b40fcb5656e02261b53da5f6a7d8c819c92f2828f8,0900000000000000,,,,,False,,,,,,,,,,False,False
/application/zukanlist/zkn_data/zukan_enc_diamond.narc,/application/zukanlist/zkn_data/zukan_enc_diamond.narc!/member_02203,0,/application/zukanlist/zkn_data/zukan_enc_diamond.narc,91,2203,,53072,53080,13388,13396,8,cbbd5f990c53684d7ae650b40fcb5656e02261b53da5f6a7d8c819c92f2828f8,0900000000000000,,,,,False,,,,,,,,,,False,False
/application/zukanlist/zkn_data/zukan_enc_diamond.narc,/application/zukanlist/zkn_data/zukan_enc_diamond.narc!/member_02204,0,/application/zukanlist/zkn_data/zukan_enc_diamond.narc,91,2204,,53080,53084,13396,13400,4,df3f619804a92fdb4057192dc43dd748ea778adc52bc498ce80524c014b81119,00000000,,,,,False,,,,,,,,,,False,False
/application/zukanlist/zkn_data/zukan_enc_diamond.narc,/application/zukanlist/zkn_data/zukan_enc_diamond.narc!/member_02205,0,/application/zukanlist/zkn_data/zukan_enc_diamond.narc,91,2205,,53084,53088,13400,13404,4,df3f619804a92fdb4057192dc43dd748ea778adc52bc498ce80524c014b81119,00000000,,,,,False,,,,,,,,,,False,False
/application/zukanlist/zkn_data/zukan_enc_diamond.narc,/application/zukanlist/zkn_data/zukan_enc_diamond.narc!/member_02206,0,/application/zukanlist/zkn_data/zukan_enc_diamond.narc,91,2206,,53088,53092,13404,13408,4,df3f619804a92fdb4057192dc43dd748ea778adc52bc498ce80524c014b81119,00000000,,,,,False,,,,,,,,,,False,False
/application/zukanlist/zkn_data/zukan_enc_diamond.narc,/application/zukanlist/zkn_data/zukan_enc_diamond.narc!/member_02207,0,/application/zukanlist/zkn_data/zukan_enc_diamond.narc,91,2207,,53092,53096,13408,13412,4,df3f619804a92fdb4057192dc43dd748ea778adc52bc498ce80524c014b81119,00000000,,,,,False,,,,,,,,,,False,False
/application/zukanlist/zkn_data/zukan_enc_diamond.narc,/application/zukanlist/zkn_data/zukan_enc_diamond.narc!/member_02208,0,/application/zukanlist/zkn_data/zukan_enc_diamond.narc,91,2208,,53096,53100,13412,13416,4,df3f619804a92fdb4057192dc43dd748ea778adc52bc498ce80524c014b81119,00000000,,,,,False,,,,,,,,,,False,False
/application/zukanlist/zkn_data/zukan_enc_diamond.narc,/application/zukanlist/zkn_data/zukan_enc_diamond.narc!/member_02209,0,/application/zukanlist/zkn_data/zukan_enc_diamond.narc,91,2209,,53100,53104,13416,13420,4,df3f619804a92fdb4057192dc43dd748ea778adc52bc498ce80524c014b81119,00000000,,,,,False,,,,,,,,,,False,False
/application/zukanlist/zkn_data/zukan_enc_diamond.narc,/application/zukanlist/zkn_data/zukan_enc_diamond.narc!/member_02210,0,/application/zukanlist/zkn_data/zukan_enc_diamond.narc,91,2210,,53104,53108,13420,13424,4,df3f619804a92fdb4057192dc43dd748ea778adc52bc498ce80524c014b81119,00000000,,,,,False,,,,,,,,,,False,False
/application/zukanlist/zkn_data/zukan_enc_diamond.narc,/application/zukanlist/zkn_data/zukan_enc_diamond.narc!/member_02211,0,/application/zukanlist/zkn_data/zukan_enc_diamond.narc,91,2211,,53108,53112,13424,13428,4,df3f619804a92fdb4057192dc43dd748ea778adc52bc498ce80524c014b81119,00000000,,,,,False,,,,,,,,,,False,False
/application/zukanlist/zkn_data/zukan_enc_diamond.narc,/application/zukanlist/zkn_data/zukan_enc_diamond.narc!/member_02212,0,/application/zukanlist/zkn_data/zukan_enc_diamond.narc,91,2212,,53112,53116,13428,13432,4,df3f619804a92fdb4057192dc43dd748ea778adc52bc498ce80524c014b81119,00000000,,,,,False,,,,,,,,,,False,False
/application/zukanlist/zkn_data/zukan_enc_diamond.narc,/application/zukanlist/zkn_data/zukan_enc_diamond.narc!/member_02213,0,/application/zukanlist/zkn_data/zukan_enc_diamond.narc,91,2213,,53116,53120,13432,13436,4,df3f619804a92fdb4057192dc43dd748ea778adc52bc498ce80524c014b81119,00000000,,,,,False,,,,,,,,,,False,False
/application/zukanlist/zkn_data/zukan_enc_diamond.narc,/application/zukanlist/zkn_data/zukan_enc_diamond.narc!/member_02214,0,/application/zukanlist/zkn_data/zukan_enc_diamond.narc,91,2214,,53120,53124,13436,13440,4,df3f619804a92fdb4057192dc43dd748ea778adc52bc498ce80524c014b81119,00000000,,,,,False,,,,,,,,,,False,False
/application/zukanlist/zkn_data/zukan_enc_diamond.narc,/application/zukanlist/zkn_data/zukan_enc_diamond.narc!/member_02215,0,/application/zukanlist/zkn_data/zukan_enc_diamond.narc,91,2215,,53124,53128,13440,13444,4,df3f619804a92fdb4057192dc43dd748ea778adc52bc498ce80524c014b81119,00000000,,,,,False,,,,,,,,,,False,False
/application/zukanlist/zkn_data/zukan_enc_diamond.narc,/application/zukanlist/zkn_data/zukan_enc_diamond.narc!/member_02216,0,/application/zukanlist/zkn_data/zukan_enc_diamond.narc,91,2216,,53128,53132,13444,13448,4,df3f619804a92fdb4057192dc43dd748ea778adc52bc498ce80524c014b81119,00000000,,,,,False,,,,,,,,,,False,False
/application/zukanlist/zkn_data/zukan_enc_diamond.narc,/application/zukanlist/zkn_data/zukan_enc_diamond.narc!/member_02217,0,/application/zukanlist/zkn_data/zukan_enc_diamond.narc,91,2217,,53132,53136,13448,13452,4,df3f619804a92fdb4057192dc43dd748ea778adc52bc498ce80524c014b81119,00000000,,,,,False,,,,,,,,,,False,False
/application/zukanlist/zkn_data/zukan_enc_diamond.narc,/application/zukanlist/zkn_data/zukan_enc_diamond.narc!/member_02218,0,/application/zukanlist/zkn_data/zukan_enc_diamond.narc,91,2218,,53136,53140,13452,13456,4,df3f619804a92fdb4057192dc43dd748ea778adc52bc498ce80524c014b81119,00000000,,,,,False,,,,,,,,,,False,False
/application/zukanlist/zkn_data/zukan_enc_diamond.narc,/application/zukanlist/zkn_data/zukan_enc_diamond.narc!/member_02219,0,/application/zukanlist/zkn_data/zukan_enc_diamond.narc,91,2219,,53140,53144,13456,13460,4,df3f619804a92fdb4057192dc43dd748ea778adc52bc498ce80524c014b81119,00000000,,,,,False,,,,,,,,,,False,False
/application/zukanlist/zkn_data/zukan_enc_diamond.narc,/application/zukanlist/zkn_data/zukan_enc_diamond.narc!/member_02220,0,/application/zukanlist/zkn_data/zukan_enc_diamond.narc,91,2220,,53144,53148,13460,13464,4,df3f619804a92fdb4057192dc43dd748ea778adc52bc498ce80524c014b81119,00000000,,,,,False,,,,,,,,,,False,False
/application/zukanlist/zkn_data/zukan_enc_diamond.narc,/application/zukanlist/zkn_data/zukan_enc_diamond.narc!/member_02221,0,/application/zukanlist/zkn_data/zukan_enc_diamond.narc,91,2221,,53148,53152,13464,13468,4,df3f619804a92fdb4057192dc43dd748ea778adc52bc498ce80524c014b81119,00000000,,,,,False,,,,,,,,,,False,False
/application/zukanlist/zkn_data/zukan_enc_diamond.narc,/application/zukanlist/zkn_data/zukan_enc_diamond.narc!/member_02222,0,/application/zukanlist/zkn_data/zukan_enc_diamond.narc,91,2222,,53152,53156,13468,13472,4,df3f619804a92fdb4057192dc43dd748ea778adc52bc498ce80524c014b81119,00000000,,,,,False,,,,,,,,,,False,False
/application/zukanlist/zkn_data/zukan_enc_diamond.narc,/application/zukanlist/zkn_data/zukan_enc_diamond.narc!/member_02223,0,/application/zukanlist/zkn_data/zukan_enc_diamond.narc,91,2223,,53156,53160,13472,13476,4,df3f619804a92fdb4057192dc43dd748ea778adc52bc498ce80524c014b81119,00000000,,,,,False,,,,,,,,,,False,False
/application/zukanlist/zkn_data/zukan_enc_diamond.narc,/application/zukanlist/zkn_data/zukan_enc_diamond.narc!/member_02224,0,/application/zukanlist/zkn_data/zukan_enc_diamond.narc,91,2224,,53160,53164,13476,13480,4,df3f619804a92fdb4057192dc43dd748ea778adc52bc498ce80524c014b81119,00000000,,,,,False,,,,,,,,,,False,False
/application/zukanlist/zkn_data/zukan_enc_diamond.narc,/application/zukanlist/zkn_data/zukan_enc_diamond.narc!/member_02225,0,/application/zukanlist/zkn_data/zukan_enc_diamond.narc,91,2225,,53164,53168,13480,13484,4,df3f619804a92fdb4057192dc43dd748ea778adc52bc498ce80524c014b81119,00000000,,,,,False,,,,,,,,,,False,False
/application/zukanlist/zkn_data/zukan_enc_diamond.narc,/application/zukanlist/zkn_data/zukan_enc_diamond.narc!/member_02226,0,/application/zukanlist/zkn_data/zukan_enc_diamond.narc,91,2226,,53168,53172,13484,13488,4,df3f619804a92fdb4057192dc43dd748ea778adc52bc498ce80524c014b81119,00000000,,,,,False,,,,,,,,,,False,False
/application/zukanlist/zkn_data/zukan_enc_diamond.narc,/application/zukanlist/zkn_data/zukan_enc_diamond.narc!/member_02227,0,/application/zukanlist/zkn_data/zukan_enc_diamond.narc,91,2227,,53172,53176,13488,13492,4,df3f619804a92fdb4057192dc43dd748ea778adc52bc498ce80524c014b81119,00000000,,,,,False,,,,,,,,,,False,False
/application/zukanlist/zkn_data/zukan_enc_diamond.narc,/application/zukanlist/zkn_data/zukan_enc_diamond.narc!/member_02228,0,/application/zukanlist/zkn_data/zukan_enc_diamond.narc,91,2228,,53176,53180,13492,13496,4,df3f619804a92fdb4057192dc43dd748ea778adc52bc498ce80524c014b81119,00000000,,,,,False,,,,,,,,,,False,False
/application/zukanlist/zkn_data/zukan_enc_diamond.narc,/application/zukanlist/zkn_data/zukan_enc_diamond.narc!/member_02229,0,/application/zukanlist/zkn_data/zukan_enc_diamond.narc,91,2229,,53180,53184,13496,13500,4,df3f619804a92fdb4057192dc43dd748ea778adc52bc498ce80524c014b81119,00000000,,,,,False,,,,,,,,,,False,False
/application/zukanlist/zkn_data/zukan_enc_diamond.narc,/application/zukanlist/zkn_data/zukan_enc_diamond.narc!/member_02230,0,/application/zukanlist/zkn_data/zukan_enc_diamond.narc,91,2230,,53184,53188,13500,13504,4,df3f619804a92fdb4057192dc43dd748ea778adc52bc498ce80524c014b81119,00000000,,,,,False,,,,,,,,,,False,False
/application/zukanlist/zkn_data/zukan_enc_diamond.narc,/application/zukanlist/zkn_data/zukan_enc_diamond.narc!/member_02231,0,/application/zukanlist/zkn_data/zukan_enc_diamond.narc,91,2231,,53188,53192,13504,13508,4,df3f619804a92fdb4057192dc43dd748ea778adc52bc498ce80524c014b81119,00000000,,,,,False,,,,,,,,,,False,False
/application/zukanlist/zkn_data/zukan_enc_diamond.narc,/application/zukanlist/zkn_data/zukan_enc_diamond.narc!/member_02232,0,/application/zukanlist/zkn_data/zukan_enc_diamond.narc,91,2232,,53192,53196,13508,13512,4,df3f619804a92fdb4057192dc43dd748ea778adc52bc498ce80524c014b81119,00000000,,,,,False,,,,,,,,,,False,False
/application/zukanlist/zkn_data/zukan_enc_diamond.narc,/application/zukanlist/zkn_data/zukan_enc_diamond.narc!/member_02233,0,/application/zukanlist/zkn_data/zukan_enc_diamond.narc,91,2233,,53196,53200,13512,13516,4,df3f619804a92fdb4057192dc43dd748ea778adc52bc498ce80524c014b81119,00000000,,,,,False,,,,,,,,,,False,False
/application/zukanlist/zkn_data/zukan_enc_diamond.narc,/application/zukanlist/zkn_data/zukan_enc_diamond.narc!/member_02234,0,/application/zukanlist/zkn_data/zukan_enc_diamond.narc,91,2234,,53200,53204,13516,13520,4,df3f619804a92fdb4057192dc43dd748ea778adc52bc498ce80524c014b81119,00000000,,,,,False,,,,,,,,,,False,False
/application/zukanlist/zkn_data/zukan_enc_diamond.narc,/application/zukanlist/zkn_data/zukan_enc_diamond.narc!/member_02235,0,/application/zukanlist/zkn_data/zukan_enc_diamond.narc,91,2235,,53204,53208,13520,13524,4,df3f619804a92fdb4057192dc43dd748ea778adc52bc498ce80524c014b81119,00000000,,,,,False,,,,,,,,,,False,False
/application/zukanlist/zkn_data/zukan_enc_diamond.narc,/application/zukanlist/zkn_data/zukan_enc_diamond.narc!/member_02236,0,/application/zukanlist/zkn_data/zukan_enc_diamond.narc,91,2236,,53208,53212,13524,13528,4,df3f619804a92fdb4057192dc43dd748ea778adc52bc498ce80524c014b81119,00000000,,,,,False,,,,,,,,,,False,False
/application/zukanlist/zkn_data/zukan_enc_diamond.narc,/application/zukanlist/zkn_data/zukan_enc_diamond.narc!/member_02237,0,/application/zukanlist/zkn_data/zukan_enc_diamond.narc,91,2237,,53212,53216,13528,13532,4,df3f619804a92fdb4057192dc43dd748ea778adc52bc498ce80524c014b81119,00000000,,,,,False,,,,,,,,,,False,False
/application/zukanlist/zkn_data/zukan_enc_diamond.narc,/application/zukanlist/zkn_data/zukan_enc_diamond.narc!/member_02238,0,/application/zukanlist/zkn_data/zukan_enc_diamond.narc,91,2238,,53216,53220,13532,13536,4,df3f619804a92fdb4057192dc43dd748ea778adc52bc498ce80524c014b81119,00000000,,,,,False,,,,,,,,,,False,False
/application/zukanlist/zkn_data/zukan_enc_diamond.narc,/application/zukanlist/zkn_data/zukan_enc_diamond.narc!/member_02239,0,/application/zukanlist/zkn_data/zukan_enc_diamond.narc,91,2239,,53220,53224,13536,13540,4,df3f619804a92fdb4057192dc43dd748ea778adc52bc498ce80524c014b81119,00000000,,,,,False,,,,,,,,,,False,False
/application/zukanlist/zkn_data/zukan_enc_diamond.narc,/application/zukanlist/zkn_data/zukan_enc_diamond.narc!/member_02240,0,/application/zukanlist/zkn_data/zukan_enc_diamond.narc,91,2240,,53224,53228,13540,13544,4,df3f619804a92fdb4057192dc43dd748ea778adc52bc498ce80524c014b81119,00000000,,,,,False,,,,,,,,,,False,False
/application/zukanlist/zkn_data/zukan_enc_diamond.narc,/application/zukanlist/zkn_data/zukan_enc_diamond.narc!/member_02241,0,/application/zukanlist/zkn_data/zukan_enc_diamond.narc,91,2241,,53228,53232,13544,13548,4,df3f619804a92fdb4057192dc43dd748ea778adc52bc498ce80524c014b81119,00000000,,,,,False,,,,,,,,,,False,False
/application/zukanlist/zkn_data/zukan_enc_diamond.narc,/application/zukanlist/zkn_data/zukan_enc_diamond.narc!/member_02242,0,/application/zukanlist/zkn_data/zukan_enc_diamond.narc,91,2242,,53232,53236,13548,13552,4,df3f619804a92fdb4057192dc43dd748ea778adc52bc498ce80524c014b81119,00000000,,,,,False,,,,,,,,,,False,False
/application/zukanlist/zkn_data/zukan_enc_diamond.narc,/application/zukanlist/zkn_data/zukan_enc_diamond.narc!/member_02243,0,/application/zukanlist/zkn_data/zukan_enc_diamond.narc,91,2243,,53236,53240,13552,13556,4,df3f619804a92fdb4057192dc43dd748ea778adc52bc498ce80524c014b81119,00000000,,,,,False,,,,,,,,,,False,False
/application/zukanlist/zkn_data/zukan_enc_diamond.narc,/application/zukanlist/zkn_data/zukan_enc_diamond.narc!/member_02244,0,/application/zukanlist/zkn_data/zukan_enc_diamond.narc,91,2244,,53240,53244,13556,13560,4,df3f619804a92fdb4057192dc43dd748ea778adc52bc498ce80524c014b81119,00000000,,,,,False,,,,,,,,,,False,False
/application/zukanlist/zkn_data/zukan_enc_diamond.narc,/application/zukanlist/zkn_data/zukan_enc_diamond.narc!/member_02245,0,/application/zukanlist/zkn_data/zukan_enc_diamond.narc,91,2245,,53244,53248,13560,13564,4,df3f619804a92fdb4057192dc43dd748ea778adc52bc498ce80524c014b81119,00000000,,,,,False,,,,,,,,,,False,False
/application/zukanlist/zkn_data/zukan_enc_diamond.narc,/application/zukanlist/zkn_data/zukan_enc_diamond.narc!/member_02246,0,/application/zukanlist/zkn_data/zukan_enc_diamond.narc,91,2246,,53248,53252,13564,13568,4,df3f619804a92fdb4057192dc43dd748ea778adc52bc498ce80524c014b81119,00000000,,,,,False,,,,,,,,,,False,False
/application/zukanlist/zkn_data/zukan_enc_diamond.narc,/application/zukanlist/zkn_data/zukan_enc_diamond.narc!/member_02247,0,/application/zukanlist/zkn_data/zukan_enc_diamond.narc,91,2247,,53252,53256,13568,13572,4,df3f619804a92fdb4057192dc43dd748ea778adc52bc498ce80524c014b81119,00000000,,,,,False,,,,,,,,,,False,False
/application/zukanlist/zkn_data/zukan_enc_diamond.narc,/application/zukanlist/zkn_data/zukan_enc_diamond.narc!/member_02248,0,/application/zukanlist/zkn_data/zukan_enc_diamond.narc,91,2248,,53256,53260,13572,13576,4,df3f619804a92fdb4057192dc43dd748ea778adc52bc498ce80524c014b81119,00000000,,,,,False,,,,,,,,,,False,False
/application/zukanlist/zkn_data/zukan_enc_diamond.narc,/application/zukanlist/zkn_data/zukan_enc_diamond.narc!/member_02249,0,/application/zukanlist/zkn_data/zukan_enc_diamond.narc,91,2249,,53260,53268,13576,13584,8,debcea1f166010e428df48387304e45c0bf7843a1fa7f1beb38f852228df789b,1500000000000000,,,,,False,,,,,,,,,,False,False
/application/zukanlist/zkn_data/zukan_enc_diamond.narc,/application/zukanlist/zkn_data/zukan_enc_diamond.narc!/member_02250,0,/application/zukanlist/zkn_data/zukan_enc_diamond.narc,91,2250,,53268,53276,13584,13592,8,debcea1f166010e428df48387304e45c0bf7843a1fa7f1beb38f852228df789b,1500000000000000,,,,,False,,,,,,,,,,False,False
/application/zukanlist/zkn_data/zukan_enc_diamond.narc,/application/zukanlist/zkn_data/zukan_enc_diamond.narc!/member_02251,0,/application/zukanlist/zkn_data/zukan_enc_diamond.narc,91,2251,,53276,53280,13592,13596,4,df3f619804a92fdb4057192dc43dd748ea778adc52bc498ce80524c014b81119,00000000,,,,,False,,,,,,,,,,False,False
/application/zukanlist/zkn_data/zukan_enc_diamond.narc,/application/zukanlist/zkn_data/zukan_enc_diamond.narc!/member_02252,0,/application/zukanlist/zkn_data/zukan_enc_diamond.narc,91,2252,,53280,53284,13596,13600,4,df3f619804a92fdb4057192dc43dd748ea778adc52bc498ce80524c014b81119,00000000,,,,,False,,,,,,,,,,False,False
/application/zukanlist/zkn_data/zukan_enc_diamond.narc,/application/zukanlist/zkn_data/zukan_enc_diamond.narc!/member_02253,0,/application/zukanlist/zkn_data/zukan_enc_diamond.narc,91,2253,,53284,53288,13600,13604,4,df3f619804a92fdb4057192dc43dd748ea778adc52bc498ce80524c014b81119,00000000,,,,,False,,,,,,,,,,False,False
/application/zukanlist/zkn_data/zukan_enc_diamond.narc,/application/zukanlist/zkn_data/zukan_enc_diamond.narc!/member_02254,0,/application/zukanlist/zkn_data/zukan_enc_diamond.narc,91,2254,,53288,53292,13604,13608,4,df3f619804a92fdb4057192dc43dd748ea778adc52bc498ce80524c014b81119,00000000,,,,,False,,,,,,,,,,False,False
/application/zukanlist/zkn_data/zukan_enc_diamond.narc,/application/zukanlist/zkn_data/zukan_enc_diamond.narc!/member_02255,0,/application/zukanlist/zkn_data/zukan_enc_diamond.narc,91,2255,,53292,53296,13608,13612,4,df3f619804a92fdb4057192dc43dd748ea778adc52bc498ce80524c014b81119,00000000,,,,,False,,,,,,,,,,False,False
/application/zukanlist/zkn_data/zukan_enc_diamond.narc,/application/zukanlist/zkn_data/zukan_enc_diamond.narc!/member_02256,0,/application/zukanlist/zkn_data/zukan_enc_diamond.narc,91,2256,,53296,53300,13612,13616,4,df3f619804a92fdb4057192dc43dd748ea778adc52bc498ce80524c014b81119,00000000,,,,,False,,,,,,,,,,False,False
/application/zukanlist/zkn_data/zukan_enc_diamond.narc,/application/zukanlist/zkn_data/zukan_enc_diamond.narc!/member_02257,0,/application/zukanlist/zkn_data/zukan_enc_diamond.narc,91,2257,,53300,53304,13616,13620,4,df3f619804a92fdb4057192dc43dd748ea778adc52bc498ce80524c014b81119,00000000,,,,,False,,,,,,,,,,False,False
/application/zukanlist/zkn_data/zukan_enc_diamond.narc,/application/zukanlist/zkn_data/zukan_enc_diamond.narc!/member_02258,0,/application/zukanlist/zkn_data/zukan_enc_diamond.narc,91,2258,,53304,53308,13620,13624,4,df3f619804a92fdb4057192dc43dd748ea778adc52bc498ce80524c014b81119,00000000,,,,,False,,,,,,,,,,False,False
/application/zukanlist/zkn_data/zukan_enc_diamond.narc,/application/zukanlist/zkn_data/zukan_enc_diamond.narc!/member_02259,0,/application/zukanlist/zkn_data/zukan_enc_diamond.narc,91,2259,,53308,53312,13624,13628,4,df3f619804a92fdb4057192dc43dd748ea778adc52bc498ce80524c014b81119,00000000,,,,,False,,,,,,,,,,False,False
/application/zukanlist/zkn_data/zukan_enc_diamond.narc,/application/zukanlist/zkn_data/zukan_enc_diamond.narc!/member_02260,0,/application/zukanlist/zkn_data/zukan_enc_diamond.narc,91,2260,,53312,53316,13628,13632,4,df3f619804a92fdb4057192dc43dd748ea778adc52bc498ce80524c014b81119,00000000,,,,,False,,,,,,,,,,False,False
/application/zukanlist/zkn_data/zukan_enc_diamond.narc,/application/zukanlist/zkn_data/zukan_enc_diamond.narc!/member_02261,0,/application/zukanlist/zkn_data/zukan_enc_diamond.narc,91,2261,,53316,53320,13632,13636,4,df3f619804a92fdb4057192dc43dd748ea778adc52bc498ce80524c014b81119,00000000,,,,,False,,,,,,,,,,False,False
/application/zukanlist/zkn_data/zukan_enc_diamond.narc,/application/zukanlist/zkn_data/zukan_enc_diamond.narc!/member_02262,0,/application/zukanlist/zkn_data/zukan_enc_diamond.narc,91,2262,,53320,53324,13636,13640,4,df3f619804a92fdb4057192dc43dd748ea778adc52bc498ce80524c014b81119,00000000,,,,,False,,,,,,,,,,False,False
/application/zukanlist/zkn_data/zukan_enc_diamond.narc,/application/zukanlist/zkn_data/zukan_enc_diamond.narc!/member_02263,0,/application/zukanlist/zkn_data/zukan_enc_diamond.narc,91,2263,,53324,53328,13640,13644,4,df3f619804a92fdb4057192dc43dd748ea778adc52bc498ce80524c014b81119,00000000,,,,,False,,,,,,,,,,False,False
/application/zukanlist/zkn_data/zukan_enc_diamond.narc,/application/zukanlist/zkn_data/zukan_enc_diamond.narc!/member_02264,0,/application/zukanlist/zkn_data/zukan_enc_diamond.narc,91,2264,,53328,53332,13644,13648,4,df3f619804a92fdb4057192dc43dd748ea778adc52bc498ce80524c014b81119,00000000,,,,,False,,,,,,,,,,False,False
/application/zukanlist/zkn_data/zukan_enc_diamond.narc,/application/zukanlist/zkn_data/zukan_enc_diamond.narc!/member_02265,0,/application/zukanlist/zkn_data/zukan_enc_diamond.narc,91,2265,,53332,53336,13648,13652,4,df3f619804a92fdb4057192dc43dd748ea778adc52bc498ce80524c014b81119,00000000,,,,,False,,,,,,,,,,False,False
/application/zukanlist/zkn_data/zukan_enc_diamond.narc,/application/zukanlist/zkn_data/zukan_enc_diamond.narc!/member_02266,0,/application/zukanlist/zkn_data/zukan_enc_diamond.narc,91,2266,,53336,53340,13652,13656,4,df3f619804a92fdb4057192dc43dd748ea778adc52bc498ce80524c014b81119,00000000,,,,,False,,,,,,,,,,False,False
/application/zukanlist/zkn_data/zukan_enc_diamond.narc,/application/zukanlist/zkn_data/zukan_enc_diamond.narc!/member_02267,0,/application/zukanlist/zkn_data/zukan_enc_diamond.narc,91,2267,,53340,53344,13656,13660,4,df3f619804a92fdb4057192dc43dd748ea778adc52bc498ce80524c014b81119,00000000,,,,,False,,,,,,,,,,False,False
/application/zukanlist/zkn_data/zukan_enc_diamond.narc,/application/zukanlist/zkn_data/zukan_enc_diamond.narc!/member_02268,0,/application/zukanlist/zkn_data/zukan_enc_diamond.narc,91,2268,,53344,53348,13660,13664,4,df3f619804a92fdb4057192dc43dd748ea778adc52bc498ce80524c014b81119,00000000,,,,,False,,,,,,,,,,False,False
/application/zukanlist/zkn_data/zukan_enc_diamond.narc,/application/zukanlist/zkn_data/zukan_enc_diamond.narc!/member_02269,0,/application/zukanlist/zkn_data/zukan_enc_diamond.narc,91,2269,,53348,53356,13664,13672,8,f0a0278e4372459cca6159cd5e71cfee638302a7b9ca9b05c34181ac0a65ac5d,0400000000000000,,,,,False,,,,,,,,,,False,False
/application/zukanlist/zkn_data/zukan_enc_diamond.narc,/application/zukanlist/zkn_data/zukan_enc_diamond.narc!/member_02270,0,/application/zukanlist/zkn_data/zukan_enc_diamond.narc,91,2270,,53356,53360,13672,13676,4,df3f619804a92fdb4057192dc43dd748ea778adc52bc498ce80524c014b81119,00000000,,,,,False,,,,,,,,,,False,False
/application/zukanlist/zkn_data/zukan_enc_diamond.narc,/application/zukanlist/zkn_data/zukan_enc_diamond.narc!/member_02271,0,/application/zukanlist/zkn_data/zukan_enc_diamond.narc,91,2271,,53360,53364,13676,13680,4,df3f619804a92fdb4057192dc43dd748ea778adc52bc498ce80524c014b81119,00000000,,,,,False,,,,,,,,,,False,False
/application/zukanlist/zkn_data/zukan_enc_diamond.narc,/application/zukanlist/zkn_data/zukan_enc_diamond.narc!/member_02272,0,/application/zukanlist/zkn_data/zukan_enc_diamond.narc,91,2272,,53364,53368,13680,13684,4,df3f619804a92fdb4057192dc43dd748ea778adc52bc498ce80524c014b81119,00000000,,,,,False,,,,,,,,,,False,False
/application/zukanlist/zkn_data/zukan_enc_diamond.narc,/application/zukanlist/zkn_data/zukan_enc_diamond.narc!/member_02273,0,/application/zukanlist/zkn_data/zukan_enc_diamond.narc,91,2273,,53368,53372,13684,13688,4,df3f619804a92fdb4057192dc43dd748ea778adc52bc498ce80524c014b81119,00000000,,,,,False,,,,,,,,,,False,False
/application/zukanlist/zkn_data/zukan_enc_diamond.narc,/application/zukanlist/zkn_data/zukan_enc_diamond.narc!/member_02274,0,/application/zukanlist/zkn_data/zukan_enc_diamond.narc,91,2274,,53372,53380,13688,13696,8,d86e8112f3c4c4442126f8e9f44f16867da487f29052bf91b810457db34209a4,0200000000000000,,,,,False,,,,,,,,,,False,False
/application/zukanlist/zkn_data/zukan_enc_diamond.narc,/application/zukanlist/zkn_data/zukan_enc_diamond.narc!/member_02275,0,/application/zukanlist/zkn_data/zukan_enc_diamond.narc,91,2275,,53380,53384,13696,13700,4,df3f619804a92fdb4057192dc43dd748ea778adc52bc498ce80524c014b81119,00000000,,,,,False,,,,,,,,,,False,False
/application/zukanlist/zkn_data/zukan_enc_diamond.narc,/application/zukanlist/zkn_data/zukan_enc_diamond.narc!/member_02276,0,/application/zukanlist/zkn_data/zukan_enc_diamond.narc,91,2276,,53384,53388,13700,13704,4,df3f619804a92fdb4057192dc43dd748ea778adc52bc498ce80524c014b81119,00000000,,,,,False,,,,,,,,,,False,False
/application/zukanlist/zkn_data/zukan_enc_diamond.narc,/application/zukanlist/zkn_data/zukan_enc_diamond.narc!/member_02277,0,/application/zukanlist/zkn_data/zukan_enc_diamond.narc,91,2277,,53388,53392,13704,13708,4,df3f619804a92fdb4057192dc43dd748ea778adc52bc498ce80524c014b81119,00000000,,,,,False,,,,,,,,,,False,False
/application/zukanlist/zkn_data/zukan_enc_diamond.narc,/application/zukanlist/zkn_data/zukan_enc_diamond.narc!/member_02278,0,/application/zukanlist/zkn_data/zukan_enc_diamond.narc,91,2278,,53392,53400,13708,13716,8,35be322d094f9d154a8aba4733b8497f180353bd7ae7b0a15f90b586b549f28b,0300000000000000,,,,,False,,,,,,,,,,False,False
/application/zukanlist/zkn_data/zukan_enc_diamond.narc,/application/zukanlist/zkn_data/zukan_enc_diamond.narc!/member_02279,0,/application/zukanlist/zkn_data/zukan_enc_diamond.narc,91,2279,,53400,53404,13716,13720,4,df3f619804a92fdb4057192dc43dd748ea778adc52bc498ce80524c014b81119,00000000,,,,,False,,,,,,,,,,False,False
/application/zukanlist/zkn_data/zukan_enc_diamond.narc,/application/zukanlist/zkn_data/zukan_enc_diamond.narc!/member_02280,0,/application/zukanlist/zkn_data/zukan_enc_diamond.narc,91,2280,,53404,53408,13720,13724,4,df3f619804a92fdb4057192dc43dd748ea778adc52bc498ce80524c014b81119,00000000,,,,,False,,,,,,,,,,False,False
/application/zukanlist/zkn_data/zukan_enc_diamond.narc,/application/zukanlist/zkn_data/zukan_enc_diamond.narc!/member_02281,0,/application/zukanlist/zkn_data/zukan_enc_diamond.narc,91,2281,,53408,53412,13724,13728,4,df3f619804a92fdb4057192dc43dd748ea778adc52bc498ce80524c014b81119,00000000,,,,,False,,,,,,,,,,False,False
/application/zukanlist/zkn_data/zukan_enc_diamond.narc,/application/zukanlist/zkn_data/zukan_enc_diamond.narc!/member_02282,0,/application/zukanlist/zkn_data/zukan_enc_diamond.narc,91,2282,,53412,53424,13728,13740,12,c0d801211ad5754de93d38216d2eece6802f2be5ca90f201ec9f0e4d2e3ae62d,040000000e00000000000000,,,,,False,,,,,,,,,,False,False
/application/zukanlist/zkn_data/zukan_enc_diamond.narc,/application/zukanlist/zkn_data/zukan_enc_diamond.narc!/member_02283,0,/application/zukanlist/zkn_data/zukan_enc_diamond.narc,91,2283,,53424,53428,13740,13744,4,df3f619804a92fdb4057192dc43dd748ea778adc52bc498ce80524c014b81119,00000000,,,,,False,,,,,,,,,,False,False
/application/zukanlist/zkn_data/zukan_enc_diamond.narc,/application/zukanlist/zkn_data/zukan_enc_diamond.narc!/member_02284,0,/application/zukanlist/zkn_data/zukan_enc_diamond.narc,91,2284,,53428,53432,13744,13748,4,df3f619804a92fdb4057192dc43dd748ea778adc52bc498ce80524c014b81119,00000000,,,,,False,,,,,,,,,,False,False
/application/zukanlist/zkn_data/zukan_enc_diamond.narc,/application/zukanlist/zkn_data/zukan_enc_diamond.narc!/member_02285,0,/application/zukanlist/zkn_data/zukan_enc_diamond.narc,91,2285,,53432,53436,13748,13752,4,df3f619804a92fdb4057192dc43dd748ea778adc52bc498ce80524c014b81119,00000000,,,,,False,,,,,,,,,,False,False
/application/zukanlist/zkn_data/zukan_enc_diamond.narc,/application/zukanlist/zkn_data/zukan_enc_diamond.narc!/member_02286,0,/application/zukanlist/zkn_data/zukan_enc_diamond.narc,91,2286,,53436,53440,13752,13756,4,df3f619804a92fdb4057192dc43dd748ea778adc52bc498ce80524c014b81119,00000000,,,,,False,,,,,,,,,,False,False
/application/zukanlist/zkn_data/zukan_enc_diamond.narc,/application/zukanlist/zkn_data/zukan_enc_diamond.narc!/member_02287,0,/application/zukanlist/zkn_data/zukan_enc_diamond.narc,91,2287,,53440,53444,13756,13760,4,df3f619804a92fdb4057192dc43dd748ea778adc52bc498ce80524c014b81119,00000000,,,,,False,,,,,,,,,,False,False
/application/zukanlist/zkn_data/zukan_enc_diamond.narc,/application/zukanlist/zkn_data/zukan_enc_diamond.narc!/member_02288,0,/application/zukanlist/zkn_data/zukan_enc_diamond.narc,91,2288,,53444,53448,13760,13764,4,df3f619804a92fdb4057192dc43dd748ea778adc52bc498ce80524c014b81119,00000000,,,,,False,,,,,,,,,,False,False
/application/zukanlist/zkn_data/zukan_enc_diamond.narc,/application/zukanlist/zkn_data/zukan_enc_diamond.narc!/member_02289,0,/application/zukanlist/zkn_data/zukan_enc_diamond.narc,91,2289,,53448,53452,13764,13768,4,df3f619804a92fdb4057192dc43dd748ea778adc52bc498ce80524c014b81119,00000000,,,,,False,,,,,,,,,,False,False
/application/zukanlist/zkn_data/zukan_enc_diamond.narc,/application/zukanlist/zkn_data/zukan_enc_diamond.narc!/member_02290,0,/application/zukanlist/zkn_data/zukan_enc_diamond.narc,91,2290,,53452,53456,13768,13772,4,df3f619804a92fdb4057192dc43dd748ea778adc52bc498ce80524c014b81119,00000000,,,,,False,,,,,,,,,,False,False
/application/zukanlist/zkn_data/zukan_enc_diamond.narc,/application/zukanlist/zkn_data/zukan_enc_diamond.narc!/member_02291,0,/application/zukanlist/zkn_data/zukan_enc_diamond.narc,91,2291,,53456,53464,13772,13780,8,35be322d094f9d154a8aba4733b8497f180353bd7ae7b0a15f90b586b549f28b,0300000000000000,,,,,False,,,,,,,,,,False,False
/application/zukanlist/zkn_data/zukan_enc_diamond.narc,/application/zukanlist/zkn_data/zukan_enc_diamond.narc!/member_02292,0,/application/zukanlist/zkn_data/zukan_enc_diamond.narc,91,2292,,53464,53476,13780,13792,12,656d161f98e952a376323ae2ff86c6a8af5b3c9f93c7901cda817d6dde464270,030000000600000000000000,,,,,False,,,,,,,,,,False,False
/application/zukanlist/zkn_data/zukan_enc_diamond.narc,/application/zukanlist/zkn_data/zukan_enc_diamond.narc!/member_02293,0,/application/zukanlist/zkn_data/zukan_enc_diamond.narc,91,2293,,53476,53480,13792,13796,4,df3f619804a92fdb4057192dc43dd748ea778adc52bc498ce80524c014b81119,00000000,,,,,False,,,,,,,,,,False,False
/application/zukanlist/zkn_data/zukan_enc_diamond.narc,/application/zukanlist/zkn_data/zukan_enc_diamond.narc!/member_02294,0,/application/zukanlist/zkn_data/zukan_enc_diamond.narc,91,2294,,53480,53484,13796,13800,4,df3f619804a92fdb4057192dc43dd748ea778adc52bc498ce80524c014b81119,00000000,,,,,False,,,,,,,,,,False,False
/application/zukanlist/zkn_data/zukan_enc_diamond.narc,/application/zukanlist/zkn_data/zukan_enc_diamond.narc!/member_02295,0,/application/zukanlist/zkn_data/zukan_enc_diamond.narc,91,2295,,53484,53492,13800,13808,8,18d8d609947c6b82b9607704ae40d3317038e709238514de750b5c7411ba4c20,0e00000000000000,,,,,False,,,,,,,,,,False,False
/application/zukanlist/zkn_data/zukan_enc_diamond.narc,/application/zukanlist/zkn_data/zukan_enc_diamond.narc!/member_02296,0,/application/zukanlist/zkn_data/zukan_enc_diamond.narc,91,2296,,53492,53500,13808,13816,8,18d8d609947c6b82b9607704ae40d3317038e709238514de750b5c7411ba4c20,0e00000000000000,,,,,False,,,,,,,,,,False,False
/application/zukanlist/zkn_data/zukan_enc_diamond.narc,/application/zukanlist/zkn_data/zukan_enc_diamond.narc!/member_02297,0,/application/zukanlist/zkn_data/zukan_enc_diamond.narc,91,2297,,53500,53504,13816,13820,4,df3f619804a92fdb4057192dc43dd748ea778adc52bc498ce80524c014b81119,00000000,,,,,False,,,,,,,,,,False,False
/application/zukanlist/zkn_data/zukan_enc_diamond.narc,/application/zukanlist/zkn_data/zukan_enc_diamond.narc!/member_02298,0,/application/zukanlist/zkn_data/zukan_enc_diamond.narc,91,2298,,53504,53508,13820,13824,4,df3f619804a92fdb4057192dc43dd748ea778adc52bc498ce80524c014b81119,00000000,,,,,False,,,,,,,,,,False,False
/application/zukanlist/zkn_data/zukan_enc_diamond.narc,/application/zukanlist/zkn_data/zukan_enc_diamond.narc!/member_02299,0,/application/zukanlist/zkn_data/zukan_enc_diamond.narc,91,2299,,53508,53520,13824,13836,12,c0d801211ad5754de93d38216d2eece6802f2be5ca90f201ec9f0e4d2e3ae62d,040000000e00000000000000,,,,,False,,,,,,,,,,False,False
/application/zukanlist/zkn_data/zukan_enc_diamond.narc,/application/zukanlist/zkn_data/zukan_enc_diamond.narc!/member_02300,0,/application/zukanlist/zkn_data/zukan_enc_diamond.narc,91,2300,,53520,53528,13836,13844,8,f0a0278e4372459cca6159cd5e71cfee638302a7b9ca9b05c34181ac0a65ac5d,0400000000000000,,,,,False,,,,,,,,,,False,False
/application/zukanlist/zkn_data/zukan_enc_diamond.narc,/application/zukanlist/zkn_data/zukan_enc_diamond.narc!/member_02301,0,/application/zukanlist/zkn_data/zukan_enc_diamond.narc,91,2301,,53528,53532,13844,13848,4,df3f619804a92fdb4057192dc43dd748ea778adc52bc498ce80524c014b81119,00000000,,,,,False,,,,,,,,,,False,False
/application/zukanlist/zkn_data/zukan_enc_diamond.narc,/application/zukanlist/zkn_data/zukan_enc_diamond.narc!/member_02302,0,/application/zukanlist/zkn_data/zukan_enc_diamond.narc,91,2302,,53532,53536,13848,13852,4,df3f619804a92fdb4057192dc43dd748ea778adc52bc498ce80524c014b81119,00000000,,,,,False,,,,,,,,,,False,False
/application/zukanlist/zkn_data/zukan_enc_diamond.narc,/application/zukanlist/zkn_data/zukan_enc_diamond.narc!/member_02303,0,/application/zukanlist/zkn_data/zukan_enc_diamond.narc,91,2303,,53536,53540,13852,13856,4,df3f619804a92fdb4057192dc43dd748ea778adc52bc498ce80524c014b81119,00000000,,,,,False,,,,,,,,,,False,False
/application/zukanlist/zkn_data/zukan_enc_diamond.narc,/application/zukanlist/zkn_data/zukan_enc_diamond.narc!/member_02304,0,/application/zukanlist/zkn_data/zukan_enc_diamond.narc,91,2304,,53540,53544,13856,13860,4,df3f619804a92fdb4057192dc43dd748ea778adc52bc498ce80524c014b81119,00000000,,,,,False,,,,,,,,,,False,False
/application/zukanlist/zkn_data/zukan_enc_diamond.narc,/application/zukanlist/zkn_data/zukan_enc_diamond.narc!/member_02305,0,/application/zukanlist/zkn_data/zukan_enc_diamond.narc,91,2305,,53544,53548,13860,13864,4,df3f619804a92fdb4057192dc43dd748ea778adc52bc498ce80524c014b81119,00000000,,,,,False,,,,,,,,,,False,False
/application/zukanlist/zkn_data/zukan_enc_diamond.narc,/application/zukanlist/zkn_data/zukan_enc_diamond.narc!/member_02306,0,/application/zukanlist/zkn_data/zukan_enc_diamond.narc,91,2306,,53548,53552,13864,13868,4,df3f619804a92fdb4057192dc43dd748ea778adc52bc498ce80524c014b81119,00000000,,,,,False,,,,,,,,,,False,False
/application/zukanlist/zkn_data/zukan_enc_diamond.narc,/application/zukanlist/zkn_data/zukan_enc_diamond.narc!/member_02307,0,/application/zukanlist/zkn_data/zukan_enc_diamond.narc,91,2307,,53552,53556,13868,13872,4,df3f619804a92fdb4057192dc43dd748ea778adc52bc498ce80524c014b81119,00000000,,,,,False,,,,,,,,,,False,False
/application/zukanlist/zkn_data/zukan_enc_diamond.narc,/application/zukanlist/zkn_data/zukan_enc_diamond.narc!/member_02308,0,/application/zukanlist/zkn_data/zukan_enc_diamond.narc,91,2308,,53556,53560,13872,13876,4,df3f619804a92fdb4057192dc43dd748ea778adc52bc498ce80524c014b81119,00000000,,,,,False,,,,,,,,,,False,False
/application/zukanlist/zkn_data/zukan_enc_diamond.narc,/application/zukanlist/zkn_data/zukan_enc_diamond.narc!/member_02309,0,/application/zukanlist/zkn_data/zukan_enc_diamond.narc,91,2309,,53560,53564,13876,13880,4,df3f619804a92fdb4057192dc43dd748ea778adc52bc498ce80524c014b81119,00000000,,,,,False,,,,,,,,,,False,False
/application/zukanlist/zkn_data/zukan_enc_diamond.narc,/application/zukanlist/zkn_data/zukan_enc_diamond.narc!/member_02310,0,/application/zukanlist/zkn_data/zukan_enc_diamond.narc,91,2310,,53564,53568,13880,13884,4,df3f619804a92fdb4057192dc43dd748ea778adc52bc498ce80524c014b81119,00000000,,,,,False,,,,,,,,,,False,False
/application/zukanlist/zkn_data/zukan_enc_diamond.narc,/application/zukanlist/zkn_data/zukan_enc_diamond.narc!/member_02311,0,/application/zukanlist/zkn_data/zukan_enc_diamond.narc,91,2311,,53568,53572,13884,13888,4,df3f619804a92fdb4057192dc43dd748ea778adc52bc498ce80524c014b81119,00000000,,,,,False,,,,,,,,,,False,False
/application/zukanlist/zkn_data/zukan_enc_diamond.narc,/application/zukanlist/zkn_data/zukan_enc_diamond.narc!/member_02312,0,/application/zukanlist/zkn_data/zukan_enc_diamond.narc,91,2312,,53572,53576,13888,13892,4,df3f619804a92fdb4057192dc43dd748ea778adc52bc498ce80524c014b81119,00000000,,,,,False,,,,,,,,,,False,False
/application/zukanlist/zkn_data/zukan_enc_diamond.narc,/application/zukanlist/zkn_data/zukan_enc_diamond.narc!/member_02313,0,/application/zukanlist/zkn_data/zukan_enc_diamond.narc,91,2313,,53576,53580,13892,13896,4,df3f619804a92fdb4057192dc43dd748ea778adc52bc498ce80524c014b81119,00000000,,,,,False,,,,,,,,,,False,False
/application/zukanlist/zkn_data/zukan_enc_diamond.narc,/application/zukanlist/zkn_data/zukan_enc_diamond.narc!/member_02314,0,/application/zukanlist/zkn_data/zukan_enc_diamond.narc,91,2314,,53580,53584,13896,13900,4,df3f619804a92fdb4057192dc43dd748ea778adc52bc498ce80524c014b81119,00000000,,,,,False,,,,,,,,,,False,False
/application/zukanlist/zkn_data/zukan_enc_diamond.narc,/application/zukanlist/zkn_data/zukan_enc_diamond.narc!/member_02315,0,/application/zukanlist/zkn_data/zukan_enc_diamond.narc,91,2315,,53584,53588,13900,13904,4,df3f619804a92fdb4057192dc43dd748ea778adc52bc498ce80524c014b81119,00000000,,,,,False,,,,,,,,,,False,False
/application/zukanlist/zkn_data/zukan_enc_diamond.narc,/application/zukanlist/zkn_data/zukan_enc_diamond.narc!/member_02316,0,/application/zukanlist/zkn_data/zukan_enc_diamond.narc,91,2316,,53588,53592,13904,13908,4,df3f619804a92fdb4057192dc43dd748ea778adc52bc498ce80524c014b81119,00000000,,,,,False,,,,,,,,,,False,False
/application/zukanlist/zkn_data/zukan_enc_diamond.narc,/application/zukanlist/zkn_data/zukan_enc_diamond.narc!/member_02317,0,/application/zukanlist/zkn_data/zukan_enc_diamond.narc,91,2317,,53592,53596,13908,13912,4,df3f619804a92fdb4057192dc43dd748ea778adc52bc498ce80524c014b81119,00000000,,,,,False,,,,,,,,,,False,False
/application/zukanlist/zkn_data/zukan_enc_diamond.narc,/application/zukanlist/zkn_data/zukan_enc_diamond.narc!/member_02318,0,/application/zukanlist/zkn_data/zukan_enc_diamond.narc,91,2318,,53596,53600,13912,13916,4,df3f619804a92fdb4057192dc43dd748ea778adc52bc498ce80524c014b81119,00000000,,,,,False,,,,,,,,,,False,False
/application/zukanlist/zkn_data/zukan_enc_diamond.narc,/application/zukanlist/zkn_data/zukan_enc_diamond.narc!/member_02319,0,/application/zukanlist/zkn_data/zukan_enc_diamond.narc,91,2319,,53600,53604,13916,13920,4,df3f619804a92fdb4057192dc43dd748ea778adc52bc498ce80524c014b81119,00000000,,,,,False,,,,,,,,,,False,False
/application/zukanlist/zkn_data/zukan_enc_diamond.narc,/application/zukanlist/zkn_data/zukan_enc_diamond.narc!/member_02320,0,/application/zukanlist/zkn_data/zukan_enc_diamond.narc,91,2320,,53604,53608,13920,13924,4,df3f619804a92fdb4057192dc43dd748ea778adc52bc498ce80524c014b81119,00000000,,,,,False,,,,,,,,,,False,False
/application/zukanlist/zkn_data/zukan_enc_diamond.narc,/application/zukanlist/zkn_data/zukan_enc_diamond.narc!/member_02321,0,/application/zukanlist/zkn_data/zukan_enc_diamond.narc,91,2321,,53608,53612,13924,13928,4,df3f619804a92fdb4057192dc43dd748ea778adc52bc498ce80524c014b81119,00000000,,,,,False,,,,,,,,,,False,False
/application/zukanlist/zkn_data/zukan_enc_diamond.narc,/application/zukanlist/zkn_data/zukan_enc_diamond.narc!/member_02322,0,/application/zukanlist/zkn_data/zukan_enc_diamond.narc,91,2322,,53612,53616,13928,13932,4,df3f619804a92fdb4057192dc43dd748ea778adc52bc498ce80524c014b81119,00000000,,,,,False,,,,,,,,,,False,False
/application/zukanlist/zkn_data/zukan_enc_diamond.narc,/application/zukanlist/zkn_data/zukan_enc_diamond.narc!/member_02323,0,/application/zukanlist/zkn_data/zukan_enc_diamond.narc,91,2323,,53616,53620,13932,13936,4,df3f619804a92fdb4057192dc43dd748ea778adc52bc498ce80524c014b81119,00000000,,,,,False,,,,,,,,,,False,False
/application/zukanlist/zkn_data/zukan_enc_diamond.narc,/application/zukanlist/zkn_data/zukan_enc_diamond.narc!/member_02324,0,/application/zukanlist/zkn_data/zukan_enc_diamond.narc,91,2324,,53620,53624,13936,13940,4,df3f619804a92fdb4057192dc43dd748ea778adc52bc498ce80524c014b81119,00000000,,,,,False,,,,,,,,,,False,False
/application/zukanlist/zkn_data/zukan_enc_diamond.narc,/application/zukanlist/zkn_data/zukan_enc_diamond.narc!/member_02325,0,/application/zukanlist/zkn_data/zukan_enc_diamond.narc,91,2325,,53624,53628,13940,13944,4,df3f619804a92fdb4057192dc43dd748ea778adc52bc498ce80524c014b81119,00000000,,,,,False,,,,,,,,,,False,False
/application/zukanlist/zkn_data/zukan_enc_diamond.narc,/application/zukanlist/zkn_data/zukan_enc_diamond.narc!/member_02326,0,/application/zukanlist/zkn_data/zukan_enc_diamond.narc,91,2326,,53628,53632,13944,13948,4,df3f619804a92fdb4057192dc43dd748ea778adc52bc498ce80524c014b81119,00000000,,,,,False,,,,,,,,,,False,False
/application/zukanlist/zkn_data/zukan_enc_diamond.narc,/application/zukanlist/zkn_data/zukan_enc_diamond.narc!/member_02327,0,/application/zukanlist/zkn_data/zukan_enc_diamond.narc,91,2327,,53632,53636,13948,13952,4,df3f619804a92fdb4057192dc43dd748ea778adc52bc498ce80524c014b81119,00000000,,,,,False,,,,,,,,,,False,False
/application/zukanlist/zkn_data/zukan_enc_diamond.narc,/application/zukanlist/zkn_data/zukan_enc_diamond.narc!/member_02328,0,/application/zukanlist/zkn_data/zukan_enc_diamond.narc,91,2328,,53636,53640,13952,13956,4,df3f619804a92fdb4057192dc43dd748ea778adc52bc498ce80524c014b81119,00000000,,,,,False,,,,,,,,,,False,False
/application/zukanlist/zkn_data/zukan_enc_diamond.narc,/application/zukanlist/zkn_data/zukan_enc_diamond.narc!/member_02329,0,/application/zukanlist/zkn_data/zukan_enc_diamond.narc,91,2329,,53640,53644,13956,13960,4,df3f619804a92fdb4057192dc43dd748ea778adc52bc498ce80524c014b81119,00000000,,,,,False,,,,,,,,,,False,False
/application/zukanlist/zkn_data/zukan_enc_diamond.narc,/application/zukanlist/zkn_data/zukan_enc_diamond.narc!/member_02330,0,/application/zukanlist/zkn_data/zukan_enc_diamond.narc,91,2330,,53644,53648,13960,13964,4,df3f619804a92fdb4057192dc43dd748ea778adc52bc498ce80524c014b81119,00000000,,,,,False,,,,,,,,,,False,False
/application/zukanlist/zkn_data/zukan_enc_diamond.narc,/application/zukanlist/zkn_data/zukan_enc_diamond.narc!/member_02331,0,/application/zukanlist/zkn_data/zukan_enc_diamond.narc,91,2331,,53648,53652,13964,13968,4,df3f619804a92fdb4057192dc43dd748ea778adc52bc498ce80524c014b81119,00000000,,,,,False,,,,,,,,,,False,False
/application/zukanlist/zkn_data/zukan_enc_diamond.narc,/application/zukanlist/zkn_data/zukan_enc_diamond.narc!/member_02332,0,/application/zukanlist/zkn_data/zukan_enc_diamond.narc,91,2332,,53652,53656,13968,13972,4,df3f619804a92fdb4057192dc43dd748ea778adc52bc498ce80524c014b81119,00000000,,,,,False,,,,,,,,,,False,False
/application/zukanlist/zkn_data/zukan_enc_diamond.narc,/application/zukanlist/zkn_data/zukan_enc_diamond.narc!/member_02333,0,/application/zukanlist/zkn_data/zukan_enc_diamond.narc,91,2333,,53656,53664,13972,13980,8,35be322d094f9d154a8aba4733b8497f180353bd7ae7b0a15f90b586b549f28b,0300000000000000,,,,,False,,,,,,,,,,False,False
/application/zukanlist/zkn_data/zukan_enc_diamond.narc,/application/zukanlist/zkn_data/zukan_enc_diamond.narc!/member_02334,0,/application/zukanlist/zkn_data/zukan_enc_diamond.narc,91,2334,,53664,53668,13980,13984,4,df3f619804a92fdb4057192dc43dd748ea778adc52bc498ce80524c014b81119,00000000,,,,,False,,,,,,,,,,False,False
/application/zukanlist/zkn_data/zukan_enc_diamond.narc,/application/zukanlist/zkn_data/zukan_enc_diamond.narc!/member_02335,0,/application/zukanlist/zkn_data/zukan_enc_diamond.narc,91,2335,,53668,53676,13984,13992,8,18d8d609947c6b82b9607704ae40d3317038e709238514de750b5c7411ba4c20,0e00000000000000,,,,,False,,,,,,,,,,False,False
/application/zukanlist/zkn_data/zukan_enc_diamond.narc,/application/zukanlist/zkn_data/zukan_enc_diamond.narc!/member_02336,0,/application/zukanlist/zkn_data/zukan_enc_diamond.narc,91,2336,,53676,53680,13992,13996,4,df3f619804a92fdb4057192dc43dd748ea778adc52bc498ce80524c014b81119,00000000,,,,,False,,,,,,,,,,False,False
/application/zukanlist/zkn_data/zukan_enc_diamond.narc,/application/zukanlist/zkn_data/zukan_enc_diamond.narc!/member_02337,0,/application/zukanlist/zkn_data/zukan_enc_diamond.narc,91,2337,,53680,53684,13996,14000,4,df3f619804a92fdb4057192dc43dd748ea778adc52bc498ce80524c014b81119,00000000,,,,,False,,,,,,,,,,False,False
/application/zukanlist/zkn_data/zukan_enc_diamond.narc,/application/zukanlist/zkn_data/zukan_enc_diamond.narc!/member_02338,0,/application/zukanlist/zkn_data/zukan_enc_diamond.narc,91,2338,,53684,53688,14000,14004,4,df3f619804a92fdb4057192dc43dd748ea778adc52bc498ce80524c014b81119,00000000,,,,,False,,,,,,,,,,False,False
/application/zukanlist/zkn_data/zukan_enc_diamond.narc,/application/zukanlist/zkn_data/zukan_enc_diamond.narc!/member_02339,0,/application/zukanlist/zkn_data/zukan_enc_diamond.narc,91,2339,,53688,53692,14004,14008,4,df3f619804a92fdb4057192dc43dd748ea778adc52bc498ce80524c014b81119,00000000,,,,,False,,,,,,,,,,False,False
/application/zukanlist/zkn_data/zukan_enc_diamond.narc,/application/zukanlist/zkn_data/zukan_enc_diamond.narc!/member_02340,0,/application/zukanlist/zkn_data/zukan_enc_diamond.narc,91,2340,,53692,53696,14008,14012,4,df3f619804a92fdb4057192dc43dd748ea778adc52bc498ce80524c014b81119,00000000,,,,,False,,,,,,,,,,False,False
/application/zukanlist/zkn_data/zukan_enc_diamond.narc,/application/zukanlist/zkn_data/zukan_enc_diamond.narc!/member_02341,0,/application/zukanlist/zkn_data/zukan_enc_diamond.narc,91,2341,,53696,53700,14012,14016,4,df3f619804a92fdb4057192dc43dd748ea778adc52bc498ce80524c014b81119,00000000,,,,,False,,,,,,,,,,False,False
/application/zukanlist/zkn_data/zukan_enc_diamond.narc,/application/zukanlist/zkn_data/zukan_enc_diamond.narc!/member_02342,0,/application/zukanlist/zkn_data/zukan_enc_diamond.narc,91,2342,,53700,53704,14016,14020,4,df3f619804a92fdb4057192dc43dd748ea778adc52bc498ce80524c014b81119,00000000,,,,,False,,,,,,,,,,False,False
/application/zukanlist/zkn_data/zukan_enc_diamond.narc,/application/zukanlist/zkn_data/zukan_enc_diamond.narc!/member_02343,0,/application/zukanlist/zkn_data/zukan_enc_diamond.narc,91,2343,,53704,53708,14020,14024,4,df3f619804a92fdb4057192dc43dd748ea778adc52bc498ce80524c014b81119,00000000,,,,,False,,,,,,,,,,False,False
/application/zukanlist/zkn_data/zukan_enc_diamond.narc,/application/zukanlist/zkn_data/zukan_enc_diamond.narc!/member_02344,0,/application/zukanlist/zkn_data/zukan_enc_diamond.narc,91,2344,,53708,53712,14024,14028,4,df3f619804a92fdb4057192dc43dd748ea778adc52bc498ce80524c014b81119,00000000,,,,,False,,,,,,,,,,False,False
/application/zukanlist/zkn_data/zukan_enc_diamond.narc,/application/zukanlist/zkn_data/zukan_enc_diamond.narc!/member_02345,0,/application/zukanlist/zkn_data/zukan_enc_diamond.narc,91,2345,,53712,53716,14028,14032,4,df3f619804a92fdb4057192dc43dd748ea778adc52bc498ce80524c014b81119,00000000,,,,,False,,,,,,,,,,False,False
/application/zukanlist/zkn_data/zukan_enc_diamond.narc,/application/zukanlist/zkn_data/zukan_enc_diamond.narc!/member_02346,0,/application/zukanlist/zkn_data/zukan_enc_diamond.narc,91,2346,,53716,53720,14032,14036,4,df3f619804a92fdb4057192dc43dd748ea778adc52bc498ce80524c014b81119,00000000,,,,,False,,,,,,,,,,False,False
/application/zukanlist/zkn_data/zukan_enc_diamond.narc,/application/zukanlist/zkn_data/zukan_enc_diamond.narc!/member_02347,0,/application/zukanlist/zkn_data/zukan_enc_diamond.narc,91,2347,,53720,53724,14036,14040,4,df3f619804a92fdb4057192dc43dd748ea778adc52bc498ce80524c014b81119,00000000,,,,,False,,,,,,,,,,False,False
/application/zukanlist/zkn_data/zukan_enc_diamond.narc,/application/zukanlist/zkn_data/zukan_enc_diamond.narc!/member_02348,0,/application/zukanlist/zkn_data/zukan_enc_diamond.narc,91,2348,,53724,53728,14040,14044,4,df3f619804a92fdb4057192dc43dd748ea778adc52bc498ce80524c014b81119,00000000,,,,,False,,,,,,,,,,False,False
/application/zukanlist/zkn_data/zukan_enc_diamond.narc,/application/zukanlist/zkn_data/zukan_enc_diamond.narc!/member_02349,0,/application/zukanlist/zkn_data/zukan_enc_diamond.narc,91,2349,,53728,53732,14044,14048,4,df3f619804a92fdb4057192dc43dd748ea778adc52bc498ce80524c014b81119,00000000,,,,,False,,,,,,,,,,False,False
/application/zukanlist/zkn_data/zukan_enc_diamond.narc,/application/zukanlist/zkn_data/zukan_enc_diamond.narc!/member_02350,0,/application/zukanlist/zkn_data/zukan_enc_diamond.narc,91,2350,,53732,53736,14048,14052,4,df3f619804a92fdb4057192dc43dd748ea778adc52bc498ce80524c014b81119,00000000,,,,,False,,,,,,,,,,False,False
/application/zukanlist/zkn_data/zukan_enc_diamond.narc,/application/zukanlist/zkn_data/zukan_enc_diamond.narc!/member_02351,0,/application/zukanlist/zkn_data/zukan_enc_diamond.narc,91,2351,,53736,53740,14052,14056,4,df3f619804a92fdb4057192dc43dd748ea778adc52bc498ce80524c014b81119,00000000,,,,,False,,,,,,,,,,False,False
/application/zukanlist/zkn_data/zukan_enc_diamond.narc,/application/zukanlist/zkn_data/zukan_enc_diamond.narc!/member_02352,0,/application/zukanlist/zkn_data/zukan_enc_diamond.narc,91,2352,,53740,53744,14056,14060,4,df3f619804a92fdb4057192dc43dd748ea778adc52bc498ce80524c014b81119,00000000,,,,,False,,,,,,,,,,False,False
/application/zukanlist/zkn_data/zukan_enc_diamond.narc,/application/zukanlist/zkn_data/zukan_enc_diamond.narc!/member_02353,0,/application/zukanlist/zkn_data/zukan_enc_diamond.narc,91,2353,,53744,53748,14060,14064,4,df3f619804a92fdb4057192dc43dd748ea778adc52bc498ce80524c014b81119,00000000,,,,,False,,,,,,,,,,False,False
/application/zukanlist/zkn_data/zukan_enc_diamond.narc,/application/zukanlist/zkn_data/zukan_enc_diamond.narc!/member_02354,0,/application/zukanlist/zkn_data/zukan_enc_diamond.narc,91,2354,,53748,53752,14064,14068,4,df3f619804a92fdb4057192dc43dd748ea778adc52bc498ce80524c014b81119,00000000,,,,,False,,,,,,,,,,False,False
/application/zukanlist/zkn_data/zukan_enc_diamond.narc,/application/zukanlist/zkn_data/zukan_enc_diamond.narc!/member_02355,0,/application/zukanlist/zkn_data/zukan_enc_diamond.narc,91,2355,,53752,53756,14068,14072,4,df3f619804a92fdb4057192dc43dd748ea778adc52bc498ce80524c014b81119,00000000,,,,,False,,,,,,,,,,False,False
/application/zukanlist/zkn_data/zukan_enc_diamond.narc,/application/zukanlist/zkn_data/zukan_enc_diamond.narc!/member_02356,0,/application/zukanlist/zkn_data/zukan_enc_diamond.narc,91,2356,,53756,53760,14072,14076,4,df3f619804a92fdb4057192dc43dd748ea778adc52bc498ce80524c014b81119,00000000,,,,,False,,,,,,,,,,False,False
/application/zukanlist/zkn_data/zukan_enc_diamond.narc,/application/zukanlist/zkn_data/zukan_enc_diamond.narc!/member_02357,0,/application/zukanlist/zkn_data/zukan_enc_diamond.narc,91,2357,,53760,53764,14076,14080,4,df3f619804a92fdb4057192dc43dd748ea778adc52bc498ce80524c014b81119,00000000,,,,,False,,,,,,,,,,False,False
/application/zukanlist/zkn_data/zukan_enc_diamond.narc,/application/zukanlist/zkn_data/zukan_enc_diamond.narc!/member_02358,0,/application/zukanlist/zkn_data/zukan_enc_diamond.narc,91,2358,,53764,53768,14080,14084,4,df3f619804a92fdb4057192dc43dd748ea778adc52bc498ce80524c014b81119,00000000,,,,,False,,,,,,,,,,False,False
/application/zukanlist/zkn_data/zukan_enc_diamond.narc,/application/zukanlist/zkn_data/zukan_enc_diamond.narc!/member_02359,0,/application/zukanlist/zkn_data/zukan_enc_diamond.narc,91,2359,,53768,53772,14084,14088,4,df3f619804a92fdb4057192dc43dd748ea778adc52bc498ce80524c014b81119,00000000,,,,,False,,,,,,,,,,False,False
/application/zukanlist/zkn_data/zukan_enc_diamond.narc,/application/zukanlist/zkn_data/zukan_enc_diamond.narc!/member_02360,0,/application/zukanlist/zkn_data/zukan_enc_diamond.narc,91,2360,,53772,53776,14088,14092,4,df3f619804a92fdb4057192dc43dd748ea778adc52bc498ce80524c014b81119,00000000,,,,,False,,,,,,,,,,False,False
/application/zukanlist/zkn_data/zukan_enc_diamond.narc,/application/zukanlist/zkn_data/zukan_enc_diamond.narc!/member_02361,0,/application/zukanlist/zkn_data/zukan_enc_diamond.narc,91,2361,,53776,53780,14092,14096,4,df3f619804a92fdb4057192dc43dd748ea778adc52bc498ce80524c014b81119,00000000,,,,,False,,,,,,,,,,False,False
/application/zukanlist/zkn_data/zukan_enc_diamond.narc,/application/zukanlist/zkn_data/zukan_enc_diamond.narc!/member_02362,0,/application/zukanlist/zkn_data/zukan_enc_diamond.narc,91,2362,,53780,53784,14096,14100,4,df3f619804a92fdb4057192dc43dd748ea778adc52bc498ce80524c014b81119,00000000,,,,,False,,,,,,,,,,False,False
/application/zukanlist/zkn_data/zukan_enc_diamond.narc,/application/zukanlist/zkn_data/zukan_enc_diamond.narc!/member_02363,0,/application/zukanlist/zkn_data/zukan_enc_diamond.narc,91,2363,,53784,53788,14100,14104,4,df3f619804a92fdb4057192dc43dd748ea778adc52bc498ce80524c014b81119,00000000,,,,,False,,,,,,,,,,False,False
/application/zukanlist/zkn_data/zukan_enc_diamond.narc,/application/zukanlist/zkn_data/zukan_enc_diamond.narc!/member_02364,0,/application/zukanlist/zkn_data/zukan_enc_diamond.narc,91,2364,,53788,53792,14104,14108,4,df3f619804a92fdb4057192dc43dd748ea778adc52bc498ce80524c014b81119,00000000,,,,,False,,,,,,,,,,False,False
/application/zukanlist/zkn_data/zukan_enc_diamond.narc,/application/zukanlist/zkn_data/zukan_enc_diamond.narc!/member_02365,0,/application/zukanlist/zkn_data/zukan_enc_diamond.narc,91,2365,,53792,53796,14108,14112,4,df3f619804a92fdb4057192dc43dd748ea778adc52bc498ce80524c014b81119,00000000,,,,,False,,,,,,,,,,False,False
/application/zukanlist/zkn_data/zukan_enc_diamond.narc,/application/zukanlist/zkn_data/zukan_enc_diamond.narc!/member_02366,0,/application/zukanlist/zkn_data/zukan_enc_diamond.narc,91,2366,,53796,53800,14112,14116,4,df3f619804a92fdb4057192dc43dd748ea778adc52bc498ce80524c014b81119,00000000,,,,,False,,,,,,,,,,False,False
/application/zukanlist/zkn_data/zukan_enc_diamond.narc,/application/zukanlist/zkn_data/zukan_enc_diamond.narc!/member_02367,0,/application/zukanlist/zkn_data/zukan_enc_diamond.narc,91,2367,,53800,53804,14116,14120,4,df3f619804a92fdb4057192dc43dd748ea778adc52bc498ce80524c014b81119,00000000,,,,,False,,,,,,,,,,False,False
/application/zukanlist/zkn_data/zukan_enc_diamond.narc,/application/zukanlist/zkn_data/zukan_enc_diamond.narc!/member_02368,0,/application/zukanlist/zkn_data/zukan_enc_diamond.narc,91,2368,,53804,53808,14120,14124,4,df3f619804a92fdb4057192dc43dd748ea778adc52bc498ce80524c014b81119,00000000,,,,,False,,,,,,,,,,False,False
/application/zukanlist/zkn_data/zukan_enc_diamond.narc,/application/zukanlist/zkn_data/zukan_enc_diamond.narc!/member_02369,0,/application/zukanlist/zkn_data/zukan_enc_diamond.narc,91,2369,,53808,53812,14124,14128,4,df3f619804a92fdb4057192dc43dd748ea778adc52bc498ce80524c014b81119,00000000,,,,,False,,,,,,,,,,False,False
/application/zukanlist/zkn_data/zukan_enc_diamond.narc,/application/zukanlist/zkn_data/zukan_enc_diamond.narc!/member_02370,0,/application/zukanlist/zkn_data/zukan_enc_diamond.narc,91,2370,,53812,53816,14128,14132,4,df3f619804a92fdb4057192dc43dd748ea778adc52bc498ce80524c014b81119,00000000,,,,,False,,,,,,,,,,False,False
/application/zukanlist/zkn_data/zukan_enc_diamond.narc,/application/zukanlist/zkn_data/zukan_enc_diamond.narc!/member_02371,0,/application/zukanlist/zkn_data/zukan_enc_diamond.narc,91,2371,,53816,53820,14132,14136,4,df3f619804a92fdb4057192dc43dd748ea778adc52bc498ce80524c014b81119,00000000,,,,,False,,,,,,,,,,False,False
/application/zukanlist/zkn_data/zukan_enc_diamond.narc,/application/zukanlist/zkn_data/zukan_enc_diamond.narc!/member_02372,0,/application/zukanlist/zkn_data/zukan_enc_diamond.narc,91,2372,,53820,53824,14136,14140,4,df3f619804a92fdb4057192dc43dd748ea778adc52bc498ce80524c014b81119,00000000,,,,,False,,,,,,,,,,False,False
/application/zukanlist/zkn_data/zukan_enc_diamond.narc,/application/zukanlist/zkn_data/zukan_enc_diamond.narc!/member_02373,0,/application/zukanlist/zkn_data/zukan_enc_diamond.narc,91,2373,,53824,53828,14140,14144,4,df3f619804a92fdb4057192dc43dd748ea778adc52bc498ce80524c014b81119,00000000,,,,,False,,,,,,,,,,False,False
/application/zukanlist/zkn_data/zukan_enc_diamond.narc,/application/zukanlist/zkn_data/zukan_enc_diamond.narc!/member_02374,0,/application/zukanlist/zkn_data/zukan_enc_diamond.narc,91,2374,,53828,53832,14144,14148,4,df3f619804a92fdb4057192dc43dd748ea778adc52bc498ce80524c014b81119,00000000,,,,,False,,,,,,,,,,False,False
/application/zukanlist/zkn_data/zukan_enc_diamond.narc,/application/zukanlist/zkn_data/zukan_enc_diamond.narc!/member_02375,0,/application/zukanlist/zkn_data/zukan_enc_diamond.narc,91,2375,,53832,53836,14148,14152,4,df3f619804a92fdb4057192dc43dd748ea778adc52bc498ce80524c014b81119,00000000,,,,,False,,,,,,,,,,False,False
/application/zukanlist/zkn_data/zukan_enc_diamond.narc,/application/zukanlist/zkn_data/zukan_enc_diamond.narc!/member_02376,0,/application/zukanlist/zkn_data/zukan_enc_diamond.narc,91,2376,,53836,53840,14152,14156,4,df3f619804a92fdb4057192dc43dd748ea778adc52bc498ce80524c014b81119,00000000,,,,,False,,,,,,,,,,False,False
/application/zukanlist/zkn_data/zukan_enc_diamond.narc,/application/zukanlist/zkn_data/zukan_enc_diamond.narc!/member_02377,0,/application/zukanlist/zkn_data/zukan_enc_diamond.narc,91,2377,,53840,53844,14156,14160,4,df3f619804a92fdb4057192dc43dd748ea778adc52bc498ce80524c014b81119,00000000,,,,,False,,,,,,,,,,False,False
/application/zukanlist/zkn_data/zukan_enc_diamond.narc,/application/zukanlist/zkn_data/zukan_enc_diamond.narc!/member_02378,0,/application/zukanlist/zkn_data/zukan_enc_diamond.narc,91,2378,,53844,53848,14160,14164,4,df3f619804a92fdb4057192dc43dd748ea778adc52bc498ce80524c014b81119,00000000,,,,,False,,,,,,,,,,False,False
/application/zukanlist/zkn_data/zukan_enc_diamond.narc,/application/zukanlist/zkn_data/zukan_enc_diamond.narc!/member_02379,0,/application/zukanlist/zkn_data/zukan_enc_diamond.narc,91,2379,,53848,53852,14164,14168,4,df3f619804a92fdb4057192dc43dd748ea778adc52bc498ce80524c014b81119,00000000,,,,,False,,,,,,,,,,False,False
/application/zukanlist/zkn_data/zukan_enc_diamond.narc,/application/zukanlist/zkn_data/zukan_enc_diamond.narc!/member_02380,0,/application/zukanlist/zkn_data/zukan_enc_diamond.narc,91,2380,,53852,53856,14168,14172,4,df3f619804a92fdb4057192dc43dd748ea778adc52bc498ce80524c014b81119,00000000,,,,,False,,,,,,,,,,False,False
/application/zukanlist/zkn_data/zukan_enc_diamond.narc,/application/zukanlist/zkn_data/zukan_enc_diamond.narc!/member_02381,0,/application/zukanlist/zkn_data/zukan_enc_diamond.narc,91,2381,,53856,53868,14172,14184,12,59bebf24d7447f9f5750eb4ddf6248ad0417bd29aa538ac07ab6349f9c4c71f6,040000000a00000000000000,,,,,False,,,,,,,,,,False,False
/application/zukanlist/zkn_data/zukan_enc_diamond.narc,/application/zukanlist/zkn_data/zukan_enc_diamond.narc!/member_02382,0,/application/zukanlist/zkn_data/zukan_enc_diamond.narc,91,2382,,53868,53872,14184,14188,4,df3f619804a92fdb4057192dc43dd748ea778adc52bc498ce80524c014b81119,00000000,,,,,False,,,,,,,,,,False,False
/application/zukanlist/zkn_data/zukan_enc_diamond.narc,/application/zukanlist/zkn_data/zukan_enc_diamond.narc!/member_02383,0,/application/zukanlist/zkn_data/zukan_enc_diamond.narc,91,2383,,53872,53880,14188,14196,8,f0a0278e4372459cca6159cd5e71cfee638302a7b9ca9b05c34181ac0a65ac5d,0400000000000000,,,,,False,,,,,,,,,,False,False
/application/zukanlist/zkn_data/zukan_enc_diamond.narc,/application/zukanlist/zkn_data/zukan_enc_diamond.narc!/member_02384,0,/application/zukanlist/zkn_data/zukan_enc_diamond.narc,91,2384,,53880,53888,14196,14204,8,a111f275cc2e7588000001d300a31e76336d15b9d314cd1a1d8f3d3556975eed,0a00000000000000,,,,,False,,,,,,,,,,False,False
/application/zukanlist/zkn_data/zukan_enc_diamond.narc,/application/zukanlist/zkn_data/zukan_enc_diamond.narc!/member_02385,0,/application/zukanlist/zkn_data/zukan_enc_diamond.narc,91,2385,,53888,53892,14204,14208,4,df3f619804a92fdb4057192dc43dd748ea778adc52bc498ce80524c014b81119,00000000,,,,,False,,,,,,,,,,False,False
/application/zukanlist/zkn_data/zukan_enc_diamond.narc,/application/zukanlist/zkn_data/zukan_enc_diamond.narc!/member_02386,0,/application/zukanlist/zkn_data/zukan_enc_diamond.narc,91,2386,,53892,53900,14208,14216,8,18d8d609947c6b82b9607704ae40d3317038e709238514de750b5c7411ba4c20,0e00000000000000,,,,,False,,,,,,,,,,False,False
/application/zukanlist/zkn_data/zukan_enc_diamond.narc,/application/zukanlist/zkn_data/zukan_enc_diamond.narc!/member_02387,0,/application/zukanlist/zkn_data/zukan_enc_diamond.narc,91,2387,,53900,53904,14216,14220,4,df3f619804a92fdb4057192dc43dd748ea778adc52bc498ce80524c014b81119,00000000,,,,,False,,,,,,,,,,False,False
/application/zukanlist/zkn_data/zukan_enc_diamond.narc,/application/zukanlist/zkn_data/zukan_enc_diamond.narc!/member_02388,0,/application/zukanlist/zkn_data/zukan_enc_diamond.narc,91,2388,,53904,53908,14220,14224,4,df3f619804a92fdb4057192dc43dd748ea778adc52bc498ce80524c014b81119,00000000,,,,,False,,,,,,,,,,False,False
/application/zukanlist/zkn_data/zukan_enc_diamond.narc,/application/zukanlist/zkn_data/zukan_enc_diamond.narc!/member_02389,0,/application/zukanlist/zkn_data/zukan_enc_diamond.narc,91,2389,,53908,53912,14224,14228,4,df3f619804a92fdb4057192dc43dd748ea778adc52bc498ce80524c014b81119,00000000,,,,,False,,,,,,,,,,False,False
/application/zukanlist/zkn_data/zukan_enc_diamond.narc,/application/zukanlist/zkn_data/zukan_enc_diamond.narc!/member_02390,0,/application/zukanlist/zkn_data/zukan_enc_diamond.narc,91,2390,,53912,53916,14228,14232,4,df3f619804a92fdb4057192dc43dd748ea778adc52bc498ce80524c014b81119,00000000,,,,,False,,,,,,,,,,False,False
/application/zukanlist/zkn_data/zukan_enc_diamond.narc,/application/zukanlist/zkn_data/zukan_enc_diamond.narc!/member_02391,0,/application/zukanlist/zkn_data/zukan_enc_diamond.narc,91,2391,,53916,53920,14232,14236,4,df3f619804a92fdb4057192dc43dd748ea778adc52bc498ce80524c014b81119,00000000,,,,,False,,,,,,,,,,False,False
/application/zukanlist/zkn_data/zukan_enc_diamond.narc,/application/zukanlist/zkn_data/zukan_enc_diamond.narc!/member_02392,0,/application/zukanlist/zkn_data/zukan_enc_diamond.narc,91,2392,,53920,53924,14236,14240,4,df3f619804a92fdb4057192dc43dd748ea778adc52bc498ce80524c014b81119,00000000,,,,,False,,,,,,,,,,False,False
/application/zukanlist/zkn_data/zukan_enc_diamond.narc,/application/zukanlist/zkn_data/zukan_enc_diamond.narc!/member_02393,0,/application/zukanlist/zkn_data/zukan_enc_diamond.narc,91,2393,,53924,53928,14240,14244,4,df3f619804a92fdb4057192dc43dd748ea778adc52bc498ce80524c014b81119,00000000,,,,,False,,,,,,,,,,False,False
/application/zukanlist/zkn_data/zukan_enc_diamond.narc,/application/zukanlist/zkn_data/zukan_enc_diamond.narc!/member_02394,0,/application/zukanlist/zkn_data/zukan_enc_diamond.narc,91,2394,,53928,53932,14244,14248,4,df3f619804a92fdb4057192dc43dd748ea778adc52bc498ce80524c014b81119,00000000,,,,,False,,,,,,,,,,False,False
/application/zukanlist/zkn_data/zukan_enc_diamond.narc,/application/zukanlist/zkn_data/zukan_enc_diamond.narc!/member_02395,0,/application/zukanlist/zkn_data/zukan_enc_diamond.narc,91,2395,,53932,53936,14248,14252,4,df3f619804a92fdb4057192dc43dd748ea778adc52bc498ce80524c014b81119,00000000,,,,,False,,,,,,,,,,False,False
/application/zukanlist/zkn_data/zukan_enc_diamond.narc,/application/zukanlist/zkn_data/zukan_enc_diamond.narc!/member_02396,0,/application/zukanlist/zkn_data/zukan_enc_diamond.narc,91,2396,,53936,53944,14252,14260,8,debcea1f166010e428df48387304e45c0bf7843a1fa7f1beb38f852228df789b,1500000000000000,,,,,False,,,,,,,,,,False,False
/application/zukanlist/zkn_data/zukan_enc_diamond.narc,/application/zukanlist/zkn_data/zukan_enc_diamond.narc!/member_02397,0,/application/zukanlist/zkn_data/zukan_enc_diamond.narc,91,2397,,53944,53948,14260,14264,4,df3f619804a92fdb4057192dc43dd748ea778adc52bc498ce80524c014b81119,00000000,,,,,False,,,,,,,,,,False,False
/application/zukanlist/zkn_data/zukan_enc_diamond.narc,/application/zukanlist/zkn_data/zukan_enc_diamond.narc!/member_02398,0,/application/zukanlist/zkn_data/zukan_enc_diamond.narc,91,2398,,53948,53952,14264,14268,4,df3f619804a92fdb4057192dc43dd748ea778adc52bc498ce80524c014b81119,00000000,,,,,False,,,,,,,,,,False,False
/application/zukanlist/zkn_data/zukan_enc_diamond.narc,/application/zukanlist/zkn_data/zukan_enc_diamond.narc!/member_02399,0,/application/zukanlist/zkn_data/zukan_enc_diamond.narc,91,2399,,53952,53960,14268,14276,8,debcea1f166010e428df48387304e45c0bf7843a1fa7f1beb38f852228df789b,1500000000000000,,,,,False,,,,,,,,,,False,False
/application/zukanlist/zkn_data/zukan_enc_diamond.narc,/application/zukanlist/zkn_data/zukan_enc_diamond.narc!/member_02400,0,/application/zukanlist/zkn_data/zukan_enc_diamond.narc,91,2400,,53960,53964,14276,14280,4,df3f619804a92fdb4057192dc43dd748ea778adc52bc498ce80524c014b81119,00000000,,,,,False,,,,,,,,,,False,False
/application/zukanlist/zkn_data/zukan_enc_diamond.narc,/application/zukanlist/zkn_data/zukan_enc_diamond.narc!/member_02401,0,/application/zukanlist/zkn_data/zukan_enc_diamond.narc,91,2401,,53964,53968,14280,14284,4,df3f619804a92fdb4057192dc43dd748ea778adc52bc498ce80524c014b81119,00000000,,,,,False,,,,,,,,,,False,False
/application/zukanlist/zkn_data/zukan_enc_diamond.narc,/application/zukanlist/zkn_data/zukan_enc_diamond.narc!/member_02402,0,/application/zukanlist/zkn_data/zukan_enc_diamond.narc,91,2402,,53968,53972,14284,14288,4,df3f619804a92fdb4057192dc43dd748ea778adc52bc498ce80524c014b81119,00000000,,,,,False,,,,,,,,,,False,False
/application/zukanlist/zkn_data/zukan_enc_diamond.narc,/application/zukanlist/zkn_data/zukan_enc_diamond.narc!/member_02403,0,/application/zukanlist/zkn_data/zukan_enc_diamond.narc,91,2403,,53972,53980,14288,14296,8,23d7f42b1cdc1f0d492ebd756ed0fe8003995dda554d99418d47a81813650207,0600000000000000,,,,,False,,,,,,,,,,False,False
/application/zukanlist/zkn_data/zukan_enc_diamond.narc,/application/zukanlist/zkn_data/zukan_enc_diamond.narc!/member_02404,0,/application/zukanlist/zkn_data/zukan_enc_diamond.narc,91,2404,,53980,53988,14296,14304,8,debcea1f166010e428df48387304e45c0bf7843a1fa7f1beb38f852228df789b,1500000000000000,,,,,False,,,,,,,,,,False,False
/application/zukanlist/zkn_data/zukan_enc_diamond.narc,/application/zukanlist/zkn_data/zukan_enc_diamond.narc!/member_02405,0,/application/zukanlist/zkn_data/zukan_enc_diamond.narc,91,2405,,53988,53992,14304,14308,4,df3f619804a92fdb4057192dc43dd748ea778adc52bc498ce80524c014b81119,00000000,,,,,False,,,,,,,,,,False,False
/application/zukanlist/zkn_data/zukan_enc_diamond.narc,/application/zukanlist/zkn_data/zukan_enc_diamond.narc!/member_02406,0,/application/zukanlist/zkn_data/zukan_enc_diamond.narc,91,2406,,53992,53996,14308,14312,4,df3f619804a92fdb4057192dc43dd748ea778adc52bc498ce80524c014b81119,00000000,,,,,False,,,,,,,,,,False,False
/application/zukanlist/zkn_data/zukan_enc_diamond.narc,/application/zukanlist/zkn_data/zukan_enc_diamond.narc!/member_02407,0,/application/zukanlist/zkn_data/zukan_enc_diamond.narc,91,2407,,53996,54000,14312,14316,4,df3f619804a92fdb4057192dc43dd748ea778adc52bc498ce80524c014b81119,00000000,,,,,False,,,,,,,,,,False,False
/application/zukanlist/zkn_data/zukan_enc_diamond.narc,/application/zukanlist/zkn_data/zukan_enc_diamond.narc!/member_02408,0,/application/zukanlist/zkn_data/zukan_enc_diamond.narc,91,2408,,54000,54004,14316,14320,4,df3f619804a92fdb4057192dc43dd748ea778adc52bc498ce80524c014b81119,00000000,,,,,False,,,,,,,,,,False,False
/application/zukanlist/zkn_data/zukan_enc_diamond.narc,/application/zukanlist/zkn_data/zukan_enc_diamond.narc!/member_02409,0,/application/zukanlist/zkn_data/zukan_enc_diamond.narc,91,2409,,54004,54008,14320,14324,4,df3f619804a92fdb4057192dc43dd748ea778adc52bc498ce80524c014b81119,00000000,,,,,False,,,,,,,,,,False,False
/application/zukanlist/zkn_data/zukan_enc_diamond.narc,/application/zukanlist/zkn_data/zukan_enc_diamond.narc!/member_02410,0,/application/zukanlist/zkn_data/zukan_enc_diamond.narc,91,2410,,54008,54012,14324,14328,4,df3f619804a92fdb4057192dc43dd748ea778adc52bc498ce80524c014b81119,00000000,,,,,False,,,,,,,,,,False,False
/application/zukanlist/zkn_data/zukan_enc_diamond.narc,/application/zukanlist/zkn_data/zukan_enc_diamond.narc!/member_02411,0,/application/zukanlist/zkn_data/zukan_enc_diamond.narc,91,2411,,54012,54016,14328,14332,4,df3f619804a92fdb4057192dc43dd748ea778adc52bc498ce80524c014b81119,00000000,,,,,False,,,,,,,,,,False,False
/application/zukanlist/zkn_data/zukan_enc_diamond.narc,/application/zukanlist/zkn_data/zukan_enc_diamond.narc!/member_02412,0,/application/zukanlist/zkn_data/zukan_enc_diamond.narc,91,2412,,54016,54020,14332,14336,4,df3f619804a92fdb4057192dc43dd748ea778adc52bc498ce80524c014b81119,00000000,,,,,False,,,,,,,,,,False,False
/application/zukanlist/zkn_data/zukan_enc_diamond.narc,/application/zukanlist/zkn_data/zukan_enc_diamond.narc!/member_02413,0,/application/zukanlist/zkn_data/zukan_enc_diamond.narc,91,2413,,54020,54024,14336,14340,4,df3f619804a92fdb4057192dc43dd748ea778adc52bc498ce80524c014b81119,00000000,,,,,False,,,,,,,,,,False,False
/application/zukanlist/zkn_data/zukan_enc_diamond.narc,/application/zukanlist/zkn_data/zukan_enc_diamond.narc!/member_02414,0,/application/zukanlist/zkn_data/zukan_enc_diamond.narc,91,2414,,54024,54028,14340,14344,4,df3f619804a92fdb4057192dc43dd748ea778adc52bc498ce80524c014b81119,00000000,,,,,False,,,,,,,,,,False,False
/application/zukanlist/zkn_data/zukan_enc_diamond.narc,/application/zukanlist/zkn_data/zukan_enc_diamond.narc!/member_02415,0,/application/zukanlist/zkn_data/zukan_enc_diamond.narc,91,2415,,54028,54032,14344,14348,4,df3f619804a92fdb4057192dc43dd748ea778adc52bc498ce80524c014b81119,00000000,,,,,False,,,,,,,,,,False,False
/application/zukanlist/zkn_data/zukan_enc_diamond.narc,/application/zukanlist/zkn_data/zukan_enc_diamond.narc!/member_02416,0,/application/zukanlist/zkn_data/zukan_enc_diamond.narc,91,2416,,54032,54036,14348,14352,4,df3f619804a92fdb4057192dc43dd748ea778adc52bc498ce80524c014b81119,00000000,,,,,False,,,,,,,,,,False,False
/application/zukanlist/zkn_data/zukan_enc_diamond.narc,/application/zukanlist/zkn_data/zukan_enc_diamond.narc!/member_02417,0,/application/zukanlist/zkn_data/zukan_enc_diamond.narc,91,2417,,54036,54040,14352,14356,4,df3f619804a92fdb4057192dc43dd748ea778adc52bc498ce80524c014b81119,00000000,,,,,False,,,,,,,,,,False,False
/application/zukanlist/zkn_data/zukan_enc_diamond.narc,/application/zukanlist/zkn_data/zukan_enc_diamond.narc!/member_02418,0,/application/zukanlist/zkn_data/zukan_enc_diamond.narc,91,2418,,54040,54044,14356,14360,4,df3f619804a92fdb4057192dc43dd748ea778adc52bc498ce80524c014b81119,00000000,,,,,False,,,,,,,,,,False,False
/application/zukanlist/zkn_data/zukan_enc_diamond.narc,/application/zukanlist/zkn_data/zukan_enc_diamond.narc!/member_02419,0,/application/zukanlist/zkn_data/zukan_enc_diamond.narc,91,2419,,54044,54048,14360,14364,4,df3f619804a92fdb4057192dc43dd748ea778adc52bc498ce80524c014b81119,00000000,,,,,False,,,,,,,,,,False,False
/application/zukanlist/zkn_data/zukan_enc_diamond.narc,/application/zukanlist/zkn_data/zukan_enc_diamond.narc!/member_02420,0,/application/zukanlist/zkn_data/zukan_enc_diamond.narc,91,2420,,54048,54064,14364,14380,16,a5507ccd6d5f1fdd31538bd736ba6ac1394f6a9592c0bebdf6c58dc518ded264,030000000a0000000c00000000000000,,,,,False,,,,,,,,,,False,False
/application/zukanlist/zkn_data/zukan_enc_diamond.narc,/application/zukanlist/zkn_data/zukan_enc_diamond.narc!/member_02421,0,/application/zukanlist/zkn_data/zukan_enc_diamond.narc,91,2421,,54064,54076,14380,14392,12,7c16f5631b09eef6cfc2ecdfb0d5336adbaa187c45cf7b6c5e37c4b6dc98158d,030000000a00000000000000,,,,,False,,,,,,,,,,False,False
/application/zukanlist/zkn_data/zukan_enc_diamond.narc,/application/zukanlist/zkn_data/zukan_enc_diamond.narc!/member_02422,0,/application/zukanlist/zkn_data/zukan_enc_diamond.narc,91,2422,,54076,54084,14392,14400,8,18d8d609947c6b82b9607704ae40d3317038e709238514de750b5c7411ba4c20,0e00000000000000,,,,,False,,,,,,,,,,False,False
/application/zukanlist/zkn_data/zukan_enc_diamond.narc,/application/zukanlist/zkn_data/zukan_enc_diamond.narc!/member_02423,0,/application/zukanlist/zkn_data/zukan_enc_diamond.narc,91,2423,,54084,54092,14400,14408,8,18d8d609947c6b82b9607704ae40d3317038e709238514de750b5c7411ba4c20,0e00000000000000,,,,,False,,,,,,,,,,False,False
/application/zukanlist/zkn_data/zukan_enc_diamond.narc,/application/zukanlist/zkn_data/zukan_enc_diamond.narc!/member_02424,0,/application/zukanlist/zkn_data/zukan_enc_diamond.narc,91,2424,,54092,54100,14408,14416,8,18d8d609947c6b82b9607704ae40d3317038e709238514de750b5c7411ba4c20,0e00000000000000,,,,,False,,,,,,,,,,False,False
/application/zukanlist/zkn_data/zukan_enc_diamond.narc,/application/zukanlist/zkn_data/zukan_enc_diamond.narc!/member_02425,0,/application/zukanlist/zkn_data/zukan_enc_diamond.narc,91,2425,,54100,54104,14416,14420,4,df3f619804a92fdb4057192dc43dd748ea778adc52bc498ce80524c014b81119,00000000,,,,,False,,,,,,,,,,False,False
/application/zukanlist/zkn_data/zukan_enc_diamond.narc,/application/zukanlist/zkn_data/zukan_enc_diamond.narc!/member_02426,0,/application/zukanlist/zkn_data/zukan_enc_diamond.narc,91,2426,,54104,54108,14420,14424,4,df3f619804a92fdb4057192dc43dd748ea778adc52bc498ce80524c014b81119,00000000,,,,,False,,,,,,,,,,False,False
/application/zukanlist/zkn_data/zukan_enc_diamond.narc,/application/zukanlist/zkn_data/zukan_enc_diamond.narc!/member_02427,0,/application/zukanlist/zkn_data/zukan_enc_diamond.narc,91,2427,,54108,54116,14424,14432,8,220dde27afee4d537cac96d85d6546f825153b90e828931b74e103807541bc42,0c00000000000000,,,,,False,,,,,,,,,,False,False
/application/zukanlist/zkn_data/zukan_enc_diamond.narc,/application/zukanlist/zkn_data/zukan_enc_diamond.narc!/member_02428,0,/application/zukanlist/zkn_data/zukan_enc_diamond.narc,91,2428,,54116,54120,14432,14436,4,df3f619804a92fdb4057192dc43dd748ea778adc52bc498ce80524c014b81119,00000000,,,,,False,,,,,,,,,,False,False
/application/zukanlist/zkn_data/zukan_enc_diamond.narc,/application/zukanlist/zkn_data/zukan_enc_diamond.narc!/member_02429,0,/application/zukanlist/zkn_data/zukan_enc_diamond.narc,91,2429,,54120,54124,14436,14440,4,df3f619804a92fdb4057192dc43dd748ea778adc52bc498ce80524c014b81119,00000000,,,,,False,,,,,,,,,,False,False
/application/zukanlist/zkn_data/zukan_enc_diamond.narc,/application/zukanlist/zkn_data/zukan_enc_diamond.narc!/member_02430,0,/application/zukanlist/zkn_data/zukan_enc_diamond.narc,91,2430,,54124,54128,14440,14444,4,df3f619804a92fdb4057192dc43dd748ea778adc52bc498ce80524c014b81119,00000000,,,,,False,,,,,,,,,,False,False
/application/zukanlist/zkn_data/zukan_enc_diamond.narc,/application/zukanlist/zkn_data/zukan_enc_diamond.narc!/member_02431,0,/application/zukanlist/zkn_data/zukan_enc_diamond.narc,91,2431,,54128,54132,14444,14448,4,df3f619804a92fdb4057192dc43dd748ea778adc52bc498ce80524c014b81119,00000000,,,,,False,,,,,,,,,,False,False
/application/zukanlist/zkn_data/zukan_enc_diamond.narc,/application/zukanlist/zkn_data/zukan_enc_diamond.narc!/member_02432,0,/application/zukanlist/zkn_data/zukan_enc_diamond.narc,91,2432,,54132,54136,14448,14452,4,df3f619804a92fdb4057192dc43dd748ea778adc52bc498ce80524c014b81119,00000000,,,,,False,,,,,,,,,,False,False
/application/zukanlist/zkn_data/zukan_enc_diamond.narc,/application/zukanlist/zkn_data/zukan_enc_diamond.narc!/member_02433,0,/application/zukanlist/zkn_data/zukan_enc_diamond.narc,91,2433,,54136,54144,14452,14460,8,b0bd73e6922c0d2496dbcb99eac08eb5870090e59f6e06b1eb477d540002a5cd,0d00000000000000,,,,,False,,,,,,,,,,False,False
/application/zukanlist/zkn_data/zukan_enc_diamond.narc,/application/zukanlist/zkn_data/zukan_enc_diamond.narc!/member_02434,0,/application/zukanlist/zkn_data/zukan_enc_diamond.narc,91,2434,,54144,54148,14460,14464,4,df3f619804a92fdb4057192dc43dd748ea778adc52bc498ce80524c014b81119,00000000,,,,,False,,,,,,,,,,False,False
/application/zukanlist/zkn_data/zukan_enc_diamond.narc,/application/zukanlist/zkn_data/zukan_enc_diamond.narc!/member_02435,0,/application/zukanlist/zkn_data/zukan_enc_diamond.narc,91,2435,,54148,54156,14464,14472,8,f0a0278e4372459cca6159cd5e71cfee638302a7b9ca9b05c34181ac0a65ac5d,0400000000000000,,,,,False,,,,,,,,,,False,False
/application/zukanlist/zkn_data/zukan_enc_diamond.narc,/application/zukanlist/zkn_data/zukan_enc_diamond.narc!/member_02436,0,/application/zukanlist/zkn_data/zukan_enc_diamond.narc,91,2436,,54156,54164,14472,14480,8,f0a0278e4372459cca6159cd5e71cfee638302a7b9ca9b05c34181ac0a65ac5d,0400000000000000,,,,,False,,,,,,,,,,False,False
/application/zukanlist/zkn_data/zukan_enc_diamond.narc,/application/zukanlist/zkn_data/zukan_enc_diamond.narc!/member_02437,0,/application/zukanlist/zkn_data/zukan_enc_diamond.narc,91,2437,,54164,54172,14480,14488,8,f0a0278e4372459cca6159cd5e71cfee638302a7b9ca9b05c34181ac0a65ac5d,0400000000000000,,,,,False,,,,,,,,,,False,False
/application/zukanlist/zkn_data/zukan_enc_diamond.narc,/application/zukanlist/zkn_data/zukan_enc_diamond.narc!/member_02438,0,/application/zukanlist/zkn_data/zukan_enc_diamond.narc,91,2438,,54172,54180,14488,14496,8,f0a0278e4372459cca6159cd5e71cfee638302a7b9ca9b05c34181ac0a65ac5d,0400000000000000,,,,,False,,,,,,,,,,False,False
/application/zukanlist/zkn_data/zukan_enc_diamond.narc,/application/zukanlist/zkn_data/zukan_enc_diamond.narc!/member_02439,0,/application/zukanlist/zkn_data/zukan_enc_diamond.narc,91,2439,,54180,54188,14496,14504,8,f0a0278e4372459cca6159cd5e71cfee638302a7b9ca9b05c34181ac0a65ac5d,0400000000000000,,,,,False,,,,,,,,,,False,False
/application/zukanlist/zkn_data/zukan_enc_diamond.narc,/application/zukanlist/zkn_data/zukan_enc_diamond.narc!/member_02440,0,/application/zukanlist/zkn_data/zukan_enc_diamond.narc,91,2440,,54188,54192,14504,14508,4,df3f619804a92fdb4057192dc43dd748ea778adc52bc498ce80524c014b81119,00000000,,,,,False,,,,,,,,,,False,False
/application/zukanlist/zkn_data/zukan_enc_diamond.narc,/application/zukanlist/zkn_data/zukan_enc_diamond.narc!/member_02441,0,/application/zukanlist/zkn_data/zukan_enc_diamond.narc,91,2441,,54192,54196,14508,14512,4,df3f619804a92fdb4057192dc43dd748ea778adc52bc498ce80524c014b81119,00000000,,,,,False,,,,,,,,,,False,False
/application/zukanlist/zkn_data/zukan_enc_diamond.narc,/application/zukanlist/zkn_data/zukan_enc_diamond.narc!/member_02442,0,/application/zukanlist/zkn_data/zukan_enc_diamond.narc,91,2442,,54196,54200,14512,14516,4,df3f619804a92fdb4057192dc43dd748ea778adc52bc498ce80524c014b81119,00000000,,,,,False,,,,,,,,,,False,False
/application/zukanlist/zkn_data/zukan_enc_diamond.narc,/application/zukanlist/zkn_data/zukan_enc_diamond.narc!/member_02443,0,/application/zukanlist/zkn_data/zukan_enc_diamond.narc,91,2443,,54200,54204,14516,14520,4,df3f619804a92fdb4057192dc43dd748ea778adc52bc498ce80524c014b81119,00000000,,,,,False,,,,,,,,,,False,False
/application/zukanlist/zkn_data/zukan_enc_diamond.narc,/application/zukanlist/zkn_data/zukan_enc_diamond.narc!/member_02444,0,/application/zukanlist/zkn_data/zukan_enc_diamond.narc,91,2444,,54204,54208,14520,14524,4,df3f619804a92fdb4057192dc43dd748ea778adc52bc498ce80524c014b81119,00000000,,,,,False,,,,,,,,,,False,False
/application/zukanlist/zkn_data/zukan_enc_diamond.narc,/application/zukanlist/zkn_data/zukan_enc_diamond.narc!/member_02445,0,/application/zukanlist/zkn_data/zukan_enc_diamond.narc,91,2445,,54208,54212,14524,14528,4,df3f619804a92fdb4057192dc43dd748ea778adc52bc498ce80524c014b81119,00000000,,,,,False,,,,,,,,,,False,False
/application/zukanlist/zkn_data/zukan_enc_diamond.narc,/application/zukanlist/zkn_data/zukan_enc_diamond.narc!/member_02446,0,/application/zukanlist/zkn_data/zukan_enc_diamond.narc,91,2446,,54212,54216,14528,14532,4,df3f619804a92fdb4057192dc43dd748ea778adc52bc498ce80524c014b81119,00000000,,,,,False,,,,,,,,,,False,False
/application/zukanlist/zkn_data/zukan_enc_diamond.narc,/application/zukanlist/zkn_data/zukan_enc_diamond.narc!/member_02447,0,/application/zukanlist/zkn_data/zukan_enc_diamond.narc,91,2447,,54216,54220,14532,14536,4,df3f619804a92fdb4057192dc43dd748ea778adc52bc498ce80524c014b81119,00000000,,,,,False,,,,,,,,,,False,False
/application/zukanlist/zkn_data/zukan_enc_diamond.narc,/application/zukanlist/zkn_data/zukan_enc_diamond.narc!/member_02448,0,/application/zukanlist/zkn_data/zukan_enc_diamond.narc,91,2448,,54220,54224,14536,14540,4,df3f619804a92fdb4057192dc43dd748ea778adc52bc498ce80524c014b81119,00000000,,,,,False,,,,,,,,,,False,False
/application/zukanlist/zkn_data/zukan_enc_diamond.narc,/application/zukanlist/zkn_data/zukan_enc_diamond.narc!/member_02449,0,/application/zukanlist/zkn_data/zukan_enc_diamond.narc,91,2449,,54224,54228,14540,14544,4,df3f619804a92fdb4057192dc43dd748ea778adc52bc498ce80524c014b81119,00000000,,,,,False,,,,,,,,,,False,False
/application/zukanlist/zkn_data/zukan_enc_diamond.narc,/application/zukanlist/zkn_data/zukan_enc_diamond.narc!/member_02450,0,/application/zukanlist/zkn_data/zukan_enc_diamond.narc,91,2450,,54228,54232,14544,14548,4,df3f619804a92fdb4057192dc43dd748ea778adc52bc498ce80524c014b81119,00000000,,,,,False,,,,,,,,,,False,False
/application/zukanlist/zkn_data/zukan_enc_diamond.narc,/application/zukanlist/zkn_data/zukan_enc_diamond.narc!/member_02451,0,/application/zukanlist/zkn_data/zukan_enc_diamond.narc,91,2451,,54232,54236,14548,14552,4,df3f619804a92fdb4057192dc43dd748ea778adc52bc498ce80524c014b81119,00000000,,,,,False,,,,,,,,,,False,False
/application/zukanlist/zkn_data/zukan_enc_diamond.narc,/application/zukanlist/zkn_data/zukan_enc_diamond.narc!/member_02452,0,/application/zukanlist/zkn_data/zukan_enc_diamond.narc,91,2452,,54236,54240,14552,14556,4,df3f619804a92fdb4057192dc43dd748ea778adc52bc498ce80524c014b81119,00000000,,,,,False,,,,,,,,,,False,False
/application/zukanlist/zkn_data/zukan_enc_diamond.narc,/application/zukanlist/zkn_data/zukan_enc_diamond.narc!/member_02453,0,/application/zukanlist/zkn_data/zukan_enc_diamond.narc,91,2453,,54240,54244,14556,14560,4,df3f619804a92fdb4057192dc43dd748ea778adc52bc498ce80524c014b81119,00000000,,,,,False,,,,,,,,,,False,False
/application/zukanlist/zkn_data/zukan_enc_diamond.narc,/application/zukanlist/zkn_data/zukan_enc_diamond.narc!/member_02454,0,/application/zukanlist/zkn_data/zukan_enc_diamond.narc,91,2454,,54244,54248,14560,14564,4,df3f619804a92fdb4057192dc43dd748ea778adc52bc498ce80524c014b81119,00000000,,,,,False,,,,,,,,,,False,False
/application/zukanlist/zkn_data/zukan_enc_diamond.narc,/application/zukanlist/zkn_data/zukan_enc_diamond.narc!/member_02455,0,/application/zukanlist/zkn_data/zukan_enc_diamond.narc,91,2455,,54248,54252,14564,14568,4,df3f619804a92fdb4057192dc43dd748ea778adc52bc498ce80524c014b81119,00000000,,,,,False,,,,,,,,,,False,False
/application/zukanlist/zkn_data/zukan_enc_diamond.narc,/application/zukanlist/zkn_data/zukan_enc_diamond.narc!/member_02456,0,/application/zukanlist/zkn_data/zukan_enc_diamond.narc,91,2456,,54252,54256,14568,14572,4,df3f619804a92fdb4057192dc43dd748ea778adc52bc498ce80524c014b81119,00000000,,,,,False,,,,,,,,,,False,False
/application/zukanlist/zkn_data/zukan_enc_diamond.narc,/application/zukanlist/zkn_data/zukan_enc_diamond.narc!/member_02457,0,/application/zukanlist/zkn_data/zukan_enc_diamond.narc,91,2457,,54256,54260,14572,14576,4,df3f619804a92fdb4057192dc43dd748ea778adc52bc498ce80524c014b81119,00000000,,,,,False,,,,,,,,,,False,False
/application/zukanlist/zkn_data/zukan_enc_diamond.narc,/application/zukanlist/zkn_data/zukan_enc_diamond.narc!/member_02458,0,/application/zukanlist/zkn_data/zukan_enc_diamond.narc,91,2458,,54260,54264,14576,14580,4,df3f619804a92fdb4057192dc43dd748ea778adc52bc498ce80524c014b81119,00000000,,,,,False,,,,,,,,,,False,False
/application/zukanlist/zkn_data/zukan_enc_diamond.narc,/application/zukanlist/zkn_data/zukan_enc_diamond.narc!/member_02459,0,/application/zukanlist/zkn_data/zukan_enc_diamond.narc,91,2459,,54264,54268,14580,14584,4,df3f619804a92fdb4057192dc43dd748ea778adc52bc498ce80524c014b81119,00000000,,,,,False,,,,,,,,,,False,False
/application/zukanlist/zkn_data/zukan_enc_diamond.narc,/application/zukanlist/zkn_data/zukan_enc_diamond.narc!/member_02460,0,/application/zukanlist/zkn_data/zukan_enc_diamond.narc,91,2460,,54268,54272,14584,14588,4,df3f619804a92fdb4057192dc43dd748ea778adc52bc498ce80524c014b81119,00000000,,,,,False,,,,,,,,,,False,False
/application/zukanlist/zkn_data/zukan_enc_diamond.narc,/application/zukanlist/zkn_data/zukan_enc_diamond.narc!/member_02461,0,/application/zukanlist/zkn_data/zukan_enc_diamond.narc,91,2461,,54272,54276,14588,14592,4,df3f619804a92fdb4057192dc43dd748ea778adc52bc498ce80524c014b81119,00000000,,,,,False,,,,,,,,,,False,False
/application/zukanlist/zkn_data/zukan_enc_diamond.narc,/application/zukanlist/zkn_data/zukan_enc_diamond.narc!/member_02462,0,/application/zukanlist/zkn_data/zukan_enc_diamond.narc,91,2462,,54276,54280,14592,14596,4,df3f619804a92fdb4057192dc43dd748ea778adc52bc498ce80524c014b81119,00000000,,,,,False,,,,,,,,,,False,False
/application/zukanlist/zkn_data/zukan_enc_diamond.narc,/application/zukanlist/zkn_data/zukan_enc_diamond.narc!/member_02463,0,/application/zukanlist/zkn_data/zukan_enc_diamond.narc,91,2463,,54280,54284,14596,14600,4,df3f619804a92fdb4057192dc43dd748ea778adc52bc498ce80524c014b81119,00000000,,,,,False,,,,,,,,,,False,False
/application/zukanlist/zkn_data/zukan_enc_diamond.narc,/application/zukanlist/zkn_data/zukan_enc_diamond.narc!/member_02464,0,/application/zukanlist/zkn_data/zukan_enc_diamond.narc,91,2464,,54284,54288,14600,14604,4,df3f619804a92fdb4057192dc43dd748ea778adc52bc498ce80524c014b81119,00000000,,,,,False,,,,,,,,,,False,False
/application/zukanlist/zkn_data/zukan_enc_diamond.narc,/application/zukanlist/zkn_data/zukan_enc_diamond.narc!/member_02465,0,/application/zukanlist/zkn_data/zukan_enc_diamond.narc,91,2465,,54288,54292,14604,14608,4,df3f619804a92fdb4057192dc43dd748ea778adc52bc498ce80524c014b81119,00000000,,,,,False,,,,,,,,,,False,False
/application/zukanlist/zkn_data/zukan_enc_diamond.narc,/application/zukanlist/zkn_data/zukan_enc_diamond.narc!/member_02466,0,/application/zukanlist/zkn_data/zukan_enc_diamond.narc,91,2466,,54292,54296,14608,14612,4,df3f619804a92fdb4057192dc43dd748ea778adc52bc498ce80524c014b81119,00000000,,,,,False,,,,,,,,,,False,False
/application/zukanlist/zkn_data/zukan_enc_diamond.narc,/application/zukanlist/zkn_data/zukan_enc_diamond.narc!/member_02467,0,/application/zukanlist/zkn_data/zukan_enc_diamond.narc,91,2467,,54296,54300,14612,14616,4,df3f619804a92fdb4057192dc43dd748ea778adc52bc498ce80524c014b81119,00000000,,,,,False,,,,,,,,,,False,False
/application/zukanlist/zkn_data/zukan_enc_diamond.narc,/application/zukanlist/zkn_data/zukan_enc_diamond.narc!/member_02468,0,/application/zukanlist/zkn_data/zukan_enc_diamond.narc,91,2468,,54300,54304,14616,14620,4,df3f619804a92fdb4057192dc43dd748ea778adc52bc498ce80524c014b81119,00000000,,,,,False,,,,,,,,,,False,False
/application/zukanlist/zkn_data/zukan_enc_diamond.narc,/application/zukanlist/zkn_data/zukan_enc_diamond.narc!/member_02469,0,/application/zukanlist/zkn_data/zukan_enc_diamond.narc,91,2469,,54304,54308,14620,14624,4,df3f619804a92fdb4057192dc43dd748ea778adc52bc498ce80524c014b81119,00000000,,,,,False,,,,,,,,,,False,False
/application/zukanlist/zkn_data/zukan_enc_diamond.narc,/application/zukanlist/zkn_data/zukan_enc_diamond.narc!/member_02470,0,/application/zukanlist/zkn_data/zukan_enc_diamond.narc,91,2470,,54308,54312,14624,14628,4,df3f619804a92fdb4057192dc43dd748ea778adc52bc498ce80524c014b81119,00000000,,,,,False,,,,,,,,,,False,False
/application/zukanlist/zkn_data/zukan_enc_diamond.narc,/application/zukanlist/zkn_data/zukan_enc_diamond.narc!/member_02471,0,/application/zukanlist/zkn_data/zukan_enc_diamond.narc,91,2471,,54312,54316,14628,14632,4,df3f619804a92fdb4057192dc43dd748ea778adc52bc498ce80524c014b81119,00000000,,,,,False,,,,,,,,,,False,False
/application/zukanlist/zkn_data/zukan_enc_diamond.narc,/application/zukanlist/zkn_data/zukan_enc_diamond.narc!/member_02472,0,/application/zukanlist/zkn_data/zukan_enc_diamond.narc,91,2472,,54316,54320,14632,14636,4,df3f619804a92fdb4057192dc43dd748ea778adc52bc498ce80524c014b81119,00000000,,,,,False,,,,,,,,,,False,False
/application/zukanlist/zkn_data/zukan_enc_diamond.narc,/application/zukanlist/zkn_data/zukan_enc_diamond.narc!/member_02473,0,/application/zukanlist/zkn_data/zukan_enc_diamond.narc,91,2473,,54320,54324,14636,14640,4,df3f619804a92fdb4057192dc43dd748ea778adc52bc498ce80524c014b81119,00000000,,,,,False,,,,,,,,,,False,False
/application/zukanlist/zkn_data/zukan_enc_diamond.narc,/application/zukanlist/zkn_data/zukan_enc_diamond.narc!/member_02474,0,/application/zukanlist/zkn_data/zukan_enc_diamond.narc,91,2474,,54324,54328,14640,14644,4,df3f619804a92fdb4057192dc43dd748ea778adc52bc498ce80524c014b81119,00000000,,,,,False,,,,,,,,,,False,False
/application/zukanlist/zkn_data/zukan_enc_diamond.narc,/application/zukanlist/zkn_data/zukan_enc_diamond.narc!/member_02475,0,/application/zukanlist/zkn_data/zukan_enc_diamond.narc,91,2475,,54328,54332,14644,14648,4,df3f619804a92fdb4057192dc43dd748ea778adc52bc498ce80524c014b81119,00000000,,,,,False,,,,,,,,,,False,False
/application/zukanlist/zkn_data/zukan_enc_diamond.narc,/application/zukanlist/zkn_data/zukan_enc_diamond.narc!/member_02476,0,/application/zukanlist/zkn_data/zukan_enc_diamond.narc,91,2476,,54332,54336,14648,14652,4,df3f619804a92fdb4057192dc43dd748ea778adc52bc498ce80524c014b81119,00000000,,,,,False,,,,,,,,,,False,False
/application/zukanlist/zkn_data/zukan_enc_diamond.narc,/application/zukanlist/zkn_data/zukan_enc_diamond.narc!/member_02477,0,/application/zukanlist/zkn_data/zukan_enc_diamond.narc,91,2477,,54336,54340,14652,14656,4,df3f619804a92fdb4057192dc43dd748ea778adc52bc498ce80524c014b81119,00000000,,,,,False,,,,,,,,,,False,False
/application/zukanlist/zkn_data/zukan_enc_diamond.narc,/application/zukanlist/zkn_data/zukan_enc_diamond.narc!/member_02478,0,/application/zukanlist/zkn_data/zukan_enc_diamond.narc,91,2478,,54340,54344,14656,14660,4,df3f619804a92fdb4057192dc43dd748ea778adc52bc498ce80524c014b81119,00000000,,,,,False,,,,,,,,,,False,False
/application/zukanlist/zkn_data/zukan_enc_diamond.narc,/application/zukanlist/zkn_data/zukan_enc_diamond.narc!/member_02479,0,/application/zukanlist/zkn_data/zukan_enc_diamond.narc,91,2479,,54344,54448,14660,14764,104,d74c78f2b535332240afc5dd4cfbada080950a4dd92316538fc87c717efad12c,01000000020000000300000004000000,,,,,False,,,,,,,,,,False,False
/application/zukanlist/zkn_data/zukan_enc_diamond.narc,/application/zukanlist/zkn_data/zukan_enc_diamond.narc!/member_02480,0,/application/zukanlist/zkn_data/zukan_enc_diamond.narc,91,2480,,54448,54452,14764,14768,4,df3f619804a92fdb4057192dc43dd748ea778adc52bc498ce80524c014b81119,00000000,,,,,False,,,,,,,,,,False,False
/application/zukanlist/zkn_data/zukan_enc_diamond.narc,/application/zukanlist/zkn_data/zukan_enc_diamond.narc!/member_02481,0,/application/zukanlist/zkn_data/zukan_enc_diamond.narc,91,2481,,54452,54456,14768,14772,4,df3f619804a92fdb4057192dc43dd748ea778adc52bc498ce80524c014b81119,00000000,,,,,False,,,,,,,,,,False,False
/application/zukanlist/zkn_data/zukan_enc_diamond.narc,/application/zukanlist/zkn_data/zukan_enc_diamond.narc!/member_02482,0,/application/zukanlist/zkn_data/zukan_enc_diamond.narc,91,2482,,54456,54460,14772,14776,4,df3f619804a92fdb4057192dc43dd748ea778adc52bc498ce80524c014b81119,00000000,,,,,False,,,,,,,,,,False,False
/application/zukanlist/zkn_data/zukan_enc_diamond.narc,/application/zukanlist/zkn_data/zukan_enc_diamond.narc!/member_02483,0,/application/zukanlist/zkn_data/zukan_enc_diamond.narc,91,2483,,54460,54464,14776,14780,4,df3f619804a92fdb4057192dc43dd748ea778adc52bc498ce80524c014b81119,00000000,,,,,False,,,,,,,,,,False,False
/application/zukanlist/zkn_data/zukan_enc_diamond.narc,/application/zukanlist/zkn_data/zukan_enc_diamond.narc!/member_02484,0,/application/zukanlist/zkn_data/zukan_enc_diamond.narc,91,2484,,54464,54468,14780,14784,4,df3f619804a92fdb4057192dc43dd748ea778adc52bc498ce80524c014b81119,00000000,,,,,False,,,,,,,,,,False,False
/application/zukanlist/zkn_data/zukan_enc_diamond.narc,/application/zukanlist/zkn_data/zukan_enc_diamond.narc!/member_02485,0,/application/zukanlist/zkn_data/zukan_enc_diamond.narc,91,2485,,54468,54472,14784,14788,4,df3f619804a92fdb4057192dc43dd748ea778adc52bc498ce80524c014b81119,00000000,,,,,False,,,,,,,,,,False,False
/application/zukanlist/zkn_data/zukan_enc_diamond.narc,/application/zukanlist/zkn_data/zukan_enc_diamond.narc!/member_02486,0,/application/zukanlist/zkn_data/zukan_enc_diamond.narc,91,2486,,54472,54476,14788,14792,4,df3f619804a92fdb4057192dc43dd748ea778adc52bc498ce80524c014b81119,00000000,,,,,False,,,,,,,,,,False,False
/application/zukanlist/zkn_data/zukan_enc_diamond.narc,/application/zukanlist/zkn_data/zukan_enc_diamond.narc!/member_02487,0,/application/zukanlist/zkn_data/zukan_enc_diamond.narc,91,2487,,54476,54480,14792,14796,4,df3f619804a92fdb4057192dc43dd748ea778adc52bc498ce80524c014b81119,00000000,,,,,False,,,,,,,,,,False,False
/application/zukanlist/zkn_data/zukan_enc_diamond.narc,/application/zukanlist/zkn_data/zukan_enc_diamond.narc!/member_02488,0,/application/zukanlist/zkn_data/zukan_enc_diamond.narc,91,2488,,54480,54484,14796,14800,4,df3f619804a92fdb4057192dc43dd748ea778adc52bc498ce80524c014b81119,00000000,,,,,False,,,,,,,,,,False,False
/application/zukanlist/zkn_data/zukan_enc_diamond.narc,/application/zukanlist/zkn_data/zukan_enc_diamond.narc!/member_02489,0,/application/zukanlist/zkn_data/zukan_enc_diamond.narc,91,2489,,54484,54488,14800,14804,4,df3f619804a92fdb4057192dc43dd748ea778adc52bc498ce80524c014b81119,00000000,,,,,False,,,,,,,,,,False,False
/application/zukanlist/zkn_data/zukan_enc_diamond.narc,/application/zukanlist/zkn_data/zukan_enc_diamond.narc!/member_02490,0,/application/zukanlist/zkn_data/zukan_enc_diamond.narc,91,2490,,54488,54492,14804,14808,4,df3f619804a92fdb4057192dc43dd748ea778adc52bc498ce80524c014b81119,00000000,,,,,False,,,,,,,,,,False,False
/application/zukanlist/zkn_data/zukan_enc_diamond.narc,/application/zukanlist/zkn_data/zukan_enc_diamond.narc!/member_02491,0,/application/zukanlist/zkn_data/zukan_enc_diamond.narc,91,2491,,54492,54496,14808,14812,4,df3f619804a92fdb4057192dc43dd748ea778adc52bc498ce80524c014b81119,00000000,,,,,False,,,,,,,,,,False,False
/application/zukanlist/zkn_data/zukan_enc_diamond.narc,/application/zukanlist/zkn_data/zukan_enc_diamond.narc!/member_02492,0,/application/zukanlist/zkn_data/zukan_enc_diamond.narc,91,2492,,54496,54500,14812,14816,4,df3f619804a92fdb4057192dc43dd748ea778adc52bc498ce80524c014b81119,00000000,,,,,False,,,,,,,,,,False,False
/application/zukanlist/zkn_data/zukan_enc_diamond.narc,/application/zukanlist/zkn_data/zukan_enc_diamond.narc!/member_02493,0,/application/zukanlist/zkn_data/zukan_enc_diamond.narc,91,2493,,54500,54504,14816,14820,4,df3f619804a92fdb4057192dc43dd748ea778adc52bc498ce80524c014b81119,00000000,,,,,False,,,,,,,,,,False,False
/application/zukanlist/zkn_data/zukan_enc_diamond.narc,/application/zukanlist/zkn_data/zukan_enc_diamond.narc!/member_02494,0,/application/zukanlist/zkn_data/zukan_enc_diamond.narc,91,2494,,54504,54508,14820,14824,4,df3f619804a92fdb4057192dc43dd748ea778adc52bc498ce80524c014b81119,00000000,,,,,False,,,,,,,,,,False,False
/application/zukanlist/zkn_data/zukan_enc_diamond.narc,/application/zukanlist/zkn_data/zukan_enc_diamond.narc!/member_02495,0,/application/zukanlist/zkn_data/zukan_enc_diamond.narc,91,2495,,54508,54512,14824,14828,4,df3f619804a92fdb4057192dc43dd748ea778adc52bc498ce80524c014b81119,00000000,,,,,False,,,,,,,,,,False,False
/application/zukanlist/zkn_data/zukan_enc_diamond.narc,/application/zukanlist/zkn_data/zukan_enc_diamond.narc!/member_02496,0,/application/zukanlist/zkn_data/zukan_enc_diamond.narc,91,2496,,54512,54516,14828,14832,4,df3f619804a92fdb4057192dc43dd748ea778adc52bc498ce80524c014b81119,00000000,,,,,False,,,,,,,,,,False,False
/application/zukanlist/zkn_data/zukan_enc_diamond.narc,/application/zukanlist/zkn_data/zukan_enc_diamond.narc!/member_02497,0,/application/zukanlist/zkn_data/zukan_enc_diamond.narc,91,2497,,54516,54520,14832,14836,4,df3f619804a92fdb4057192dc43dd748ea778adc52bc498ce80524c014b81119,00000000,,,,,False,,,,,,,,,,False,False
/application/zukanlist/zkn_data/zukan_enc_diamond.narc,/application/zukanlist/zkn_data/zukan_enc_diamond.narc!/member_02498,0,/application/zukanlist/zkn_data/zukan_enc_diamond.narc,91,2498,,54520,54532,14836,14848,12,9893212e6b984485abc2a582f07509b2de3f9ee0e30ac1263124e844a9c81346,270000003000000000000000,,,,,False,,,,,,,,,,False,False
/application/zukanlist/zkn_data/zukan_enc_diamond.narc,/application/zukanlist/zkn_data/zukan_enc_diamond.narc!/member_02499,0,/application/zukanlist/zkn_data/zukan_enc_diamond.narc,91,2499,,54532,54544,14848,14860,12,9893212e6b984485abc2a582f07509b2de3f9ee0e30ac1263124e844a9c81346,270000003000000000000000,,,,,False,,,,,,,,,,False,False
/application/zukanlist/zkn_data/zukan_enc_diamond.narc,/application/zukanlist/zkn_data/zukan_enc_diamond.narc!/member_02500,0,/application/zukanlist/zkn_data/zukan_enc_diamond.narc,91,2500,,54544,54556,14860,14872,12,9893212e6b984485abc2a582f07509b2de3f9ee0e30ac1263124e844a9c81346,270000003000000000000000,,,,,False,,,,,,,,,,False,False
/application/zukanlist/zkn_data/zukan_enc_diamond.narc,/application/zukanlist/zkn_data/zukan_enc_diamond.narc!/member_02501,0,/application/zukanlist/zkn_data/zukan_enc_diamond.narc,91,2501,,54556,54576,14872,14892,20,792ac6b19afa44edced413eca9ea1ce767cc2779540339e1f957051e4bad978f,08000000270000002800000030000000,,,,,False,,,,,,,,,,False,False
/application/zukanlist/zkn_data/zukan_enc_diamond.narc,/application/zukanlist/zkn_data/zukan_enc_diamond.narc!/member_02502,0,/application/zukanlist/zkn_data/zukan_enc_diamond.narc,91,2502,,54576,54580,14892,14896,4,df3f619804a92fdb4057192dc43dd748ea778adc52bc498ce80524c014b81119,00000000,,,,,False,,,,,,,,,,False,False
/application/zukanlist/zkn_data/zukan_enc_diamond.narc,/application/zukanlist/zkn_data/zukan_enc_diamond.narc!/member_02503,0,/application/zukanlist/zkn_data/zukan_enc_diamond.narc,91,2503,,54580,54584,14896,14900,4,df3f619804a92fdb4057192dc43dd748ea778adc52bc498ce80524c014b81119,00000000,,,,,False,,,,,,,,,,False,False
/application/zukanlist/zkn_data/zukan_enc_diamond.narc,/application/zukanlist/zkn_data/zukan_enc_diamond.narc!/member_02504,0,/application/zukanlist/zkn_data/zukan_enc_diamond.narc,91,2504,,54584,54588,14900,14904,4,df3f619804a92fdb4057192dc43dd748ea778adc52bc498ce80524c014b81119,00000000,,,,,False,,,,,,,,,,False,False
/application/zukanlist/zkn_data/zukan_enc_diamond.narc,/application/zukanlist/zkn_data/zukan_enc_diamond.narc!/member_02505,0,/application/zukanlist/zkn_data/zukan_enc_diamond.narc,91,2505,,54588,54592,14904,14908,4,df3f619804a92fdb4057192dc43dd748ea778adc52bc498ce80524c014b81119,00000000,,,,,False,,,,,,,,,,False,False
/application/zukanlist/zkn_data/zukan_enc_diamond.narc,/application/zukanlist/zkn_data/zukan_enc_diamond.narc!/member_02506,0,/application/zukanlist/zkn_data/zukan_enc_diamond.narc,91,2506,,54592,54596,14908,14912,4,df3f619804a92fdb4057192dc43dd748ea778adc52bc498ce80524c014b81119,00000000,,,,,False,,,,,,,,,,False,False
/application/zukanlist/zkn_data/zukan_enc_diamond.narc,/application/zukanlist/zkn_data/zukan_enc_diamond.narc!/member_02507,0,/application/zukanlist/zkn_data/zukan_enc_diamond.narc,91,2507,,54596,54600,14912,14916,4,df3f619804a92fdb4057192dc43dd748ea778adc52bc498ce80524c014b81119,00000000,,,,,False,,,,,,,,,,False,False
/application/zukanlist/zkn_data/zukan_enc_diamond.narc,/application/zukanlist/zkn_data/zukan_enc_diamond.narc!/member_02508,0,/application/zukanlist/zkn_data/zukan_enc_diamond.narc,91,2508,,54600,54604,14916,14920,4,df3f619804a92fdb4057192dc43dd748ea778adc52bc498ce80524c014b81119,00000000,,,,,False,,,,,,,,,,False,False
/application/zukanlist/zkn_data/zukan_enc_diamond.narc,/application/zukanlist/zkn_data/zukan_enc_diamond.narc!/member_02509,0,/application/zukanlist/zkn_data/zukan_enc_diamond.narc,91,2509,,54604,54608,14920,14924,4,df3f619804a92fdb4057192dc43dd748ea778adc52bc498ce80524c014b81119,00000000,,,,,False,,,,,,,,,,False,False
/application/zukanlist/zkn_data/zukan_enc_diamond.narc,/application/zukanlist/zkn_data/zukan_enc_diamond.narc!/member_02510,0,/application/zukanlist/zkn_data/zukan_enc_diamond.narc,91,2510,,54608,54612,14924,14928,4,df3f619804a92fdb4057192dc43dd748ea778adc52bc498ce80524c014b81119,00000000,,,,,False,,,,,,,,,,False,False
/application/zukanlist/zkn_data/zukan_enc_diamond.narc,/application/zukanlist/zkn_data/zukan_enc_diamond.narc!/member_02511,0,/application/zukanlist/zkn_data/zukan_enc_diamond.narc,91,2511,,54612,54616,14928,14932,4,df3f619804a92fdb4057192dc43dd748ea778adc52bc498ce80524c014b81119,00000000,,,,,False,,,,,,,,,,False,False
/application/zukanlist/zkn_data/zukan_enc_diamond.narc,/application/zukanlist/zkn_data/zukan_enc_diamond.narc!/member_02512,0,/application/zukanlist/zkn_data/zukan_enc_diamond.narc,91,2512,,54616,54620,14932,14936,4,df3f619804a92fdb4057192dc43dd748ea778adc52bc498ce80524c014b81119,00000000,,,,,False,,,,,,,,,,False,False
/application/zukanlist/zkn_data/zukan_enc_diamond.narc,/application/zukanlist/zkn_data/zukan_enc_diamond.narc!/member_02513,0,/application/zukanlist/zkn_data/zukan_enc_diamond.narc,91,2513,,54620,54624,14936,14940,4,df3f619804a92fdb4057192dc43dd748ea778adc52bc498ce80524c014b81119,00000000,,,,,False,,,,,,,,,,False,False
/application/zukanlist/zkn_data/zukan_enc_diamond.narc,/application/zukanlist/zkn_data/zukan_enc_diamond.narc!/member_02514,0,/application/zukanlist/zkn_data/zukan_enc_diamond.narc,91,2514,,54624,54628,14940,14944,4,df3f619804a92fdb4057192dc43dd748ea778adc52bc498ce80524c014b81119,00000000,,,,,False,,,,,,,,,,False,False
/application/zukanlist/zkn_data/zukan_enc_diamond.narc,/application/zukanlist/zkn_data/zukan_enc_diamond.narc!/member_02515,0,/application/zukanlist/zkn_data/zukan_enc_diamond.narc,91,2515,,54628,54632,14944,14948,4,df3f619804a92fdb4057192dc43dd748ea778adc52bc498ce80524c014b81119,00000000,,,,,False,,,,,,,,,,False,False
/application/zukanlist/zkn_data/zukan_enc_diamond.narc,/application/zukanlist/zkn_data/zukan_enc_diamond.narc!/member_02516,0,/application/zukanlist/zkn_data/zukan_enc_diamond.narc,91,2516,,54632,54636,14948,14952,4,df3f619804a92fdb4057192dc43dd748ea778adc52bc498ce80524c014b81119,00000000,,,,,False,,,,,,,,,,False,False
/application/zukanlist/zkn_data/zukan_enc_diamond.narc,/application/zukanlist/zkn_data/zukan_enc_diamond.narc!/member_02517,0,/application/zukanlist/zkn_data/zukan_enc_diamond.narc,91,2517,,54636,54640,14952,14956,4,df3f619804a92fdb4057192dc43dd748ea778adc52bc498ce80524c014b81119,00000000,,,,,False,,,,,,,,,,False,False
/application/zukanlist/zkn_data/zukan_enc_diamond.narc,/application/zukanlist/zkn_data/zukan_enc_diamond.narc!/member_02518,0,/application/zukanlist/zkn_data/zukan_enc_diamond.narc,91,2518,,54640,54644,14956,14960,4,df3f619804a92fdb4057192dc43dd748ea778adc52bc498ce80524c014b81119,00000000,,,,,False,,,,,,,,,,False,False
/application/zukanlist/zkn_data/zukan_enc_diamond.narc,/application/zukanlist/zkn_data/zukan_enc_diamond.narc!/member_02519,0,/application/zukanlist/zkn_data/zukan_enc_diamond.narc,91,2519,,54644,54648,14960,14964,4,df3f619804a92fdb4057192dc43dd748ea778adc52bc498ce80524c014b81119,00000000,,,,,False,,,,,,,,,,False,False
/application/zukanlist/zkn_data/zukan_enc_diamond.narc,/application/zukanlist/zkn_data/zukan_enc_diamond.narc!/member_02520,0,/application/zukanlist/zkn_data/zukan_enc_diamond.narc,91,2520,,54648,54652,14964,14968,4,df3f619804a92fdb4057192dc43dd748ea778adc52bc498ce80524c014b81119,00000000,,,,,False,,,,,,,,,,False,False
/application/zukanlist/zkn_data/zukan_enc_diamond.narc,/application/zukanlist/zkn_data/zukan_enc_diamond.narc!/member_02521,0,/application/zukanlist/zkn_data/zukan_enc_diamond.narc,91,2521,,54652,54656,14968,14972,4,df3f619804a92fdb4057192dc43dd748ea778adc52bc498ce80524c014b81119,00000000,,,,,False,,,,,,,,,,False,False
/application/zukanlist/zkn_data/zukan_enc_diamond.narc,/application/zukanlist/zkn_data/zukan_enc_diamond.narc!/member_02522,0,/application/zukanlist/zkn_data/zukan_enc_diamond.narc,91,2522,,54656,54668,14972,14984,12,412fee03734b70c2e5c53832edafd1418668096d2063c8ac0bd472aa260c269e,2a0000003100000000000000,,,,,False,,,,,,,,,,False,False
/application/zukanlist/zkn_data/zukan_enc_diamond.narc,/application/zukanlist/zkn_data/zukan_enc_diamond.narc!/member_02523,0,/application/zukanlist/zkn_data/zukan_enc_diamond.narc,91,2523,,54668,54684,14984,15000,16,a1267a6bc81318299e14eee627f545bf26042cc6735859c3e7456ea43a8cd0dc,260000002a0000003100000000000000,,,,,False,,,,,,,,,,False,False
/application/zukanlist/zkn_data/zukan_enc_diamond.narc,/application/zukanlist/zkn_data/zukan_enc_diamond.narc!/member_02524,0,/application/zukanlist/zkn_data/zukan_enc_diamond.narc,91,2524,,54684,54688,15000,15004,4,df3f619804a92fdb4057192dc43dd748ea778adc52bc498ce80524c014b81119,00000000,,,,,False,,,,,,,,,,False,False
/application/zukanlist/zkn_data/zukan_enc_diamond.narc,/application/zukanlist/zkn_data/zukan_enc_diamond.narc!/member_02525,0,/application/zukanlist/zkn_data/zukan_enc_diamond.narc,91,2525,,54688,54692,15004,15008,4,df3f619804a92fdb4057192dc43dd748ea778adc52bc498ce80524c014b81119,00000000,,,,,False,,,,,,,,,,False,False
/application/zukanlist/zkn_data/zukan_enc_diamond.narc,/application/zukanlist/zkn_data/zukan_enc_diamond.narc!/member_02526,0,/application/zukanlist/zkn_data/zukan_enc_diamond.narc,91,2526,,54692,54696,15008,15012,4,df3f619804a92fdb4057192dc43dd748ea778adc52bc498ce80524c014b81119,00000000,,,,,False,,,,,,,,,,False,False
/application/zukanlist/zkn_data/zukan_enc_diamond.narc,/application/zukanlist/zkn_data/zukan_enc_diamond.narc!/member_02527,0,/application/zukanlist/zkn_data/zukan_enc_diamond.narc,91,2527,,54696,54700,15012,15016,4,df3f619804a92fdb4057192dc43dd748ea778adc52bc498ce80524c014b81119,00000000,,,,,False,,,,,,,,,,False,False
/application/zukanlist/zkn_data/zukan_enc_diamond.narc,/application/zukanlist/zkn_data/zukan_enc_diamond.narc!/member_02528,0,/application/zukanlist/zkn_data/zukan_enc_diamond.narc,91,2528,,54700,54704,15016,15020,4,df3f619804a92fdb4057192dc43dd748ea778adc52bc498ce80524c014b81119,00000000,,,,,False,,,,,,,,,,False,False
/application/zukanlist/zkn_data/zukan_enc_diamond.narc,/application/zukanlist/zkn_data/zukan_enc_diamond.narc!/member_02529,0,/application/zukanlist/zkn_data/zukan_enc_diamond.narc,91,2529,,54704,54712,15020,15028,8,b8282e78d87c2a42f7c0f5b543c0d7760d3fe5a3860a25c20ec57ddaa4d80b81,2900000000000000,,,,,False,,,,,,,,,,False,False
/application/zukanlist/zkn_data/zukan_enc_diamond.narc,/application/zukanlist/zkn_data/zukan_enc_diamond.narc!/member_02530,0,/application/zukanlist/zkn_data/zukan_enc_diamond.narc,91,2530,,54712,54720,15028,15036,8,b8282e78d87c2a42f7c0f5b543c0d7760d3fe5a3860a25c20ec57ddaa4d80b81,2900000000000000,,,,,False,,,,,,,,,,False,False
/application/zukanlist/zkn_data/zukan_enc_diamond.narc,/application/zukanlist/zkn_data/zukan_enc_diamond.narc!/member_02531,0,/application/zukanlist/zkn_data/zukan_enc_diamond.narc,91,2531,,54720,54724,15036,15040,4,df3f619804a92fdb4057192dc43dd748ea778adc52bc498ce80524c014b81119,00000000,,,,,False,,,,,,,,,,False,False
/application/zukanlist/zkn_data/zukan_enc_diamond.narc,/application/zukanlist/zkn_data/zukan_enc_diamond.narc!/member_02532,0,/application/zukanlist/zkn_data/zukan_enc_diamond.narc,91,2532,,54724,54728,15040,15044,4,df3f619804a92fdb4057192dc43dd748ea778adc52bc498ce80524c014b81119,00000000,,,,,False,,,,,,,,,,False,False
/application/zukanlist/zkn_data/zukan_enc_diamond.narc,/application/zukanlist/zkn_data/zukan_enc_diamond.narc!/member_02533,0,/application/zukanlist/zkn_data/zukan_enc_diamond.narc,91,2533,,54728,54780,15044,15096,52,0cb0702a64ee4b85533b4fae194e3a2d7aee13b100431cf47cd9ee847c4e5630,020000000e0000000f00000010000000,,,,,False,,,,,,,,,,False,False
/application/zukanlist/zkn_data/zukan_enc_diamond.narc,/application/zukanlist/zkn_data/zukan_enc_diamond.narc!/member_02534,0,/application/zukanlist/zkn_data/zukan_enc_diamond.narc,91,2534,,54780,54848,15096,15164,68,a29bb656fcac2c11dd99696a48224f22f329edf338d4063910dcf690a39bb5b0,020000000e0000000f00000010000000,,,,,False,,,,,,,,,,False,False
/application/zukanlist/zkn_data/zukan_enc_diamond.narc,/application/zukanlist/zkn_data/zukan_enc_diamond.narc!/member_02535,0,/application/zukanlist/zkn_data/zukan_enc_diamond.narc,91,2535,,54848,54852,15164,15168,4,df3f619804a92fdb4057192dc43dd748ea778adc52bc498ce80524c014b81119,00000000,,,,,False,,,,,,,,,,False,False
/application/zukanlist/zkn_data/zukan_enc_diamond.narc,/application/zukanlist/zkn_data/zukan_enc_diamond.narc!/member_02536,0,/application/zukanlist/zkn_data/zukan_enc_diamond.narc,91,2536,,54852,54856,15168,15172,4,df3f619804a92fdb4057192dc43dd748ea778adc52bc498ce80524c014b81119,00000000,,,,,False,,,,,,,,,,False,False
/application/zukanlist/zkn_data/zukan_enc_diamond.narc,/application/zukanlist/zkn_data/zukan_enc_diamond.narc!/member_02537,0,/application/zukanlist/zkn_data/zukan_enc_diamond.narc,91,2537,,54856,54860,15172,15176,4,df3f619804a92fdb4057192dc43dd748ea778adc52bc498ce80524c014b81119,00000000,,,,,False,,,,,,,,,,False,False
/application/zukanlist/zkn_data/zukan_enc_diamond.narc,/application/zukanlist/zkn_data/zukan_enc_diamond.narc!/member_02538,0,/application/zukanlist/zkn_data/zukan_enc_diamond.narc,91,2538,,54860,54864,15176,15180,4,df3f619804a92fdb4057192dc43dd748ea778adc52bc498ce80524c014b81119,00000000,,,,,False,,,,,,,,,,False,False
/application/zukanlist/zkn_data/zukan_enc_diamond.narc,/application/zukanlist/zkn_data/zukan_enc_diamond.narc!/member_02539,0,/application/zukanlist/zkn_data/zukan_enc_diamond.narc,91,2539,,54864,54880,15180,15196,16,c0e20e0b137f75c599bdafdfc772fb5a1155439e2123d6339479418834cb05ff,27000000280000002900000000000000,,,,,False,,,,,,,,,,False,False
/application/zukanlist/zkn_data/zukan_enc_diamond.narc,/application/zukanlist/zkn_data/zukan_enc_diamond.narc!/member_02540,0,/application/zukanlist/zkn_data/zukan_enc_diamond.narc,91,2540,,54880,54896,15196,15212,16,c0e20e0b137f75c599bdafdfc772fb5a1155439e2123d6339479418834cb05ff,27000000280000002900000000000000,,,,,False,,,,,,,,,,False,False
/application/zukanlist/zkn_data/zukan_enc_diamond.narc,/application/zukanlist/zkn_data/zukan_enc_diamond.narc!/member_02541,0,/application/zukanlist/zkn_data/zukan_enc_diamond.narc,91,2541,,54896,54900,15212,15216,4,df3f619804a92fdb4057192dc43dd748ea778adc52bc498ce80524c014b81119,00000000,,,,,False,,,,,,,,,,False,False
/application/zukanlist/zkn_data/zukan_enc_diamond.narc,/application/zukanlist/zkn_data/zukan_enc_diamond.narc!/member_02542,0,/application/zukanlist/zkn_data/zukan_enc_diamond.narc,91,2542,,54900,54912,15216,15228,12,f3eaf50b7b9910204c0c72c73353ea7575297acc9bad11552e158f673c31387d,0e0000001f00000000000000,,,,,False,,,,,,,,,,False,False
/application/zukanlist/zkn_data/zukan_enc_diamond.narc,/application/zukanlist/zkn_data/zukan_enc_diamond.narc!/member_02543,0,/application/zukanlist/zkn_data/zukan_enc_diamond.narc,91,2543,,54912,54920,15228,15236,8,d5cc13b299a327f47cd6361d0441d7edb9d48568f33b460ba17f6a4e3a2ef7ae,1f00000000000000,,,,,False,,,,,,,,,,False,False
/application/zukanlist/zkn_data/zukan_enc_diamond.narc,/application/zukanlist/zkn_data/zukan_enc_diamond.narc!/member_02544,0,/application/zukanlist/zkn_data/zukan_enc_diamond.narc,91,2544,,54920,54924,15236,15240,4,df3f619804a92fdb4057192dc43dd748ea778adc52bc498ce80524c014b81119,00000000,,,,,False,,,,,,,,,,False,False
/application/zukanlist/zkn_data/zukan_enc_diamond.narc,/application/zukanlist/zkn_data/zukan_enc_diamond.narc!/member_02545,0,/application/zukanlist/zkn_data/zukan_enc_diamond.narc,91,2545,,54924,54940,15240,15256,16,c9587e2b125aa454fb6d6fe1d01cde87baa74522f61817135219657954832831,14000000150000001800000000000000,,,,,False,,,,,,,,,,False,False
/application/zukanlist/zkn_data/zukan_enc_diamond.narc,/application/zukanlist/zkn_data/zukan_enc_diamond.narc!/member_02546,0,/application/zukanlist/zkn_data/zukan_enc_diamond.narc,91,2546,,54940,54972,15256,15288,32,75376cdf1cd55860b2c5911f19dd104ed424e9a8aa7ab8afbecdb27b6775c98a,0b000000180000001a00000020000000,,,,,False,,,,,,,,,,False,False
/application/zukanlist/zkn_data/zukan_enc_diamond.narc,/application/zukanlist/zkn_data/zukan_enc_diamond.narc!/member_02547,0,/application/zukanlist/zkn_data/zukan_enc_diamond.narc,91,2547,,54972,54976,15288,15292,4,df3f619804a92fdb4057192dc43dd748ea778adc52bc498ce80524c014b81119,00000000,,,,,False,,,,,,,,,,False,False
/application/zukanlist/zkn_data/zukan_enc_diamond.narc,/application/zukanlist/zkn_data/zukan_enc_diamond.narc!/member_02548,0,/application/zukanlist/zkn_data/zukan_enc_diamond.narc,91,2548,,54976,54988,15292,15304,12,412fee03734b70c2e5c53832edafd1418668096d2063c8ac0bd472aa260c269e,2a0000003100000000000000,,,,,False,,,,,,,,,,False,False
/application/zukanlist/zkn_data/zukan_enc_diamond.narc,/application/zukanlist/zkn_data/zukan_enc_diamond.narc!/member_02549,0,/application/zukanlist/zkn_data/zukan_enc_diamond.narc,91,2549,,54988,55004,15304,15320,16,a1267a6bc81318299e14eee627f545bf26042cc6735859c3e7456ea43a8cd0dc,260000002a0000003100000000000000,,,,,False,,,,,,,,,,False,False
/application/zukanlist/zkn_data/zukan_enc_diamond.narc,/application/zukanlist/zkn_data/zukan_enc_diamond.narc!/member_02550,0,/application/zukanlist/zkn_data/zukan_enc_diamond.narc,91,2550,,55004,55008,15320,15324,4,df3f619804a92fdb4057192dc43dd748ea778adc52bc498ce80524c014b81119,00000000,,,,,False,,,,,,,,,,False,False
/application/zukanlist/zkn_data/zukan_enc_diamond.narc,/application/zukanlist/zkn_data/zukan_enc_diamond.narc!/member_02551,0,/application/zukanlist/zkn_data/zukan_enc_diamond.narc,91,2551,,55008,55060,15324,15376,52,bc7e2ff2d27288d7059fd84911a6ea85cb3fa913cc3e8e1364079585f0ee1e33,01000000030000000600000007000000,,,,,False,,,,,,,,,,False,False
/application/zukanlist/zkn_data/zukan_enc_diamond.narc,/application/zukanlist/zkn_data/zukan_enc_diamond.narc!/member_02552,0,/application/zukanlist/zkn_data/zukan_enc_diamond.narc,91,2552,,55060,55136,15376,15452,76,2ab8a4814c217d3b97ffa028b9d1c899cc85e20d1ee703b59286bee2421917d8,01000000030000000400000005000000,,,,,False,,,,,,,,,,False,False
/application/zukanlist/zkn_data/zukan_enc_diamond.narc,/application/zukanlist/zkn_data/zukan_enc_diamond.narc!/member_02553,0,/application/zukanlist/zkn_data/zukan_enc_diamond.narc,91,2553,,55136,55168,15452,15484,32,ca7983119800b92092ef420416fb86fefed766ebc18f197b8dc2d7abda2b2194,0a000000130000001400000017000000,,,,,False,,,,,,,,,,False,False
/application/zukanlist/zkn_data/zukan_enc_diamond.narc,/application/zukanlist/zkn_data/zukan_enc_diamond.narc!/member_02554,0,/application/zukanlist/zkn_data/zukan_enc_diamond.narc,91,2554,,55168,55196,15484,15512,28,1a1a592f9f3683bcd6617d2bb2c887dc96b3f4d1eb877e891a9822d54bdca932,080000000a0000001a0000001e000000,,,,,False,,,,,,,,,,False,False
/application/zukanlist/zkn_data/zukan_enc_diamond.narc,/application/zukanlist/zkn_data/zukan_enc_diamond.narc!/member_02555,0,/application/zukanlist/zkn_data/zukan_enc_diamond.narc,91,2555,,55196,55200,15512,15516,4,df3f619804a92fdb4057192dc43dd748ea778adc52bc498ce80524c014b81119,00000000,,,,,False,,,,,,,,,,False,False
/application/zukanlist/zkn_data/zukan_enc_diamond.narc,/application/zukanlist/zkn_data/zukan_enc_diamond.narc!/member_02556,0,/application/zukanlist/zkn_data/zukan_enc_diamond.narc,91,2556,,55200,55228,15516,15544,28,b17f4a7e944949d42f678c9e64a96aa82a61ef857da3824b4d6285df7bd57e15,1300000017000000190000001a000000,,,,,False,,,,,,,,,,False,False
/application/zukanlist/zkn_data/zukan_enc_diamond.narc,/application/zukanlist/zkn_data/zukan_enc_diamond.narc!/member_02557,0,/application/zukanlist/zkn_data/zukan_enc_diamond.narc,91,2557,,55228,55232,15544,15548,4,df3f619804a92fdb4057192dc43dd748ea778adc52bc498ce80524c014b81119,00000000,,,,,False,,,,,,,,,,False,False
/application/zukanlist/zkn_data/zukan_enc_diamond.narc,/application/zukanlist/zkn_data/zukan_enc_diamond.narc!/member_02558,0,/application/zukanlist/zkn_data/zukan_enc_diamond.narc,91,2558,,55232,55236,15548,15552,4,df3f619804a92fdb4057192dc43dd748ea778adc52bc498ce80524c014b81119,00000000,,,,,False,,,,,,,,,,False,False
/application/zukanlist/zkn_data/zukan_enc_diamond.narc,/application/zukanlist/zkn_data/zukan_enc_diamond.narc!/member_02559,0,/application/zukanlist/zkn_data/zukan_enc_diamond.narc,91,2559,,55236,55240,15552,15556,4,df3f619804a92fdb4057192dc43dd748ea778adc52bc498ce80524c014b81119,00000000,,,,,False,,,,,,,,,,False,False
/application/zukanlist/zkn_data/zukan_enc_diamond.narc,/application/zukanlist/zkn_data/zukan_enc_diamond.narc!/member_02560,0,/application/zukanlist/zkn_data/zukan_enc_diamond.narc,91,2560,,55240,55244,15556,15560,4,df3f619804a92fdb4057192dc43dd748ea778adc52bc498ce80524c014b81119,00000000,,,,,False,,,,,,,,,,False,False
/application/zukanlist/zkn_data/zukan_enc_diamond.narc,/application/zukanlist/zkn_data/zukan_enc_diamond.narc!/member_02561,0,/application/zukanlist/zkn_data/zukan_enc_diamond.narc,91,2561,,55244,55248,15560,15564,4,df3f619804a92fdb4057192dc43dd748ea778adc52bc498ce80524c014b81119,00000000,,,,,False,,,,,,,,,,False,False
/application/zukanlist/zkn_data/zukan_enc_diamond.narc,/application/zukanlist/zkn_data/zukan_enc_diamond.narc!/member_02562,0,/application/zukanlist/zkn_data/zukan_enc_diamond.narc,91,2562,,55248,55252,15564,15568,4,df3f619804a92fdb4057192dc43dd748ea778adc52bc498ce80524c014b81119,00000000,,,,,False,,,,,,,,,,False,False
/application/zukanlist/zkn_data/zukan_enc_diamond.narc,/application/zukanlist/zkn_data/zukan_enc_diamond.narc!/member_02563,0,/application/zukanlist/zkn_data/zukan_enc_diamond.narc,91,2563,,55252,55256,15568,15572,4,df3f619804a92fdb4057192dc43dd748ea778adc52bc498ce80524c014b81119,00000000,,,,,False,,,,,,,,,,False,False
/application/zukanlist/zkn_data/zukan_enc_diamond.narc,/application/zukanlist/zkn_data/zukan_enc_diamond.narc!/member_02564,0,/application/zukanlist/zkn_data/zukan_enc_diamond.narc,91,2564,,55256,55260,15572,15576,4,df3f619804a92fdb4057192dc43dd748ea778adc52bc498ce80524c014b81119,00000000,,,,,False,,,,,,,,,,False,False
/application/zukanlist/zkn_data/zukan_enc_diamond.narc,/application/zukanlist/zkn_data/zukan_enc_diamond.narc!/member_02565,0,/application/zukanlist/zkn_data/zukan_enc_diamond.narc,91,2565,,55260,55272,15576,15588,12,5f79b89985997b5b95a381b4287b597a8c969b30812e71bbe57fcbc2cf911ff2,300000003100000000000000,,Nintendo RLE,Probable,,True,Nintendo RLE,Probable,False,49,,,,,,False,False
/application/zukanlist/zkn_data/zukan_enc_diamond.narc,/application/zukanlist/zkn_data/zukan_enc_diamond.narc!/member_02566,0,/application/zukanlist/zkn_data/zukan_enc_diamond.narc,91,2566,,55272,55284,15588,15600,12,5f79b89985997b5b95a381b4287b597a8c969b30812e71bbe57fcbc2cf911ff2,300000003100000000000000,,Nintendo RLE,Probable,,True,Nintendo RLE,Probable,False,49,,,,,,False,False
/application/zukanlist/zkn_data/zukan_enc_diamond.narc,/application/zukanlist/zkn_data/zukan_enc_diamond.narc!/member_02567,0,/application/zukanlist/zkn_data/zukan_enc_diamond.narc,91,2567,,55284,55288,15600,15604,4,df3f619804a92fdb4057192dc43dd748ea778adc52bc498ce80524c014b81119,00000000,,,,,False,,,,,,,,,,False,False
/application/zukanlist/zkn_data/zukan_enc_diamond.narc,/application/zukanlist/zkn_data/zukan_enc_diamond.narc!/member_02568,0,/application/zukanlist/zkn_data/zukan_enc_diamond.narc,91,2568,,55288,55292,15604,15608,4,df3f619804a92fdb4057192dc43dd748ea778adc52bc498ce80524c014b81119,00000000,,,,,False,,,,,,,,,,False,False
/application/zukanlist/zkn_data/zukan_enc_diamond.narc,/application/zukanlist/zkn_data/zukan_enc_diamond.narc!/member_02569,0,/application/zukanlist/zkn_data/zukan_enc_diamond.narc,91,2569,,55292,55308,15608,15624,16,f02a59e25f28c5430817846511bae48e7c81ec9f1fe011e02713614d466d0a88,06000000070000001100000000000000,,,,,False,,,,,,,,,,False,False
/application/zukanlist/zkn_data/zukan_enc_diamond.narc,/application/zukanlist/zkn_data/zukan_enc_diamond.narc!/member_02570,0,/application/zukanlist/zkn_data/zukan_enc_diamond.narc,91,2570,,55308,55312,15624,15628,4,df3f619804a92fdb4057192dc43dd748ea778adc52bc498ce80524c014b81119,00000000,,,,,False,,,,,,,,,,False,False
/application/zukanlist/zkn_data/zukan_enc_diamond.narc,/application/zukanlist/zkn_data/zukan_enc_diamond.narc!/member_02571,0,/application/zukanlist/zkn_data/zukan_enc_diamond.narc,91,2571,,55312,55316,15628,15632,4,df3f619804a92fdb4057192dc43dd748ea778adc52bc498ce80524c014b81119,00000000,,,,,False,,,,,,,,,,False,False
/application/zukanlist/zkn_data/zukan_enc_diamond.narc,/application/zukanlist/zkn_data/zukan_enc_diamond.narc!/member_02572,0,/application/zukanlist/zkn_data/zukan_enc_diamond.narc,91,2572,,55316,55320,15632,15636,4,df3f619804a92fdb4057192dc43dd748ea778adc52bc498ce80524c014b81119,00000000,,,,,False,,,,,,,,,,False,False
/application/zukanlist/zkn_data/zukan_enc_diamond.narc,/application/zukanlist/zkn_data/zukan_enc_diamond.narc!/member_02573,0,/application/zukanlist/zkn_data/zukan_enc_diamond.narc,91,2573,,55320,55324,15636,15640,4,df3f619804a92fdb4057192dc43dd748ea778adc52bc498ce80524c014b81119,00000000,,,,,False,,,,,,,,,,False,False
/application/zukanlist/zkn_data/zukan_enc_diamond.narc,/application/zukanlist/zkn_data/zukan_enc_diamond.narc!/member_02574,0,/application/zukanlist/zkn_data/zukan_enc_diamond.narc,91,2574,,55324,55328,15640,15644,4,df3f619804a92fdb4057192dc43dd748ea778adc52bc498ce80524c014b81119,00000000,,,,,False,,,,,,,,,,False,False
/application/zukanlist/zkn_data/zukan_enc_diamond.narc,/application/zukanlist/zkn_data/zukan_enc_diamond.narc!/member_02575,0,/application/zukanlist/zkn_data/zukan_enc_diamond.narc,91,2575,,55328,55332,15644,15648,4,df3f619804a92fdb4057192dc43dd748ea778adc52bc498ce80524c014b81119,00000000,,,,,False,,,,,,,,,,False,False
/application/zukanlist/zkn_data/zukan_enc_diamond.narc,/application/zukanlist/zkn_data/zukan_enc_diamond.narc!/member_02576,0,/application/zukanlist/zkn_data/zukan_enc_diamond.narc,91,2576,,55332,55336,15648,15652,4,df3f619804a92fdb4057192dc43dd748ea778adc52bc498ce80524c014b81119,00000000,,,,,False,,,,,,,,,,False,False
/application/zukanlist/zkn_data/zukan_enc_diamond.narc,/application/zukanlist/zkn_data/zukan_enc_diamond.narc!/member_02577,0,/application/zukanlist/zkn_data/zukan_enc_diamond.narc,91,2577,,55336,55340,15652,15656,4,df3f619804a92fdb4057192dc43dd748ea778adc52bc498ce80524c014b81119,00000000,,,,,False,,,,,,,,,,False,False
/application/zukanlist/zkn_data/zukan_enc_diamond.narc,/application/zukanlist/zkn_data/zukan_enc_diamond.narc!/member_02578,0,/application/zukanlist/zkn_data/zukan_enc_diamond.narc,91,2578,,55340,55344,15656,15660,4,df3f619804a92fdb4057192dc43dd748ea778adc52bc498ce80524c014b81119,00000000,,,,,False,,,,,,,,,,False,False
/application/zukanlist/zkn_data/zukan_enc_diamond.narc,/application/zukanlist/zkn_data/zukan_enc_diamond.narc!/member_02579,0,/application/zukanlist/zkn_data/zukan_enc_diamond.narc,91,2579,,55344,55348,15660,15664,4,df3f619804a92fdb4057192dc43dd748ea778adc52bc498ce80524c014b81119,00000000,,,,,False,,,,,,,,,,False,False
/application/zukanlist/zkn_data/zukan_enc_diamond.narc,/application/zukanlist/zkn_data/zukan_enc_diamond.narc!/member_02580,0,/application/zukanlist/zkn_data/zukan_enc_diamond.narc,91,2580,,55348,55352,15664,15668,4,df3f619804a92fdb4057192dc43dd748ea778adc52bc498ce80524c014b81119,00000000,,,,,False,,,,,,,,,,False,False
/application/zukanlist/zkn_data/zukan_enc_diamond.narc,/application/zukanlist/zkn_data/zukan_enc_diamond.narc!/member_02581,0,/application/zukanlist/zkn_data/zukan_enc_diamond.narc,91,2581,,55352,55356,15668,15672,4,df3f619804a92fdb4057192dc43dd748ea778adc52bc498ce80524c014b81119,00000000,,,,,False,,,,,,,,,,False,False
/application/zukanlist/zkn_data/zukan_enc_diamond.narc,/application/zukanlist/zkn_data/zukan_enc_diamond.narc!/member_02582,0,/application/zukanlist/zkn_data/zukan_enc_diamond.narc,91,2582,,55356,55360,15672,15676,4,df3f619804a92fdb4057192dc43dd748ea778adc52bc498ce80524c014b81119,00000000,,,,,False,,,,,,,,,,False,False
/application/zukanlist/zkn_data/zukan_enc_diamond.narc,/application/zukanlist/zkn_data/zukan_enc_diamond.narc!/member_02583,0,/application/zukanlist/zkn_data/zukan_enc_diamond.narc,91,2583,,55360,55364,15676,15680,4,df3f619804a92fdb4057192dc43dd748ea778adc52bc498ce80524c014b81119,00000000,,,,,False,,,,,,,,,,False,False
/application/zukanlist/zkn_data/zukan_enc_diamond.narc,/application/zukanlist/zkn_data/zukan_enc_diamond.narc!/member_02584,0,/application/zukanlist/zkn_data/zukan_enc_diamond.narc,91,2584,,55364,55368,15680,15684,4,df3f619804a92fdb4057192dc43dd748ea778adc52bc498ce80524c014b81119,00000000,,,,,False,,,,,,,,,,False,False
/application/zukanlist/zkn_data/zukan_enc_diamond.narc,/application/zukanlist/zkn_data/zukan_enc_diamond.narc!/member_02585,0,/application/zukanlist/zkn_data/zukan_enc_diamond.narc,91,2585,,55368,55372,15684,15688,4,df3f619804a92fdb4057192dc43dd748ea778adc52bc498ce80524c014b81119,00000000,,,,,False,,,,,,,,,,False,False
/application/zukanlist/zkn_data/zukan_enc_diamond.narc,/application/zukanlist/zkn_data/zukan_enc_diamond.narc!/member_02586,0,/application/zukanlist/zkn_data/zukan_enc_diamond.narc,91,2586,,55372,55376,15688,15692,4,df3f619804a92fdb4057192dc43dd748ea778adc52bc498ce80524c014b81119,00000000,,,,,False,,,,,,,,,,False,False
/application/zukanlist/zkn_data/zukan_enc_diamond.narc,/application/zukanlist/zkn_data/zukan_enc_diamond.narc!/member_02587,0,/application/zukanlist/zkn_data/zukan_enc_diamond.narc,91,2587,,55376,55380,15692,15696,4,df3f619804a92fdb4057192dc43dd748ea778adc52bc498ce80524c014b81119,00000000,,,,,False,,,,,,,,,,False,False
/application/zukanlist/zkn_data/zukan_enc_diamond.narc,/application/zukanlist/zkn_data/zukan_enc_diamond.narc!/member_02588,0,/application/zukanlist/zkn_data/zukan_enc_diamond.narc,91,2588,,55380,55384,15696,15700,4,df3f619804a92fdb4057192dc43dd748ea778adc52bc498ce80524c014b81119,00000000,,,,,False,,,,,,,,,,False,False
/application/zukanlist/zkn_data/zukan_enc_diamond.narc,/application/zukanlist/zkn_data/zukan_enc_diamond.narc!/member_02589,0,/application/zukanlist/zkn_data/zukan_enc_diamond.narc,91,2589,,55384,55396,15700,15712,12,82845f601ec6f67c6123951adc94a3a015e24cb0ab292fb289695e981c4a6a7a,080000002800000000000000,,,,,False,,,,,,,,,,False,False
/application/zukanlist/zkn_data/zukan_enc_diamond.narc,/application/zukanlist/zkn_data/zukan_enc_diamond.narc!/member_02590,0,/application/zukanlist/zkn_data/zukan_enc_diamond.narc,91,2590,,55396,55408,15712,15724,12,82845f601ec6f67c6123951adc94a3a015e24cb0ab292fb289695e981c4a6a7a,080000002800000000000000,,,,,False,,,,,,,,,,False,False
/application/zukanlist/zkn_data/zukan_enc_diamond.narc,/application/zukanlist/zkn_data/zukan_enc_diamond.narc!/member_02591,0,/application/zukanlist/zkn_data/zukan_enc_diamond.narc,91,2591,,55408,55424,15724,15740,16,c081698ecbc147b7a7bf91906a7c80b6cdbf7118afa1d59efee6ddb16a2606c8,08000000280000002900000000000000,,,,,False,,,,,,,,,,False,False
/application/zukanlist/zkn_data/zukan_enc_diamond.narc,/application/zukanlist/zkn_data/zukan_enc_diamond.narc!/member_02592,0,/application/zukanlist/zkn_data/zukan_enc_diamond.narc,91,2592,,55424,55436,15740,15752,12,8274d6cd5c457eb9d21d15ef7fc534c460554c75de83491091c05d37d1934bf7,160000001700000000000000,,,,,False,,,,,,,,,,False,False
/application/zukanlist/zkn_data/zukan_enc_diamond.narc,/application/zukanlist/zkn_data/zukan_enc_diamond.narc!/member_02593,0,/application/zukanlist/zkn_data/zukan_enc_diamond.narc,91,2593,,55436,55440,15752,15756,4,df3f619804a92fdb4057192dc43dd748ea778adc52bc498ce80524c014b81119,00000000,,,,,False,,,,,,,,,,False,False
/application/zukanlist/zkn_data/zukan_enc_diamond.narc,/application/zukanlist/zkn_data/zukan_enc_diamond.narc!/member_02594,0,/application/zukanlist/zkn_data/zukan_enc_diamond.narc,91,2594,,55440,55444,15756,15760,4,df3f619804a92fdb4057192dc43dd748ea778adc52bc498ce80524c014b81119,00000000,,,,,False,,,,,,,,,,False,False
/application/zukanlist/zkn_data/zukan_enc_diamond.narc,/application/zukanlist/zkn_data/zukan_enc_diamond.narc!/member_02595,0,/application/zukanlist/zkn_data/zukan_enc_diamond.narc,91,2595,,55444,55452,15760,15768,8,4779cee98e83f1a1592de4f293107545fabab96772e43de89f3437b35f08938f,3000000000000000,,Nintendo RLE,Probable,,True,Nintendo RLE,Probable,False,0,,,,,,False,False
/application/zukanlist/zkn_data/zukan_enc_diamond.narc,/application/zukanlist/zkn_data/zukan_enc_diamond.narc!/member_02596,0,/application/zukanlist/zkn_data/zukan_enc_diamond.narc,91,2596,,55452,55460,15768,15776,8,4779cee98e83f1a1592de4f293107545fabab96772e43de89f3437b35f08938f,3000000000000000,,Nintendo RLE,Probable,,True,Nintendo RLE,Probable,False,0,,,,,,False,False
/application/zukanlist/zkn_data/zukan_enc_diamond.narc,/application/zukanlist/zkn_data/zukan_enc_diamond.narc!/member_02597,0,/application/zukanlist/zkn_data/zukan_enc_diamond.narc,91,2597,,55460,55496,15776,15812,36,cd2d265400cdefa5032cea7071cfd8746969ee4e292e82a674fd8f708ae46a28,0e0000000f0000001000000016000000,,,,,False,,,,,,,,,,False,False
/application/zukanlist/zkn_data/zukan_enc_diamond.narc,/application/zukanlist/zkn_data/zukan_enc_diamond.narc!/member_02598,0,/application/zukanlist/zkn_data/zukan_enc_diamond.narc,91,2598,,55496,55532,15812,15848,36,cd2d265400cdefa5032cea7071cfd8746969ee4e292e82a674fd8f708ae46a28,0e0000000f0000001000000016000000,,,,,False,,,,,,,,,,False,False
/application/zukanlist/zkn_data/zukan_enc_diamond.narc,/application/zukanlist/zkn_data/zukan_enc_diamond.narc!/member_02599,0,/application/zukanlist/zkn_data/zukan_enc_diamond.narc,91,2599,,55532,55544,15848,15860,12,26e932d7918278fb621172cc61dee1659b87da039613f6212f4959d013f243cd,010000000400000000000000,,,,,False,,,,,,,,,,False,False
/application/zukanlist/zkn_data/zukan_enc_diamond.narc,/application/zukanlist/zkn_data/zukan_enc_diamond.narc!/member_02600,0,/application/zukanlist/zkn_data/zukan_enc_diamond.narc,91,2600,,55544,55548,15860,15864,4,df3f619804a92fdb4057192dc43dd748ea778adc52bc498ce80524c014b81119,00000000,,,,,False,,,,,,,,,,False,False
/application/zukanlist/zkn_data/zukan_enc_diamond.narc,/application/zukanlist/zkn_data/zukan_enc_diamond.narc!/member_02601,0,/application/zukanlist/zkn_data/zukan_enc_diamond.narc,91,2601,,55548,55560,15864,15876,12,e62cad2a143d0040514d566eefc5b202ac4bf902ec8ce6223bf2f2be30309b4a,220000002500000000000000,,,,,False,,,,,,,,,,False,False
/application/zukanlist/zkn_data/zukan_enc_diamond.narc,/application/zukanlist/zkn_data/zukan_enc_diamond.narc!/member_02602,0,/application/zukanlist/zkn_data/zukan_enc_diamond.narc,91,2602,,55560,55568,15876,15884,8,ed049108bc18f2c64369e8d0ea42850bdd1a7d1dd340cfde716315579702a76c,2a00000000000000,,,,,False,,,,,,,,,,False,False
/application/zukanlist/zkn_data/zukan_enc_diamond.narc,/application/zukanlist/zkn_data/zukan_enc_diamond.narc!/member_02603,0,/application/zukanlist/zkn_data/zukan_enc_diamond.narc,91,2603,,55568,55572,15884,15888,4,df3f619804a92fdb4057192dc43dd748ea778adc52bc498ce80524c014b81119,00000000,,,,,False,,,,,,,,,,False,False
/application/zukanlist/zkn_data/zukan_enc_diamond.narc,/application/zukanlist/zkn_data/zukan_enc_diamond.narc!/member_02604,0,/application/zukanlist/zkn_data/zukan_enc_diamond.narc,91,2604,,55572,55576,15888,15892,4,df3f619804a92fdb4057192dc43dd748ea778adc52bc498ce80524c014b81119,00000000,,,,,False,,,,,,,,,,False,False
/application/zukanlist/zkn_data/zukan_enc_diamond.narc,/application/zukanlist/zkn_data/zukan_enc_diamond.narc!/member_02605,0,/application/zukanlist/zkn_data/zukan_enc_diamond.narc,91,2605,,55576,55580,15892,15896,4,df3f619804a92fdb4057192dc43dd748ea778adc52bc498ce80524c014b81119,00000000,,,,,False,,,,,,,,,,False,False
/application/zukanlist/zkn_data/zukan_enc_diamond.narc,/application/zukanlist/zkn_data/zukan_enc_diamond.narc!/member_02606,0,/application/zukanlist/zkn_data/zukan_enc_diamond.narc,91,2606,,55580,55584,15896,15900,4,df3f619804a92fdb4057192dc43dd748ea778adc52bc498ce80524c014b81119,00000000,,,,,False,,,,,,,,,,False,False
/application/zukanlist/zkn_data/zukan_enc_diamond.narc,/application/zukanlist/zkn_data/zukan_enc_diamond.narc!/member_02607,0,/application/zukanlist/zkn_data/zukan_enc_diamond.narc,91,2607,,55584,55588,15900,15904,4,df3f619804a92fdb4057192dc43dd748ea778adc52bc498ce80524c014b81119,00000000,,,,,False,,,,,,,,,,False,False
/application/zukanlist/zkn_data/zukan_enc_diamond.narc,/application/zukanlist/zkn_data/zukan_enc_diamond.narc!/member_02608,0,/application/zukanlist/zkn_data/zukan_enc_diamond.narc,91,2608,,55588,55736,15904,16052,148,b798f55240028a331b08e502e32378c39e0af5135ef9888029013ed89ef17a9e,01000000020000000300000004000000,,,,,False,,,,,,,,,,False,False
/application/zukanlist/zkn_data/zukan_enc_diamond.narc,/application/zukanlist/zkn_data/zukan_enc_diamond.narc!/member_02609,0,/application/zukanlist/zkn_data/zukan_enc_diamond.narc,91,2609,,55736,55884,16052,16200,148,b798f55240028a331b08e502e32378c39e0af5135ef9888029013ed89ef17a9e,01000000020000000300000004000000,,,,,False,,,,,,,,,,False,False
/application/zukanlist/zkn_data/zukan_enc_diamond.narc,/application/zukanlist/zkn_data/zukan_enc_diamond.narc!/member_02610,0,/application/zukanlist/zkn_data/zukan_enc_diamond.narc,91,2610,,55884,55888,16200,16204,4,df3f619804a92fdb4057192dc43dd748ea778adc52bc498ce80524c014b81119,00000000,,,,,False,,,,,,,,,,False,False
/application/zukanlist/zkn_data/zukan_enc_diamond.narc,/application/zukanlist/zkn_data/zukan_enc_diamond.narc!/member_02611,0,/application/zukanlist/zkn_data/zukan_enc_diamond.narc,91,2611,,55888,55892,16204,16208,4,df3f619804a92fdb4057192dc43dd748ea778adc52bc498ce80524c014b81119,00000000,,,,,False,,,,,,,,,,False,False
/application/zukanlist/zkn_data/zukan_enc_diamond.narc,/application/zukanlist/zkn_data/zukan_enc_diamond.narc!/member_02612,0,/application/zukanlist/zkn_data/zukan_enc_diamond.narc,91,2612,,55892,55896,16208,16212,4,df3f619804a92fdb4057192dc43dd748ea778adc52bc498ce80524c014b81119,00000000,,,,,False,,,,,,,,,,False,False
/application/zukanlist/zkn_data/zukan_enc_diamond.narc,/application/zukanlist/zkn_data/zukan_enc_diamond.narc!/member_02613,0,/application/zukanlist/zkn_data/zukan_enc_diamond.narc,91,2613,,55896,55900,16212,16216,4,df3f619804a92fdb4057192dc43dd748ea778adc52bc498ce80524c014b81119,00000000,,,,,False,,,,,,,,,,False,False
/application/zukanlist/zkn_data/zukan_enc_diamond.narc,/application/zukanlist/zkn_data/zukan_enc_diamond.narc!/member_02614,0,/application/zukanlist/zkn_data/zukan_enc_diamond.narc,91,2614,,55900,55904,16216,16220,4,df3f619804a92fdb4057192dc43dd748ea778adc52bc498ce80524c014b81119,00000000,,,,,False,,,,,,,,,,False,False
/application/zukanlist/zkn_data/zukan_enc_diamond.narc,/application/zukanlist/zkn_data/zukan_enc_diamond.narc!/member_02615,0,/application/zukanlist/zkn_data/zukan_enc_diamond.narc,91,2615,,55904,55908,16220,16224,4,df3f619804a92fdb4057192dc43dd748ea778adc52bc498ce80524c014b81119,00000000,,,,,False,,,,,,,,,,False,False
/application/zukanlist/zkn_data/zukan_enc_diamond.narc,/application/zukanlist/zkn_data/zukan_enc_diamond.narc!/member_02616,0,/application/zukanlist/zkn_data/zukan_enc_diamond.narc,91,2616,,55908,55912,16224,16228,4,df3f619804a92fdb4057192dc43dd748ea778adc52bc498ce80524c014b81119,00000000,,,,,False,,,,,,,,,,False,False
/application/zukanlist/zkn_data/zukan_enc_diamond.narc,/application/zukanlist/zkn_data/zukan_enc_diamond.narc!/member_02617,0,/application/zukanlist/zkn_data/zukan_enc_diamond.narc,91,2617,,55912,55916,16228,16232,4,df3f619804a92fdb4057192dc43dd748ea778adc52bc498ce80524c014b81119,00000000,,,,,False,,,,,,,,,,False,False
/application/zukanlist/zkn_data/zukan_enc_diamond.narc,/application/zukanlist/zkn_data/zukan_enc_diamond.narc!/member_02618,0,/application/zukanlist/zkn_data/zukan_enc_diamond.narc,91,2618,,55916,55920,16232,16236,4,df3f619804a92fdb4057192dc43dd748ea778adc52bc498ce80524c014b81119,00000000,,,,,False,,,,,,,,,,False,False
/application/zukanlist/zkn_data/zukan_enc_diamond.narc,/application/zukanlist/zkn_data/zukan_enc_diamond.narc!/member_02619,0,/application/zukanlist/zkn_data/zukan_enc_diamond.narc,91,2619,,55920,55924,16236,16240,4,df3f619804a92fdb4057192dc43dd748ea778adc52bc498ce80524c014b81119,00000000,,,,,False,,,,,,,,,,False,False
/application/zukanlist/zkn_data/zukan_enc_diamond.narc,/application/zukanlist/zkn_data/zukan_enc_diamond.narc!/member_02620,0,/application/zukanlist/zkn_data/zukan_enc_diamond.narc,91,2620,,55924,55928,16240,16244,4,df3f619804a92fdb4057192dc43dd748ea778adc52bc498ce80524c014b81119,00000000,,,,,False,,,,,,,,,,False,False
/application/zukanlist/zkn_data/zukan_enc_diamond.narc,/application/zukanlist/zkn_data/zukan_enc_diamond.narc!/member_02621,0,/application/zukanlist/zkn_data/zukan_enc_diamond.narc,91,2621,,55928,55932,16244,16248,4,df3f619804a92fdb4057192dc43dd748ea778adc52bc498ce80524c014b81119,00000000,,,,,False,,,,,,,,,,False,False
/application/zukanlist/zkn_data/zukan_enc_diamond.narc,/application/zukanlist/zkn_data/zukan_enc_diamond.narc!/member_02622,0,/application/zukanlist/zkn_data/zukan_enc_diamond.narc,91,2622,,55932,55936,16248,16252,4,df3f619804a92fdb4057192dc43dd748ea778adc52bc498ce80524c014b81119,00000000,,,,,False,,,,,,,,,,False,False
/application/zukanlist/zkn_data/zukan_enc_diamond.narc,/application/zukanlist/zkn_data/zukan_enc_diamond.narc!/member_02623,0,/application/zukanlist/zkn_data/zukan_enc_diamond.narc,91,2623,,55936,55940,16252,16256,4,df3f619804a92fdb4057192dc43dd748ea778adc52bc498ce80524c014b81119,00000000,,,,,False,,,,,,,,,,False,False
/application/zukanlist/zkn_data/zukan_enc_diamond.narc,/application/zukanlist/zkn_data/zukan_enc_diamond.narc!/member_02624,0,/application/zukanlist/zkn_data/zukan_enc_diamond.narc,91,2624,,55940,55944,16256,16260,4,df3f619804a92fdb4057192dc43dd748ea778adc52bc498ce80524c014b81119,00000000,,,,,False,,,,,,,,,,False,False
/application/zukanlist/zkn_data/zukan_enc_diamond.narc,/application/zukanlist/zkn_data/zukan_enc_diamond.narc!/member_02625,0,/application/zukanlist/zkn_data/zukan_enc_diamond.narc,91,2625,,55944,55948,16260,16264,4,df3f619804a92fdb4057192dc43dd748ea778adc52bc498ce80524c014b81119,00000000,,,,,False,,,,,,,,,,False,False
/application/zukanlist/zkn_data/zukan_enc_diamond.narc,/application/zukanlist/zkn_data/zukan_enc_diamond.narc!/member_02626,0,/application/zukanlist/zkn_data/zukan_enc_diamond.narc,91,2626,,55948,55952,16264,16268,4,df3f619804a92fdb4057192dc43dd748ea778adc52bc498ce80524c014b81119,00000000,,,,,False,,,,,,,,,,False,False
/application/zukanlist/zkn_data/zukan_enc_diamond.narc,/application/zukanlist/zkn_data/zukan_enc_diamond.narc!/member_02627,0,/application/zukanlist/zkn_data/zukan_enc_diamond.narc,91,2627,,55952,55956,16268,16272,4,df3f619804a92fdb4057192dc43dd748ea778adc52bc498ce80524c014b81119,00000000,,,,,False,,,,,,,,,,False,False
/application/zukanlist/zkn_data/zukan_enc_diamond.narc,/application/zukanlist/zkn_data/zukan_enc_diamond.narc!/member_02628,0,/application/zukanlist/zkn_data/zukan_enc_diamond.narc,91,2628,,55956,55960,16272,16276,4,df3f619804a92fdb4057192dc43dd748ea778adc52bc498ce80524c014b81119,00000000,,,,,False,,,,,,,,,,False,False
/application/zukanlist/zkn_data/zukan_enc_diamond.narc,/application/zukanlist/zkn_data/zukan_enc_diamond.narc!/member_02629,0,/application/zukanlist/zkn_data/zukan_enc_diamond.narc,91,2629,,55960,55964,16276,16280,4,df3f619804a92fdb4057192dc43dd748ea778adc52bc498ce80524c014b81119,00000000,,,,,False,,,,,,,,,,False,False
/application/zukanlist/zkn_data/zukan_enc_diamond.narc,/application/zukanlist/zkn_data/zukan_enc_diamond.narc!/member_02630,0,/application/zukanlist/zkn_data/zukan_enc_diamond.narc,91,2630,,55964,55968,16280,16284,4,df3f619804a92fdb4057192dc43dd748ea778adc52bc498ce80524c014b81119,00000000,,,,,False,,,,,,,,,,False,False
/application/zukanlist/zkn_data/zukan_enc_diamond.narc,/application/zukanlist/zkn_data/zukan_enc_diamond.narc!/member_02631,0,/application/zukanlist/zkn_data/zukan_enc_diamond.narc,91,2631,,55968,55972,16284,16288,4,df3f619804a92fdb4057192dc43dd748ea778adc52bc498ce80524c014b81119,00000000,,,,,False,,,,,,,,,,False,False
/application/zukanlist/zkn_data/zukan_enc_diamond.narc,/application/zukanlist/zkn_data/zukan_enc_diamond.narc!/member_02632,0,/application/zukanlist/zkn_data/zukan_enc_diamond.narc,91,2632,,55972,55976,16288,16292,4,df3f619804a92fdb4057192dc43dd748ea778adc52bc498ce80524c014b81119,00000000,,,,,False,,,,,,,,,,False,False
/application/zukanlist/zkn_data/zukan_enc_diamond.narc,/application/zukanlist/zkn_data/zukan_enc_diamond.narc!/member_02633,0,/application/zukanlist/zkn_data/zukan_enc_diamond.narc,91,2633,,55976,55980,16292,16296,4,df3f619804a92fdb4057192dc43dd748ea778adc52bc498ce80524c014b81119,00000000,,,,,False,,,,,,,,,,False,False
/application/zukanlist/zkn_data/zukan_enc_diamond.narc,/application/zukanlist/zkn_data/zukan_enc_diamond.narc!/member_02634,0,/application/zukanlist/zkn_data/zukan_enc_diamond.narc,91,2634,,55980,55984,16296,16300,4,df3f619804a92fdb4057192dc43dd748ea778adc52bc498ce80524c014b81119,00000000,,,,,False,,,,,,,,,,False,False
/application/zukanlist/zkn_data/zukan_enc_diamond.narc,/application/zukanlist/zkn_data/zukan_enc_diamond.narc!/member_02635,0,/application/zukanlist/zkn_data/zukan_enc_diamond.narc,91,2635,,55984,55988,16300,16304,4,df3f619804a92fdb4057192dc43dd748ea778adc52bc498ce80524c014b81119,00000000,,,,,False,,,,,,,,,,False,False
/application/zukanlist/zkn_data/zukan_enc_diamond.narc,/application/zukanlist/zkn_data/zukan_enc_diamond.narc!/member_02636,0,/application/zukanlist/zkn_data/zukan_enc_diamond.narc,91,2636,,55988,55992,16304,16308,4,df3f619804a92fdb4057192dc43dd748ea778adc52bc498ce80524c014b81119,00000000,,,,,False,,,,,,,,,,False,False
/application/zukanlist/zkn_data/zukan_enc_diamond.narc,/application/zukanlist/zkn_data/zukan_enc_diamond.narc!/member_02637,0,/application/zukanlist/zkn_data/zukan_enc_diamond.narc,91,2637,,55992,55996,16308,16312,4,df3f619804a92fdb4057192dc43dd748ea778adc52bc498ce80524c014b81119,00000000,,,,,False,,,,,,,,,,False,False
/application/zukanlist/zkn_data/zukan_enc_diamond.narc,/application/zukanlist/zkn_data/zukan_enc_diamond.narc!/member_02638,0,/application/zukanlist/zkn_data/zukan_enc_diamond.narc,91,2638,,55996,56000,16312,16316,4,df3f619804a92fdb4057192dc43dd748ea778adc52bc498ce80524c014b81119,00000000,,,,,False,,,,,,,,,,False,False
/application/zukanlist/zkn_data/zukan_enc_diamond.narc,/application/zukanlist/zkn_data/zukan_enc_diamond.narc!/member_02639,0,/application/zukanlist/zkn_data/zukan_enc_diamond.narc,91,2639,,56000,56004,16316,16320,4,df3f619804a92fdb4057192dc43dd748ea778adc52bc498ce80524c014b81119,00000000,,,,,False,,,,,,,,,,False,False
/application/zukanlist/zkn_data/zukan_enc_diamond.narc,/application/zukanlist/zkn_data/zukan_enc_diamond.narc!/member_02640,0,/application/zukanlist/zkn_data/zukan_enc_diamond.narc,91,2640,,56004,56008,16320,16324,4,df3f619804a92fdb4057192dc43dd748ea778adc52bc498ce80524c014b81119,00000000,,,,,False,,,,,,,,,,False,False
/application/zukanlist/zkn_data/zukan_enc_diamond.narc,/application/zukanlist/zkn_data/zukan_enc_diamond.narc!/member_02641,0,/application/zukanlist/zkn_data/zukan_enc_diamond.narc,91,2641,,56008,56012,16324,16328,4,df3f619804a92fdb4057192dc43dd748ea778adc52bc498ce80524c014b81119,00000000,,,,,False,,,,,,,,,,False,False
/application/zukanlist/zkn_data/zukan_enc_diamond.narc,/application/zukanlist/zkn_data/zukan_enc_diamond.narc!/member_02642,0,/application/zukanlist/zkn_data/zukan_enc_diamond.narc,91,2642,,56012,56016,16328,16332,4,df3f619804a92fdb4057192dc43dd748ea778adc52bc498ce80524c014b81119,00000000,,,,,False,,,,,,,,,,False,False
/application/zukanlist/zkn_data/zukan_enc_diamond.narc,/application/zukanlist/zkn_data/zukan_enc_diamond.narc!/member_02643,0,/application/zukanlist/zkn_data/zukan_enc_diamond.narc,91,2643,,56016,56020,16332,16336,4,df3f619804a92fdb4057192dc43dd748ea778adc52bc498ce80524c014b81119,00000000,,,,,False,,,,,,,,,,False,False
/application/zukanlist/zkn_data/zukan_enc_diamond.narc,/application/zukanlist/zkn_data/zukan_enc_diamond.narc!/member_02644,0,/application/zukanlist/zkn_data/zukan_enc_diamond.narc,91,2644,,56020,56024,16336,16340,4,df3f619804a92fdb4057192dc43dd748ea778adc52bc498ce80524c014b81119,00000000,,,,,False,,,,,,,,,,False,False
/application/zukanlist/zkn_data/zukan_enc_diamond.narc,/application/zukanlist/zkn_data/zukan_enc_diamond.narc!/member_02645,0,/application/zukanlist/zkn_data/zukan_enc_diamond.narc,91,2645,,56024,56032,16340,16348,8,ed049108bc18f2c64369e8d0ea42850bdd1a7d1dd340cfde716315579702a76c,2a00000000000000,,,,,False,,,,,,,,,,False,False
/application/zukanlist/zkn_data/zukan_enc_diamond.narc,/application/zukanlist/zkn_data/zukan_enc_diamond.narc!/member_02646,0,/application/zukanlist/zkn_data/zukan_enc_diamond.narc,91,2646,,56032,56036,16348,16352,4,df3f619804a92fdb4057192dc43dd748ea778adc52bc498ce80524c014b81119,00000000,,,,,False,,,,,,,,,,False,False
/application/zukanlist/zkn_data/zukan_enc_diamond.narc,/application/zukanlist/zkn_data/zukan_enc_diamond.narc!/member_02647,0,/application/zukanlist/zkn_data/zukan_enc_diamond.narc,91,2647,,56036,56040,16352,16356,4,df3f619804a92fdb4057192dc43dd748ea778adc52bc498ce80524c014b81119,00000000,,,,,False,,,,,,,,,,False,False
/application/zukanlist/zkn_data/zukan_enc_diamond.narc,/application/zukanlist/zkn_data/zukan_enc_diamond.narc!/member_02648,0,/application/zukanlist/zkn_data/zukan_enc_diamond.narc,91,2648,,56040,56044,16356,16360,4,df3f619804a92fdb4057192dc43dd748ea778adc52bc498ce80524c014b81119,00000000,,,,,False,,,,,,,,,,False,False
/application/zukanlist/zkn_data/zukan_enc_diamond.narc,/application/zukanlist/zkn_data/zukan_enc_diamond.narc!/member_02649,0,/application/zukanlist/zkn_data/zukan_enc_diamond.narc,91,2649,,56044,56052,16360,16368,8,6e3989bfdab9675089a296f8b974431cbf419dc763f2e14620cd2b8b03b7d741,2e00000000000000,,,,,False,,,,,,,,,,False,False
/application/zukanlist/zkn_data/zukan_enc_diamond.narc,/application/zukanlist/zkn_data/zukan_enc_diamond.narc!/member_02650,0,/application/zukanlist/zkn_data/zukan_enc_diamond.narc,91,2650,,56052,56060,16368,16376,8,6e3989bfdab9675089a296f8b974431cbf419dc763f2e14620cd2b8b03b7d741,2e00000000000000,,,,,False,,,,,,,,,,False,False
/application/zukanlist/zkn_data/zukan_enc_diamond.narc,/application/zukanlist/zkn_data/zukan_enc_diamond.narc!/member_02651,0,/application/zukanlist/zkn_data/zukan_enc_diamond.narc,91,2651,,56060,56064,16376,16380,4,df3f619804a92fdb4057192dc43dd748ea778adc52bc498ce80524c014b81119,00000000,,,,,False,,,,,,,,,,False,False
/application/zukanlist/zkn_data/zukan_enc_diamond.narc,/application/zukanlist/zkn_data/zukan_enc_diamond.narc!/member_02652,0,/application/zukanlist/zkn_data/zukan_enc_diamond.narc,91,2652,,56064,56068,16380,16384,4,df3f619804a92fdb4057192dc43dd748ea778adc52bc498ce80524c014b81119,00000000,,,,,False,,,,,,,,,,False,False
/application/zukanlist/zkn_data/zukan_enc_diamond.narc,/application/zukanlist/zkn_data/zukan_enc_diamond.narc!/member_02653,0,/application/zukanlist/zkn_data/zukan_enc_diamond.narc,91,2653,,56068,56072,16384,16388,4,df3f619804a92fdb4057192dc43dd748ea778adc52bc498ce80524c014b81119,00000000,,,,,False,,,,,,,,,,False,False
/application/zukanlist/zkn_data/zukan_enc_diamond.narc,/application/zukanlist/zkn_data/zukan_enc_diamond.narc!/member_02654,0,/application/zukanlist/zkn_data/zukan_enc_diamond.narc,91,2654,,56072,56076,16388,16392,4,df3f619804a92fdb4057192dc43dd748ea778adc52bc498ce80524c014b81119,00000000,,,,,False,,,,,,,,,,False,False
/application/zukanlist/zkn_data/zukan_enc_diamond.narc,/application/zukanlist/zkn_data/zukan_enc_diamond.narc!/member_02655,0,/application/zukanlist/zkn_data/zukan_enc_diamond.narc,91,2655,,56076,56080,16392,16396,4,df3f619804a92fdb4057192dc43dd748ea778adc52bc498ce80524c014b81119,00000000,,,,,False,,,,,,,,,,False,False
/application/zukanlist/zkn_data/zukan_enc_diamond.narc,/application/zukanlist/zkn_data/zukan_enc_diamond.narc!/member_02656,0,/application/zukanlist/zkn_data/zukan_enc_diamond.narc,91,2656,,56080,56084,16396,16400,4,df3f619804a92fdb4057192dc43dd748ea778adc52bc498ce80524c014b81119,00000000,,,,,False,,,,,,,,,,False,False
/application/zukanlist/zkn_data/zukan_enc_diamond.narc,/application/zukanlist/zkn_data/zukan_enc_diamond.narc!/member_02657,0,/application/zukanlist/zkn_data/zukan_enc_diamond.narc,91,2657,,56084,56088,16400,16404,4,df3f619804a92fdb4057192dc43dd748ea778adc52bc498ce80524c014b81119,00000000,,,,,False,,,,,,,,,,False,False
/application/zukanlist/zkn_data/zukan_enc_diamond.narc,/application/zukanlist/zkn_data/zukan_enc_diamond.narc!/member_02658,0,/application/zukanlist/zkn_data/zukan_enc_diamond.narc,91,2658,,56088,56092,16404,16408,4,df3f619804a92fdb4057192dc43dd748ea778adc52bc498ce80524c014b81119,00000000,,,,,False,,,,,,,,,,False,False
/application/zukanlist/zkn_data/zukan_enc_diamond.narc,/application/zukanlist/zkn_data/zukan_enc_diamond.narc!/member_02659,0,/application/zukanlist/zkn_data/zukan_enc_diamond.narc,91,2659,,56092,56096,16408,16412,4,df3f619804a92fdb4057192dc43dd748ea778adc52bc498ce80524c014b81119,00000000,,,,,False,,,,,,,,,,False,False
/application/zukanlist/zkn_data/zukan_enc_diamond.narc,/application/zukanlist/zkn_data/zukan_enc_diamond.narc!/member_02660,0,/application/zukanlist/zkn_data/zukan_enc_diamond.narc,91,2660,,56096,56100,16412,16416,4,df3f619804a92fdb4057192dc43dd748ea778adc52bc498ce80524c014b81119,00000000,,,,,False,,,,,,,,,,False,False
/application/zukanlist/zkn_data/zukan_enc_diamond.narc,/application/zukanlist/zkn_data/zukan_enc_diamond.narc!/member_02661,0,/application/zukanlist/zkn_data/zukan_enc_diamond.narc,91,2661,,56100,56104,16416,16420,4,df3f619804a92fdb4057192dc43dd748ea778adc52bc498ce80524c014b81119,00000000,,,,,False,,,,,,,,,,False,False
/application/zukanlist/zkn_data/zukan_enc_diamond.narc,/application/zukanlist/zkn_data/zukan_enc_diamond.narc!/member_02662,0,/application/zukanlist/zkn_data/zukan_enc_diamond.narc,91,2662,,56104,56108,16420,16424,4,df3f619804a92fdb4057192dc43dd748ea778adc52bc498ce80524c014b81119,00000000,,,,,False,,,,,,,,,,False,False
/application/zukanlist/zkn_data/zukan_enc_diamond.narc,/application/zukanlist/zkn_data/zukan_enc_diamond.narc!/member_02663,0,/application/zukanlist/zkn_data/zukan_enc_diamond.narc,91,2663,,56108,56112,16424,16428,4,df3f619804a92fdb4057192dc43dd748ea778adc52bc498ce80524c014b81119,00000000,,,,,False,,,,,,,,,,False,False
/application/zukanlist/zkn_data/zukan_enc_diamond.narc,/application/zukanlist/zkn_data/zukan_enc_diamond.narc!/member_02664,0,/application/zukanlist/zkn_data/zukan_enc_diamond.narc,91,2664,,56112,56116,16428,16432,4,df3f619804a92fdb4057192dc43dd748ea778adc52bc498ce80524c014b81119,00000000,,,,,False,,,,,,,,,,False,False
/application/zukanlist/zkn_data/zukan_enc_diamond.narc,/application/zukanlist/zkn_data/zukan_enc_diamond.narc!/member_02665,0,/application/zukanlist/zkn_data/zukan_enc_diamond.narc,91,2665,,56116,56120,16432,16436,4,df3f619804a92fdb4057192dc43dd748ea778adc52bc498ce80524c014b81119,00000000,,,,,False,,,,,,,,,,False,False
/application/zukanlist/zkn_data/zukan_enc_diamond.narc,/application/zukanlist/zkn_data/zukan_enc_diamond.narc!/member_02666,0,/application/zukanlist/zkn_data/zukan_enc_diamond.narc,91,2666,,56120,56124,16436,16440,4,df3f619804a92fdb4057192dc43dd748ea778adc52bc498ce80524c014b81119,00000000,,,,,False,,,,,,,,,,False,False
/application/zukanlist/zkn_data/zukan_enc_diamond.narc,/application/zukanlist/zkn_data/zukan_enc_diamond.narc!/member_02667,0,/application/zukanlist/zkn_data/zukan_enc_diamond.narc,91,2667,,56124,56128,16440,16444,4,df3f619804a92fdb4057192dc43dd748ea778adc52bc498ce80524c014b81119,00000000,,,,,False,,,,,,,,,,False,False
/application/zukanlist/zkn_data/zukan_enc_diamond.narc,/application/zukanlist/zkn_data/zukan_enc_diamond.narc!/member_02668,0,/application/zukanlist/zkn_data/zukan_enc_diamond.narc,91,2668,,56128,56132,16444,16448,4,df3f619804a92fdb4057192dc43dd748ea778adc52bc498ce80524c014b81119,00000000,,,,,False,,,,,,,,,,False,False
/application/zukanlist/zkn_data/zukan_enc_diamond.narc,/application/zukanlist/zkn_data/zukan_enc_diamond.narc!/member_02669,0,/application/zukanlist/zkn_data/zukan_enc_diamond.narc,91,2669,,56132,56136,16448,16452,4,df3f619804a92fdb4057192dc43dd748ea778adc52bc498ce80524c014b81119,00000000,,,,,False,,,,,,,,,,False,False
/application/zukanlist/zkn_data/zukan_enc_diamond.narc,/application/zukanlist/zkn_data/zukan_enc_diamond.narc!/member_02670,0,/application/zukanlist/zkn_data/zukan_enc_diamond.narc,91,2670,,56136,56140,16452,16456,4,df3f619804a92fdb4057192dc43dd748ea778adc52bc498ce80524c014b81119,00000000,,,,,False,,,,,,,,,,False,False
/application/zukanlist/zkn_data/zukan_enc_diamond.narc,/application/zukanlist/zkn_data/zukan_enc_diamond.narc!/member_02671,0,/application/zukanlist/zkn_data/zukan_enc_diamond.narc,91,2671,,56140,56144,16456,16460,4,df3f619804a92fdb4057192dc43dd748ea778adc52bc498ce80524c014b81119,00000000,,,,,False,,,,,,,,,,False,False
/application/zukanlist/zkn_data/zukan_enc_diamond.narc,/application/zukanlist/zkn_data/zukan_enc_diamond.narc!/member_02672,0,/application/zukanlist/zkn_data/zukan_enc_diamond.narc,91,2672,,56144,56148,16460,16464,4,df3f619804a92fdb4057192dc43dd748ea778adc52bc498ce80524c014b81119,00000000,,,,,False,,,,,,,,,,False,False
/application/zukanlist/zkn_data/zukan_enc_diamond.narc,/application/zukanlist/zkn_data/zukan_enc_diamond.narc!/member_02673,0,/application/zukanlist/zkn_data/zukan_enc_diamond.narc,91,2673,,56148,56156,16464,16472,8,3c88bf13b58cba9ca7fe10c55db47931f52b52975cf1e9eaa0c9b0ec29c7c6be,1c00000000000000,,,,,False,,,,,,,,,,False,False
/application/zukanlist/zkn_data/zukan_enc_diamond.narc,/application/zukanlist/zkn_data/zukan_enc_diamond.narc!/member_02674,0,/application/zukanlist/zkn_data/zukan_enc_diamond.narc,91,2674,,56156,56164,16472,16480,8,3c88bf13b58cba9ca7fe10c55db47931f52b52975cf1e9eaa0c9b0ec29c7c6be,1c00000000000000,,,,,False,,,,,,,,,,False,False
/application/zukanlist/zkn_data/zukan_enc_diamond.narc,/application/zukanlist/zkn_data/zukan_enc_diamond.narc!/member_02675,0,/application/zukanlist/zkn_data/zukan_enc_diamond.narc,91,2675,,56164,56168,16480,16484,4,df3f619804a92fdb4057192dc43dd748ea778adc52bc498ce80524c014b81119,00000000,,,,,False,,,,,,,,,,False,False
/application/zukanlist/zkn_data/zukan_enc_diamond.narc,/application/zukanlist/zkn_data/zukan_enc_diamond.narc!/member_02676,0,/application/zukanlist/zkn_data/zukan_enc_diamond.narc,91,2676,,56168,56172,16484,16488,4,df3f619804a92fdb4057192dc43dd748ea778adc52bc498ce80524c014b81119,00000000,,,,,False,,,,,,,,,,False,False
/application/zukanlist/zkn_data/zukan_enc_diamond.narc,/application/zukanlist/zkn_data/zukan_enc_diamond.narc!/member_02677,0,/application/zukanlist/zkn_data/zukan_enc_diamond.narc,91,2677,,56172,56176,16488,16492,4,df3f619804a92fdb4057192dc43dd748ea778adc52bc498ce80524c014b81119,00000000,,,,,False,,,,,,,,,,False,False
/application/zukanlist/zkn_data/zukan_enc_diamond.narc,/application/zukanlist/zkn_data/zukan_enc_diamond.narc!/member_02678,0,/application/zukanlist/zkn_data/zukan_enc_diamond.narc,91,2678,,56176,56180,16492,16496,4,df3f619804a92fdb4057192dc43dd748ea778adc52bc498ce80524c014b81119,00000000,,,,,False,,,,,,,,,,False,False
/application/zukanlist/zkn_data/zukan_enc_diamond.narc,/application/zukanlist/zkn_data/zukan_enc_diamond.narc!/member_02679,0,/application/zukanlist/zkn_data/zukan_enc_diamond.narc,91,2679,,56180,56184,16496,16500,4,df3f619804a92fdb4057192dc43dd748ea778adc52bc498ce80524c014b81119,00000000,,,,,False,,,,,,,,,,False,False
/application/zukanlist/zkn_data/zukan_enc_diamond.narc,/application/zukanlist/zkn_data/zukan_enc_diamond.narc!/member_02680,0,/application/zukanlist/zkn_data/zukan_enc_diamond.narc,91,2680,,56184,56188,16500,16504,4,df3f619804a92fdb4057192dc43dd748ea778adc52bc498ce80524c014b81119,00000000,,,,,False,,,,,,,,,,False,False
/application/zukanlist/zkn_data/zukan_enc_diamond.narc,/application/zukanlist/zkn_data/zukan_enc_diamond.narc!/member_02681,0,/application/zukanlist/zkn_data/zukan_enc_diamond.narc,91,2681,,56188,56192,16504,16508,4,df3f619804a92fdb4057192dc43dd748ea778adc52bc498ce80524c014b81119,00000000,,,,,False,,,,,,,,,,False,False
/application/zukanlist/zkn_data/zukan_enc_diamond.narc,/application/zukanlist/zkn_data/zukan_enc_diamond.narc!/member_02682,0,/application/zukanlist/zkn_data/zukan_enc_diamond.narc,91,2682,,56192,56204,16508,16520,12,5d3398e0616332ba78703a35d71b8202cb63cfad55fa33595ec94981bc88c17d,0a0000001e00000000000000,,,,,False,,,,,,,,,,False,False
/application/zukanlist/zkn_data/zukan_enc_diamond.narc,/application/zukanlist/zkn_data/zukan_enc_diamond.narc!/member_02683,0,/application/zukanlist/zkn_data/zukan_enc_diamond.narc,91,2683,,56204,56208,16520,16524,4,df3f619804a92fdb4057192dc43dd748ea778adc52bc498ce80524c014b81119,00000000,,,,,False,,,,,,,,,,False,False
/application/zukanlist/zkn_data/zukan_enc_diamond.narc,/application/zukanlist/zkn_data/zukan_enc_diamond.narc!/member_02684,0,/application/zukanlist/zkn_data/zukan_enc_diamond.narc,91,2684,,56208,56212,16524,16528,4,df3f619804a92fdb4057192dc43dd748ea778adc52bc498ce80524c014b81119,00000000,,,,,False,,,,,,,,,,False,False
/application/zukanlist/zkn_data/zukan_enc_diamond.narc,/application/zukanlist/zkn_data/zukan_enc_diamond.narc!/member_02685,0,/application/zukanlist/zkn_data/zukan_enc_diamond.narc,91,2685,,56212,56216,16528,16532,4,df3f619804a92fdb4057192dc43dd748ea778adc52bc498ce80524c014b81119,00000000,,,,,False,,,,,,,,,,False,False
/application/zukanlist/zkn_data/zukan_enc_diamond.narc,/application/zukanlist/zkn_data/zukan_enc_diamond.narc!/member_02686,0,/application/zukanlist/zkn_data/zukan_enc_diamond.narc,91,2686,,56216,56220,16532,16536,4,df3f619804a92fdb4057192dc43dd748ea778adc52bc498ce80524c014b81119,00000000,,,,,False,,,,,,,,,,False,False
/application/zukanlist/zkn_data/zukan_enc_diamond.narc,/application/zukanlist/zkn_data/zukan_enc_diamond.narc!/member_02687,0,/application/zukanlist/zkn_data/zukan_enc_diamond.narc,91,2687,,56220,56224,16536,16540,4,df3f619804a92fdb4057192dc43dd748ea778adc52bc498ce80524c014b81119,00000000,,,,,False,,,,,,,,,,False,False
/application/zukanlist/zkn_data/zukan_enc_diamond.narc,/application/zukanlist/zkn_data/zukan_enc_diamond.narc!/member_02688,0,/application/zukanlist/zkn_data/zukan_enc_diamond.narc,91,2688,,56224,56228,16540,16544,4,df3f619804a92fdb4057192dc43dd748ea778adc52bc498ce80524c014b81119,00000000,,,,,False,,,,,,,,,,False,False
/application/zukanlist/zkn_data/zukan_enc_diamond.narc,/application/zukanlist/zkn_data/zukan_enc_diamond.narc!/member_02689,0,/application/zukanlist/zkn_data/zukan_enc_diamond.narc,91,2689,,56228,56232,16544,16548,4,df3f619804a92fdb4057192dc43dd748ea778adc52bc498ce80524c014b81119,00000000,,,,,False,,,,,,,,,,False,False
/application/zukanlist/zkn_data/zukan_enc_diamond.narc,/application/zukanlist/zkn_data/zukan_enc_diamond.narc!/member_02690,0,/application/zukanlist/zkn_data/zukan_enc_diamond.narc,91,2690,,56232,56240,16548,16556,8,cbbd5f990c53684d7ae650b40fcb5656e02261b53da5f6a7d8c819c92f2828f8,0900000000000000,,,,,False,,,,,,,,,,False,False
/application/zukanlist/zkn_data/zukan_enc_diamond.narc,/application/zukanlist/zkn_data/zukan_enc_diamond.narc!/member_02691,0,/application/zukanlist/zkn_data/zukan_enc_diamond.narc,91,2691,,56240,56244,16556,16560,4,df3f619804a92fdb4057192dc43dd748ea778adc52bc498ce80524c014b81119,00000000,,,,,False,,,,,,,,,,False,False
/application/zukanlist/zkn_data/zukan_enc_diamond.narc,/application/zukanlist/zkn_data/zukan_enc_diamond.narc!/member_02692,0,/application/zukanlist/zkn_data/zukan_enc_diamond.narc,91,2692,,56244,56248,16560,16564,4,df3f619804a92fdb4057192dc43dd748ea778adc52bc498ce80524c014b81119,00000000,,,,,False,,,,,,,,,,False,False
/application/zukanlist/zkn_data/zukan_enc_diamond.narc,/application/zukanlist/zkn_data/zukan_enc_diamond.narc!/member_02693,0,/application/zukanlist/zkn_data/zukan_enc_diamond.narc,91,2693,,56248,56252,16564,16568,4,df3f619804a92fdb4057192dc43dd748ea778adc52bc498ce80524c014b81119,00000000,,,,,False,,,,,,,,,,False,False
/application/zukanlist/zkn_data/zukan_enc_diamond.narc,/application/zukanlist/zkn_data/zukan_enc_diamond.narc!/member_02694,0,/application/zukanlist/zkn_data/zukan_enc_diamond.narc,91,2694,,56252,56268,16568,16584,16,f2578d6ab3f7d6034fa63ec3e6dd43add5c54ca3f83107f42a3b19e64bc9720a,0b000000200000002100000000000000,,,,,False,,,,,,,,,,False,False
/application/zukanlist/zkn_data/zukan_enc_diamond.narc,/application/zukanlist/zkn_data/zukan_enc_diamond.narc!/member_02695,0,/application/zukanlist/zkn_data/zukan_enc_diamond.narc,91,2695,,56268,56272,16584,16588,4,df3f619804a92fdb4057192dc43dd748ea778adc52bc498ce80524c014b81119,00000000,,,,,False,,,,,,,,,,False,False
/application/zukanlist/zkn_data/zukan_enc_diamond.narc,/application/zukanlist/zkn_data/zukan_enc_diamond.narc!/member_02696,0,/application/zukanlist/zkn_data/zukan_enc_diamond.narc,91,2696,,56272,56276,16588,16592,4,df3f619804a92fdb4057192dc43dd748ea778adc52bc498ce80524c014b81119,00000000,,,,,False,,,,,,,,,,False,False
/application/zukanlist/zkn_data/zukan_enc_diamond.narc,/application/zukanlist/zkn_data/zukan_enc_diamond.narc!/member_02697,0,/application/zukanlist/zkn_data/zukan_enc_diamond.narc,91,2697,,56276,56280,16592,16596,4,df3f619804a92fdb4057192dc43dd748ea778adc52bc498ce80524c014b81119,00000000,,,,,False,,,,,,,,,,False,False
/application/zukanlist/zkn_data/zukan_enc_diamond.narc,/application/zukanlist/zkn_data/zukan_enc_diamond.narc!/member_02698,0,/application/zukanlist/zkn_data/zukan_enc_diamond.narc,91,2698,,56280,56284,16596,16600,4,df3f619804a92fdb4057192dc43dd748ea778adc52bc498ce80524c014b81119,00000000,,,,,False,,,,,,,,,,False,False
/application/zukanlist/zkn_data/zukan_enc_diamond.narc,/application/zukanlist/zkn_data/zukan_enc_diamond.narc!/member_02699,0,/application/zukanlist/zkn_data/zukan_enc_diamond.narc,91,2699,,56284,56288,16600,16604,4,df3f619804a92fdb4057192dc43dd748ea778adc52bc498ce80524c014b81119,00000000,,,,,False,,,,,,,,,,False,False
/application/zukanlist/zkn_data/zukan_enc_diamond.narc,/application/zukanlist/zkn_data/zukan_enc_diamond.narc!/member_02700,0,/application/zukanlist/zkn_data/zukan_enc_diamond.narc,91,2700,,56288,56292,16604,16608,4,df3f619804a92fdb4057192dc43dd748ea778adc52bc498ce80524c014b81119,00000000,,,,,False,,,,,,,,,,False,False
/application/zukanlist/zkn_data/zukan_enc_diamond.narc,/application/zukanlist/zkn_data/zukan_enc_diamond.narc!/member_02701,0,/application/zukanlist/zkn_data/zukan_enc_diamond.narc,91,2701,,56292,56296,16608,16612,4,df3f619804a92fdb4057192dc43dd748ea778adc52bc498ce80524c014b81119,00000000,,,,,False,,,,,,,,,,False,False
/application/zukanlist/zkn_data/zukan_enc_diamond.narc,/application/zukanlist/zkn_data/zukan_enc_diamond.narc!/member_02702,0,/application/zukanlist/zkn_data/zukan_enc_diamond.narc,91,2702,,56296,56332,16612,16648,36,cadeafb12564306eb1cc75af88669b61eacf792790937f389754763cdc5cc940,0300000004000000050000001d000000,,,,,False,,,,,,,,,,False,False
/application/zukanlist/zkn_data/zukan_enc_diamond.narc,/application/zukanlist/zkn_data/zukan_enc_diamond.narc!/member_02703,0,/application/zukanlist/zkn_data/zukan_enc_diamond.narc,91,2703,,56332,56368,16648,16684,36,cadeafb12564306eb1cc75af88669b61eacf792790937f389754763cdc5cc940,0300000004000000050000001d000000,,,,,False,,,,,,,,,,False,False
/application/zukanlist/zkn_data/zukan_enc_diamond.narc,/application/zukanlist/zkn_data/zukan_enc_diamond.narc!/member_02704,0,/application/zukanlist/zkn_data/zukan_enc_diamond.narc,91,2704,,56368,56372,16684,16688,4,df3f619804a92fdb4057192dc43dd748ea778adc52bc498ce80524c014b81119,00000000,,,,,False,,,,,,,,,,False,False
/application/zukanlist/zkn_data/zukan_enc_diamond.narc,/application/zukanlist/zkn_data/zukan_enc_diamond.narc!/member_02705,0,/application/zukanlist/zkn_data/zukan_enc_diamond.narc,91,2705,,56372,56376,16688,16692,4,df3f619804a92fdb4057192dc43dd748ea778adc52bc498ce80524c014b81119,00000000,,,,,False,,,,,,,,,,False,False
/application/zukanlist/zkn_data/zukan_enc_diamond.narc,/application/zukanlist/zkn_data/zukan_enc_diamond.narc!/member_02706,0,/application/zukanlist/zkn_data/zukan_enc_diamond.narc,91,2706,,56376,56388,16692,16704,12,82845f601ec6f67c6123951adc94a3a015e24cb0ab292fb289695e981c4a6a7a,080000002800000000000000,,,,,False,,,,,,,,,,False,False
/application/zukanlist/zkn_data/zukan_enc_diamond.narc,/application/zukanlist/zkn_data/zukan_enc_diamond.narc!/member_02707,0,/application/zukanlist/zkn_data/zukan_enc_diamond.narc,91,2707,,56388,56392,16704,16708,4,df3f619804a92fdb4057192dc43dd748ea778adc52bc498ce80524c014b81119,00000000,,,,,False,,,,,,,,,,False,False
/application/zukanlist/zkn_data/zukan_enc_diamond.narc,/application/zukanlist/zkn_data/zukan_enc_diamond.narc!/member_02708,0,/application/zukanlist/zkn_data/zukan_enc_diamond.narc,91,2708,,56392,56396,16708,16712,4,df3f619804a92fdb4057192dc43dd748ea778adc52bc498ce80524c014b81119,00000000,,,,,False,,,,,,,,,,False,False
/application/zukanlist/zkn_data/zukan_enc_diamond.narc,/application/zukanlist/zkn_data/zukan_enc_diamond.narc!/member_02709,0,/application/zukanlist/zkn_data/zukan_enc_diamond.narc,91,2709,,56396,56400,16712,16716,4,df3f619804a92fdb4057192dc43dd748ea778adc52bc498ce80524c014b81119,00000000,,,,,False,,,,,,,,,,False,False
/application/zukanlist/zkn_data/zukan_enc_diamond.narc,/application/zukanlist/zkn_data/zukan_enc_diamond.narc!/member_02710,0,/application/zukanlist/zkn_data/zukan_enc_diamond.narc,91,2710,,56400,56404,16716,16720,4,df3f619804a92fdb4057192dc43dd748ea778adc52bc498ce80524c014b81119,00000000,,,,,False,,,,,,,,,,False,False
/application/zukanlist/zkn_data/zukan_enc_diamond.narc,/application/zukanlist/zkn_data/zukan_enc_diamond.narc!/member_02711,0,/application/zukanlist/zkn_data/zukan_enc_diamond.narc,91,2711,,56404,56408,16720,16724,4,df3f619804a92fdb4057192dc43dd748ea778adc52bc498ce80524c014b81119,00000000,,,,,False,,,,,,,,,,False,False
/application/zukanlist/zkn_data/zukan_enc_diamond.narc,/application/zukanlist/zkn_data/zukan_enc_diamond.narc!/member_02712,0,/application/zukanlist/zkn_data/zukan_enc_diamond.narc,91,2712,,56408,56412,16724,16728,4,df3f619804a92fdb4057192dc43dd748ea778adc52bc498ce80524c014b81119,00000000,,,,,False,,,,,,,,,,False,False
/application/zukanlist/zkn_data/zukan_enc_diamond.narc,/application/zukanlist/zkn_data/zukan_enc_diamond.narc!/member_02713,0,/application/zukanlist/zkn_data/zukan_enc_diamond.narc,91,2713,,56412,56416,16728,16732,4,df3f619804a92fdb4057192dc43dd748ea778adc52bc498ce80524c014b81119,00000000,,,,,False,,,,,,,,,,False,False
/application/zukanlist/zkn_data/zukan_enc_diamond.narc,/application/zukanlist/zkn_data/zukan_enc_diamond.narc!/member_02714,0,/application/zukanlist/zkn_data/zukan_enc_diamond.narc,91,2714,,56416,56420,16732,16736,4,df3f619804a92fdb4057192dc43dd748ea778adc52bc498ce80524c014b81119,00000000,,,,,False,,,,,,,,,,False,False
/application/zukanlist/zkn_data/zukan_enc_diamond.narc,/application/zukanlist/zkn_data/zukan_enc_diamond.narc!/member_02715,0,/application/zukanlist/zkn_data/zukan_enc_diamond.narc,91,2715,,56420,56424,16736,16740,4,df3f619804a92fdb4057192dc43dd748ea778adc52bc498ce80524c014b81119,00000000,,,,,False,,,,,,,,,,False,False
/application/zukanlist/zkn_data/zukan_enc_diamond.narc,/application/zukanlist/zkn_data/zukan_enc_diamond.narc!/member_02716,0,/application/zukanlist/zkn_data/zukan_enc_diamond.narc,91,2716,,56424,56428,16740,16744,4,df3f619804a92fdb4057192dc43dd748ea778adc52bc498ce80524c014b81119,00000000,,,,,False,,,,,,,,,,False,False
/application/zukanlist/zkn_data/zukan_enc_diamond.narc,/application/zukanlist/zkn_data/zukan_enc_diamond.narc!/member_02717,0,/application/zukanlist/zkn_data/zukan_enc_diamond.narc,91,2717,,56428,56432,16744,16748,4,df3f619804a92fdb4057192dc43dd748ea778adc52bc498ce80524c014b81119,00000000,,,,,False,,,,,,,,,,False,False
/application/zukanlist/zkn_data/zukan_enc_diamond.narc,/application/zukanlist/zkn_data/zukan_enc_diamond.narc!/member_02718,0,/application/zukanlist/zkn_data/zukan_enc_diamond.narc,91,2718,,56432,56436,16748,16752,4,df3f619804a92fdb4057192dc43dd748ea778adc52bc498ce80524c014b81119,00000000,,,,,False,,,,,,,,,,False,False
/application/zukanlist/zkn_data/zukan_enc_diamond.narc,/application/zukanlist/zkn_data/zukan_enc_diamond.narc!/member_02719,0,/application/zukanlist/zkn_data/zukan_enc_diamond.narc,91,2719,,56436,56440,16752,16756,4,df3f619804a92fdb4057192dc43dd748ea778adc52bc498ce80524c014b81119,00000000,,,,,False,,,,,,,,,,False,False
/application/zukanlist/zkn_data/zukan_enc_diamond.narc,/application/zukanlist/zkn_data/zukan_enc_diamond.narc!/member_02720,0,/application/zukanlist/zkn_data/zukan_enc_diamond.narc,91,2720,,56440,56444,16756,16760,4,df3f619804a92fdb4057192dc43dd748ea778adc52bc498ce80524c014b81119,00000000,,,,,False,,,,,,,,,,False,False
/application/zukanlist/zkn_data/zukan_enc_diamond.narc,/application/zukanlist/zkn_data/zukan_enc_diamond.narc!/member_02721,0,/application/zukanlist/zkn_data/zukan_enc_diamond.narc,91,2721,,56444,56448,16760,16764,4,df3f619804a92fdb4057192dc43dd748ea778adc52bc498ce80524c014b81119,00000000,,,,,False,,,,,,,,,,False,False
/application/zukanlist/zkn_data/zukan_enc_diamond.narc,/application/zukanlist/zkn_data/zukan_enc_diamond.narc!/member_02722,0,/application/zukanlist/zkn_data/zukan_enc_diamond.narc,91,2722,,56448,56452,16764,16768,4,df3f619804a92fdb4057192dc43dd748ea778adc52bc498ce80524c014b81119,00000000,,,,,False,,,,,,,,,,False,False
/application/zukanlist/zkn_data/zukan_enc_diamond.narc,/application/zukanlist/zkn_data/zukan_enc_diamond.narc!/member_02723,0,/application/zukanlist/zkn_data/zukan_enc_diamond.narc,91,2723,,56452,56456,16768,16772,4,df3f619804a92fdb4057192dc43dd748ea778adc52bc498ce80524c014b81119,00000000,,,,,False,,,,,,,,,,False,False
/application/zukanlist/zkn_data/zukan_enc_diamond.narc,/application/zukanlist/zkn_data/zukan_enc_diamond.narc!/member_02724,0,/application/zukanlist/zkn_data/zukan_enc_diamond.narc,91,2724,,56456,56460,16772,16776,4,df3f619804a92fdb4057192dc43dd748ea778adc52bc498ce80524c014b81119,00000000,,,,,False,,,,,,,,,,False,False
/application/zukanlist/zkn_data/zukan_enc_diamond.narc,/application/zukanlist/zkn_data/zukan_enc_diamond.narc!/member_02725,0,/application/zukanlist/zkn_data/zukan_enc_diamond.narc,91,2725,,56460,56464,16776,16780,4,df3f619804a92fdb4057192dc43dd748ea778adc52bc498ce80524c014b81119,00000000,,,,,False,,,,,,,,,,False,False
/application/zukanlist/zkn_data/zukan_enc_diamond.narc,/application/zukanlist/zkn_data/zukan_enc_diamond.narc!/member_02726,0,/application/zukanlist/zkn_data/zukan_enc_diamond.narc,91,2726,,56464,56468,16780,16784,4,df3f619804a92fdb4057192dc43dd748ea778adc52bc498ce80524c014b81119,00000000,,,,,False,,,,,,,,,,False,False
/application/zukanlist/zkn_data/zukan_enc_diamond.narc,/application/zukanlist/zkn_data/zukan_enc_diamond.narc!/member_02727,0,/application/zukanlist/zkn_data/zukan_enc_diamond.narc,91,2727,,56468,56472,16784,16788,4,df3f619804a92fdb4057192dc43dd748ea778adc52bc498ce80524c014b81119,00000000,,,,,False,,,,,,,,,,False,False
/application/zukanlist/zkn_data/zukan_enc_diamond.narc,/application/zukanlist/zkn_data/zukan_enc_diamond.narc!/member_02728,0,/application/zukanlist/zkn_data/zukan_enc_diamond.narc,91,2728,,56472,56476,16788,16792,4,df3f619804a92fdb4057192dc43dd748ea778adc52bc498ce80524c014b81119,00000000,,,,,False,,,,,,,,,,False,False
/application/zukanlist/zkn_data/zukan_enc_diamond.narc,/application/zukanlist/zkn_data/zukan_enc_diamond.narc!/member_02729,0,/application/zukanlist/zkn_data/zukan_enc_diamond.narc,91,2729,,56476,56480,16792,16796,4,df3f619804a92fdb4057192dc43dd748ea778adc52bc498ce80524c014b81119,00000000,,,,,False,,,,,,,,,,False,False
/application/zukanlist/zkn_data/zukan_enc_diamond.narc,/application/zukanlist/zkn_data/zukan_enc_diamond.narc!/member_02730,0,/application/zukanlist/zkn_data/zukan_enc_diamond.narc,91,2730,,56480,56484,16796,16800,4,df3f619804a92fdb4057192dc43dd748ea778adc52bc498ce80524c014b81119,00000000,,,,,False,,,,,,,,,,False,False
/application/zukanlist/zkn_data/zukan_enc_diamond.narc,/application/zukanlist/zkn_data/zukan_enc_diamond.narc!/member_02731,0,/application/zukanlist/zkn_data/zukan_enc_diamond.narc,91,2731,,56484,56488,16800,16804,4,df3f619804a92fdb4057192dc43dd748ea778adc52bc498ce80524c014b81119,00000000,,,,,False,,,,,,,,,,False,False
/application/zukanlist/zkn_data/zukan_enc_diamond.narc,/application/zukanlist/zkn_data/zukan_enc_diamond.narc!/member_02732,0,/application/zukanlist/zkn_data/zukan_enc_diamond.narc,91,2732,,56488,56492,16804,16808,4,df3f619804a92fdb4057192dc43dd748ea778adc52bc498ce80524c014b81119,00000000,,,,,False,,,,,,,,,,False,False
/application/zukanlist/zkn_data/zukan_enc_diamond.narc,/application/zukanlist/zkn_data/zukan_enc_diamond.narc!/member_02733,0,/application/zukanlist/zkn_data/zukan_enc_diamond.narc,91,2733,,56492,56496,16808,16812,4,df3f619804a92fdb4057192dc43dd748ea778adc52bc498ce80524c014b81119,00000000,,,,,False,,,,,,,,,,False,False
/application/zukanlist/zkn_data/zukan_enc_diamond.narc,/application/zukanlist/zkn_data/zukan_enc_diamond.narc!/member_02734,0,/application/zukanlist/zkn_data/zukan_enc_diamond.narc,91,2734,,56496,56500,16812,16816,4,df3f619804a92fdb4057192dc43dd748ea778adc52bc498ce80524c014b81119,00000000,,,,,False,,,,,,,,,,False,False
/application/zukanlist/zkn_data/zukan_enc_diamond.narc,/application/zukanlist/zkn_data/zukan_enc_diamond.narc!/member_02735,0,/application/zukanlist/zkn_data/zukan_enc_diamond.narc,91,2735,,56500,56504,16816,16820,4,df3f619804a92fdb4057192dc43dd748ea778adc52bc498ce80524c014b81119,00000000,,,,,False,,,,,,,,,,False,False
/application/zukanlist/zkn_data/zukan_enc_diamond.narc,/application/zukanlist/zkn_data/zukan_enc_diamond.narc!/member_02736,0,/application/zukanlist/zkn_data/zukan_enc_diamond.narc,91,2736,,56504,56508,16820,16824,4,df3f619804a92fdb4057192dc43dd748ea778adc52bc498ce80524c014b81119,00000000,,,,,False,,,,,,,,,,False,False
/application/zukanlist/zkn_data/zukan_enc_diamond.narc,/application/zukanlist/zkn_data/zukan_enc_diamond.narc!/member_02737,0,/application/zukanlist/zkn_data/zukan_enc_diamond.narc,91,2737,,56508,56512,16824,16828,4,df3f619804a92fdb4057192dc43dd748ea778adc52bc498ce80524c014b81119,00000000,,,,,False,,,,,,,,,,False,False
/application/zukanlist/zkn_data/zukan_enc_diamond.narc,/application/zukanlist/zkn_data/zukan_enc_diamond.narc!/member_02738,0,/application/zukanlist/zkn_data/zukan_enc_diamond.narc,91,2738,,56512,56516,16828,16832,4,df3f619804a92fdb4057192dc43dd748ea778adc52bc498ce80524c014b81119,00000000,,,,,False,,,,,,,,,,False,False
/application/zukanlist/zkn_data/zukan_enc_diamond.narc,/application/zukanlist/zkn_data/zukan_enc_diamond.narc!/member_02739,0,/application/zukanlist/zkn_data/zukan_enc_diamond.narc,91,2739,,56516,56520,16832,16836,4,df3f619804a92fdb4057192dc43dd748ea778adc52bc498ce80524c014b81119,00000000,,,,,False,,,,,,,,,,False,False
/application/zukanlist/zkn_data/zukan_enc_diamond.narc,/application/zukanlist/zkn_data/zukan_enc_diamond.narc!/member_02740,0,/application/zukanlist/zkn_data/zukan_enc_diamond.narc,91,2740,,56520,56524,16836,16840,4,df3f619804a92fdb4057192dc43dd748ea778adc52bc498ce80524c014b81119,00000000,,,,,False,,,,,,,,,,False,False
/application/zukanlist/zkn_data/zukan_enc_diamond.narc,/application/zukanlist/zkn_data/zukan_enc_diamond.narc!/member_02741,0,/application/zukanlist/zkn_data/zukan_enc_diamond.narc,91,2741,,56524,56528,16840,16844,4,df3f619804a92fdb4057192dc43dd748ea778adc52bc498ce80524c014b81119,00000000,,,,,False,,,,,,,,,,False,False
/application/zukanlist/zkn_data/zukan_enc_diamond.narc,/application/zukanlist/zkn_data/zukan_enc_diamond.narc!/member_02742,0,/application/zukanlist/zkn_data/zukan_enc_diamond.narc,91,2742,,56528,56532,16844,16848,4,df3f619804a92fdb4057192dc43dd748ea778adc52bc498ce80524c014b81119,00000000,,,,,False,,,,,,,,,,False,False
/application/zukanlist/zkn_data/zukan_enc_diamond.narc,/application/zukanlist/zkn_data/zukan_enc_diamond.narc!/member_02743,0,/application/zukanlist/zkn_data/zukan_enc_diamond.narc,91,2743,,56532,56536,16848,16852,4,df3f619804a92fdb4057192dc43dd748ea778adc52bc498ce80524c014b81119,00000000,,,,,False,,,,,,,,,,False,False
/application/zukanlist/zkn_data/zukan_enc_diamond.narc,/application/zukanlist/zkn_data/zukan_enc_diamond.narc!/member_02744,0,/application/zukanlist/zkn_data/zukan_enc_diamond.narc,91,2744,,56536,56540,16852,16856,4,df3f619804a92fdb4057192dc43dd748ea778adc52bc498ce80524c014b81119,00000000,,,,,False,,,,,,,,,,False,False
/application/zukanlist/zkn_data/zukan_enc_diamond.narc,/application/zukanlist/zkn_data/zukan_enc_diamond.narc!/member_02745,0,/application/zukanlist/zkn_data/zukan_enc_diamond.narc,91,2745,,56540,56544,16856,16860,4,df3f619804a92fdb4057192dc43dd748ea778adc52bc498ce80524c014b81119,00000000,,,,,False,,,,,,,,,,False,False
/application/zukanlist/zkn_data/zukan_enc_diamond.narc,/application/zukanlist/zkn_data/zukan_enc_diamond.narc!/member_02746,0,/application/zukanlist/zkn_data/zukan_enc_diamond.narc,91,2746,,56544,56556,16860,16872,12,050e32e2ea97d490444d9b4935c9d5d0832227ef37210dbabec6d29f07bf9805,260000003100000000000000,,,,,False,,,,,,,,,,False,False
/application/zukanlist/zkn_data/zukan_enc_diamond.narc,/application/zukanlist/zkn_data/zukan_enc_diamond.narc!/member_02747,0,/application/zukanlist/zkn_data/zukan_enc_diamond.narc,91,2747,,56556,56560,16872,16876,4,df3f619804a92fdb4057192dc43dd748ea778adc52bc498ce80524c014b81119,00000000,,,,,False,,,,,,,,,,False,False
/application/zukanlist/zkn_data/zukan_enc_diamond.narc,/application/zukanlist/zkn_data/zukan_enc_diamond.narc!/member_02748,0,/application/zukanlist/zkn_data/zukan_enc_diamond.narc,91,2748,,56560,56564,16876,16880,4,df3f619804a92fdb4057192dc43dd748ea778adc52bc498ce80524c014b81119,00000000,,,,,False,,,,,,,,,,False,False
/application/zukanlist/zkn_data/zukan_enc_diamond.narc,/application/zukanlist/zkn_data/zukan_enc_diamond.narc!/member_02749,0,/application/zukanlist/zkn_data/zukan_enc_diamond.narc,91,2749,,56564,56568,16880,16884,4,df3f619804a92fdb4057192dc43dd748ea778adc52bc498ce80524c014b81119,00000000,,,,,False,,,,,,,,,,False,False
/application/zukanlist/zkn_data/zukan_enc_diamond.narc,/application/zukanlist/zkn_data/zukan_enc_diamond.narc!/member_02750,0,/application/zukanlist/zkn_data/zukan_enc_diamond.narc,91,2750,,56568,56572,16884,16888,4,df3f619804a92fdb4057192dc43dd748ea778adc52bc498ce80524c014b81119,00000000,,,,,False,,,,,,,,,,False,False
/application/zukanlist/zkn_data/zukan_enc_diamond.narc,/application/zukanlist/zkn_data/zukan_enc_diamond.narc!/member_02751,0,/application/zukanlist/zkn_data/zukan_enc_diamond.narc,91,2751,,56572,56576,16888,16892,4,df3f619804a92fdb4057192dc43dd748ea778adc52bc498ce80524c014b81119,00000000,,,,,False,,,,,,,,,,False,False
/application/zukanlist/zkn_data/zukan_enc_diamond.narc,/application/zukanlist/zkn_data/zukan_enc_diamond.narc!/member_02752,0,/application/zukanlist/zkn_data/zukan_enc_diamond.narc,91,2752,,56576,56580,16892,16896,4,df3f619804a92fdb4057192dc43dd748ea778adc52bc498ce80524c014b81119,00000000,,,,,False,,,,,,,,,,False,False
/application/zukanlist/zkn_data/zukan_enc_diamond.narc,/application/zukanlist/zkn_data/zukan_enc_diamond.narc!/member_02753,0,/application/zukanlist/zkn_data/zukan_enc_diamond.narc,91,2753,,56580,56584,16896,16900,4,df3f619804a92fdb4057192dc43dd748ea778adc52bc498ce80524c014b81119,00000000,,,,,False,,,,,,,,,,False,False
/application/zukanlist/zkn_data/zukan_enc_diamond.narc,/application/zukanlist/zkn_data/zukan_enc_diamond.narc!/member_02754,0,/application/zukanlist/zkn_data/zukan_enc_diamond.narc,91,2754,,56584,56588,16900,16904,4,df3f619804a92fdb4057192dc43dd748ea778adc52bc498ce80524c014b81119,00000000,,,,,False,,,,,,,,,,False,False
/application/zukanlist/zkn_data/zukan_enc_diamond.narc,/application/zukanlist/zkn_data/zukan_enc_diamond.narc!/member_02755,0,/application/zukanlist/zkn_data/zukan_enc_diamond.narc,91,2755,,56588,56592,16904,16908,4,df3f619804a92fdb4057192dc43dd748ea778adc52bc498ce80524c014b81119,00000000,,,,,False,,,,,,,,,,False,False
/application/zukanlist/zkn_data/zukan_enc_diamond.narc,/application/zukanlist/zkn_data/zukan_enc_diamond.narc!/member_02756,0,/application/zukanlist/zkn_data/zukan_enc_diamond.narc,91,2756,,56592,56596,16908,16912,4,df3f619804a92fdb4057192dc43dd748ea778adc52bc498ce80524c014b81119,00000000,,,,,False,,,,,,,,,,False,False
/application/zukanlist/zkn_data/zukan_enc_diamond.narc,/application/zukanlist/zkn_data/zukan_enc_diamond.narc!/member_02757,0,/application/zukanlist/zkn_data/zukan_enc_diamond.narc,91,2757,,56596,56652,16912,16968,56,3fc78798325f2b1f632959183ef2f670e59ffbdef72f0bccdd7b8576c9839d7b,01000000030000000600000007000000,,,,,False,,,,,,,,,,False,False
/application/zukanlist/zkn_data/zukan_enc_diamond.narc,/application/zukanlist/zkn_data/zukan_enc_diamond.narc!/member_02758,0,/application/zukanlist/zkn_data/zukan_enc_diamond.narc,91,2758,,56652,56732,16968,17048,80,689856d2d95748223950d25bcf08ab3dfe4f2a7f9a640a6b107e1017156626a5,01000000030000000400000005000000,,,,,False,,,,,,,,,,False,False
/application/zukanlist/zkn_data/zukan_enc_diamond.narc,/application/zukanlist/zkn_data/zukan_enc_diamond.narc!/member_02759,0,/application/zukanlist/zkn_data/zukan_enc_diamond.narc,91,2759,,56732,56736,17048,17052,4,df3f619804a92fdb4057192dc43dd748ea778adc52bc498ce80524c014b81119,00000000,,,,,False,,,,,,,,,,False,False
/application/zukanlist/zkn_data/zukan_enc_diamond.narc,/application/zukanlist/zkn_data/zukan_enc_diamond.narc!/member_02760,0,/application/zukanlist/zkn_data/zukan_enc_diamond.narc,91,2760,,56736,56740,17052,17056,4,df3f619804a92fdb4057192dc43dd748ea778adc52bc498ce80524c014b81119,00000000,,,,,False,,,,,,,,,,False,False
/application/zukanlist/zkn_data/zukan_enc_diamond.narc,/application/zukanlist/zkn_data/zukan_enc_diamond.narc!/member_02761,0,/application/zukanlist/zkn_data/zukan_enc_diamond.narc,91,2761,,56740,56744,17056,17060,4,df3f619804a92fdb4057192dc43dd748ea778adc52bc498ce80524c014b81119,00000000,,,,,False,,,,,,,,,,False,False
/application/zukanlist/zkn_data/zukan_enc_diamond.narc,/application/zukanlist/zkn_data/zukan_enc_diamond.narc!/member_02762,0,/application/zukanlist/zkn_data/zukan_enc_diamond.narc,91,2762,,56744,56748,17060,17064,4,df3f619804a92fdb4057192dc43dd748ea778adc52bc498ce80524c014b81119,00000000,,,,,False,,,,,,,,,,False,False
/application/zukanlist/zkn_data/zukan_enc_diamond.narc,/application/zukanlist/zkn_data/zukan_enc_diamond.narc!/member_02763,0,/application/zukanlist/zkn_data/zukan_enc_diamond.narc,91,2763,,56748,56752,17064,17068,4,df3f619804a92fdb4057192dc43dd748ea778adc52bc498ce80524c014b81119,00000000,,,,,False,,,,,,,,,,False,False
/application/zukanlist/zkn_data/zukan_enc_diamond.narc,/application/zukanlist/zkn_data/zukan_enc_diamond.narc!/member_02764,0,/application/zukanlist/zkn_data/zukan_enc_diamond.narc,91,2764,,56752,56756,17068,17072,4,df3f619804a92fdb4057192dc43dd748ea778adc52bc498ce80524c014b81119,00000000,,,,,False,,,,,,,,,,False,False
/application/zukanlist/zkn_data/zukan_enc_diamond.narc,/application/zukanlist/zkn_data/zukan_enc_diamond.narc!/member_02765,0,/application/zukanlist/zkn_data/zukan_enc_diamond.narc,91,2765,,56756,56760,17072,17076,4,df3f619804a92fdb4057192dc43dd748ea778adc52bc498ce80524c014b81119,00000000,,,,,False,,,,,,,,,,False,False
/application/zukanlist/zkn_data/zukan_enc_diamond.narc,/application/zukanlist/zkn_data/zukan_enc_diamond.narc!/member_02766,0,/application/zukanlist/zkn_data/zukan_enc_diamond.narc,91,2766,,56760,56764,17076,17080,4,df3f619804a92fdb4057192dc43dd748ea778adc52bc498ce80524c014b81119,00000000,,,,,False,,,,,,,,,,False,False
/application/zukanlist/zkn_data/zukan_enc_diamond.narc,/application/zukanlist/zkn_data/zukan_enc_diamond.narc!/member_02767,0,/application/zukanlist/zkn_data/zukan_enc_diamond.narc,91,2767,,56764,56768,17080,17084,4,df3f619804a92fdb4057192dc43dd748ea778adc52bc498ce80524c014b81119,00000000,,,,,False,,,,,,,,,,False,False
/application/zukanlist/zkn_data/zukan_enc_diamond.narc,/application/zukanlist/zkn_data/zukan_enc_diamond.narc!/member_02768,0,/application/zukanlist/zkn_data/zukan_enc_diamond.narc,91,2768,,56768,56772,17084,17088,4,df3f619804a92fdb4057192dc43dd748ea778adc52bc498ce80524c014b81119,00000000,,,,,False,,,,,,,,,,False,False
/application/zukanlist/zkn_data/zukan_enc_diamond.narc,/application/zukanlist/zkn_data/zukan_enc_diamond.narc!/member_02769,0,/application/zukanlist/zkn_data/zukan_enc_diamond.narc,91,2769,,56772,56776,17088,17092,4,df3f619804a92fdb4057192dc43dd748ea778adc52bc498ce80524c014b81119,00000000,,,,,False,,,,,,,,,,False,False
/application/zukanlist/zkn_data/zukan_enc_diamond.narc,/application/zukanlist/zkn_data/zukan_enc_diamond.narc!/member_02770,0,/application/zukanlist/zkn_data/zukan_enc_diamond.narc,91,2770,,56776,56780,17092,17096,4,df3f619804a92fdb4057192dc43dd748ea778adc52bc498ce80524c014b81119,00000000,,,,,False,,,,,,,,,,False,False
/application/zukanlist/zkn_data/zukan_enc_diamond.narc,/application/zukanlist/zkn_data/zukan_enc_diamond.narc!/member_02771,0,/application/zukanlist/zkn_data/zukan_enc_diamond.narc,91,2771,,56780,56784,17096,17100,4,df3f619804a92fdb4057192dc43dd748ea778adc52bc498ce80524c014b81119,00000000,,,,,False,,,,,,,,,,False,False
/application/zukanlist/zkn_data/zukan_enc_diamond.narc,/application/zukanlist/zkn_data/zukan_enc_diamond.narc!/member_02772,0,/application/zukanlist/zkn_data/zukan_enc_diamond.narc,91,2772,,56784,56788,17100,17104,4,df3f619804a92fdb4057192dc43dd748ea778adc52bc498ce80524c014b81119,00000000,,,,,False,,,,,,,,,,False,False
/application/zukanlist/zkn_data/zukan_enc_diamond.narc,/application/zukanlist/zkn_data/zukan_enc_diamond.narc!/member_02773,0,/application/zukanlist/zkn_data/zukan_enc_diamond.narc,91,2773,,56788,56792,17104,17108,4,df3f619804a92fdb4057192dc43dd748ea778adc52bc498ce80524c014b81119,00000000,,,,,False,,,,,,,,,,False,False
/application/zukanlist/zkn_data/zukan_enc_diamond.narc,/application/zukanlist/zkn_data/zukan_enc_diamond.narc!/member_02774,0,/application/zukanlist/zkn_data/zukan_enc_diamond.narc,91,2774,,56792,56796,17108,17112,4,df3f619804a92fdb4057192dc43dd748ea778adc52bc498ce80524c014b81119,00000000,,,,,False,,,,,,,,,,False,False
/application/zukanlist/zkn_data/zukan_enc_diamond.narc,/application/zukanlist/zkn_data/zukan_enc_diamond.narc!/member_02775,0,/application/zukanlist/zkn_data/zukan_enc_diamond.narc,91,2775,,56796,56800,17112,17116,4,df3f619804a92fdb4057192dc43dd748ea778adc52bc498ce80524c014b81119,00000000,,,,,False,,,,,,,,,,False,False
/application/zukanlist/zkn_data/zukan_enc_diamond.narc,/application/zukanlist/zkn_data/zukan_enc_diamond.narc!/member_02776,0,/application/zukanlist/zkn_data/zukan_enc_diamond.narc,91,2776,,56800,56804,17116,17120,4,df3f619804a92fdb4057192dc43dd748ea778adc52bc498ce80524c014b81119,00000000,,,,,False,,,,,,,,,,False,False
/application/zukanlist/zkn_data/zukan_enc_diamond.narc,/application/zukanlist/zkn_data/zukan_enc_diamond.narc!/member_02777,0,/application/zukanlist/zkn_data/zukan_enc_diamond.narc,91,2777,,56804,56808,17120,17124,4,df3f619804a92fdb4057192dc43dd748ea778adc52bc498ce80524c014b81119,00000000,,,,,False,,,,,,,,,,False,False
/application/zukanlist/zkn_data/zukan_enc_diamond.narc,/application/zukanlist/zkn_data/zukan_enc_diamond.narc!/member_02778,0,/application/zukanlist/zkn_data/zukan_enc_diamond.narc,91,2778,,56808,56812,17124,17128,4,df3f619804a92fdb4057192dc43dd748ea778adc52bc498ce80524c014b81119,00000000,,,,,False,,,,,,,,,,False,False
/application/zukanlist/zkn_data/zukan_enc_diamond.narc,/application/zukanlist/zkn_data/zukan_enc_diamond.narc!/member_02779,0,/application/zukanlist/zkn_data/zukan_enc_diamond.narc,91,2779,,56812,56816,17128,17132,4,df3f619804a92fdb4057192dc43dd748ea778adc52bc498ce80524c014b81119,00000000,,,,,False,,,,,,,,,,False,False
/application/zukanlist/zkn_data/zukan_enc_diamond.narc,/application/zukanlist/zkn_data/zukan_enc_diamond.narc!/member_02780,0,/application/zukanlist/zkn_data/zukan_enc_diamond.narc,91,2780,,56816,56820,17132,17136,4,df3f619804a92fdb4057192dc43dd748ea778adc52bc498ce80524c014b81119,00000000,,,,,False,,,,,,,,,,False,False
/application/zukanlist/zkn_data/zukan_enc_diamond.narc,/application/zukanlist/zkn_data/zukan_enc_diamond.narc!/member_02781,0,/application/zukanlist/zkn_data/zukan_enc_diamond.narc,91,2781,,56820,56824,17136,17140,4,df3f619804a92fdb4057192dc43dd748ea778adc52bc498ce80524c014b81119,00000000,,,,,False,,,,,,,,,,False,False
/application/zukanlist/zkn_data/zukan_enc_diamond.narc,/application/zukanlist/zkn_data/zukan_enc_diamond.narc!/member_02782,0,/application/zukanlist/zkn_data/zukan_enc_diamond.narc,91,2782,,56824,56828,17140,17144,4,df3f619804a92fdb4057192dc43dd748ea778adc52bc498ce80524c014b81119,00000000,,,,,False,,,,,,,,,,False,False
/application/zukanlist/zkn_data/zukan_enc_diamond.narc,/application/zukanlist/zkn_data/zukan_enc_diamond.narc!/member_02783,0,/application/zukanlist/zkn_data/zukan_enc_diamond.narc,91,2783,,56828,56832,17144,17148,4,df3f619804a92fdb4057192dc43dd748ea778adc52bc498ce80524c014b81119,00000000,,,,,False,,,,,,,,,,False,False
/application/zukanlist/zkn_data/zukan_enc_diamond.narc,/application/zukanlist/zkn_data/zukan_enc_diamond.narc!/member_02784,0,/application/zukanlist/zkn_data/zukan_enc_diamond.narc,91,2784,,56832,56836,17148,17152,4,df3f619804a92fdb4057192dc43dd748ea778adc52bc498ce80524c014b81119,00000000,,,,,False,,,,,,,,,,False,False
/application/zukanlist/zkn_data/zukan_enc_diamond.narc,/application/zukanlist/zkn_data/zukan_enc_diamond.narc!/member_02785,0,/application/zukanlist/zkn_data/zukan_enc_diamond.narc,91,2785,,56836,56840,17152,17156,4,df3f619804a92fdb4057192dc43dd748ea778adc52bc498ce80524c014b81119,00000000,,,,,False,,,,,,,,,,False,False
/application/zukanlist/zkn_data/zukan_enc_diamond.narc,/application/zukanlist/zkn_data/zukan_enc_diamond.narc!/member_02786,0,/application/zukanlist/zkn_data/zukan_enc_diamond.narc,91,2786,,56840,56872,17156,17188,32,b6cd5ee932cb04fe59fc371bc52ec1dcab385d4a4daf44830391745fda862098,0b000000150000001800000019000000,,,,,False,,,,,,,,,,False,False
/application/zukanlist/zkn_data/zukan_enc_diamond.narc,/application/zukanlist/zkn_data/zukan_enc_diamond.narc!/member_02787,0,/application/zukanlist/zkn_data/zukan_enc_diamond.narc,91,2787,,56872,56884,17188,17200,12,ff8fa39a6fbecc40d4d47023620dadc5ce354ccfe16d32f9885b7fe6880a69b1,0b0000002100000000000000,,,,,False,,,,,,,,,,False,False
/application/zukanlist/zkn_data/zukan_enc_diamond.narc,/application/zukanlist/zkn_data/zukan_enc_diamond.narc!/member_02788,0,/application/zukanlist/zkn_data/zukan_enc_diamond.narc,91,2788,,56884,56888,17200,17204,4,df3f619804a92fdb4057192dc43dd748ea778adc52bc498ce80524c014b81119,00000000,,,,,False,,,,,,,,,,False,False
/application/zukanlist/zkn_data/zukan_enc_diamond.narc,/application/zukanlist/zkn_data/zukan_enc_diamond.narc!/member_02789,0,/application/zukanlist/zkn_data/zukan_enc_diamond.narc,91,2789,,56888,56892,17204,17208,4,df3f619804a92fdb4057192dc43dd748ea778adc52bc498ce80524c014b81119,00000000,,,,,False,,,,,,,,,,False,False
/application/zukanlist/zkn_data/zukan_enc_diamond.narc,/application/zukanlist/zkn_data/zukan_enc_diamond.narc!/member_02790,0,/application/zukanlist/zkn_data/zukan_enc_diamond.narc,91,2790,,56892,56896,17208,17212,4,df3f619804a92fdb4057192dc43dd748ea778adc52bc498ce80524c014b81119,00000000,,,,,False,,,,,,,,,,False,False
/application/zukanlist/zkn_data/zukan_enc_diamond.narc,/application/zukanlist/zkn_data/zukan_enc_diamond.narc!/member_02791,0,/application/zukanlist/zkn_data/zukan_enc_diamond.narc,91,2791,,56896,56900,17212,17216,4,df3f619804a92fdb4057192dc43dd748ea778adc52bc498ce80524c014b81119,00000000,,,,,False,,,,,,,,,,False,False
/application/zukanlist/zkn_data/zukan_enc_diamond.narc,/application/zukanlist/zkn_data/zukan_enc_diamond.narc!/member_02792,0,/application/zukanlist/zkn_data/zukan_enc_diamond.narc,91,2792,,56900,56908,17216,17224,8,ed049108bc18f2c64369e8d0ea42850bdd1a7d1dd340cfde716315579702a76c,2a00000000000000,,,,,False,,,,,,,,,,False,False
/application/zukanlist/zkn_data/zukan_enc_diamond.narc,/application/zukanlist/zkn_data/zukan_enc_diamond.narc!/member_02793,0,/application/zukanlist/zkn_data/zukan_enc_diamond.narc,91,2793,,56908,56916,17224,17232,8,ed049108bc18f2c64369e8d0ea42850bdd1a7d1dd340cfde716315579702a76c,2a00000000000000,,,,,False,,,,,,,,,,False,False
/application/zukanlist/zkn_data/zukan_enc_diamond.narc,/application/zukanlist/zkn_data/zukan_enc_diamond.narc!/member_02794,0,/application/zukanlist/zkn_data/zukan_enc_diamond.narc,91,2794,,56916,56944,17232,17260,28,cdbdf29d5655ace538d02c8bf3afc8f97855dfab335c2298aab6a2d906f05bf7,1b0000001c0000002400000026000000,,,,,False,,,,,,,,,,False,False
/application/zukanlist/zkn_data/zukan_enc_diamond.narc,/application/zukanlist/zkn_data/zukan_enc_diamond.narc!/member_02795,0,/application/zukanlist/zkn_data/zukan_enc_diamond.narc,91,2795,,56944,56948,17260,17264,4,df3f619804a92fdb4057192dc43dd748ea778adc52bc498ce80524c014b81119,00000000,,,,,False,,,,,,,,,,False,False
/application/zukanlist/zkn_data/zukan_enc_diamond.narc,/application/zukanlist/zkn_data/zukan_enc_diamond.narc!/member_02796,0,/application/zukanlist/zkn_data/zukan_enc_diamond.narc,91,2796,,56948,56952,17264,17268,4,df3f619804a92fdb4057192dc43dd748ea778adc52bc498ce80524c014b81119,00000000,,,,,False,,,,,,,,,,False,False
/application/zukanlist/zkn_data/zukan_enc_diamond.narc,/application/zukanlist/zkn_data/zukan_enc_diamond.narc!/member_02797,0,/application/zukanlist/zkn_data/zukan_enc_diamond.narc,91,2797,,56952,56956,17268,17272,4,df3f619804a92fdb4057192dc43dd748ea778adc52bc498ce80524c014b81119,00000000,,,,,False,,,,,,,,,,False,False
/application/zukanlist/zkn_data/zukan_enc_diamond.narc,/application/zukanlist/zkn_data/zukan_enc_diamond.narc!/member_02798,0,/application/zukanlist/zkn_data/zukan_enc_diamond.narc,91,2798,,56956,56968,17272,17284,12,c87507bb5df2a6725e4fea5c9002e6687f8122c71788e48c6e7f64bf56aeb1d2,1d0000002500000000000000,,,,,False,,,,,,,,,,False,False
/application/zukanlist/zkn_data/zukan_enc_diamond.narc,/application/zukanlist/zkn_data/zukan_enc_diamond.narc!/member_02799,0,/application/zukanlist/zkn_data/zukan_enc_diamond.narc,91,2799,,56968,56980,17284,17296,12,7e235b4cce195b0330d1d32cde3de7062144cfee910f0d16de759341168eff84,2f0000003100000000000000,,,,,False,,,,,,,,,,False,False
/application/zukanlist/zkn_data/zukan_enc_diamond.narc,/application/zukanlist/zkn_data/zukan_enc_diamond.narc!/member_02800,0,/application/zukanlist/zkn_data/zukan_enc_diamond.narc,91,2800,,56980,56992,17296,17308,12,7e235b4cce195b0330d1d32cde3de7062144cfee910f0d16de759341168eff84,2f0000003100000000000000,,,,,False,,,,,,,,,,False,False
/application/zukanlist/zkn_data/zukan_enc_diamond.narc,/application/zukanlist/zkn_data/zukan_enc_diamond.narc!/member_02801,0,/application/zukanlist/zkn_data/zukan_enc_diamond.narc,91,2801,,56992,57004,17308,17320,12,82845f601ec6f67c6123951adc94a3a015e24cb0ab292fb289695e981c4a6a7a,080000002800000000000000,,,,,False,,,,,,,,,,False,False
/application/zukanlist/zkn_data/zukan_enc_diamond.narc,/application/zukanlist/zkn_data/zukan_enc_diamond.narc!/member_02802,0,/application/zukanlist/zkn_data/zukan_enc_diamond.narc,91,2802,,57004,57016,17320,17332,12,82845f601ec6f67c6123951adc94a3a015e24cb0ab292fb289695e981c4a6a7a,080000002800000000000000,,,,,False,,,,,,,,,,False,False
/application/zukanlist/zkn_data/zukan_enc_diamond.narc,/application/zukanlist/zkn_data/zukan_enc_diamond.narc!/member_02803,0,/application/zukanlist/zkn_data/zukan_enc_diamond.narc,91,2803,,57016,57020,17332,17336,4,df3f619804a92fdb4057192dc43dd748ea778adc52bc498ce80524c014b81119,00000000,,,,,False,,,,,,,,,,False,False
/application/zukanlist/zkn_data/zukan_enc_diamond.narc,/application/zukanlist/zkn_data/zukan_enc_diamond.narc!/member_02804,0,/application/zukanlist/zkn_data/zukan_enc_diamond.narc,91,2804,,57020,57024,17336,17340,4,df3f619804a92fdb4057192dc43dd748ea778adc52bc498ce80524c014b81119,00000000,,,,,False,,,,,,,,,,False,False
/application/zukanlist/zkn_data/zukan_enc_diamond.narc,/application/zukanlist/zkn_data/zukan_enc_diamond.narc!/member_02805,0,/application/zukanlist/zkn_data/zukan_enc_diamond.narc,91,2805,,57024,57028,17340,17344,4,df3f619804a92fdb4057192dc43dd748ea778adc52bc498ce80524c014b81119,00000000,,,,,False,,,,,,,,,,False,False
/application/zukanlist/zkn_data/zukan_enc_diamond.narc,/application/zukanlist/zkn_data/zukan_enc_diamond.narc!/member_02806,0,/application/zukanlist/zkn_data/zukan_enc_diamond.narc,91,2806,,57028,57032,17344,17348,4,df3f619804a92fdb4057192dc43dd748ea778adc52bc498ce80524c014b81119,00000000,,,,,False,,,,,,,,,,False,False
/application/zukanlist/zkn_data/zukan_enc_diamond.narc,/application/zukanlist/zkn_data/zukan_enc_diamond.narc!/member_02807,0,/application/zukanlist/zkn_data/zukan_enc_diamond.narc,91,2807,,57032,57036,17348,17352,4,df3f619804a92fdb4057192dc43dd748ea778adc52bc498ce80524c014b81119,00000000,,,,,False,,,,,,,,,,False,False
/application/zukanlist/zkn_data/zukan_enc_diamond.narc,/application/zukanlist/zkn_data/zukan_enc_diamond.narc!/member_02808,0,/application/zukanlist/zkn_data/zukan_enc_diamond.narc,91,2808,,57036,57040,17352,17356,4,df3f619804a92fdb4057192dc43dd748ea778adc52bc498ce80524c014b81119,00000000,,,,,False,,,,,,,,,,False,False
/application/zukanlist/zkn_data/zukan_enc_diamond.narc,/application/zukanlist/zkn_data/zukan_enc_diamond.narc!/member_02809,0,/application/zukanlist/zkn_data/zukan_enc_diamond.narc,91,2809,,57040,57044,17356,17360,4,df3f619804a92fdb4057192dc43dd748ea778adc52bc498ce80524c014b81119,00000000,,,,,False,,,,,,,,,,False,False
/application/zukanlist/zkn_data/zukan_enc_diamond.narc,/application/zukanlist/zkn_data/zukan_enc_diamond.narc!/member_02810,0,/application/zukanlist/zkn_data/zukan_enc_diamond.narc,91,2810,,57044,57052,17360,17368,8,b8282e78d87c2a42f7c0f5b543c0d7760d3fe5a3860a25c20ec57ddaa4d80b81,2900000000000000,,,,,False,,,,,,,,,,False,False
/application/zukanlist/zkn_data/zukan_enc_diamond.narc,/application/zukanlist/zkn_data/zukan_enc_diamond.narc!/member_02811,0,/application/zukanlist/zkn_data/zukan_enc_diamond.narc,91,2811,,57052,57060,17368,17376,8,b8282e78d87c2a42f7c0f5b543c0d7760d3fe5a3860a25c20ec57ddaa4d80b81,2900000000000000,,,,,False,,,,,,,,,,False,False
/application/zukanlist/zkn_data/zukan_enc_diamond.narc,/application/zukanlist/zkn_data/zukan_enc_diamond.narc!/member_02812,0,/application/zukanlist/zkn_data/zukan_enc_diamond.narc,91,2812,,57060,57064,17376,17380,4,df3f619804a92fdb4057192dc43dd748ea778adc52bc498ce80524c014b81119,00000000,,,,,False,,,,,,,,,,False,False
/application/zukanlist/zkn_data/zukan_enc_diamond.narc,/application/zukanlist/zkn_data/zukan_enc_diamond.narc!/member_02813,0,/application/zukanlist/zkn_data/zukan_enc_diamond.narc,91,2813,,57064,57068,17380,17384,4,df3f619804a92fdb4057192dc43dd748ea778adc52bc498ce80524c014b81119,00000000,,,,,False,,,,,,,,,,False,False
/application/zukanlist/zkn_data/zukan_enc_diamond.narc,/application/zukanlist/zkn_data/zukan_enc_diamond.narc!/member_02814,0,/application/zukanlist/zkn_data/zukan_enc_diamond.narc,91,2814,,57068,57072,17384,17388,4,df3f619804a92fdb4057192dc43dd748ea778adc52bc498ce80524c014b81119,00000000,,,,,False,,,,,,,,,,False,False
/application/zukanlist/zkn_data/zukan_enc_diamond.narc,/application/zukanlist/zkn_data/zukan_enc_diamond.narc!/member_02815,0,/application/zukanlist/zkn_data/zukan_enc_diamond.narc,91,2815,,57072,57076,17388,17392,4,df3f619804a92fdb4057192dc43dd748ea778adc52bc498ce80524c014b81119,00000000,,,,,False,,,,,,,,,,False,False
/application/zukanlist/zkn_data/zukan_enc_diamond.narc,/application/zukanlist/zkn_data/zukan_enc_diamond.narc!/member_02816,0,/application/zukanlist/zkn_data/zukan_enc_diamond.narc,91,2816,,57076,57080,17392,17396,4,df3f619804a92fdb4057192dc43dd748ea778adc52bc498ce80524c014b81119,00000000,,,,,False,,,,,,,,,,False,False
/application/zukanlist/zkn_data/zukan_enc_diamond.narc,/application/zukanlist/zkn_data/zukan_enc_diamond.narc!/member_02817,0,/application/zukanlist/zkn_data/zukan_enc_diamond.narc,91,2817,,57080,57084,17396,17400,4,df3f619804a92fdb4057192dc43dd748ea778adc52bc498ce80524c014b81119,00000000,,,,,False,,,,,,,,,,False,False
/application/zukanlist/zkn_data/zukan_enc_diamond.narc,/application/zukanlist/zkn_data/zukan_enc_diamond.narc!/member_02818,0,/application/zukanlist/zkn_data/zukan_enc_diamond.narc,91,2818,,57084,57120,17400,17436,36,164607f1a00c34c5e0539afd6c3b8eee0d3b673465b06523e62e6ddf4d2bfc6f,02000000120000001500000018000000,,,,,False,,,,,,,,,,False,False
/application/zukanlist/zkn_data/zukan_enc_diamond.narc,/application/zukanlist/zkn_data/zukan_enc_diamond.narc!/member_02819,0,/application/zukanlist/zkn_data/zukan_enc_diamond.narc,91,2819,,57120,57156,17436,17472,36,164607f1a00c34c5e0539afd6c3b8eee0d3b673465b06523e62e6ddf4d2bfc6f,02000000120000001500000018000000,,,,,False,,,,,,,,,,False,False
/application/zukanlist/zkn_data/zukan_enc_diamond.narc,/application/zukanlist/zkn_data/zukan_enc_diamond.narc!/member_02820,0,/application/zukanlist/zkn_data/zukan_enc_diamond.narc,91,2820,,57156,57164,17472,17480,8,c5b2e76e0be88460999f2083c6197da41daa3732375dabd7f0237c8eec0e395a,2c00000000000000,,,,,False,,,,,,,,,,False,False
/application/zukanlist/zkn_data/zukan_enc_diamond.narc,/application/zukanlist/zkn_data/zukan_enc_diamond.narc!/member_02821,0,/application/zukanlist/zkn_data/zukan_enc_diamond.narc,91,2821,,57164,57172,17480,17488,8,c5b2e76e0be88460999f2083c6197da41daa3732375dabd7f0237c8eec0e395a,2c00000000000000,,,,,False,,,,,,,,,,False,False
/application/zukanlist/zkn_data/zukan_enc_diamond.narc,/application/zukanlist/zkn_data/zukan_enc_diamond.narc!/member_02822,0,/application/zukanlist/zkn_data/zukan_enc_diamond.narc,91,2822,,57172,57176,17488,17492,4,df3f619804a92fdb4057192dc43dd748ea778adc52bc498ce80524c014b81119,00000000,,,,,False,,,,,,,,,,False,False
/application/zukanlist/zkn_data/zukan_enc_diamond.narc,/application/zukanlist/zkn_data/zukan_enc_diamond.narc!/member_02823,0,/application/zukanlist/zkn_data/zukan_enc_diamond.narc,91,2823,,57176,57180,17492,17496,4,df3f619804a92fdb4057192dc43dd748ea778adc52bc498ce80524c014b81119,00000000,,,,,False,,,,,,,,,,False,False
/application/zukanlist/zkn_data/zukan_enc_diamond.narc,/application/zukanlist/zkn_data/zukan_enc_diamond.narc!/member_02824,0,/application/zukanlist/zkn_data/zukan_enc_diamond.narc,91,2824,,57180,57184,17496,17500,4,df3f619804a92fdb4057192dc43dd748ea778adc52bc498ce80524c014b81119,00000000,,,,,False,,,,,,,,,,False,False
/application/zukanlist/zkn_data/zukan_enc_diamond.narc,/application/zukanlist/zkn_data/zukan_enc_diamond.narc!/member_02825,0,/application/zukanlist/zkn_data/zukan_enc_diamond.narc,91,2825,,57184,57188,17500,17504,4,df3f619804a92fdb4057192dc43dd748ea778adc52bc498ce80524c014b81119,00000000,,,,,False,,,,,,,,,,False,False
/application/zukanlist/zkn_data/zukan_enc_diamond.narc,/application/zukanlist/zkn_data/zukan_enc_diamond.narc!/member_02826,0,/application/zukanlist/zkn_data/zukan_enc_diamond.narc,91,2826,,57188,57192,17504,17508,4,df3f619804a92fdb4057192dc43dd748ea778adc52bc498ce80524c014b81119,00000000,,,,,False,,,,,,,,,,False,False
/application/zukanlist/zkn_data/zukan_enc_diamond.narc,/application/zukanlist/zkn_data/zukan_enc_diamond.narc!/member_02827,0,/application/zukanlist/zkn_data/zukan_enc_diamond.narc,91,2827,,57192,57196,17508,17512,4,df3f619804a92fdb4057192dc43dd748ea778adc52bc498ce80524c014b81119,00000000,,,,,False,,,,,,,,,,False,False
/application/zukanlist/zkn_data/zukan_enc_diamond.narc,/application/zukanlist/zkn_data/zukan_enc_diamond.narc!/member_02828,0,/application/zukanlist/zkn_data/zukan_enc_diamond.narc,91,2828,,57196,57200,17512,17516,4,df3f619804a92fdb4057192dc43dd748ea778adc52bc498ce80524c014b81119,00000000,,,,,False,,,,,,,,,,False,False
/application/zukanlist/zkn_data/zukan_enc_diamond.narc,/application/zukanlist/zkn_data/zukan_enc_diamond.narc!/member_02829,0,/application/zukanlist/zkn_data/zukan_enc_diamond.narc,91,2829,,57200,57204,17516,17520,4,df3f619804a92fdb4057192dc43dd748ea778adc52bc498ce80524c014b81119,00000000,,,,,False,,,,,,,,,,False,False
/application/zukanlist/zkn_data/zukan_enc_diamond.narc,/application/zukanlist/zkn_data/zukan_enc_diamond.narc!/member_02830,0,/application/zukanlist/zkn_data/zukan_enc_diamond.narc,91,2830,,57204,57208,17520,17524,4,df3f619804a92fdb4057192dc43dd748ea778adc52bc498ce80524c014b81119,00000000,,,,,False,,,,,,,,,,False,False
/application/zukanlist/zkn_data/zukan_enc_diamond.narc,/application/zukanlist/zkn_data/zukan_enc_diamond.narc!/member_02831,0,/application/zukanlist/zkn_data/zukan_enc_diamond.narc,91,2831,,57208,57212,17524,17528,4,df3f619804a92fdb4057192dc43dd748ea778adc52bc498ce80524c014b81119,00000000,,,,,False,,,,,,,,,,False,False
/application/zukanlist/zkn_data/zukan_enc_diamond.narc,/application/zukanlist/zkn_data/zukan_enc_diamond.narc!/member_02832,0,/application/zukanlist/zkn_data/zukan_enc_diamond.narc,91,2832,,57212,57216,17528,17532,4,df3f619804a92fdb4057192dc43dd748ea778adc52bc498ce80524c014b81119,00000000,,,,,False,,,,,,,,,,False,False
/application/zukanlist/zkn_data/zukan_enc_diamond.narc,/application/zukanlist/zkn_data/zukan_enc_diamond.narc!/member_02833,0,/application/zukanlist/zkn_data/zukan_enc_diamond.narc,91,2833,,57216,57220,17532,17536,4,df3f619804a92fdb4057192dc43dd748ea778adc52bc498ce80524c014b81119,00000000,,,,,False,,,,,,,,,,False,False
/application/zukanlist/zkn_data/zukan_enc_diamond.narc,/application/zukanlist/zkn_data/zukan_enc_diamond.narc!/member_02834,0,/application/zukanlist/zkn_data/zukan_enc_diamond.narc,91,2834,,57220,57224,17536,17540,4,df3f619804a92fdb4057192dc43dd748ea778adc52bc498ce80524c014b81119,00000000,,,,,False,,,,,,,,,,False,False
/application/zukanlist/zkn_data/zukan_enc_diamond.narc,/application/zukanlist/zkn_data/zukan_enc_diamond.narc!/member_02835,0,/application/zukanlist/zkn_data/zukan_enc_diamond.narc,91,2835,,57224,57228,17540,17544,4,df3f619804a92fdb4057192dc43dd748ea778adc52bc498ce80524c014b81119,00000000,,,,,False,,,,,,,,,,False,False
/application/zukanlist/zkn_data/zukan_enc_diamond.narc,/application/zukanlist/zkn_data/zukan_enc_diamond.narc!/member_02836,0,/application/zukanlist/zkn_data/zukan_enc_diamond.narc,91,2836,,57228,57232,17544,17548,4,df3f619804a92fdb4057192dc43dd748ea778adc52bc498ce80524c014b81119,00000000,,,,,False,,,,,,,,,,False,False
/application/zukanlist/zkn_data/zukan_enc_diamond.narc,/application/zukanlist/zkn_data/zukan_enc_diamond.narc!/member_02837,0,/application/zukanlist/zkn_data/zukan_enc_diamond.narc,91,2837,,57232,57236,17548,17552,4,df3f619804a92fdb4057192dc43dd748ea778adc52bc498ce80524c014b81119,00000000,,,,,False,,,,,,,,,,False,False
/application/zukanlist/zkn_data/zukan_enc_diamond.narc,/application/zukanlist/zkn_data/zukan_enc_diamond.narc!/member_02838,0,/application/zukanlist/zkn_data/zukan_enc_diamond.narc,91,2838,,57236,57240,17552,17556,4,df3f619804a92fdb4057192dc43dd748ea778adc52bc498ce80524c014b81119,00000000,,,,,False,,,,,,,,,,False,False
/application/zukanlist/zkn_data/zukan_enc_diamond.narc,/application/zukanlist/zkn_data/zukan_enc_diamond.narc!/member_02839,0,/application/zukanlist/zkn_data/zukan_enc_diamond.narc,91,2839,,57240,57244,17556,17560,4,df3f619804a92fdb4057192dc43dd748ea778adc52bc498ce80524c014b81119,00000000,,,,,False,,,,,,,,,,False,False
/application/zukanlist/zkn_data/zukan_enc_diamond.narc,/application/zukanlist/zkn_data/zukan_enc_diamond.narc!/member_02840,0,/application/zukanlist/zkn_data/zukan_enc_diamond.narc,91,2840,,57244,57248,17560,17564,4,df3f619804a92fdb4057192dc43dd748ea778adc52bc498ce80524c014b81119,00000000,,,,,False,,,,,,,,,,False,False
/application/zukanlist/zkn_data/zukan_enc_diamond.narc,/application/zukanlist/zkn_data/zukan_enc_diamond.narc!/member_02841,0,/application/zukanlist/zkn_data/zukan_enc_diamond.narc,91,2841,,57248,57252,17564,17568,4,df3f619804a92fdb4057192dc43dd748ea778adc52bc498ce80524c014b81119,00000000,,,,,False,,,,,,,,,,False,False
/application/zukanlist/zkn_data/zukan_enc_diamond.narc,/application/zukanlist/zkn_data/zukan_enc_diamond.narc!/member_02842,0,/application/zukanlist/zkn_data/zukan_enc_diamond.narc,91,2842,,57252,57256,17568,17572,4,df3f619804a92fdb4057192dc43dd748ea778adc52bc498ce80524c014b81119,00000000,,,,,False,,,,,,,,,,False,False
/application/zukanlist/zkn_data/zukan_enc_diamond.narc,/application/zukanlist/zkn_data/zukan_enc_diamond.narc!/member_02843,0,/application/zukanlist/zkn_data/zukan_enc_diamond.narc,91,2843,,57256,57260,17572,17576,4,df3f619804a92fdb4057192dc43dd748ea778adc52bc498ce80524c014b81119,00000000,,,,,False,,,,,,,,,,False,False
/application/zukanlist/zkn_data/zukan_enc_diamond.narc,/application/zukanlist/zkn_data/zukan_enc_diamond.narc!/member_02844,0,/application/zukanlist/zkn_data/zukan_enc_diamond.narc,91,2844,,57260,57264,17576,17580,4,df3f619804a92fdb4057192dc43dd748ea778adc52bc498ce80524c014b81119,00000000,,,,,False,,,,,,,,,,False,False
/application/zukanlist/zkn_data/zukan_enc_diamond.narc,/application/zukanlist/zkn_data/zukan_enc_diamond.narc!/member_02845,0,/application/zukanlist/zkn_data/zukan_enc_diamond.narc,91,2845,,57264,57276,17580,17592,12,0e5123cdcab5b55d471f84666334ea2caafc364e6076654908840a916089baf5,230000002400000000000000,,,,,False,,,,,,,,,,False,False
/application/zukanlist/zkn_data/zukan_enc_diamond.narc,/application/zukanlist/zkn_data/zukan_enc_diamond.narc!/member_02846,0,/application/zukanlist/zkn_data/zukan_enc_diamond.narc,91,2846,,57276,57280,17592,17596,4,df3f619804a92fdb4057192dc43dd748ea778adc52bc498ce80524c014b81119,00000000,,,,,False,,,,,,,,,,False,False
/application/zukanlist/zkn_data/zukan_enc_diamond.narc,/application/zukanlist/zkn_data/zukan_enc_diamond.narc!/member_02847,0,/application/zukanlist/zkn_data/zukan_enc_diamond.narc,91,2847,,57280,57284,17596,17600,4,df3f619804a92fdb4057192dc43dd748ea778adc52bc498ce80524c014b81119,00000000,,,,,False,,,,,,,,,,False,False
/application/zukanlist/zkn_data/zukan_enc_diamond.narc,/application/zukanlist/zkn_data/zukan_enc_diamond.narc!/member_02848,0,/application/zukanlist/zkn_data/zukan_enc_diamond.narc,91,2848,,57284,57292,17600,17608,8,4779cee98e83f1a1592de4f293107545fabab96772e43de89f3437b35f08938f,3000000000000000,,Nintendo RLE,Probable,,True,Nintendo RLE,Probable,False,0,,,,,,False,False
/application/zukanlist/zkn_data/zukan_enc_diamond.narc,/application/zukanlist/zkn_data/zukan_enc_diamond.narc!/member_02849,0,/application/zukanlist/zkn_data/zukan_enc_diamond.narc,91,2849,,57292,57304,17608,17620,12,a6a9401f7034d0d7fef6168818b10aeaabc3d51087849008b8f157ee3aea3be2,050000002600000000000000,,,,,False,,,,,,,,,,False,False
/application/zukanlist/zkn_data/zukan_enc_diamond.narc,/application/zukanlist/zkn_data/zukan_enc_diamond.narc!/member_02850,0,/application/zukanlist/zkn_data/zukan_enc_diamond.narc,91,2850,,57304,57308,17620,17624,4,df3f619804a92fdb4057192dc43dd748ea778adc52bc498ce80524c014b81119,00000000,,,,,False,,,,,,,,,,False,False
/application/zukanlist/zkn_data/zukan_enc_diamond.narc,/application/zukanlist/zkn_data/zukan_enc_diamond.narc!/member_02851,0,/application/zukanlist/zkn_data/zukan_enc_diamond.narc,91,2851,,57308,57312,17624,17628,4,df3f619804a92fdb4057192dc43dd748ea778adc52bc498ce80524c014b81119,00000000,,,,,False,,,,,,,,,,False,False
/application/zukanlist/zkn_data/zukan_enc_diamond.narc,/application/zukanlist/zkn_data/zukan_enc_diamond.narc!/member_02852,0,/application/zukanlist/zkn_data/zukan_enc_diamond.narc,91,2852,,57312,57316,17628,17632,4,df3f619804a92fdb4057192dc43dd748ea778adc52bc498ce80524c014b81119,00000000,,,,,False,,,,,,,,,,False,False
/application/zukanlist/zkn_data/zukan_enc_diamond.narc,/application/zukanlist/zkn_data/zukan_enc_diamond.narc!/member_02853,0,/application/zukanlist/zkn_data/zukan_enc_diamond.narc,91,2853,,57316,57320,17632,17636,4,df3f619804a92fdb4057192dc43dd748ea778adc52bc498ce80524c014b81119,00000000,,,,,False,,,,,,,,,,False,False
/application/zukanlist/zkn_data/zukan_enc_diamond.narc,/application/zukanlist/zkn_data/zukan_enc_diamond.narc!/member_02854,0,/application/zukanlist/zkn_data/zukan_enc_diamond.narc,91,2854,,57320,57324,17636,17640,4,df3f619804a92fdb4057192dc43dd748ea778adc52bc498ce80524c014b81119,00000000,,,,,False,,,,,,,,,,False,False
/application/zukanlist/zkn_data/zukan_enc_diamond.narc,/application/zukanlist/zkn_data/zukan_enc_diamond.narc!/member_02855,0,/application/zukanlist/zkn_data/zukan_enc_diamond.narc,91,2855,,57324,57328,17640,17644,4,df3f619804a92fdb4057192dc43dd748ea778adc52bc498ce80524c014b81119,00000000,,,,,False,,,,,,,,,,False,False
/application/zukanlist/zkn_data/zukan_enc_diamond.narc,/application/zukanlist/zkn_data/zukan_enc_diamond.narc!/member_02856,0,/application/zukanlist/zkn_data/zukan_enc_diamond.narc,91,2856,,57328,57332,17644,17648,4,df3f619804a92fdb4057192dc43dd748ea778adc52bc498ce80524c014b81119,00000000,,,,,False,,,,,,,,,,False,False
/application/zukanlist/zkn_data/zukan_enc_diamond.narc,/application/zukanlist/zkn_data/zukan_enc_diamond.narc!/member_02857,0,/application/zukanlist/zkn_data/zukan_enc_diamond.narc,91,2857,,57332,57336,17648,17652,4,df3f619804a92fdb4057192dc43dd748ea778adc52bc498ce80524c014b81119,00000000,,,,,False,,,,,,,,,,False,False
/application/zukanlist/zkn_data/zukan_enc_diamond.narc,/application/zukanlist/zkn_data/zukan_enc_diamond.narc!/member_02858,0,/application/zukanlist/zkn_data/zukan_enc_diamond.narc,91,2858,,57336,57340,17652,17656,4,df3f619804a92fdb4057192dc43dd748ea778adc52bc498ce80524c014b81119,00000000,,,,,False,,,,,,,,,,False,False
/application/zukanlist/zkn_data/zukan_enc_diamond.narc,/application/zukanlist/zkn_data/zukan_enc_diamond.narc!/member_02859,0,/application/zukanlist/zkn_data/zukan_enc_diamond.narc,91,2859,,57340,57344,17656,17660,4,df3f619804a92fdb4057192dc43dd748ea778adc52bc498ce80524c014b81119,00000000,,,,,False,,,,,,,,,,False,False
/application/zukanlist/zkn_data/zukan_enc_diamond.narc,/application/zukanlist/zkn_data/zukan_enc_diamond.narc!/member_02860,0,/application/zukanlist/zkn_data/zukan_enc_diamond.narc,91,2860,,57344,57348,17660,17664,4,df3f619804a92fdb4057192dc43dd748ea778adc52bc498ce80524c014b81119,00000000,,,,,False,,,,,,,,,,False,False
/application/zukanlist/zkn_data/zukan_enc_diamond.narc,/application/zukanlist/zkn_data/zukan_enc_diamond.narc!/member_02861,0,/application/zukanlist/zkn_data/zukan_enc_diamond.narc,91,2861,,57348,57352,17664,17668,4,df3f619804a92fdb4057192dc43dd748ea778adc52bc498ce80524c014b81119,00000000,,,,,False,,,,,,,,,,False,False
/application/zukanlist/zkn_data/zukan_enc_diamond.narc,/application/zukanlist/zkn_data/zukan_enc_diamond.narc!/member_02862,0,/application/zukanlist/zkn_data/zukan_enc_diamond.narc,91,2862,,57352,57356,17668,17672,4,df3f619804a92fdb4057192dc43dd748ea778adc52bc498ce80524c014b81119,00000000,,,,,False,,,,,,,,,,False,False
/application/zukanlist/zkn_data/zukan_enc_diamond.narc,/application/zukanlist/zkn_data/zukan_enc_diamond.narc!/member_02863,0,/application/zukanlist/zkn_data/zukan_enc_diamond.narc,91,2863,,57356,57360,17672,17676,4,df3f619804a92fdb4057192dc43dd748ea778adc52bc498ce80524c014b81119,00000000,,,,,False,,,,,,,,,,False,False
/application/zukanlist/zkn_data/zukan_enc_diamond.narc,/application/zukanlist/zkn_data/zukan_enc_diamond.narc!/member_02864,0,/application/zukanlist/zkn_data/zukan_enc_diamond.narc,91,2864,,57360,57364,17676,17680,4,df3f619804a92fdb4057192dc43dd748ea778adc52bc498ce80524c014b81119,00000000,,,,,False,,,,,,,,,,False,False
/application/zukanlist/zkn_data/zukan_enc_diamond.narc,/application/zukanlist/zkn_data/zukan_enc_diamond.narc!/member_02865,0,/application/zukanlist/zkn_data/zukan_enc_diamond.narc,91,2865,,57364,57368,17680,17684,4,df3f619804a92fdb4057192dc43dd748ea778adc52bc498ce80524c014b81119,00000000,,,,,False,,,,,,,,,,False,False
/application/zukanlist/zkn_data/zukan_enc_diamond.narc,/application/zukanlist/zkn_data/zukan_enc_diamond.narc!/member_02866,0,/application/zukanlist/zkn_data/zukan_enc_diamond.narc,91,2866,,57368,57372,17684,17688,4,df3f619804a92fdb4057192dc43dd748ea778adc52bc498ce80524c014b81119,00000000,,,,,False,,,,,,,,,,False,False
/application/zukanlist/zkn_data/zukan_enc_diamond.narc,/application/zukanlist/zkn_data/zukan_enc_diamond.narc!/member_02867,0,/application/zukanlist/zkn_data/zukan_enc_diamond.narc,91,2867,,57372,57376,17688,17692,4,df3f619804a92fdb4057192dc43dd748ea778adc52bc498ce80524c014b81119,00000000,,,,,False,,,,,,,,,,False,False
/application/zukanlist/zkn_data/zukan_enc_diamond.narc,/application/zukanlist/zkn_data/zukan_enc_diamond.narc!/member_02868,0,/application/zukanlist/zkn_data/zukan_enc_diamond.narc,91,2868,,57376,57380,17692,17696,4,df3f619804a92fdb4057192dc43dd748ea778adc52bc498ce80524c014b81119,00000000,,,,,False,,,,,,,,,,False,False
/application/zukanlist/zkn_data/zukan_enc_diamond.narc,/application/zukanlist/zkn_data/zukan_enc_diamond.narc!/member_02869,0,/application/zukanlist/zkn_data/zukan_enc_diamond.narc,91,2869,,57380,57384,17696,17700,4,df3f619804a92fdb4057192dc43dd748ea778adc52bc498ce80524c014b81119,00000000,,,,,False,,,,,,,,,,False,False
/application/zukanlist/zkn_data/zukan_enc_diamond.narc,/application/zukanlist/zkn_data/zukan_enc_diamond.narc!/member_02870,0,/application/zukanlist/zkn_data/zukan_enc_diamond.narc,91,2870,,57384,57388,17700,17704,4,df3f619804a92fdb4057192dc43dd748ea778adc52bc498ce80524c014b81119,00000000,,,,,False,,,,,,,,,,False,False
/application/zukanlist/zkn_data/zukan_enc_diamond.narc,/application/zukanlist/zkn_data/zukan_enc_diamond.narc!/member_02871,0,/application/zukanlist/zkn_data/zukan_enc_diamond.narc,91,2871,,57388,57392,17704,17708,4,df3f619804a92fdb4057192dc43dd748ea778adc52bc498ce80524c014b81119,00000000,,,,,False,,,,,,,,,,False,False
/application/zukanlist/zkn_data/zukan_enc_diamond.narc,/application/zukanlist/zkn_data/zukan_enc_diamond.narc!/member_02872,0,/application/zukanlist/zkn_data/zukan_enc_diamond.narc,91,2872,,57392,57396,17708,17712,4,df3f619804a92fdb4057192dc43dd748ea778adc52bc498ce80524c014b81119,00000000,,,,,False,,,,,,,,,,False,False
/application/zukanlist/zkn_data/zukan_enc_diamond.narc,/application/zukanlist/zkn_data/zukan_enc_diamond.narc!/member_02873,0,/application/zukanlist/zkn_data/zukan_enc_diamond.narc,91,2873,,57396,57400,17712,17716,4,df3f619804a92fdb4057192dc43dd748ea778adc52bc498ce80524c014b81119,00000000,,,,,False,,,,,,,,,,False,False
/application/zukanlist/zkn_data/zukan_enc_diamond.narc,/application/zukanlist/zkn_data/zukan_enc_diamond.narc!/member_02874,0,/application/zukanlist/zkn_data/zukan_enc_diamond.narc,91,2874,,57400,57404,17716,17720,4,df3f619804a92fdb4057192dc43dd748ea778adc52bc498ce80524c014b81119,00000000,,,,,False,,,,,,,,,,False,False
/application/zukanlist/zkn_data/zukan_enc_diamond.narc,/application/zukanlist/zkn_data/zukan_enc_diamond.narc!/member_02875,0,/application/zukanlist/zkn_data/zukan_enc_diamond.narc,91,2875,,57404,57436,17720,17752,32,58e35f8c94f597d29dd53bef00a39388f10fb496032325777eaf4dfdc8831d67,0c0000000d0000000e0000000f000000,,,,,False,,,,,,,,,,False,False
/application/zukanlist/zkn_data/zukan_enc_diamond.narc,/application/zukanlist/zkn_data/zukan_enc_diamond.narc!/member_02876,0,/application/zukanlist/zkn_data/zukan_enc_diamond.narc,91,2876,,57436,57452,17752,17768,16,67c8870d57681806804e19c0f574413890c017fd0c27f177799f147af4fbaa34,0a000000160000001b00000000000000,,,,,False,,,,,,,,,,False,False
/application/zukanlist/zkn_data/zukan_enc_diamond.narc,/application/zukanlist/zkn_data/zukan_enc_diamond.narc!/member_02877,0,/application/zukanlist/zkn_data/zukan_enc_diamond.narc,91,2877,,57452,57456,17768,17772,4,df3f619804a92fdb4057192dc43dd748ea778adc52bc498ce80524c014b81119,00000000,,,,,False,,,,,,,,,,False,False
/application/zukanlist/zkn_data/zukan_enc_diamond.narc,/application/zukanlist/zkn_data/zukan_enc_diamond.narc!/member_02878,0,/application/zukanlist/zkn_data/zukan_enc_diamond.narc,91,2878,,57456,57500,17772,17816,44,58e1dd30dcd45e16a23117b800a6c664f481e0e8f2525affdfc8fa90d1e664c4,060000000c0000000d0000000e000000,,,,,False,,,,,,,,,,False,False
/application/zukanlist/zkn_data/zukan_enc_diamond.narc,/application/zukanlist/zkn_data/zukan_enc_diamond.narc!/member_02879,0,/application/zukanlist/zkn_data/zukan_enc_diamond.narc,91,2879,,57500,57524,17816,17840,24,a541accc6c7fb61ccf5aa160b4a1deecb0addd840ca4246c685336eace93b614,0a000000150000001600000018000000,,,,,False,,,,,,,,,,False,False
/application/zukanlist/zkn_data/zukan_enc_diamond.narc,/application/zukanlist/zkn_data/zukan_enc_diamond.narc!/member_02880,0,/application/zukanlist/zkn_data/zukan_enc_diamond.narc,91,2880,,57524,57552,17840,17868,28,304c20b13e0ccfc42277e352b2acb167a22b5962ef585b8f239826ed9badc303,0d0000000e0000000f00000010000000,,,,,False,,,,,,,,,,False,False
/application/zukanlist/zkn_data/zukan_enc_diamond.narc,/application/zukanlist/zkn_data/zukan_enc_diamond.narc!/member_02881,0,/application/zukanlist/zkn_data/zukan_enc_diamond.narc,91,2881,,57552,57584,17868,17900,32,768ba94465a54897af04b9a4eba8e19a79c1c5c7ec3c39f3e0db478c5a64bbab,0a00000013000000170000001b000000,,,,,False,,,,,,,,,,False,False
/application/zukanlist/zkn_data/zukan_enc_diamond.narc,/application/zukanlist/zkn_data/zukan_enc_diamond.narc!/member_02882,0,/application/zukanlist/zkn_data/zukan_enc_diamond.narc,91,2882,,57584,57608,17900,17924,24,71077adb4ffed066ba29ac8b208fa256bda463c2ab279aadb1e09ca66b26d255,070000000d0000000e0000000f000000,,,,,False,,,,,,,,,,False,False
/application/zukanlist/zkn_data/zukan_enc_diamond.narc,/application/zukanlist/zkn_data/zukan_enc_diamond.narc!/member_02883,0,/application/zukanlist/zkn_data/zukan_enc_diamond.narc,91,2883,,57608,57616,17924,17932,8,aae89fc0f03e2959ae4d701a80cc3915918c950b159f6abb6c92c1433b1a8534,0700000000000000,,,,,False,,,,,,,,,,False,False
/application/zukanlist/zkn_data/zukan_enc_diamond.narc,/application/zukanlist/zkn_data/zukan_enc_diamond.narc!/member_02884,0,/application/zukanlist/zkn_data/zukan_enc_diamond.narc,91,2884,,57616,57620,17932,17936,4,df3f619804a92fdb4057192dc43dd748ea778adc52bc498ce80524c014b81119,00000000,,,,,False,,,,,,,,,,False,False
/application/zukanlist/zkn_data/zukan_enc_diamond.narc,/application/zukanlist/zkn_data/zukan_enc_diamond.narc!/member_02885,0,/application/zukanlist/zkn_data/zukan_enc_diamond.narc,91,2885,,57620,57636,17936,17952,16,16e2ac4eebf44be2ced83a1a41679c6a3261f198ae653e0829b7288ed426bbcc,0f000000100000001b00000000000000,,,,,False,,,,,,,,,,False,False
/application/zukanlist/zkn_data/zukan_enc_diamond.narc,/application/zukanlist/zkn_data/zukan_enc_diamond.narc!/member_02886,0,/application/zukanlist/zkn_data/zukan_enc_diamond.narc,91,2886,,57636,57640,17952,17956,4,df3f619804a92fdb4057192dc43dd748ea778adc52bc498ce80524c014b81119,00000000,,,,,False,,,,,,,,,,False,False
/application/zukanlist/zkn_data/zukan_enc_diamond.narc,/application/zukanlist/zkn_data/zukan_enc_diamond.narc!/member_02887,0,/application/zukanlist/zkn_data/zukan_enc_diamond.narc,91,2887,,57640,57644,17956,17960,4,df3f619804a92fdb4057192dc43dd748ea778adc52bc498ce80524c014b81119,00000000,,,,,False,,,,,,,,,,False,False
/application/zukanlist/zkn_data/zukan_enc_diamond.narc,/application/zukanlist/zkn_data/zukan_enc_diamond.narc!/member_02888,0,/application/zukanlist/zkn_data/zukan_enc_diamond.narc,91,2888,,57644,57648,17960,17964,4,df3f619804a92fdb4057192dc43dd748ea778adc52bc498ce80524c014b81119,00000000,,,,,False,,,,,,,,,,False,False
/application/zukanlist/zkn_data/zukan_enc_diamond.narc,/application/zukanlist/zkn_data/zukan_enc_diamond.narc!/member_02889,0,/application/zukanlist/zkn_data/zukan_enc_diamond.narc,91,2889,,57648,57652,17964,17968,4,df3f619804a92fdb4057192dc43dd748ea778adc52bc498ce80524c014b81119,00000000,,,,,False,,,,,,,,,,False,False
/application/zukanlist/zkn_data/zukan_enc_diamond.narc,/application/zukanlist/zkn_data/zukan_enc_diamond.narc!/member_02890,0,/application/zukanlist/zkn_data/zukan_enc_diamond.narc,91,2890,,57652,57656,17968,17972,4,df3f619804a92fdb4057192dc43dd748ea778adc52bc498ce80524c014b81119,00000000,,,,,False,,,,,,,,,,False,False
/application/zukanlist/zkn_data/zukan_enc_diamond.narc,/application/zukanlist/zkn_data/zukan_enc_diamond.narc!/member_02891,0,/application/zukanlist/zkn_data/zukan_enc_diamond.narc,91,2891,,57656,57660,17972,17976,4,df3f619804a92fdb4057192dc43dd748ea778adc52bc498ce80524c014b81119,00000000,,,,,False,,,,,,,,,,False,False
/application/zukanlist/zkn_data/zukan_enc_diamond.narc,/application/zukanlist/zkn_data/zukan_enc_diamond.narc!/member_02892,0,/application/zukanlist/zkn_data/zukan_enc_diamond.narc,91,2892,,57660,57664,17976,17980,4,df3f619804a92fdb4057192dc43dd748ea778adc52bc498ce80524c014b81119,00000000,,,,,False,,,,,,,,,,False,False
/application/zukanlist/zkn_data/zukan_enc_diamond.narc,/application/zukanlist/zkn_data/zukan_enc_diamond.narc!/member_02893,0,/application/zukanlist/zkn_data/zukan_enc_diamond.narc,91,2893,,57664,57668,17980,17984,4,df3f619804a92fdb4057192dc43dd748ea778adc52bc498ce80524c014b81119,00000000,,,,,False,,,,,,,,,,False,False
/application/zukanlist/zkn_data/zukan_enc_diamond.narc,/application/zukanlist/zkn_data/zukan_enc_diamond.narc!/member_02894,0,/application/zukanlist/zkn_data/zukan_enc_diamond.narc,91,2894,,57668,57672,17984,17988,4,df3f619804a92fdb4057192dc43dd748ea778adc52bc498ce80524c014b81119,00000000,,,,,False,,,,,,,,,,False,False
/application/zukanlist/zkn_data/zukan_enc_diamond.narc,/application/zukanlist/zkn_data/zukan_enc_diamond.narc!/member_02895,0,/application/zukanlist/zkn_data/zukan_enc_diamond.narc,91,2895,,57672,57676,17988,17992,4,df3f619804a92fdb4057192dc43dd748ea778adc52bc498ce80524c014b81119,00000000,,,,,False,,,,,,,,,,False,False
/application/zukanlist/zkn_data/zukan_enc_diamond.narc,/application/zukanlist/zkn_data/zukan_enc_diamond.narc!/member_02896,0,/application/zukanlist/zkn_data/zukan_enc_diamond.narc,91,2896,,57676,57696,17992,18012,20,a53d6fa44ecc448f940b203892c6b7370297bced96c55f77650ab0b0d47bf7b8,06000000070000001100000012000000,,,,,False,,,,,,,,,,False,False
/application/zukanlist/zkn_data/zukan_enc_diamond.narc,/application/zukanlist/zkn_data/zukan_enc_diamond.narc!/member_02897,0,/application/zukanlist/zkn_data/zukan_enc_diamond.narc,91,2897,,57696,57720,18012,18036,24,5e14b8fc36acef66f64f0a0cac3d3206b13d078815858aeeab6e1947ad8c905e,0600000011000000120000001d000000,,,,,False,,,,,,,,,,False,False
/application/zukanlist/zkn_data/zukan_enc_diamond.narc,/application/zukanlist/zkn_data/zukan_enc_diamond.narc!/member_02898,0,/application/zukanlist/zkn_data/zukan_enc_diamond.narc,91,2898,,57720,57752,18036,18068,32,74dc6b08d26dc12f71ec44d34d2accebcf20e8406f12d7a87184fad8eca4dea6,070000001d0000002200000024000000,,,,,False,,,,,,,,,,False,False
/application/zukanlist/zkn_data/zukan_enc_diamond.narc,/application/zukanlist/zkn_data/zukan_enc_diamond.narc!/member_02899,0,/application/zukanlist/zkn_data/zukan_enc_diamond.narc,91,2899,,57752,57756,18068,18072,4,df3f619804a92fdb4057192dc43dd748ea778adc52bc498ce80524c014b81119,00000000,,,,,False,,,,,,,,,,False,False
/application/zukanlist/zkn_data/zukan_enc_diamond.narc,/application/zukanlist/zkn_data/zukan_enc_diamond.narc!/member_02900,0,/application/zukanlist/zkn_data/zukan_enc_diamond.narc,91,2900,,57756,57760,18072,18076,4,df3f619804a92fdb4057192dc43dd748ea778adc52bc498ce80524c014b81119,00000000,,,,,False,,,,,,,,,,False,False
/application/zukanlist/zkn_data/zukan_enc_diamond.narc,/application/zukanlist/zkn_data/zukan_enc_diamond.narc!/member_02901,0,/application/zukanlist/zkn_data/zukan_enc_diamond.narc,91,2901,,57760,57796,18076,18112,36,fb5acd99524f5dbe261e5e197bf8fd0fe6d5079dd79df24277bd4c7ad3e13b0d,06000000070000001100000012000000,,,,,False,,,,,,,,,,False,False
/application/zukanlist/zkn_data/zukan_enc_diamond.narc,/application/zukanlist/zkn_data/zukan_enc_diamond.narc!/member_02902,0,/application/zukanlist/zkn_data/zukan_enc_diamond.narc,91,2902,,57796,57824,18112,18140,28,bcd0feea2d7014c0defc95c06466e23d070338aa6fda60750efb5eb9890b628f,07000000220000002400000025000000,,,,,False,,,,,,,,,,False,False
/application/zukanlist/zkn_data/zukan_enc_diamond.narc,/application/zukanlist/zkn_data/zukan_enc_diamond.narc!/member_02903,0,/application/zukanlist/zkn_data/zukan_enc_diamond.narc,91,2903,,57824,57828,18140,18144,4,df3f619804a92fdb4057192dc43dd748ea778adc52bc498ce80524c014b81119,00000000,,,,,False,,,,,,,,,,False,False
/application/zukanlist/zkn_data/zukan_enc_diamond.narc,/application/zukanlist/zkn_data/zukan_enc_diamond.narc!/member_02904,0,/application/zukanlist/zkn_data/zukan_enc_diamond.narc,91,2904,,57828,57832,18144,18148,4,df3f619804a92fdb4057192dc43dd748ea778adc52bc498ce80524c014b81119,00000000,,,,,False,,,,,,,,,,False,False
/application/zukanlist/zkn_data/zukan_enc_diamond.narc,/application/zukanlist/zkn_data/zukan_enc_diamond.narc!/member_02905,0,/application/zukanlist/zkn_data/zukan_enc_diamond.narc,91,2905,,57832,57836,18148,18152,4,df3f619804a92fdb4057192dc43dd748ea778adc52bc498ce80524c014b81119,00000000,,,,,False,,,,,,,,,,False,False
/application/zukanlist/zkn_data/zukan_enc_diamond.narc,/application/zukanlist/zkn_data/zukan_enc_diamond.narc!/member_02906,0,/application/zukanlist/zkn_data/zukan_enc_diamond.narc,91,2906,,57836,57840,18152,18156,4,df3f619804a92fdb4057192dc43dd748ea778adc52bc498ce80524c014b81119,00000000,,,,,False,,,,,,,,,,False,False
/application/zukanlist/zkn_data/zukan_enc_diamond.narc,/application/zukanlist/zkn_data/zukan_enc_diamond.narc!/member_02907,0,/application/zukanlist/zkn_data/zukan_enc_diamond.narc,91,2907,,57840,57844,18156,18160,4,df3f619804a92fdb4057192dc43dd748ea778adc52bc498ce80524c014b81119,00000000,,,,,False,,,,,,,,,,False,False
/application/zukanlist/zkn_data/zukan_enc_diamond.narc,/application/zukanlist/zkn_data/zukan_enc_diamond.narc!/member_02908,0,/application/zukanlist/zkn_data/zukan_enc_diamond.narc,91,2908,,57844,57848,18160,18164,4,df3f619804a92fdb4057192dc43dd748ea778adc52bc498ce80524c014b81119,00000000,,,,,False,,,,,,,,,,False,False
/application/zukanlist/zkn_data/zukan_enc_diamond.narc,/application/zukanlist/zkn_data/zukan_enc_diamond.narc!/member_02909,0,/application/zukanlist/zkn_data/zukan_enc_diamond.narc,91,2909,,57848,57852,18164,18168,4,df3f619804a92fdb4057192dc43dd748ea778adc52bc498ce80524c014b81119,00000000,,,,,False,,,,,,,,,,False,False
/application/zukanlist/zkn_data/zukan_enc_diamond.narc,/application/zukanlist/zkn_data/zukan_enc_diamond.narc!/member_02910,0,/application/zukanlist/zkn_data/zukan_enc_diamond.narc,91,2910,,57852,57856,18168,18172,4,df3f619804a92fdb4057192dc43dd748ea778adc52bc498ce80524c014b81119,00000000,,,,,False,,,,,,,,,,False,False
/application/zukanlist/zkn_data/zukan_enc_diamond.narc,/application/zukanlist/zkn_data/zukan_enc_diamond.narc!/member_02911,0,/application/zukanlist/zkn_data/zukan_enc_diamond.narc,91,2911,,57856,57860,18172,18176,4,df3f619804a92fdb4057192dc43dd748ea778adc52bc498ce80524c014b81119,00000000,,,,,False,,,,,,,,,,False,False
/application/zukanlist/zkn_data/zukan_enc_diamond.narc,/application/zukanlist/zkn_data/zukan_enc_diamond.narc!/member_02912,0,/application/zukanlist/zkn_data/zukan_enc_diamond.narc,91,2912,,57860,57872,18176,18188,12,ac3e17cb10b4670f60ed7a4f69280ccd605c82307a548ac46547d4918619781d,190000001a00000000000000,,,,,False,,,,,,,,,,False,False
/application/zukanlist/zkn_data/zukan_enc_diamond.narc,/application/zukanlist/zkn_data/zukan_enc_diamond.narc!/member_02913,0,/application/zukanlist/zkn_data/zukan_enc_diamond.narc,91,2913,,57872,57888,18188,18204,16,612ab88ecc4c41192e92820bf38e738507386333fba2ae7cf47716b8c43b146d,130000001e0000002400000000000000,,,,,False,,,,,,,,,,False,False
/application/zukanlist/zkn_data/zukan_enc_diamond.narc,/application/zukanlist/zkn_data/zukan_enc_diamond.narc!/member_02914,0,/application/zukanlist/zkn_data/zukan_enc_diamond.narc,91,2914,,57888,57900,18204,18216,12,90ccffed0591db76a209e0cfbd54887c6f36284af606a491042f4b95390937be,240000002700000000000000,,,,,True,Nintendo Huffman 4-bit,Probable,False,39,,,,,,False,False
/application/zukanlist/zkn_data/zukan_enc_diamond.narc,/application/zukanlist/zkn_data/zukan_enc_diamond.narc!/member_02915,0,/application/zukanlist/zkn_data/zukan_enc_diamond.narc,91,2915,,57900,57908,18216,18224,8,1023cd53096fa66c8a605b9cd21f77cb3f8cd12f855482b27c01e85c95b9515f,1300000000000000,,,,,False,,,,,,,,,,False,False
/application/zukanlist/zkn_data/zukan_enc_diamond.narc,/application/zukanlist/zkn_data/zukan_enc_diamond.narc!/member_02916,0,/application/zukanlist/zkn_data/zukan_enc_diamond.narc,91,2916,,57908,57912,18224,18228,4,df3f619804a92fdb4057192dc43dd748ea778adc52bc498ce80524c014b81119,00000000,,,,,False,,,,,,,,,,False,False
/application/zukanlist/zkn_data/zukan_enc_diamond.narc,/application/zukanlist/zkn_data/zukan_enc_diamond.narc!/member_02917,0,/application/zukanlist/zkn_data/zukan_enc_diamond.narc,91,2917,,57912,57916,18228,18232,4,df3f619804a92fdb4057192dc43dd748ea778adc52bc498ce80524c014b81119,00000000,,,,,False,,,,,,,,,,False,False
/application/zukanlist/zkn_data/zukan_enc_diamond.narc,/application/zukanlist/zkn_data/zukan_enc_diamond.narc!/member_02918,0,/application/zukanlist/zkn_data/zukan_enc_diamond.narc,91,2918,,57916,57928,18232,18244,12,8274d6cd5c457eb9d21d15ef7fc534c460554c75de83491091c05d37d1934bf7,160000001700000000000000,,,,,False,,,,,,,,,,False,False
/application/zukanlist/zkn_data/zukan_enc_diamond.narc,/application/zukanlist/zkn_data/zukan_enc_diamond.narc!/member_02919,0,/application/zukanlist/zkn_data/zukan_enc_diamond.narc,91,2919,,57928,57932,18244,18248,4,df3f619804a92fdb4057192dc43dd748ea778adc52bc498ce80524c014b81119,00000000,,,,,False,,,,,,,,,,False,False
/application/zukanlist/zkn_data/zukan_enc_diamond.narc,/application/zukanlist/zkn_data/zukan_enc_diamond.narc!/member_02920,0,/application/zukanlist/zkn_data/zukan_enc_diamond.narc,91,2920,,57932,57944,18248,18260,12,0eef768c548f0e9df17645f4d6c4db3bdbb0f4e1749800173f76735d7b6e2765,250000002600000000000000,,,,,False,,,,,,,,,,False,False
/application/zukanlist/zkn_data/zukan_enc_diamond.narc,/application/zukanlist/zkn_data/zukan_enc_diamond.narc!/member_02921,0,/application/zukanlist/zkn_data/zukan_enc_diamond.narc,91,2921,,57944,57948,18260,18264,4,df3f619804a92fdb4057192dc43dd748ea778adc52bc498ce80524c014b81119,00000000,,,,,False,,,,,,,,,,False,False
/application/zukanlist/zkn_data/zukan_enc_diamond.narc,/application/zukanlist/zkn_data/zukan_enc_diamond.narc!/member_02922,0,/application/zukanlist/zkn_data/zukan_enc_diamond.narc,91,2922,,57948,57952,18264,18268,4,df3f619804a92fdb4057192dc43dd748ea778adc52bc498ce80524c014b81119,00000000,,,,,False,,,,,,,,,,False,False
/application/zukanlist/zkn_data/zukan_enc_diamond.narc,/application/zukanlist/zkn_data/zukan_enc_diamond.narc!/member_02923,0,/application/zukanlist/zkn_data/zukan_enc_diamond.narc,91,2923,,57952,57956,18268,18272,4,df3f619804a92fdb4057192dc43dd748ea778adc52bc498ce80524c014b81119,00000000,,,,,False,,,,,,,,,,False,False
/application/zukanlist/zkn_data/zukan_enc_diamond.narc,/application/zukanlist/zkn_data/zukan_enc_diamond.narc!/member_02924,0,/application/zukanlist/zkn_data/zukan_enc_diamond.narc,91,2924,,57956,57960,18272,18276,4,df3f619804a92fdb4057192dc43dd748ea778adc52bc498ce80524c014b81119,00000000,,,,,False,,,,,,,,,,False,False
/application/zukanlist/zkn_data/zukan_enc_diamond.narc,/application/zukanlist/zkn_data/zukan_enc_diamond.narc!/member_02925,0,/application/zukanlist/zkn_data/zukan_enc_diamond.narc,91,2925,,57960,57964,18276,18280,4,df3f619804a92fdb4057192dc43dd748ea778adc52bc498ce80524c014b81119,00000000,,,,,False,,,,,,,,,,False,False
/application/zukanlist/zkn_data/zukan_enc_diamond.narc,/application/zukanlist/zkn_data/zukan_enc_diamond.narc!/member_02926,0,/application/zukanlist/zkn_data/zukan_enc_diamond.narc,91,2926,,57964,57968,18280,18284,4,df3f619804a92fdb4057192dc43dd748ea778adc52bc498ce80524c014b81119,00000000,,,,,False,,,,,,,,,,False,False
/application/zukanlist/zkn_data/zukan_enc_diamond.narc,/application/zukanlist/zkn_data/zukan_enc_diamond.narc!/member_02927,0,/application/zukanlist/zkn_data/zukan_enc_diamond.narc,91,2927,,57968,57972,18284,18288,4,df3f619804a92fdb4057192dc43dd748ea778adc52bc498ce80524c014b81119,00000000,,,,,False,,,,,,,,,,False,False
/application/zukanlist/zkn_data/zukan_enc_diamond.narc,/application/zukanlist/zkn_data/zukan_enc_diamond.narc!/member_02928,0,/application/zukanlist/zkn_data/zukan_enc_diamond.narc,91,2928,,57972,57976,18288,18292,4,df3f619804a92fdb4057192dc43dd748ea778adc52bc498ce80524c014b81119,00000000,,,,,False,,,,,,,,,,False,False
/application/zukanlist/zkn_data/zukan_enc_diamond.narc,/application/zukanlist/zkn_data/zukan_enc_diamond.narc!/member_02929,0,/application/zukanlist/zkn_data/zukan_enc_diamond.narc,91,2929,,57976,57984,18292,18300,8,b8282e78d87c2a42f7c0f5b543c0d7760d3fe5a3860a25c20ec57ddaa4d80b81,2900000000000000,,,,,False,,,,,,,,,,False,False
/application/zukanlist/zkn_data/zukan_enc_diamond.narc,/application/zukanlist/zkn_data/zukan_enc_diamond.narc!/member_02930,0,/application/zukanlist/zkn_data/zukan_enc_diamond.narc,91,2930,,57984,57988,18300,18304,4,df3f619804a92fdb4057192dc43dd748ea778adc52bc498ce80524c014b81119,00000000,,,,,False,,,,,,,,,,False,False
/application/zukanlist/zkn_data/zukan_enc_diamond.narc,/application/zukanlist/zkn_data/zukan_enc_diamond.narc!/member_02931,0,/application/zukanlist/zkn_data/zukan_enc_diamond.narc,91,2931,,57988,57992,18304,18308,4,df3f619804a92fdb4057192dc43dd748ea778adc52bc498ce80524c014b81119,00000000,,,,,False,,,,,,,,,,False,False
/application/zukanlist/zkn_data/zukan_enc_diamond.narc,/application/zukanlist/zkn_data/zukan_enc_diamond.narc!/member_02932,0,/application/zukanlist/zkn_data/zukan_enc_diamond.narc,91,2932,,57992,57996,18308,18312,4,df3f619804a92fdb4057192dc43dd748ea778adc52bc498ce80524c014b81119,00000000,,,,,False,,,,,,,,,,False,False
/application/zukanlist/zkn_data/zukan_enc_diamond.narc,/application/zukanlist/zkn_data/zukan_enc_diamond.narc!/member_02933,0,/application/zukanlist/zkn_data/zukan_enc_diamond.narc,91,2933,,57996,58000,18312,18316,4,df3f619804a92fdb4057192dc43dd748ea778adc52bc498ce80524c014b81119,00000000,,,,,False,,,,,,,,,,False,False
/application/zukanlist/zkn_data/zukan_enc_diamond.narc,/application/zukanlist/zkn_data/zukan_enc_diamond.narc!/member_02934,0,/application/zukanlist/zkn_data/zukan_enc_diamond.narc,91,2934,,58000,58004,18316,18320,4,df3f619804a92fdb4057192dc43dd748ea778adc52bc498ce80524c014b81119,00000000,,,,,False,,,,,,,,,,False,False
/application/zukanlist/zkn_data/zukan_enc_diamond.narc,/application/zukanlist/zkn_data/zukan_enc_diamond.narc!/member_02935,0,/application/zukanlist/zkn_data/zukan_enc_diamond.narc,91,2935,,58004,58044,18320,18360,40,78393e2e40f0d37458afc810745a88523a2177b36ce8a9297092a2d7872a97ad,01000000060000000700000009000000,,,,,False,,,,,,,,,,False,False
/application/zukanlist/zkn_data/zukan_enc_diamond.narc,/application/zukanlist/zkn_data/zukan_enc_diamond.narc!/member_02936,0,/application/zukanlist/zkn_data/zukan_enc_diamond.narc,91,2936,,58044,58084,18360,18400,40,78393e2e40f0d37458afc810745a88523a2177b36ce8a9297092a2d7872a97ad,01000000060000000700000009000000,,,,,False,,,,,,,,,,False,False
/application/zukanlist/zkn_data/zukan_enc_diamond.narc,/application/zukanlist/zkn_data/zukan_enc_diamond.narc!/member_02937,0,/application/zukanlist/zkn_data/zukan_enc_diamond.narc,91,2937,,58084,58096,18400,18412,12,26a5532b091f58beecbf3cc3f469a74c57f00e27dcf481628757aab80bdf8e0a,040000002f00000000000000,,,,,False,,,,,,,,,,False,False
/application/zukanlist/zkn_data/zukan_enc_diamond.narc,/application/zukanlist/zkn_data/zukan_enc_diamond.narc!/member_02938,0,/application/zukanlist/zkn_data/zukan_enc_diamond.narc,91,2938,,58096,58112,18412,18428,16,f2578d6ab3f7d6034fa63ec3e6dd43add5c54ca3f83107f42a3b19e64bc9720a,0b000000200000002100000000000000,,,,,False,,,,,,,,,,False,False
/application/zukanlist/zkn_data/zukan_enc_diamond.narc,/application/zukanlist/zkn_data/zukan_enc_diamond.narc!/member_02939,0,/application/zukanlist/zkn_data/zukan_enc_diamond.narc,91,2939,,58112,58116,18428,18432,4,df3f619804a92fdb4057192dc43dd748ea778adc52bc498ce80524c014b81119,00000000,,,,,False,,,,,,,,,,False,False
/application/zukanlist/zkn_data/zukan_enc_diamond.narc,/application/zukanlist/zkn_data/zukan_enc_diamond.narc!/member_02940,0,/application/zukanlist/zkn_data/zukan_enc_diamond.narc,91,2940,,58116,58120,18432,18436,4,df3f619804a92fdb4057192dc43dd748ea778adc52bc498ce80524c014b81119,00000000,,,,,False,,,,,,,,,,False,False
/application/zukanlist/zkn_data/zukan_enc_diamond.narc,/application/zukanlist/zkn_data/zukan_enc_diamond.narc!/member_02941,0,/application/zukanlist/zkn_data/zukan_enc_diamond.narc,91,2941,,58120,58124,18436,18440,4,df3f619804a92fdb4057192dc43dd748ea778adc52bc498ce80524c014b81119,00000000,,,,,False,,,,,,,,,,False,False
/application/zukanlist/zkn_data/zukan_enc_diamond.narc,/application/zukanlist/zkn_data/zukan_enc_diamond.narc!/member_02942,0,/application/zukanlist/zkn_data/zukan_enc_diamond.narc,91,2942,,58124,58128,18440,18444,4,df3f619804a92fdb4057192dc43dd748ea778adc52bc498ce80524c014b81119,00000000,,,,,False,,,,,,,,,,False,False
/application/zukanlist/zkn_data/zukan_enc_diamond.narc,/application/zukanlist/zkn_data/zukan_enc_diamond.narc!/member_02943,0,/application/zukanlist/zkn_data/zukan_enc_diamond.narc,91,2943,,58128,58132,18444,18448,4,df3f619804a92fdb4057192dc43dd748ea778adc52bc498ce80524c014b81119,00000000,,,,,False,,,,,,,,,,False,False
/application/zukanlist/zkn_data/zukan_enc_diamond.narc,/application/zukanlist/zkn_data/zukan_enc_diamond.narc!/member_02944,0,/application/zukanlist/zkn_data/zukan_enc_diamond.narc,91,2944,,58132,58136,18448,18452,4,df3f619804a92fdb4057192dc43dd748ea778adc52bc498ce80524c014b81119,00000000,,,,,False,,,,,,,,,,False,False
/application/zukanlist/zkn_data/zukan_enc_diamond.narc,/application/zukanlist/zkn_data/zukan_enc_diamond.narc!/member_02945,0,/application/zukanlist/zkn_data/zukan_enc_diamond.narc,91,2945,,58136,58140,18452,18456,4,df3f619804a92fdb4057192dc43dd748ea778adc52bc498ce80524c014b81119,00000000,,,,,False,,,,,,,,,,False,False
/application/zukanlist/zkn_data/zukan_enc_diamond.narc,/application/zukanlist/zkn_data/zukan_enc_diamond.narc!/member_02946,0,/application/zukanlist/zkn_data/zukan_enc_diamond.narc,91,2946,,58140,58144,18456,18460,4,df3f619804a92fdb4057192dc43dd748ea778adc52bc498ce80524c014b81119,00000000,,,,,False,,,,,,,,,,False,False
/application/zukanlist/zkn_data/zukan_enc_diamond.narc,/application/zukanlist/zkn_data/zukan_enc_diamond.narc!/member_02947,0,/application/zukanlist/zkn_data/zukan_enc_diamond.narc,91,2947,,58144,58148,18460,18464,4,df3f619804a92fdb4057192dc43dd748ea778adc52bc498ce80524c014b81119,00000000,,,,,False,,,,,,,,,,False,False
/application/zukanlist/zkn_data/zukan_enc_diamond.narc,/application/zukanlist/zkn_data/zukan_enc_diamond.narc!/member_02948,0,/application/zukanlist/zkn_data/zukan_enc_diamond.narc,91,2948,,58148,58152,18464,18468,4,df3f619804a92fdb4057192dc43dd748ea778adc52bc498ce80524c014b81119,00000000,,,,,False,,,,,,,,,,False,False
/application/zukanlist/zkn_data/zukan_enc_diamond.narc,/application/zukanlist/zkn_data/zukan_enc_diamond.narc!/member_02949,0,/application/zukanlist/zkn_data/zukan_enc_diamond.narc,91,2949,,58152,58156,18468,18472,4,df3f619804a92fdb4057192dc43dd748ea778adc52bc498ce80524c014b81119,00000000,,,,,False,,,,,,,,,,False,False
/application/zukanlist/zkn_data/zukan_enc_diamond.narc,/application/zukanlist/zkn_data/zukan_enc_diamond.narc!/member_02950,0,/application/zukanlist/zkn_data/zukan_enc_diamond.narc,91,2950,,58156,58160,18472,18476,4,df3f619804a92fdb4057192dc43dd748ea778adc52bc498ce80524c014b81119,00000000,,,,,False,,,,,,,,,,False,False
/application/zukanlist/zkn_data/zukan_enc_diamond.narc,/application/zukanlist/zkn_data/zukan_enc_diamond.narc!/member_02951,0,/application/zukanlist/zkn_data/zukan_enc_diamond.narc,91,2951,,58160,58164,18476,18480,4,df3f619804a92fdb4057192dc43dd748ea778adc52bc498ce80524c014b81119,00000000,,,,,False,,,,,,,,,,False,False
/application/zukanlist/zkn_data/zukan_enc_diamond.narc,/application/zukanlist/zkn_data/zukan_enc_diamond.narc!/member_02952,0,/application/zukanlist/zkn_data/zukan_enc_diamond.narc,91,2952,,58164,58168,18480,18484,4,df3f619804a92fdb4057192dc43dd748ea778adc52bc498ce80524c014b81119,00000000,,,,,False,,,,,,,,,,False,False
/application/zukanlist/zkn_data/zukan_enc_diamond.narc,/application/zukanlist/zkn_data/zukan_enc_diamond.narc!/member_02953,0,/application/zukanlist/zkn_data/zukan_enc_diamond.narc,91,2953,,58168,58172,18484,18488,4,df3f619804a92fdb4057192dc43dd748ea778adc52bc498ce80524c014b81119,00000000,,,,,False,,,,,,,,,,False,False
/application/zukanlist/zkn_data/zukan_enc_diamond.narc,/application/zukanlist/zkn_data/zukan_enc_diamond.narc!/member_02954,0,/application/zukanlist/zkn_data/zukan_enc_diamond.narc,91,2954,,58172,58176,18488,18492,4,df3f619804a92fdb4057192dc43dd748ea778adc52bc498ce80524c014b81119,00000000,,,,,False,,,,,,,,,,False,False
/application/zukanlist/zkn_data/zukan_enc_diamond.narc,/application/zukanlist/zkn_data/zukan_enc_diamond.narc!/member_02955,0,/application/zukanlist/zkn_data/zukan_enc_diamond.narc,91,2955,,58176,58180,18492,18496,4,df3f619804a92fdb4057192dc43dd748ea778adc52bc498ce80524c014b81119,00000000,,,,,False,,,,,,,,,,False,False
/application/zukanlist/zkn_data/zukan_enc_diamond.narc,/application/zukanlist/zkn_data/zukan_enc_diamond.narc!/member_02956,0,/application/zukanlist/zkn_data/zukan_enc_diamond.narc,91,2956,,58180,58184,18496,18500,4,df3f619804a92fdb4057192dc43dd748ea778adc52bc498ce80524c014b81119,00000000,,,,,False,,,,,,,,,,False,False
/application/zukanlist/zkn_data/zukan_enc_diamond.narc,/application/zukanlist/zkn_data/zukan_enc_diamond.narc!/member_02957,0,/application/zukanlist/zkn_data/zukan_enc_diamond.narc,91,2957,,58184,58188,18500,18504,4,df3f619804a92fdb4057192dc43dd748ea778adc52bc498ce80524c014b81119,00000000,,,,,False,,,,,,,,,,False,False
/application/zukanlist/zkn_data/zukan_enc_diamond.narc,/application/zukanlist/zkn_data/zukan_enc_diamond.narc!/member_02958,0,/application/zukanlist/zkn_data/zukan_enc_diamond.narc,91,2958,,58188,58192,18504,18508,4,df3f619804a92fdb4057192dc43dd748ea778adc52bc498ce80524c014b81119,00000000,,,,,False,,,,,,,,,,False,False
/application/zukanlist/zkn_data/zukan_enc_diamond.narc,/application/zukanlist/zkn_data/zukan_enc_diamond.narc!/member_02959,0,/application/zukanlist/zkn_data/zukan_enc_diamond.narc,91,2959,,58192,58196,18508,18512,4,df3f619804a92fdb4057192dc43dd748ea778adc52bc498ce80524c014b81119,00000000,,,,,False,,,,,,,,,,False,False
/application/zukanlist/zkn_data/zukan_enc_diamond.narc,/application/zukanlist/zkn_data/zukan_enc_diamond.narc!/member_02960,0,/application/zukanlist/zkn_data/zukan_enc_diamond.narc,91,2960,,58196,58200,18512,18516,4,df3f619804a92fdb4057192dc43dd748ea778adc52bc498ce80524c014b81119,00000000,,,,,False,,,,,,,,,,False,False
/application/zukanlist/zkn_data/zukan_enc_diamond.narc,/application/zukanlist/zkn_data/zukan_enc_diamond.narc!/member_02961,0,/application/zukanlist/zkn_data/zukan_enc_diamond.narc,91,2961,,58200,58204,18516,18520,4,df3f619804a92fdb4057192dc43dd748ea778adc52bc498ce80524c014b81119,00000000,,,,,False,,,,,,,,,,False,False
/application/zukanlist/zkn_data/zukan_enc_diamond.narc,/application/zukanlist/zkn_data/zukan_enc_diamond.narc!/member_02962,0,/application/zukanlist/zkn_data/zukan_enc_diamond.narc,91,2962,,58204,58208,18520,18524,4,df3f619804a92fdb4057192dc43dd748ea778adc52bc498ce80524c014b81119,00000000,,,,,False,,,,,,,,,,False,False
/application/zukanlist/zkn_data/zukan_enc_diamond.narc,/application/zukanlist/zkn_data/zukan_enc_diamond.narc!/member_02963,0,/application/zukanlist/zkn_data/zukan_enc_diamond.narc,91,2963,,58208,58212,18524,18528,4,df3f619804a92fdb4057192dc43dd748ea778adc52bc498ce80524c014b81119,00000000,,,,,False,,,,,,,,,,False,False
/application/zukanlist/zkn_data/zukan_enc_diamond.narc,/application/zukanlist/zkn_data/zukan_enc_diamond.narc!/member_02964,0,/application/zukanlist/zkn_data/zukan_enc_diamond.narc,91,2964,,58212,58216,18528,18532,4,df3f619804a92fdb4057192dc43dd748ea778adc52bc498ce80524c014b81119,00000000,,,,,False,,,,,,,,,,False,False
/application/zukanlist/zkn_data/zukan_enc_diamond.narc,/application/zukanlist/zkn_data/zukan_enc_diamond.narc!/member_02965,0,/application/zukanlist/zkn_data/zukan_enc_diamond.narc,91,2965,,58216,58220,18532,18536,4,df3f619804a92fdb4057192dc43dd748ea778adc52bc498ce80524c014b81119,00000000,,,,,False,,,,,,,,,,False,False
/application/zukanlist/zkn_data/zukan_enc_diamond.narc,/application/zukanlist/zkn_data/zukan_enc_diamond.narc!/member_02966,0,/application/zukanlist/zkn_data/zukan_enc_diamond.narc,91,2966,,58220,58224,18536,18540,4,df3f619804a92fdb4057192dc43dd748ea778adc52bc498ce80524c014b81119,00000000,,,,,False,,,,,,,,,,False,False
/application/zukanlist/zkn_data/zukan_enc_diamond.narc,/application/zukanlist/zkn_data/zukan_enc_diamond.narc!/member_02967,0,/application/zukanlist/zkn_data/zukan_enc_diamond.narc,91,2967,,58224,58228,18540,18544,4,df3f619804a92fdb4057192dc43dd748ea778adc52bc498ce80524c014b81119,00000000,,,,,False,,,,,,,,,,False,False
/application/zukanlist/zkn_data/zukan_enc_diamond.narc,/application/zukanlist/zkn_data/zukan_enc_diamond.narc!/member_02968,0,/application/zukanlist/zkn_data/zukan_enc_diamond.narc,91,2968,,58228,58232,18544,18548,4,df3f619804a92fdb4057192dc43dd748ea778adc52bc498ce80524c014b81119,00000000,,,,,False,,,,,,,,,,False,False
/application/zukanlist/zkn_data/zukan_enc_diamond.narc,/application/zukanlist/zkn_data/zukan_enc_diamond.narc!/member_02969,0,/application/zukanlist/zkn_data/zukan_enc_diamond.narc,91,2969,,58232,58236,18548,18552,4,df3f619804a92fdb4057192dc43dd748ea778adc52bc498ce80524c014b81119,00000000,,,,,False,,,,,,,,,,False,False
/application/zukanlist/zkn_data/zukan_enc_diamond.narc,/application/zukanlist/zkn_data/zukan_enc_diamond.narc!/member_02970,0,/application/zukanlist/zkn_data/zukan_enc_diamond.narc,91,2970,,58236,58240,18552,18556,4,df3f619804a92fdb4057192dc43dd748ea778adc52bc498ce80524c014b81119,00000000,,,,,False,,,,,,,,,,False,False
/application/zukanlist/zkn_data/zukan_enc_diamond.narc,/application/zukanlist/zkn_data/zukan_enc_diamond.narc!/member_02971,0,/application/zukanlist/zkn_data/zukan_enc_diamond.narc,91,2971,,58240,58244,18556,18560,4,df3f619804a92fdb4057192dc43dd748ea778adc52bc498ce80524c014b81119,00000000,,,,,False,,,,,,,,,,False,False
/application/zukanlist/zkn_data/zukan_enc_diamond.narc,/application/zukanlist/zkn_data/zukan_enc_diamond.narc!/member_02972,0,/application/zukanlist/zkn_data/zukan_enc_diamond.narc,91,2972,,58244,58248,18560,18564,4,df3f619804a92fdb4057192dc43dd748ea778adc52bc498ce80524c014b81119,00000000,,,,,False,,,,,,,,,,False,False
/application/zukanlist/zkn_data/zukan_enc_diamond.narc,/application/zukanlist/zkn_data/zukan_enc_diamond.narc!/member_02973,0,/application/zukanlist/zkn_data/zukan_enc_diamond.narc,91,2973,,58248,58252,18564,18568,4,df3f619804a92fdb4057192dc43dd748ea778adc52bc498ce80524c014b81119,00000000,,,,,False,,,,,,,,,,False,False
/application/zukanlist/zkn_data/zukan_enc_diamond.narc,/application/zukanlist/zkn_data/zukan_enc_diamond.narc!/member_02974,0,/application/zukanlist/zkn_data/zukan_enc_diamond.narc,91,2974,,58252,58356,18568,18672,104,d74c78f2b535332240afc5dd4cfbada080950a4dd92316538fc87c717efad12c,01000000020000000300000004000000,,,,,False,,,,,,,,,,False,False
/application/zukanlist/zkn_data/zukan_enc_diamond.narc,/application/zukanlist/zkn_data/zukan_enc_diamond.narc!/member_02975,0,/application/zukanlist/zkn_data/zukan_enc_diamond.narc,91,2975,,58356,58360,18672,18676,4,df3f619804a92fdb4057192dc43dd748ea778adc52bc498ce80524c014b81119,00000000,,,,,False,,,,,,,,,,False,False
/application/zukanlist/zkn_data/zukan_enc_diamond.narc,/application/zukanlist/zkn_data/zukan_enc_diamond.narc!/member_02976,0,/application/zukanlist/zkn_data/zukan_enc_diamond.narc,91,2976,,58360,58364,18676,18680,4,df3f619804a92fdb4057192dc43dd748ea778adc52bc498ce80524c014b81119,00000000,,,,,False,,,,,,,,,,False,False
/application/zukanlist/zkn_data/zukan_enc_diamond.narc,/application/zukanlist/zkn_data/zukan_enc_diamond.narc!/member_02977,0,/application/zukanlist/zkn_data/zukan_enc_diamond.narc,91,2977,,58364,58368,18680,18684,4,df3f619804a92fdb4057192dc43dd748ea778adc52bc498ce80524c014b81119,00000000,,,,,False,,,,,,,,,,False,False
/application/zukanlist/zkn_data/zukan_enc_diamond.narc,/application/zukanlist/zkn_data/zukan_enc_diamond.narc!/member_02978,0,/application/zukanlist/zkn_data/zukan_enc_diamond.narc,91,2978,,58368,58372,18684,18688,4,df3f619804a92fdb4057192dc43dd748ea778adc52bc498ce80524c014b81119,00000000,,,,,False,,,,,,,,,,False,False
/application/zukanlist/zkn_data/zukan_enc_diamond.narc,/application/zukanlist/zkn_data/zukan_enc_diamond.narc!/member_02979,0,/application/zukanlist/zkn_data/zukan_enc_diamond.narc,91,2979,,58372,58376,18688,18692,4,df3f619804a92fdb4057192dc43dd748ea778adc52bc498ce80524c014b81119,00000000,,,,,False,,,,,,,,,,False,False
/application/zukanlist/zkn_data/zukan_enc_diamond.narc,/application/zukanlist/zkn_data/zukan_enc_diamond.narc!/member_02980,0,/application/zukanlist/zkn_data/zukan_enc_diamond.narc,91,2980,,58376,58380,18692,18696,4,df3f619804a92fdb4057192dc43dd748ea778adc52bc498ce80524c014b81119,00000000,,,,,False,,,,,,,,,,False,False
/application/zukanlist/zkn_data/zukan_enc_diamond.narc,/application/zukanlist/zkn_data/zukan_enc_diamond.narc!/member_02981,0,/application/zukanlist/zkn_data/zukan_enc_diamond.narc,91,2981,,58380,58384,18696,18700,4,df3f619804a92fdb4057192dc43dd748ea778adc52bc498ce80524c014b81119,00000000,,,,,False,,,,,,,,,,False,False
/application/zukanlist/zkn_data/zukan_enc_diamond.narc,/application/zukanlist/zkn_data/zukan_enc_diamond.narc!/member_02982,0,/application/zukanlist/zkn_data/zukan_enc_diamond.narc,91,2982,,58384,58388,18700,18704,4,df3f619804a92fdb4057192dc43dd748ea778adc52bc498ce80524c014b81119,00000000,,,,,False,,,,,,,,,,False,False
/application/zukanlist/zkn_data/zukan_enc_diamond.narc,/application/zukanlist/zkn_data/zukan_enc_diamond.narc!/member_02983,0,/application/zukanlist/zkn_data/zukan_enc_diamond.narc,91,2983,,58388,58392,18704,18708,4,df3f619804a92fdb4057192dc43dd748ea778adc52bc498ce80524c014b81119,00000000,,,,,False,,,,,,,,,,False,False
/application/zukanlist/zkn_data/zukan_enc_diamond.narc,/application/zukanlist/zkn_data/zukan_enc_diamond.narc!/member_02984,0,/application/zukanlist/zkn_data/zukan_enc_diamond.narc,91,2984,,58392,58396,18708,18712,4,df3f619804a92fdb4057192dc43dd748ea778adc52bc498ce80524c014b81119,00000000,,,,,False,,,,,,,,,,False,False
/application/zukanlist/zkn_data/zukan_enc_diamond.narc,/application/zukanlist/zkn_data/zukan_enc_diamond.narc!/member_02985,0,/application/zukanlist/zkn_data/zukan_enc_diamond.narc,91,2985,,58396,58400,18712,18716,4,df3f619804a92fdb4057192dc43dd748ea778adc52bc498ce80524c014b81119,00000000,,,,,False,,,,,,,,,,False,False
/application/zukanlist/zkn_data/zukan_enc_diamond.narc,/application/zukanlist/zkn_data/zukan_enc_diamond.narc!/member_02986,0,/application/zukanlist/zkn_data/zukan_enc_diamond.narc,91,2986,,58400,58404,18716,18720,4,df3f619804a92fdb4057192dc43dd748ea778adc52bc498ce80524c014b81119,00000000,,,,,False,,,,,,,,,,False,False
/application/zukanlist/zkn_data/zukan_enc_diamond.narc,/application/zukanlist/zkn_data/zukan_enc_diamond.narc!/member_02987,0,/application/zukanlist/zkn_data/zukan_enc_diamond.narc,91,2987,,58404,58408,18720,18724,4,df3f619804a92fdb4057192dc43dd748ea778adc52bc498ce80524c014b81119,00000000,,,,,False,,,,,,,,,,False,False
/application/zukanlist/zkn_data/zukan_enc_diamond.narc,/application/zukanlist/zkn_data/zukan_enc_diamond.narc!/member_02988,0,/application/zukanlist/zkn_data/zukan_enc_diamond.narc,91,2988,,58408,58412,18724,18728,4,df3f619804a92fdb4057192dc43dd748ea778adc52bc498ce80524c014b81119,00000000,,,,,False,,,,,,,,,,False,False
/application/zukanlist/zkn_data/zukan_enc_diamond.narc,/application/zukanlist/zkn_data/zukan_enc_diamond.narc!/member_02989,0,/application/zukanlist/zkn_data/zukan_enc_diamond.narc,91,2989,,58412,58416,18728,18732,4,df3f619804a92fdb4057192dc43dd748ea778adc52bc498ce80524c014b81119,00000000,,,,,False,,,,,,,,,,False,False
/application/zukanlist/zkn_data/zukan_enc_diamond.narc,/application/zukanlist/zkn_data/zukan_enc_diamond.narc!/member_02990,0,/application/zukanlist/zkn_data/zukan_enc_diamond.narc,91,2990,,58416,58420,18732,18736,4,df3f619804a92fdb4057192dc43dd748ea778adc52bc498ce80524c014b81119,00000000,,,,,False,,,,,,,,,,False,False
/application/zukanlist/zkn_data/zukan_enc_diamond.narc,/application/zukanlist/zkn_data/zukan_enc_diamond.narc!/member_02991,0,/application/zukanlist/zkn_data/zukan_enc_diamond.narc,91,2991,,58420,58424,18736,18740,4,df3f619804a92fdb4057192dc43dd748ea778adc52bc498ce80524c014b81119,00000000,,,,,False,,,,,,,,,,False,False
/application/zukanlist/zkn_data/zukan_enc_diamond.narc,/application/zukanlist/zkn_data/zukan_enc_diamond.narc!/member_02992,0,/application/zukanlist/zkn_data/zukan_enc_diamond.narc,91,2992,,58424,58428,18740,18744,4,df3f619804a92fdb4057192dc43dd748ea778adc52bc498ce80524c014b81119,00000000,,,,,False,,,,,,,,,,False,False
/application/zukanlist/zkn_data/zukan_enc_diamond.narc,/application/zukanlist/zkn_data/zukan_enc_diamond.narc!/member_02993,0,/application/zukanlist/zkn_data/zukan_enc_diamond.narc,91,2993,,58428,58440,18744,18756,12,9893212e6b984485abc2a582f07509b2de3f9ee0e30ac1263124e844a9c81346,270000003000000000000000,,,,,False,,,,,,,,,,False,False
/application/zukanlist/zkn_data/zukan_enc_diamond.narc,/application/zukanlist/zkn_data/zukan_enc_diamond.narc!/member_02994,0,/application/zukanlist/zkn_data/zukan_enc_diamond.narc,91,2994,,58440,58452,18756,18768,12,9893212e6b984485abc2a582f07509b2de3f9ee0e30ac1263124e844a9c81346,270000003000000000000000,,,,,False,,,,,,,,,,False,False
/application/zukanlist/zkn_data/zukan_enc_diamond.narc,/application/zukanlist/zkn_data/zukan_enc_diamond.narc!/member_02995,0,/application/zukanlist/zkn_data/zukan_enc_diamond.narc,91,2995,,58452,58464,18768,18780,12,9893212e6b984485abc2a582f07509b2de3f9ee0e30ac1263124e844a9c81346,270000003000000000000000,,,,,False,,,,,,,,,,False,False
/application/zukanlist/zkn_data/zukan_enc_diamond.narc,/application/zukanlist/zkn_data/zukan_enc_diamond.narc!/member_02996,0,/application/zukanlist/zkn_data/zukan_enc_diamond.narc,91,2996,,58464,58484,18780,18800,20,792ac6b19afa44edced413eca9ea1ce767cc2779540339e1f957051e4bad978f,08000000270000002800000030000000,,,,,False,,,,,,,,,,False,False
/application/zukanlist/zkn_data/zukan_enc_diamond.narc,/application/zukanlist/zkn_data/zukan_enc_diamond.narc!/member_02997,0,/application/zukanlist/zkn_data/zukan_enc_diamond.narc,91,2997,,58484,58488,18800,18804,4,df3f619804a92fdb4057192dc43dd748ea778adc52bc498ce80524c014b81119,00000000,,,,,False,,,,,,,,,,False,False
/application/zukanlist/zkn_data/zukan_enc_diamond.narc,/application/zukanlist/zkn_data/zukan_enc_diamond.narc!/member_02998,0,/application/zukanlist/zkn_data/zukan_enc_diamond.narc,91,2998,,58488,58492,18804,18808,4,df3f619804a92fdb4057192dc43dd748ea778adc52bc498ce80524c014b81119,00000000,,,,,False,,,,,,,,,,False,False
/application/zukanlist/zkn_data/zukan_enc_diamond.narc,/application/zukanlist/zkn_data/zukan_enc_diamond.narc!/member_02999,0,/application/zukanlist/zkn_data/zukan_enc_diamond.narc,91,2999,,58492,58496,18808,18812,4,df3f619804a92fdb4057192dc43dd748ea778adc52bc498ce80524c014b81119,00000000,,,,,False,,,,,,,,,,False,False
/application/zukanlist/zkn_data/zukan_enc_diamond.narc,/application/zukanlist/zkn_data/zukan_enc_diamond.narc!/member_03000,0,/application/zukanlist/zkn_data/zukan_enc_diamond.narc,91,3000,,58496,58500,18812,18816,4,df3f619804a92fdb4057192dc43dd748ea778adc52bc498ce80524c014b81119,00000000,,,,,False,,,,,,,,,,False,False
/application/zukanlist/zkn_data/zukan_enc_diamond.narc,/application/zukanlist/zkn_data/zukan_enc_diamond.narc!/member_03001,0,/application/zukanlist/zkn_data/zukan_enc_diamond.narc,91,3001,,58500,58504,18816,18820,4,df3f619804a92fdb4057192dc43dd748ea778adc52bc498ce80524c014b81119,00000000,,,,,False,,,,,,,,,,False,False
/application/zukanlist/zkn_data/zukan_enc_diamond.narc,/application/zukanlist/zkn_data/zukan_enc_diamond.narc!/member_03002,0,/application/zukanlist/zkn_data/zukan_enc_diamond.narc,91,3002,,58504,58508,18820,18824,4,df3f619804a92fdb4057192dc43dd748ea778adc52bc498ce80524c014b81119,00000000,,,,,False,,,,,,,,,,False,False
/application/zukanlist/zkn_data/zukan_enc_diamond.narc,/application/zukanlist/zkn_data/zukan_enc_diamond.narc!/member_03003,0,/application/zukanlist/zkn_data/zukan_enc_diamond.narc,91,3003,,58508,58512,18824,18828,4,df3f619804a92fdb4057192dc43dd748ea778adc52bc498ce80524c014b81119,00000000,,,,,False,,,,,,,,,,False,False
/application/zukanlist/zkn_data/zukan_enc_diamond.narc,/application/zukanlist/zkn_data/zukan_enc_diamond.narc!/member_03004,0,/application/zukanlist/zkn_data/zukan_enc_diamond.narc,91,3004,,58512,58516,18828,18832,4,df3f619804a92fdb4057192dc43dd748ea778adc52bc498ce80524c014b81119,00000000,,,,,False,,,,,,,,,,False,False
/application/zukanlist/zkn_data/zukan_enc_diamond.narc,/application/zukanlist/zkn_data/zukan_enc_diamond.narc!/member_03005,0,/application/zukanlist/zkn_data/zukan_enc_diamond.narc,91,3005,,58516,58520,18832,18836,4,df3f619804a92fdb4057192dc43dd748ea778adc52bc498ce80524c014b81119,00000000,,,,,False,,,,,,,,,,False,False
/application/zukanlist/zkn_data/zukan_enc_diamond.narc,/application/zukanlist/zkn_data/zukan_enc_diamond.narc!/member_03006,0,/application/zukanlist/zkn_data/zukan_enc_diamond.narc,91,3006,,58520,58524,18836,18840,4,df3f619804a92fdb4057192dc43dd748ea778adc52bc498ce80524c014b81119,00000000,,,,,False,,,,,,,,,,False,False
/application/zukanlist/zkn_data/zukan_enc_diamond.narc,/application/zukanlist/zkn_data/zukan_enc_diamond.narc!/member_03007,0,/application/zukanlist/zkn_data/zukan_enc_diamond.narc,91,3007,,58524,58528,18840,18844,4,df3f619804a92fdb4057192dc43dd748ea778adc52bc498ce80524c014b81119,00000000,,,,,False,,,,,,,,,,False,False
/application/zukanlist/zkn_data/zukan_enc_diamond.narc,/application/zukanlist/zkn_data/zukan_enc_diamond.narc!/member_03008,0,/application/zukanlist/zkn_data/zukan_enc_diamond.narc,91,3008,,58528,58532,18844,18848,4,df3f619804a92fdb4057192dc43dd748ea778adc52bc498ce80524c014b81119,00000000,,,,,False,,,,,,,,,,False,False
/application/zukanlist/zkn_data/zukan_enc_diamond.narc,/application/zukanlist/zkn_data/zukan_enc_diamond.narc!/member_03009,0,/application/zukanlist/zkn_data/zukan_enc_diamond.narc,91,3009,,58532,58536,18848,18852,4,df3f619804a92fdb4057192dc43dd748ea778adc52bc498ce80524c014b81119,00000000,,,,,False,,,,,,,,,,False,False
/application/zukanlist/zkn_data/zukan_enc_diamond.narc,/application/zukanlist/zkn_data/zukan_enc_diamond.narc!/member_03010,0,/application/zukanlist/zkn_data/zukan_enc_diamond.narc,91,3010,,58536,58540,18852,18856,4,df3f619804a92fdb4057192dc43dd748ea778adc52bc498ce80524c014b81119,00000000,,,,,False,,,,,,,,,,False,False
/application/zukanlist/zkn_data/zukan_enc_diamond.narc,/application/zukanlist/zkn_data/zukan_enc_diamond.narc!/member_03011,0,/application/zukanlist/zkn_data/zukan_enc_diamond.narc,91,3011,,58540,58544,18856,18860,4,df3f619804a92fdb4057192dc43dd748ea778adc52bc498ce80524c014b81119,00000000,,,,,False,,,,,,,,,,False,False
/application/zukanlist/zkn_data/zukan_enc_diamond.narc,/application/zukanlist/zkn_data/zukan_enc_diamond.narc!/member_03012,0,/application/zukanlist/zkn_data/zukan_enc_diamond.narc,91,3012,,58544,58548,18860,18864,4,df3f619804a92fdb4057192dc43dd748ea778adc52bc498ce80524c014b81119,00000000,,,,,False,,,,,,,,,,False,False
/application/zukanlist/zkn_data/zukan_enc_diamond.narc,/application/zukanlist/zkn_data/zukan_enc_diamond.narc!/member_03013,0,/application/zukanlist/zkn_data/zukan_enc_diamond.narc,91,3013,,58548,58552,18864,18868,4,df3f619804a92fdb4057192dc43dd748ea778adc52bc498ce80524c014b81119,00000000,,,,,False,,,,,,,,,,False,False
/application/zukanlist/zkn_data/zukan_enc_diamond.narc,/application/zukanlist/zkn_data/zukan_enc_diamond.narc!/member_03014,0,/application/zukanlist/zkn_data/zukan_enc_diamond.narc,91,3014,,58552,58556,18868,18872,4,df3f619804a92fdb4057192dc43dd748ea778adc52bc498ce80524c014b81119,00000000,,,,,False,,,,,,,,,,False,False
/application/zukanlist/zkn_data/zukan_enc_diamond.narc,/application/zukanlist/zkn_data/zukan_enc_diamond.narc!/member_03015,0,/application/zukanlist/zkn_data/zukan_enc_diamond.narc,91,3015,,58556,58560,18872,18876,4,df3f619804a92fdb4057192dc43dd748ea778adc52bc498ce80524c014b81119,00000000,,,,,False,,,,,,,,,,False,False
/application/zukanlist/zkn_data/zukan_enc_diamond.narc,/application/zukanlist/zkn_data/zukan_enc_diamond.narc!/member_03016,0,/application/zukanlist/zkn_data/zukan_enc_diamond.narc,91,3016,,58560,58564,18876,18880,4,df3f619804a92fdb4057192dc43dd748ea778adc52bc498ce80524c014b81119,00000000,,,,,False,,,,,,,,,,False,False
/application/zukanlist/zkn_data/zukan_enc_diamond.narc,/application/zukanlist/zkn_data/zukan_enc_diamond.narc!/member_03017,0,/application/zukanlist/zkn_data/zukan_enc_diamond.narc,91,3017,,58564,58576,18880,18892,12,412fee03734b70c2e5c53832edafd1418668096d2063c8ac0bd472aa260c269e,2a0000003100000000000000,,,,,False,,,,,,,,,,False,False
/application/zukanlist/zkn_data/zukan_enc_diamond.narc,/application/zukanlist/zkn_data/zukan_enc_diamond.narc!/member_03018,0,/application/zukanlist/zkn_data/zukan_enc_diamond.narc,91,3018,,58576,58592,18892,18908,16,a1267a6bc81318299e14eee627f545bf26042cc6735859c3e7456ea43a8cd0dc,260000002a0000003100000000000000,,,,,False,,,,,,,,,,False,False
/application/zukanlist/zkn_data/zukan_enc_diamond.narc,/application/zukanlist/zkn_data/zukan_enc_diamond.narc!/member_03019,0,/application/zukanlist/zkn_data/zukan_enc_diamond.narc,91,3019,,58592,58596,18908,18912,4,df3f619804a92fdb4057192dc43dd748ea778adc52bc498ce80524c014b81119,00000000,,,,,False,,,,,,,,,,False,False
/application/zukanlist/zkn_data/zukan_enc_diamond.narc,/application/zukanlist/zkn_data/zukan_enc_diamond.narc!/member_03020,0,/application/zukanlist/zkn_data/zukan_enc_diamond.narc,91,3020,,58596,58600,18912,18916,4,df3f619804a92fdb4057192dc43dd748ea778adc52bc498ce80524c014b81119,00000000,,,,,False,,,,,,,,,,False,False
/application/zukanlist/zkn_data/zukan_enc_diamond.narc,/application/zukanlist/zkn_data/zukan_enc_diamond.narc!/member_03021,0,/application/zukanlist/zkn_data/zukan_enc_diamond.narc,91,3021,,58600,58604,18916,18920,4,df3f619804a92fdb4057192dc43dd748ea778adc52bc498ce80524c014b81119,00000000,,,,,False,,,,,,,,,,False,False
/application/zukanlist/zkn_data/zukan_enc_diamond.narc,/application/zukanlist/zkn_data/zukan_enc_diamond.narc!/member_03022,0,/application/zukanlist/zkn_data/zukan_enc_diamond.narc,91,3022,,58604,58608,18920,18924,4,df3f619804a92fdb4057192dc43dd748ea778adc52bc498ce80524c014b81119,00000000,,,,,False,,,,,,,,,,False,False
/application/zukanlist/zkn_data/zukan_enc_diamond.narc,/application/zukanlist/zkn_data/zukan_enc_diamond.narc!/member_03023,0,/application/zukanlist/zkn_data/zukan_enc_diamond.narc,91,3023,,58608,58612,18924,18928,4,df3f619804a92fdb4057192dc43dd748ea778adc52bc498ce80524c014b81119,00000000,,,,,False,,,,,,,,,,False,False
/application/zukanlist/zkn_data/zukan_enc_diamond.narc,/application/zukanlist/zkn_data/zukan_enc_diamond.narc!/member_03024,0,/application/zukanlist/zkn_data/zukan_enc_diamond.narc,91,3024,,58612,58620,18928,18936,8,b8282e78d87c2a42f7c0f5b543c0d7760d3fe5a3860a25c20ec57ddaa4d80b81,2900000000000000,,,,,False,,,,,,,,,,False,False
/application/zukanlist/zkn_data/zukan_enc_diamond.narc,/application/zukanlist/zkn_data/zukan_enc_diamond.narc!/member_03025,0,/application/zukanlist/zkn_data/zukan_enc_diamond.narc,91,3025,,58620,58628,18936,18944,8,b8282e78d87c2a42f7c0f5b543c0d7760d3fe5a3860a25c20ec57ddaa4d80b81,2900000000000000,,,,,False,,,,,,,,,,False,False
/application/zukanlist/zkn_data/zukan_enc_diamond.narc,/application/zukanlist/zkn_data/zukan_enc_diamond.narc!/member_03026,0,/application/zukanlist/zkn_data/zukan_enc_diamond.narc,91,3026,,58628,58632,18944,18948,4,df3f619804a92fdb4057192dc43dd748ea778adc52bc498ce80524c014b81119,00000000,,,,,False,,,,,,,,,,False,False
/application/zukanlist/zkn_data/zukan_enc_diamond.narc,/application/zukanlist/zkn_data/zukan_enc_diamond.narc!/member_03027,0,/application/zukanlist/zkn_data/zukan_enc_diamond.narc,91,3027,,58632,58636,18948,18952,4,df3f619804a92fdb4057192dc43dd748ea778adc52bc498ce80524c014b81119,00000000,,,,,False,,,,,,,,,,False,False
/application/zukanlist/zkn_data/zukan_enc_diamond.narc,/application/zukanlist/zkn_data/zukan_enc_diamond.narc!/member_03028,0,/application/zukanlist/zkn_data/zukan_enc_diamond.narc,91,3028,,58636,58688,18952,19004,52,0cb0702a64ee4b85533b4fae194e3a2d7aee13b100431cf47cd9ee847c4e5630,020000000e0000000f00000010000000,,,,,False,,,,,,,,,,False,False
/application/zukanlist/zkn_data/zukan_enc_diamond.narc,/application/zukanlist/zkn_data/zukan_enc_diamond.narc!/member_03029,0,/application/zukanlist/zkn_data/zukan_enc_diamond.narc,91,3029,,58688,58756,19004,19072,68,a29bb656fcac2c11dd99696a48224f22f329edf338d4063910dcf690a39bb5b0,020000000e0000000f00000010000000,,,,,False,,,,,,,,,,False,False
/application/zukanlist/zkn_data/zukan_enc_diamond.narc,/application/zukanlist/zkn_data/zukan_enc_diamond.narc!/member_03030,0,/application/zukanlist/zkn_data/zukan_enc_diamond.narc,91,3030,,58756,58760,19072,19076,4,df3f619804a92fdb4057192dc43dd748ea778adc52bc498ce80524c014b81119,00000000,,,,,False,,,,,,,,,,False,False
/application/zukanlist/zkn_data/zukan_enc_diamond.narc,/application/zukanlist/zkn_data/zukan_enc_diamond.narc!/member_03031,0,/application/zukanlist/zkn_data/zukan_enc_diamond.narc,91,3031,,58760,58764,19076,19080,4,df3f619804a92fdb4057192dc43dd748ea778adc52bc498ce80524c014b81119,00000000,,,,,False,,,,,,,,,,False,False
/application/zukanlist/zkn_data/zukan_enc_diamond.narc,/application/zukanlist/zkn_data/zukan_enc_diamond.narc!/member_03032,0,/application/zukanlist/zkn_data/zukan_enc_diamond.narc,91,3032,,58764,58768,19080,19084,4,df3f619804a92fdb4057192dc43dd748ea778adc52bc498ce80524c014b81119,00000000,,,,,False,,,,,,,,,,False,False
/application/zukanlist/zkn_data/zukan_enc_diamond.narc,/application/zukanlist/zkn_data/zukan_enc_diamond.narc!/member_03033,0,/application/zukanlist/zkn_data/zukan_enc_diamond.narc,91,3033,,58768,58772,19084,19088,4,df3f619804a92fdb4057192dc43dd748ea778adc52bc498ce80524c014b81119,00000000,,,,,False,,,,,,,,,,False,False
/application/zukanlist/zkn_data/zukan_enc_diamond.narc,/application/zukanlist/zkn_data/zukan_enc_diamond.narc!/member_03034,0,/application/zukanlist/zkn_data/zukan_enc_diamond.narc,91,3034,,58772,58788,19088,19104,16,c0e20e0b137f75c599bdafdfc772fb5a1155439e2123d6339479418834cb05ff,27000000280000002900000000000000,,,,,False,,,,,,,,,,False,False
/application/zukanlist/zkn_data/zukan_enc_diamond.narc,/application/zukanlist/zkn_data/zukan_enc_diamond.narc!/member_03035,0,/application/zukanlist/zkn_data/zukan_enc_diamond.narc,91,3035,,58788,58804,19104,19120,16,c0e20e0b137f75c599bdafdfc772fb5a1155439e2123d6339479418834cb05ff,27000000280000002900000000000000,,,,,False,,,,,,,,,,False,False
/application/zukanlist/zkn_data/zukan_enc_diamond.narc,/application/zukanlist/zkn_data/zukan_enc_diamond.narc!/member_03036,0,/application/zukanlist/zkn_data/zukan_enc_diamond.narc,91,3036,,58804,58808,19120,19124,4,df3f619804a92fdb4057192dc43dd748ea778adc52bc498ce80524c014b81119,00000000,,,,,False,,,,,,,,,,False,False
/application/zukanlist/zkn_data/zukan_enc_diamond.narc,/application/zukanlist/zkn_data/zukan_enc_diamond.narc!/member_03037,0,/application/zukanlist/zkn_data/zukan_enc_diamond.narc,91,3037,,58808,58820,19124,19136,12,f3eaf50b7b9910204c0c72c73353ea7575297acc9bad11552e158f673c31387d,0e0000001f00000000000000,,,,,False,,,,,,,,,,False,False
/application/zukanlist/zkn_data/zukan_enc_diamond.narc,/application/zukanlist/zkn_data/zukan_enc_diamond.narc!/member_03038,0,/application/zukanlist/zkn_data/zukan_enc_diamond.narc,91,3038,,58820,58828,19136,19144,8,d5cc13b299a327f47cd6361d0441d7edb9d48568f33b460ba17f6a4e3a2ef7ae,1f00000000000000,,,,,False,,,,,,,,,,False,False
/application/zukanlist/zkn_data/zukan_enc_diamond.narc,/application/zukanlist/zkn_data/zukan_enc_diamond.narc!/member_03039,0,/application/zukanlist/zkn_data/zukan_enc_diamond.narc,91,3039,,58828,58832,19144,19148,4,df3f619804a92fdb4057192dc43dd748ea778adc52bc498ce80524c014b81119,00000000,,,,,False,,,,,,,,,,False,False
/application/zukanlist/zkn_data/zukan_enc_diamond.narc,/application/zukanlist/zkn_data/zukan_enc_diamond.narc!/member_03040,0,/application/zukanlist/zkn_data/zukan_enc_diamond.narc,91,3040,,58832,58848,19148,19164,16,c9587e2b125aa454fb6d6fe1d01cde87baa74522f61817135219657954832831,14000000150000001800000000000000,,,,,False,,,,,,,,,,False,False
/application/zukanlist/zkn_data/zukan_enc_diamond.narc,/application/zukanlist/zkn_data/zukan_enc_diamond.narc!/member_03041,0,/application/zukanlist/zkn_data/zukan_enc_diamond.narc,91,3041,,58848,58880,19164,19196,32,75376cdf1cd55860b2c5911f19dd104ed424e9a8aa7ab8afbecdb27b6775c98a,0b000000180000001a00000020000000,,,,,False,,,,,,,,,,False,False
/application/zukanlist/zkn_data/zukan_enc_diamond.narc,/application/zukanlist/zkn_data/zukan_enc_diamond.narc!/member_03042,0,/application/zukanlist/zkn_data/zukan_enc_diamond.narc,91,3042,,58880,58884,19196,19200,4,df3f619804a92fdb4057192dc43dd748ea778adc52bc498ce80524c014b81119,00000000,,,,,False,,,,,,,,,,False,False
/application/zukanlist/zkn_data/zukan_enc_diamond.narc,/application/zukanlist/zkn_data/zukan_enc_diamond.narc!/member_03043,0,/application/zukanlist/zkn_data/zukan_enc_diamond.narc,91,3043,,58884,58896,19200,19212,12,412fee03734b70c2e5c53832edafd1418668096d2063c8ac0bd472aa260c269e,2a0000003100000000000000,,,,,False,,,,,,,,,,False,False
/application/zukanlist/zkn_data/zukan_enc_diamond.narc,/application/zukanlist/zkn_data/zukan_enc_diamond.narc!/member_03044,0,/application/zukanlist/zkn_data/zukan_enc_diamond.narc,91,3044,,58896,58912,19212,19228,16,a1267a6bc81318299e14eee627f545bf26042cc6735859c3e7456ea43a8cd0dc,260000002a0000003100000000000000,,,,,False,,,,,,,,,,False,False
/application/zukanlist/zkn_data/zukan_enc_diamond.narc,/application/zukanlist/zkn_data/zukan_enc_diamond.narc!/member_03045,0,/application/zukanlist/zkn_data/zukan_enc_diamond.narc,91,3045,,58912,58916,19228,19232,4,df3f619804a92fdb4057192dc43dd748ea778adc52bc498ce80524c014b81119,00000000,,,,,False,,,,,,,,,,False,False
/application/zukanlist/zkn_data/zukan_enc_diamond.narc,/application/zukanlist/zkn_data/zukan_enc_diamond.narc!/member_03046,0,/application/zukanlist/zkn_data/zukan_enc_diamond.narc,91,3046,,58916,58968,19232,19284,52,bc7e2ff2d27288d7059fd84911a6ea85cb3fa913cc3e8e1364079585f0ee1e33,01000000030000000600000007000000,,,,,False,,,,,,,,,,False,False
/application/zukanlist/zkn_data/zukan_enc_diamond.narc,/application/zukanlist/zkn_data/zukan_enc_diamond.narc!/member_03047,0,/application/zukanlist/zkn_data/zukan_enc_diamond.narc,91,3047,,58968,59044,19284,19360,76,2ab8a4814c217d3b97ffa028b9d1c899cc85e20d1ee703b59286bee2421917d8,01000000030000000400000005000000,,,,,False,,,,,,,,,,False,False
/application/zukanlist/zkn_data/zukan_enc_diamond.narc,/application/zukanlist/zkn_data/zukan_enc_diamond.narc!/member_03048,0,/application/zukanlist/zkn_data/zukan_enc_diamond.narc,91,3048,,59044,59076,19360,19392,32,ca7983119800b92092ef420416fb86fefed766ebc18f197b8dc2d7abda2b2194,0a000000130000001400000017000000,,,,,False,,,,,,,,,,False,False
/application/zukanlist/zkn_data/zukan_enc_diamond.narc,/application/zukanlist/zkn_data/zukan_enc_diamond.narc!/member_03049,0,/application/zukanlist/zkn_data/zukan_enc_diamond.narc,91,3049,,59076,59104,19392,19420,28,1a1a592f9f3683bcd6617d2bb2c887dc96b3f4d1eb877e891a9822d54bdca932,080000000a0000001a0000001e000000,,,,,False,,,,,,,,,,False,False
/application/zukanlist/zkn_data/zukan_enc_diamond.narc,/application/zukanlist/zkn_data/zukan_enc_diamond.narc!/member_03050,0,/application/zukanlist/zkn_data/zukan_enc_diamond.narc,91,3050,,59104,59108,19420,19424,4,df3f619804a92fdb4057192dc43dd748ea778adc52bc498ce80524c014b81119,00000000,,,,,False,,,,,,,,,,False,False
/application/zukanlist/zkn_data/zukan_enc_diamond.narc,/application/zukanlist/zkn_data/zukan_enc_diamond.narc!/member_03051,0,/application/zukanlist/zkn_data/zukan_enc_diamond.narc,91,3051,,59108,59136,19424,19452,28,b17f4a7e944949d42f678c9e64a96aa82a61ef857da3824b4d6285df7bd57e15,1300000017000000190000001a000000,,,,,False,,,,,,,,,,False,False
/application/zukanlist/zkn_data/zukan_enc_diamond.narc,/application/zukanlist/zkn_data/zukan_enc_diamond.narc!/member_03052,0,/application/zukanlist/zkn_data/zukan_enc_diamond.narc,91,3052,,59136,59140,19452,19456,4,df3f619804a92fdb4057192dc43dd748ea778adc52bc498ce80524c014b81119,00000000,,,,,False,,,,,,,,,,False,False
/application/zukanlist/zkn_data/zukan_enc_diamond.narc,/application/zukanlist/zkn_data/zukan_enc_diamond.narc!/member_03053,0,/application/zukanlist/zkn_data/zukan_enc_diamond.narc,91,3053,,59140,59144,19456,19460,4,df3f619804a92fdb4057192dc43dd748ea778adc52bc498ce80524c014b81119,00000000,,,,,False,,,,,,,,,,False,False
/application/zukanlist/zkn_data/zukan_enc_diamond.narc,/application/zukanlist/zkn_data/zukan_enc_diamond.narc!/member_03054,0,/application/zukanlist/zkn_data/zukan_enc_diamond.narc,91,3054,,59144,59148,19460,19464,4,df3f619804a92fdb4057192dc43dd748ea778adc52bc498ce80524c014b81119,00000000,,,,,False,,,,,,,,,,False,False
/application/zukanlist/zkn_data/zukan_enc_diamond.narc,/application/zukanlist/zkn_data/zukan_enc_diamond.narc!/member_03055,0,/application/zukanlist/zkn_data/zukan_enc_diamond.narc,91,3055,,59148,59152,19464,19468,4,df3f619804a92fdb4057192dc43dd748ea778adc52bc498ce80524c014b81119,00000000,,,,,False,,,,,,,,,,False,False
/application/zukanlist/zkn_data/zukan_enc_diamond.narc,/application/zukanlist/zkn_data/zukan_enc_diamond.narc!/member_03056,0,/application/zukanlist/zkn_data/zukan_enc_diamond.narc,91,3056,,59152,59156,19468,19472,4,df3f619804a92fdb4057192dc43dd748ea778adc52bc498ce80524c014b81119,00000000,,,,,False,,,,,,,,,,False,False
/application/zukanlist/zkn_data/zukan_enc_diamond.narc,/application/zukanlist/zkn_data/zukan_enc_diamond.narc!/member_03057,0,/application/zukanlist/zkn_data/zukan_enc_diamond.narc,91,3057,,59156,59160,19472,19476,4,df3f619804a92fdb4057192dc43dd748ea778adc52bc498ce80524c014b81119,00000000,,,,,False,,,,,,,,,,False,False
/application/zukanlist/zkn_data/zukan_enc_diamond.narc,/application/zukanlist/zkn_data/zukan_enc_diamond.narc!/member_03058,0,/application/zukanlist/zkn_data/zukan_enc_diamond.narc,91,3058,,59160,59164,19476,19480,4,df3f619804a92fdb4057192dc43dd748ea778adc52bc498ce80524c014b81119,00000000,,,,,False,,,,,,,,,,False,False
/application/zukanlist/zkn_data/zukan_enc_diamond.narc,/application/zukanlist/zkn_data/zukan_enc_diamond.narc!/member_03059,0,/application/zukanlist/zkn_data/zukan_enc_diamond.narc,91,3059,,59164,59168,19480,19484,4,df3f619804a92fdb4057192dc43dd748ea778adc52bc498ce80524c014b81119,00000000,,,,,False,,,,,,,,,,False,False
/application/zukanlist/zkn_data/zukan_enc_diamond.narc,/application/zukanlist/zkn_data/zukan_enc_diamond.narc!/member_03060,0,/application/zukanlist/zkn_data/zukan_enc_diamond.narc,91,3060,,59168,59180,19484,19496,12,5f79b89985997b5b95a381b4287b597a8c969b30812e71bbe57fcbc2cf911ff2,300000003100000000000000,,Nintendo RLE,Probable,,True,Nintendo RLE,Probable,False,49,,,,,,False,False
/application/zukanlist/zkn_data/zukan_enc_diamond.narc,/application/zukanlist/zkn_data/zukan_enc_diamond.narc!/member_03061,0,/application/zukanlist/zkn_data/zukan_enc_diamond.narc,91,3061,,59180,59192,19496,19508,12,5f79b89985997b5b95a381b4287b597a8c969b30812e71bbe57fcbc2cf911ff2,300000003100000000000000,,Nintendo RLE,Probable,,True,Nintendo RLE,Probable,False,49,,,,,,False,False
/application/zukanlist/zkn_data/zukan_enc_diamond.narc,/application/zukanlist/zkn_data/zukan_enc_diamond.narc!/member_03062,0,/application/zukanlist/zkn_data/zukan_enc_diamond.narc,91,3062,,59192,59196,19508,19512,4,df3f619804a92fdb4057192dc43dd748ea778adc52bc498ce80524c014b81119,00000000,,,,,False,,,,,,,,,,False,False
/application/zukanlist/zkn_data/zukan_enc_diamond.narc,/application/zukanlist/zkn_data/zukan_enc_diamond.narc!/member_03063,0,/application/zukanlist/zkn_data/zukan_enc_diamond.narc,91,3063,,59196,59200,19512,19516,4,df3f619804a92fdb4057192dc43dd748ea778adc52bc498ce80524c014b81119,00000000,,,,,False,,,,,,,,,,False,False
/application/zukanlist/zkn_data/zukan_enc_diamond.narc,/application/zukanlist/zkn_data/zukan_enc_diamond.narc!/member_03064,0,/application/zukanlist/zkn_data/zukan_enc_diamond.narc,91,3064,,59200,59216,19516,19532,16,f02a59e25f28c5430817846511bae48e7c81ec9f1fe011e02713614d466d0a88,06000000070000001100000000000000,,,,,False,,,,,,,,,,False,False
/application/zukanlist/zkn_data/zukan_enc_diamond.narc,/application/zukanlist/zkn_data/zukan_enc_diamond.narc!/member_03065,0,/application/zukanlist/zkn_data/zukan_enc_diamond.narc,91,3065,,59216,59220,19532,19536,4,df3f619804a92fdb4057192dc43dd748ea778adc52bc498ce80524c014b81119,00000000,,,,,False,,,,,,,,,,False,False
/application/zukanlist/zkn_data/zukan_enc_diamond.narc,/application/zukanlist/zkn_data/zukan_enc_diamond.narc!/member_03066,0,/application/zukanlist/zkn_data/zukan_enc_diamond.narc,91,3066,,59220,59224,19536,19540,4,df3f619804a92fdb4057192dc43dd748ea778adc52bc498ce80524c014b81119,00000000,,,,,False,,,,,,,,,,False,False
/application/zukanlist/zkn_data/zukan_enc_diamond.narc,/application/zukanlist/zkn_data/zukan_enc_diamond.narc!/member_03067,0,/application/zukanlist/zkn_data/zukan_enc_diamond.narc,91,3067,,59224,59228,19540,19544,4,df3f619804a92fdb4057192dc43dd748ea778adc52bc498ce80524c014b81119,00000000,,,,,False,,,,,,,,,,False,False
/application/zukanlist/zkn_data/zukan_enc_diamond.narc,/application/zukanlist/zkn_data/zukan_enc_diamond.narc!/member_03068,0,/application/zukanlist/zkn_data/zukan_enc_diamond.narc,91,3068,,59228,59232,19544,19548,4,df3f619804a92fdb4057192dc43dd748ea778adc52bc498ce80524c014b81119,00000000,,,,,False,,,,,,,,,,False,False
/application/zukanlist/zkn_data/zukan_enc_diamond.narc,/application/zukanlist/zkn_data/zukan_enc_diamond.narc!/member_03069,0,/application/zukanlist/zkn_data/zukan_enc_diamond.narc,91,3069,,59232,59236,19548,19552,4,df3f619804a92fdb4057192dc43dd748ea778adc52bc498ce80524c014b81119,00000000,,,,,False,,,,,,,,,,False,False
/application/zukanlist/zkn_data/zukan_enc_diamond.narc,/application/zukanlist/zkn_data/zukan_enc_diamond.narc!/member_03070,0,/application/zukanlist/zkn_data/zukan_enc_diamond.narc,91,3070,,59236,59240,19552,19556,4,df3f619804a92fdb4057192dc43dd748ea778adc52bc498ce80524c014b81119,00000000,,,,,False,,,,,,,,,,False,False
/application/zukanlist/zkn_data/zukan_enc_diamond.narc,/application/zukanlist/zkn_data/zukan_enc_diamond.narc!/member_03071,0,/application/zukanlist/zkn_data/zukan_enc_diamond.narc,91,3071,,59240,59244,19556,19560,4,df3f619804a92fdb4057192dc43dd748ea778adc52bc498ce80524c014b81119,00000000,,,,,False,,,,,,,,,,False,False
/application/zukanlist/zkn_data/zukan_enc_diamond.narc,/application/zukanlist/zkn_data/zukan_enc_diamond.narc!/member_03072,0,/application/zukanlist/zkn_data/zukan_enc_diamond.narc,91,3072,,59244,59248,19560,19564,4,df3f619804a92fdb4057192dc43dd748ea778adc52bc498ce80524c014b81119,00000000,,,,,False,,,,,,,,,,False,False
/application/zukanlist/zkn_data/zukan_enc_diamond.narc,/application/zukanlist/zkn_data/zukan_enc_diamond.narc!/member_03073,0,/application/zukanlist/zkn_data/zukan_enc_diamond.narc,91,3073,,59248,59252,19564,19568,4,df3f619804a92fdb4057192dc43dd748ea778adc52bc498ce80524c014b81119,00000000,,,,,False,,,,,,,,,,False,False
/application/zukanlist/zkn_data/zukan_enc_diamond.narc,/application/zukanlist/zkn_data/zukan_enc_diamond.narc!/member_03074,0,/application/zukanlist/zkn_data/zukan_enc_diamond.narc,91,3074,,59252,59256,19568,19572,4,df3f619804a92fdb4057192dc43dd748ea778adc52bc498ce80524c014b81119,00000000,,,,,False,,,,,,,,,,False,False
/application/zukanlist/zkn_data/zukan_enc_diamond.narc,/application/zukanlist/zkn_data/zukan_enc_diamond.narc!/member_03075,0,/application/zukanlist/zkn_data/zukan_enc_diamond.narc,91,3075,,59256,59260,19572,19576,4,df3f619804a92fdb4057192dc43dd748ea778adc52bc498ce80524c014b81119,00000000,,,,,False,,,,,,,,,,False,False
/application/zukanlist/zkn_data/zukan_enc_diamond.narc,/application/zukanlist/zkn_data/zukan_enc_diamond.narc!/member_03076,0,/application/zukanlist/zkn_data/zukan_enc_diamond.narc,91,3076,,59260,59264,19576,19580,4,df3f619804a92fdb4057192dc43dd748ea778adc52bc498ce80524c014b81119,00000000,,,,,False,,,,,,,,,,False,False
/application/zukanlist/zkn_data/zukan_enc_diamond.narc,/application/zukanlist/zkn_data/zukan_enc_diamond.narc!/member_03077,0,/application/zukanlist/zkn_data/zukan_enc_diamond.narc,91,3077,,59264,59268,19580,19584,4,df3f619804a92fdb4057192dc43dd748ea778adc52bc498ce80524c014b81119,00000000,,,,,False,,,,,,,,,,False,False
/application/zukanlist/zkn_data/zukan_enc_diamond.narc,/application/zukanlist/zkn_data/zukan_enc_diamond.narc!/member_03078,0,/application/zukanlist/zkn_data/zukan_enc_diamond.narc,91,3078,,59268,59272,19584,19588,4,df3f619804a92fdb4057192dc43dd748ea778adc52bc498ce80524c014b81119,00000000,,,,,False,,,,,,,,,,False,False
/application/zukanlist/zkn_data/zukan_enc_diamond.narc,/application/zukanlist/zkn_data/zukan_enc_diamond.narc!/member_03079,0,/application/zukanlist/zkn_data/zukan_enc_diamond.narc,91,3079,,59272,59276,19588,19592,4,df3f619804a92fdb4057192dc43dd748ea778adc52bc498ce80524c014b81119,00000000,,,,,False,,,,,,,,,,False,False
/application/zukanlist/zkn_data/zukan_enc_diamond.narc,/application/zukanlist/zkn_data/zukan_enc_diamond.narc!/member_03080,0,/application/zukanlist/zkn_data/zukan_enc_diamond.narc,91,3080,,59276,59280,19592,19596,4,df3f619804a92fdb4057192dc43dd748ea778adc52bc498ce80524c014b81119,00000000,,,,,False,,,,,,,,,,False,False
/application/zukanlist/zkn_data/zukan_enc_diamond.narc,/application/zukanlist/zkn_data/zukan_enc_diamond.narc!/member_03081,0,/application/zukanlist/zkn_data/zukan_enc_diamond.narc,91,3081,,59280,59284,19596,19600,4,df3f619804a92fdb4057192dc43dd748ea778adc52bc498ce80524c014b81119,00000000,,,,,False,,,,,,,,,,False,False
/application/zukanlist/zkn_data/zukan_enc_diamond.narc,/application/zukanlist/zkn_data/zukan_enc_diamond.narc!/member_03082,0,/application/zukanlist/zkn_data/zukan_enc_diamond.narc,91,3082,,59284,59288,19600,19604,4,df3f619804a92fdb4057192dc43dd748ea778adc52bc498ce80524c014b81119,00000000,,,,,False,,,,,,,,,,False,False
/application/zukanlist/zkn_data/zukan_enc_diamond.narc,/application/zukanlist/zkn_data/zukan_enc_diamond.narc!/member_03083,0,/application/zukanlist/zkn_data/zukan_enc_diamond.narc,91,3083,,59288,59292,19604,19608,4,df3f619804a92fdb4057192dc43dd748ea778adc52bc498ce80524c014b81119,00000000,,,,,False,,,,,,,,,,False,False
/application/zukanlist/zkn_data/zukan_enc_diamond.narc,/application/zukanlist/zkn_data/zukan_enc_diamond.narc!/member_03084,0,/application/zukanlist/zkn_data/zukan_enc_diamond.narc,91,3084,,59292,59304,19608,19620,12,82845f601ec6f67c6123951adc94a3a015e24cb0ab292fb289695e981c4a6a7a,080000002800000000000000,,,,,False,,,,,,,,,,False,False
/application/zukanlist/zkn_data/zukan_enc_diamond.narc,/application/zukanlist/zkn_data/zukan_enc_diamond.narc!/member_03085,0,/application/zukanlist/zkn_data/zukan_enc_diamond.narc,91,3085,,59304,59316,19620,19632,12,82845f601ec6f67c6123951adc94a3a015e24cb0ab292fb289695e981c4a6a7a,080000002800000000000000,,,,,False,,,,,,,,,,False,False
/application/zukanlist/zkn_data/zukan_enc_diamond.narc,/application/zukanlist/zkn_data/zukan_enc_diamond.narc!/member_03086,0,/application/zukanlist/zkn_data/zukan_enc_diamond.narc,91,3086,,59316,59332,19632,19648,16,c081698ecbc147b7a7bf91906a7c80b6cdbf7118afa1d59efee6ddb16a2606c8,08000000280000002900000000000000,,,,,False,,,,,,,,,,False,False
/application/zukanlist/zkn_data/zukan_enc_diamond.narc,/application/zukanlist/zkn_data/zukan_enc_diamond.narc!/member_03087,0,/application/zukanlist/zkn_data/zukan_enc_diamond.narc,91,3087,,59332,59344,19648,19660,12,8274d6cd5c457eb9d21d15ef7fc534c460554c75de83491091c05d37d1934bf7,160000001700000000000000,,,,,False,,,,,,,,,,False,False
/application/zukanlist/zkn_data/zukan_enc_diamond.narc,/application/zukanlist/zkn_data/zukan_enc_diamond.narc!/member_03088,0,/application/zukanlist/zkn_data/zukan_enc_diamond.narc,91,3088,,59344,59348,19660,19664,4,df3f619804a92fdb4057192dc43dd748ea778adc52bc498ce80524c014b81119,00000000,,,,,False,,,,,,,,,,False,False
/application/zukanlist/zkn_data/zukan_enc_diamond.narc,/application/zukanlist/zkn_data/zukan_enc_diamond.narc!/member_03089,0,/application/zukanlist/zkn_data/zukan_enc_diamond.narc,91,3089,,59348,59352,19664,19668,4,df3f619804a92fdb4057192dc43dd748ea778adc52bc498ce80524c014b81119,00000000,,,,,False,,,,,,,,,,False,False
/application/zukanlist/zkn_data/zukan_enc_diamond.narc,/application/zukanlist/zkn_data/zukan_enc_diamond.narc!/member_03090,0,/application/zukanlist/zkn_data/zukan_enc_diamond.narc,91,3090,,59352,59360,19668,19676,8,4779cee98e83f1a1592de4f293107545fabab96772e43de89f3437b35f08938f,3000000000000000,,Nintendo RLE,Probable,,True,Nintendo RLE,Probable,False,0,,,,,,False,False
/application/zukanlist/zkn_data/zukan_enc_diamond.narc,/application/zukanlist/zkn_data/zukan_enc_diamond.narc!/member_03091,0,/application/zukanlist/zkn_data/zukan_enc_diamond.narc,91,3091,,59360,59368,19676,19684,8,4779cee98e83f1a1592de4f293107545fabab96772e43de89f3437b35f08938f,3000000000000000,,Nintendo RLE,Probable,,True,Nintendo RLE,Probable,False,0,,,,,,False,False
/application/zukanlist/zkn_data/zukan_enc_diamond.narc,/application/zukanlist/zkn_data/zukan_enc_diamond.narc!/member_03092,0,/application/zukanlist/zkn_data/zukan_enc_diamond.narc,91,3092,,59368,59404,19684,19720,36,cd2d265400cdefa5032cea7071cfd8746969ee4e292e82a674fd8f708ae46a28,0e0000000f0000001000000016000000,,,,,False,,,,,,,,,,False,False
/application/zukanlist/zkn_data/zukan_enc_diamond.narc,/application/zukanlist/zkn_data/zukan_enc_diamond.narc!/member_03093,0,/application/zukanlist/zkn_data/zukan_enc_diamond.narc,91,3093,,59404,59440,19720,19756,36,cd2d265400cdefa5032cea7071cfd8746969ee4e292e82a674fd8f708ae46a28,0e0000000f0000001000000016000000,,,,,False,,,,,,,,,,False,False
/application/zukanlist/zkn_data/zukan_enc_diamond.narc,/application/zukanlist/zkn_data/zukan_enc_diamond.narc!/member_03094,0,/application/zukanlist/zkn_data/zukan_enc_diamond.narc,91,3094,,59440,59452,19756,19768,12,26e932d7918278fb621172cc61dee1659b87da039613f6212f4959d013f243cd,010000000400000000000000,,,,,False,,,,,,,,,,False,False
/application/zukanlist/zkn_data/zukan_enc_diamond.narc,/application/zukanlist/zkn_data/zukan_enc_diamond.narc!/member_03095,0,/application/zukanlist/zkn_data/zukan_enc_diamond.narc,91,3095,,59452,59456,19768,19772,4,df3f619804a92fdb4057192dc43dd748ea778adc52bc498ce80524c014b81119,00000000,,,,,False,,,,,,,,,,False,False
/application/zukanlist/zkn_data/zukan_enc_diamond.narc,/application/zukanlist/zkn_data/zukan_enc_diamond.narc!/member_03096,0,/application/zukanlist/zkn_data/zukan_enc_diamond.narc,91,3096,,59456,59468,19772,19784,12,e62cad2a143d0040514d566eefc5b202ac4bf902ec8ce6223bf2f2be30309b4a,220000002500000000000000,,,,,False,,,,,,,,,,False,False
/application/zukanlist/zkn_data/zukan_enc_diamond.narc,/application/zukanlist/zkn_data/zukan_enc_diamond.narc!/member_03097,0,/application/zukanlist/zkn_data/zukan_enc_diamond.narc,91,3097,,59468,59476,19784,19792,8,ed049108bc18f2c64369e8d0ea42850bdd1a7d1dd340cfde716315579702a76c,2a00000000000000,,,,,False,,,,,,,,,,False,False
/application/zukanlist/zkn_data/zukan_enc_diamond.narc,/application/zukanlist/zkn_data/zukan_enc_diamond.narc!/member_03098,0,/application/zukanlist/zkn_data/zukan_enc_diamond.narc,91,3098,,59476,59480,19792,19796,4,df3f619804a92fdb4057192dc43dd748ea778adc52bc498ce80524c014b81119,00000000,,,,,False,,,,,,,,,,False,False
/application/zukanlist/zkn_data/zukan_enc_diamond.narc,/application/zukanlist/zkn_data/zukan_enc_diamond.narc!/member_03099,0,/application/zukanlist/zkn_data/zukan_enc_diamond.narc,91,3099,,59480,59484,19796,19800,4,df3f619804a92fdb4057192dc43dd748ea778adc52bc498ce80524c014b81119,00000000,,,,,False,,,,,,,,,,False,False
/application/zukanlist/zkn_data/zukan_enc_diamond.narc,/application/zukanlist/zkn_data/zukan_enc_diamond.narc!/member_03100,0,/application/zukanlist/zkn_data/zukan_enc_diamond.narc,91,3100,,59484,59488,19800,19804,4,df3f619804a92fdb4057192dc43dd748ea778adc52bc498ce80524c014b81119,00000000,,,,,False,,,,,,,,,,False,False
/application/zukanlist/zkn_data/zukan_enc_diamond.narc,/application/zukanlist/zkn_data/zukan_enc_diamond.narc!/member_03101,0,/application/zukanlist/zkn_data/zukan_enc_diamond.narc,91,3101,,59488,59492,19804,19808,4,df3f619804a92fdb4057192dc43dd748ea778adc52bc498ce80524c014b81119,00000000,,,,,False,,,,,,,,,,False,False
/application/zukanlist/zkn_data/zukan_enc_diamond.narc,/application/zukanlist/zkn_data/zukan_enc_diamond.narc!/member_03102,0,/application/zukanlist/zkn_data/zukan_enc_diamond.narc,91,3102,,59492,59496,19808,19812,4,df3f619804a92fdb4057192dc43dd748ea778adc52bc498ce80524c014b81119,00000000,,,,,False,,,,,,,,,,False,False
/application/zukanlist/zkn_data/zukan_enc_diamond.narc,/application/zukanlist/zkn_data/zukan_enc_diamond.narc!/member_03103,0,/application/zukanlist/zkn_data/zukan_enc_diamond.narc,91,3103,,59496,59644,19812,19960,148,b798f55240028a331b08e502e32378c39e0af5135ef9888029013ed89ef17a9e,01000000020000000300000004000000,,,,,False,,,,,,,,,,False,False
/application/zukanlist/zkn_data/zukan_enc_diamond.narc,/application/zukanlist/zkn_data/zukan_enc_diamond.narc!/member_03104,0,/application/zukanlist/zkn_data/zukan_enc_diamond.narc,91,3104,,59644,59792,19960,20108,148,b798f55240028a331b08e502e32378c39e0af5135ef9888029013ed89ef17a9e,01000000020000000300000004000000,,,,,False,,,,,,,,,,False,False
/application/zukanlist/zkn_data/zukan_enc_diamond.narc,/application/zukanlist/zkn_data/zukan_enc_diamond.narc!/member_03105,0,/application/zukanlist/zkn_data/zukan_enc_diamond.narc,91,3105,,59792,59796,20108,20112,4,df3f619804a92fdb4057192dc43dd748ea778adc52bc498ce80524c014b81119,00000000,,,,,False,,,,,,,,,,False,False
/application/zukanlist/zkn_data/zukan_enc_diamond.narc,/application/zukanlist/zkn_data/zukan_enc_diamond.narc!/member_03106,0,/application/zukanlist/zkn_data/zukan_enc_diamond.narc,91,3106,,59796,59800,20112,20116,4,df3f619804a92fdb4057192dc43dd748ea778adc52bc498ce80524c014b81119,00000000,,,,,False,,,,,,,,,,False,False
/application/zukanlist/zkn_data/zukan_enc_diamond.narc,/application/zukanlist/zkn_data/zukan_enc_diamond.narc!/member_03107,0,/application/zukanlist/zkn_data/zukan_enc_diamond.narc,91,3107,,59800,59804,20116,20120,4,df3f619804a92fdb4057192dc43dd748ea778adc52bc498ce80524c014b81119,00000000,,,,,False,,,,,,,,,,False,False
/application/zukanlist/zkn_data/zukan_enc_diamond.narc,/application/zukanlist/zkn_data/zukan_enc_diamond.narc!/member_03108,0,/application/zukanlist/zkn_data/zukan_enc_diamond.narc,91,3108,,59804,59808,20120,20124,4,df3f619804a92fdb4057192dc43dd748ea778adc52bc498ce80524c014b81119,00000000,,,,,False,,,,,,,,,,False,False
/application/zukanlist/zkn_data/zukan_enc_diamond.narc,/application/zukanlist/zkn_data/zukan_enc_diamond.narc!/member_03109,0,/application/zukanlist/zkn_data/zukan_enc_diamond.narc,91,3109,,59808,59812,20124,20128,4,df3f619804a92fdb4057192dc43dd748ea778adc52bc498ce80524c014b81119,00000000,,,,,False,,,,,,,,,,False,False
/application/zukanlist/zkn_data/zukan_enc_diamond.narc,/application/zukanlist/zkn_data/zukan_enc_diamond.narc!/member_03110,0,/application/zukanlist/zkn_data/zukan_enc_diamond.narc,91,3110,,59812,59816,20128,20132,4,df3f619804a92fdb4057192dc43dd748ea778adc52bc498ce80524c014b81119,00000000,,,,,False,,,,,,,,,,False,False
/application/zukanlist/zkn_data/zukan_enc_diamond.narc,/application/zukanlist/zkn_data/zukan_enc_diamond.narc!/member_03111,0,/application/zukanlist/zkn_data/zukan_enc_diamond.narc,91,3111,,59816,59820,20132,20136,4,df3f619804a92fdb4057192dc43dd748ea778adc52bc498ce80524c014b81119,00000000,,,,,False,,,,,,,,,,False,False
/application/zukanlist/zkn_data/zukan_enc_diamond.narc,/application/zukanlist/zkn_data/zukan_enc_diamond.narc!/member_03112,0,/application/zukanlist/zkn_data/zukan_enc_diamond.narc,91,3112,,59820,59824,20136,20140,4,df3f619804a92fdb4057192dc43dd748ea778adc52bc498ce80524c014b81119,00000000,,,,,False,,,,,,,,,,False,False
/application/zukanlist/zkn_data/zukan_enc_diamond.narc,/application/zukanlist/zkn_data/zukan_enc_diamond.narc!/member_03113,0,/application/zukanlist/zkn_data/zukan_enc_diamond.narc,91,3113,,59824,59828,20140,20144,4,df3f619804a92fdb4057192dc43dd748ea778adc52bc498ce80524c014b81119,00000000,,,,,False,,,,,,,,,,False,False
/application/zukanlist/zkn_data/zukan_enc_diamond.narc,/application/zukanlist/zkn_data/zukan_enc_diamond.narc!/member_03114,0,/application/zukanlist/zkn_data/zukan_enc_diamond.narc,91,3114,,59828,59832,20144,20148,4,df3f619804a92fdb4057192dc43dd748ea778adc52bc498ce80524c014b81119,00000000,,,,,False,,,,,,,,,,False,False
/application/zukanlist/zkn_data/zukan_enc_diamond.narc,/application/zukanlist/zkn_data/zukan_enc_diamond.narc!/member_03115,0,/application/zukanlist/zkn_data/zukan_enc_diamond.narc,91,3115,,59832,59836,20148,20152,4,df3f619804a92fdb4057192dc43dd748ea778adc52bc498ce80524c014b81119,00000000,,,,,False,,,,,,,,,,False,False
/application/zukanlist/zkn_data/zukan_enc_diamond.narc,/application/zukanlist/zkn_data/zukan_enc_diamond.narc!/member_03116,0,/application/zukanlist/zkn_data/zukan_enc_diamond.narc,91,3116,,59836,59840,20152,20156,4,df3f619804a92fdb4057192dc43dd748ea778adc52bc498ce80524c014b81119,00000000,,,,,False,,,,,,,,,,False,False
/application/zukanlist/zkn_data/zukan_enc_diamond.narc,/application/zukanlist/zkn_data/zukan_enc_diamond.narc!/member_03117,0,/application/zukanlist/zkn_data/zukan_enc_diamond.narc,91,3117,,59840,59844,20156,20160,4,df3f619804a92fdb4057192dc43dd748ea778adc52bc498ce80524c014b81119,00000000,,,,,False,,,,,,,,,,False,False
/application/zukanlist/zkn_data/zukan_enc_diamond.narc,/application/zukanlist/zkn_data/zukan_enc_diamond.narc!/member_03118,0,/application/zukanlist/zkn_data/zukan_enc_diamond.narc,91,3118,,59844,59848,20160,20164,4,df3f619804a92fdb4057192dc43dd748ea778adc52bc498ce80524c014b81119,00000000,,,,,False,,,,,,,,,,False,False
/application/zukanlist/zkn_data/zukan_enc_diamond.narc,/application/zukanlist/zkn_data/zukan_enc_diamond.narc!/member_03119,0,/application/zukanlist/zkn_data/zukan_enc_diamond.narc,91,3119,,59848,59852,20164,20168,4,df3f619804a92fdb4057192dc43dd748ea778adc52bc498ce80524c014b81119,00000000,,,,,False,,,,,,,,,,False,False
/application/zukanlist/zkn_data/zukan_enc_diamond.narc,/application/zukanlist/zkn_data/zukan_enc_diamond.narc!/member_03120,0,/application/zukanlist/zkn_data/zukan_enc_diamond.narc,91,3120,,59852,59856,20168,20172,4,df3f619804a92fdb4057192dc43dd748ea778adc52bc498ce80524c014b81119,00000000,,,,,False,,,,,,,,,,False,False
/application/zukanlist/zkn_data/zukan_enc_diamond.narc,/application/zukanlist/zkn_data/zukan_enc_diamond.narc!/member_03121,0,/application/zukanlist/zkn_data/zukan_enc_diamond.narc,91,3121,,59856,59860,20172,20176,4,df3f619804a92fdb4057192dc43dd748ea778adc52bc498ce80524c014b81119,00000000,,,,,False,,,,,,,,,,False,False
/application/zukanlist/zkn_data/zukan_enc_diamond.narc,/application/zukanlist/zkn_data/zukan_enc_diamond.narc!/member_03122,0,/application/zukanlist/zkn_data/zukan_enc_diamond.narc,91,3122,,59860,59864,20176,20180,4,df3f619804a92fdb4057192dc43dd748ea778adc52bc498ce80524c014b81119,00000000,,,,,False,,,,,,,,,,False,False
/application/zukanlist/zkn_data/zukan_enc_diamond.narc,/application/zukanlist/zkn_data/zukan_enc_diamond.narc!/member_03123,0,/application/zukanlist/zkn_data/zukan_enc_diamond.narc,91,3123,,59864,59868,20180,20184,4,df3f619804a92fdb4057192dc43dd748ea778adc52bc498ce80524c014b81119,00000000,,,,,False,,,,,,,,,,False,False
/application/zukanlist/zkn_data/zukan_enc_diamond.narc,/application/zukanlist/zkn_data/zukan_enc_diamond.narc!/member_03124,0,/application/zukanlist/zkn_data/zukan_enc_diamond.narc,91,3124,,59868,59872,20184,20188,4,df3f619804a92fdb4057192dc43dd748ea778adc52bc498ce80524c014b81119,00000000,,,,,False,,,,,,,,,,False,False
/application/zukanlist/zkn_data/zukan_enc_diamond.narc,/application/zukanlist/zkn_data/zukan_enc_diamond.narc!/member_03125,0,/application/zukanlist/zkn_data/zukan_enc_diamond.narc,91,3125,,59872,59876,20188,20192,4,df3f619804a92fdb4057192dc43dd748ea778adc52bc498ce80524c014b81119,00000000,,,,,False,,,,,,,,,,False,False
/application/zukanlist/zkn_data/zukan_enc_diamond.narc,/application/zukanlist/zkn_data/zukan_enc_diamond.narc!/member_03126,0,/application/zukanlist/zkn_data/zukan_enc_diamond.narc,91,3126,,59876,59880,20192,20196,4,df3f619804a92fdb4057192dc43dd748ea778adc52bc498ce80524c014b81119,00000000,,,,,False,,,,,,,,,,False,False
/application/zukanlist/zkn_data/zukan_enc_diamond.narc,/application/zukanlist/zkn_data/zukan_enc_diamond.narc!/member_03127,0,/application/zukanlist/zkn_data/zukan_enc_diamond.narc,91,3127,,59880,59884,20196,20200,4,df3f619804a92fdb4057192dc43dd748ea778adc52bc498ce80524c014b81119,00000000,,,,,False,,,,,,,,,,False,False
/application/zukanlist/zkn_data/zukan_enc_diamond.narc,/application/zukanlist/zkn_data/zukan_enc_diamond.narc!/member_03128,0,/application/zukanlist/zkn_data/zukan_enc_diamond.narc,91,3128,,59884,59888,20200,20204,4,df3f619804a92fdb4057192dc43dd748ea778adc52bc498ce80524c014b81119,00000000,,,,,False,,,,,,,,,,False,False
/application/zukanlist/zkn_data/zukan_enc_diamond.narc,/application/zukanlist/zkn_data/zukan_enc_diamond.narc!/member_03129,0,/application/zukanlist/zkn_data/zukan_enc_diamond.narc,91,3129,,59888,59892,20204,20208,4,df3f619804a92fdb4057192dc43dd748ea778adc52bc498ce80524c014b81119,00000000,,,,,False,,,,,,,,,,False,False
/application/zukanlist/zkn_data/zukan_enc_diamond.narc,/application/zukanlist/zkn_data/zukan_enc_diamond.narc!/member_03130,0,/application/zukanlist/zkn_data/zukan_enc_diamond.narc,91,3130,,59892,59896,20208,20212,4,df3f619804a92fdb4057192dc43dd748ea778adc52bc498ce80524c014b81119,00000000,,,,,False,,,,,,,,,,False,False
/application/zukanlist/zkn_data/zukan_enc_diamond.narc,/application/zukanlist/zkn_data/zukan_enc_diamond.narc!/member_03131,0,/application/zukanlist/zkn_data/zukan_enc_diamond.narc,91,3131,,59896,59900,20212,20216,4,df3f619804a92fdb4057192dc43dd748ea778adc52bc498ce80524c014b81119,00000000,,,,,False,,,,,,,,,,False,False
/application/zukanlist/zkn_data/zukan_enc_diamond.narc,/application/zukanlist/zkn_data/zukan_enc_diamond.narc!/member_03132,0,/application/zukanlist/zkn_data/zukan_enc_diamond.narc,91,3132,,59900,59904,20216,20220,4,df3f619804a92fdb4057192dc43dd748ea778adc52bc498ce80524c014b81119,00000000,,,,,False,,,,,,,,,,False,False
/application/zukanlist/zkn_data/zukan_enc_diamond.narc,/application/zukanlist/zkn_data/zukan_enc_diamond.narc!/member_03133,0,/application/zukanlist/zkn_data/zukan_enc_diamond.narc,91,3133,,59904,59908,20220,20224,4,df3f619804a92fdb4057192dc43dd748ea778adc52bc498ce80524c014b81119,00000000,,,,,False,,,,,,,,,,False,False
/application/zukanlist/zkn_data/zukan_enc_diamond.narc,/application/zukanlist/zkn_data/zukan_enc_diamond.narc!/member_03134,0,/application/zukanlist/zkn_data/zukan_enc_diamond.narc,91,3134,,59908,59912,20224,20228,4,df3f619804a92fdb4057192dc43dd748ea778adc52bc498ce80524c014b81119,00000000,,,,,False,,,,,,,,,,False,False
/application/zukanlist/zkn_data/zukan_enc_diamond.narc,/application/zukanlist/zkn_data/zukan_enc_diamond.narc!/member_03135,0,/application/zukanlist/zkn_data/zukan_enc_diamond.narc,91,3135,,59912,59916,20228,20232,4,df3f619804a92fdb4057192dc43dd748ea778adc52bc498ce80524c014b81119,00000000,,,,,False,,,,,,,,,,False,False
/application/zukanlist/zkn_data/zukan_enc_diamond.narc,/application/zukanlist/zkn_data/zukan_enc_diamond.narc!/member_03136,0,/application/zukanlist/zkn_data/zukan_enc_diamond.narc,91,3136,,59916,59920,20232,20236,4,df3f619804a92fdb4057192dc43dd748ea778adc52bc498ce80524c014b81119,00000000,,,,,False,,,,,,,,,,False,False
/application/zukanlist/zkn_data/zukan_enc_diamond.narc,/application/zukanlist/zkn_data/zukan_enc_diamond.narc!/member_03137,0,/application/zukanlist/zkn_data/zukan_enc_diamond.narc,91,3137,,59920,59924,20236,20240,4,df3f619804a92fdb4057192dc43dd748ea778adc52bc498ce80524c014b81119,00000000,,,,,False,,,,,,,,,,False,False
/application/zukanlist/zkn_data/zukan_enc_diamond.narc,/application/zukanlist/zkn_data/zukan_enc_diamond.narc!/member_03138,0,/application/zukanlist/zkn_data/zukan_enc_diamond.narc,91,3138,,59924,59928,20240,20244,4,df3f619804a92fdb4057192dc43dd748ea778adc52bc498ce80524c014b81119,00000000,,,,,False,,,,,,,,,,False,False
/application/zukanlist/zkn_data/zukan_enc_diamond.narc,/application/zukanlist/zkn_data/zukan_enc_diamond.narc!/member_03139,0,/application/zukanlist/zkn_data/zukan_enc_diamond.narc,91,3139,,59928,59932,20244,20248,4,df3f619804a92fdb4057192dc43dd748ea778adc52bc498ce80524c014b81119,00000000,,,,,False,,,,,,,,,,False,False
/application/zukanlist/zkn_data/zukan_enc_diamond.narc,/application/zukanlist/zkn_data/zukan_enc_diamond.narc!/member_03140,0,/application/zukanlist/zkn_data/zukan_enc_diamond.narc,91,3140,,59932,59936,20248,20252,4,df3f619804a92fdb4057192dc43dd748ea778adc52bc498ce80524c014b81119,00000000,,,,,False,,,,,,,,,,False,False
/application/zukanlist/zkn_data/zukan_enc_diamond.narc,/application/zukanlist/zkn_data/zukan_enc_diamond.narc!/member_03141,0,/application/zukanlist/zkn_data/zukan_enc_diamond.narc,91,3141,,59936,59940,20252,20256,4,df3f619804a92fdb4057192dc43dd748ea778adc52bc498ce80524c014b81119,00000000,,,,,False,,,,,,,,,,False,False
/application/zukanlist/zkn_data/zukan_enc_diamond.narc,/application/zukanlist/zkn_data/zukan_enc_diamond.narc!/member_03142,0,/application/zukanlist/zkn_data/zukan_enc_diamond.narc,91,3142,,59940,59944,20256,20260,4,df3f619804a92fdb4057192dc43dd748ea778adc52bc498ce80524c014b81119,00000000,,,,,False,,,,,,,,,,False,False
/application/zukanlist/zkn_data/zukan_enc_diamond.narc,/application/zukanlist/zkn_data/zukan_enc_diamond.narc!/member_03143,0,/application/zukanlist/zkn_data/zukan_enc_diamond.narc,91,3143,,59944,59948,20260,20264,4,df3f619804a92fdb4057192dc43dd748ea778adc52bc498ce80524c014b81119,00000000,,,,,False,,,,,,,,,,False,False
/application/zukanlist/zkn_data/zukan_enc_diamond.narc,/application/zukanlist/zkn_data/zukan_enc_diamond.narc!/member_03144,0,/application/zukanlist/zkn_data/zukan_enc_diamond.narc,91,3144,,59948,59956,20264,20272,8,6e3989bfdab9675089a296f8b974431cbf419dc763f2e14620cd2b8b03b7d741,2e00000000000000,,,,,False,,,,,,,,,,False,False
/application/zukanlist/zkn_data/zukan_enc_diamond.narc,/application/zukanlist/zkn_data/zukan_enc_diamond.narc!/member_03145,0,/application/zukanlist/zkn_data/zukan_enc_diamond.narc,91,3145,,59956,59964,20272,20280,8,6e3989bfdab9675089a296f8b974431cbf419dc763f2e14620cd2b8b03b7d741,2e00000000000000,,,,,False,,,,,,,,,,False,False
/application/zukanlist/zkn_data/zukan_enc_diamond.narc,/application/zukanlist/zkn_data/zukan_enc_diamond.narc!/member_03146,0,/application/zukanlist/zkn_data/zukan_enc_diamond.narc,91,3146,,59964,59968,20280,20284,4,df3f619804a92fdb4057192dc43dd748ea778adc52bc498ce80524c014b81119,00000000,,,,,False,,,,,,,,,,False,False
/application/zukanlist/zkn_data/zukan_enc_diamond.narc,/application/zukanlist/zkn_data/zukan_enc_diamond.narc!/member_03147,0,/application/zukanlist/zkn_data/zukan_enc_diamond.narc,91,3147,,59968,59972,20284,20288,4,df3f619804a92fdb4057192dc43dd748ea778adc52bc498ce80524c014b81119,00000000,,,,,False,,,,,,,,,,False,False
/application/zukanlist/zkn_data/zukan_enc_diamond.narc,/application/zukanlist/zkn_data/zukan_enc_diamond.narc!/member_03148,0,/application/zukanlist/zkn_data/zukan_enc_diamond.narc,91,3148,,59972,59976,20288,20292,4,df3f619804a92fdb4057192dc43dd748ea778adc52bc498ce80524c014b81119,00000000,,,,,False,,,,,,,,,,False,False
/application/zukanlist/zkn_data/zukan_enc_diamond.narc,/application/zukanlist/zkn_data/zukan_enc_diamond.narc!/member_03149,0,/application/zukanlist/zkn_data/zukan_enc_diamond.narc,91,3149,,59976,59980,20292,20296,4,df3f619804a92fdb4057192dc43dd748ea778adc52bc498ce80524c014b81119,00000000,,,,,False,,,,,,,,,,False,False
/application/zukanlist/zkn_data/zukan_enc_diamond.narc,/application/zukanlist/zkn_data/zukan_enc_diamond.narc!/member_03150,0,/application/zukanlist/zkn_data/zukan_enc_diamond.narc,91,3150,,59980,59984,20296,20300,4,df3f619804a92fdb4057192dc43dd748ea778adc52bc498ce80524c014b81119,00000000,,,,,False,,,,,,,,,,False,False
/application/zukanlist/zkn_data/zukan_enc_diamond.narc,/application/zukanlist/zkn_data/zukan_enc_diamond.narc!/member_03151,0,/application/zukanlist/zkn_data/zukan_enc_diamond.narc,91,3151,,59984,59988,20300,20304,4,df3f619804a92fdb4057192dc43dd748ea778adc52bc498ce80524c014b81119,00000000,,,,,False,,,,,,,,,,False,False
/application/zukanlist/zkn_data/zukan_enc_diamond.narc,/application/zukanlist/zkn_data/zukan_enc_diamond.narc!/member_03152,0,/application/zukanlist/zkn_data/zukan_enc_diamond.narc,91,3152,,59988,59992,20304,20308,4,df3f619804a92fdb4057192dc43dd748ea778adc52bc498ce80524c014b81119,00000000,,,,,False,,,,,,,,,,False,False
/application/zukanlist/zkn_data/zukan_enc_diamond.narc,/application/zukanlist/zkn_data/zukan_enc_diamond.narc!/member_03153,0,/application/zukanlist/zkn_data/zukan_enc_diamond.narc,91,3153,,59992,59996,20308,20312,4,df3f619804a92fdb4057192dc43dd748ea778adc52bc498ce80524c014b81119,00000000,,,,,False,,,,,,,,,,False,False
/application/zukanlist/zkn_data/zukan_enc_diamond.narc,/application/zukanlist/zkn_data/zukan_enc_diamond.narc!/member_03154,0,/application/zukanlist/zkn_data/zukan_enc_diamond.narc,91,3154,,59996,60000,20312,20316,4,df3f619804a92fdb4057192dc43dd748ea778adc52bc498ce80524c014b81119,00000000,,,,,False,,,,,,,,,,False,False
/application/zukanlist/zkn_data/zukan_enc_diamond.narc,/application/zukanlist/zkn_data/zukan_enc_diamond.narc!/member_03155,0,/application/zukanlist/zkn_data/zukan_enc_diamond.narc,91,3155,,60000,60004,20316,20320,4,df3f619804a92fdb4057192dc43dd748ea778adc52bc498ce80524c014b81119,00000000,,,,,False,,,,,,,,,,False,False
/application/zukanlist/zkn_data/zukan_enc_diamond.narc,/application/zukanlist/zkn_data/zukan_enc_diamond.narc!/member_03156,0,/application/zukanlist/zkn_data/zukan_enc_diamond.narc,91,3156,,60004,60008,20320,20324,4,df3f619804a92fdb4057192dc43dd748ea778adc52bc498ce80524c014b81119,00000000,,,,,False,,,,,,,,,,False,False
/application/zukanlist/zkn_data/zukan_enc_diamond.narc,/application/zukanlist/zkn_data/zukan_enc_diamond.narc!/member_03157,0,/application/zukanlist/zkn_data/zukan_enc_diamond.narc,91,3157,,60008,60012,20324,20328,4,df3f619804a92fdb4057192dc43dd748ea778adc52bc498ce80524c014b81119,00000000,,,,,False,,,,,,,,,,False,False
/application/zukanlist/zkn_data/zukan_enc_diamond.narc,/application/zukanlist/zkn_data/zukan_enc_diamond.narc!/member_03158,0,/application/zukanlist/zkn_data/zukan_enc_diamond.narc,91,3158,,60012,60016,20328,20332,4,df3f619804a92fdb4057192dc43dd748ea778adc52bc498ce80524c014b81119,00000000,,,,,False,,,,,,,,,,False,False
/application/zukanlist/zkn_data/zukan_enc_diamond.narc,/application/zukanlist/zkn_data/zukan_enc_diamond.narc!/member_03159,0,/application/zukanlist/zkn_data/zukan_enc_diamond.narc,91,3159,,60016,60020,20332,20336,4,df3f619804a92fdb4057192dc43dd748ea778adc52bc498ce80524c014b81119,00000000,,,,,False,,,,,,,,,,False,False
/application/zukanlist/zkn_data/zukan_enc_diamond.narc,/application/zukanlist/zkn_data/zukan_enc_diamond.narc!/member_03160,0,/application/zukanlist/zkn_data/zukan_enc_diamond.narc,91,3160,,60020,60024,20336,20340,4,df3f619804a92fdb4057192dc43dd748ea778adc52bc498ce80524c014b81119,00000000,,,,,False,,,,,,,,,,False,False
/application/zukanlist/zkn_data/zukan_enc_diamond.narc,/application/zukanlist/zkn_data/zukan_enc_diamond.narc!/member_03161,0,/application/zukanlist/zkn_data/zukan_enc_diamond.narc,91,3161,,60024,60028,20340,20344,4,df3f619804a92fdb4057192dc43dd748ea778adc52bc498ce80524c014b81119,00000000,,,,,False,,,,,,,,,,False,False
/application/zukanlist/zkn_data/zukan_enc_diamond.narc,/application/zukanlist/zkn_data/zukan_enc_diamond.narc!/member_03162,0,/application/zukanlist/zkn_data/zukan_enc_diamond.narc,91,3162,,60028,60032,20344,20348,4,df3f619804a92fdb4057192dc43dd748ea778adc52bc498ce80524c014b81119,00000000,,,,,False,,,,,,,,,,False,False
/application/zukanlist/zkn_data/zukan_enc_diamond.narc,/application/zukanlist/zkn_data/zukan_enc_diamond.narc!/member_03163,0,/application/zukanlist/zkn_data/zukan_enc_diamond.narc,91,3163,,60032,60036,20348,20352,4,df3f619804a92fdb4057192dc43dd748ea778adc52bc498ce80524c014b81119,00000000,,,,,False,,,,,,,,,,False,False
/application/zukanlist/zkn_data/zukan_enc_diamond.narc,/application/zukanlist/zkn_data/zukan_enc_diamond.narc!/member_03164,0,/application/zukanlist/zkn_data/zukan_enc_diamond.narc,91,3164,,60036,60040,20352,20356,4,df3f619804a92fdb4057192dc43dd748ea778adc52bc498ce80524c014b81119,00000000,,,,,False,,,,,,,,,,False,False
/application/zukanlist/zkn_data/zukan_enc_diamond.narc,/application/zukanlist/zkn_data/zukan_enc_diamond.narc!/member_03165,0,/application/zukanlist/zkn_data/zukan_enc_diamond.narc,91,3165,,60040,60044,20356,20360,4,df3f619804a92fdb4057192dc43dd748ea778adc52bc498ce80524c014b81119,00000000,,,,,False,,,,,,,,,,False,False
/application/zukanlist/zkn_data/zukan_enc_diamond.narc,/application/zukanlist/zkn_data/zukan_enc_diamond.narc!/member_03166,0,/application/zukanlist/zkn_data/zukan_enc_diamond.narc,91,3166,,60044,60048,20360,20364,4,df3f619804a92fdb4057192dc43dd748ea778adc52bc498ce80524c014b81119,00000000,,,,,False,,,,,,,,,,False,False
/application/zukanlist/zkn_data/zukan_enc_diamond.narc,/application/zukanlist/zkn_data/zukan_enc_diamond.narc!/member_03167,0,/application/zukanlist/zkn_data/zukan_enc_diamond.narc,91,3167,,60048,60052,20364,20368,4,df3f619804a92fdb4057192dc43dd748ea778adc52bc498ce80524c014b81119,00000000,,,,,False,,,,,,,,,,False,False
/application/zukanlist/zkn_data/zukan_enc_diamond.narc,/application/zukanlist/zkn_data/zukan_enc_diamond.narc!/member_03168,0,/application/zukanlist/zkn_data/zukan_enc_diamond.narc,91,3168,,60052,60060,20368,20376,8,3c88bf13b58cba9ca7fe10c55db47931f52b52975cf1e9eaa0c9b0ec29c7c6be,1c00000000000000,,,,,False,,,,,,,,,,False,False
/application/zukanlist/zkn_data/zukan_enc_diamond.narc,/application/zukanlist/zkn_data/zukan_enc_diamond.narc!/member_03169,0,/application/zukanlist/zkn_data/zukan_enc_diamond.narc,91,3169,,60060,60068,20376,20384,8,3c88bf13b58cba9ca7fe10c55db47931f52b52975cf1e9eaa0c9b0ec29c7c6be,1c00000000000000,,,,,False,,,,,,,,,,False,False
/application/zukanlist/zkn_data/zukan_enc_diamond.narc,/application/zukanlist/zkn_data/zukan_enc_diamond.narc!/member_03170,0,/application/zukanlist/zkn_data/zukan_enc_diamond.narc,91,3170,,60068,60072,20384,20388,4,df3f619804a92fdb4057192dc43dd748ea778adc52bc498ce80524c014b81119,00000000,,,,,False,,,,,,,,,,False,False
/application/zukanlist/zkn_data/zukan_enc_diamond.narc,/application/zukanlist/zkn_data/zukan_enc_diamond.narc!/member_03171,0,/application/zukanlist/zkn_data/zukan_enc_diamond.narc,91,3171,,60072,60076,20388,20392,4,df3f619804a92fdb4057192dc43dd748ea778adc52bc498ce80524c014b81119,00000000,,,,,False,,,,,,,,,,False,False
/application/zukanlist/zkn_data/zukan_enc_diamond.narc,/application/zukanlist/zkn_data/zukan_enc_diamond.narc!/member_03172,0,/application/zukanlist/zkn_data/zukan_enc_diamond.narc,91,3172,,60076,60080,20392,20396,4,df3f619804a92fdb4057192dc43dd748ea778adc52bc498ce80524c014b81119,00000000,,,,,False,,,,,,,,,,False,False
/application/zukanlist/zkn_data/zukan_enc_diamond.narc,/application/zukanlist/zkn_data/zukan_enc_diamond.narc!/member_03173,0,/application/zukanlist/zkn_data/zukan_enc_diamond.narc,91,3173,,60080,60084,20396,20400,4,df3f619804a92fdb4057192dc43dd748ea778adc52bc498ce80524c014b81119,00000000,,,,,False,,,,,,,,,,False,False
/application/zukanlist/zkn_data/zukan_enc_diamond.narc,/application/zukanlist/zkn_data/zukan_enc_diamond.narc!/member_03174,0,/application/zukanlist/zkn_data/zukan_enc_diamond.narc,91,3174,,60084,60088,20400,20404,4,df3f619804a92fdb4057192dc43dd748ea778adc52bc498ce80524c014b81119,00000000,,,,,False,,,,,,,,,,False,False
/application/zukanlist/zkn_data/zukan_enc_diamond.narc,/application/zukanlist/zkn_data/zukan_enc_diamond.narc!/member_03175,0,/application/zukanlist/zkn_data/zukan_enc_diamond.narc,91,3175,,60088,60092,20404,20408,4,df3f619804a92fdb4057192dc43dd748ea778adc52bc498ce80524c014b81119,00000000,,,,,False,,,,,,,,,,False,False
/application/zukanlist/zkn_data/zukan_enc_diamond.narc,/application/zukanlist/zkn_data/zukan_enc_diamond.narc!/member_03176,0,/application/zukanlist/zkn_data/zukan_enc_diamond.narc,91,3176,,60092,60096,20408,20412,4,df3f619804a92fdb4057192dc43dd748ea778adc52bc498ce80524c014b81119,00000000,,,,,False,,,,,,,,,,False,False
/application/zukanlist/zkn_data/zukan_enc_diamond.narc,/application/zukanlist/zkn_data/zukan_enc_diamond.narc!/member_03177,0,/application/zukanlist/zkn_data/zukan_enc_diamond.narc,91,3177,,60096,60108,20412,20424,12,5d3398e0616332ba78703a35d71b8202cb63cfad55fa33595ec94981bc88c17d,0a0000001e00000000000000,,,,,False,,,,,,,,,,False,False
/application/zukanlist/zkn_data/zukan_enc_diamond.narc,/application/zukanlist/zkn_data/zukan_enc_diamond.narc!/member_03178,0,/application/zukanlist/zkn_data/zukan_enc_diamond.narc,91,3178,,60108,60112,20424,20428,4,df3f619804a92fdb4057192dc43dd748ea778adc52bc498ce80524c014b81119,00000000,,,,,False,,,,,,,,,,False,False
/application/zukanlist/zkn_data/zukan_enc_diamond.narc,/application/zukanlist/zkn_data/zukan_enc_diamond.narc!/member_03179,0,/application/zukanlist/zkn_data/zukan_enc_diamond.narc,91,3179,,60112,60116,20428,20432,4,df3f619804a92fdb4057192dc43dd748ea778adc52bc498ce80524c014b81119,00000000,,,,,False,,,,,,,,,,False,False
/application/zukanlist/zkn_data/zukan_enc_diamond.narc,/application/zukanlist/zkn_data/zukan_enc_diamond.narc!/member_03180,0,/application/zukanlist/zkn_data/zukan_enc_diamond.narc,91,3180,,60116,60120,20432,20436,4,df3f619804a92fdb4057192dc43dd748ea778adc52bc498ce80524c014b81119,00000000,,,,,False,,,,,,,,,,False,False
/application/zukanlist/zkn_data/zukan_enc_diamond.narc,/application/zukanlist/zkn_data/zukan_enc_diamond.narc!/member_03181,0,/application/zukanlist/zkn_data/zukan_enc_diamond.narc,91,3181,,60120,60124,20436,20440,4,df3f619804a92fdb4057192dc43dd748ea778adc52bc498ce80524c014b81119,00000000,,,,,False,,,,,,,,,,False,False
/application/zukanlist/zkn_data/zukan_enc_diamond.narc,/application/zukanlist/zkn_data/zukan_enc_diamond.narc!/member_03182,0,/application/zukanlist/zkn_data/zukan_enc_diamond.narc,91,3182,,60124,60128,20440,20444,4,df3f619804a92fdb4057192dc43dd748ea778adc52bc498ce80524c014b81119,00000000,,,,,False,,,,,,,,,,False,False
/application/zukanlist/zkn_data/zukan_enc_diamond.narc,/application/zukanlist/zkn_data/zukan_enc_diamond.narc!/member_03183,0,/application/zukanlist/zkn_data/zukan_enc_diamond.narc,91,3183,,60128,60132,20444,20448,4,df3f619804a92fdb4057192dc43dd748ea778adc52bc498ce80524c014b81119,00000000,,,,,False,,,,,,,,,,False,False
/application/zukanlist/zkn_data/zukan_enc_diamond.narc,/application/zukanlist/zkn_data/zukan_enc_diamond.narc!/member_03184,0,/application/zukanlist/zkn_data/zukan_enc_diamond.narc,91,3184,,60132,60136,20448,20452,4,df3f619804a92fdb4057192dc43dd748ea778adc52bc498ce80524c014b81119,00000000,,,,,False,,,,,,,,,,False,False
/application/zukanlist/zkn_data/zukan_enc_diamond.narc,/application/zukanlist/zkn_data/zukan_enc_diamond.narc!/member_03185,0,/application/zukanlist/zkn_data/zukan_enc_diamond.narc,91,3185,,60136,60144,20452,20460,8,cbbd5f990c53684d7ae650b40fcb5656e02261b53da5f6a7d8c819c92f2828f8,0900000000000000,,,,,False,,,,,,,,,,False,False
/application/zukanlist/zkn_data/zukan_enc_diamond.narc,/application/zukanlist/zkn_data/zukan_enc_diamond.narc!/member_03186,0,/application/zukanlist/zkn_data/zukan_enc_diamond.narc,91,3186,,60144,60148,20460,20464,4,df3f619804a92fdb4057192dc43dd748ea778adc52bc498ce80524c014b81119,00000000,,,,,False,,,,,,,,,,False,False
/application/zukanlist/zkn_data/zukan_enc_diamond.narc,/application/zukanlist/zkn_data/zukan_enc_diamond.narc!/member_03187,0,/application/zukanlist/zkn_data/zukan_enc_diamond.narc,91,3187,,60148,60152,20464,20468,4,df3f619804a92fdb4057192dc43dd748ea778adc52bc498ce80524c014b81119,00000000,,,,,False,,,,,,,,,,False,False
/application/zukanlist/zkn_data/zukan_enc_diamond.narc,/application/zukanlist/zkn_data/zukan_enc_diamond.narc!/member_03188,0,/application/zukanlist/zkn_data/zukan_enc_diamond.narc,91,3188,,60152,60156,20468,20472,4,df3f619804a92fdb4057192dc43dd748ea778adc52bc498ce80524c014b81119,00000000,,,,,False,,,,,,,,,,False,False
/application/zukanlist/zkn_data/zukan_enc_diamond.narc,/application/zukanlist/zkn_data/zukan_enc_diamond.narc!/member_03189,0,/application/zukanlist/zkn_data/zukan_enc_diamond.narc,91,3189,,60156,60172,20472,20488,16,f2578d6ab3f7d6034fa63ec3e6dd43add5c54ca3f83107f42a3b19e64bc9720a,0b000000200000002100000000000000,,,,,False,,,,,,,,,,False,False
/application/zukanlist/zkn_data/zukan_enc_diamond.narc,/application/zukanlist/zkn_data/zukan_enc_diamond.narc!/member_03190,0,/application/zukanlist/zkn_data/zukan_enc_diamond.narc,91,3190,,60172,60176,20488,20492,4,df3f619804a92fdb4057192dc43dd748ea778adc52bc498ce80524c014b81119,00000000,,,,,False,,,,,,,,,,False,False
/application/zukanlist/zkn_data/zukan_enc_diamond.narc,/application/zukanlist/zkn_data/zukan_enc_diamond.narc!/member_03191,0,/application/zukanlist/zkn_data/zukan_enc_diamond.narc,91,3191,,60176,60180,20492,20496,4,df3f619804a92fdb4057192dc43dd748ea778adc52bc498ce80524c014b81119,00000000,,,,,False,,,,,,,,,,False,False
/application/zukanlist/zkn_data/zukan_enc_diamond.narc,/application/zukanlist/zkn_data/zukan_enc_diamond.narc!/member_03192,0,/application/zukanlist/zkn_data/zukan_enc_diamond.narc,91,3192,,60180,60184,20496,20500,4,df3f619804a92fdb4057192dc43dd748ea778adc52bc498ce80524c014b81119,00000000,,,,,False,,,,,,,,,,False,False
/application/zukanlist/zkn_data/zukan_enc_diamond.narc,/application/zukanlist/zkn_data/zukan_enc_diamond.narc!/member_03193,0,/application/zukanlist/zkn_data/zukan_enc_diamond.narc,91,3193,,60184,60188,20500,20504,4,df3f619804a92fdb4057192dc43dd748ea778adc52bc498ce80524c014b81119,00000000,,,,,False,,,,,,,,,,False,False
/application/zukanlist/zkn_data/zukan_enc_diamond.narc,/application/zukanlist/zkn_data/zukan_enc_diamond.narc!/member_03194,0,/application/zukanlist/zkn_data/zukan_enc_diamond.narc,91,3194,,60188,60192,20504,20508,4,df3f619804a92fdb4057192dc43dd748ea778adc52bc498ce80524c014b81119,00000000,,,,,False,,,,,,,,,,False,False
/application/zukanlist/zkn_data/zukan_enc_diamond.narc,/application/zukanlist/zkn_data/zukan_enc_diamond.narc!/member_03195,0,/application/zukanlist/zkn_data/zukan_enc_diamond.narc,91,3195,,60192,60196,20508,20512,4,df3f619804a92fdb4057192dc43dd748ea778adc52bc498ce80524c014b81119,00000000,,,,,False,,,,,,,,,,False,False
/application/zukanlist/zkn_data/zukan_enc_diamond.narc,/application/zukanlist/zkn_data/zukan_enc_diamond.narc!/member_03196,0,/application/zukanlist/zkn_data/zukan_enc_diamond.narc,91,3196,,60196,60200,20512,20516,4,df3f619804a92fdb4057192dc43dd748ea778adc52bc498ce80524c014b81119,00000000,,,,,False,,,,,,,,,,False,False
/application/zukanlist/zkn_data/zukan_enc_diamond.narc,/application/zukanlist/zkn_data/zukan_enc_diamond.narc!/member_03197,0,/application/zukanlist/zkn_data/zukan_enc_diamond.narc,91,3197,,60200,60236,20516,20552,36,cadeafb12564306eb1cc75af88669b61eacf792790937f389754763cdc5cc940,0300000004000000050000001d000000,,,,,False,,,,,,,,,,False,False
/application/zukanlist/zkn_data/zukan_enc_diamond.narc,/application/zukanlist/zkn_data/zukan_enc_diamond.narc!/member_03198,0,/application/zukanlist/zkn_data/zukan_enc_diamond.narc,91,3198,,60236,60272,20552,20588,36,cadeafb12564306eb1cc75af88669b61eacf792790937f389754763cdc5cc940,0300000004000000050000001d000000,,,,,False,,,,,,,,,,False,False
/application/zukanlist/zkn_data/zukan_enc_diamond.narc,/application/zukanlist/zkn_data/zukan_enc_diamond.narc!/member_03199,0,/application/zukanlist/zkn_data/zukan_enc_diamond.narc,91,3199,,60272,60276,20588,20592,4,df3f619804a92fdb4057192dc43dd748ea778adc52bc498ce80524c014b81119,00000000,,,,,False,,,,,,,,,,False,False
/application/zukanlist/zkn_data/zukan_enc_diamond.narc,/application/zukanlist/zkn_data/zukan_enc_diamond.narc!/member_03200,0,/application/zukanlist/zkn_data/zukan_enc_diamond.narc,91,3200,,60276,60280,20592,20596,4,df3f619804a92fdb4057192dc43dd748ea778adc52bc498ce80524c014b81119,00000000,,,,,False,,,,,,,,,,False,False
/application/zukanlist/zkn_data/zukan_enc_diamond.narc,/application/zukanlist/zkn_data/zukan_enc_diamond.narc!/member_03201,0,/application/zukanlist/zkn_data/zukan_enc_diamond.narc,91,3201,,60280,60292,20596,20608,12,82845f601ec6f67c6123951adc94a3a015e24cb0ab292fb289695e981c4a6a7a,080000002800000000000000,,,,,False,,,,,,,,,,False,False
/application/zukanlist/zkn_data/zukan_enc_diamond.narc,/application/zukanlist/zkn_data/zukan_enc_diamond.narc!/member_03202,0,/application/zukanlist/zkn_data/zukan_enc_diamond.narc,91,3202,,60292,60296,20608,20612,4,df3f619804a92fdb4057192dc43dd748ea778adc52bc498ce80524c014b81119,00000000,,,,,False,,,,,,,,,,False,False
/application/zukanlist/zkn_data/zukan_enc_diamond.narc,/application/zukanlist/zkn_data/zukan_enc_diamond.narc!/member_03203,0,/application/zukanlist/zkn_data/zukan_enc_diamond.narc,91,3203,,60296,60300,20612,20616,4,df3f619804a92fdb4057192dc43dd748ea778adc52bc498ce80524c014b81119,00000000,,,,,False,,,,,,,,,,False,False
/application/zukanlist/zkn_data/zukan_enc_diamond.narc,/application/zukanlist/zkn_data/zukan_enc_diamond.narc!/member_03204,0,/application/zukanlist/zkn_data/zukan_enc_diamond.narc,91,3204,,60300,60304,20616,20620,4,df3f619804a92fdb4057192dc43dd748ea778adc52bc498ce80524c014b81119,00000000,,,,,False,,,,,,,,,,False,False
/application/zukanlist/zkn_data/zukan_enc_diamond.narc,/application/zukanlist/zkn_data/zukan_enc_diamond.narc!/member_03205,0,/application/zukanlist/zkn_data/zukan_enc_diamond.narc,91,3205,,60304,60308,20620,20624,4,df3f619804a92fdb4057192dc43dd748ea778adc52bc498ce80524c014b81119,00000000,,,,,False,,,,,,,,,,False,False
/application/zukanlist/zkn_data/zukan_enc_diamond.narc,/application/zukanlist/zkn_data/zukan_enc_diamond.narc!/member_03206,0,/application/zukanlist/zkn_data/zukan_enc_diamond.narc,91,3206,,60308,60312,20624,20628,4,df3f619804a92fdb4057192dc43dd748ea778adc52bc498ce80524c014b81119,00000000,,,,,False,,,,,,,,,,False,False
/application/zukanlist/zkn_data/zukan_enc_diamond.narc,/application/zukanlist/zkn_data/zukan_enc_diamond.narc!/member_03207,0,/application/zukanlist/zkn_data/zukan_enc_diamond.narc,91,3207,,60312,60316,20628,20632,4,df3f619804a92fdb4057192dc43dd748ea778adc52bc498ce80524c014b81119,00000000,,,,,False,,,,,,,,,,False,False
/application/zukanlist/zkn_data/zukan_enc_diamond.narc,/application/zukanlist/zkn_data/zukan_enc_diamond.narc!/member_03208,0,/application/zukanlist/zkn_data/zukan_enc_diamond.narc,91,3208,,60316,60320,20632,20636,4,df3f619804a92fdb4057192dc43dd748ea778adc52bc498ce80524c014b81119,00000000,,,,,False,,,,,,,,,,False,False
/application/zukanlist/zkn_data/zukan_enc_diamond.narc,/application/zukanlist/zkn_data/zukan_enc_diamond.narc!/member_03209,0,/application/zukanlist/zkn_data/zukan_enc_diamond.narc,91,3209,,60320,60324,20636,20640,4,df3f619804a92fdb4057192dc43dd748ea778adc52bc498ce80524c014b81119,00000000,,,,,False,,,,,,,,,,False,False
/application/zukanlist/zkn_data/zukan_enc_diamond.narc,/application/zukanlist/zkn_data/zukan_enc_diamond.narc!/member_03210,0,/application/zukanlist/zkn_data/zukan_enc_diamond.narc,91,3210,,60324,60328,20640,20644,4,df3f619804a92fdb4057192dc43dd748ea778adc52bc498ce80524c014b81119,00000000,,,,,False,,,,,,,,,,False,False
/application/zukanlist/zkn_data/zukan_enc_diamond.narc,/application/zukanlist/zkn_data/zukan_enc_diamond.narc!/member_03211,0,/application/zukanlist/zkn_data/zukan_enc_diamond.narc,91,3211,,60328,60332,20644,20648,4,df3f619804a92fdb4057192dc43dd748ea778adc52bc498ce80524c014b81119,00000000,,,,,False,,,,,,,,,,False,False
/application/zukanlist/zkn_data/zukan_enc_diamond.narc,/application/zukanlist/zkn_data/zukan_enc_diamond.narc!/member_03212,0,/application/zukanlist/zkn_data/zukan_enc_diamond.narc,91,3212,,60332,60336,20648,20652,4,df3f619804a92fdb4057192dc43dd748ea778adc52bc498ce80524c014b81119,00000000,,,,,False,,,,,,,,,,False,False
/application/zukanlist/zkn_data/zukan_enc_diamond.narc,/application/zukanlist/zkn_data/zukan_enc_diamond.narc!/member_03213,0,/application/zukanlist/zkn_data/zukan_enc_diamond.narc,91,3213,,60336,60340,20652,20656,4,df3f619804a92fdb4057192dc43dd748ea778adc52bc498ce80524c014b81119,00000000,,,,,False,,,,,,,,,,False,False
/application/zukanlist/zkn_data/zukan_enc_diamond.narc,/application/zukanlist/zkn_data/zukan_enc_diamond.narc!/member_03214,0,/application/zukanlist/zkn_data/zukan_enc_diamond.narc,91,3214,,60340,60344,20656,20660,4,df3f619804a92fdb4057192dc43dd748ea778adc52bc498ce80524c014b81119,00000000,,,,,False,,,,,,,,,,False,False
/application/zukanlist/zkn_data/zukan_enc_diamond.narc,/application/zukanlist/zkn_data/zukan_enc_diamond.narc!/member_03215,0,/application/zukanlist/zkn_data/zukan_enc_diamond.narc,91,3215,,60344,60348,20660,20664,4,df3f619804a92fdb4057192dc43dd748ea778adc52bc498ce80524c014b81119,00000000,,,,,False,,,,,,,,,,False,False
/application/zukanlist/zkn_data/zukan_enc_diamond.narc,/application/zukanlist/zkn_data/zukan_enc_diamond.narc!/member_03216,0,/application/zukanlist/zkn_data/zukan_enc_diamond.narc,91,3216,,60348,60352,20664,20668,4,df3f619804a92fdb4057192dc43dd748ea778adc52bc498ce80524c014b81119,00000000,,,,,False,,,,,,,,,,False,False
/application/zukanlist/zkn_data/zukan_enc_diamond.narc,/application/zukanlist/zkn_data/zukan_enc_diamond.narc!/member_03217,0,/application/zukanlist/zkn_data/zukan_enc_diamond.narc,91,3217,,60352,60356,20668,20672,4,df3f619804a92fdb4057192dc43dd748ea778adc52bc498ce80524c014b81119,00000000,,,,,False,,,,,,,,,,False,False
/application/zukanlist/zkn_data/zukan_enc_diamond.narc,/application/zukanlist/zkn_data/zukan_enc_diamond.narc!/member_03218,0,/application/zukanlist/zkn_data/zukan_enc_diamond.narc,91,3218,,60356,60360,20672,20676,4,df3f619804a92fdb4057192dc43dd748ea778adc52bc498ce80524c014b81119,00000000,,,,,False,,,,,,,,,,False,False
/application/zukanlist/zkn_data/zukan_enc_diamond.narc,/application/zukanlist/zkn_data/zukan_enc_diamond.narc!/member_03219,0,/application/zukanlist/zkn_data/zukan_enc_diamond.narc,91,3219,,60360,60364,20676,20680,4,df3f619804a92fdb4057192dc43dd748ea778adc52bc498ce80524c014b81119,00000000,,,,,False,,,,,,,,,,False,False
/application/zukanlist/zkn_data/zukan_enc_diamond.narc,/application/zukanlist/zkn_data/zukan_enc_diamond.narc!/member_03220,0,/application/zukanlist/zkn_data/zukan_enc_diamond.narc,91,3220,,60364,60368,20680,20684,4,df3f619804a92fdb4057192dc43dd748ea778adc52bc498ce80524c014b81119,00000000,,,,,False,,,,,,,,,,False,False
/application/zukanlist/zkn_data/zukan_enc_diamond.narc,/application/zukanlist/zkn_data/zukan_enc_diamond.narc!/member_03221,0,/application/zukanlist/zkn_data/zukan_enc_diamond.narc,91,3221,,60368,60372,20684,20688,4,df3f619804a92fdb4057192dc43dd748ea778adc52bc498ce80524c014b81119,00000000,,,,,False,,,,,,,,,,False,False
/application/zukanlist/zkn_data/zukan_enc_diamond.narc,/application/zukanlist/zkn_data/zukan_enc_diamond.narc!/member_03222,0,/application/zukanlist/zkn_data/zukan_enc_diamond.narc,91,3222,,60372,60376,20688,20692,4,df3f619804a92fdb4057192dc43dd748ea778adc52bc498ce80524c014b81119,00000000,,,,,False,,,,,,,,,,False,False
/application/zukanlist/zkn_data/zukan_enc_diamond.narc,/application/zukanlist/zkn_data/zukan_enc_diamond.narc!/member_03223,0,/application/zukanlist/zkn_data/zukan_enc_diamond.narc,91,3223,,60376,60380,20692,20696,4,df3f619804a92fdb4057192dc43dd748ea778adc52bc498ce80524c014b81119,00000000,,,,,False,,,,,,,,,,False,False
/application/zukanlist/zkn_data/zukan_enc_diamond.narc,/application/zukanlist/zkn_data/zukan_enc_diamond.narc!/member_03224,0,/application/zukanlist/zkn_data/zukan_enc_diamond.narc,91,3224,,60380,60384,20696,20700,4,df3f619804a92fdb4057192dc43dd748ea778adc52bc498ce80524c014b81119,00000000,,,,,False,,,,,,,,,,False,False
/application/zukanlist/zkn_data/zukan_enc_diamond.narc,/application/zukanlist/zkn_data/zukan_enc_diamond.narc!/member_03225,0,/application/zukanlist/zkn_data/zukan_enc_diamond.narc,91,3225,,60384,60388,20700,20704,4,df3f619804a92fdb4057192dc43dd748ea778adc52bc498ce80524c014b81119,00000000,,,,,False,,,,,,,,,,False,False
/application/zukanlist/zkn_data/zukan_enc_diamond.narc,/application/zukanlist/zkn_data/zukan_enc_diamond.narc!/member_03226,0,/application/zukanlist/zkn_data/zukan_enc_diamond.narc,91,3226,,60388,60392,20704,20708,4,df3f619804a92fdb4057192dc43dd748ea778adc52bc498ce80524c014b81119,00000000,,,,,False,,,,,,,,,,False,False
/application/zukanlist/zkn_data/zukan_enc_diamond.narc,/application/zukanlist/zkn_data/zukan_enc_diamond.narc!/member_03227,0,/application/zukanlist/zkn_data/zukan_enc_diamond.narc,91,3227,,60392,60396,20708,20712,4,df3f619804a92fdb4057192dc43dd748ea778adc52bc498ce80524c014b81119,00000000,,,,,False,,,,,,,,,,False,False
/application/zukanlist/zkn_data/zukan_enc_diamond.narc,/application/zukanlist/zkn_data/zukan_enc_diamond.narc!/member_03228,0,/application/zukanlist/zkn_data/zukan_enc_diamond.narc,91,3228,,60396,60400,20712,20716,4,df3f619804a92fdb4057192dc43dd748ea778adc52bc498ce80524c014b81119,00000000,,,,,False,,,,,,,,,,False,False
/application/zukanlist/zkn_data/zukan_enc_diamond.narc,/application/zukanlist/zkn_data/zukan_enc_diamond.narc!/member_03229,0,/application/zukanlist/zkn_data/zukan_enc_diamond.narc,91,3229,,60400,60404,20716,20720,4,df3f619804a92fdb4057192dc43dd748ea778adc52bc498ce80524c014b81119,00000000,,,,,False,,,,,,,,,,False,False
/application/zukanlist/zkn_data/zukan_enc_diamond.narc,/application/zukanlist/zkn_data/zukan_enc_diamond.narc!/member_03230,0,/application/zukanlist/zkn_data/zukan_enc_diamond.narc,91,3230,,60404,60408,20720,20724,4,df3f619804a92fdb4057192dc43dd748ea778adc52bc498ce80524c014b81119,00000000,,,,,False,,,,,,,,,,False,False
/application/zukanlist/zkn_data/zukan_enc_diamond.narc,/application/zukanlist/zkn_data/zukan_enc_diamond.narc!/member_03231,0,/application/zukanlist/zkn_data/zukan_enc_diamond.narc,91,3231,,60408,60412,20724,20728,4,df3f619804a92fdb4057192dc43dd748ea778adc52bc498ce80524c014b81119,00000000,,,,,False,,,,,,,,,,False,False
/application/zukanlist/zkn_data/zukan_enc_diamond.narc,/application/zukanlist/zkn_data/zukan_enc_diamond.narc!/member_03232,0,/application/zukanlist/zkn_data/zukan_enc_diamond.narc,91,3232,,60412,60416,20728,20732,4,df3f619804a92fdb4057192dc43dd748ea778adc52bc498ce80524c014b81119,00000000,,,,,False,,,,,,,,,,False,False
/application/zukanlist/zkn_data/zukan_enc_diamond.narc,/application/zukanlist/zkn_data/zukan_enc_diamond.narc!/member_03233,0,/application/zukanlist/zkn_data/zukan_enc_diamond.narc,91,3233,,60416,60420,20732,20736,4,df3f619804a92fdb4057192dc43dd748ea778adc52bc498ce80524c014b81119,00000000,,,,,False,,,,,,,,,,False,False
/application/zukanlist/zkn_data/zukan_enc_diamond.narc,/application/zukanlist/zkn_data/zukan_enc_diamond.narc!/member_03234,0,/application/zukanlist/zkn_data/zukan_enc_diamond.narc,91,3234,,60420,60424,20736,20740,4,df3f619804a92fdb4057192dc43dd748ea778adc52bc498ce80524c014b81119,00000000,,,,,False,,,,,,,,,,False,False
/application/zukanlist/zkn_data/zukan_enc_diamond.narc,/application/zukanlist/zkn_data/zukan_enc_diamond.narc!/member_03235,0,/application/zukanlist/zkn_data/zukan_enc_diamond.narc,91,3235,,60424,60428,20740,20744,4,df3f619804a92fdb4057192dc43dd748ea778adc52bc498ce80524c014b81119,00000000,,,,,False,,,,,,,,,,False,False
/application/zukanlist/zkn_data/zukan_enc_diamond.narc,/application/zukanlist/zkn_data/zukan_enc_diamond.narc!/member_03236,0,/application/zukanlist/zkn_data/zukan_enc_diamond.narc,91,3236,,60428,60432,20744,20748,4,df3f619804a92fdb4057192dc43dd748ea778adc52bc498ce80524c014b81119,00000000,,,,,False,,,,,,,,,,False,False
/application/zukanlist/zkn_data/zukan_enc_diamond.narc,/application/zukanlist/zkn_data/zukan_enc_diamond.narc!/member_03237,0,/application/zukanlist/zkn_data/zukan_enc_diamond.narc,91,3237,,60432,60436,20748,20752,4,df3f619804a92fdb4057192dc43dd748ea778adc52bc498ce80524c014b81119,00000000,,,,,False,,,,,,,,,,False,False
/application/zukanlist/zkn_data/zukan_enc_diamond.narc,/application/zukanlist/zkn_data/zukan_enc_diamond.narc!/member_03238,0,/application/zukanlist/zkn_data/zukan_enc_diamond.narc,91,3238,,60436,60440,20752,20756,4,df3f619804a92fdb4057192dc43dd748ea778adc52bc498ce80524c014b81119,00000000,,,,,False,,,,,,,,,,False,False
/application/zukanlist/zkn_data/zukan_enc_diamond.narc,/application/zukanlist/zkn_data/zukan_enc_diamond.narc!/member_03239,0,/application/zukanlist/zkn_data/zukan_enc_diamond.narc,91,3239,,60440,60444,20756,20760,4,df3f619804a92fdb4057192dc43dd748ea778adc52bc498ce80524c014b81119,00000000,,,,,False,,,,,,,,,,False,False
/application/zukanlist/zkn_data/zukan_enc_diamond.narc,/application/zukanlist/zkn_data/zukan_enc_diamond.narc!/member_03240,0,/application/zukanlist/zkn_data/zukan_enc_diamond.narc,91,3240,,60444,60448,20760,20764,4,df3f619804a92fdb4057192dc43dd748ea778adc52bc498ce80524c014b81119,00000000,,,,,False,,,,,,,,,,False,False
/application/zukanlist/zkn_data/zukan_enc_diamond.narc,/application/zukanlist/zkn_data/zukan_enc_diamond.narc!/member_03241,0,/application/zukanlist/zkn_data/zukan_enc_diamond.narc,91,3241,,60448,60460,20764,20776,12,050e32e2ea97d490444d9b4935c9d5d0832227ef37210dbabec6d29f07bf9805,260000003100000000000000,,,,,False,,,,,,,,,,False,False
/application/zukanlist/zkn_data/zukan_enc_diamond.narc,/application/zukanlist/zkn_data/zukan_enc_diamond.narc!/member_03242,0,/application/zukanlist/zkn_data/zukan_enc_diamond.narc,91,3242,,60460,60464,20776,20780,4,df3f619804a92fdb4057192dc43dd748ea778adc52bc498ce80524c014b81119,00000000,,,,,False,,,,,,,,,,False,False
/application/zukanlist/zkn_data/zukan_enc_diamond.narc,/application/zukanlist/zkn_data/zukan_enc_diamond.narc!/member_03243,0,/application/zukanlist/zkn_data/zukan_enc_diamond.narc,91,3243,,60464,60468,20780,20784,4,df3f619804a92fdb4057192dc43dd748ea778adc52bc498ce80524c014b81119,00000000,,,,,False,,,,,,,,,,False,False
/application/zukanlist/zkn_data/zukan_enc_diamond.narc,/application/zukanlist/zkn_data/zukan_enc_diamond.narc!/member_03244,0,/application/zukanlist/zkn_data/zukan_enc_diamond.narc,91,3244,,60468,60472,20784,20788,4,df3f619804a92fdb4057192dc43dd748ea778adc52bc498ce80524c014b81119,00000000,,,,,False,,,,,,,,,,False,False
/application/zukanlist/zkn_data/zukan_enc_diamond.narc,/application/zukanlist/zkn_data/zukan_enc_diamond.narc!/member_03245,0,/application/zukanlist/zkn_data/zukan_enc_diamond.narc,91,3245,,60472,60476,20788,20792,4,df3f619804a92fdb4057192dc43dd748ea778adc52bc498ce80524c014b81119,00000000,,,,,False,,,,,,,,,,False,False
/application/zukanlist/zkn_data/zukan_enc_diamond.narc,/application/zukanlist/zkn_data/zukan_enc_diamond.narc!/member_03246,0,/application/zukanlist/zkn_data/zukan_enc_diamond.narc,91,3246,,60476,60480,20792,20796,4,df3f619804a92fdb4057192dc43dd748ea778adc52bc498ce80524c014b81119,00000000,,,,,False,,,,,,,,,,False,False
/application/zukanlist/zkn_data/zukan_enc_diamond.narc,/application/zukanlist/zkn_data/zukan_enc_diamond.narc!/member_03247,0,/application/zukanlist/zkn_data/zukan_enc_diamond.narc,91,3247,,60480,60484,20796,20800,4,df3f619804a92fdb4057192dc43dd748ea778adc52bc498ce80524c014b81119,00000000,,,,,False,,,,,,,,,,False,False
/application/zukanlist/zkn_data/zukan_enc_diamond.narc,/application/zukanlist/zkn_data/zukan_enc_diamond.narc!/member_03248,0,/application/zukanlist/zkn_data/zukan_enc_diamond.narc,91,3248,,60484,60488,20800,20804,4,df3f619804a92fdb4057192dc43dd748ea778adc52bc498ce80524c014b81119,00000000,,,,,False,,,,,,,,,,False,False
/application/zukanlist/zkn_data/zukan_enc_diamond.narc,/application/zukanlist/zkn_data/zukan_enc_diamond.narc!/member_03249,0,/application/zukanlist/zkn_data/zukan_enc_diamond.narc,91,3249,,60488,60492,20804,20808,4,df3f619804a92fdb4057192dc43dd748ea778adc52bc498ce80524c014b81119,00000000,,,,,False,,,,,,,,,,False,False
/application/zukanlist/zkn_data/zukan_enc_diamond.narc,/application/zukanlist/zkn_data/zukan_enc_diamond.narc!/member_03250,0,/application/zukanlist/zkn_data/zukan_enc_diamond.narc,91,3250,,60492,60496,20808,20812,4,df3f619804a92fdb4057192dc43dd748ea778adc52bc498ce80524c014b81119,00000000,,,,,False,,,,,,,,,,False,False
/application/zukanlist/zkn_data/zukan_enc_diamond.narc,/application/zukanlist/zkn_data/zukan_enc_diamond.narc!/member_03251,0,/application/zukanlist/zkn_data/zukan_enc_diamond.narc,91,3251,,60496,60500,20812,20816,4,df3f619804a92fdb4057192dc43dd748ea778adc52bc498ce80524c014b81119,00000000,,,,,False,,,,,,,,,,False,False
/application/zukanlist/zkn_data/zukan_enc_diamond.narc,/application/zukanlist/zkn_data/zukan_enc_diamond.narc!/member_03252,0,/application/zukanlist/zkn_data/zukan_enc_diamond.narc,91,3252,,60500,60556,20816,20872,56,3fc78798325f2b1f632959183ef2f670e59ffbdef72f0bccdd7b8576c9839d7b,01000000030000000600000007000000,,,,,False,,,,,,,,,,False,False
/application/zukanlist/zkn_data/zukan_enc_diamond.narc,/application/zukanlist/zkn_data/zukan_enc_diamond.narc!/member_03253,0,/application/zukanlist/zkn_data/zukan_enc_diamond.narc,91,3253,,60556,60636,20872,20952,80,689856d2d95748223950d25bcf08ab3dfe4f2a7f9a640a6b107e1017156626a5,01000000030000000400000005000000,,,,,False,,,,,,,,,,False,False
/application/zukanlist/zkn_data/zukan_enc_diamond.narc,/application/zukanlist/zkn_data/zukan_enc_diamond.narc!/member_03254,0,/application/zukanlist/zkn_data/zukan_enc_diamond.narc,91,3254,,60636,60640,20952,20956,4,df3f619804a92fdb4057192dc43dd748ea778adc52bc498ce80524c014b81119,00000000,,,,,False,,,,,,,,,,False,False
/application/zukanlist/zkn_data/zukan_enc_diamond.narc,/application/zukanlist/zkn_data/zukan_enc_diamond.narc!/member_03255,0,/application/zukanlist/zkn_data/zukan_enc_diamond.narc,91,3255,,60640,60644,20956,20960,4,df3f619804a92fdb4057192dc43dd748ea778adc52bc498ce80524c014b81119,00000000,,,,,False,,,,,,,,,,False,False
/application/zukanlist/zkn_data/zukan_enc_diamond.narc,/application/zukanlist/zkn_data/zukan_enc_diamond.narc!/member_03256,0,/application/zukanlist/zkn_data/zukan_enc_diamond.narc,91,3256,,60644,60648,20960,20964,4,df3f619804a92fdb4057192dc43dd748ea778adc52bc498ce80524c014b81119,00000000,,,,,False,,,,,,,,,,False,False
/application/zukanlist/zkn_data/zukan_enc_diamond.narc,/application/zukanlist/zkn_data/zukan_enc_diamond.narc!/member_03257,0,/application/zukanlist/zkn_data/zukan_enc_diamond.narc,91,3257,,60648,60652,20964,20968,4,df3f619804a92fdb4057192dc43dd748ea778adc52bc498ce80524c014b81119,00000000,,,,,False,,,,,,,,,,False,False
/application/zukanlist/zkn_data/zukan_enc_diamond.narc,/application/zukanlist/zkn_data/zukan_enc_diamond.narc!/member_03258,0,/application/zukanlist/zkn_data/zukan_enc_diamond.narc,91,3258,,60652,60656,20968,20972,4,df3f619804a92fdb4057192dc43dd748ea778adc52bc498ce80524c014b81119,00000000,,,,,False,,,,,,,,,,False,False
/application/zukanlist/zkn_data/zukan_enc_diamond.narc,/application/zukanlist/zkn_data/zukan_enc_diamond.narc!/member_03259,0,/application/zukanlist/zkn_data/zukan_enc_diamond.narc,91,3259,,60656,60660,20972,20976,4,df3f619804a92fdb4057192dc43dd748ea778adc52bc498ce80524c014b81119,00000000,,,,,False,,,,,,,,,,False,False
/application/zukanlist/zkn_data/zukan_enc_diamond.narc,/application/zukanlist/zkn_data/zukan_enc_diamond.narc!/member_03260,0,/application/zukanlist/zkn_data/zukan_enc_diamond.narc,91,3260,,60660,60664,20976,20980,4,df3f619804a92fdb4057192dc43dd748ea778adc52bc498ce80524c014b81119,00000000,,,,,False,,,,,,,,,,False,False
/application/zukanlist/zkn_data/zukan_enc_diamond.narc,/application/zukanlist/zkn_data/zukan_enc_diamond.narc!/member_03261,0,/application/zukanlist/zkn_data/zukan_enc_diamond.narc,91,3261,,60664,60668,20980,20984,4,df3f619804a92fdb4057192dc43dd748ea778adc52bc498ce80524c014b81119,00000000,,,,,False,,,,,,,,,,False,False
/application/zukanlist/zkn_data/zukan_enc_diamond.narc,/application/zukanlist/zkn_data/zukan_enc_diamond.narc!/member_03262,0,/application/zukanlist/zkn_data/zukan_enc_diamond.narc,91,3262,,60668,60672,20984,20988,4,df3f619804a92fdb4057192dc43dd748ea778adc52bc498ce80524c014b81119,00000000,,,,,False,,,,,,,,,,False,False
/application/zukanlist/zkn_data/zukan_enc_diamond.narc,/application/zukanlist/zkn_data/zukan_enc_diamond.narc!/member_03263,0,/application/zukanlist/zkn_data/zukan_enc_diamond.narc,91,3263,,60672,60676,20988,20992,4,df3f619804a92fdb4057192dc43dd748ea778adc52bc498ce80524c014b81119,00000000,,,,,False,,,,,,,,,,False,False
/application/zukanlist/zkn_data/zukan_enc_diamond.narc,/application/zukanlist/zkn_data/zukan_enc_diamond.narc!/member_03264,0,/application/zukanlist/zkn_data/zukan_enc_diamond.narc,91,3264,,60676,60680,20992,20996,4,df3f619804a92fdb4057192dc43dd748ea778adc52bc498ce80524c014b81119,00000000,,,,,False,,,,,,,,,,False,False
/application/zukanlist/zkn_data/zukan_enc_diamond.narc,/application/zukanlist/zkn_data/zukan_enc_diamond.narc!/member_03265,0,/application/zukanlist/zkn_data/zukan_enc_diamond.narc,91,3265,,60680,60684,20996,21000,4,df3f619804a92fdb4057192dc43dd748ea778adc52bc498ce80524c014b81119,00000000,,,,,False,,,,,,,,,,False,False
/application/zukanlist/zkn_data/zukan_enc_diamond.narc,/application/zukanlist/zkn_data/zukan_enc_diamond.narc!/member_03266,0,/application/zukanlist/zkn_data/zukan_enc_diamond.narc,91,3266,,60684,60688,21000,21004,4,df3f619804a92fdb4057192dc43dd748ea778adc52bc498ce80524c014b81119,00000000,,,,,False,,,,,,,,,,False,False
/application/zukanlist/zkn_data/zukan_enc_diamond.narc,/application/zukanlist/zkn_data/zukan_enc_diamond.narc!/member_03267,0,/application/zukanlist/zkn_data/zukan_enc_diamond.narc,91,3267,,60688,60692,21004,21008,4,df3f619804a92fdb4057192dc43dd748ea778adc52bc498ce80524c014b81119,00000000,,,,,False,,,,,,,,,,False,False
/application/zukanlist/zkn_data/zukan_enc_diamond.narc,/application/zukanlist/zkn_data/zukan_enc_diamond.narc!/member_03268,0,/application/zukanlist/zkn_data/zukan_enc_diamond.narc,91,3268,,60692,60696,21008,21012,4,df3f619804a92fdb4057192dc43dd748ea778adc52bc498ce80524c014b81119,00000000,,,,,False,,,,,,,,,,False,False
/application/zukanlist/zkn_data/zukan_enc_diamond.narc,/application/zukanlist/zkn_data/zukan_enc_diamond.narc!/member_03269,0,/application/zukanlist/zkn_data/zukan_enc_diamond.narc,91,3269,,60696,60700,21012,21016,4,df3f619804a92fdb4057192dc43dd748ea778adc52bc498ce80524c014b81119,00000000,,,,,False,,,,,,,,,,False,False
/application/zukanlist/zkn_data/zukan_enc_diamond.narc,/application/zukanlist/zkn_data/zukan_enc_diamond.narc!/member_03270,0,/application/zukanlist/zkn_data/zukan_enc_diamond.narc,91,3270,,60700,60704,21016,21020,4,df3f619804a92fdb4057192dc43dd748ea778adc52bc498ce80524c014b81119,00000000,,,,,False,,,,,,,,,,False,False
/application/zukanlist/zkn_data/zukan_enc_diamond.narc,/application/zukanlist/zkn_data/zukan_enc_diamond.narc!/member_03271,0,/application/zukanlist/zkn_data/zukan_enc_diamond.narc,91,3271,,60704,60708,21020,21024,4,df3f619804a92fdb4057192dc43dd748ea778adc52bc498ce80524c014b81119,00000000,,,,,False,,,,,,,,,,False,False
/application/zukanlist/zkn_data/zukan_enc_diamond.narc,/application/zukanlist/zkn_data/zukan_enc_diamond.narc!/member_03272,0,/application/zukanlist/zkn_data/zukan_enc_diamond.narc,91,3272,,60708,60712,21024,21028,4,df3f619804a92fdb4057192dc43dd748ea778adc52bc498ce80524c014b81119,00000000,,,,,False,,,,,,,,,,False,False
/application/zukanlist/zkn_data/zukan_enc_diamond.narc,/application/zukanlist/zkn_data/zukan_enc_diamond.narc!/member_03273,0,/application/zukanlist/zkn_data/zukan_enc_diamond.narc,91,3273,,60712,60716,21028,21032,4,df3f619804a92fdb4057192dc43dd748ea778adc52bc498ce80524c014b81119,00000000,,,,,False,,,,,,,,,,False,False
/application/zukanlist/zkn_data/zukan_enc_diamond.narc,/application/zukanlist/zkn_data/zukan_enc_diamond.narc!/member_03274,0,/application/zukanlist/zkn_data/zukan_enc_diamond.narc,91,3274,,60716,60720,21032,21036,4,df3f619804a92fdb4057192dc43dd748ea778adc52bc498ce80524c014b81119,00000000,,,,,False,,,,,,,,,,False,False
/application/zukanlist/zkn_data/zukan_enc_diamond.narc,/application/zukanlist/zkn_data/zukan_enc_diamond.narc!/member_03275,0,/application/zukanlist/zkn_data/zukan_enc_diamond.narc,91,3275,,60720,60724,21036,21040,4,df3f619804a92fdb4057192dc43dd748ea778adc52bc498ce80524c014b81119,00000000,,,,,False,,,,,,,,,,False,False
/application/zukanlist/zkn_data/zukan_enc_diamond.narc,/application/zukanlist/zkn_data/zukan_enc_diamond.narc!/member_03276,0,/application/zukanlist/zkn_data/zukan_enc_diamond.narc,91,3276,,60724,60728,21040,21044,4,df3f619804a92fdb4057192dc43dd748ea778adc52bc498ce80524c014b81119,00000000,,,,,False,,,,,,,,,,False,False
/application/zukanlist/zkn_data/zukan_enc_diamond.narc,/application/zukanlist/zkn_data/zukan_enc_diamond.narc!/member_03277,0,/application/zukanlist/zkn_data/zukan_enc_diamond.narc,91,3277,,60728,60732,21044,21048,4,df3f619804a92fdb4057192dc43dd748ea778adc52bc498ce80524c014b81119,00000000,,,,,False,,,,,,,,,,False,False
/application/zukanlist/zkn_data/zukan_enc_diamond.narc,/application/zukanlist/zkn_data/zukan_enc_diamond.narc!/member_03278,0,/application/zukanlist/zkn_data/zukan_enc_diamond.narc,91,3278,,60732,60736,21048,21052,4,df3f619804a92fdb4057192dc43dd748ea778adc52bc498ce80524c014b81119,00000000,,,,,False,,,,,,,,,,False,False
/application/zukanlist/zkn_data/zukan_enc_diamond.narc,/application/zukanlist/zkn_data/zukan_enc_diamond.narc!/member_03279,0,/application/zukanlist/zkn_data/zukan_enc_diamond.narc,91,3279,,60736,60740,21052,21056,4,df3f619804a92fdb4057192dc43dd748ea778adc52bc498ce80524c014b81119,00000000,,,,,False,,,,,,,,,,False,False
/application/zukanlist/zkn_data/zukan_enc_diamond.narc,/application/zukanlist/zkn_data/zukan_enc_diamond.narc!/member_03280,0,/application/zukanlist/zkn_data/zukan_enc_diamond.narc,91,3280,,60740,60744,21056,21060,4,df3f619804a92fdb4057192dc43dd748ea778adc52bc498ce80524c014b81119,00000000,,,,,False,,,,,,,,,,False,False
/application/zukanlist/zkn_data/zukan_enc_diamond.narc,/application/zukanlist/zkn_data/zukan_enc_diamond.narc!/member_03281,0,/application/zukanlist/zkn_data/zukan_enc_diamond.narc,91,3281,,60744,60776,21060,21092,32,b6cd5ee932cb04fe59fc371bc52ec1dcab385d4a4daf44830391745fda862098,0b000000150000001800000019000000,,,,,False,,,,,,,,,,False,False
/application/zukanlist/zkn_data/zukan_enc_diamond.narc,/application/zukanlist/zkn_data/zukan_enc_diamond.narc!/member_03282,0,/application/zukanlist/zkn_data/zukan_enc_diamond.narc,91,3282,,60776,60788,21092,21104,12,ff8fa39a6fbecc40d4d47023620dadc5ce354ccfe16d32f9885b7fe6880a69b1,0b0000002100000000000000,,,,,False,,,,,,,,,,False,False
/application/zukanlist/zkn_data/zukan_enc_diamond.narc,/application/zukanlist/zkn_data/zukan_enc_diamond.narc!/member_03283,0,/application/zukanlist/zkn_data/zukan_enc_diamond.narc,91,3283,,60788,60792,21104,21108,4,df3f619804a92fdb4057192dc43dd748ea778adc52bc498ce80524c014b81119,00000000,,,,,False,,,,,,,,,,False,False
/application/zukanlist/zkn_data/zukan_enc_diamond.narc,/application/zukanlist/zkn_data/zukan_enc_diamond.narc!/member_03284,0,/application/zukanlist/zkn_data/zukan_enc_diamond.narc,91,3284,,60792,60796,21108,21112,4,df3f619804a92fdb4057192dc43dd748ea778adc52bc498ce80524c014b81119,00000000,,,,,False,,,,,,,,,,False,False
/application/zukanlist/zkn_data/zukan_enc_diamond.narc,/application/zukanlist/zkn_data/zukan_enc_diamond.narc!/member_03285,0,/application/zukanlist/zkn_data/zukan_enc_diamond.narc,91,3285,,60796,60800,21112,21116,4,df3f619804a92fdb4057192dc43dd748ea778adc52bc498ce80524c014b81119,00000000,,,,,False,,,,,,,,,,False,False
/application/zukanlist/zkn_data/zukan_enc_diamond.narc,/application/zukanlist/zkn_data/zukan_enc_diamond.narc!/member_03286,0,/application/zukanlist/zkn_data/zukan_enc_diamond.narc,91,3286,,60800,60804,21116,21120,4,df3f619804a92fdb4057192dc43dd748ea778adc52bc498ce80524c014b81119,00000000,,,,,False,,,,,,,,,,False,False
/application/zukanlist/zkn_data/zukan_enc_diamond.narc,/application/zukanlist/zkn_data/zukan_enc_diamond.narc!/member_03287,0,/application/zukanlist/zkn_data/zukan_enc_diamond.narc,91,3287,,60804,60812,21120,21128,8,ed049108bc18f2c64369e8d0ea42850bdd1a7d1dd340cfde716315579702a76c,2a00000000000000,,,,,False,,,,,,,,,,False,False
/application/zukanlist/zkn_data/zukan_enc_diamond.narc,/application/zukanlist/zkn_data/zukan_enc_diamond.narc!/member_03288,0,/application/zukanlist/zkn_data/zukan_enc_diamond.narc,91,3288,,60812,60820,21128,21136,8,ed049108bc18f2c64369e8d0ea42850bdd1a7d1dd340cfde716315579702a76c,2a00000000000000,,,,,False,,,,,,,,,,False,False
/application/zukanlist/zkn_data/zukan_enc_diamond.narc,/application/zukanlist/zkn_data/zukan_enc_diamond.narc!/member_03289,0,/application/zukanlist/zkn_data/zukan_enc_diamond.narc,91,3289,,60820,60848,21136,21164,28,cdbdf29d5655ace538d02c8bf3afc8f97855dfab335c2298aab6a2d906f05bf7,1b0000001c0000002400000026000000,,,,,False,,,,,,,,,,False,False
/application/zukanlist/zkn_data/zukan_enc_diamond.narc,/application/zukanlist/zkn_data/zukan_enc_diamond.narc!/member_03290,0,/application/zukanlist/zkn_data/zukan_enc_diamond.narc,91,3290,,60848,60852,21164,21168,4,df3f619804a92fdb4057192dc43dd748ea778adc52bc498ce80524c014b81119,00000000,,,,,False,,,,,,,,,,False,False
/application/zukanlist/zkn_data/zukan_enc_diamond.narc,/application/zukanlist/zkn_data/zukan_enc_diamond.narc!/member_03291,0,/application/zukanlist/zkn_data/zukan_enc_diamond.narc,91,3291,,60852,60856,21168,21172,4,df3f619804a92fdb4057192dc43dd748ea778adc52bc498ce80524c014b81119,00000000,,,,,False,,,,,,,,,,False,False
/application/zukanlist/zkn_data/zukan_enc_diamond.narc,/application/zukanlist/zkn_data/zukan_enc_diamond.narc!/member_03292,0,/application/zukanlist/zkn_data/zukan_enc_diamond.narc,91,3292,,60856,60860,21172,21176,4,df3f619804a92fdb4057192dc43dd748ea778adc52bc498ce80524c014b81119,00000000,,,,,False,,,,,,,,,,False,False
/application/zukanlist/zkn_data/zukan_enc_diamond.narc,/application/zukanlist/zkn_data/zukan_enc_diamond.narc!/member_03293,0,/application/zukanlist/zkn_data/zukan_enc_diamond.narc,91,3293,,60860,60872,21176,21188,12,c87507bb5df2a6725e4fea5c9002e6687f8122c71788e48c6e7f64bf56aeb1d2,1d0000002500000000000000,,,,,False,,,,,,,,,,False,False
/application/zukanlist/zkn_data/zukan_enc_diamond.narc,/application/zukanlist/zkn_data/zukan_enc_diamond.narc!/member_03294,0,/application/zukanlist/zkn_data/zukan_enc_diamond.narc,91,3294,,60872,60884,21188,21200,12,7e235b4cce195b0330d1d32cde3de7062144cfee910f0d16de759341168eff84,2f0000003100000000000000,,,,,False,,,,,,,,,,False,False
/application/zukanlist/zkn_data/zukan_enc_diamond.narc,/application/zukanlist/zkn_data/zukan_enc_diamond.narc!/member_03295,0,/application/zukanlist/zkn_data/zukan_enc_diamond.narc,91,3295,,60884,60896,21200,21212,12,7e235b4cce195b0330d1d32cde3de7062144cfee910f0d16de759341168eff84,2f0000003100000000000000,,,,,False,,,,,,,,,,False,False
/application/zukanlist/zkn_data/zukan_enc_diamond.narc,/application/zukanlist/zkn_data/zukan_enc_diamond.narc!/member_03296,0,/application/zukanlist/zkn_data/zukan_enc_diamond.narc,91,3296,,60896,60908,21212,21224,12,82845f601ec6f67c6123951adc94a3a015e24cb0ab292fb289695e981c4a6a7a,080000002800000000000000,,,,,False,,,,,,,,,,False,False
/application/zukanlist/zkn_data/zukan_enc_diamond.narc,/application/zukanlist/zkn_data/zukan_enc_diamond.narc!/member_03297,0,/application/zukanlist/zkn_data/zukan_enc_diamond.narc,91,3297,,60908,60920,21224,21236,12,82845f601ec6f67c6123951adc94a3a015e24cb0ab292fb289695e981c4a6a7a,080000002800000000000000,,,,,False,,,,,,,,,,False,False
/application/zukanlist/zkn_data/zukan_enc_diamond.narc,/application/zukanlist/zkn_data/zukan_enc_diamond.narc!/member_03298,0,/application/zukanlist/zkn_data/zukan_enc_diamond.narc,91,3298,,60920,60924,21236,21240,4,df3f619804a92fdb4057192dc43dd748ea778adc52bc498ce80524c014b81119,00000000,,,,,False,,,,,,,,,,False,False
/application/zukanlist/zkn_data/zukan_enc_diamond.narc,/application/zukanlist/zkn_data/zukan_enc_diamond.narc!/member_03299,0,/application/zukanlist/zkn_data/zukan_enc_diamond.narc,91,3299,,60924,60928,21240,21244,4,df3f619804a92fdb4057192dc43dd748ea778adc52bc498ce80524c014b81119,00000000,,,,,False,,,,,,,,,,False,False
/application/zukanlist/zkn_data/zukan_enc_diamond.narc,/application/zukanlist/zkn_data/zukan_enc_diamond.narc!/member_03300,0,/application/zukanlist/zkn_data/zukan_enc_diamond.narc,91,3300,,60928,60932,21244,21248,4,df3f619804a92fdb4057192dc43dd748ea778adc52bc498ce80524c014b81119,00000000,,,,,False,,,,,,,,,,False,False
/application/zukanlist/zkn_data/zukan_enc_diamond.narc,/application/zukanlist/zkn_data/zukan_enc_diamond.narc!/member_03301,0,/application/zukanlist/zkn_data/zukan_enc_diamond.narc,91,3301,,60932,60936,21248,21252,4,df3f619804a92fdb4057192dc43dd748ea778adc52bc498ce80524c014b81119,00000000,,,,,False,,,,,,,,,,False,False
/application/zukanlist/zkn_data/zukan_enc_diamond.narc,/application/zukanlist/zkn_data/zukan_enc_diamond.narc!/member_03302,0,/application/zukanlist/zkn_data/zukan_enc_diamond.narc,91,3302,,60936,60940,21252,21256,4,df3f619804a92fdb4057192dc43dd748ea778adc52bc498ce80524c014b81119,00000000,,,,,False,,,,,,,,,,False,False
/application/zukanlist/zkn_data/zukan_enc_diamond.narc,/application/zukanlist/zkn_data/zukan_enc_diamond.narc!/member_03303,0,/application/zukanlist/zkn_data/zukan_enc_diamond.narc,91,3303,,60940,60944,21256,21260,4,df3f619804a92fdb4057192dc43dd748ea778adc52bc498ce80524c014b81119,00000000,,,,,False,,,,,,,,,,False,False
/application/zukanlist/zkn_data/zukan_enc_diamond.narc,/application/zukanlist/zkn_data/zukan_enc_diamond.narc!/member_03304,0,/application/zukanlist/zkn_data/zukan_enc_diamond.narc,91,3304,,60944,60948,21260,21264,4,df3f619804a92fdb4057192dc43dd748ea778adc52bc498ce80524c014b81119,00000000,,,,,False,,,,,,,,,,False,False
/application/zukanlist/zkn_data/zukan_enc_diamond.narc,/application/zukanlist/zkn_data/zukan_enc_diamond.narc!/member_03305,0,/application/zukanlist/zkn_data/zukan_enc_diamond.narc,91,3305,,60948,60956,21264,21272,8,b8282e78d87c2a42f7c0f5b543c0d7760d3fe5a3860a25c20ec57ddaa4d80b81,2900000000000000,,,,,False,,,,,,,,,,False,False
/application/zukanlist/zkn_data/zukan_enc_diamond.narc,/application/zukanlist/zkn_data/zukan_enc_diamond.narc!/member_03306,0,/application/zukanlist/zkn_data/zukan_enc_diamond.narc,91,3306,,60956,60964,21272,21280,8,b8282e78d87c2a42f7c0f5b543c0d7760d3fe5a3860a25c20ec57ddaa4d80b81,2900000000000000,,,,,False,,,,,,,,,,False,False
/application/zukanlist/zkn_data/zukan_enc_diamond.narc,/application/zukanlist/zkn_data/zukan_enc_diamond.narc!/member_03307,0,/application/zukanlist/zkn_data/zukan_enc_diamond.narc,91,3307,,60964,60968,21280,21284,4,df3f619804a92fdb4057192dc43dd748ea778adc52bc498ce80524c014b81119,00000000,,,,,False,,,,,,,,,,False,False
/application/zukanlist/zkn_data/zukan_enc_diamond.narc,/application/zukanlist/zkn_data/zukan_enc_diamond.narc!/member_03308,0,/application/zukanlist/zkn_data/zukan_enc_diamond.narc,91,3308,,60968,60972,21284,21288,4,df3f619804a92fdb4057192dc43dd748ea778adc52bc498ce80524c014b81119,00000000,,,,,False,,,,,,,,,,False,False
/application/zukanlist/zkn_data/zukan_enc_diamond.narc,/application/zukanlist/zkn_data/zukan_enc_diamond.narc!/member_03309,0,/application/zukanlist/zkn_data/zukan_enc_diamond.narc,91,3309,,60972,60976,21288,21292,4,df3f619804a92fdb4057192dc43dd748ea778adc52bc498ce80524c014b81119,00000000,,,,,False,,,,,,,,,,False,False
/application/zukanlist/zkn_data/zukan_enc_diamond.narc,/application/zukanlist/zkn_data/zukan_enc_diamond.narc!/member_03310,0,/application/zukanlist/zkn_data/zukan_enc_diamond.narc,91,3310,,60976,60980,21292,21296,4,df3f619804a92fdb4057192dc43dd748ea778adc52bc498ce80524c014b81119,00000000,,,,,False,,,,,,,,,,False,False
/application/zukanlist/zkn_data/zukan_enc_diamond.narc,/application/zukanlist/zkn_data/zukan_enc_diamond.narc!/member_03311,0,/application/zukanlist/zkn_data/zukan_enc_diamond.narc,91,3311,,60980,60984,21296,21300,4,df3f619804a92fdb4057192dc43dd748ea778adc52bc498ce80524c014b81119,00000000,,,,,False,,,,,,,,,,False,False
/application/zukanlist/zkn_data/zukan_enc_diamond.narc,/application/zukanlist/zkn_data/zukan_enc_diamond.narc!/member_03312,0,/application/zukanlist/zkn_data/zukan_enc_diamond.narc,91,3312,,60984,60988,21300,21304,4,df3f619804a92fdb4057192dc43dd748ea778adc52bc498ce80524c014b81119,00000000,,,,,False,,,,,,,,,,False,False
/application/zukanlist/zkn_data/zukan_enc_diamond.narc,/application/zukanlist/zkn_data/zukan_enc_diamond.narc!/member_03313,0,/application/zukanlist/zkn_data/zukan_enc_diamond.narc,91,3313,,60988,61024,21304,21340,36,164607f1a00c34c5e0539afd6c3b8eee0d3b673465b06523e62e6ddf4d2bfc6f,02000000120000001500000018000000,,,,,False,,,,,,,,,,False,False
/application/zukanlist/zkn_data/zukan_enc_diamond.narc,/application/zukanlist/zkn_data/zukan_enc_diamond.narc!/member_03314,0,/application/zukanlist/zkn_data/zukan_enc_diamond.narc,91,3314,,61024,61060,21340,21376,36,164607f1a00c34c5e0539afd6c3b8eee0d3b673465b06523e62e6ddf4d2bfc6f,02000000120000001500000018000000,,,,,False,,,,,,,,,,False,False
/application/zukanlist/zkn_data/zukan_enc_diamond.narc,/application/zukanlist/zkn_data/zukan_enc_diamond.narc!/member_03315,0,/application/zukanlist/zkn_data/zukan_enc_diamond.narc,91,3315,,61060,61068,21376,21384,8,c5b2e76e0be88460999f2083c6197da41daa3732375dabd7f0237c8eec0e395a,2c00000000000000,,,,,False,,,,,,,,,,False,False
/application/zukanlist/zkn_data/zukan_enc_diamond.narc,/application/zukanlist/zkn_data/zukan_enc_diamond.narc!/member_03316,0,/application/zukanlist/zkn_data/zukan_enc_diamond.narc,91,3316,,61068,61076,21384,21392,8,c5b2e76e0be88460999f2083c6197da41daa3732375dabd7f0237c8eec0e395a,2c00000000000000,,,,,False,,,,,,,,,,False,False
/application/zukanlist/zkn_data/zukan_enc_diamond.narc,/application/zukanlist/zkn_data/zukan_enc_diamond.narc!/member_03317,0,/application/zukanlist/zkn_data/zukan_enc_diamond.narc,91,3317,,61076,61080,21392,21396,4,df3f619804a92fdb4057192dc43dd748ea778adc52bc498ce80524c014b81119,00000000,,,,,False,,,,,,,,,,False,False
/application/zukanlist/zkn_data/zukan_enc_diamond.narc,/application/zukanlist/zkn_data/zukan_enc_diamond.narc!/member_03318,0,/application/zukanlist/zkn_data/zukan_enc_diamond.narc,91,3318,,61080,61084,21396,21400,4,df3f619804a92fdb4057192dc43dd748ea778adc52bc498ce80524c014b81119,00000000,,,,,False,,,,,,,,,,False,False
/application/zukanlist/zkn_data/zukan_enc_diamond.narc,/application/zukanlist/zkn_data/zukan_enc_diamond.narc!/member_03319,0,/application/zukanlist/zkn_data/zukan_enc_diamond.narc,91,3319,,61084,61088,21400,21404,4,df3f619804a92fdb4057192dc43dd748ea778adc52bc498ce80524c014b81119,00000000,,,,,False,,,,,,,,,,False,False
/application/zukanlist/zkn_data/zukan_enc_diamond.narc,/application/zukanlist/zkn_data/zukan_enc_diamond.narc!/member_03320,0,/application/zukanlist/zkn_data/zukan_enc_diamond.narc,91,3320,,61088,61092,21404,21408,4,df3f619804a92fdb4057192dc43dd748ea778adc52bc498ce80524c014b81119,00000000,,,,,False,,,,,,,,,,False,False
/application/zukanlist/zkn_data/zukan_enc_diamond.narc,/application/zukanlist/zkn_data/zukan_enc_diamond.narc!/member_03321,0,/application/zukanlist/zkn_data/zukan_enc_diamond.narc,91,3321,,61092,61096,21408,21412,4,df3f619804a92fdb4057192dc43dd748ea778adc52bc498ce80524c014b81119,00000000,,,,,False,,,,,,,,,,False,False
/application/zukanlist/zkn_data/zukan_enc_diamond.narc,/application/zukanlist/zkn_data/zukan_enc_diamond.narc!/member_03322,0,/application/zukanlist/zkn_data/zukan_enc_diamond.narc,91,3322,,61096,61100,21412,21416,4,df3f619804a92fdb4057192dc43dd748ea778adc52bc498ce80524c014b81119,00000000,,,,,False,,,,,,,,,,False,False
/application/zukanlist/zkn_data/zukan_enc_diamond.narc,/application/zukanlist/zkn_data/zukan_enc_diamond.narc!/member_03323,0,/application/zukanlist/zkn_data/zukan_enc_diamond.narc,91,3323,,61100,61104,21416,21420,4,df3f619804a92fdb4057192dc43dd748ea778adc52bc498ce80524c014b81119,00000000,,,,,False,,,,,,,,,,False,False
/application/zukanlist/zkn_data/zukan_enc_diamond.narc,/application/zukanlist/zkn_data/zukan_enc_diamond.narc!/member_03324,0,/application/zukanlist/zkn_data/zukan_enc_diamond.narc,91,3324,,61104,61108,21420,21424,4,df3f619804a92fdb4057192dc43dd748ea778adc52bc498ce80524c014b81119,00000000,,,,,False,,,,,,,,,,False,False
/application/zukanlist/zkn_data/zukan_enc_diamond.narc,/application/zukanlist/zkn_data/zukan_enc_diamond.narc!/member_03325,0,/application/zukanlist/zkn_data/zukan_enc_diamond.narc,91,3325,,61108,61112,21424,21428,4,df3f619804a92fdb4057192dc43dd748ea778adc52bc498ce80524c014b81119,00000000,,,,,False,,,,,,,,,,False,False
/application/zukanlist/zkn_data/zukan_enc_diamond.narc,/application/zukanlist/zkn_data/zukan_enc_diamond.narc!/member_03326,0,/application/zukanlist/zkn_data/zukan_enc_diamond.narc,91,3326,,61112,61116,21428,21432,4,df3f619804a92fdb4057192dc43dd748ea778adc52bc498ce80524c014b81119,00000000,,,,,False,,,,,,,,,,False,False
/application/zukanlist/zkn_data/zukan_enc_diamond.narc,/application/zukanlist/zkn_data/zukan_enc_diamond.narc!/member_03327,0,/application/zukanlist/zkn_data/zukan_enc_diamond.narc,91,3327,,61116,61120,21432,21436,4,df3f619804a92fdb4057192dc43dd748ea778adc52bc498ce80524c014b81119,00000000,,,,,False,,,,,,,,,,False,False
/application/zukanlist/zkn_data/zukan_enc_diamond.narc,/application/zukanlist/zkn_data/zukan_enc_diamond.narc!/member_03328,0,/application/zukanlist/zkn_data/zukan_enc_diamond.narc,91,3328,,61120,61124,21436,21440,4,df3f619804a92fdb4057192dc43dd748ea778adc52bc498ce80524c014b81119,00000000,,,,,False,,,,,,,,,,False,False
/application/zukanlist/zkn_data/zukan_enc_diamond.narc,/application/zukanlist/zkn_data/zukan_enc_diamond.narc!/member_03329,0,/application/zukanlist/zkn_data/zukan_enc_diamond.narc,91,3329,,61124,61128,21440,21444,4,df3f619804a92fdb4057192dc43dd748ea778adc52bc498ce80524c014b81119,00000000,,,,,False,,,,,,,,,,False,False
/application/zukanlist/zkn_data/zukan_enc_diamond.narc,/application/zukanlist/zkn_data/zukan_enc_diamond.narc!/member_03330,0,/application/zukanlist/zkn_data/zukan_enc_diamond.narc,91,3330,,61128,61132,21444,21448,4,df3f619804a92fdb4057192dc43dd748ea778adc52bc498ce80524c014b81119,00000000,,,,,False,,,,,,,,,,False,False
/application/zukanlist/zkn_data/zukan_enc_diamond.narc,/application/zukanlist/zkn_data/zukan_enc_diamond.narc!/member_03331,0,/application/zukanlist/zkn_data/zukan_enc_diamond.narc,91,3331,,61132,61136,21448,21452,4,df3f619804a92fdb4057192dc43dd748ea778adc52bc498ce80524c014b81119,00000000,,,,,False,,,,,,,,,,False,False
/application/zukanlist/zkn_data/zukan_enc_diamond.narc,/application/zukanlist/zkn_data/zukan_enc_diamond.narc!/member_03332,0,/application/zukanlist/zkn_data/zukan_enc_diamond.narc,91,3332,,61136,61140,21452,21456,4,df3f619804a92fdb4057192dc43dd748ea778adc52bc498ce80524c014b81119,00000000,,,,,False,,,,,,,,,,False,False
/application/zukanlist/zkn_data/zukan_enc_diamond.narc,/application/zukanlist/zkn_data/zukan_enc_diamond.narc!/member_03333,0,/application/zukanlist/zkn_data/zukan_enc_diamond.narc,91,3333,,61140,61144,21456,21460,4,df3f619804a92fdb4057192dc43dd748ea778adc52bc498ce80524c014b81119,00000000,,,,,False,,,,,,,,,,False,False
/application/zukanlist/zkn_data/zukan_enc_diamond.narc,/application/zukanlist/zkn_data/zukan_enc_diamond.narc!/member_03334,0,/application/zukanlist/zkn_data/zukan_enc_diamond.narc,91,3334,,61144,61148,21460,21464,4,df3f619804a92fdb4057192dc43dd748ea778adc52bc498ce80524c014b81119,00000000,,,,,False,,,,,,,,,,False,False
/application/zukanlist/zkn_data/zukan_enc_diamond.narc,/application/zukanlist/zkn_data/zukan_enc_diamond.narc!/member_03335,0,/application/zukanlist/zkn_data/zukan_enc_diamond.narc,91,3335,,61148,61152,21464,21468,4,df3f619804a92fdb4057192dc43dd748ea778adc52bc498ce80524c014b81119,00000000,,,,,False,,,,,,,,,,False,False
/application/zukanlist/zkn_data/zukan_enc_diamond.narc,/application/zukanlist/zkn_data/zukan_enc_diamond.narc!/member_03336,0,/application/zukanlist/zkn_data/zukan_enc_diamond.narc,91,3336,,61152,61156,21468,21472,4,df3f619804a92fdb4057192dc43dd748ea778adc52bc498ce80524c014b81119,00000000,,,,,False,,,,,,,,,,False,False
/application/zukanlist/zkn_data/zukan_enc_diamond.narc,/application/zukanlist/zkn_data/zukan_enc_diamond.narc!/member_03337,0,/application/zukanlist/zkn_data/zukan_enc_diamond.narc,91,3337,,61156,61160,21472,21476,4,df3f619804a92fdb4057192dc43dd748ea778adc52bc498ce80524c014b81119,00000000,,,,,False,,,,,,,,,,False,False
/application/zukanlist/zkn_data/zukan_enc_diamond.narc,/application/zukanlist/zkn_data/zukan_enc_diamond.narc!/member_03338,0,/application/zukanlist/zkn_data/zukan_enc_diamond.narc,91,3338,,61160,61164,21476,21480,4,df3f619804a92fdb4057192dc43dd748ea778adc52bc498ce80524c014b81119,00000000,,,,,False,,,,,,,,,,False,False
/application/zukanlist/zkn_data/zukan_enc_diamond.narc,/application/zukanlist/zkn_data/zukan_enc_diamond.narc!/member_03339,0,/application/zukanlist/zkn_data/zukan_enc_diamond.narc,91,3339,,61164,61168,21480,21484,4,df3f619804a92fdb4057192dc43dd748ea778adc52bc498ce80524c014b81119,00000000,,,,,False,,,,,,,,,,False,False
/application/zukanlist/zkn_data/zukan_enc_diamond.narc,/application/zukanlist/zkn_data/zukan_enc_diamond.narc!/member_03340,0,/application/zukanlist/zkn_data/zukan_enc_diamond.narc,91,3340,,61168,61180,21484,21496,12,0e5123cdcab5b55d471f84666334ea2caafc364e6076654908840a916089baf5,230000002400000000000000,,,,,False,,,,,,,,,,False,False
/application/zukanlist/zkn_data/zukan_enc_diamond.narc,/application/zukanlist/zkn_data/zukan_enc_diamond.narc!/member_03341,0,/application/zukanlist/zkn_data/zukan_enc_diamond.narc,91,3341,,61180,61184,21496,21500,4,df3f619804a92fdb4057192dc43dd748ea778adc52bc498ce80524c014b81119,00000000,,,,,False,,,,,,,,,,False,False
/application/zukanlist/zkn_data/zukan_enc_diamond.narc,/application/zukanlist/zkn_data/zukan_enc_diamond.narc!/member_03342,0,/application/zukanlist/zkn_data/zukan_enc_diamond.narc,91,3342,,61184,61188,21500,21504,4,df3f619804a92fdb4057192dc43dd748ea778adc52bc498ce80524c014b81119,00000000,,,,,False,,,,,,,,,,False,False
/application/zukanlist/zkn_data/zukan_enc_diamond.narc,/application/zukanlist/zkn_data/zukan_enc_diamond.narc!/member_03343,0,/application/zukanlist/zkn_data/zukan_enc_diamond.narc,91,3343,,61188,61196,21504,21512,8,4779cee98e83f1a1592de4f293107545fabab96772e43de89f3437b35f08938f,3000000000000000,,Nintendo RLE,Probable,,True,Nintendo RLE,Probable,False,0,,,,,,False,False
/application/zukanlist/zkn_data/zukan_enc_diamond.narc,/application/zukanlist/zkn_data/zukan_enc_diamond.narc!/member_03344,0,/application/zukanlist/zkn_data/zukan_enc_diamond.narc,91,3344,,61196,61208,21512,21524,12,a6a9401f7034d0d7fef6168818b10aeaabc3d51087849008b8f157ee3aea3be2,050000002600000000000000,,,,,False,,,,,,,,,,False,False
/application/zukanlist/zkn_data/zukan_enc_diamond.narc,/application/zukanlist/zkn_data/zukan_enc_diamond.narc!/member_03345,0,/application/zukanlist/zkn_data/zukan_enc_diamond.narc,91,3345,,61208,61212,21524,21528,4,df3f619804a92fdb4057192dc43dd748ea778adc52bc498ce80524c014b81119,00000000,,,,,False,,,,,,,,,,False,False
/application/zukanlist/zkn_data/zukan_enc_diamond.narc,/application/zukanlist/zkn_data/zukan_enc_diamond.narc!/member_03346,0,/application/zukanlist/zkn_data/zukan_enc_diamond.narc,91,3346,,61212,61216,21528,21532,4,df3f619804a92fdb4057192dc43dd748ea778adc52bc498ce80524c014b81119,00000000,,,,,False,,,,,,,,,,False,False
/application/zukanlist/zkn_data/zukan_enc_diamond.narc,/application/zukanlist/zkn_data/zukan_enc_diamond.narc!/member_03347,0,/application/zukanlist/zkn_data/zukan_enc_diamond.narc,91,3347,,61216,61220,21532,21536,4,df3f619804a92fdb4057192dc43dd748ea778adc52bc498ce80524c014b81119,00000000,,,,,False,,,,,,,,,,False,False
/application/zukanlist/zkn_data/zukan_enc_diamond.narc,/application/zukanlist/zkn_data/zukan_enc_diamond.narc!/member_03348,0,/application/zukanlist/zkn_data/zukan_enc_diamond.narc,91,3348,,61220,61224,21536,21540,4,df3f619804a92fdb4057192dc43dd748ea778adc52bc498ce80524c014b81119,00000000,,,,,False,,,,,,,,,,False,False
/application/zukanlist/zkn_data/zukan_enc_diamond.narc,/application/zukanlist/zkn_data/zukan_enc_diamond.narc!/member_03349,0,/application/zukanlist/zkn_data/zukan_enc_diamond.narc,91,3349,,61224,61228,21540,21544,4,df3f619804a92fdb4057192dc43dd748ea778adc52bc498ce80524c014b81119,00000000,,,,,False,,,,,,,,,,False,False
/application/zukanlist/zkn_data/zukan_enc_diamond.narc,/application/zukanlist/zkn_data/zukan_enc_diamond.narc!/member_03350,0,/application/zukanlist/zkn_data/zukan_enc_diamond.narc,91,3350,,61228,61232,21544,21548,4,df3f619804a92fdb4057192dc43dd748ea778adc52bc498ce80524c014b81119,00000000,,,,,False,,,,,,,,,,False,False
/application/zukanlist/zkn_data/zukan_enc_diamond.narc,/application/zukanlist/zkn_data/zukan_enc_diamond.narc!/member_03351,0,/application/zukanlist/zkn_data/zukan_enc_diamond.narc,91,3351,,61232,61236,21548,21552,4,df3f619804a92fdb4057192dc43dd748ea778adc52bc498ce80524c014b81119,00000000,,,,,False,,,,,,,,,,False,False
/application/zukanlist/zkn_data/zukan_enc_diamond.narc,/application/zukanlist/zkn_data/zukan_enc_diamond.narc!/member_03352,0,/application/zukanlist/zkn_data/zukan_enc_diamond.narc,91,3352,,61236,61240,21552,21556,4,df3f619804a92fdb4057192dc43dd748ea778adc52bc498ce80524c014b81119,00000000,,,,,False,,,,,,,,,,False,False
/application/zukanlist/zkn_data/zukan_enc_diamond.narc,/application/zukanlist/zkn_data/zukan_enc_diamond.narc!/member_03353,0,/application/zukanlist/zkn_data/zukan_enc_diamond.narc,91,3353,,61240,61244,21556,21560,4,df3f619804a92fdb4057192dc43dd748ea778adc52bc498ce80524c014b81119,00000000,,,,,False,,,,,,,,,,False,False
/application/zukanlist/zkn_data/zukan_enc_diamond.narc,/application/zukanlist/zkn_data/zukan_enc_diamond.narc!/member_03354,0,/application/zukanlist/zkn_data/zukan_enc_diamond.narc,91,3354,,61244,61248,21560,21564,4,df3f619804a92fdb4057192dc43dd748ea778adc52bc498ce80524c014b81119,00000000,,,,,False,,,,,,,,,,False,False
/application/zukanlist/zkn_data/zukan_enc_diamond.narc,/application/zukanlist/zkn_data/zukan_enc_diamond.narc!/member_03355,0,/application/zukanlist/zkn_data/zukan_enc_diamond.narc,91,3355,,61248,61252,21564,21568,4,df3f619804a92fdb4057192dc43dd748ea778adc52bc498ce80524c014b81119,00000000,,,,,False,,,,,,,,,,False,False
/application/zukanlist/zkn_data/zukan_enc_diamond.narc,/application/zukanlist/zkn_data/zukan_enc_diamond.narc!/member_03356,0,/application/zukanlist/zkn_data/zukan_enc_diamond.narc,91,3356,,61252,61256,21568,21572,4,df3f619804a92fdb4057192dc43dd748ea778adc52bc498ce80524c014b81119,00000000,,,,,False,,,,,,,,,,False,False
/application/zukanlist/zkn_data/zukan_enc_diamond.narc,/application/zukanlist/zkn_data/zukan_enc_diamond.narc!/member_03357,0,/application/zukanlist/zkn_data/zukan_enc_diamond.narc,91,3357,,61256,61260,21572,21576,4,df3f619804a92fdb4057192dc43dd748ea778adc52bc498ce80524c014b81119,00000000,,,,,False,,,,,,,,,,False,False
/application/zukanlist/zkn_data/zukan_enc_diamond.narc,/application/zukanlist/zkn_data/zukan_enc_diamond.narc!/member_03358,0,/application/zukanlist/zkn_data/zukan_enc_diamond.narc,91,3358,,61260,61264,21576,21580,4,df3f619804a92fdb4057192dc43dd748ea778adc52bc498ce80524c014b81119,00000000,,,,,False,,,,,,,,,,False,False
/application/zukanlist/zkn_data/zukan_enc_diamond.narc,/application/zukanlist/zkn_data/zukan_enc_diamond.narc!/member_03359,0,/application/zukanlist/zkn_data/zukan_enc_diamond.narc,91,3359,,61264,61268,21580,21584,4,df3f619804a92fdb4057192dc43dd748ea778adc52bc498ce80524c014b81119,00000000,,,,,False,,,,,,,,,,False,False
/application/zukanlist/zkn_data/zukan_enc_diamond.narc,/application/zukanlist/zkn_data/zukan_enc_diamond.narc!/member_03360,0,/application/zukanlist/zkn_data/zukan_enc_diamond.narc,91,3360,,61268,61272,21584,21588,4,df3f619804a92fdb4057192dc43dd748ea778adc52bc498ce80524c014b81119,00000000,,,,,False,,,,,,,,,,False,False
/application/zukanlist/zkn_data/zukan_enc_diamond.narc,/application/zukanlist/zkn_data/zukan_enc_diamond.narc!/member_03361,0,/application/zukanlist/zkn_data/zukan_enc_diamond.narc,91,3361,,61272,61276,21588,21592,4,df3f619804a92fdb4057192dc43dd748ea778adc52bc498ce80524c014b81119,00000000,,,,,False,,,,,,,,,,False,False
/application/zukanlist/zkn_data/zukan_enc_diamond.narc,/application/zukanlist/zkn_data/zukan_enc_diamond.narc!/member_03362,0,/application/zukanlist/zkn_data/zukan_enc_diamond.narc,91,3362,,61276,61280,21592,21596,4,df3f619804a92fdb4057192dc43dd748ea778adc52bc498ce80524c014b81119,00000000,,,,,False,,,,,,,,,,False,False
/application/zukanlist/zkn_data/zukan_enc_diamond.narc,/application/zukanlist/zkn_data/zukan_enc_diamond.narc!/member_03363,0,/application/zukanlist/zkn_data/zukan_enc_diamond.narc,91,3363,,61280,61284,21596,21600,4,df3f619804a92fdb4057192dc43dd748ea778adc52bc498ce80524c014b81119,00000000,,,,,False,,,,,,,,,,False,False
/application/zukanlist/zkn_data/zukan_enc_diamond.narc,/application/zukanlist/zkn_data/zukan_enc_diamond.narc!/member_03364,0,/application/zukanlist/zkn_data/zukan_enc_diamond.narc,91,3364,,61284,61288,21600,21604,4,df3f619804a92fdb4057192dc43dd748ea778adc52bc498ce80524c014b81119,00000000,,,,,False,,,,,,,,,,False,False
/application/zukanlist/zkn_data/zukan_enc_diamond.narc,/application/zukanlist/zkn_data/zukan_enc_diamond.narc!/member_03365,0,/application/zukanlist/zkn_data/zukan_enc_diamond.narc,91,3365,,61288,61292,21604,21608,4,df3f619804a92fdb4057192dc43dd748ea778adc52bc498ce80524c014b81119,00000000,,,,,False,,,,,,,,,,False,False
/application/zukanlist/zkn_data/zukan_enc_diamond.narc,/application/zukanlist/zkn_data/zukan_enc_diamond.narc!/member_03366,0,/application/zukanlist/zkn_data/zukan_enc_diamond.narc,91,3366,,61292,61296,21608,21612,4,df3f619804a92fdb4057192dc43dd748ea778adc52bc498ce80524c014b81119,00000000,,,,,False,,,,,,,,,,False,False
/application/zukanlist/zkn_data/zukan_enc_diamond.narc,/application/zukanlist/zkn_data/zukan_enc_diamond.narc!/member_03367,0,/application/zukanlist/zkn_data/zukan_enc_diamond.narc,91,3367,,61296,61300,21612,21616,4,df3f619804a92fdb4057192dc43dd748ea778adc52bc498ce80524c014b81119,00000000,,,,,False,,,,,,,,,,False,False
/application/zukanlist/zkn_data/zukan_enc_diamond.narc,/application/zukanlist/zkn_data/zukan_enc_diamond.narc!/member_03368,0,/application/zukanlist/zkn_data/zukan_enc_diamond.narc,91,3368,,61300,61304,21616,21620,4,df3f619804a92fdb4057192dc43dd748ea778adc52bc498ce80524c014b81119,00000000,,,,,False,,,,,,,,,,False,False
/application/zukanlist/zkn_data/zukan_enc_diamond.narc,/application/zukanlist/zkn_data/zukan_enc_diamond.narc!/member_03369,0,/application/zukanlist/zkn_data/zukan_enc_diamond.narc,91,3369,,61304,61308,21620,21624,4,df3f619804a92fdb4057192dc43dd748ea778adc52bc498ce80524c014b81119,00000000,,,,,False,,,,,,,,,,False,False
/application/zukanlist/zkn_data/zukan_enc_diamond.narc,/application/zukanlist/zkn_data/zukan_enc_diamond.narc!/member_03370,0,/application/zukanlist/zkn_data/zukan_enc_diamond.narc,91,3370,,61308,61340,21624,21656,32,58e35f8c94f597d29dd53bef00a39388f10fb496032325777eaf4dfdc8831d67,0c0000000d0000000e0000000f000000,,,,,False,,,,,,,,,,False,False
/application/zukanlist/zkn_data/zukan_enc_diamond.narc,/application/zukanlist/zkn_data/zukan_enc_diamond.narc!/member_03371,0,/application/zukanlist/zkn_data/zukan_enc_diamond.narc,91,3371,,61340,61356,21656,21672,16,67c8870d57681806804e19c0f574413890c017fd0c27f177799f147af4fbaa34,0a000000160000001b00000000000000,,,,,False,,,,,,,,,,False,False
/application/zukanlist/zkn_data/zukan_enc_diamond.narc,/application/zukanlist/zkn_data/zukan_enc_diamond.narc!/member_03372,0,/application/zukanlist/zkn_data/zukan_enc_diamond.narc,91,3372,,61356,61360,21672,21676,4,df3f619804a92fdb4057192dc43dd748ea778adc52bc498ce80524c014b81119,00000000,,,,,False,,,,,,,,,,False,False
/application/zukanlist/zkn_data/zukan_enc_diamond.narc,/application/zukanlist/zkn_data/zukan_enc_diamond.narc!/member_03373,0,/application/zukanlist/zkn_data/zukan_enc_diamond.narc,91,3373,,61360,61404,21676,21720,44,58e1dd30dcd45e16a23117b800a6c664f481e0e8f2525affdfc8fa90d1e664c4,060000000c0000000d0000000e000000,,,,,False,,,,,,,,,,False,False
/application/zukanlist/zkn_data/zukan_enc_diamond.narc,/application/zukanlist/zkn_data/zukan_enc_diamond.narc!/member_03374,0,/application/zukanlist/zkn_data/zukan_enc_diamond.narc,91,3374,,61404,61428,21720,21744,24,a541accc6c7fb61ccf5aa160b4a1deecb0addd840ca4246c685336eace93b614,0a000000150000001600000018000000,,,,,False,,,,,,,,,,False,False
/application/zukanlist/zkn_data/zukan_enc_diamond.narc,/application/zukanlist/zkn_data/zukan_enc_diamond.narc!/member_03375,0,/application/zukanlist/zkn_data/zukan_enc_diamond.narc,91,3375,,61428,61432,21744,21748,4,df3f619804a92fdb4057192dc43dd748ea778adc52bc498ce80524c014b81119,00000000,,,,,False,,,,,,,,,,False,False
/application/zukanlist/zkn_data/zukan_enc_diamond.narc,/application/zukanlist/zkn_data/zukan_enc_diamond.narc!/member_03376,0,/application/zukanlist/zkn_data/zukan_enc_diamond.narc,91,3376,,61432,61464,21748,21780,32,768ba94465a54897af04b9a4eba8e19a79c1c5c7ec3c39f3e0db478c5a64bbab,0a00000013000000170000001b000000,,,,,False,,,,,,,,,,False,False
/application/zukanlist/zkn_data/zukan_enc_diamond.narc,/application/zukanlist/zkn_data/zukan_enc_diamond.narc!/member_03377,0,/application/zukanlist/zkn_data/zukan_enc_diamond.narc,91,3377,,61464,61488,21780,21804,24,71077adb4ffed066ba29ac8b208fa256bda463c2ab279aadb1e09ca66b26d255,070000000d0000000e0000000f000000,,,,,False,,,,,,,,,,False,False
/application/zukanlist/zkn_data/zukan_enc_diamond.narc,/application/zukanlist/zkn_data/zukan_enc_diamond.narc!/member_03378,0,/application/zukanlist/zkn_data/zukan_enc_diamond.narc,91,3378,,61488,61496,21804,21812,8,aae89fc0f03e2959ae4d701a80cc3915918c950b159f6abb6c92c1433b1a8534,0700000000000000,,,,,False,,,,,,,,,,False,False
/application/zukanlist/zkn_data/zukan_enc_diamond.narc,/application/zukanlist/zkn_data/zukan_enc_diamond.narc!/member_03379,0,/application/zukanlist/zkn_data/zukan_enc_diamond.narc,91,3379,,61496,61500,21812,21816,4,df3f619804a92fdb4057192dc43dd748ea778adc52bc498ce80524c014b81119,00000000,,,,,False,,,,,,,,,,False,False
/application/zukanlist/zkn_data/zukan_enc_diamond.narc,/application/zukanlist/zkn_data/zukan_enc_diamond.narc!/member_03380,0,/application/zukanlist/zkn_data/zukan_enc_diamond.narc,91,3380,,61500,61516,21816,21832,16,16e2ac4eebf44be2ced83a1a41679c6a3261f198ae653e0829b7288ed426bbcc,0f000000100000001b00000000000000,,,,,False,,,,,,,,,,False,False
/application/zukanlist/zkn_data/zukan_enc_diamond.narc,/application/zukanlist/zkn_data/zukan_enc_diamond.narc!/member_03381,0,/application/zukanlist/zkn_data/zukan_enc_diamond.narc,91,3381,,61516,61520,21832,21836,4,df3f619804a92fdb4057192dc43dd748ea778adc52bc498ce80524c014b81119,00000000,,,,,False,,,,,,,,,,False,False
/application/zukanlist/zkn_data/zukan_enc_diamond.narc,/application/zukanlist/zkn_data/zukan_enc_diamond.narc!/member_03382,0,/application/zukanlist/zkn_data/zukan_enc_diamond.narc,91,3382,,61520,61524,21836,21840,4,df3f619804a92fdb4057192dc43dd748ea778adc52bc498ce80524c014b81119,00000000,,,,,False,,,,,,,,,,False,False
/application/zukanlist/zkn_data/zukan_enc_diamond.narc,/application/zukanlist/zkn_data/zukan_enc_diamond.narc!/member_03383,0,/application/zukanlist/zkn_data/zukan_enc_diamond.narc,91,3383,,61524,61528,21840,21844,4,df3f619804a92fdb4057192dc43dd748ea778adc52bc498ce80524c014b81119,00000000,,,,,False,,,,,,,,,,False,False
/application/zukanlist/zkn_data/zukan_enc_diamond.narc,/application/zukanlist/zkn_data/zukan_enc_diamond.narc!/member_03384,0,/application/zukanlist/zkn_data/zukan_enc_diamond.narc,91,3384,,61528,61532,21844,21848,4,df3f619804a92fdb4057192dc43dd748ea778adc52bc498ce80524c014b81119,00000000,,,,,False,,,,,,,,,,False,False
/application/zukanlist/zkn_data/zukan_enc_diamond.narc,/application/zukanlist/zkn_data/zukan_enc_diamond.narc!/member_03385,0,/application/zukanlist/zkn_data/zukan_enc_diamond.narc,91,3385,,61532,61536,21848,21852,4,df3f619804a92fdb4057192dc43dd748ea778adc52bc498ce80524c014b81119,00000000,,,,,False,,,,,,,,,,False,False
/application/zukanlist/zkn_data/zukan_enc_diamond.narc,/application/zukanlist/zkn_data/zukan_enc_diamond.narc!/member_03386,0,/application/zukanlist/zkn_data/zukan_enc_diamond.narc,91,3386,,61536,61540,21852,21856,4,df3f619804a92fdb4057192dc43dd748ea778adc52bc498ce80524c014b81119,00000000,,,,,False,,,,,,,,,,False,False
/application/zukanlist/zkn_data/zukan_enc_diamond.narc,/application/zukanlist/zkn_data/zukan_enc_diamond.narc!/member_03387,0,/application/zukanlist/zkn_data/zukan_enc_diamond.narc,91,3387,,61540,61544,21856,21860,4,df3f619804a92fdb4057192dc43dd748ea778adc52bc498ce80524c014b81119,00000000,,,,,False,,,,,,,,,,False,False
/application/zukanlist/zkn_data/zukan_enc_diamond.narc,/application/zukanlist/zkn_data/zukan_enc_diamond.narc!/member_03388,0,/application/zukanlist/zkn_data/zukan_enc_diamond.narc,91,3388,,61544,61548,21860,21864,4,df3f619804a92fdb4057192dc43dd748ea778adc52bc498ce80524c014b81119,00000000,,,,,False,,,,,,,,,,False,False
/application/zukanlist/zkn_data/zukan_enc_diamond.narc,/application/zukanlist/zkn_data/zukan_enc_diamond.narc!/member_03389,0,/application/zukanlist/zkn_data/zukan_enc_diamond.narc,91,3389,,61548,61552,21864,21868,4,df3f619804a92fdb4057192dc43dd748ea778adc52bc498ce80524c014b81119,00000000,,,,,False,,,,,,,,,,False,False
/application/zukanlist/zkn_data/zukan_enc_diamond.narc,/application/zukanlist/zkn_data/zukan_enc_diamond.narc!/member_03390,0,/application/zukanlist/zkn_data/zukan_enc_diamond.narc,91,3390,,61552,61556,21868,21872,4,df3f619804a92fdb4057192dc43dd748ea778adc52bc498ce80524c014b81119,00000000,,,,,False,,,,,,,,,,False,False
/application/zukanlist/zkn_data/zukan_enc_diamond.narc,/application/zukanlist/zkn_data/zukan_enc_diamond.narc!/member_03391,0,/application/zukanlist/zkn_data/zukan_enc_diamond.narc,91,3391,,61556,61576,21872,21892,20,a53d6fa44ecc448f940b203892c6b7370297bced96c55f77650ab0b0d47bf7b8,06000000070000001100000012000000,,,,,False,,,,,,,,,,False,False
/application/zukanlist/zkn_data/zukan_enc_diamond.narc,/application/zukanlist/zkn_data/zukan_enc_diamond.narc!/member_03392,0,/application/zukanlist/zkn_data/zukan_enc_diamond.narc,91,3392,,61576,61600,21892,21916,24,5e14b8fc36acef66f64f0a0cac3d3206b13d078815858aeeab6e1947ad8c905e,0600000011000000120000001d000000,,,,,False,,,,,,,,,,False,False
/application/zukanlist/zkn_data/zukan_enc_diamond.narc,/application/zukanlist/zkn_data/zukan_enc_diamond.narc!/member_03393,0,/application/zukanlist/zkn_data/zukan_enc_diamond.narc,91,3393,,61600,61632,21916,21948,32,74dc6b08d26dc12f71ec44d34d2accebcf20e8406f12d7a87184fad8eca4dea6,070000001d0000002200000024000000,,,,,False,,,,,,,,,,False,False
/application/zukanlist/zkn_data/zukan_enc_diamond.narc,/application/zukanlist/zkn_data/zukan_enc_diamond.narc!/member_03394,0,/application/zukanlist/zkn_data/zukan_enc_diamond.narc,91,3394,,61632,61636,21948,21952,4,df3f619804a92fdb4057192dc43dd748ea778adc52bc498ce80524c014b81119,00000000,,,,,False,,,,,,,,,,False,False
/application/zukanlist/zkn_data/zukan_enc_diamond.narc,/application/zukanlist/zkn_data/zukan_enc_diamond.narc!/member_03395,0,/application/zukanlist/zkn_data/zukan_enc_diamond.narc,91,3395,,61636,61640,21952,21956,4,df3f619804a92fdb4057192dc43dd748ea778adc52bc498ce80524c014b81119,00000000,,,,,False,,,,,,,,,,False,False
/application/zukanlist/zkn_data/zukan_enc_diamond.narc,/application/zukanlist/zkn_data/zukan_enc_diamond.narc!/member_03396,0,/application/zukanlist/zkn_data/zukan_enc_diamond.narc,91,3396,,61640,61676,21956,21992,36,fb5acd99524f5dbe261e5e197bf8fd0fe6d5079dd79df24277bd4c7ad3e13b0d,06000000070000001100000012000000,,,,,False,,,,,,,,,,False,False
/application/zukanlist/zkn_data/zukan_enc_diamond.narc,/application/zukanlist/zkn_data/zukan_enc_diamond.narc!/member_03397,0,/application/zukanlist/zkn_data/zukan_enc_diamond.narc,91,3397,,61676,61704,21992,22020,28,bcd0feea2d7014c0defc95c06466e23d070338aa6fda60750efb5eb9890b628f,07000000220000002400000025000000,,,,,False,,,,,,,,,,False,False
/application/zukanlist/zkn_data/zukan_enc_diamond.narc,/application/zukanlist/zkn_data/zukan_enc_diamond.narc!/member_03398,0,/application/zukanlist/zkn_data/zukan_enc_diamond.narc,91,3398,,61704,61708,22020,22024,4,df3f619804a92fdb4057192dc43dd748ea778adc52bc498ce80524c014b81119,00000000,,,,,False,,,,,,,,,,False,False
/application/zukanlist/zkn_data/zukan_enc_diamond.narc,/application/zukanlist/zkn_data/zukan_enc_diamond.narc!/member_03399,0,/application/zukanlist/zkn_data/zukan_enc_diamond.narc,91,3399,,61708,61712,22024,22028,4,df3f619804a92fdb4057192dc43dd748ea778adc52bc498ce80524c014b81119,00000000,,,,,False,,,,,,,,,,False,False
/application/zukanlist/zkn_data/zukan_enc_diamond.narc,/application/zukanlist/zkn_data/zukan_enc_diamond.narc!/member_03400,0,/application/zukanlist/zkn_data/zukan_enc_diamond.narc,91,3400,,61712,61716,22028,22032,4,df3f619804a92fdb4057192dc43dd748ea778adc52bc498ce80524c014b81119,00000000,,,,,False,,,,,,,,,,False,False
/application/zukanlist/zkn_data/zukan_enc_diamond.narc,/application/zukanlist/zkn_data/zukan_enc_diamond.narc!/member_03401,0,/application/zukanlist/zkn_data/zukan_enc_diamond.narc,91,3401,,61716,61720,22032,22036,4,df3f619804a92fdb4057192dc43dd748ea778adc52bc498ce80524c014b81119,00000000,,,,,False,,,,,,,,,,False,False
/application/zukanlist/zkn_data/zukan_enc_diamond.narc,/application/zukanlist/zkn_data/zukan_enc_diamond.narc!/member_03402,0,/application/zukanlist/zkn_data/zukan_enc_diamond.narc,91,3402,,61720,61724,22036,22040,4,df3f619804a92fdb4057192dc43dd748ea778adc52bc498ce80524c014b81119,00000000,,,,,False,,,,,,,,,,False,False
/application/zukanlist/zkn_data/zukan_enc_diamond.narc,/application/zukanlist/zkn_data/zukan_enc_diamond.narc!/member_03403,0,/application/zukanlist/zkn_data/zukan_enc_diamond.narc,91,3403,,61724,61728,22040,22044,4,df3f619804a92fdb4057192dc43dd748ea778adc52bc498ce80524c014b81119,00000000,,,,,False,,,,,,,,,,False,False
/application/zukanlist/zkn_data/zukan_enc_diamond.narc,/application/zukanlist/zkn_data/zukan_enc_diamond.narc!/member_03404,0,/application/zukanlist/zkn_data/zukan_enc_diamond.narc,91,3404,,61728,61732,22044,22048,4,df3f619804a92fdb4057192dc43dd748ea778adc52bc498ce80524c014b81119,00000000,,,,,False,,,,,,,,,,False,False
/application/zukanlist/zkn_data/zukan_enc_diamond.narc,/application/zukanlist/zkn_data/zukan_enc_diamond.narc!/member_03405,0,/application/zukanlist/zkn_data/zukan_enc_diamond.narc,91,3405,,61732,61736,22048,22052,4,df3f619804a92fdb4057192dc43dd748ea778adc52bc498ce80524c014b81119,00000000,,,,,False,,,,,,,,,,False,False
/application/zukanlist/zkn_data/zukan_enc_diamond.narc,/application/zukanlist/zkn_data/zukan_enc_diamond.narc!/member_03406,0,/application/zukanlist/zkn_data/zukan_enc_diamond.narc,91,3406,,61736,61740,22052,22056,4,df3f619804a92fdb4057192dc43dd748ea778adc52bc498ce80524c014b81119,00000000,,,,,False,,,,,,,,,,False,False
/application/zukanlist/zkn_data/zukan_enc_diamond.narc,/application/zukanlist/zkn_data/zukan_enc_diamond.narc!/member_03407,0,/application/zukanlist/zkn_data/zukan_enc_diamond.narc,91,3407,,61740,61752,22056,22068,12,ac3e17cb10b4670f60ed7a4f69280ccd605c82307a548ac46547d4918619781d,190000001a00000000000000,,,,,False,,,,,,,,,,False,False
/application/zukanlist/zkn_data/zukan_enc_diamond.narc,/application/zukanlist/zkn_data/zukan_enc_diamond.narc!/member_03408,0,/application/zukanlist/zkn_data/zukan_enc_diamond.narc,91,3408,,61752,61768,22068,22084,16,612ab88ecc4c41192e92820bf38e738507386333fba2ae7cf47716b8c43b146d,130000001e0000002400000000000000,,,,,False,,,,,,,,,,False,False
/application/zukanlist/zkn_data/zukan_enc_diamond.narc,/application/zukanlist/zkn_data/zukan_enc_diamond.narc!/member_03409,0,/application/zukanlist/zkn_data/zukan_enc_diamond.narc,91,3409,,61768,61780,22084,22096,12,90ccffed0591db76a209e0cfbd54887c6f36284af606a491042f4b95390937be,240000002700000000000000,,,,,True,Nintendo Huffman 4-bit,Probable,False,39,,,,,,False,False
/application/zukanlist/zkn_data/zukan_enc_diamond.narc,/application/zukanlist/zkn_data/zukan_enc_diamond.narc!/member_03410,0,/application/zukanlist/zkn_data/zukan_enc_diamond.narc,91,3410,,61780,61788,22096,22104,8,1023cd53096fa66c8a605b9cd21f77cb3f8cd12f855482b27c01e85c95b9515f,1300000000000000,,,,,False,,,,,,,,,,False,False
/application/zukanlist/zkn_data/zukan_enc_diamond.narc,/application/zukanlist/zkn_data/zukan_enc_diamond.narc!/member_03411,0,/application/zukanlist/zkn_data/zukan_enc_diamond.narc,91,3411,,61788,61792,22104,22108,4,df3f619804a92fdb4057192dc43dd748ea778adc52bc498ce80524c014b81119,00000000,,,,,False,,,,,,,,,,False,False
/application/zukanlist/zkn_data/zukan_enc_diamond.narc,/application/zukanlist/zkn_data/zukan_enc_diamond.narc!/member_03412,0,/application/zukanlist/zkn_data/zukan_enc_diamond.narc,91,3412,,61792,61796,22108,22112,4,df3f619804a92fdb4057192dc43dd748ea778adc52bc498ce80524c014b81119,00000000,,,,,False,,,,,,,,,,False,False
/application/zukanlist/zkn_data/zukan_enc_diamond.narc,/application/zukanlist/zkn_data/zukan_enc_diamond.narc!/member_03413,0,/application/zukanlist/zkn_data/zukan_enc_diamond.narc,91,3413,,61796,61808,22112,22124,12,8274d6cd5c457eb9d21d15ef7fc534c460554c75de83491091c05d37d1934bf7,160000001700000000000000,,,,,False,,,,,,,,,,False,False
/application/zukanlist/zkn_data/zukan_enc_diamond.narc,/application/zukanlist/zkn_data/zukan_enc_diamond.narc!/member_03414,0,/application/zukanlist/zkn_data/zukan_enc_diamond.narc,91,3414,,61808,61812,22124,22128,4,df3f619804a92fdb4057192dc43dd748ea778adc52bc498ce80524c014b81119,00000000,,,,,False,,,,,,,,,,False,False
/application/zukanlist/zkn_data/zukan_enc_diamond.narc,/application/zukanlist/zkn_data/zukan_enc_diamond.narc!/member_03415,0,/application/zukanlist/zkn_data/zukan_enc_diamond.narc,91,3415,,61812,61824,22128,22140,12,0eef768c548f0e9df17645f4d6c4db3bdbb0f4e1749800173f76735d7b6e2765,250000002600000000000000,,,,,False,,,,,,,,,,False,False
/application/zukanlist/zkn_data/zukan_enc_diamond.narc,/application/zukanlist/zkn_data/zukan_enc_diamond.narc!/member_03416,0,/application/zukanlist/zkn_data/zukan_enc_diamond.narc,91,3416,,61824,61828,22140,22144,4,df3f619804a92fdb4057192dc43dd748ea778adc52bc498ce80524c014b81119,00000000,,,,,False,,,,,,,,,,False,False
/application/zukanlist/zkn_data/zukan_enc_diamond.narc,/application/zukanlist/zkn_data/zukan_enc_diamond.narc!/member_03417,0,/application/zukanlist/zkn_data/zukan_enc_diamond.narc,91,3417,,61828,61832,22144,22148,4,df3f619804a92fdb4057192dc43dd748ea778adc52bc498ce80524c014b81119,00000000,,,,,False,,,,,,,,,,False,False
/application/zukanlist/zkn_data/zukan_enc_diamond.narc,/application/zukanlist/zkn_data/zukan_enc_diamond.narc!/member_03418,0,/application/zukanlist/zkn_data/zukan_enc_diamond.narc,91,3418,,61832,61836,22148,22152,4,df3f619804a92fdb4057192dc43dd748ea778adc52bc498ce80524c014b81119,00000000,,,,,False,,,,,,,,,,False,False
/application/zukanlist/zkn_data/zukan_enc_diamond.narc,/application/zukanlist/zkn_data/zukan_enc_diamond.narc!/member_03419,0,/application/zukanlist/zkn_data/zukan_enc_diamond.narc,91,3419,,61836,61840,22152,22156,4,df3f619804a92fdb4057192dc43dd748ea778adc52bc498ce80524c014b81119,00000000,,,,,False,,,,,,,,,,False,False
/application/zukanlist/zkn_data/zukan_enc_diamond.narc,/application/zukanlist/zkn_data/zukan_enc_diamond.narc!/member_03420,0,/application/zukanlist/zkn_data/zukan_enc_diamond.narc,91,3420,,61840,61844,22156,22160,4,df3f619804a92fdb4057192dc43dd748ea778adc52bc498ce80524c014b81119,00000000,,,,,False,,,,,,,,,,False,False
/application/zukanlist/zkn_data/zukan_enc_diamond.narc,/application/zukanlist/zkn_data/zukan_enc_diamond.narc!/member_03421,0,/application/zukanlist/zkn_data/zukan_enc_diamond.narc,91,3421,,61844,61848,22160,22164,4,df3f619804a92fdb4057192dc43dd748ea778adc52bc498ce80524c014b81119,00000000,,,,,False,,,,,,,,,,False,False
/application/zukanlist/zkn_data/zukan_enc_diamond.narc,/application/zukanlist/zkn_data/zukan_enc_diamond.narc!/member_03422,0,/application/zukanlist/zkn_data/zukan_enc_diamond.narc,91,3422,,61848,61852,22164,22168,4,df3f619804a92fdb4057192dc43dd748ea778adc52bc498ce80524c014b81119,00000000,,,,,False,,,,,,,,,,False,False
/application/zukanlist/zkn_data/zukan_enc_diamond.narc,/application/zukanlist/zkn_data/zukan_enc_diamond.narc!/member_03423,0,/application/zukanlist/zkn_data/zukan_enc_diamond.narc,91,3423,,61852,61856,22168,22172,4,df3f619804a92fdb4057192dc43dd748ea778adc52bc498ce80524c014b81119,00000000,,,,,False,,,,,,,,,,False,False
/application/zukanlist/zkn_data/zukan_enc_diamond.narc,/application/zukanlist/zkn_data/zukan_enc_diamond.narc!/member_03424,0,/application/zukanlist/zkn_data/zukan_enc_diamond.narc,91,3424,,61856,61864,22172,22180,8,b8282e78d87c2a42f7c0f5b543c0d7760d3fe5a3860a25c20ec57ddaa4d80b81,2900000000000000,,,,,False,,,,,,,,,,False,False
/application/zukanlist/zkn_data/zukan_enc_diamond.narc,/application/zukanlist/zkn_data/zukan_enc_diamond.narc!/member_03425,0,/application/zukanlist/zkn_data/zukan_enc_diamond.narc,91,3425,,61864,61868,22180,22184,4,df3f619804a92fdb4057192dc43dd748ea778adc52bc498ce80524c014b81119,00000000,,,,,False,,,,,,,,,,False,False
/application/zukanlist/zkn_data/zukan_enc_diamond.narc,/application/zukanlist/zkn_data/zukan_enc_diamond.narc!/member_03426,0,/application/zukanlist/zkn_data/zukan_enc_diamond.narc,91,3426,,61868,61872,22184,22188,4,df3f619804a92fdb4057192dc43dd748ea778adc52bc498ce80524c014b81119,00000000,,,,,False,,,,,,,,,,False,False
/application/zukanlist/zkn_data/zukan_enc_diamond.narc,/application/zukanlist/zkn_data/zukan_enc_diamond.narc!/member_03427,0,/application/zukanlist/zkn_data/zukan_enc_diamond.narc,91,3427,,61872,61876,22188,22192,4,df3f619804a92fdb4057192dc43dd748ea778adc52bc498ce80524c014b81119,00000000,,,,,False,,,,,,,,,,False,False
/application/zukanlist/zkn_data/zukan_enc_diamond.narc,/application/zukanlist/zkn_data/zukan_enc_diamond.narc!/member_03428,0,/application/zukanlist/zkn_data/zukan_enc_diamond.narc,91,3428,,61876,61880,22192,22196,4,df3f619804a92fdb4057192dc43dd748ea778adc52bc498ce80524c014b81119,00000000,,,,,False,,,,,,,,,,False,False
/application/zukanlist/zkn_data/zukan_enc_diamond.narc,/application/zukanlist/zkn_data/zukan_enc_diamond.narc!/member_03429,0,/application/zukanlist/zkn_data/zukan_enc_diamond.narc,91,3429,,61880,61884,22196,22200,4,df3f619804a92fdb4057192dc43dd748ea778adc52bc498ce80524c014b81119,00000000,,,,,False,,,,,,,,,,False,False
/application/zukanlist/zkn_data/zukan_enc_diamond.narc,/application/zukanlist/zkn_data/zukan_enc_diamond.narc!/member_03430,0,/application/zukanlist/zkn_data/zukan_enc_diamond.narc,91,3430,,61884,61924,22200,22240,40,78393e2e40f0d37458afc810745a88523a2177b36ce8a9297092a2d7872a97ad,01000000060000000700000009000000,,,,,False,,,,,,,,,,False,False
/application/zukanlist/zkn_data/zukan_enc_diamond.narc,/application/zukanlist/zkn_data/zukan_enc_diamond.narc!/member_03431,0,/application/zukanlist/zkn_data/zukan_enc_diamond.narc,91,3431,,61924,61964,22240,22280,40,78393e2e40f0d37458afc810745a88523a2177b36ce8a9297092a2d7872a97ad,01000000060000000700000009000000,,,,,False,,,,,,,,,,False,False
/application/zukanlist/zkn_data/zukan_enc_diamond.narc,/application/zukanlist/zkn_data/zukan_enc_diamond.narc!/member_03432,0,/application/zukanlist/zkn_data/zukan_enc_diamond.narc,91,3432,,61964,61976,22280,22292,12,26a5532b091f58beecbf3cc3f469a74c57f00e27dcf481628757aab80bdf8e0a,040000002f00000000000000,,,,,False,,,,,,,,,,False,False
/application/zukanlist/zkn_data/zukan_enc_diamond.narc,/application/zukanlist/zkn_data/zukan_enc_diamond.narc!/member_03433,0,/application/zukanlist/zkn_data/zukan_enc_diamond.narc,91,3433,,61976,61992,22292,22308,16,f2578d6ab3f7d6034fa63ec3e6dd43add5c54ca3f83107f42a3b19e64bc9720a,0b000000200000002100000000000000,,,,,False,,,,,,,,,,False,False
/application/zukanlist/zkn_data/zukan_enc_diamond.narc,/application/zukanlist/zkn_data/zukan_enc_diamond.narc!/member_03434,0,/application/zukanlist/zkn_data/zukan_enc_diamond.narc,91,3434,,61992,61996,22308,22312,4,df3f619804a92fdb4057192dc43dd748ea778adc52bc498ce80524c014b81119,00000000,,,,,False,,,,,,,,,,False,False
/application/zukanlist/zkn_data/zukan_enc_diamond.narc,/application/zukanlist/zkn_data/zukan_enc_diamond.narc!/member_03435,0,/application/zukanlist/zkn_data/zukan_enc_diamond.narc,91,3435,,61996,62000,22312,22316,4,df3f619804a92fdb4057192dc43dd748ea778adc52bc498ce80524c014b81119,00000000,,,,,False,,,,,,,,,,False,False
/application/zukanlist/zkn_data/zukan_enc_diamond.narc,/application/zukanlist/zkn_data/zukan_enc_diamond.narc!/member_03436,0,/application/zukanlist/zkn_data/zukan_enc_diamond.narc,91,3436,,62000,62004,22316,22320,4,df3f619804a92fdb4057192dc43dd748ea778adc52bc498ce80524c014b81119,00000000,,,,,False,,,,,,,,,,False,False
/application/zukanlist/zkn_data/zukan_enc_diamond.narc,/application/zukanlist/zkn_data/zukan_enc_diamond.narc!/member_03437,0,/application/zukanlist/zkn_data/zukan_enc_diamond.narc,91,3437,,62004,62008,22320,22324,4,df3f619804a92fdb4057192dc43dd748ea778adc52bc498ce80524c014b81119,00000000,,,,,False,,,,,,,,,,False,False
/application/zukanlist/zkn_data/zukan_enc_diamond.narc,/application/zukanlist/zkn_data/zukan_enc_diamond.narc!/member_03438,0,/application/zukanlist/zkn_data/zukan_enc_diamond.narc,91,3438,,62008,62012,22324,22328,4,df3f619804a92fdb4057192dc43dd748ea778adc52bc498ce80524c014b81119,00000000,,,,,False,,,,,,,,,,False,False
/application/zukanlist/zkn_data/zukan_enc_diamond.narc,/application/zukanlist/zkn_data/zukan_enc_diamond.narc!/member_03439,0,/application/zukanlist/zkn_data/zukan_enc_diamond.narc,91,3439,,62012,62016,22328,22332,4,df3f619804a92fdb4057192dc43dd748ea778adc52bc498ce80524c014b81119,00000000,,,,,False,,,,,,,,,,False,False
/application/zukanlist/zkn_data/zukan_enc_diamond.narc,/application/zukanlist/zkn_data/zukan_enc_diamond.narc!/member_03440,0,/application/zukanlist/zkn_data/zukan_enc_diamond.narc,91,3440,,62016,62020,22332,22336,4,df3f619804a92fdb4057192dc43dd748ea778adc52bc498ce80524c014b81119,00000000,,,,,False,,,,,,,,,,False,False
/application/zukanlist/zkn_data/zukan_enc_diamond.narc,/application/zukanlist/zkn_data/zukan_enc_diamond.narc!/member_03441,0,/application/zukanlist/zkn_data/zukan_enc_diamond.narc,91,3441,,62020,62024,22336,22340,4,df3f619804a92fdb4057192dc43dd748ea778adc52bc498ce80524c014b81119,00000000,,,,,False,,,,,,,,,,False,False
/application/zukanlist/zkn_data/zukan_enc_diamond.narc,/application/zukanlist/zkn_data/zukan_enc_diamond.narc!/member_03442,0,/application/zukanlist/zkn_data/zukan_enc_diamond.narc,91,3442,,62024,62028,22340,22344,4,df3f619804a92fdb4057192dc43dd748ea778adc52bc498ce80524c014b81119,00000000,,,,,False,,,,,,,,,,False,False
/application/zukanlist/zkn_data/zukan_enc_diamond.narc,/application/zukanlist/zkn_data/zukan_enc_diamond.narc!/member_03443,0,/application/zukanlist/zkn_data/zukan_enc_diamond.narc,91,3443,,62028,62032,22344,22348,4,df3f619804a92fdb4057192dc43dd748ea778adc52bc498ce80524c014b81119,00000000,,,,,False,,,,,,,,,,False,False
/application/zukanlist/zkn_data/zukan_enc_diamond.narc,/application/zukanlist/zkn_data/zukan_enc_diamond.narc!/member_03444,0,/application/zukanlist/zkn_data/zukan_enc_diamond.narc,91,3444,,62032,62036,22348,22352,4,df3f619804a92fdb4057192dc43dd748ea778adc52bc498ce80524c014b81119,00000000,,,,,False,,,,,,,,,,False,False
/application/zukanlist/zkn_data/zukan_enc_diamond.narc,/application/zukanlist/zkn_data/zukan_enc_diamond.narc!/member_03445,0,/application/zukanlist/zkn_data/zukan_enc_diamond.narc,91,3445,,62036,62040,22352,22356,4,df3f619804a92fdb4057192dc43dd748ea778adc52bc498ce80524c014b81119,00000000,,,,,False,,,,,,,,,,False,False
/application/zukanlist/zkn_data/zukan_enc_diamond.narc,/application/zukanlist/zkn_data/zukan_enc_diamond.narc!/member_03446,0,/application/zukanlist/zkn_data/zukan_enc_diamond.narc,91,3446,,62040,62044,22356,22360,4,df3f619804a92fdb4057192dc43dd748ea778adc52bc498ce80524c014b81119,00000000,,,,,False,,,,,,,,,,False,False
/application/zukanlist/zkn_data/zukan_enc_diamond.narc,/application/zukanlist/zkn_data/zukan_enc_diamond.narc!/member_03447,0,/application/zukanlist/zkn_data/zukan_enc_diamond.narc,91,3447,,62044,62048,22360,22364,4,df3f619804a92fdb4057192dc43dd748ea778adc52bc498ce80524c014b81119,00000000,,,,,False,,,,,,,,,,False,False
/application/zukanlist/zkn_data/zukan_enc_diamond.narc,/application/zukanlist/zkn_data/zukan_enc_diamond.narc!/member_03448,0,/application/zukanlist/zkn_data/zukan_enc_diamond.narc,91,3448,,62048,62052,22364,22368,4,df3f619804a92fdb4057192dc43dd748ea778adc52bc498ce80524c014b81119,00000000,,,,,False,,,,,,,,,,False,False
/application/zukanlist/zkn_data/zukan_enc_diamond.narc,/application/zukanlist/zkn_data/zukan_enc_diamond.narc!/member_03449,0,/application/zukanlist/zkn_data/zukan_enc_diamond.narc,91,3449,,62052,62056,22368,22372,4,df3f619804a92fdb4057192dc43dd748ea778adc52bc498ce80524c014b81119,00000000,,,,,False,,,,,,,,,,False,False
/application/zukanlist/zkn_data/zukan_enc_diamond.narc,/application/zukanlist/zkn_data/zukan_enc_diamond.narc!/member_03450,0,/application/zukanlist/zkn_data/zukan_enc_diamond.narc,91,3450,,62056,62060,22372,22376,4,df3f619804a92fdb4057192dc43dd748ea778adc52bc498ce80524c014b81119,00000000,,,,,False,,,,,,,,,,False,False
/application/zukanlist/zkn_data/zukan_enc_diamond.narc,/application/zukanlist/zkn_data/zukan_enc_diamond.narc!/member_03451,0,/application/zukanlist/zkn_data/zukan_enc_diamond.narc,91,3451,,62060,62064,22376,22380,4,df3f619804a92fdb4057192dc43dd748ea778adc52bc498ce80524c014b81119,00000000,,,,,False,,,,,,,,,,False,False
/application/zukanlist/zkn_data/zukan_enc_diamond.narc,/application/zukanlist/zkn_data/zukan_enc_diamond.narc!/member_03452,0,/application/zukanlist/zkn_data/zukan_enc_diamond.narc,91,3452,,62064,62068,22380,22384,4,df3f619804a92fdb4057192dc43dd748ea778adc52bc498ce80524c014b81119,00000000,,,,,False,,,,,,,,,,False,False
/application/zukanlist/zkn_data/zukan_enc_diamond.narc,/application/zukanlist/zkn_data/zukan_enc_diamond.narc!/member_03453,0,/application/zukanlist/zkn_data/zukan_enc_diamond.narc,91,3453,,62068,62072,22384,22388,4,df3f619804a92fdb4057192dc43dd748ea778adc52bc498ce80524c014b81119,00000000,,,,,False,,,,,,,,,,False,False
/application/zukanlist/zkn_data/zukan_enc_diamond.narc,/application/zukanlist/zkn_data/zukan_enc_diamond.narc!/member_03454,0,/application/zukanlist/zkn_data/zukan_enc_diamond.narc,91,3454,,62072,62076,22388,22392,4,df3f619804a92fdb4057192dc43dd748ea778adc52bc498ce80524c014b81119,00000000,,,,,False,,,,,,,,,,False,False
/application/zukanlist/zkn_data/zukan_enc_diamond.narc,/application/zukanlist/zkn_data/zukan_enc_diamond.narc!/member_03455,0,/application/zukanlist/zkn_data/zukan_enc_diamond.narc,91,3455,,62076,62080,22392,22396,4,df3f619804a92fdb4057192dc43dd748ea778adc52bc498ce80524c014b81119,00000000,,,,,False,,,,,,,,,,False,False
/application/zukanlist/zkn_data/zukan_enc_diamond.narc,/application/zukanlist/zkn_data/zukan_enc_diamond.narc!/member_03456,0,/application/zukanlist/zkn_data/zukan_enc_diamond.narc,91,3456,,62080,62084,22396,22400,4,df3f619804a92fdb4057192dc43dd748ea778adc52bc498ce80524c014b81119,00000000,,,,,False,,,,,,,,,,False,False
/application/zukanlist/zkn_data/zukan_enc_diamond.narc,/application/zukanlist/zkn_data/zukan_enc_diamond.narc!/member_03457,0,/application/zukanlist/zkn_data/zukan_enc_diamond.narc,91,3457,,62084,62088,22400,22404,4,df3f619804a92fdb4057192dc43dd748ea778adc52bc498ce80524c014b81119,00000000,,,,,False,,,,,,,,,,False,False
/application/zukanlist/zkn_data/zukan_enc_diamond.narc,/application/zukanlist/zkn_data/zukan_enc_diamond.narc!/member_03458,0,/application/zukanlist/zkn_data/zukan_enc_diamond.narc,91,3458,,62088,62092,22404,22408,4,df3f619804a92fdb4057192dc43dd748ea778adc52bc498ce80524c014b81119,00000000,,,,,False,,,,,,,,,,False,False
/application/zukanlist/zkn_data/zukan_enc_diamond.narc,/application/zukanlist/zkn_data/zukan_enc_diamond.narc!/member_03459,0,/application/zukanlist/zkn_data/zukan_enc_diamond.narc,91,3459,,62092,62096,22408,22412,4,df3f619804a92fdb4057192dc43dd748ea778adc52bc498ce80524c014b81119,00000000,,,,,False,,,,,,,,,,False,False
/application/zukanlist/zkn_data/zukan_enc_diamond.narc,/application/zukanlist/zkn_data/zukan_enc_diamond.narc!/member_03460,0,/application/zukanlist/zkn_data/zukan_enc_diamond.narc,91,3460,,62096,62100,22412,22416,4,df3f619804a92fdb4057192dc43dd748ea778adc52bc498ce80524c014b81119,00000000,,,,,False,,,,,,,,,,False,False
/application/zukanlist/zkn_data/zukan_enc_diamond.narc,/application/zukanlist/zkn_data/zukan_enc_diamond.narc!/member_03461,0,/application/zukanlist/zkn_data/zukan_enc_diamond.narc,91,3461,,62100,62104,22416,22420,4,df3f619804a92fdb4057192dc43dd748ea778adc52bc498ce80524c014b81119,00000000,,,,,False,,,,,,,,,,False,False
/application/zukanlist/zkn_data/zukan_enc_diamond.narc,/application/zukanlist/zkn_data/zukan_enc_diamond.narc!/member_03462,0,/application/zukanlist/zkn_data/zukan_enc_diamond.narc,91,3462,,62104,62108,22420,22424,4,df3f619804a92fdb4057192dc43dd748ea778adc52bc498ce80524c014b81119,00000000,,,,,False,,,,,,,,,,False,False
/application/zukanlist/zkn_data/zukan_enc_diamond.narc,/application/zukanlist/zkn_data/zukan_enc_diamond.narc!/member_03463,0,/application/zukanlist/zkn_data/zukan_enc_diamond.narc,91,3463,,62108,62112,22424,22428,4,df3f619804a92fdb4057192dc43dd748ea778adc52bc498ce80524c014b81119,00000000,,,,,False,,,,,,,,,,False,False
/application/zukanlist/zkn_data/zukan_enc_diamond.narc,/application/zukanlist/zkn_data/zukan_enc_diamond.narc!/member_03464,0,/application/zukanlist/zkn_data/zukan_enc_diamond.narc,91,3464,,62112,62116,22428,22432,4,df3f619804a92fdb4057192dc43dd748ea778adc52bc498ce80524c014b81119,00000000,,,,,False,,,,,,,,,,False,False
/application/zukanlist/zkn_data/zukan_enc_diamond.narc,/application/zukanlist/zkn_data/zukan_enc_diamond.narc!/member_03465,0,/application/zukanlist/zkn_data/zukan_enc_diamond.narc,91,3465,,62116,62120,22432,22436,4,df3f619804a92fdb4057192dc43dd748ea778adc52bc498ce80524c014b81119,00000000,,,,,False,,,,,,,,,,False,False
/application/zukanlist/zkn_data/zukan_enc_diamond.narc,/application/zukanlist/zkn_data/zukan_enc_diamond.narc!/member_03466,0,/application/zukanlist/zkn_data/zukan_enc_diamond.narc,91,3466,,62120,62124,22436,22440,4,df3f619804a92fdb4057192dc43dd748ea778adc52bc498ce80524c014b81119,00000000,,,,,False,,,,,,,,,,False,False
/application/zukanlist/zkn_data/zukan_enc_diamond.narc,/application/zukanlist/zkn_data/zukan_enc_diamond.narc!/member_03467,0,/application/zukanlist/zkn_data/zukan_enc_diamond.narc,91,3467,,62124,62128,22440,22444,4,df3f619804a92fdb4057192dc43dd748ea778adc52bc498ce80524c014b81119,00000000,,,,,False,,,,,,,,,,False,False
/application/zukanlist/zkn_data/zukan_enc_diamond.narc,/application/zukanlist/zkn_data/zukan_enc_diamond.narc!/member_03468,0,/application/zukanlist/zkn_data/zukan_enc_diamond.narc,91,3468,,62128,62132,22444,22448,4,df3f619804a92fdb4057192dc43dd748ea778adc52bc498ce80524c014b81119,00000000,,,,,False,,,,,,,,,,False,False
/application/zukanlist/zkn_data/zukan_enc_diamond.narc,/application/zukanlist/zkn_data/zukan_enc_diamond.narc!/member_03469,0,/application/zukanlist/zkn_data/zukan_enc_diamond.narc,91,3469,,62132,62236,22448,22552,104,d74c78f2b535332240afc5dd4cfbada080950a4dd92316538fc87c717efad12c,01000000020000000300000004000000,,,,,False,,,,,,,,,,False,False
/application/zukanlist/zkn_data/zukan_enc_diamond.narc,/application/zukanlist/zkn_data/zukan_enc_diamond.narc!/member_03470,0,/application/zukanlist/zkn_data/zukan_enc_diamond.narc,91,3470,,62236,62240,22552,22556,4,df3f619804a92fdb4057192dc43dd748ea778adc52bc498ce80524c014b81119,00000000,,,,,False,,,,,,,,,,False,False
/application/zukanlist/zkn_data/zukan_enc_diamond.narc,/application/zukanlist/zkn_data/zukan_enc_diamond.narc!/member_03471,0,/application/zukanlist/zkn_data/zukan_enc_diamond.narc,91,3471,,62240,62244,22556,22560,4,df3f619804a92fdb4057192dc43dd748ea778adc52bc498ce80524c014b81119,00000000,,,,,False,,,,,,,,,,False,False
/application/zukanlist/zkn_data/zukan_enc_diamond.narc,/application/zukanlist/zkn_data/zukan_enc_diamond.narc!/member_03472,0,/application/zukanlist/zkn_data/zukan_enc_diamond.narc,91,3472,,62244,62248,22560,22564,4,df3f619804a92fdb4057192dc43dd748ea778adc52bc498ce80524c014b81119,00000000,,,,,False,,,,,,,,,,False,False
/application/zukanlist/zkn_data/zukan_enc_diamond.narc,/application/zukanlist/zkn_data/zukan_enc_diamond.narc!/member_03473,0,/application/zukanlist/zkn_data/zukan_enc_diamond.narc,91,3473,,62248,62252,22564,22568,4,df3f619804a92fdb4057192dc43dd748ea778adc52bc498ce80524c014b81119,00000000,,,,,False,,,,,,,,,,False,False
/application/zukanlist/zkn_data/zukan_enc_diamond.narc,/application/zukanlist/zkn_data/zukan_enc_diamond.narc!/member_03474,0,/application/zukanlist/zkn_data/zukan_enc_diamond.narc,91,3474,,62252,62256,22568,22572,4,df3f619804a92fdb4057192dc43dd748ea778adc52bc498ce80524c014b81119,00000000,,,,,False,,,,,,,,,,False,False
/application/zukanlist/zkn_data/zukan_enc_diamond.narc,/application/zukanlist/zkn_data/zukan_enc_diamond.narc!/member_03475,0,/application/zukanlist/zkn_data/zukan_enc_diamond.narc,91,3475,,62256,62260,22572,22576,4,df3f619804a92fdb4057192dc43dd748ea778adc52bc498ce80524c014b81119,00000000,,,,,False,,,,,,,,,,False,False
/application/zukanlist/zkn_data/zukan_enc_diamond.narc,/application/zukanlist/zkn_data/zukan_enc_diamond.narc!/member_03476,0,/application/zukanlist/zkn_data/zukan_enc_diamond.narc,91,3476,,62260,62264,22576,22580,4,df3f619804a92fdb4057192dc43dd748ea778adc52bc498ce80524c014b81119,00000000,,,,,False,,,,,,,,,,False,False
/application/zukanlist/zkn_data/zukan_enc_diamond.narc,/application/zukanlist/zkn_data/zukan_enc_diamond.narc!/member_03477,0,/application/zukanlist/zkn_data/zukan_enc_diamond.narc,91,3477,,62264,62268,22580,22584,4,df3f619804a92fdb4057192dc43dd748ea778adc52bc498ce80524c014b81119,00000000,,,,,False,,,,,,,,,,False,False
/application/zukanlist/zkn_data/zukan_enc_diamond.narc,/application/zukanlist/zkn_data/zukan_enc_diamond.narc!/member_03478,0,/application/zukanlist/zkn_data/zukan_enc_diamond.narc,91,3478,,62268,62272,22584,22588,4,df3f619804a92fdb4057192dc43dd748ea778adc52bc498ce80524c014b81119,00000000,,,,,False,,,,,,,,,,False,False
/application/zukanlist/zkn_data/zukan_enc_diamond.narc,/application/zukanlist/zkn_data/zukan_enc_diamond.narc!/member_03479,0,/application/zukanlist/zkn_data/zukan_enc_diamond.narc,91,3479,,62272,62276,22588,22592,4,df3f619804a92fdb4057192dc43dd748ea778adc52bc498ce80524c014b81119,00000000,,,,,False,,,,,,,,,,False,False
/application/zukanlist/zkn_data/zukan_enc_diamond.narc,/application/zukanlist/zkn_data/zukan_enc_diamond.narc!/member_03480,0,/application/zukanlist/zkn_data/zukan_enc_diamond.narc,91,3480,,62276,62280,22592,22596,4,df3f619804a92fdb4057192dc43dd748ea778adc52bc498ce80524c014b81119,00000000,,,,,False,,,,,,,,,,False,False
/application/zukanlist/zkn_data/zukan_enc_diamond.narc,/application/zukanlist/zkn_data/zukan_enc_diamond.narc!/member_03481,0,/application/zukanlist/zkn_data/zukan_enc_diamond.narc,91,3481,,62280,62284,22596,22600,4,df3f619804a92fdb4057192dc43dd748ea778adc52bc498ce80524c014b81119,00000000,,,,,False,,,,,,,,,,False,False
/application/zukanlist/zkn_data/zukan_enc_diamond.narc,/application/zukanlist/zkn_data/zukan_enc_diamond.narc!/member_03482,0,/application/zukanlist/zkn_data/zukan_enc_diamond.narc,91,3482,,62284,62288,22600,22604,4,df3f619804a92fdb4057192dc43dd748ea778adc52bc498ce80524c014b81119,00000000,,,,,False,,,,,,,,,,False,False
/application/zukanlist/zkn_data/zukan_enc_diamond.narc,/application/zukanlist/zkn_data/zukan_enc_diamond.narc!/member_03483,0,/application/zukanlist/zkn_data/zukan_enc_diamond.narc,91,3483,,62288,62292,22604,22608,4,df3f619804a92fdb4057192dc43dd748ea778adc52bc498ce80524c014b81119,00000000,,,,,False,,,,,,,,,,False,False
/application/zukanlist/zkn_data/zukan_enc_diamond.narc,/application/zukanlist/zkn_data/zukan_enc_diamond.narc!/member_03484,0,/application/zukanlist/zkn_data/zukan_enc_diamond.narc,91,3484,,62292,62296,22608,22612,4,df3f619804a92fdb4057192dc43dd748ea778adc52bc498ce80524c014b81119,00000000,,,,,False,,,,,,,,,,False,False
/application/zukanlist/zkn_data/zukan_enc_diamond.narc,/application/zukanlist/zkn_data/zukan_enc_diamond.narc!/member_03485,0,/application/zukanlist/zkn_data/zukan_enc_diamond.narc,91,3485,,62296,62300,22612,22616,4,df3f619804a92fdb4057192dc43dd748ea778adc52bc498ce80524c014b81119,00000000,,,,,False,,,,,,,,,,False,False
/application/zukanlist/zkn_data/zukan_enc_diamond.narc,/application/zukanlist/zkn_data/zukan_enc_diamond.narc!/member_03486,0,/application/zukanlist/zkn_data/zukan_enc_diamond.narc,91,3486,,62300,62304,22616,22620,4,df3f619804a92fdb4057192dc43dd748ea778adc52bc498ce80524c014b81119,00000000,,,,,False,,,,,,,,,,False,False
/application/zukanlist/zkn_data/zukan_enc_diamond.narc,/application/zukanlist/zkn_data/zukan_enc_diamond.narc!/member_03487,0,/application/zukanlist/zkn_data/zukan_enc_diamond.narc,91,3487,,62304,62308,22620,22624,4,df3f619804a92fdb4057192dc43dd748ea778adc52bc498ce80524c014b81119,00000000,,,,,False,,,,,,,,,,False,False
/application/zukanlist/zkn_data/zukan_enc_diamond.narc,/application/zukanlist/zkn_data/zukan_enc_diamond.narc!/member_03488,0,/application/zukanlist/zkn_data/zukan_enc_diamond.narc,91,3488,,62308,62320,22624,22636,12,9893212e6b984485abc2a582f07509b2de3f9ee0e30ac1263124e844a9c81346,270000003000000000000000,,,,,False,,,,,,,,,,False,False
/application/zukanlist/zkn_data/zukan_enc_diamond.narc,/application/zukanlist/zkn_data/zukan_enc_diamond.narc!/member_03489,0,/application/zukanlist/zkn_data/zukan_enc_diamond.narc,91,3489,,62320,62332,22636,22648,12,9893212e6b984485abc2a582f07509b2de3f9ee0e30ac1263124e844a9c81346,270000003000000000000000,,,,,False,,,,,,,,,,False,False
/application/zukanlist/zkn_data/zukan_enc_diamond.narc,/application/zukanlist/zkn_data/zukan_enc_diamond.narc!/member_03490,0,/application/zukanlist/zkn_data/zukan_enc_diamond.narc,91,3490,,62332,62344,22648,22660,12,9893212e6b984485abc2a582f07509b2de3f9ee0e30ac1263124e844a9c81346,270000003000000000000000,,,,,False,,,,,,,,,,False,False
/application/zukanlist/zkn_data/zukan_enc_diamond.narc,/application/zukanlist/zkn_data/zukan_enc_diamond.narc!/member_03491,0,/application/zukanlist/zkn_data/zukan_enc_diamond.narc,91,3491,,62344,62364,22660,22680,20,792ac6b19afa44edced413eca9ea1ce767cc2779540339e1f957051e4bad978f,08000000270000002800000030000000,,,,,False,,,,,,,,,,False,False
/application/zukanlist/zkn_data/zukan_enc_diamond.narc,/application/zukanlist/zkn_data/zukan_enc_diamond.narc!/member_03492,0,/application/zukanlist/zkn_data/zukan_enc_diamond.narc,91,3492,,62364,62368,22680,22684,4,df3f619804a92fdb4057192dc43dd748ea778adc52bc498ce80524c014b81119,00000000,,,,,False,,,,,,,,,,False,False
/application/zukanlist/zkn_data/zukan_enc_diamond.narc,/application/zukanlist/zkn_data/zukan_enc_diamond.narc!/member_03493,0,/application/zukanlist/zkn_data/zukan_enc_diamond.narc,91,3493,,62368,62372,22684,22688,4,df3f619804a92fdb4057192dc43dd748ea778adc52bc498ce80524c014b81119,00000000,,,,,False,,,,,,,,,,False,False
/application/zukanlist/zkn_data/zukan_enc_diamond.narc,/application/zukanlist/zkn_data/zukan_enc_diamond.narc!/member_03494,0,/application/zukanlist/zkn_data/zukan_enc_diamond.narc,91,3494,,62372,62376,22688,22692,4,df3f619804a92fdb4057192dc43dd748ea778adc52bc498ce80524c014b81119,00000000,,,,,False,,,,,,,,,,False,False
/application/zukanlist/zkn_data/zukan_enc_diamond.narc,/application/zukanlist/zkn_data/zukan_enc_diamond.narc!/member_03495,0,/application/zukanlist/zkn_data/zukan_enc_diamond.narc,91,3495,,62376,62380,22692,22696,4,df3f619804a92fdb4057192dc43dd748ea778adc52bc498ce80524c014b81119,00000000,,,,,False,,,,,,,,,,False,False
/application/zukanlist/zkn_data/zukan_enc_diamond.narc,/application/zukanlist/zkn_data/zukan_enc_diamond.narc!/member_03496,0,/application/zukanlist/zkn_data/zukan_enc_diamond.narc,91,3496,,62380,62384,22696,22700,4,df3f619804a92fdb4057192dc43dd748ea778adc52bc498ce80524c014b81119,00000000,,,,,False,,,,,,,,,,False,False
/application/zukanlist/zkn_data/zukan_enc_diamond.narc,/application/zukanlist/zkn_data/zukan_enc_diamond.narc!/member_03497,0,/application/zukanlist/zkn_data/zukan_enc_diamond.narc,91,3497,,62384,62388,22700,22704,4,df3f619804a92fdb4057192dc43dd748ea778adc52bc498ce80524c014b81119,00000000,,,,,False,,,,,,,,,,False,False
/application/zukanlist/zkn_data/zukan_enc_diamond.narc,/application/zukanlist/zkn_data/zukan_enc_diamond.narc!/member_03498,0,/application/zukanlist/zkn_data/zukan_enc_diamond.narc,91,3498,,62388,62392,22704,22708,4,df3f619804a92fdb4057192dc43dd748ea778adc52bc498ce80524c014b81119,00000000,,,,,False,,,,,,,,,,False,False
/application/zukanlist/zkn_data/zukan_enc_diamond.narc,/application/zukanlist/zkn_data/zukan_enc_diamond.narc!/member_03499,0,/application/zukanlist/zkn_data/zukan_enc_diamond.narc,91,3499,,62392,62396,22708,22712,4,df3f619804a92fdb4057192dc43dd748ea778adc52bc498ce80524c014b81119,00000000,,,,,False,,,,,,,,,,False,False
/application/zukanlist/zkn_data/zukan_enc_diamond.narc,/application/zukanlist/zkn_data/zukan_enc_diamond.narc!/member_03500,0,/application/zukanlist/zkn_data/zukan_enc_diamond.narc,91,3500,,62396,62400,22712,22716,4,df3f619804a92fdb4057192dc43dd748ea778adc52bc498ce80524c014b81119,00000000,,,,,False,,,,,,,,,,False,False
/application/zukanlist/zkn_data/zukan_enc_diamond.narc,/application/zukanlist/zkn_data/zukan_enc_diamond.narc!/member_03501,0,/application/zukanlist/zkn_data/zukan_enc_diamond.narc,91,3501,,62400,62404,22716,22720,4,df3f619804a92fdb4057192dc43dd748ea778adc52bc498ce80524c014b81119,00000000,,,,,False,,,,,,,,,,False,False
/application/zukanlist/zkn_data/zukan_enc_diamond.narc,/application/zukanlist/zkn_data/zukan_enc_diamond.narc!/member_03502,0,/application/zukanlist/zkn_data/zukan_enc_diamond.narc,91,3502,,62404,62408,22720,22724,4,df3f619804a92fdb4057192dc43dd748ea778adc52bc498ce80524c014b81119,00000000,,,,,False,,,,,,,,,,False,False
/application/zukanlist/zkn_data/zukan_enc_diamond.narc,/application/zukanlist/zkn_data/zukan_enc_diamond.narc!/member_03503,0,/application/zukanlist/zkn_data/zukan_enc_diamond.narc,91,3503,,62408,62412,22724,22728,4,df3f619804a92fdb4057192dc43dd748ea778adc52bc498ce80524c014b81119,00000000,,,,,False,,,,,,,,,,False,False
/application/zukanlist/zkn_data/zukan_enc_diamond.narc,/application/zukanlist/zkn_data/zukan_enc_diamond.narc!/member_03504,0,/application/zukanlist/zkn_data/zukan_enc_diamond.narc,91,3504,,62412,62416,22728,22732,4,df3f619804a92fdb4057192dc43dd748ea778adc52bc498ce80524c014b81119,00000000,,,,,False,,,,,,,,,,False,False
/application/zukanlist/zkn_data/zukan_enc_diamond.narc,/application/zukanlist/zkn_data/zukan_enc_diamond.narc!/member_03505,0,/application/zukanlist/zkn_data/zukan_enc_diamond.narc,91,3505,,62416,62420,22732,22736,4,df3f619804a92fdb4057192dc43dd748ea778adc52bc498ce80524c014b81119,00000000,,,,,False,,,,,,,,,,False,False
/application/zukanlist/zkn_data/zukan_enc_diamond.narc,/application/zukanlist/zkn_data/zukan_enc_diamond.narc!/member_03506,0,/application/zukanlist/zkn_data/zukan_enc_diamond.narc,91,3506,,62420,62424,22736,22740,4,df3f619804a92fdb4057192dc43dd748ea778adc52bc498ce80524c014b81119,00000000,,,,,False,,,,,,,,,,False,False
/application/zukanlist/zkn_data/zukan_enc_diamond.narc,/application/zukanlist/zkn_data/zukan_enc_diamond.narc!/member_03507,0,/application/zukanlist/zkn_data/zukan_enc_diamond.narc,91,3507,,62424,62428,22740,22744,4,df3f619804a92fdb4057192dc43dd748ea778adc52bc498ce80524c014b81119,00000000,,,,,False,,,,,,,,,,False,False
/application/zukanlist/zkn_data/zukan_enc_diamond.narc,/application/zukanlist/zkn_data/zukan_enc_diamond.narc!/member_03508,0,/application/zukanlist/zkn_data/zukan_enc_diamond.narc,91,3508,,62428,62432,22744,22748,4,df3f619804a92fdb4057192dc43dd748ea778adc52bc498ce80524c014b81119,00000000,,,,,False,,,,,,,,,,False,False
/application/zukanlist/zkn_data/zukan_enc_diamond.narc,/application/zukanlist/zkn_data/zukan_enc_diamond.narc!/member_03509,0,/application/zukanlist/zkn_data/zukan_enc_diamond.narc,91,3509,,62432,62436,22748,22752,4,df3f619804a92fdb4057192dc43dd748ea778adc52bc498ce80524c014b81119,00000000,,,,,False,,,,,,,,,,False,False
/application/zukanlist/zkn_data/zukan_enc_diamond.narc,/application/zukanlist/zkn_data/zukan_enc_diamond.narc!/member_03510,0,/application/zukanlist/zkn_data/zukan_enc_diamond.narc,91,3510,,62436,62488,22752,22804,52,64d7ac8adacce7dadd57c5604f707acf3912e9c20c740ecc9ee15cc9624a24a4,0b0000000e0000000f00000010000000,,,,,False,,,,,,,,,,False,False
/application/zukanlist/zkn_data/zukan_enc_diamond.narc,/application/zukanlist/zkn_data/zukan_enc_diamond.narc!/member_03511,0,/application/zukanlist/zkn_data/zukan_enc_diamond.narc,91,3511,,62488,62500,22804,22816,12,82845f601ec6f67c6123951adc94a3a015e24cb0ab292fb289695e981c4a6a7a,080000002800000000000000,,,,,False,,,,,,,,,,False,False
/application/zukanlist/zkn_data/zukan_enc_diamond.narc,/application/zukanlist/zkn_data/zukan_enc_diamond.narc!/member_03512,0,/application/zukanlist/zkn_data/zukan_enc_diamond.narc,91,3512,,62500,62512,22816,22828,12,412fee03734b70c2e5c53832edafd1418668096d2063c8ac0bd472aa260c269e,2a0000003100000000000000,,,,,False,,,,,,,,,,False,False
/application/zukanlist/zkn_data/zukan_enc_diamond.narc,/application/zukanlist/zkn_data/zukan_enc_diamond.narc!/member_03513,0,/application/zukanlist/zkn_data/zukan_enc_diamond.narc,91,3513,,62512,62528,22828,22844,16,a1267a6bc81318299e14eee627f545bf26042cc6735859c3e7456ea43a8cd0dc,260000002a0000003100000000000000,,,,,False,,,,,,,,,,False,False
/application/zukanlist/zkn_data/zukan_enc_diamond.narc,/application/zukanlist/zkn_data/zukan_enc_diamond.narc!/member_03514,0,/application/zukanlist/zkn_data/zukan_enc_diamond.narc,91,3514,,62528,62532,22844,22848,4,df3f619804a92fdb4057192dc43dd748ea778adc52bc498ce80524c014b81119,00000000,,,,,False,,,,,,,,,,False,False
/application/zukanlist/zkn_data/zukan_enc_diamond.narc,/application/zukanlist/zkn_data/zukan_enc_diamond.narc!/member_03515,0,/application/zukanlist/zkn_data/zukan_enc_diamond.narc,91,3515,,62532,62536,22848,22852,4,df3f619804a92fdb4057192dc43dd748ea778adc52bc498ce80524c014b81119,00000000,,,,,False,,,,,,,,,,False,False
/application/zukanlist/zkn_data/zukan_enc_diamond.narc,/application/zukanlist/zkn_data/zukan_enc_diamond.narc!/member_03516,0,/application/zukanlist/zkn_data/zukan_enc_diamond.narc,91,3516,,62536,62540,22852,22856,4,df3f619804a92fdb4057192dc43dd748ea778adc52bc498ce80524c014b81119,00000000,,,,,False,,,,,,,,,,False,False
/application/zukanlist/zkn_data/zukan_enc_diamond.narc,/application/zukanlist/zkn_data/zukan_enc_diamond.narc!/member_03517,0,/application/zukanlist/zkn_data/zukan_enc_diamond.narc,91,3517,,62540,62544,22856,22860,4,df3f619804a92fdb4057192dc43dd748ea778adc52bc498ce80524c014b81119,00000000,,,,,False,,,,,,,,,,False,False
/application/zukanlist/zkn_data/zukan_enc_diamond.narc,/application/zukanlist/zkn_data/zukan_enc_diamond.narc!/member_03518,0,/application/zukanlist/zkn_data/zukan_enc_diamond.narc,91,3518,,62544,62548,22860,22864,4,df3f619804a92fdb4057192dc43dd748ea778adc52bc498ce80524c014b81119,00000000,,,,,False,,,,,,,,,,False,False
/application/zukanlist/zkn_data/zukan_enc_diamond.narc,/application/zukanlist/zkn_data/zukan_enc_diamond.narc!/member_03519,0,/application/zukanlist/zkn_data/zukan_enc_diamond.narc,91,3519,,62548,62556,22864,22872,8,b8282e78d87c2a42f7c0f5b543c0d7760d3fe5a3860a25c20ec57ddaa4d80b81,2900000000000000,,,,,False,,,,,,,,,,False,False
/application/zukanlist/zkn_data/zukan_enc_diamond.narc,/application/zukanlist/zkn_data/zukan_enc_diamond.narc!/member_03520,0,/application/zukanlist/zkn_data/zukan_enc_diamond.narc,91,3520,,62556,62564,22872,22880,8,b8282e78d87c2a42f7c0f5b543c0d7760d3fe5a3860a25c20ec57ddaa4d80b81,2900000000000000,,,,,False,,,,,,,,,,False,False
/application/zukanlist/zkn_data/zukan_enc_diamond.narc,/application/zukanlist/zkn_data/zukan_enc_diamond.narc!/member_03521,0,/application/zukanlist/zkn_data/zukan_enc_diamond.narc,91,3521,,62564,62568,22880,22884,4,df3f619804a92fdb4057192dc43dd748ea778adc52bc498ce80524c014b81119,00000000,,,,,False,,,,,,,,,,False,False
/application/zukanlist/zkn_data/zukan_enc_diamond.narc,/application/zukanlist/zkn_data/zukan_enc_diamond.narc!/member_03522,0,/application/zukanlist/zkn_data/zukan_enc_diamond.narc,91,3522,,62568,62572,22884,22888,4,df3f619804a92fdb4057192dc43dd748ea778adc52bc498ce80524c014b81119,00000000,,,,,False,,,,,,,,,,False,False
/application/zukanlist/zkn_data/zukan_enc_diamond.narc,/application/zukanlist/zkn_data/zukan_enc_diamond.narc!/member_03523,0,/application/zukanlist/zkn_data/zukan_enc_diamond.narc,91,3523,,62572,62624,22888,22940,52,0cb0702a64ee4b85533b4fae194e3a2d7aee13b100431cf47cd9ee847c4e5630,020000000e0000000f00000010000000,,,,,False,,,,,,,,,,False,False
/application/zukanlist/zkn_data/zukan_enc_diamond.narc,/application/zukanlist/zkn_data/zukan_enc_diamond.narc!/member_03524,0,/application/zukanlist/zkn_data/zukan_enc_diamond.narc,91,3524,,62624,62692,22940,23008,68,a29bb656fcac2c11dd99696a48224f22f329edf338d4063910dcf690a39bb5b0,020000000e0000000f00000010000000,,,,,False,,,,,,,,,,False,False
/application/zukanlist/zkn_data/zukan_enc_diamond.narc,/application/zukanlist/zkn_data/zukan_enc_diamond.narc!/member_03525,0,/application/zukanlist/zkn_data/zukan_enc_diamond.narc,91,3525,,62692,62696,23008,23012,4,df3f619804a92fdb4057192dc43dd748ea778adc52bc498ce80524c014b81119,00000000,,,,,False,,,,,,,,,,False,False
/application/zukanlist/zkn_data/zukan_enc_diamond.narc,/application/zukanlist/zkn_data/zukan_enc_diamond.narc!/member_03526,0,/application/zukanlist/zkn_data/zukan_enc_diamond.narc,91,3526,,62696,62700,23012,23016,4,df3f619804a92fdb4057192dc43dd748ea778adc52bc498ce80524c014b81119,00000000,,,,,False,,,,,,,,,,False,False
/application/zukanlist/zkn_data/zukan_enc_diamond.narc,/application/zukanlist/zkn_data/zukan_enc_diamond.narc!/member_03527,0,/application/zukanlist/zkn_data/zukan_enc_diamond.narc,91,3527,,62700,62704,23016,23020,4,df3f619804a92fdb4057192dc43dd748ea778adc52bc498ce80524c014b81119,00000000,,,,,False,,,,,,,,,,False,False
/application/zukanlist/zkn_data/zukan_enc_diamond.narc,/application/zukanlist/zkn_data/zukan_enc_diamond.narc!/member_03528,0,/application/zukanlist/zkn_data/zukan_enc_diamond.narc,91,3528,,62704,62708,23020,23024,4,df3f619804a92fdb4057192dc43dd748ea778adc52bc498ce80524c014b81119,00000000,,,,,False,,,,,,,,,,False,False
/application/zukanlist/zkn_data/zukan_enc_diamond.narc,/application/zukanlist/zkn_data/zukan_enc_diamond.narc!/member_03529,0,/application/zukanlist/zkn_data/zukan_enc_diamond.narc,91,3529,,62708,62724,23024,23040,16,c0e20e0b137f75c599bdafdfc772fb5a1155439e2123d6339479418834cb05ff,27000000280000002900000000000000,,,,,False,,,,,,,,,,False,False
/application/zukanlist/zkn_data/zukan_enc_diamond.narc,/application/zukanlist/zkn_data/zukan_enc_diamond.narc!/member_03530,0,/application/zukanlist/zkn_data/zukan_enc_diamond.narc,91,3530,,62724,62740,23040,23056,16,c0e20e0b137f75c599bdafdfc772fb5a1155439e2123d6339479418834cb05ff,27000000280000002900000000000000,,,,,False,,,,,,,,,,False,False
/application/zukanlist/zkn_data/zukan_enc_diamond.narc,/application/zukanlist/zkn_data/zukan_enc_diamond.narc!/member_03531,0,/application/zukanlist/zkn_data/zukan_enc_diamond.narc,91,3531,,62740,62744,23056,23060,4,df3f619804a92fdb4057192dc43dd748ea778adc52bc498ce80524c014b81119,00000000,,,,,False,,,,,,,,,,False,False
/application/zukanlist/zkn_data/zukan_enc_diamond.narc,/application/zukanlist/zkn_data/zukan_enc_diamond.narc!/member_03532,0,/application/zukanlist/zkn_data/zukan_enc_diamond.narc,91,3532,,62744,62756,23060,23072,12,f3eaf50b7b9910204c0c72c73353ea7575297acc9bad11552e158f673c31387d,0e0000001f00000000000000,,,,,False,,,,,,,,,,False,False
/application/zukanlist/zkn_data/zukan_enc_diamond.narc,/application/zukanlist/zkn_data/zukan_enc_diamond.narc!/member_03533,0,/application/zukanlist/zkn_data/zukan_enc_diamond.narc,91,3533,,62756,62764,23072,23080,8,d5cc13b299a327f47cd6361d0441d7edb9d48568f33b460ba17f6a4e3a2ef7ae,1f00000000000000,,,,,False,,,,,,,,,,False,False
/application/zukanlist/zkn_data/zukan_enc_diamond.narc,/application/zukanlist/zkn_data/zukan_enc_diamond.narc!/member_03534,0,/application/zukanlist/zkn_data/zukan_enc_diamond.narc,91,3534,,62764,62768,23080,23084,4,df3f619804a92fdb4057192dc43dd748ea778adc52bc498ce80524c014b81119,00000000,,,,,False,,,,,,,,,,False,False
/application/zukanlist/zkn_data/zukan_enc_diamond.narc,/application/zukanlist/zkn_data/zukan_enc_diamond.narc!/member_03535,0,/application/zukanlist/zkn_data/zukan_enc_diamond.narc,91,3535,,62768,62784,23084,23100,16,c9587e2b125aa454fb6d6fe1d01cde87baa74522f61817135219657954832831,14000000150000001800000000000000,,,,,False,,,,,,,,,,False,False
/application/zukanlist/zkn_data/zukan_enc_diamond.narc,/application/zukanlist/zkn_data/zukan_enc_diamond.narc!/member_03536,0,/application/zukanlist/zkn_data/zukan_enc_diamond.narc,91,3536,,62784,62816,23100,23132,32,75376cdf1cd55860b2c5911f19dd104ed424e9a8aa7ab8afbecdb27b6775c98a,0b000000180000001a00000020000000,,,,,False,,,,,,,,,,False,False
/application/zukanlist/zkn_data/zukan_enc_diamond.narc,/application/zukanlist/zkn_data/zukan_enc_diamond.narc!/member_03537,0,/application/zukanlist/zkn_data/zukan_enc_diamond.narc,91,3537,,62816,62820,23132,23136,4,df3f619804a92fdb4057192dc43dd748ea778adc52bc498ce80524c014b81119,00000000,,,,,False,,,,,,,,,,False,False
/application/zukanlist/zkn_data/zukan_enc_diamond.narc,/application/zukanlist/zkn_data/zukan_enc_diamond.narc!/member_03538,0,/application/zukanlist/zkn_data/zukan_enc_diamond.narc,91,3538,,62820,62832,23136,23148,12,412fee03734b70c2e5c53832edafd1418668096d2063c8ac0bd472aa260c269e,2a0000003100000000000000,,,,,False,,,,,,,,,,False,False
/application/zukanlist/zkn_data/zukan_enc_diamond.narc,/application/zukanlist/zkn_data/zukan_enc_diamond.narc!/member_03539,0,/application/zukanlist/zkn_data/zukan_enc_diamond.narc,91,3539,,62832,62848,23148,23164,16,a1267a6bc81318299e14eee627f545bf26042cc6735859c3e7456ea43a8cd0dc,260000002a0000003100000000000000,,,,,False,,,,,,,,,,False,False
/application/zukanlist/zkn_data/zukan_enc_diamond.narc,/application/zukanlist/zkn_data/zukan_enc_diamond.narc!/member_03540,0,/application/zukanlist/zkn_data/zukan_enc_diamond.narc,91,3540,,62848,62852,23164,23168,4,df3f619804a92fdb4057192dc43dd748ea778adc52bc498ce80524c014b81119,00000000,,,,,False,,,,,,,,,,False,False
/application/zukanlist/zkn_data/zukan_enc_diamond.narc,/application/zukanlist/zkn_data/zukan_enc_diamond.narc!/member_03541,0,/application/zukanlist/zkn_data/zukan_enc_diamond.narc,91,3541,,62852,62904,23168,23220,52,bc7e2ff2d27288d7059fd84911a6ea85cb3fa913cc3e8e1364079585f0ee1e33,01000000030000000600000007000000,,,,,False,,,,,,,,,,False,False
/application/zukanlist/zkn_data/zukan_enc_diamond.narc,/application/zukanlist/zkn_data/zukan_enc_diamond.narc!/member_03542,0,/application/zukanlist/zkn_data/zukan_enc_diamond.narc,91,3542,,62904,62980,23220,23296,76,2ab8a4814c217d3b97ffa028b9d1c899cc85e20d1ee703b59286bee2421917d8,01000000030000000400000005000000,,,,,False,,,,,,,,,,False,False
/application/zukanlist/zkn_data/zukan_enc_diamond.narc,/application/zukanlist/zkn_data/zukan_enc_diamond.narc!/member_03543,0,/application/zukanlist/zkn_data/zukan_enc_diamond.narc,91,3543,,62980,63012,23296,23328,32,ca7983119800b92092ef420416fb86fefed766ebc18f197b8dc2d7abda2b2194,0a000000130000001400000017000000,,,,,False,,,,,,,,,,False,False
/application/zukanlist/zkn_data/zukan_enc_diamond.narc,/application/zukanlist/zkn_data/zukan_enc_diamond.narc!/member_03544,0,/application/zukanlist/zkn_data/zukan_enc_diamond.narc,91,3544,,63012,63040,23328,23356,28,1a1a592f9f3683bcd6617d2bb2c887dc96b3f4d1eb877e891a9822d54bdca932,080000000a0000001a0000001e000000,,,,,False,,,,,,,,,,False,False
/application/zukanlist/zkn_data/zukan_enc_diamond.narc,/application/zukanlist/zkn_data/zukan_enc_diamond.narc!/member_03545,0,/application/zukanlist/zkn_data/zukan_enc_diamond.narc,91,3545,,63040,63044,23356,23360,4,df3f619804a92fdb4057192dc43dd748ea778adc52bc498ce80524c014b81119,00000000,,,,,False,,,,,,,,,,False,False
/application/zukanlist/zkn_data/zukan_enc_diamond.narc,/application/zukanlist/zkn_data/zukan_enc_diamond.narc!/member_03546,0,/application/zukanlist/zkn_data/zukan_enc_diamond.narc,91,3546,,63044,63072,23360,23388,28,b17f4a7e944949d42f678c9e64a96aa82a61ef857da3824b4d6285df7bd57e15,1300000017000000190000001a000000,,,,,False,,,,,,,,,,False,False
/application/zukanlist/zkn_data/zukan_enc_diamond.narc,/application/zukanlist/zkn_data/zukan_enc_diamond.narc!/member_03547,0,/application/zukanlist/zkn_data/zukan_enc_diamond.narc,91,3547,,63072,63076,23388,23392,4,df3f619804a92fdb4057192dc43dd748ea778adc52bc498ce80524c014b81119,00000000,,,,,False,,,,,,,,,,False,False
/application/zukanlist/zkn_data/zukan_enc_diamond.narc,/application/zukanlist/zkn_data/zukan_enc_diamond.narc!/member_03548,0,/application/zukanlist/zkn_data/zukan_enc_diamond.narc,91,3548,,63076,63080,23392,23396,4,df3f619804a92fdb4057192dc43dd748ea778adc52bc498ce80524c014b81119,00000000,,,,,False,,,,,,,,,,False,False
/application/zukanlist/zkn_data/zukan_enc_diamond.narc,/application/zukanlist/zkn_data/zukan_enc_diamond.narc!/member_03549,0,/application/zukanlist/zkn_data/zukan_enc_diamond.narc,91,3549,,63080,63084,23396,23400,4,df3f619804a92fdb4057192dc43dd748ea778adc52bc498ce80524c014b81119,00000000,,,,,False,,,,,,,,,,False,False
/application/zukanlist/zkn_data/zukan_enc_diamond.narc,/application/zukanlist/zkn_data/zukan_enc_diamond.narc!/member_03550,0,/application/zukanlist/zkn_data/zukan_enc_diamond.narc,91,3550,,63084,63088,23400,23404,4,df3f619804a92fdb4057192dc43dd748ea778adc52bc498ce80524c014b81119,00000000,,,,,False,,,,,,,,,,False,False
/application/zukanlist/zkn_data/zukan_enc_diamond.narc,/application/zukanlist/zkn_data/zukan_enc_diamond.narc!/member_03551,0,/application/zukanlist/zkn_data/zukan_enc_diamond.narc,91,3551,,63088,63092,23404,23408,4,df3f619804a92fdb4057192dc43dd748ea778adc52bc498ce80524c014b81119,00000000,,,,,False,,,,,,,,,,False,False
/application/zukanlist/zkn_data/zukan_enc_diamond.narc,/application/zukanlist/zkn_data/zukan_enc_diamond.narc!/member_03552,0,/application/zukanlist/zkn_data/zukan_enc_diamond.narc,91,3552,,63092,63096,23408,23412,4,df3f619804a92fdb4057192dc43dd748ea778adc52bc498ce80524c014b81119,00000000,,,,,False,,,,,,,,,,False,False
/application/zukanlist/zkn_data/zukan_enc_diamond.narc,/application/zukanlist/zkn_data/zukan_enc_diamond.narc!/member_03553,0,/application/zukanlist/zkn_data/zukan_enc_diamond.narc,91,3553,,63096,63100,23412,23416,4,df3f619804a92fdb4057192dc43dd748ea778adc52bc498ce80524c014b81119,00000000,,,,,False,,,,,,,,,,False,False
/application/zukanlist/zkn_data/zukan_enc_diamond.narc,/application/zukanlist/zkn_data/zukan_enc_diamond.narc!/member_03554,0,/application/zukanlist/zkn_data/zukan_enc_diamond.narc,91,3554,,63100,63104,23416,23420,4,df3f619804a92fdb4057192dc43dd748ea778adc52bc498ce80524c014b81119,00000000,,,,,False,,,,,,,,,,False,False
/application/zukanlist/zkn_data/zukan_enc_diamond.narc,/application/zukanlist/zkn_data/zukan_enc_diamond.narc!/member_03555,0,/application/zukanlist/zkn_data/zukan_enc_diamond.narc,91,3555,,63104,63116,23420,23432,12,5f79b89985997b5b95a381b4287b597a8c969b30812e71bbe57fcbc2cf911ff2,300000003100000000000000,,Nintendo RLE,Probable,,True,Nintendo RLE,Probable,False,49,,,,,,False,False
/application/zukanlist/zkn_data/zukan_enc_diamond.narc,/application/zukanlist/zkn_data/zukan_enc_diamond.narc!/member_03556,0,/application/zukanlist/zkn_data/zukan_enc_diamond.narc,91,3556,,63116,63128,23432,23444,12,5f79b89985997b5b95a381b4287b597a8c969b30812e71bbe57fcbc2cf911ff2,300000003100000000000000,,Nintendo RLE,Probable,,True,Nintendo RLE,Probable,False,49,,,,,,False,False
/application/zukanlist/zkn_data/zukan_enc_diamond.narc,/application/zukanlist/zkn_data/zukan_enc_diamond.narc!/member_03557,0,/application/zukanlist/zkn_data/zukan_enc_diamond.narc,91,3557,,63128,63132,23444,23448,4,df3f619804a92fdb4057192dc43dd748ea778adc52bc498ce80524c014b81119,00000000,,,,,False,,,,,,,,,,False,False
/application/zukanlist/zkn_data/zukan_enc_diamond.narc,/application/zukanlist/zkn_data/zukan_enc_diamond.narc!/member_03558,0,/application/zukanlist/zkn_data/zukan_enc_diamond.narc,91,3558,,63132,63136,23448,23452,4,df3f619804a92fdb4057192dc43dd748ea778adc52bc498ce80524c014b81119,00000000,,,,,False,,,,,,,,,,False,False
/application/zukanlist/zkn_data/zukan_enc_diamond.narc,/application/zukanlist/zkn_data/zukan_enc_diamond.narc!/member_03559,0,/application/zukanlist/zkn_data/zukan_enc_diamond.narc,91,3559,,63136,63152,23452,23468,16,f02a59e25f28c5430817846511bae48e7c81ec9f1fe011e02713614d466d0a88,06000000070000001100000000000000,,,,,False,,,,,,,,,,False,False
/application/zukanlist/zkn_data/zukan_enc_diamond.narc,/application/zukanlist/zkn_data/zukan_enc_diamond.narc!/member_03560,0,/application/zukanlist/zkn_data/zukan_enc_diamond.narc,91,3560,,63152,63156,23468,23472,4,df3f619804a92fdb4057192dc43dd748ea778adc52bc498ce80524c014b81119,00000000,,,,,False,,,,,,,,,,False,False
/application/zukanlist/zkn_data/zukan_enc_diamond.narc,/application/zukanlist/zkn_data/zukan_enc_diamond.narc!/member_03561,0,/application/zukanlist/zkn_data/zukan_enc_diamond.narc,91,3561,,63156,63164,23472,23480,8,9bb57922dc1a9aa3c4a6dcb92467700e2d5c80ff5906c5a3e3487c0321c50e6a,1600000000000000,,,,,False,,,,,,,,,,False,False
/application/zukanlist/zkn_data/zukan_enc_diamond.narc,/application/zukanlist/zkn_data/zukan_enc_diamond.narc!/member_03562,0,/application/zukanlist/zkn_data/zukan_enc_diamond.narc,91,3562,,63164,63168,23480,23484,4,df3f619804a92fdb4057192dc43dd748ea778adc52bc498ce80524c014b81119,00000000,,,,,False,,,,,,,,,,False,False
/application/zukanlist/zkn_data/zukan_enc_diamond.narc,/application/zukanlist/zkn_data/zukan_enc_diamond.narc!/member_03563,0,/application/zukanlist/zkn_data/zukan_enc_diamond.narc,91,3563,,63168,63172,23484,23488,4,df3f619804a92fdb4057192dc43dd748ea778adc52bc498ce80524c014b81119,00000000,,,,,False,,,,,,,,,,False,False
/application/zukanlist/zkn_data/zukan_enc_diamond.narc,/application/zukanlist/zkn_data/zukan_enc_diamond.narc!/member_03564,0,/application/zukanlist/zkn_data/zukan_enc_diamond.narc,91,3564,,63172,63176,23488,23492,4,df3f619804a92fdb4057192dc43dd748ea778adc52bc498ce80524c014b81119,00000000,,,,,False,,,,,,,,,,False,False
/application/zukanlist/zkn_data/zukan_enc_diamond.narc,/application/zukanlist/zkn_data/zukan_enc_diamond.narc!/member_03565,0,/application/zukanlist/zkn_data/zukan_enc_diamond.narc,91,3565,,63176,63180,23492,23496,4,df3f619804a92fdb4057192dc43dd748ea778adc52bc498ce80524c014b81119,00000000,,,,,False,,,,,,,,,,False,False
/application/zukanlist/zkn_data/zukan_enc_diamond.narc,/application/zukanlist/zkn_data/zukan_enc_diamond.narc!/member_03566,0,/application/zukanlist/zkn_data/zukan_enc_diamond.narc,91,3566,,63180,63184,23496,23500,4,df3f619804a92fdb4057192dc43dd748ea778adc52bc498ce80524c014b81119,00000000,,,,,False,,,,,,,,,,False,False
/application/zukanlist/zkn_data/zukan_enc_diamond.narc,/application/zukanlist/zkn_data/zukan_enc_diamond.narc!/member_03567,0,/application/zukanlist/zkn_data/zukan_enc_diamond.narc,91,3567,,63184,63188,23500,23504,4,df3f619804a92fdb4057192dc43dd748ea778adc52bc498ce80524c014b81119,00000000,,,,,False,,,,,,,,,,False,False
/application/zukanlist/zkn_data/zukan_enc_diamond.narc,/application/zukanlist/zkn_data/zukan_enc_diamond.narc!/member_03568,0,/application/zukanlist/zkn_data/zukan_enc_diamond.narc,91,3568,,63188,63192,23504,23508,4,df3f619804a92fdb4057192dc43dd748ea778adc52bc498ce80524c014b81119,00000000,,,,,False,,,,,,,,,,False,False
/application/zukanlist/zkn_data/zukan_enc_diamond.narc,/application/zukanlist/zkn_data/zukan_enc_diamond.narc!/member_03569,0,/application/zukanlist/zkn_data/zukan_enc_diamond.narc,91,3569,,63192,63196,23508,23512,4,df3f619804a92fdb4057192dc43dd748ea778adc52bc498ce80524c014b81119,00000000,,,,,False,,,,,,,,,,False,False
/application/zukanlist/zkn_data/zukan_enc_diamond.narc,/application/zukanlist/zkn_data/zukan_enc_diamond.narc!/member_03570,0,/application/zukanlist/zkn_data/zukan_enc_diamond.narc,91,3570,,63196,63200,23512,23516,4,df3f619804a92fdb4057192dc43dd748ea778adc52bc498ce80524c014b81119,00000000,,,,,False,,,,,,,,,,False,False
/application/zukanlist/zkn_data/zukan_enc_diamond.narc,/application/zukanlist/zkn_data/zukan_enc_diamond.narc!/member_03571,0,/application/zukanlist/zkn_data/zukan_enc_diamond.narc,91,3571,,63200,63204,23516,23520,4,df3f619804a92fdb4057192dc43dd748ea778adc52bc498ce80524c014b81119,00000000,,,,,False,,,,,,,,,,False,False
/application/zukanlist/zkn_data/zukan_enc_diamond.narc,/application/zukanlist/zkn_data/zukan_enc_diamond.narc!/member_03572,0,/application/zukanlist/zkn_data/zukan_enc_diamond.narc,91,3572,,63204,63208,23520,23524,4,df3f619804a92fdb4057192dc43dd748ea778adc52bc498ce80524c014b81119,00000000,,,,,False,,,,,,,,,,False,False
/application/zukanlist/zkn_data/zukan_enc_diamond.narc,/application/zukanlist/zkn_data/zukan_enc_diamond.narc!/member_03573,0,/application/zukanlist/zkn_data/zukan_enc_diamond.narc,91,3573,,63208,63212,23524,23528,4,df3f619804a92fdb4057192dc43dd748ea778adc52bc498ce80524c014b81119,00000000,,,,,False,,,,,,,,,,False,False
/application/zukanlist/zkn_data/zukan_enc_diamond.narc,/application/zukanlist/zkn_data/zukan_enc_diamond.narc!/member_03574,0,/application/zukanlist/zkn_data/zukan_enc_diamond.narc,91,3574,,63212,63216,23528,23532,4,df3f619804a92fdb4057192dc43dd748ea778adc52bc498ce80524c014b81119,00000000,,,,,False,,,,,,,,,,False,False
/application/zukanlist/zkn_data/zukan_enc_diamond.narc,/application/zukanlist/zkn_data/zukan_enc_diamond.narc!/member_03575,0,/application/zukanlist/zkn_data/zukan_enc_diamond.narc,91,3575,,63216,63220,23532,23536,4,df3f619804a92fdb4057192dc43dd748ea778adc52bc498ce80524c014b81119,00000000,,,,,False,,,,,,,,,,False,False
/application/zukanlist/zkn_data/zukan_enc_diamond.narc,/application/zukanlist/zkn_data/zukan_enc_diamond.narc!/member_03576,0,/application/zukanlist/zkn_data/zukan_enc_diamond.narc,91,3576,,63220,63224,23536,23540,4,df3f619804a92fdb4057192dc43dd748ea778adc52bc498ce80524c014b81119,00000000,,,,,False,,,,,,,,,,False,False
/application/zukanlist/zkn_data/zukan_enc_diamond.narc,/application/zukanlist/zkn_data/zukan_enc_diamond.narc!/member_03577,0,/application/zukanlist/zkn_data/zukan_enc_diamond.narc,91,3577,,63224,63228,23540,23544,4,df3f619804a92fdb4057192dc43dd748ea778adc52bc498ce80524c014b81119,00000000,,,,,False,,,,,,,,,,False,False
/application/zukanlist/zkn_data/zukan_enc_diamond.narc,/application/zukanlist/zkn_data/zukan_enc_diamond.narc!/member_03578,0,/application/zukanlist/zkn_data/zukan_enc_diamond.narc,91,3578,,63228,63232,23544,23548,4,df3f619804a92fdb4057192dc43dd748ea778adc52bc498ce80524c014b81119,00000000,,,,,False,,,,,,,,,,False,False
/application/zukanlist/zkn_data/zukan_enc_diamond.narc,/application/zukanlist/zkn_data/zukan_enc_diamond.narc!/member_03579,0,/application/zukanlist/zkn_data/zukan_enc_diamond.narc,91,3579,,63232,63244,23548,23560,12,82845f601ec6f67c6123951adc94a3a015e24cb0ab292fb289695e981c4a6a7a,080000002800000000000000,,,,,False,,,,,,,,,,False,False
/application/zukanlist/zkn_data/zukan_enc_diamond.narc,/application/zukanlist/zkn_data/zukan_enc_diamond.narc!/member_03580,0,/application/zukanlist/zkn_data/zukan_enc_diamond.narc,91,3580,,63244,63256,23560,23572,12,82845f601ec6f67c6123951adc94a3a015e24cb0ab292fb289695e981c4a6a7a,080000002800000000000000,,,,,False,,,,,,,,,,False,False
/application/zukanlist/zkn_data/zukan_enc_diamond.narc,/application/zukanlist/zkn_data/zukan_enc_diamond.narc!/member_03581,0,/application/zukanlist/zkn_data/zukan_enc_diamond.narc,91,3581,,63256,63272,23572,23588,16,c081698ecbc147b7a7bf91906a7c80b6cdbf7118afa1d59efee6ddb16a2606c8,08000000280000002900000000000000,,,,,False,,,,,,,,,,False,False
/application/zukanlist/zkn_data/zukan_enc_diamond.narc,/application/zukanlist/zkn_data/zukan_enc_diamond.narc!/member_03582,0,/application/zukanlist/zkn_data/zukan_enc_diamond.narc,91,3582,,63272,63284,23588,23600,12,8274d6cd5c457eb9d21d15ef7fc534c460554c75de83491091c05d37d1934bf7,160000001700000000000000,,,,,False,,,,,,,,,,False,False
/application/zukanlist/zkn_data/zukan_enc_diamond.narc,/application/zukanlist/zkn_data/zukan_enc_diamond.narc!/member_03583,0,/application/zukanlist/zkn_data/zukan_enc_diamond.narc,91,3583,,63284,63288,23600,23604,4,df3f619804a92fdb4057192dc43dd748ea778adc52bc498ce80524c014b81119,00000000,,,,,False,,,,,,,,,,False,False
/application/zukanlist/zkn_data/zukan_enc_diamond.narc,/application/zukanlist/zkn_data/zukan_enc_diamond.narc!/member_03584,0,/application/zukanlist/zkn_data/zukan_enc_diamond.narc,91,3584,,63288,63292,23604,23608,4,df3f619804a92fdb4057192dc43dd748ea778adc52bc498ce80524c014b81119,00000000,,,,,False,,,,,,,,,,False,False
/application/zukanlist/zkn_data/zukan_enc_diamond.narc,/application/zukanlist/zkn_data/zukan_enc_diamond.narc!/member_03585,0,/application/zukanlist/zkn_data/zukan_enc_diamond.narc,91,3585,,63292,63300,23608,23616,8,4779cee98e83f1a1592de4f293107545fabab96772e43de89f3437b35f08938f,3000000000000000,,Nintendo RLE,Probable,,True,Nintendo RLE,Probable,False,0,,,,,,False,False
/application/zukanlist/zkn_data/zukan_enc_diamond.narc,/application/zukanlist/zkn_data/zukan_enc_diamond.narc!/member_03586,0,/application/zukanlist/zkn_data/zukan_enc_diamond.narc,91,3586,,63300,63308,23616,23624,8,4779cee98e83f1a1592de4f293107545fabab96772e43de89f3437b35f08938f,3000000000000000,,Nintendo RLE,Probable,,True,Nintendo RLE,Probable,False,0,,,,,,False,False
/application/zukanlist/zkn_data/zukan_enc_diamond.narc,/application/zukanlist/zkn_data/zukan_enc_diamond.narc!/member_03587,0,/application/zukanlist/zkn_data/zukan_enc_diamond.narc,91,3587,,63308,63344,23624,23660,36,cd2d265400cdefa5032cea7071cfd8746969ee4e292e82a674fd8f708ae46a28,0e0000000f0000001000000016000000,,,,,False,,,,,,,,,,False,False
/application/zukanlist/zkn_data/zukan_enc_diamond.narc,/application/zukanlist/zkn_data/zukan_enc_diamond.narc!/member_03588,0,/application/zukanlist/zkn_data/zukan_enc_diamond.narc,91,3588,,63344,63380,23660,23696,36,cd2d265400cdefa5032cea7071cfd8746969ee4e292e82a674fd8f708ae46a28,0e0000000f0000001000000016000000,,,,,False,,,,,,,,,,False,False
/application/zukanlist/zkn_data/zukan_enc_diamond.narc,/application/zukanlist/zkn_data/zukan_enc_diamond.narc!/member_03589,0,/application/zukanlist/zkn_data/zukan_enc_diamond.narc,91,3589,,63380,63392,23696,23708,12,26e932d7918278fb621172cc61dee1659b87da039613f6212f4959d013f243cd,010000000400000000000000,,,,,False,,,,,,,,,,False,False
/application/zukanlist/zkn_data/zukan_enc_diamond.narc,/application/zukanlist/zkn_data/zukan_enc_diamond.narc!/member_03590,0,/application/zukanlist/zkn_data/zukan_enc_diamond.narc,91,3590,,63392,63396,23708,23712,4,df3f619804a92fdb4057192dc43dd748ea778adc52bc498ce80524c014b81119,00000000,,,,,False,,,,,,,,,,False,False
/application/zukanlist/zkn_data/zukan_enc_diamond.narc,/application/zukanlist/zkn_data/zukan_enc_diamond.narc!/member_03591,0,/application/zukanlist/zkn_data/zukan_enc_diamond.narc,91,3591,,63396,63408,23712,23724,12,e62cad2a143d0040514d566eefc5b202ac4bf902ec8ce6223bf2f2be30309b4a,220000002500000000000000,,,,,False,,,,,,,,,,False,False
/application/zukanlist/zkn_data/zukan_enc_diamond.narc,/application/zukanlist/zkn_data/zukan_enc_diamond.narc!/member_03592,0,/application/zukanlist/zkn_data/zukan_enc_diamond.narc,91,3592,,63408,63416,23724,23732,8,ed049108bc18f2c64369e8d0ea42850bdd1a7d1dd340cfde716315579702a76c,2a00000000000000,,,,,False,,,,,,,,,,False,False
/application/zukanlist/zkn_data/zukan_enc_diamond.narc,/application/zukanlist/zkn_data/zukan_enc_diamond.narc!/member_03593,0,/application/zukanlist/zkn_data/zukan_enc_diamond.narc,91,3593,,63416,63420,23732,23736,4,df3f619804a92fdb4057192dc43dd748ea778adc52bc498ce80524c014b81119,00000000,,,,,False,,,,,,,,,,False,False
/application/zukanlist/zkn_data/zukan_enc_diamond.narc,/application/zukanlist/zkn_data/zukan_enc_diamond.narc!/member_03594,0,/application/zukanlist/zkn_data/zukan_enc_diamond.narc,91,3594,,63420,63424,23736,23740,4,df3f619804a92fdb4057192dc43dd748ea778adc52bc498ce80524c014b81119,00000000,,,,,False,,,,,,,,,,False,False
/application/zukanlist/zkn_data/zukan_enc_diamond.narc,/application/zukanlist/zkn_data/zukan_enc_diamond.narc!/member_03595,0,/application/zukanlist/zkn_data/zukan_enc_diamond.narc,91,3595,,63424,63428,23740,23744,4,df3f619804a92fdb4057192dc43dd748ea778adc52bc498ce80524c014b81119,00000000,,,,,False,,,,,,,,,,False,False
/application/zukanlist/zkn_data/zukan_enc_diamond.narc,/application/zukanlist/zkn_data/zukan_enc_diamond.narc!/member_03596,0,/application/zukanlist/zkn_data/zukan_enc_diamond.narc,91,3596,,63428,63432,23744,23748,4,df3f619804a92fdb4057192dc43dd748ea778adc52bc498ce80524c014b81119,00000000,,,,,False,,,,,,,,,,False,False
/application/zukanlist/zkn_data/zukan_enc_diamond.narc,/application/zukanlist/zkn_data/zukan_enc_diamond.narc!/member_03597,0,/application/zukanlist/zkn_data/zukan_enc_diamond.narc,91,3597,,63432,63436,23748,23752,4,df3f619804a92fdb4057192dc43dd748ea778adc52bc498ce80524c014b81119,00000000,,,,,False,,,,,,,,,,False,False
/application/zukanlist/zkn_data/zukan_enc_diamond.narc,/application/zukanlist/zkn_data/zukan_enc_diamond.narc!/member_03598,0,/application/zukanlist/zkn_data/zukan_enc_diamond.narc,91,3598,,63436,63584,23752,23900,148,b798f55240028a331b08e502e32378c39e0af5135ef9888029013ed89ef17a9e,01000000020000000300000004000000,,,,,False,,,,,,,,,,False,False
/application/zukanlist/zkn_data/zukan_enc_diamond.narc,/application/zukanlist/zkn_data/zukan_enc_diamond.narc!/member_03599,0,/application/zukanlist/zkn_data/zukan_enc_diamond.narc,91,3599,,63584,63732,23900,24048,148,b798f55240028a331b08e502e32378c39e0af5135ef9888029013ed89ef17a9e,01000000020000000300000004000000,,,,,False,,,,,,,,,,False,False
/application/zukanlist/zkn_data/zukan_enc_diamond.narc,/application/zukanlist/zkn_data/zukan_enc_diamond.narc!/member_03600,0,/application/zukanlist/zkn_data/zukan_enc_diamond.narc,91,3600,,63732,63736,24048,24052,4,df3f619804a92fdb4057192dc43dd748ea778adc52bc498ce80524c014b81119,00000000,,,,,False,,,,,,,,,,False,False
/application/zukanlist/zkn_data/zukan_enc_diamond.narc,/application/zukanlist/zkn_data/zukan_enc_diamond.narc!/member_03601,0,/application/zukanlist/zkn_data/zukan_enc_diamond.narc,91,3601,,63736,63740,24052,24056,4,df3f619804a92fdb4057192dc43dd748ea778adc52bc498ce80524c014b81119,00000000,,,,,False,,,,,,,,,,False,False
/application/zukanlist/zkn_data/zukan_enc_diamond.narc,/application/zukanlist/zkn_data/zukan_enc_diamond.narc!/member_03602,0,/application/zukanlist/zkn_data/zukan_enc_diamond.narc,91,3602,,63740,63744,24056,24060,4,df3f619804a92fdb4057192dc43dd748ea778adc52bc498ce80524c014b81119,00000000,,,,,False,,,,,,,,,,False,False
/application/zukanlist/zkn_data/zukan_enc_diamond.narc,/application/zukanlist/zkn_data/zukan_enc_diamond.narc!/member_03603,0,/application/zukanlist/zkn_data/zukan_enc_diamond.narc,91,3603,,63744,63748,24060,24064,4,df3f619804a92fdb4057192dc43dd748ea778adc52bc498ce80524c014b81119,00000000,,,,,False,,,,,,,,,,False,False
/application/zukanlist/zkn_data/zukan_enc_diamond.narc,/application/zukanlist/zkn_data/zukan_enc_diamond.narc!/member_03604,0,/application/zukanlist/zkn_data/zukan_enc_diamond.narc,91,3604,,63748,63752,24064,24068,4,df3f619804a92fdb4057192dc43dd748ea778adc52bc498ce80524c014b81119,00000000,,,,,False,,,,,,,,,,False,False
/application/zukanlist/zkn_data/zukan_enc_diamond.narc,/application/zukanlist/zkn_data/zukan_enc_diamond.narc!/member_03605,0,/application/zukanlist/zkn_data/zukan_enc_diamond.narc,91,3605,,63752,63756,24068,24072,4,df3f619804a92fdb4057192dc43dd748ea778adc52bc498ce80524c014b81119,00000000,,,,,False,,,,,,,,,,False,False
/application/zukanlist/zkn_data/zukan_enc_diamond.narc,/application/zukanlist/zkn_data/zukan_enc_diamond.narc!/member_03606,0,/application/zukanlist/zkn_data/zukan_enc_diamond.narc,91,3606,,63756,63760,24072,24076,4,df3f619804a92fdb4057192dc43dd748ea778adc52bc498ce80524c014b81119,00000000,,,,,False,,,,,,,,,,False,False
/application/zukanlist/zkn_data/zukan_enc_diamond.narc,/application/zukanlist/zkn_data/zukan_enc_diamond.narc!/member_03607,0,/application/zukanlist/zkn_data/zukan_enc_diamond.narc,91,3607,,63760,63764,24076,24080,4,df3f619804a92fdb4057192dc43dd748ea778adc52bc498ce80524c014b81119,00000000,,,,,False,,,,,,,,,,False,False
/application/zukanlist/zkn_data/zukan_enc_diamond.narc,/application/zukanlist/zkn_data/zukan_enc_diamond.narc!/member_03608,0,/application/zukanlist/zkn_data/zukan_enc_diamond.narc,91,3608,,63764,63768,24080,24084,4,df3f619804a92fdb4057192dc43dd748ea778adc52bc498ce80524c014b81119,00000000,,,,,False,,,,,,,,,,False,False
/application/zukanlist/zkn_data/zukan_enc_diamond.narc,/application/zukanlist/zkn_data/zukan_enc_diamond.narc!/member_03609,0,/application/zukanlist/zkn_data/zukan_enc_diamond.narc,91,3609,,63768,63772,24084,24088,4,df3f619804a92fdb4057192dc43dd748ea778adc52bc498ce80524c014b81119,00000000,,,,,False,,,,,,,,,,False,False
/application/zukanlist/zkn_data/zukan_enc_diamond.narc,/application/zukanlist/zkn_data/zukan_enc_diamond.narc!/member_03610,0,/application/zukanlist/zkn_data/zukan_enc_diamond.narc,91,3610,,63772,63776,24088,24092,4,df3f619804a92fdb4057192dc43dd748ea778adc52bc498ce80524c014b81119,00000000,,,,,False,,,,,,,,,,False,False
/application/zukanlist/zkn_data/zukan_enc_diamond.narc,/application/zukanlist/zkn_data/zukan_enc_diamond.narc!/member_03611,0,/application/zukanlist/zkn_data/zukan_enc_diamond.narc,91,3611,,63776,63780,24092,24096,4,df3f619804a92fdb4057192dc43dd748ea778adc52bc498ce80524c014b81119,00000000,,,,,False,,,,,,,,,,False,False
/application/zukanlist/zkn_data/zukan_enc_diamond.narc,/application/zukanlist/zkn_data/zukan_enc_diamond.narc!/member_03612,0,/application/zukanlist/zkn_data/zukan_enc_diamond.narc,91,3612,,63780,63784,24096,24100,4,df3f619804a92fdb4057192dc43dd748ea778adc52bc498ce80524c014b81119,00000000,,,,,False,,,,,,,,,,False,False
/application/zukanlist/zkn_data/zukan_enc_diamond.narc,/application/zukanlist/zkn_data/zukan_enc_diamond.narc!/member_03613,0,/application/zukanlist/zkn_data/zukan_enc_diamond.narc,91,3613,,63784,63788,24100,24104,4,df3f619804a92fdb4057192dc43dd748ea778adc52bc498ce80524c014b81119,00000000,,,,,False,,,,,,,,,,False,False
/application/zukanlist/zkn_data/zukan_enc_diamond.narc,/application/zukanlist/zkn_data/zukan_enc_diamond.narc!/member_03614,0,/application/zukanlist/zkn_data/zukan_enc_diamond.narc,91,3614,,63788,63792,24104,24108,4,df3f619804a92fdb4057192dc43dd748ea778adc52bc498ce80524c014b81119,00000000,,,,,False,,,,,,,,,,False,False
/application/zukanlist/zkn_data/zukan_enc_diamond.narc,/application/zukanlist/zkn_data/zukan_enc_diamond.narc!/member_03615,0,/application/zukanlist/zkn_data/zukan_enc_diamond.narc,91,3615,,63792,63796,24108,24112,4,df3f619804a92fdb4057192dc43dd748ea778adc52bc498ce80524c014b81119,00000000,,,,,False,,,,,,,,,,False,False
/application/zukanlist/zkn_data/zukan_enc_diamond.narc,/application/zukanlist/zkn_data/zukan_enc_diamond.narc!/member_03616,0,/application/zukanlist/zkn_data/zukan_enc_diamond.narc,91,3616,,63796,63800,24112,24116,4,df3f619804a92fdb4057192dc43dd748ea778adc52bc498ce80524c014b81119,00000000,,,,,False,,,,,,,,,,False,False
/application/zukanlist/zkn_data/zukan_enc_diamond.narc,/application/zukanlist/zkn_data/zukan_enc_diamond.narc!/member_03617,0,/application/zukanlist/zkn_data/zukan_enc_diamond.narc,91,3617,,63800,63804,24116,24120,4,df3f619804a92fdb4057192dc43dd748ea778adc52bc498ce80524c014b81119,00000000,,,,,False,,,,,,,,,,False,False
/application/zukanlist/zkn_data/zukan_enc_diamond.narc,/application/zukanlist/zkn_data/zukan_enc_diamond.narc!/member_03618,0,/application/zukanlist/zkn_data/zukan_enc_diamond.narc,91,3618,,63804,63808,24120,24124,4,df3f619804a92fdb4057192dc43dd748ea778adc52bc498ce80524c014b81119,00000000,,,,,False,,,,,,,,,,False,False
/application/zukanlist/zkn_data/zukan_enc_diamond.narc,/application/zukanlist/zkn_data/zukan_enc_diamond.narc!/member_03619,0,/application/zukanlist/zkn_data/zukan_enc_diamond.narc,91,3619,,63808,63812,24124,24128,4,df3f619804a92fdb4057192dc43dd748ea778adc52bc498ce80524c014b81119,00000000,,,,,False,,,,,,,,,,False,False
