container_chain,member_chain,depth,parent_narc_path,parent_file_id,member_index,name,container_relative_offset,container_relative_end,gmif_relative_offset,gmif_relative_end,size,sha256,signature_hex,extension,probable_format,format_evidence,structure_valid,compressed,compression,compression_evidence,decompression_supported,declared_decompressed_size,decompression_valid,decompressed_size,decompressed_sha256,decompressed_format,decompressed_format_evidence,nested_container,nested_after_decompression
/application/zukanlist/zkn_data/zukan_enc_pearl.narc,/application/zukanlist/zkn_data/zukan_enc_pearl.narc!/member_02666,0,/application/zukanlist/zkn_data/zukan_enc_pearl.narc,92,2666,,56104,56108,16420,16424,4,df3f619804a92fdb4057192dc43dd748ea778adc52bc498ce80524c014b81119,00000000,,,,,False,,,,,,,,,,False,False
/application/zukanlist/zkn_data/zukan_enc_pearl.narc,/application/zukanlist/zkn_data/zukan_enc_pearl.narc!/member_02667,0,/application/zukanlist/zkn_data/zukan_enc_pearl.narc,92,2667,,56108,56112,16424,16428,4,df3f619804a92fdb4057192dc43dd748ea778adc52bc498ce80524c014b81119,00000000,,,,,False,,,,,,,,,,False,False
/application/zukanlist/zkn_data/zukan_enc_pearl.narc,/application/zukanlist/zkn_data/zukan_enc_pearl.narc!/member_02668,0,/application/zukanlist/zkn_data/zukan_enc_pearl.narc,92,2668,,56112,56116,16428,16432,4,df3f619804a92fdb4057192dc43dd748ea778adc52bc498ce80524c014b81119,00000000,,,,,False,,,,,,,,,,False,False
/application/zukanlist/zkn_data/zukan_enc_pearl.narc,/application/zukanlist/zkn_data/zukan_enc_pearl.narc!/member_02669,0,/application/zukanlist/zkn_data/zukan_enc_pearl.narc,92,2669,,56116,56120,16432,16436,4,df3f619804a92fdb4057192dc43dd748ea778adc52bc498ce80524c014b81119,00000000,,,,,False,,,,,,,,,,False,False
/application/zukanlist/zkn_data/zukan_enc_pearl.narc,/application/zukanlist/zkn_data/zukan_enc_pearl.narc!/member_02670,0,/application/zukanlist/zkn_data/zukan_enc_pearl.narc,92,2670,,56120,56124,16436,16440,4,df3f619804a92fdb4057192dc43dd748ea778adc52bc498ce80524c014b81119,00000000,,,,,False,,,,,,,,,,False,False
/application/zukanlist/zkn_data/zukan_enc_pearl.narc,/application/zukanlist/zkn_data/zukan_enc_pearl.narc!/member_02671,0,/application/zukanlist/zkn_data/zukan_enc_pearl.narc,92,2671,,56124,56128,16440,16444,4,df3f619804a92fdb4057192dc43dd748ea778adc52bc498ce80524c014b81119,00000000,,,,,False,,,,,,,,,,False,False
/application/zukanlist/zkn_data/zukan_enc_pearl.narc,/application/zukanlist/zkn_data/zukan_enc_pearl.narc!/member_02672,0,/application/zukanlist/zkn_data/zukan_enc_pearl.narc,92,2672,,56128,56132,16444,16448,4,df3f619804a92fdb4057192dc43dd748ea778adc52bc498ce80524c014b81119,00000000,,,,,False,,,,,,,,,,False,False
/application/zukanlist/zkn_data/zukan_enc_pearl.narc,/application/zukanlist/zkn_data/zukan_enc_pearl.narc!/member_02673,0,/application/zukanlist/zkn_data/zukan_enc_pearl.narc,92,2673,,56132,56140,16448,16456,8,3c88bf13b58cba9ca7fe10c55db47931f52b52975cf1e9eaa0c9b0ec29c7c6be,1c00000000000000,,,,,False,,,,,,,,,,False,False
/application/zukanlist/zkn_data/zukan_enc_pearl.narc,/application/zukanlist/zkn_data/zukan_enc_pearl.narc!/member_02674,0,/application/zukanlist/zkn_data/zukan_enc_pearl.narc,92,2674,,56140,56148,16456,16464,8,3c88bf13b58cba9ca7fe10c55db47931f52b52975cf1e9eaa0c9b0ec29c7c6be,1c00000000000000,,,,,False,,,,,,,,,,False,False
/application/zukanlist/zkn_data/zukan_enc_pearl.narc,/application/zukanlist/zkn_data/zukan_enc_pearl.narc!/member_02675,0,/application/zukanlist/zkn_data/zukan_enc_pearl.narc,92,2675,,56148,56152,16464,16468,4,df3f619804a92fdb4057192dc43dd748ea778adc52bc498ce80524c014b81119,00000000,,,,,False,,,,,,,,,,False,False
/application/zukanlist/zkn_data/zukan_enc_pearl.narc,/application/zukanlist/zkn_data/zukan_enc_pearl.narc!/member_02676,0,/application/zukanlist/zkn_data/zukan_enc_pearl.narc,92,2676,,56152,56156,16468,16472,4,df3f619804a92fdb4057192dc43dd748ea778adc52bc498ce80524c014b81119,00000000,,,,,False,,,,,,,,,,False,False
/application/zukanlist/zkn_data/zukan_enc_pearl.narc,/application/zukanlist/zkn_data/zukan_enc_pearl.narc!/member_02677,0,/application/zukanlist/zkn_data/zukan_enc_pearl.narc,92,2677,,56156,56160,16472,16476,4,df3f619804a92fdb4057192dc43dd748ea778adc52bc498ce80524c014b81119,00000000,,,,,False,,,,,,,,,,False,False
/application/zukanlist/zkn_data/zukan_enc_pearl.narc,/application/zukanlist/zkn_data/zukan_enc_pearl.narc!/member_02678,0,/application/zukanlist/zkn_data/zukan_enc_pearl.narc,92,2678,,56160,56164,16476,16480,4,df3f619804a92fdb4057192dc43dd748ea778adc52bc498ce80524c014b81119,00000000,,,,,False,,,,,,,,,,False,False
/application/zukanlist/zkn_data/zukan_enc_pearl.narc,/application/zukanlist/zkn_data/zukan_enc_pearl.narc!/member_02679,0,/application/zukanlist/zkn_data/zukan_enc_pearl.narc,92,2679,,56164,56168,16480,16484,4,df3f619804a92fdb4057192dc43dd748ea778adc52bc498ce80524c014b81119,00000000,,,,,False,,,,,,,,,,False,False
/application/zukanlist/zkn_data/zukan_enc_pearl.narc,/application/zukanlist/zkn_data/zukan_enc_pearl.narc!/member_02680,0,/application/zukanlist/zkn_data/zukan_enc_pearl.narc,92,2680,,56168,56172,16484,16488,4,df3f619804a92fdb4057192dc43dd748ea778adc52bc498ce80524c014b81119,00000000,,,,,False,,,,,,,,,,False,False
/application/zukanlist/zkn_data/zukan_enc_pearl.narc,/application/zukanlist/zkn_data/zukan_enc_pearl.narc!/member_02681,0,/application/zukanlist/zkn_data/zukan_enc_pearl.narc,92,2681,,56172,56176,16488,16492,4,df3f619804a92fdb4057192dc43dd748ea778adc52bc498ce80524c014b81119,00000000,,,,,False,,,,,,,,,,False,False
/application/zukanlist/zkn_data/zukan_enc_pearl.narc,/application/zukanlist/zkn_data/zukan_enc_pearl.narc!/member_02682,0,/application/zukanlist/zkn_data/zukan_enc_pearl.narc,92,2682,,56176,56188,16492,16504,12,5d3398e0616332ba78703a35d71b8202cb63cfad55fa33595ec94981bc88c17d,0a0000001e00000000000000,,,,,False,,,,,,,,,,False,False
/application/zukanlist/zkn_data/zukan_enc_pearl.narc,/application/zukanlist/zkn_data/zukan_enc_pearl.narc!/member_02683,0,/application/zukanlist/zkn_data/zukan_enc_pearl.narc,92,2683,,56188,56192,16504,16508,4,df3f619804a92fdb4057192dc43dd748ea778adc52bc498ce80524c014b81119,00000000,,,,,False,,,,,,,,,,False,False
/application/zukanlist/zkn_data/zukan_enc_pearl.narc,/application/zukanlist/zkn_data/zukan_enc_pearl.narc!/member_02684,0,/application/zukanlist/zkn_data/zukan_enc_pearl.narc,92,2684,,56192,56196,16508,16512,4,df3f619804a92fdb4057192dc43dd748ea778adc52bc498ce80524c014b81119,00000000,,,,,False,,,,,,,,,,False,False
/application/zukanlist/zkn_data/zukan_enc_pearl.narc,/application/zukanlist/zkn_data/zukan_enc_pearl.narc!/member_02685,0,/application/zukanlist/zkn_data/zukan_enc_pearl.narc,92,2685,,56196,56200,16512,16516,4,df3f619804a92fdb4057192dc43dd748ea778adc52bc498ce80524c014b81119,00000000,,,,,False,,,,,,,,,,False,False
/application/zukanlist/zkn_data/zukan_enc_pearl.narc,/application/zukanlist/zkn_data/zukan_enc_pearl.narc!/member_02686,0,/application/zukanlist/zkn_data/zukan_enc_pearl.narc,92,2686,,56200,56204,16516,16520,4,df3f619804a92fdb4057192dc43dd748ea778adc52bc498ce80524c014b81119,00000000,,,,,False,,,,,,,,,,False,False
/application/zukanlist/zkn_data/zukan_enc_pearl.narc,/application/zukanlist/zkn_data/zukan_enc_pearl.narc!/member_02687,0,/application/zukanlist/zkn_data/zukan_enc_pearl.narc,92,2687,,56204,56208,16520,16524,4,df3f619804a92fdb4057192dc43dd748ea778adc52bc498ce80524c014b81119,00000000,,,,,False,,,,,,,,,,False,False
/application/zukanlist/zkn_data/zukan_enc_pearl.narc,/application/zukanlist/zkn_data/zukan_enc_pearl.narc!/member_02688,0,/application/zukanlist/zkn_data/zukan_enc_pearl.narc,92,2688,,56208,56212,16524,16528,4,df3f619804a92fdb4057192dc43dd748ea778adc52bc498ce80524c014b81119,00000000,,,,,False,,,,,,,,,,False,False
/application/zukanlist/zkn_data/zukan_enc_pearl.narc,/application/zukanlist/zkn_data/zukan_enc_pearl.narc!/member_02689,0,/application/zukanlist/zkn_data/zukan_enc_pearl.narc,92,2689,,56212,56216,16528,16532,4,df3f619804a92fdb4057192dc43dd748ea778adc52bc498ce80524c014b81119,00000000,,,,,False,,,,,,,,,,False,False
/application/zukanlist/zkn_data/zukan_enc_pearl.narc,/application/zukanlist/zkn_data/zukan_enc_pearl.narc!/member_02690,0,/application/zukanlist/zkn_data/zukan_enc_pearl.narc,92,2690,,56216,56224,16532,16540,8,cbbd5f990c53684d7ae650b40fcb5656e02261b53da5f6a7d8c819c92f2828f8,0900000000000000,,,,,False,,,,,,,,,,False,False
/application/zukanlist/zkn_data/zukan_enc_pearl.narc,/application/zukanlist/zkn_data/zukan_enc_pearl.narc!/member_02691,0,/application/zukanlist/zkn_data/zukan_enc_pearl.narc,92,2691,,56224,56228,16540,16544,4,df3f619804a92fdb4057192dc43dd748ea778adc52bc498ce80524c014b81119,00000000,,,,,False,,,,,,,,,,False,False
/application/zukanlist/zkn_data/zukan_enc_pearl.narc,/application/zukanlist/zkn_data/zukan_enc_pearl.narc!/member_02692,0,/application/zukanlist/zkn_data/zukan_enc_pearl.narc,92,2692,,56228,56232,16544,16548,4,df3f619804a92fdb4057192dc43dd748ea778adc52bc498ce80524c014b81119,00000000,,,,,False,,,,,,,,,,False,False
/application/zukanlist/zkn_data/zukan_enc_pearl.narc,/application/zukanlist/zkn_data/zukan_enc_pearl.narc!/member_02693,0,/application/zukanlist/zkn_data/zukan_enc_pearl.narc,92,2693,,56232,56236,16548,16552,4,df3f619804a92fdb4057192dc43dd748ea778adc52bc498ce80524c014b81119,00000000,,,,,False,,,,,,,,,,False,False
/application/zukanlist/zkn_data/zukan_enc_pearl.narc,/application/zukanlist/zkn_data/zukan_enc_pearl.narc!/member_02694,0,/application/zukanlist/zkn_data/zukan_enc_pearl.narc,92,2694,,56236,56252,16552,16568,16,f2578d6ab3f7d6034fa63ec3e6dd43add5c54ca3f83107f42a3b19e64bc9720a,0b000000200000002100000000000000,,,,,False,,,,,,,,,,False,False
/application/zukanlist/zkn_data/zukan_enc_pearl.narc,/application/zukanlist/zkn_data/zukan_enc_pearl.narc!/member_02695,0,/application/zukanlist/zkn_data/zukan_enc_pearl.narc,92,2695,,56252,56256,16568,16572,4,df3f619804a92fdb4057192dc43dd748ea778adc52bc498ce80524c014b81119,00000000,,,,,False,,,,,,,,,,False,False
/application/zukanlist/zkn_data/zukan_enc_pearl.narc,/application/zukanlist/zkn_data/zukan_enc_pearl.narc!/member_02696,0,/application/zukanlist/zkn_data/zukan_enc_pearl.narc,92,2696,,56256,56260,16572,16576,4,df3f619804a92fdb4057192dc43dd748ea778adc52bc498ce80524c014b81119,00000000,,,,,False,,,,,,,,,,False,False
/application/zukanlist/zkn_data/zukan_enc_pearl.narc,/application/zukanlist/zkn_data/zukan_enc_pearl.narc!/member_02697,0,/application/zukanlist/zkn_data/zukan_enc_pearl.narc,92,2697,,56260,56264,16576,16580,4,df3f619804a92fdb4057192dc43dd748ea778adc52bc498ce80524c014b81119,00000000,,,,,False,,,,,,,,,,False,False
/application/zukanlist/zkn_data/zukan_enc_pearl.narc,/application/zukanlist/zkn_data/zukan_enc_pearl.narc!/member_02698,0,/application/zukanlist/zkn_data/zukan_enc_pearl.narc,92,2698,,56264,56268,16580,16584,4,df3f619804a92fdb4057192dc43dd748ea778adc52bc498ce80524c014b81119,00000000,,,,,False,,,,,,,,,,False,False
/application/zukanlist/zkn_data/zukan_enc_pearl.narc,/application/zukanlist/zkn_data/zukan_enc_pearl.narc!/member_02699,0,/application/zukanlist/zkn_data/zukan_enc_pearl.narc,92,2699,,56268,56272,16584,16588,4,df3f619804a92fdb4057192dc43dd748ea778adc52bc498ce80524c014b81119,00000000,,,,,False,,,,,,,,,,False,False
/application/zukanlist/zkn_data/zukan_enc_pearl.narc,/application/zukanlist/zkn_data/zukan_enc_pearl.narc!/member_02700,0,/application/zukanlist/zkn_data/zukan_enc_pearl.narc,92,2700,,56272,56276,16588,16592,4,df3f619804a92fdb4057192dc43dd748ea778adc52bc498ce80524c014b81119,00000000,,,,,False,,,,,,,,,,False,False
/application/zukanlist/zkn_data/zukan_enc_pearl.narc,/application/zukanlist/zkn_data/zukan_enc_pearl.narc!/member_02701,0,/application/zukanlist/zkn_data/zukan_enc_pearl.narc,92,2701,,56276,56280,16592,16596,4,df3f619804a92fdb4057192dc43dd748ea778adc52bc498ce80524c014b81119,00000000,,,,,False,,,,,,,,,,False,False
/application/zukanlist/zkn_data/zukan_enc_pearl.narc,/application/zukanlist/zkn_data/zukan_enc_pearl.narc!/member_02702,0,/application/zukanlist/zkn_data/zukan_enc_pearl.narc,92,2702,,56280,56316,16596,16632,36,cadeafb12564306eb1cc75af88669b61eacf792790937f389754763cdc5cc940,0300000004000000050000001d000000,,,,,False,,,,,,,,,,False,False
/application/zukanlist/zkn_data/zukan_enc_pearl.narc,/application/zukanlist/zkn_data/zukan_enc_pearl.narc!/member_02703,0,/application/zukanlist/zkn_data/zukan_enc_pearl.narc,92,2703,,56316,56352,16632,16668,36,cadeafb12564306eb1cc75af88669b61eacf792790937f389754763cdc5cc940,0300000004000000050000001d000000,,,,,False,,,,,,,,,,False,False
/application/zukanlist/zkn_data/zukan_enc_pearl.narc,/application/zukanlist/zkn_data/zukan_enc_pearl.narc!/member_02704,0,/application/zukanlist/zkn_data/zukan_enc_pearl.narc,92,2704,,56352,56356,16668,16672,4,df3f619804a92fdb4057192dc43dd748ea778adc52bc498ce80524c014b81119,00000000,,,,,False,,,,,,,,,,False,False
/application/zukanlist/zkn_data/zukan_enc_pearl.narc,/application/zukanlist/zkn_data/zukan_enc_pearl.narc!/member_02705,0,/application/zukanlist/zkn_data/zukan_enc_pearl.narc,92,2705,,56356,56360,16672,16676,4,df3f619804a92fdb4057192dc43dd748ea778adc52bc498ce80524c014b81119,00000000,,,,,False,,,,,,,,,,False,False
/application/zukanlist/zkn_data/zukan_enc_pearl.narc,/application/zukanlist/zkn_data/zukan_enc_pearl.narc!/member_02706,0,/application/zukanlist/zkn_data/zukan_enc_pearl.narc,92,2706,,56360,56372,16676,16688,12,82845f601ec6f67c6123951adc94a3a015e24cb0ab292fb289695e981c4a6a7a,080000002800000000000000,,,,,False,,,,,,,,,,False,False
/application/zukanlist/zkn_data/zukan_enc_pearl.narc,/application/zukanlist/zkn_data/zukan_enc_pearl.narc!/member_02707,0,/application/zukanlist/zkn_data/zukan_enc_pearl.narc,92,2707,,56372,56376,16688,16692,4,df3f619804a92fdb4057192dc43dd748ea778adc52bc498ce80524c014b81119,00000000,,,,,False,,,,,,,,,,False,False
/application/zukanlist/zkn_data/zukan_enc_pearl.narc,/application/zukanlist/zkn_data/zukan_enc_pearl.narc!/member_02708,0,/application/zukanlist/zkn_data/zukan_enc_pearl.narc,92,2708,,56376,56380,16692,16696,4,df3f619804a92fdb4057192dc43dd748ea778adc52bc498ce80524c014b81119,00000000,,,,,False,,,,,,,,,,False,False
/application/zukanlist/zkn_data/zukan_enc_pearl.narc,/application/zukanlist/zkn_data/zukan_enc_pearl.narc!/member_02709,0,/application/zukanlist/zkn_data/zukan_enc_pearl.narc,92,2709,,56380,56384,16696,16700,4,df3f619804a92fdb4057192dc43dd748ea778adc52bc498ce80524c014b81119,00000000,,,,,False,,,,,,,,,,False,False
/application/zukanlist/zkn_data/zukan_enc_pearl.narc,/application/zukanlist/zkn_data/zukan_enc_pearl.narc!/member_02710,0,/application/zukanlist/zkn_data/zukan_enc_pearl.narc,92,2710,,56384,56388,16700,16704,4,df3f619804a92fdb4057192dc43dd748ea778adc52bc498ce80524c014b81119,00000000,,,,,False,,,,,,,,,,False,False
/application/zukanlist/zkn_data/zukan_enc_pearl.narc,/application/zukanlist/zkn_data/zukan_enc_pearl.narc!/member_02711,0,/application/zukanlist/zkn_data/zukan_enc_pearl.narc,92,2711,,56388,56392,16704,16708,4,df3f619804a92fdb4057192dc43dd748ea778adc52bc498ce80524c014b81119,00000000,,,,,False,,,,,,,,,,False,False
/application/zukanlist/zkn_data/zukan_enc_pearl.narc,/application/zukanlist/zkn_data/zukan_enc_pearl.narc!/member_02712,0,/application/zukanlist/zkn_data/zukan_enc_pearl.narc,92,2712,,56392,56396,16708,16712,4,df3f619804a92fdb4057192dc43dd748ea778adc52bc498ce80524c014b81119,00000000,,,,,False,,,,,,,,,,False,False
/application/zukanlist/zkn_data/zukan_enc_pearl.narc,/application/zukanlist/zkn_data/zukan_enc_pearl.narc!/member_02713,0,/application/zukanlist/zkn_data/zukan_enc_pearl.narc,92,2713,,56396,56400,16712,16716,4,df3f619804a92fdb4057192dc43dd748ea778adc52bc498ce80524c014b81119,00000000,,,,,False,,,,,,,,,,False,False
/application/zukanlist/zkn_data/zukan_enc_pearl.narc,/application/zukanlist/zkn_data/zukan_enc_pearl.narc!/member_02714,0,/application/zukanlist/zkn_data/zukan_enc_pearl.narc,92,2714,,56400,56404,16716,16720,4,df3f619804a92fdb4057192dc43dd748ea778adc52bc498ce80524c014b81119,00000000,,,,,False,,,,,,,,,,False,False
/application/zukanlist/zkn_data/zukan_enc_pearl.narc,/application/zukanlist/zkn_data/zukan_enc_pearl.narc!/member_02715,0,/application/zukanlist/zkn_data/zukan_enc_pearl.narc,92,2715,,56404,56408,16720,16724,4,df3f619804a92fdb4057192dc43dd748ea778adc52bc498ce80524c014b81119,00000000,,,,,False,,,,,,,,,,False,False
/application/zukanlist/zkn_data/zukan_enc_pearl.narc,/application/zukanlist/zkn_data/zukan_enc_pearl.narc!/member_02716,0,/application/zukanlist/zkn_data/zukan_enc_pearl.narc,92,2716,,56408,56412,16724,16728,4,df3f619804a92fdb4057192dc43dd748ea778adc52bc498ce80524c014b81119,00000000,,,,,False,,,,,,,,,,False,False
/application/zukanlist/zkn_data/zukan_enc_pearl.narc,/application/zukanlist/zkn_data/zukan_enc_pearl.narc!/member_02717,0,/application/zukanlist/zkn_data/zukan_enc_pearl.narc,92,2717,,56412,56416,16728,16732,4,df3f619804a92fdb4057192dc43dd748ea778adc52bc498ce80524c014b81119,00000000,,,,,False,,,,,,,,,,False,False
/application/zukanlist/zkn_data/zukan_enc_pearl.narc,/application/zukanlist/zkn_data/zukan_enc_pearl.narc!/member_02718,0,/application/zukanlist/zkn_data/zukan_enc_pearl.narc,92,2718,,56416,56420,16732,16736,4,df3f619804a92fdb4057192dc43dd748ea778adc52bc498ce80524c014b81119,00000000,,,,,False,,,,,,,,,,False,False
/application/zukanlist/zkn_data/zukan_enc_pearl.narc,/application/zukanlist/zkn_data/zukan_enc_pearl.narc!/member_02719,0,/application/zukanlist/zkn_data/zukan_enc_pearl.narc,92,2719,,56420,56424,16736,16740,4,df3f619804a92fdb4057192dc43dd748ea778adc52bc498ce80524c014b81119,00000000,,,,,False,,,,,,,,,,False,False
/application/zukanlist/zkn_data/zukan_enc_pearl.narc,/application/zukanlist/zkn_data/zukan_enc_pearl.narc!/member_02720,0,/application/zukanlist/zkn_data/zukan_enc_pearl.narc,92,2720,,56424,56428,16740,16744,4,df3f619804a92fdb4057192dc43dd748ea778adc52bc498ce80524c014b81119,00000000,,,,,False,,,,,,,,,,False,False
/application/zukanlist/zkn_data/zukan_enc_pearl.narc,/application/zukanlist/zkn_data/zukan_enc_pearl.narc!/member_02721,0,/application/zukanlist/zkn_data/zukan_enc_pearl.narc,92,2721,,56428,56432,16744,16748,4,df3f619804a92fdb4057192dc43dd748ea778adc52bc498ce80524c014b81119,00000000,,,,,False,,,,,,,,,,False,False
/application/zukanlist/zkn_data/zukan_enc_pearl.narc,/application/zukanlist/zkn_data/zukan_enc_pearl.narc!/member_02722,0,/application/zukanlist/zkn_data/zukan_enc_pearl.narc,92,2722,,56432,56436,16748,16752,4,df3f619804a92fdb4057192dc43dd748ea778adc52bc498ce80524c014b81119,00000000,,,,,False,,,,,,,,,,False,False
/application/zukanlist/zkn_data/zukan_enc_pearl.narc,/application/zukanlist/zkn_data/zukan_enc_pearl.narc!/member_02723,0,/application/zukanlist/zkn_data/zukan_enc_pearl.narc,92,2723,,56436,56440,16752,16756,4,df3f619804a92fdb4057192dc43dd748ea778adc52bc498ce80524c014b81119,00000000,,,,,False,,,,,,,,,,False,False
/application/zukanlist/zkn_data/zukan_enc_pearl.narc,/application/zukanlist/zkn_data/zukan_enc_pearl.narc!/member_02724,0,/application/zukanlist/zkn_data/zukan_enc_pearl.narc,92,2724,,56440,56444,16756,16760,4,df3f619804a92fdb4057192dc43dd748ea778adc52bc498ce80524c014b81119,00000000,,,,,False,,,,,,,,,,False,False
/application/zukanlist/zkn_data/zukan_enc_pearl.narc,/application/zukanlist/zkn_data/zukan_enc_pearl.narc!/member_02725,0,/application/zukanlist/zkn_data/zukan_enc_pearl.narc,92,2725,,56444,56448,16760,16764,4,df3f619804a92fdb4057192dc43dd748ea778adc52bc498ce80524c014b81119,00000000,,,,,False,,,,,,,,,,False,False
/application/zukanlist/zkn_data/zukan_enc_pearl.narc,/application/zukanlist/zkn_data/zukan_enc_pearl.narc!/member_02726,0,/application/zukanlist/zkn_data/zukan_enc_pearl.narc,92,2726,,56448,56452,16764,16768,4,df3f619804a92fdb4057192dc43dd748ea778adc52bc498ce80524c014b81119,00000000,,,,,False,,,,,,,,,,False,False
/application/zukanlist/zkn_data/zukan_enc_pearl.narc,/application/zukanlist/zkn_data/zukan_enc_pearl.narc!/member_02727,0,/application/zukanlist/zkn_data/zukan_enc_pearl.narc,92,2727,,56452,56456,16768,16772,4,df3f619804a92fdb4057192dc43dd748ea778adc52bc498ce80524c014b81119,00000000,,,,,False,,,,,,,,,,False,False
/application/zukanlist/zkn_data/zukan_enc_pearl.narc,/application/zukanlist/zkn_data/zukan_enc_pearl.narc!/member_02728,0,/application/zukanlist/zkn_data/zukan_enc_pearl.narc,92,2728,,56456,56460,16772,16776,4,df3f619804a92fdb4057192dc43dd748ea778adc52bc498ce80524c014b81119,00000000,,,,,False,,,,,,,,,,False,False
/application/zukanlist/zkn_data/zukan_enc_pearl.narc,/application/zukanlist/zkn_data/zukan_enc_pearl.narc!/member_02729,0,/application/zukanlist/zkn_data/zukan_enc_pearl.narc,92,2729,,56460,56464,16776,16780,4,df3f619804a92fdb4057192dc43dd748ea778adc52bc498ce80524c014b81119,00000000,,,,,False,,,,,,,,,,False,False
/application/zukanlist/zkn_data/zukan_enc_pearl.narc,/application/zukanlist/zkn_data/zukan_enc_pearl.narc!/member_02730,0,/application/zukanlist/zkn_data/zukan_enc_pearl.narc,92,2730,,56464,56468,16780,16784,4,df3f619804a92fdb4057192dc43dd748ea778adc52bc498ce80524c014b81119,00000000,,,,,False,,,,,,,,,,False,False
/application/zukanlist/zkn_data/zukan_enc_pearl.narc,/application/zukanlist/zkn_data/zukan_enc_pearl.narc!/member_02731,0,/application/zukanlist/zkn_data/zukan_enc_pearl.narc,92,2731,,56468,56472,16784,16788,4,df3f619804a92fdb4057192dc43dd748ea778adc52bc498ce80524c014b81119,00000000,,,,,False,,,,,,,,,,False,False
/application/zukanlist/zkn_data/zukan_enc_pearl.narc,/application/zukanlist/zkn_data/zukan_enc_pearl.narc!/member_02732,0,/application/zukanlist/zkn_data/zukan_enc_pearl.narc,92,2732,,56472,56476,16788,16792,4,df3f619804a92fdb4057192dc43dd748ea778adc52bc498ce80524c014b81119,00000000,,,,,False,,,,,,,,,,False,False
/application/zukanlist/zkn_data/zukan_enc_pearl.narc,/application/zukanlist/zkn_data/zukan_enc_pearl.narc!/member_02733,0,/application/zukanlist/zkn_data/zukan_enc_pearl.narc,92,2733,,56476,56480,16792,16796,4,df3f619804a92fdb4057192dc43dd748ea778adc52bc498ce80524c014b81119,00000000,,,,,False,,,,,,,,,,False,False
/application/zukanlist/zkn_data/zukan_enc_pearl.narc,/application/zukanlist/zkn_data/zukan_enc_pearl.narc!/member_02734,0,/application/zukanlist/zkn_data/zukan_enc_pearl.narc,92,2734,,56480,56484,16796,16800,4,df3f619804a92fdb4057192dc43dd748ea778adc52bc498ce80524c014b81119,00000000,,,,,False,,,,,,,,,,False,False
/application/zukanlist/zkn_data/zukan_enc_pearl.narc,/application/zukanlist/zkn_data/zukan_enc_pearl.narc!/member_02735,0,/application/zukanlist/zkn_data/zukan_enc_pearl.narc,92,2735,,56484,56488,16800,16804,4,df3f619804a92fdb4057192dc43dd748ea778adc52bc498ce80524c014b81119,00000000,,,,,False,,,,,,,,,,False,False
/application/zukanlist/zkn_data/zukan_enc_pearl.narc,/application/zukanlist/zkn_data/zukan_enc_pearl.narc!/member_02736,0,/application/zukanlist/zkn_data/zukan_enc_pearl.narc,92,2736,,56488,56492,16804,16808,4,df3f619804a92fdb4057192dc43dd748ea778adc52bc498ce80524c014b81119,00000000,,,,,False,,,,,,,,,,False,False
/application/zukanlist/zkn_data/zukan_enc_pearl.narc,/application/zukanlist/zkn_data/zukan_enc_pearl.narc!/member_02737,0,/application/zukanlist/zkn_data/zukan_enc_pearl.narc,92,2737,,56492,56496,16808,16812,4,df3f619804a92fdb4057192dc43dd748ea778adc52bc498ce80524c014b81119,00000000,,,,,False,,,,,,,,,,False,False
/application/zukanlist/zkn_data/zukan_enc_pearl.narc,/application/zukanlist/zkn_data/zukan_enc_pearl.narc!/member_02738,0,/application/zukanlist/zkn_data/zukan_enc_pearl.narc,92,2738,,56496,56500,16812,16816,4,df3f619804a92fdb4057192dc43dd748ea778adc52bc498ce80524c014b81119,00000000,,,,,False,,,,,,,,,,False,False
/application/zukanlist/zkn_data/zukan_enc_pearl.narc,/application/zukanlist/zkn_data/zukan_enc_pearl.narc!/member_02739,0,/application/zukanlist/zkn_data/zukan_enc_pearl.narc,92,2739,,56500,56504,16816,16820,4,df3f619804a92fdb4057192dc43dd748ea778adc52bc498ce80524c014b81119,00000000,,,,,False,,,,,,,,,,False,False
/application/zukanlist/zkn_data/zukan_enc_pearl.narc,/application/zukanlist/zkn_data/zukan_enc_pearl.narc!/member_02740,0,/application/zukanlist/zkn_data/zukan_enc_pearl.narc,92,2740,,56504,56508,16820,16824,4,df3f619804a92fdb4057192dc43dd748ea778adc52bc498ce80524c014b81119,00000000,,,,,False,,,,,,,,,,False,False
/application/zukanlist/zkn_data/zukan_enc_pearl.narc,/application/zukanlist/zkn_data/zukan_enc_pearl.narc!/member_02741,0,/application/zukanlist/zkn_data/zukan_enc_pearl.narc,92,2741,,56508,56512,16824,16828,4,df3f619804a92fdb4057192dc43dd748ea778adc52bc498ce80524c014b81119,00000000,,,,,False,,,,,,,,,,False,False
/application/zukanlist/zkn_data/zukan_enc_pearl.narc,/application/zukanlist/zkn_data/zukan_enc_pearl.narc!/member_02742,0,/application/zukanlist/zkn_data/zukan_enc_pearl.narc,92,2742,,56512,56516,16828,16832,4,df3f619804a92fdb4057192dc43dd748ea778adc52bc498ce80524c014b81119,00000000,,,,,False,,,,,,,,,,False,False
/application/zukanlist/zkn_data/zukan_enc_pearl.narc,/application/zukanlist/zkn_data/zukan_enc_pearl.narc!/member_02743,0,/application/zukanlist/zkn_data/zukan_enc_pearl.narc,92,2743,,56516,56520,16832,16836,4,df3f619804a92fdb4057192dc43dd748ea778adc52bc498ce80524c014b81119,00000000,,,,,False,,,,,,,,,,False,False
/application/zukanlist/zkn_data/zukan_enc_pearl.narc,/application/zukanlist/zkn_data/zukan_enc_pearl.narc!/member_02744,0,/application/zukanlist/zkn_data/zukan_enc_pearl.narc,92,2744,,56520,56524,16836,16840,4,df3f619804a92fdb4057192dc43dd748ea778adc52bc498ce80524c014b81119,00000000,,,,,False,,,,,,,,,,False,False
/application/zukanlist/zkn_data/zukan_enc_pearl.narc,/application/zukanlist/zkn_data/zukan_enc_pearl.narc!/member_02745,0,/application/zukanlist/zkn_data/zukan_enc_pearl.narc,92,2745,,56524,56528,16840,16844,4,df3f619804a92fdb4057192dc43dd748ea778adc52bc498ce80524c014b81119,00000000,,,,,False,,,,,,,,,,False,False
/application/zukanlist/zkn_data/zukan_enc_pearl.narc,/application/zukanlist/zkn_data/zukan_enc_pearl.narc!/member_02746,0,/application/zukanlist/zkn_data/zukan_enc_pearl.narc,92,2746,,56528,56536,16844,16852,8,427b4d443e4c7f008af332e9acfc1539b4369ddc4f1915eea321a96caab10798,2600000000000000,,,,,False,,,,,,,,,,False,False
/application/zukanlist/zkn_data/zukan_enc_pearl.narc,/application/zukanlist/zkn_data/zukan_enc_pearl.narc!/member_02747,0,/application/zukanlist/zkn_data/zukan_enc_pearl.narc,92,2747,,56536,56540,16852,16856,4,df3f619804a92fdb4057192dc43dd748ea778adc52bc498ce80524c014b81119,00000000,,,,,False,,,,,,,,,,False,False
/application/zukanlist/zkn_data/zukan_enc_pearl.narc,/application/zukanlist/zkn_data/zukan_enc_pearl.narc!/member_02748,0,/application/zukanlist/zkn_data/zukan_enc_pearl.narc,92,2748,,56540,56548,16856,16864,8,703d37e650ac5852ff1027382d58776810b88d1db959d667efa0df97ae156c6b,3100000000000000,,,,,False,,,,,,,,,,False,False
/application/zukanlist/zkn_data/zukan_enc_pearl.narc,/application/zukanlist/zkn_data/zukan_enc_pearl.narc!/member_02749,0,/application/zukanlist/zkn_data/zukan_enc_pearl.narc,92,2749,,56548,56552,16864,16868,4,df3f619804a92fdb4057192dc43dd748ea778adc52bc498ce80524c014b81119,00000000,,,,,False,,,,,,,,,,False,False
/application/zukanlist/zkn_data/zukan_enc_pearl.narc,/application/zukanlist/zkn_data/zukan_enc_pearl.narc!/member_02750,0,/application/zukanlist/zkn_data/zukan_enc_pearl.narc,92,2750,,56552,56556,16868,16872,4,df3f619804a92fdb4057192dc43dd748ea778adc52bc498ce80524c014b81119,00000000,,,,,False,,,,,,,,,,False,False
/application/zukanlist/zkn_data/zukan_enc_pearl.narc,/application/zukanlist/zkn_data/zukan_enc_pearl.narc!/member_02751,0,/application/zukanlist/zkn_data/zukan_enc_pearl.narc,92,2751,,56556,56560,16872,16876,4,df3f619804a92fdb4057192dc43dd748ea778adc52bc498ce80524c014b81119,00000000,,,,,False,,,,,,,,,,False,False
/application/zukanlist/zkn_data/zukan_enc_pearl.narc,/application/zukanlist/zkn_data/zukan_enc_pearl.narc!/member_02752,0,/application/zukanlist/zkn_data/zukan_enc_pearl.narc,92,2752,,56560,56564,16876,16880,4,df3f619804a92fdb4057192dc43dd748ea778adc52bc498ce80524c014b81119,00000000,,,,,False,,,,,,,,,,False,False
/application/zukanlist/zkn_data/zukan_enc_pearl.narc,/application/zukanlist/zkn_data/zukan_enc_pearl.narc!/member_02753,0,/application/zukanlist/zkn_data/zukan_enc_pearl.narc,92,2753,,56564,56568,16880,16884,4,df3f619804a92fdb4057192dc43dd748ea778adc52bc498ce80524c014b81119,00000000,,,,,False,,,,,,,,,,False,False
/application/zukanlist/zkn_data/zukan_enc_pearl.narc,/application/zukanlist/zkn_data/zukan_enc_pearl.narc!/member_02754,0,/application/zukanlist/zkn_data/zukan_enc_pearl.narc,92,2754,,56568,56572,16884,16888,4,df3f619804a92fdb4057192dc43dd748ea778adc52bc498ce80524c014b81119,00000000,,,,,False,,,,,,,,,,False,False
/application/zukanlist/zkn_data/zukan_enc_pearl.narc,/application/zukanlist/zkn_data/zukan_enc_pearl.narc!/member_02755,0,/application/zukanlist/zkn_data/zukan_enc_pearl.narc,92,2755,,56572,56576,16888,16892,4,df3f619804a92fdb4057192dc43dd748ea778adc52bc498ce80524c014b81119,00000000,,,,,False,,,,,,,,,,False,False
/application/zukanlist/zkn_data/zukan_enc_pearl.narc,/application/zukanlist/zkn_data/zukan_enc_pearl.narc!/member_02756,0,/application/zukanlist/zkn_data/zukan_enc_pearl.narc,92,2756,,56576,56580,16892,16896,4,df3f619804a92fdb4057192dc43dd748ea778adc52bc498ce80524c014b81119,00000000,,,,,False,,,,,,,,,,False,False
/application/zukanlist/zkn_data/zukan_enc_pearl.narc,/application/zukanlist/zkn_data/zukan_enc_pearl.narc!/member_02757,0,/application/zukanlist/zkn_data/zukan_enc_pearl.narc,92,2757,,56580,56636,16896,16952,56,3fc78798325f2b1f632959183ef2f670e59ffbdef72f0bccdd7b8576c9839d7b,01000000030000000600000007000000,,,,,False,,,,,,,,,,False,False
/application/zukanlist/zkn_data/zukan_enc_pearl.narc,/application/zukanlist/zkn_data/zukan_enc_pearl.narc!/member_02758,0,/application/zukanlist/zkn_data/zukan_enc_pearl.narc,92,2758,,56636,56716,16952,17032,80,689856d2d95748223950d25bcf08ab3dfe4f2a7f9a640a6b107e1017156626a5,01000000030000000400000005000000,,,,,False,,,,,,,,,,False,False
/application/zukanlist/zkn_data/zukan_enc_pearl.narc,/application/zukanlist/zkn_data/zukan_enc_pearl.narc!/member_02759,0,/application/zukanlist/zkn_data/zukan_enc_pearl.narc,92,2759,,56716,56720,17032,17036,4,df3f619804a92fdb4057192dc43dd748ea778adc52bc498ce80524c014b81119,00000000,,,,,False,,,,,,,,,,False,False
/application/zukanlist/zkn_data/zukan_enc_pearl.narc,/application/zukanlist/zkn_data/zukan_enc_pearl.narc!/member_02760,0,/application/zukanlist/zkn_data/zukan_enc_pearl.narc,92,2760,,56720,56724,17036,17040,4,df3f619804a92fdb4057192dc43dd748ea778adc52bc498ce80524c014b81119,00000000,,,,,False,,,,,,,,,,False,False
/application/zukanlist/zkn_data/zukan_enc_pearl.narc,/application/zukanlist/zkn_data/zukan_enc_pearl.narc!/member_02761,0,/application/zukanlist/zkn_data/zukan_enc_pearl.narc,92,2761,,56724,56728,17040,17044,4,df3f619804a92fdb4057192dc43dd748ea778adc52bc498ce80524c014b81119,00000000,,,,,False,,,,,,,,,,False,False
/application/zukanlist/zkn_data/zukan_enc_pearl.narc,/application/zukanlist/zkn_data/zukan_enc_pearl.narc!/member_02762,0,/application/zukanlist/zkn_data/zukan_enc_pearl.narc,92,2762,,56728,56732,17044,17048,4,df3f619804a92fdb4057192dc43dd748ea778adc52bc498ce80524c014b81119,00000000,,,,,False,,,,,,,,,,False,False
/application/zukanlist/zkn_data/zukan_enc_pearl.narc,/application/zukanlist/zkn_data/zukan_enc_pearl.narc!/member_02763,0,/application/zukanlist/zkn_data/zukan_enc_pearl.narc,92,2763,,56732,56736,17048,17052,4,df3f619804a92fdb4057192dc43dd748ea778adc52bc498ce80524c014b81119,00000000,,,,,False,,,,,,,,,,False,False
/application/zukanlist/zkn_data/zukan_enc_pearl.narc,/application/zukanlist/zkn_data/zukan_enc_pearl.narc!/member_02764,0,/application/zukanlist/zkn_data/zukan_enc_pearl.narc,92,2764,,56736,56740,17052,17056,4,df3f619804a92fdb4057192dc43dd748ea778adc52bc498ce80524c014b81119,00000000,,,,,False,,,,,,,,,,False,False
/application/zukanlist/zkn_data/zukan_enc_pearl.narc,/application/zukanlist/zkn_data/zukan_enc_pearl.narc!/member_02765,0,/application/zukanlist/zkn_data/zukan_enc_pearl.narc,92,2765,,56740,56744,17056,17060,4,df3f619804a92fdb4057192dc43dd748ea778adc52bc498ce80524c014b81119,00000000,,,,,False,,,,,,,,,,False,False
/application/zukanlist/zkn_data/zukan_enc_pearl.narc,/application/zukanlist/zkn_data/zukan_enc_pearl.narc!/member_02766,0,/application/zukanlist/zkn_data/zukan_enc_pearl.narc,92,2766,,56744,56748,17060,17064,4,df3f619804a92fdb4057192dc43dd748ea778adc52bc498ce80524c014b81119,00000000,,,,,False,,,,,,,,,,False,False
/application/zukanlist/zkn_data/zukan_enc_pearl.narc,/application/zukanlist/zkn_data/zukan_enc_pearl.narc!/member_02767,0,/application/zukanlist/zkn_data/zukan_enc_pearl.narc,92,2767,,56748,56752,17064,17068,4,df3f619804a92fdb4057192dc43dd748ea778adc52bc498ce80524c014b81119,00000000,,,,,False,,,,,,,,,,False,False
/application/zukanlist/zkn_data/zukan_enc_pearl.narc,/application/zukanlist/zkn_data/zukan_enc_pearl.narc!/member_02768,0,/application/zukanlist/zkn_data/zukan_enc_pearl.narc,92,2768,,56752,56756,17068,17072,4,df3f619804a92fdb4057192dc43dd748ea778adc52bc498ce80524c014b81119,00000000,,,,,False,,,,,,,,,,False,False
/application/zukanlist/zkn_data/zukan_enc_pearl.narc,/application/zukanlist/zkn_data/zukan_enc_pearl.narc!/member_02769,0,/application/zukanlist/zkn_data/zukan_enc_pearl.narc,92,2769,,56756,56760,17072,17076,4,df3f619804a92fdb4057192dc43dd748ea778adc52bc498ce80524c014b81119,00000000,,,,,False,,,,,,,,,,False,False
/application/zukanlist/zkn_data/zukan_enc_pearl.narc,/application/zukanlist/zkn_data/zukan_enc_pearl.narc!/member_02770,0,/application/zukanlist/zkn_data/zukan_enc_pearl.narc,92,2770,,56760,56764,17076,17080,4,df3f619804a92fdb4057192dc43dd748ea778adc52bc498ce80524c014b81119,00000000,,,,,False,,,,,,,,,,False,False
/application/zukanlist/zkn_data/zukan_enc_pearl.narc,/application/zukanlist/zkn_data/zukan_enc_pearl.narc!/member_02771,0,/application/zukanlist/zkn_data/zukan_enc_pearl.narc,92,2771,,56764,56768,17080,17084,4,df3f619804a92fdb4057192dc43dd748ea778adc52bc498ce80524c014b81119,00000000,,,,,False,,,,,,,,,,False,False
/application/zukanlist/zkn_data/zukan_enc_pearl.narc,/application/zukanlist/zkn_data/zukan_enc_pearl.narc!/member_02772,0,/application/zukanlist/zkn_data/zukan_enc_pearl.narc,92,2772,,56768,56772,17084,17088,4,df3f619804a92fdb4057192dc43dd748ea778adc52bc498ce80524c014b81119,00000000,,,,,False,,,,,,,,,,False,False
/application/zukanlist/zkn_data/zukan_enc_pearl.narc,/application/zukanlist/zkn_data/zukan_enc_pearl.narc!/member_02773,0,/application/zukanlist/zkn_data/zukan_enc_pearl.narc,92,2773,,56772,56776,17088,17092,4,df3f619804a92fdb4057192dc43dd748ea778adc52bc498ce80524c014b81119,00000000,,,,,False,,,,,,,,,,False,False
/application/zukanlist/zkn_data/zukan_enc_pearl.narc,/application/zukanlist/zkn_data/zukan_enc_pearl.narc!/member_02774,0,/application/zukanlist/zkn_data/zukan_enc_pearl.narc,92,2774,,56776,56780,17092,17096,4,df3f619804a92fdb4057192dc43dd748ea778adc52bc498ce80524c014b81119,00000000,,,,,False,,,,,,,,,,False,False
/application/zukanlist/zkn_data/zukan_enc_pearl.narc,/application/zukanlist/zkn_data/zukan_enc_pearl.narc!/member_02775,0,/application/zukanlist/zkn_data/zukan_enc_pearl.narc,92,2775,,56780,56784,17096,17100,4,df3f619804a92fdb4057192dc43dd748ea778adc52bc498ce80524c014b81119,00000000,,,,,False,,,,,,,,,,False,False
/application/zukanlist/zkn_data/zukan_enc_pearl.narc,/application/zukanlist/zkn_data/zukan_enc_pearl.narc!/member_02776,0,/application/zukanlist/zkn_data/zukan_enc_pearl.narc,92,2776,,56784,56788,17100,17104,4,df3f619804a92fdb4057192dc43dd748ea778adc52bc498ce80524c014b81119,00000000,,,,,False,,,,,,,,,,False,False
/application/zukanlist/zkn_data/zukan_enc_pearl.narc,/application/zukanlist/zkn_data/zukan_enc_pearl.narc!/member_02777,0,/application/zukanlist/zkn_data/zukan_enc_pearl.narc,92,2777,,56788,56792,17104,17108,4,df3f619804a92fdb4057192dc43dd748ea778adc52bc498ce80524c014b81119,00000000,,,,,False,,,,,,,,,,False,False
/application/zukanlist/zkn_data/zukan_enc_pearl.narc,/application/zukanlist/zkn_data/zukan_enc_pearl.narc!/member_02778,0,/application/zukanlist/zkn_data/zukan_enc_pearl.narc,92,2778,,56792,56796,17108,17112,4,df3f619804a92fdb4057192dc43dd748ea778adc52bc498ce80524c014b81119,00000000,,,,,False,,,,,,,,,,False,False
/application/zukanlist/zkn_data/zukan_enc_pearl.narc,/application/zukanlist/zkn_data/zukan_enc_pearl.narc!/member_02779,0,/application/zukanlist/zkn_data/zukan_enc_pearl.narc,92,2779,,56796,56800,17112,17116,4,df3f619804a92fdb4057192dc43dd748ea778adc52bc498ce80524c014b81119,00000000,,,,,False,,,,,,,,,,False,False
/application/zukanlist/zkn_data/zukan_enc_pearl.narc,/application/zukanlist/zkn_data/zukan_enc_pearl.narc!/member_02780,0,/application/zukanlist/zkn_data/zukan_enc_pearl.narc,92,2780,,56800,56804,17116,17120,4,df3f619804a92fdb4057192dc43dd748ea778adc52bc498ce80524c014b81119,00000000,,,,,False,,,,,,,,,,False,False
/application/zukanlist/zkn_data/zukan_enc_pearl.narc,/application/zukanlist/zkn_data/zukan_enc_pearl.narc!/member_02781,0,/application/zukanlist/zkn_data/zukan_enc_pearl.narc,92,2781,,56804,56808,17120,17124,4,df3f619804a92fdb4057192dc43dd748ea778adc52bc498ce80524c014b81119,00000000,,,,,False,,,,,,,,,,False,False
/application/zukanlist/zkn_data/zukan_enc_pearl.narc,/application/zukanlist/zkn_data/zukan_enc_pearl.narc!/member_02782,0,/application/zukanlist/zkn_data/zukan_enc_pearl.narc,92,2782,,56808,56812,17124,17128,4,df3f619804a92fdb4057192dc43dd748ea778adc52bc498ce80524c014b81119,00000000,,,,,False,,,,,,,,,,False,False
/application/zukanlist/zkn_data/zukan_enc_pearl.narc,/application/zukanlist/zkn_data/zukan_enc_pearl.narc!/member_02783,0,/application/zukanlist/zkn_data/zukan_enc_pearl.narc,92,2783,,56812,56816,17128,17132,4,df3f619804a92fdb4057192dc43dd748ea778adc52bc498ce80524c014b81119,00000000,,,,,False,,,,,,,,,,False,False
/application/zukanlist/zkn_data/zukan_enc_pearl.narc,/application/zukanlist/zkn_data/zukan_enc_pearl.narc!/member_02784,0,/application/zukanlist/zkn_data/zukan_enc_pearl.narc,92,2784,,56816,56820,17132,17136,4,df3f619804a92fdb4057192dc43dd748ea778adc52bc498ce80524c014b81119,00000000,,,,,False,,,,,,,,,,False,False
/application/zukanlist/zkn_data/zukan_enc_pearl.narc,/application/zukanlist/zkn_data/zukan_enc_pearl.narc!/member_02785,0,/application/zukanlist/zkn_data/zukan_enc_pearl.narc,92,2785,,56820,56824,17136,17140,4,df3f619804a92fdb4057192dc43dd748ea778adc52bc498ce80524c014b81119,00000000,,,,,False,,,,,,,,,,False,False
/application/zukanlist/zkn_data/zukan_enc_pearl.narc,/application/zukanlist/zkn_data/zukan_enc_pearl.narc!/member_02786,0,/application/zukanlist/zkn_data/zukan_enc_pearl.narc,92,2786,,56824,56856,17140,17172,32,b6cd5ee932cb04fe59fc371bc52ec1dcab385d4a4daf44830391745fda862098,0b000000150000001800000019000000,,,,,False,,,,,,,,,,False,False
/application/zukanlist/zkn_data/zukan_enc_pearl.narc,/application/zukanlist/zkn_data/zukan_enc_pearl.narc!/member_02787,0,/application/zukanlist/zkn_data/zukan_enc_pearl.narc,92,2787,,56856,56868,17172,17184,12,ff8fa39a6fbecc40d4d47023620dadc5ce354ccfe16d32f9885b7fe6880a69b1,0b0000002100000000000000,,,,,False,,,,,,,,,,False,False
/application/zukanlist/zkn_data/zukan_enc_pearl.narc,/application/zukanlist/zkn_data/zukan_enc_pearl.narc!/member_02788,0,/application/zukanlist/zkn_data/zukan_enc_pearl.narc,92,2788,,56868,56872,17184,17188,4,df3f619804a92fdb4057192dc43dd748ea778adc52bc498ce80524c014b81119,00000000,,,,,False,,,,,,,,,,False,False
/application/zukanlist/zkn_data/zukan_enc_pearl.narc,/application/zukanlist/zkn_data/zukan_enc_pearl.narc!/member_02789,0,/application/zukanlist/zkn_data/zukan_enc_pearl.narc,92,2789,,56872,56876,17188,17192,4,df3f619804a92fdb4057192dc43dd748ea778adc52bc498ce80524c014b81119,00000000,,,,,False,,,,,,,,,,False,False
/application/zukanlist/zkn_data/zukan_enc_pearl.narc,/application/zukanlist/zkn_data/zukan_enc_pearl.narc!/member_02790,0,/application/zukanlist/zkn_data/zukan_enc_pearl.narc,92,2790,,56876,56880,17192,17196,4,df3f619804a92fdb4057192dc43dd748ea778adc52bc498ce80524c014b81119,00000000,,,,,False,,,,,,,,,,False,False
/application/zukanlist/zkn_data/zukan_enc_pearl.narc,/application/zukanlist/zkn_data/zukan_enc_pearl.narc!/member_02791,0,/application/zukanlist/zkn_data/zukan_enc_pearl.narc,92,2791,,56880,56884,17196,17200,4,df3f619804a92fdb4057192dc43dd748ea778adc52bc498ce80524c014b81119,00000000,,,,,False,,,,,,,,,,False,False
/application/zukanlist/zkn_data/zukan_enc_pearl.narc,/application/zukanlist/zkn_data/zukan_enc_pearl.narc!/member_02792,0,/application/zukanlist/zkn_data/zukan_enc_pearl.narc,92,2792,,56884,56892,17200,17208,8,ed049108bc18f2c64369e8d0ea42850bdd1a7d1dd340cfde716315579702a76c,2a00000000000000,,,,,False,,,,,,,,,,False,False
/application/zukanlist/zkn_data/zukan_enc_pearl.narc,/application/zukanlist/zkn_data/zukan_enc_pearl.narc!/member_02793,0,/application/zukanlist/zkn_data/zukan_enc_pearl.narc,92,2793,,56892,56900,17208,17216,8,ed049108bc18f2c64369e8d0ea42850bdd1a7d1dd340cfde716315579702a76c,2a00000000000000,,,,,False,,,,,,,,,,False,False
/application/zukanlist/zkn_data/zukan_enc_pearl.narc,/application/zukanlist/zkn_data/zukan_enc_pearl.narc!/member_02794,0,/application/zukanlist/zkn_data/zukan_enc_pearl.narc,92,2794,,56900,56924,17216,17240,24,2f332db931e3c01a836a931e49b55d7dc971e1546bb87058040dc30055090de0,1b0000001c0000002400000026000000,,,,,False,,,,,,,,,,False,False
/application/zukanlist/zkn_data/zukan_enc_pearl.narc,/application/zukanlist/zkn_data/zukan_enc_pearl.narc!/member_02795,0,/application/zukanlist/zkn_data/zukan_enc_pearl.narc,92,2795,,56924,56928,17240,17244,4,df3f619804a92fdb4057192dc43dd748ea778adc52bc498ce80524c014b81119,00000000,,,,,False,,,,,,,,,,False,False
/application/zukanlist/zkn_data/zukan_enc_pearl.narc,/application/zukanlist/zkn_data/zukan_enc_pearl.narc!/member_02796,0,/application/zukanlist/zkn_data/zukan_enc_pearl.narc,92,2796,,56928,56932,17244,17248,4,df3f619804a92fdb4057192dc43dd748ea778adc52bc498ce80524c014b81119,00000000,,,,,False,,,,,,,,,,False,False
/application/zukanlist/zkn_data/zukan_enc_pearl.narc,/application/zukanlist/zkn_data/zukan_enc_pearl.narc!/member_02797,0,/application/zukanlist/zkn_data/zukan_enc_pearl.narc,92,2797,,56932,56936,17248,17252,4,df3f619804a92fdb4057192dc43dd748ea778adc52bc498ce80524c014b81119,00000000,,,,,False,,,,,,,,,,False,False
/application/zukanlist/zkn_data/zukan_enc_pearl.narc,/application/zukanlist/zkn_data/zukan_enc_pearl.narc!/member_02798,0,/application/zukanlist/zkn_data/zukan_enc_pearl.narc,92,2798,,56936,56948,17252,17264,12,c87507bb5df2a6725e4fea5c9002e6687f8122c71788e48c6e7f64bf56aeb1d2,1d0000002500000000000000,,,,,False,,,,,,,,,,False,False
/application/zukanlist/zkn_data/zukan_enc_pearl.narc,/application/zukanlist/zkn_data/zukan_enc_pearl.narc!/member_02799,0,/application/zukanlist/zkn_data/zukan_enc_pearl.narc,92,2799,,56948,56960,17264,17276,12,7e235b4cce195b0330d1d32cde3de7062144cfee910f0d16de759341168eff84,2f0000003100000000000000,,,,,False,,,,,,,,,,False,False
/application/zukanlist/zkn_data/zukan_enc_pearl.narc,/application/zukanlist/zkn_data/zukan_enc_pearl.narc!/member_02800,0,/application/zukanlist/zkn_data/zukan_enc_pearl.narc,92,2800,,56960,56972,17276,17288,12,7e235b4cce195b0330d1d32cde3de7062144cfee910f0d16de759341168eff84,2f0000003100000000000000,,,,,False,,,,,,,,,,False,False
/application/zukanlist/zkn_data/zukan_enc_pearl.narc,/application/zukanlist/zkn_data/zukan_enc_pearl.narc!/member_02801,0,/application/zukanlist/zkn_data/zukan_enc_pearl.narc,92,2801,,56972,56984,17288,17300,12,82845f601ec6f67c6123951adc94a3a015e24cb0ab292fb289695e981c4a6a7a,080000002800000000000000,,,,,False,,,,,,,,,,False,False
/application/zukanlist/zkn_data/zukan_enc_pearl.narc,/application/zukanlist/zkn_data/zukan_enc_pearl.narc!/member_02802,0,/application/zukanlist/zkn_data/zukan_enc_pearl.narc,92,2802,,56984,56996,17300,17312,12,82845f601ec6f67c6123951adc94a3a015e24cb0ab292fb289695e981c4a6a7a,080000002800000000000000,,,,,False,,,,,,,,,,False,False
/application/zukanlist/zkn_data/zukan_enc_pearl.narc,/application/zukanlist/zkn_data/zukan_enc_pearl.narc!/member_02803,0,/application/zukanlist/zkn_data/zukan_enc_pearl.narc,92,2803,,56996,57000,17312,17316,4,df3f619804a92fdb4057192dc43dd748ea778adc52bc498ce80524c014b81119,00000000,,,,,False,,,,,,,,,,False,False
/application/zukanlist/zkn_data/zukan_enc_pearl.narc,/application/zukanlist/zkn_data/zukan_enc_pearl.narc!/member_02804,0,/application/zukanlist/zkn_data/zukan_enc_pearl.narc,92,2804,,57000,57004,17316,17320,4,df3f619804a92fdb4057192dc43dd748ea778adc52bc498ce80524c014b81119,00000000,,,,,False,,,,,,,,,,False,False
/application/zukanlist/zkn_data/zukan_enc_pearl.narc,/application/zukanlist/zkn_data/zukan_enc_pearl.narc!/member_02805,0,/application/zukanlist/zkn_data/zukan_enc_pearl.narc,92,2805,,57004,57008,17320,17324,4,df3f619804a92fdb4057192dc43dd748ea778adc52bc498ce80524c014b81119,00000000,,,,,False,,,,,,,,,,False,False
/application/zukanlist/zkn_data/zukan_enc_pearl.narc,/application/zukanlist/zkn_data/zukan_enc_pearl.narc!/member_02806,0,/application/zukanlist/zkn_data/zukan_enc_pearl.narc,92,2806,,57008,57012,17324,17328,4,df3f619804a92fdb4057192dc43dd748ea778adc52bc498ce80524c014b81119,00000000,,,,,False,,,,,,,,,,False,False
/application/zukanlist/zkn_data/zukan_enc_pearl.narc,/application/zukanlist/zkn_data/zukan_enc_pearl.narc!/member_02807,0,/application/zukanlist/zkn_data/zukan_enc_pearl.narc,92,2807,,57012,57016,17328,17332,4,df3f619804a92fdb4057192dc43dd748ea778adc52bc498ce80524c014b81119,00000000,,,,,False,,,,,,,,,,False,False
/application/zukanlist/zkn_data/zukan_enc_pearl.narc,/application/zukanlist/zkn_data/zukan_enc_pearl.narc!/member_02808,0,/application/zukanlist/zkn_data/zukan_enc_pearl.narc,92,2808,,57016,57020,17332,17336,4,df3f619804a92fdb4057192dc43dd748ea778adc52bc498ce80524c014b81119,00000000,,,,,False,,,,,,,,,,False,False
/application/zukanlist/zkn_data/zukan_enc_pearl.narc,/application/zukanlist/zkn_data/zukan_enc_pearl.narc!/member_02809,0,/application/zukanlist/zkn_data/zukan_enc_pearl.narc,92,2809,,57020,57024,17336,17340,4,df3f619804a92fdb4057192dc43dd748ea778adc52bc498ce80524c014b81119,00000000,,,,,False,,,,,,,,,,False,False
/application/zukanlist/zkn_data/zukan_enc_pearl.narc,/application/zukanlist/zkn_data/zukan_enc_pearl.narc!/member_02810,0,/application/zukanlist/zkn_data/zukan_enc_pearl.narc,92,2810,,57024,57032,17340,17348,8,b8282e78d87c2a42f7c0f5b543c0d7760d3fe5a3860a25c20ec57ddaa4d80b81,2900000000000000,,,,,False,,,,,,,,,,False,False
/application/zukanlist/zkn_data/zukan_enc_pearl.narc,/application/zukanlist/zkn_data/zukan_enc_pearl.narc!/member_02811,0,/application/zukanlist/zkn_data/zukan_enc_pearl.narc,92,2811,,57032,57040,17348,17356,8,b8282e78d87c2a42f7c0f5b543c0d7760d3fe5a3860a25c20ec57ddaa4d80b81,2900000000000000,,,,,False,,,,,,,,,,False,False
/application/zukanlist/zkn_data/zukan_enc_pearl.narc,/application/zukanlist/zkn_data/zukan_enc_pearl.narc!/member_02812,0,/application/zukanlist/zkn_data/zukan_enc_pearl.narc,92,2812,,57040,57044,17356,17360,4,df3f619804a92fdb4057192dc43dd748ea778adc52bc498ce80524c014b81119,00000000,,,,,False,,,,,,,,,,False,False
/application/zukanlist/zkn_data/zukan_enc_pearl.narc,/application/zukanlist/zkn_data/zukan_enc_pearl.narc!/member_02813,0,/application/zukanlist/zkn_data/zukan_enc_pearl.narc,92,2813,,57044,57048,17360,17364,4,df3f619804a92fdb4057192dc43dd748ea778adc52bc498ce80524c014b81119,00000000,,,,,False,,,,,,,,,,False,False
/application/zukanlist/zkn_data/zukan_enc_pearl.narc,/application/zukanlist/zkn_data/zukan_enc_pearl.narc!/member_02814,0,/application/zukanlist/zkn_data/zukan_enc_pearl.narc,92,2814,,57048,57052,17364,17368,4,df3f619804a92fdb4057192dc43dd748ea778adc52bc498ce80524c014b81119,00000000,,,,,False,,,,,,,,,,False,False
/application/zukanlist/zkn_data/zukan_enc_pearl.narc,/application/zukanlist/zkn_data/zukan_enc_pearl.narc!/member_02815,0,/application/zukanlist/zkn_data/zukan_enc_pearl.narc,92,2815,,57052,57056,17368,17372,4,df3f619804a92fdb4057192dc43dd748ea778adc52bc498ce80524c014b81119,00000000,,,,,False,,,,,,,,,,False,False
/application/zukanlist/zkn_data/zukan_enc_pearl.narc,/application/zukanlist/zkn_data/zukan_enc_pearl.narc!/member_02816,0,/application/zukanlist/zkn_data/zukan_enc_pearl.narc,92,2816,,57056,57060,17372,17376,4,df3f619804a92fdb4057192dc43dd748ea778adc52bc498ce80524c014b81119,00000000,,,,,False,,,,,,,,,,False,False
/application/zukanlist/zkn_data/zukan_enc_pearl.narc,/application/zukanlist/zkn_data/zukan_enc_pearl.narc!/member_02817,0,/application/zukanlist/zkn_data/zukan_enc_pearl.narc,92,2817,,57060,57064,17376,17380,4,df3f619804a92fdb4057192dc43dd748ea778adc52bc498ce80524c014b81119,00000000,,,,,False,,,,,,,,,,False,False
/application/zukanlist/zkn_data/zukan_enc_pearl.narc,/application/zukanlist/zkn_data/zukan_enc_pearl.narc!/member_02818,0,/application/zukanlist/zkn_data/zukan_enc_pearl.narc,92,2818,,57064,57100,17380,17416,36,164607f1a00c34c5e0539afd6c3b8eee0d3b673465b06523e62e6ddf4d2bfc6f,02000000120000001500000018000000,,,,,False,,,,,,,,,,False,False
/application/zukanlist/zkn_data/zukan_enc_pearl.narc,/application/zukanlist/zkn_data/zukan_enc_pearl.narc!/member_02819,0,/application/zukanlist/zkn_data/zukan_enc_pearl.narc,92,2819,,57100,57136,17416,17452,36,164607f1a00c34c5e0539afd6c3b8eee0d3b673465b06523e62e6ddf4d2bfc6f,02000000120000001500000018000000,,,,,False,,,,,,,,,,False,False
/application/zukanlist/zkn_data/zukan_enc_pearl.narc,/application/zukanlist/zkn_data/zukan_enc_pearl.narc!/member_02820,0,/application/zukanlist/zkn_data/zukan_enc_pearl.narc,92,2820,,57136,57144,17452,17460,8,c5b2e76e0be88460999f2083c6197da41daa3732375dabd7f0237c8eec0e395a,2c00000000000000,,,,,False,,,,,,,,,,False,False
/application/zukanlist/zkn_data/zukan_enc_pearl.narc,/application/zukanlist/zkn_data/zukan_enc_pearl.narc!/member_02821,0,/application/zukanlist/zkn_data/zukan_enc_pearl.narc,92,2821,,57144,57152,17460,17468,8,c5b2e76e0be88460999f2083c6197da41daa3732375dabd7f0237c8eec0e395a,2c00000000000000,,,,,False,,,,,,,,,,False,False
/application/zukanlist/zkn_data/zukan_enc_pearl.narc,/application/zukanlist/zkn_data/zukan_enc_pearl.narc!/member_02822,0,/application/zukanlist/zkn_data/zukan_enc_pearl.narc,92,2822,,57152,57156,17468,17472,4,df3f619804a92fdb4057192dc43dd748ea778adc52bc498ce80524c014b81119,00000000,,,,,False,,,,,,,,,,False,False
/application/zukanlist/zkn_data/zukan_enc_pearl.narc,/application/zukanlist/zkn_data/zukan_enc_pearl.narc!/member_02823,0,/application/zukanlist/zkn_data/zukan_enc_pearl.narc,92,2823,,57156,57160,17472,17476,4,df3f619804a92fdb4057192dc43dd748ea778adc52bc498ce80524c014b81119,00000000,,,,,False,,,,,,,,,,False,False
/application/zukanlist/zkn_data/zukan_enc_pearl.narc,/application/zukanlist/zkn_data/zukan_enc_pearl.narc!/member_02824,0,/application/zukanlist/zkn_data/zukan_enc_pearl.narc,92,2824,,57160,57164,17476,17480,4,df3f619804a92fdb4057192dc43dd748ea778adc52bc498ce80524c014b81119,00000000,,,,,False,,,,,,,,,,False,False
/application/zukanlist/zkn_data/zukan_enc_pearl.narc,/application/zukanlist/zkn_data/zukan_enc_pearl.narc!/member_02825,0,/application/zukanlist/zkn_data/zukan_enc_pearl.narc,92,2825,,57164,57168,17480,17484,4,df3f619804a92fdb4057192dc43dd748ea778adc52bc498ce80524c014b81119,00000000,,,,,False,,,,,,,,,,False,False
/application/zukanlist/zkn_data/zukan_enc_pearl.narc,/application/zukanlist/zkn_data/zukan_enc_pearl.narc!/member_02826,0,/application/zukanlist/zkn_data/zukan_enc_pearl.narc,92,2826,,57168,57172,17484,17488,4,df3f619804a92fdb4057192dc43dd748ea778adc52bc498ce80524c014b81119,00000000,,,,,False,,,,,,,,,,False,False
/application/zukanlist/zkn_data/zukan_enc_pearl.narc,/application/zukanlist/zkn_data/zukan_enc_pearl.narc!/member_02827,0,/application/zukanlist/zkn_data/zukan_enc_pearl.narc,92,2827,,57172,57176,17488,17492,4,df3f619804a92fdb4057192dc43dd748ea778adc52bc498ce80524c014b81119,00000000,,,,,False,,,,,,,,,,False,False
/application/zukanlist/zkn_data/zukan_enc_pearl.narc,/application/zukanlist/zkn_data/zukan_enc_pearl.narc!/member_02828,0,/application/zukanlist/zkn_data/zukan_enc_pearl.narc,92,2828,,57176,57180,17492,17496,4,df3f619804a92fdb4057192dc43dd748ea778adc52bc498ce80524c014b81119,00000000,,,,,False,,,,,,,,,,False,False
/application/zukanlist/zkn_data/zukan_enc_pearl.narc,/application/zukanlist/zkn_data/zukan_enc_pearl.narc!/member_02829,0,/application/zukanlist/zkn_data/zukan_enc_pearl.narc,92,2829,,57180,57184,17496,17500,4,df3f619804a92fdb4057192dc43dd748ea778adc52bc498ce80524c014b81119,00000000,,,,,False,,,,,,,,,,False,False
/application/zukanlist/zkn_data/zukan_enc_pearl.narc,/application/zukanlist/zkn_data/zukan_enc_pearl.narc!/member_02830,0,/application/zukanlist/zkn_data/zukan_enc_pearl.narc,92,2830,,57184,57188,17500,17504,4,df3f619804a92fdb4057192dc43dd748ea778adc52bc498ce80524c014b81119,00000000,,,,,False,,,,,,,,,,False,False
/application/zukanlist/zkn_data/zukan_enc_pearl.narc,/application/zukanlist/zkn_data/zukan_enc_pearl.narc!/member_02831,0,/application/zukanlist/zkn_data/zukan_enc_pearl.narc,92,2831,,57188,57192,17504,17508,4,df3f619804a92fdb4057192dc43dd748ea778adc52bc498ce80524c014b81119,00000000,,,,,False,,,,,,,,,,False,False
/application/zukanlist/zkn_data/zukan_enc_pearl.narc,/application/zukanlist/zkn_data/zukan_enc_pearl.narc!/member_02832,0,/application/zukanlist/zkn_data/zukan_enc_pearl.narc,92,2832,,57192,57196,17508,17512,4,df3f619804a92fdb4057192dc43dd748ea778adc52bc498ce80524c014b81119,00000000,,,,,False,,,,,,,,,,False,False
/application/zukanlist/zkn_data/zukan_enc_pearl.narc,/application/zukanlist/zkn_data/zukan_enc_pearl.narc!/member_02833,0,/application/zukanlist/zkn_data/zukan_enc_pearl.narc,92,2833,,57196,57200,17512,17516,4,df3f619804a92fdb4057192dc43dd748ea778adc52bc498ce80524c014b81119,00000000,,,,,False,,,,,,,,,,False,False
/application/zukanlist/zkn_data/zukan_enc_pearl.narc,/application/zukanlist/zkn_data/zukan_enc_pearl.narc!/member_02834,0,/application/zukanlist/zkn_data/zukan_enc_pearl.narc,92,2834,,57200,57204,17516,17520,4,df3f619804a92fdb4057192dc43dd748ea778adc52bc498ce80524c014b81119,00000000,,,,,False,,,,,,,,,,False,False
/application/zukanlist/zkn_data/zukan_enc_pearl.narc,/application/zukanlist/zkn_data/zukan_enc_pearl.narc!/member_02835,0,/application/zukanlist/zkn_data/zukan_enc_pearl.narc,92,2835,,57204,57208,17520,17524,4,df3f619804a92fdb4057192dc43dd748ea778adc52bc498ce80524c014b81119,00000000,,,,,False,,,,,,,,,,False,False
/application/zukanlist/zkn_data/zukan_enc_pearl.narc,/application/zukanlist/zkn_data/zukan_enc_pearl.narc!/member_02836,0,/application/zukanlist/zkn_data/zukan_enc_pearl.narc,92,2836,,57208,57212,17524,17528,4,df3f619804a92fdb4057192dc43dd748ea778adc52bc498ce80524c014b81119,00000000,,,,,False,,,,,,,,,,False,False
/application/zukanlist/zkn_data/zukan_enc_pearl.narc,/application/zukanlist/zkn_data/zukan_enc_pearl.narc!/member_02837,0,/application/zukanlist/zkn_data/zukan_enc_pearl.narc,92,2837,,57212,57216,17528,17532,4,df3f619804a92fdb4057192dc43dd748ea778adc52bc498ce80524c014b81119,00000000,,,,,False,,,,,,,,,,False,False
/application/zukanlist/zkn_data/zukan_enc_pearl.narc,/application/zukanlist/zkn_data/zukan_enc_pearl.narc!/member_02838,0,/application/zukanlist/zkn_data/zukan_enc_pearl.narc,92,2838,,57216,57220,17532,17536,4,df3f619804a92fdb4057192dc43dd748ea778adc52bc498ce80524c014b81119,00000000,,,,,False,,,,,,,,,,False,False
/application/zukanlist/zkn_data/zukan_enc_pearl.narc,/application/zukanlist/zkn_data/zukan_enc_pearl.narc!/member_02839,0,/application/zukanlist/zkn_data/zukan_enc_pearl.narc,92,2839,,57220,57224,17536,17540,4,df3f619804a92fdb4057192dc43dd748ea778adc52bc498ce80524c014b81119,00000000,,,,,False,,,,,,,,,,False,False
/application/zukanlist/zkn_data/zukan_enc_pearl.narc,/application/zukanlist/zkn_data/zukan_enc_pearl.narc!/member_02840,0,/application/zukanlist/zkn_data/zukan_enc_pearl.narc,92,2840,,57224,57228,17540,17544,4,df3f619804a92fdb4057192dc43dd748ea778adc52bc498ce80524c014b81119,00000000,,,,,False,,,,,,,,,,False,False
/application/zukanlist/zkn_data/zukan_enc_pearl.narc,/application/zukanlist/zkn_data/zukan_enc_pearl.narc!/member_02841,0,/application/zukanlist/zkn_data/zukan_enc_pearl.narc,92,2841,,57228,57232,17544,17548,4,df3f619804a92fdb4057192dc43dd748ea778adc52bc498ce80524c014b81119,00000000,,,,,False,,,,,,,,,,False,False
/application/zukanlist/zkn_data/zukan_enc_pearl.narc,/application/zukanlist/zkn_data/zukan_enc_pearl.narc!/member_02842,0,/application/zukanlist/zkn_data/zukan_enc_pearl.narc,92,2842,,57232,57244,17548,17560,12,5f79b89985997b5b95a381b4287b597a8c969b30812e71bbe57fcbc2cf911ff2,300000003100000000000000,,Nintendo RLE,Probable,,True,Nintendo RLE,Probable,False,49,,,,,,False,False
/application/zukanlist/zkn_data/zukan_enc_pearl.narc,/application/zukanlist/zkn_data/zukan_enc_pearl.narc!/member_02843,0,/application/zukanlist/zkn_data/zukan_enc_pearl.narc,92,2843,,57244,57256,17560,17572,12,5f79b89985997b5b95a381b4287b597a8c969b30812e71bbe57fcbc2cf911ff2,300000003100000000000000,,Nintendo RLE,Probable,,True,Nintendo RLE,Probable,False,49,,,,,,False,False
/application/zukanlist/zkn_data/zukan_enc_pearl.narc,/application/zukanlist/zkn_data/zukan_enc_pearl.narc!/member_02844,0,/application/zukanlist/zkn_data/zukan_enc_pearl.narc,92,2844,,57256,57260,17572,17576,4,df3f619804a92fdb4057192dc43dd748ea778adc52bc498ce80524c014b81119,00000000,,,,,False,,,,,,,,,,False,False
/application/zukanlist/zkn_data/zukan_enc_pearl.narc,/application/zukanlist/zkn_data/zukan_enc_pearl.narc!/member_02845,0,/application/zukanlist/zkn_data/zukan_enc_pearl.narc,92,2845,,57260,57272,17576,17588,12,0e5123cdcab5b55d471f84666334ea2caafc364e6076654908840a916089baf5,230000002400000000000000,,,,,False,,,,,,,,,,False,False
/application/zukanlist/zkn_data/zukan_enc_pearl.narc,/application/zukanlist/zkn_data/zukan_enc_pearl.narc!/member_02846,0,/application/zukanlist/zkn_data/zukan_enc_pearl.narc,92,2846,,57272,57276,17588,17592,4,df3f619804a92fdb4057192dc43dd748ea778adc52bc498ce80524c014b81119,00000000,,,,,False,,,,,,,,,,False,False
/application/zukanlist/zkn_data/zukan_enc_pearl.narc,/application/zukanlist/zkn_data/zukan_enc_pearl.narc!/member_02847,0,/application/zukanlist/zkn_data/zukan_enc_pearl.narc,92,2847,,57276,57280,17592,17596,4,df3f619804a92fdb4057192dc43dd748ea778adc52bc498ce80524c014b81119,00000000,,,,,False,,,,,,,,,,False,False
/application/zukanlist/zkn_data/zukan_enc_pearl.narc,/application/zukanlist/zkn_data/zukan_enc_pearl.narc!/member_02848,0,/application/zukanlist/zkn_data/zukan_enc_pearl.narc,92,2848,,57280,57288,17596,17604,8,4779cee98e83f1a1592de4f293107545fabab96772e43de89f3437b35f08938f,3000000000000000,,Nintendo RLE,Probable,,True,Nintendo RLE,Probable,False,0,,,,,,False,False
/application/zukanlist/zkn_data/zukan_enc_pearl.narc,/application/zukanlist/zkn_data/zukan_enc_pearl.narc!/member_02849,0,/application/zukanlist/zkn_data/zukan_enc_pearl.narc,92,2849,,57288,57300,17604,17616,12,a6a9401f7034d0d7fef6168818b10aeaabc3d51087849008b8f157ee3aea3be2,050000002600000000000000,,,,,False,,,,,,,,,,False,False
/application/zukanlist/zkn_data/zukan_enc_pearl.narc,/application/zukanlist/zkn_data/zukan_enc_pearl.narc!/member_02850,0,/application/zukanlist/zkn_data/zukan_enc_pearl.narc,92,2850,,57300,57304,17616,17620,4,df3f619804a92fdb4057192dc43dd748ea778adc52bc498ce80524c014b81119,00000000,,,,,False,,,,,,,,,,False,False
/application/zukanlist/zkn_data/zukan_enc_pearl.narc,/application/zukanlist/zkn_data/zukan_enc_pearl.narc!/member_02851,0,/application/zukanlist/zkn_data/zukan_enc_pearl.narc,92,2851,,57304,57308,17620,17624,4,df3f619804a92fdb4057192dc43dd748ea778adc52bc498ce80524c014b81119,00000000,,,,,False,,,,,,,,,,False,False
/application/zukanlist/zkn_data/zukan_enc_pearl.narc,/application/zukanlist/zkn_data/zukan_enc_pearl.narc!/member_02852,0,/application/zukanlist/zkn_data/zukan_enc_pearl.narc,92,2852,,57308,57312,17624,17628,4,df3f619804a92fdb4057192dc43dd748ea778adc52bc498ce80524c014b81119,00000000,,,,,False,,,,,,,,,,False,False
/application/zukanlist/zkn_data/zukan_enc_pearl.narc,/application/zukanlist/zkn_data/zukan_enc_pearl.narc!/member_02853,0,/application/zukanlist/zkn_data/zukan_enc_pearl.narc,92,2853,,57312,57316,17628,17632,4,df3f619804a92fdb4057192dc43dd748ea778adc52bc498ce80524c014b81119,00000000,,,,,False,,,,,,,,,,False,False
/application/zukanlist/zkn_data/zukan_enc_pearl.narc,/application/zukanlist/zkn_data/zukan_enc_pearl.narc!/member_02854,0,/application/zukanlist/zkn_data/zukan_enc_pearl.narc,92,2854,,57316,57320,17632,17636,4,df3f619804a92fdb4057192dc43dd748ea778adc52bc498ce80524c014b81119,00000000,,,,,False,,,,,,,,,,False,False
/application/zukanlist/zkn_data/zukan_enc_pearl.narc,/application/zukanlist/zkn_data/zukan_enc_pearl.narc!/member_02855,0,/application/zukanlist/zkn_data/zukan_enc_pearl.narc,92,2855,,57320,57324,17636,17640,4,df3f619804a92fdb4057192dc43dd748ea778adc52bc498ce80524c014b81119,00000000,,,,,False,,,,,,,,,,False,False
/application/zukanlist/zkn_data/zukan_enc_pearl.narc,/application/zukanlist/zkn_data/zukan_enc_pearl.narc!/member_02856,0,/application/zukanlist/zkn_data/zukan_enc_pearl.narc,92,2856,,57324,57328,17640,17644,4,df3f619804a92fdb4057192dc43dd748ea778adc52bc498ce80524c014b81119,00000000,,,,,False,,,,,,,,,,False,False
/application/zukanlist/zkn_data/zukan_enc_pearl.narc,/application/zukanlist/zkn_data/zukan_enc_pearl.narc!/member_02857,0,/application/zukanlist/zkn_data/zukan_enc_pearl.narc,92,2857,,57328,57332,17644,17648,4,df3f619804a92fdb4057192dc43dd748ea778adc52bc498ce80524c014b81119,00000000,,,,,False,,,,,,,,,,False,False
/application/zukanlist/zkn_data/zukan_enc_pearl.narc,/application/zukanlist/zkn_data/zukan_enc_pearl.narc!/member_02858,0,/application/zukanlist/zkn_data/zukan_enc_pearl.narc,92,2858,,57332,57336,17648,17652,4,df3f619804a92fdb4057192dc43dd748ea778adc52bc498ce80524c014b81119,00000000,,,,,False,,,,,,,,,,False,False
/application/zukanlist/zkn_data/zukan_enc_pearl.narc,/application/zukanlist/zkn_data/zukan_enc_pearl.narc!/member_02859,0,/application/zukanlist/zkn_data/zukan_enc_pearl.narc,92,2859,,57336,57340,17652,17656,4,df3f619804a92fdb4057192dc43dd748ea778adc52bc498ce80524c014b81119,00000000,,,,,False,,,,,,,,,,False,False
/application/zukanlist/zkn_data/zukan_enc_pearl.narc,/application/zukanlist/zkn_data/zukan_enc_pearl.narc!/member_02860,0,/application/zukanlist/zkn_data/zukan_enc_pearl.narc,92,2860,,57340,57344,17656,17660,4,df3f619804a92fdb4057192dc43dd748ea778adc52bc498ce80524c014b81119,00000000,,,,,False,,,,,,,,,,False,False
/application/zukanlist/zkn_data/zukan_enc_pearl.narc,/application/zukanlist/zkn_data/zukan_enc_pearl.narc!/member_02861,0,/application/zukanlist/zkn_data/zukan_enc_pearl.narc,92,2861,,57344,57348,17660,17664,4,df3f619804a92fdb4057192dc43dd748ea778adc52bc498ce80524c014b81119,00000000,,,,,False,,,,,,,,,,False,False
/application/zukanlist/zkn_data/zukan_enc_pearl.narc,/application/zukanlist/zkn_data/zukan_enc_pearl.narc!/member_02862,0,/application/zukanlist/zkn_data/zukan_enc_pearl.narc,92,2862,,57348,57352,17664,17668,4,df3f619804a92fdb4057192dc43dd748ea778adc52bc498ce80524c014b81119,00000000,,,,,False,,,,,,,,,,False,False
/application/zukanlist/zkn_data/zukan_enc_pearl.narc,/application/zukanlist/zkn_data/zukan_enc_pearl.narc!/member_02863,0,/application/zukanlist/zkn_data/zukan_enc_pearl.narc,92,2863,,57352,57356,17668,17672,4,df3f619804a92fdb4057192dc43dd748ea778adc52bc498ce80524c014b81119,00000000,,,,,False,,,,,,,,,,False,False
/application/zukanlist/zkn_data/zukan_enc_pearl.narc,/application/zukanlist/zkn_data/zukan_enc_pearl.narc!/member_02864,0,/application/zukanlist/zkn_data/zukan_enc_pearl.narc,92,2864,,57356,57360,17672,17676,4,df3f619804a92fdb4057192dc43dd748ea778adc52bc498ce80524c014b81119,00000000,,,,,False,,,,,,,,,,False,False
/application/zukanlist/zkn_data/zukan_enc_pearl.narc,/application/zukanlist/zkn_data/zukan_enc_pearl.narc!/member_02865,0,/application/zukanlist/zkn_data/zukan_enc_pearl.narc,92,2865,,57360,57364,17676,17680,4,df3f619804a92fdb4057192dc43dd748ea778adc52bc498ce80524c014b81119,00000000,,,,,False,,,,,,,,,,False,False
/application/zukanlist/zkn_data/zukan_enc_pearl.narc,/application/zukanlist/zkn_data/zukan_enc_pearl.narc!/member_02866,0,/application/zukanlist/zkn_data/zukan_enc_pearl.narc,92,2866,,57364,57368,17680,17684,4,df3f619804a92fdb4057192dc43dd748ea778adc52bc498ce80524c014b81119,00000000,,,,,False,,,,,,,,,,False,False
/application/zukanlist/zkn_data/zukan_enc_pearl.narc,/application/zukanlist/zkn_data/zukan_enc_pearl.narc!/member_02867,0,/application/zukanlist/zkn_data/zukan_enc_pearl.narc,92,2867,,57368,57372,17684,17688,4,df3f619804a92fdb4057192dc43dd748ea778adc52bc498ce80524c014b81119,00000000,,,,,False,,,,,,,,,,False,False
/application/zukanlist/zkn_data/zukan_enc_pearl.narc,/application/zukanlist/zkn_data/zukan_enc_pearl.narc!/member_02868,0,/application/zukanlist/zkn_data/zukan_enc_pearl.narc,92,2868,,57372,57376,17688,17692,4,df3f619804a92fdb4057192dc43dd748ea778adc52bc498ce80524c014b81119,00000000,,,,,False,,,,,,,,,,False,False
/application/zukanlist/zkn_data/zukan_enc_pearl.narc,/application/zukanlist/zkn_data/zukan_enc_pearl.narc!/member_02869,0,/application/zukanlist/zkn_data/zukan_enc_pearl.narc,92,2869,,57376,57380,17692,17696,4,df3f619804a92fdb4057192dc43dd748ea778adc52bc498ce80524c014b81119,00000000,,,,,False,,,,,,,,,,False,False
/application/zukanlist/zkn_data/zukan_enc_pearl.narc,/application/zukanlist/zkn_data/zukan_enc_pearl.narc!/member_02870,0,/application/zukanlist/zkn_data/zukan_enc_pearl.narc,92,2870,,57380,57384,17696,17700,4,df3f619804a92fdb4057192dc43dd748ea778adc52bc498ce80524c014b81119,00000000,,,,,False,,,,,,,,,,False,False
/application/zukanlist/zkn_data/zukan_enc_pearl.narc,/application/zukanlist/zkn_data/zukan_enc_pearl.narc!/member_02871,0,/application/zukanlist/zkn_data/zukan_enc_pearl.narc,92,2871,,57384,57388,17700,17704,4,df3f619804a92fdb4057192dc43dd748ea778adc52bc498ce80524c014b81119,00000000,,,,,False,,,,,,,,,,False,False
/application/zukanlist/zkn_data/zukan_enc_pearl.narc,/application/zukanlist/zkn_data/zukan_enc_pearl.narc!/member_02872,0,/application/zukanlist/zkn_data/zukan_enc_pearl.narc,92,2872,,57388,57392,17704,17708,4,df3f619804a92fdb4057192dc43dd748ea778adc52bc498ce80524c014b81119,00000000,,,,,False,,,,,,,,,,False,False
/application/zukanlist/zkn_data/zukan_enc_pearl.narc,/application/zukanlist/zkn_data/zukan_enc_pearl.narc!/member_02873,0,/application/zukanlist/zkn_data/zukan_enc_pearl.narc,92,2873,,57392,57396,17708,17712,4,df3f619804a92fdb4057192dc43dd748ea778adc52bc498ce80524c014b81119,00000000,,,,,False,,,,,,,,,,False,False
/application/zukanlist/zkn_data/zukan_enc_pearl.narc,/application/zukanlist/zkn_data/zukan_enc_pearl.narc!/member_02874,0,/application/zukanlist/zkn_data/zukan_enc_pearl.narc,92,2874,,57396,57400,17712,17716,4,df3f619804a92fdb4057192dc43dd748ea778adc52bc498ce80524c014b81119,00000000,,,,,False,,,,,,,,,,False,False
/application/zukanlist/zkn_data/zukan_enc_pearl.narc,/application/zukanlist/zkn_data/zukan_enc_pearl.narc!/member_02875,0,/application/zukanlist/zkn_data/zukan_enc_pearl.narc,92,2875,,57400,57432,17716,17748,32,58e35f8c94f597d29dd53bef00a39388f10fb496032325777eaf4dfdc8831d67,0c0000000d0000000e0000000f000000,,,,,False,,,,,,,,,,False,False
/application/zukanlist/zkn_data/zukan_enc_pearl.narc,/application/zukanlist/zkn_data/zukan_enc_pearl.narc!/member_02876,0,/application/zukanlist/zkn_data/zukan_enc_pearl.narc,92,2876,,57432,57448,17748,17764,16,67c8870d57681806804e19c0f574413890c017fd0c27f177799f147af4fbaa34,0a000000160000001b00000000000000,,,,,False,,,,,,,,,,False,False
/application/zukanlist/zkn_data/zukan_enc_pearl.narc,/application/zukanlist/zkn_data/zukan_enc_pearl.narc!/member_02877,0,/application/zukanlist/zkn_data/zukan_enc_pearl.narc,92,2877,,57448,57452,17764,17768,4,df3f619804a92fdb4057192dc43dd748ea778adc52bc498ce80524c014b81119,00000000,,,,,False,,,,,,,,,,False,False
/application/zukanlist/zkn_data/zukan_enc_pearl.narc,/application/zukanlist/zkn_data/zukan_enc_pearl.narc!/member_02878,0,/application/zukanlist/zkn_data/zukan_enc_pearl.narc,92,2878,,57452,57496,17768,17812,44,58e1dd30dcd45e16a23117b800a6c664f481e0e8f2525affdfc8fa90d1e664c4,060000000c0000000d0000000e000000,,,,,False,,,,,,,,,,False,False
/application/zukanlist/zkn_data/zukan_enc_pearl.narc,/application/zukanlist/zkn_data/zukan_enc_pearl.narc!/member_02879,0,/application/zukanlist/zkn_data/zukan_enc_pearl.narc,92,2879,,57496,57520,17812,17836,24,a541accc6c7fb61ccf5aa160b4a1deecb0addd840ca4246c685336eace93b614,0a000000150000001600000018000000,,,,,False,,,,,,,,,,False,False
/application/zukanlist/zkn_data/zukan_enc_pearl.narc,/application/zukanlist/zkn_data/zukan_enc_pearl.narc!/member_02880,0,/application/zukanlist/zkn_data/zukan_enc_pearl.narc,92,2880,,57520,57548,17836,17864,28,304c20b13e0ccfc42277e352b2acb167a22b5962ef585b8f239826ed9badc303,0d0000000e0000000f00000010000000,,,,,False,,,,,,,,,,False,False
/application/zukanlist/zkn_data/zukan_enc_pearl.narc,/application/zukanlist/zkn_data/zukan_enc_pearl.narc!/member_02881,0,/application/zukanlist/zkn_data/zukan_enc_pearl.narc,92,2881,,57548,57580,17864,17896,32,768ba94465a54897af04b9a4eba8e19a79c1c5c7ec3c39f3e0db478c5a64bbab,0a00000013000000170000001b000000,,,,,False,,,,,,,,,,False,False
/application/zukanlist/zkn_data/zukan_enc_pearl.narc,/application/zukanlist/zkn_data/zukan_enc_pearl.narc!/member_02882,0,/application/zukanlist/zkn_data/zukan_enc_pearl.narc,92,2882,,57580,57604,17896,17920,24,71077adb4ffed066ba29ac8b208fa256bda463c2ab279aadb1e09ca66b26d255,070000000d0000000e0000000f000000,,,,,False,,,,,,,,,,False,False
/application/zukanlist/zkn_data/zukan_enc_pearl.narc,/application/zukanlist/zkn_data/zukan_enc_pearl.narc!/member_02883,0,/application/zukanlist/zkn_data/zukan_enc_pearl.narc,92,2883,,57604,57612,17920,17928,8,aae89fc0f03e2959ae4d701a80cc3915918c950b159f6abb6c92c1433b1a8534,0700000000000000,,,,,False,,,,,,,,,,False,False
/application/zukanlist/zkn_data/zukan_enc_pearl.narc,/application/zukanlist/zkn_data/zukan_enc_pearl.narc!/member_02884,0,/application/zukanlist/zkn_data/zukan_enc_pearl.narc,92,2884,,57612,57616,17928,17932,4,df3f619804a92fdb4057192dc43dd748ea778adc52bc498ce80524c014b81119,00000000,,,,,False,,,,,,,,,,False,False
/application/zukanlist/zkn_data/zukan_enc_pearl.narc,/application/zukanlist/zkn_data/zukan_enc_pearl.narc!/member_02885,0,/application/zukanlist/zkn_data/zukan_enc_pearl.narc,92,2885,,57616,57632,17932,17948,16,16e2ac4eebf44be2ced83a1a41679c6a3261f198ae653e0829b7288ed426bbcc,0f000000100000001b00000000000000,,,,,False,,,,,,,,,,False,False
/application/zukanlist/zkn_data/zukan_enc_pearl.narc,/application/zukanlist/zkn_data/zukan_enc_pearl.narc!/member_02886,0,/application/zukanlist/zkn_data/zukan_enc_pearl.narc,92,2886,,57632,57636,17948,17952,4,df3f619804a92fdb4057192dc43dd748ea778adc52bc498ce80524c014b81119,00000000,,,,,False,,,,,,,,,,False,False
/application/zukanlist/zkn_data/zukan_enc_pearl.narc,/application/zukanlist/zkn_data/zukan_enc_pearl.narc!/member_02887,0,/application/zukanlist/zkn_data/zukan_enc_pearl.narc,92,2887,,57636,57640,17952,17956,4,df3f619804a92fdb4057192dc43dd748ea778adc52bc498ce80524c014b81119,00000000,,,,,False,,,,,,,,,,False,False
/application/zukanlist/zkn_data/zukan_enc_pearl.narc,/application/zukanlist/zkn_data/zukan_enc_pearl.narc!/member_02888,0,/application/zukanlist/zkn_data/zukan_enc_pearl.narc,92,2888,,57640,57644,17956,17960,4,df3f619804a92fdb4057192dc43dd748ea778adc52bc498ce80524c014b81119,00000000,,,,,False,,,,,,,,,,False,False
/application/zukanlist/zkn_data/zukan_enc_pearl.narc,/application/zukanlist/zkn_data/zukan_enc_pearl.narc!/member_02889,0,/application/zukanlist/zkn_data/zukan_enc_pearl.narc,92,2889,,57644,57648,17960,17964,4,df3f619804a92fdb4057192dc43dd748ea778adc52bc498ce80524c014b81119,00000000,,,,,False,,,,,,,,,,False,False
/application/zukanlist/zkn_data/zukan_enc_pearl.narc,/application/zukanlist/zkn_data/zukan_enc_pearl.narc!/member_02890,0,/application/zukanlist/zkn_data/zukan_enc_pearl.narc,92,2890,,57648,57652,17964,17968,4,df3f619804a92fdb4057192dc43dd748ea778adc52bc498ce80524c014b81119,00000000,,,,,False,,,,,,,,,,False,False
/application/zukanlist/zkn_data/zukan_enc_pearl.narc,/application/zukanlist/zkn_data/zukan_enc_pearl.narc!/member_02891,0,/application/zukanlist/zkn_data/zukan_enc_pearl.narc,92,2891,,57652,57656,17968,17972,4,df3f619804a92fdb4057192dc43dd748ea778adc52bc498ce80524c014b81119,00000000,,,,,False,,,,,,,,,,False,False
/application/zukanlist/zkn_data/zukan_enc_pearl.narc,/application/zukanlist/zkn_data/zukan_enc_pearl.narc!/member_02892,0,/application/zukanlist/zkn_data/zukan_enc_pearl.narc,92,2892,,57656,57660,17972,17976,4,df3f619804a92fdb4057192dc43dd748ea778adc52bc498ce80524c014b81119,00000000,,,,,False,,,,,,,,,,False,False
/application/zukanlist/zkn_data/zukan_enc_pearl.narc,/application/zukanlist/zkn_data/zukan_enc_pearl.narc!/member_02893,0,/application/zukanlist/zkn_data/zukan_enc_pearl.narc,92,2893,,57660,57664,17976,17980,4,df3f619804a92fdb4057192dc43dd748ea778adc52bc498ce80524c014b81119,00000000,,,,,False,,,,,,,,,,False,False
/application/zukanlist/zkn_data/zukan_enc_pearl.narc,/application/zukanlist/zkn_data/zukan_enc_pearl.narc!/member_02894,0,/application/zukanlist/zkn_data/zukan_enc_pearl.narc,92,2894,,57664,57668,17980,17984,4,df3f619804a92fdb4057192dc43dd748ea778adc52bc498ce80524c014b81119,00000000,,,,,False,,,,,,,,,,False,False
/application/zukanlist/zkn_data/zukan_enc_pearl.narc,/application/zukanlist/zkn_data/zukan_enc_pearl.narc!/member_02895,0,/application/zukanlist/zkn_data/zukan_enc_pearl.narc,92,2895,,57668,57672,17984,17988,4,df3f619804a92fdb4057192dc43dd748ea778adc52bc498ce80524c014b81119,00000000,,,,,False,,,,,,,,,,False,False
/application/zukanlist/zkn_data/zukan_enc_pearl.narc,/application/zukanlist/zkn_data/zukan_enc_pearl.narc!/member_02896,0,/application/zukanlist/zkn_data/zukan_enc_pearl.narc,92,2896,,57672,57692,17988,18008,20,a53d6fa44ecc448f940b203892c6b7370297bced96c55f77650ab0b0d47bf7b8,06000000070000001100000012000000,,,,,False,,,,,,,,,,False,False
/application/zukanlist/zkn_data/zukan_enc_pearl.narc,/application/zukanlist/zkn_data/zukan_enc_pearl.narc!/member_02897,0,/application/zukanlist/zkn_data/zukan_enc_pearl.narc,92,2897,,57692,57716,18008,18032,24,5e14b8fc36acef66f64f0a0cac3d3206b13d078815858aeeab6e1947ad8c905e,0600000011000000120000001d000000,,,,,False,,,,,,,,,,False,False
/application/zukanlist/zkn_data/zukan_enc_pearl.narc,/application/zukanlist/zkn_data/zukan_enc_pearl.narc!/member_02898,0,/application/zukanlist/zkn_data/zukan_enc_pearl.narc,92,2898,,57716,57748,18032,18064,32,74dc6b08d26dc12f71ec44d34d2accebcf20e8406f12d7a87184fad8eca4dea6,070000001d0000002200000024000000,,,,,False,,,,,,,,,,False,False
/application/zukanlist/zkn_data/zukan_enc_pearl.narc,/application/zukanlist/zkn_data/zukan_enc_pearl.narc!/member_02899,0,/application/zukanlist/zkn_data/zukan_enc_pearl.narc,92,2899,,57748,57752,18064,18068,4,df3f619804a92fdb4057192dc43dd748ea778adc52bc498ce80524c014b81119,00000000,,,,,False,,,,,,,,,,False,False
/application/zukanlist/zkn_data/zukan_enc_pearl.narc,/application/zukanlist/zkn_data/zukan_enc_pearl.narc!/member_02900,0,/application/zukanlist/zkn_data/zukan_enc_pearl.narc,92,2900,,57752,57756,18068,18072,4,df3f619804a92fdb4057192dc43dd748ea778adc52bc498ce80524c014b81119,00000000,,,,,False,,,,,,,,,,False,False
/application/zukanlist/zkn_data/zukan_enc_pearl.narc,/application/zukanlist/zkn_data/zukan_enc_pearl.narc!/member_02901,0,/application/zukanlist/zkn_data/zukan_enc_pearl.narc,92,2901,,57756,57792,18072,18108,36,fb5acd99524f5dbe261e5e197bf8fd0fe6d5079dd79df24277bd4c7ad3e13b0d,06000000070000001100000012000000,,,,,False,,,,,,,,,,False,False
/application/zukanlist/zkn_data/zukan_enc_pearl.narc,/application/zukanlist/zkn_data/zukan_enc_pearl.narc!/member_02902,0,/application/zukanlist/zkn_data/zukan_enc_pearl.narc,92,2902,,57792,57820,18108,18136,28,bcd0feea2d7014c0defc95c06466e23d070338aa6fda60750efb5eb9890b628f,07000000220000002400000025000000,,,,,False,,,,,,,,,,False,False
/application/zukanlist/zkn_data/zukan_enc_pearl.narc,/application/zukanlist/zkn_data/zukan_enc_pearl.narc!/member_02903,0,/application/zukanlist/zkn_data/zukan_enc_pearl.narc,92,2903,,57820,57824,18136,18140,4,df3f619804a92fdb4057192dc43dd748ea778adc52bc498ce80524c014b81119,00000000,,,,,False,,,,,,,,,,False,False
/application/zukanlist/zkn_data/zukan_enc_pearl.narc,/application/zukanlist/zkn_data/zukan_enc_pearl.narc!/member_02904,0,/application/zukanlist/zkn_data/zukan_enc_pearl.narc,92,2904,,57824,57828,18140,18144,4,df3f619804a92fdb4057192dc43dd748ea778adc52bc498ce80524c014b81119,00000000,,,,,False,,,,,,,,,,False,False
/application/zukanlist/zkn_data/zukan_enc_pearl.narc,/application/zukanlist/zkn_data/zukan_enc_pearl.narc!/member_02905,0,/application/zukanlist/zkn_data/zukan_enc_pearl.narc,92,2905,,57828,57832,18144,18148,4,df3f619804a92fdb4057192dc43dd748ea778adc52bc498ce80524c014b81119,00000000,,,,,False,,,,,,,,,,False,False
/application/zukanlist/zkn_data/zukan_enc_pearl.narc,/application/zukanlist/zkn_data/zukan_enc_pearl.narc!/member_02906,0,/application/zukanlist/zkn_data/zukan_enc_pearl.narc,92,2906,,57832,57836,18148,18152,4,df3f619804a92fdb4057192dc43dd748ea778adc52bc498ce80524c014b81119,00000000,,,,,False,,,,,,,,,,False,False
/application/zukanlist/zkn_data/zukan_enc_pearl.narc,/application/zukanlist/zkn_data/zukan_enc_pearl.narc!/member_02907,0,/application/zukanlist/zkn_data/zukan_enc_pearl.narc,92,2907,,57836,57840,18152,18156,4,df3f619804a92fdb4057192dc43dd748ea778adc52bc498ce80524c014b81119,00000000,,,,,False,,,,,,,,,,False,False
/application/zukanlist/zkn_data/zukan_enc_pearl.narc,/application/zukanlist/zkn_data/zukan_enc_pearl.narc!/member_02908,0,/application/zukanlist/zkn_data/zukan_enc_pearl.narc,92,2908,,57840,57844,18156,18160,4,df3f619804a92fdb4057192dc43dd748ea778adc52bc498ce80524c014b81119,00000000,,,,,False,,,,,,,,,,False,False
/application/zukanlist/zkn_data/zukan_enc_pearl.narc,/application/zukanlist/zkn_data/zukan_enc_pearl.narc!/member_02909,0,/application/zukanlist/zkn_data/zukan_enc_pearl.narc,92,2909,,57844,57848,18160,18164,4,df3f619804a92fdb4057192dc43dd748ea778adc52bc498ce80524c014b81119,00000000,,,,,False,,,,,,,,,,False,False
/application/zukanlist/zkn_data/zukan_enc_pearl.narc,/application/zukanlist/zkn_data/zukan_enc_pearl.narc!/member_02910,0,/application/zukanlist/zkn_data/zukan_enc_pearl.narc,92,2910,,57848,57860,18164,18176,12,e62cad2a143d0040514d566eefc5b202ac4bf902ec8ce6223bf2f2be30309b4a,220000002500000000000000,,,,,False,,,,,,,,,,False,False
/application/zukanlist/zkn_data/zukan_enc_pearl.narc,/application/zukanlist/zkn_data/zukan_enc_pearl.narc!/member_02911,0,/application/zukanlist/zkn_data/zukan_enc_pearl.narc,92,2911,,57860,57872,18176,18188,12,f83cafef8a68b76f3a811dde2980d2263e3ca97302167c91a0a1b6e7adefc936,250000002a00000000000000,,,,,False,,,,,,,,,,False,False
/application/zukanlist/zkn_data/zukan_enc_pearl.narc,/application/zukanlist/zkn_data/zukan_enc_pearl.narc!/member_02912,0,/application/zukanlist/zkn_data/zukan_enc_pearl.narc,92,2912,,57872,57884,18188,18200,12,ac3e17cb10b4670f60ed7a4f69280ccd605c82307a548ac46547d4918619781d,190000001a00000000000000,,,,,False,,,,,,,,,,False,False
/application/zukanlist/zkn_data/zukan_enc_pearl.narc,/application/zukanlist/zkn_data/zukan_enc_pearl.narc!/member_02913,0,/application/zukanlist/zkn_data/zukan_enc_pearl.narc,92,2913,,57884,57888,18200,18204,4,df3f619804a92fdb4057192dc43dd748ea778adc52bc498ce80524c014b81119,00000000,,,,,False,,,,,,,,,,False,False
/application/zukanlist/zkn_data/zukan_enc_pearl.narc,/application/zukanlist/zkn_data/zukan_enc_pearl.narc!/member_02914,0,/application/zukanlist/zkn_data/zukan_enc_pearl.narc,92,2914,,57888,57892,18204,18208,4,df3f619804a92fdb4057192dc43dd748ea778adc52bc498ce80524c014b81119,00000000,,,,,False,,,,,,,,,,False,False
/application/zukanlist/zkn_data/zukan_enc_pearl.narc,/application/zukanlist/zkn_data/zukan_enc_pearl.narc!/member_02915,0,/application/zukanlist/zkn_data/zukan_enc_pearl.narc,92,2915,,57892,57900,18208,18216,8,1023cd53096fa66c8a605b9cd21f77cb3f8cd12f855482b27c01e85c95b9515f,1300000000000000,,,,,False,,,,,,,,,,False,False
/application/zukanlist/zkn_data/zukan_enc_pearl.narc,/application/zukanlist/zkn_data/zukan_enc_pearl.narc!/member_02916,0,/application/zukanlist/zkn_data/zukan_enc_pearl.narc,92,2916,,57900,57904,18216,18220,4,df3f619804a92fdb4057192dc43dd748ea778adc52bc498ce80524c014b81119,00000000,,,,,False,,,,,,,,,,False,False
/application/zukanlist/zkn_data/zukan_enc_pearl.narc,/application/zukanlist/zkn_data/zukan_enc_pearl.narc!/member_02917,0,/application/zukanlist/zkn_data/zukan_enc_pearl.narc,92,2917,,57904,57916,18220,18232,12,8274d6cd5c457eb9d21d15ef7fc534c460554c75de83491091c05d37d1934bf7,160000001700000000000000,,,,,False,,,,,,,,,,False,False
/application/zukanlist/zkn_data/zukan_enc_pearl.narc,/application/zukanlist/zkn_data/zukan_enc_pearl.narc!/member_02918,0,/application/zukanlist/zkn_data/zukan_enc_pearl.narc,92,2918,,57916,57920,18232,18236,4,df3f619804a92fdb4057192dc43dd748ea778adc52bc498ce80524c014b81119,00000000,,,,,False,,,,,,,,,,False,False
/application/zukanlist/zkn_data/zukan_enc_pearl.narc,/application/zukanlist/zkn_data/zukan_enc_pearl.narc!/member_02919,0,/application/zukanlist/zkn_data/zukan_enc_pearl.narc,92,2919,,57920,57924,18236,18240,4,df3f619804a92fdb4057192dc43dd748ea778adc52bc498ce80524c014b81119,00000000,,,,,False,,,,,,,,,,False,False
/application/zukanlist/zkn_data/zukan_enc_pearl.narc,/application/zukanlist/zkn_data/zukan_enc_pearl.narc!/member_02920,0,/application/zukanlist/zkn_data/zukan_enc_pearl.narc,92,2920,,57924,57936,18240,18252,12,0eef768c548f0e9df17645f4d6c4db3bdbb0f4e1749800173f76735d7b6e2765,250000002600000000000000,,,,,False,,,,,,,,,,False,False
/application/zukanlist/zkn_data/zukan_enc_pearl.narc,/application/zukanlist/zkn_data/zukan_enc_pearl.narc!/member_02921,0,/application/zukanlist/zkn_data/zukan_enc_pearl.narc,92,2921,,57936,57940,18252,18256,4,df3f619804a92fdb4057192dc43dd748ea778adc52bc498ce80524c014b81119,00000000,,,,,False,,,,,,,,,,False,False
/application/zukanlist/zkn_data/zukan_enc_pearl.narc,/application/zukanlist/zkn_data/zukan_enc_pearl.narc!/member_02922,0,/application/zukanlist/zkn_data/zukan_enc_pearl.narc,92,2922,,57940,57944,18256,18260,4,df3f619804a92fdb4057192dc43dd748ea778adc52bc498ce80524c014b81119,00000000,,,,,False,,,,,,,,,,False,False
/application/zukanlist/zkn_data/zukan_enc_pearl.narc,/application/zukanlist/zkn_data/zukan_enc_pearl.narc!/member_02923,0,/application/zukanlist/zkn_data/zukan_enc_pearl.narc,92,2923,,57944,57948,18260,18264,4,df3f619804a92fdb4057192dc43dd748ea778adc52bc498ce80524c014b81119,00000000,,,,,False,,,,,,,,,,False,False
/application/zukanlist/zkn_data/zukan_enc_pearl.narc,/application/zukanlist/zkn_data/zukan_enc_pearl.narc!/member_02924,0,/application/zukanlist/zkn_data/zukan_enc_pearl.narc,92,2924,,57948,57952,18264,18268,4,df3f619804a92fdb4057192dc43dd748ea778adc52bc498ce80524c014b81119,00000000,,,,,False,,,,,,,,,,False,False
/application/zukanlist/zkn_data/zukan_enc_pearl.narc,/application/zukanlist/zkn_data/zukan_enc_pearl.narc!/member_02925,0,/application/zukanlist/zkn_data/zukan_enc_pearl.narc,92,2925,,57952,57956,18268,18272,4,df3f619804a92fdb4057192dc43dd748ea778adc52bc498ce80524c014b81119,00000000,,,,,False,,,,,,,,,,False,False
/application/zukanlist/zkn_data/zukan_enc_pearl.narc,/application/zukanlist/zkn_data/zukan_enc_pearl.narc!/member_02926,0,/application/zukanlist/zkn_data/zukan_enc_pearl.narc,92,2926,,57956,57960,18272,18276,4,df3f619804a92fdb4057192dc43dd748ea778adc52bc498ce80524c014b81119,00000000,,,,,False,,,,,,,,,,False,False
/application/zukanlist/zkn_data/zukan_enc_pearl.narc,/application/zukanlist/zkn_data/zukan_enc_pearl.narc!/member_02927,0,/application/zukanlist/zkn_data/zukan_enc_pearl.narc,92,2927,,57960,57964,18276,18280,4,df3f619804a92fdb4057192dc43dd748ea778adc52bc498ce80524c014b81119,00000000,,,,,False,,,,,,,,,,False,False
/application/zukanlist/zkn_data/zukan_enc_pearl.narc,/application/zukanlist/zkn_data/zukan_enc_pearl.narc!/member_02928,0,/application/zukanlist/zkn_data/zukan_enc_pearl.narc,92,2928,,57964,57968,18280,18284,4,df3f619804a92fdb4057192dc43dd748ea778adc52bc498ce80524c014b81119,00000000,,,,,False,,,,,,,,,,False,False
/application/zukanlist/zkn_data/zukan_enc_pearl.narc,/application/zukanlist/zkn_data/zukan_enc_pearl.narc!/member_02929,0,/application/zukanlist/zkn_data/zukan_enc_pearl.narc,92,2929,,57968,57976,18284,18292,8,b8282e78d87c2a42f7c0f5b543c0d7760d3fe5a3860a25c20ec57ddaa4d80b81,2900000000000000,,,,,False,,,,,,,,,,False,False
/application/zukanlist/zkn_data/zukan_enc_pearl.narc,/application/zukanlist/zkn_data/zukan_enc_pearl.narc!/member_02930,0,/application/zukanlist/zkn_data/zukan_enc_pearl.narc,92,2930,,57976,57980,18292,18296,4,df3f619804a92fdb4057192dc43dd748ea778adc52bc498ce80524c014b81119,00000000,,,,,False,,,,,,,,,,False,False
/application/zukanlist/zkn_data/zukan_enc_pearl.narc,/application/zukanlist/zkn_data/zukan_enc_pearl.narc!/member_02931,0,/application/zukanlist/zkn_data/zukan_enc_pearl.narc,92,2931,,57980,57984,18296,18300,4,df3f619804a92fdb4057192dc43dd748ea778adc52bc498ce80524c014b81119,00000000,,,,,False,,,,,,,,,,False,False
/application/zukanlist/zkn_data/zukan_enc_pearl.narc,/application/zukanlist/zkn_data/zukan_enc_pearl.narc!/member_02932,0,/application/zukanlist/zkn_data/zukan_enc_pearl.narc,92,2932,,57984,57988,18300,18304,4,df3f619804a92fdb4057192dc43dd748ea778adc52bc498ce80524c014b81119,00000000,,,,,False,,,,,,,,,,False,False
/application/zukanlist/zkn_data/zukan_enc_pearl.narc,/application/zukanlist/zkn_data/zukan_enc_pearl.narc!/member_02933,0,/application/zukanlist/zkn_data/zukan_enc_pearl.narc,92,2933,,57988,57992,18304,18308,4,df3f619804a92fdb4057192dc43dd748ea778adc52bc498ce80524c014b81119,00000000,,,,,False,,,,,,,,,,False,False
/application/zukanlist/zkn_data/zukan_enc_pearl.narc,/application/zukanlist/zkn_data/zukan_enc_pearl.narc!/member_02934,0,/application/zukanlist/zkn_data/zukan_enc_pearl.narc,92,2934,,57992,57996,18308,18312,4,df3f619804a92fdb4057192dc43dd748ea778adc52bc498ce80524c014b81119,00000000,,,,,False,,,,,,,,,,False,False
/application/zukanlist/zkn_data/zukan_enc_pearl.narc,/application/zukanlist/zkn_data/zukan_enc_pearl.narc!/member_02935,0,/application/zukanlist/zkn_data/zukan_enc_pearl.narc,92,2935,,57996,58036,18312,18352,40,78393e2e40f0d37458afc810745a88523a2177b36ce8a9297092a2d7872a97ad,01000000060000000700000009000000,,,,,False,,,,,,,,,,False,False
/application/zukanlist/zkn_data/zukan_enc_pearl.narc,/application/zukanlist/zkn_data/zukan_enc_pearl.narc!/member_02936,0,/application/zukanlist/zkn_data/zukan_enc_pearl.narc,92,2936,,58036,58076,18352,18392,40,78393e2e40f0d37458afc810745a88523a2177b36ce8a9297092a2d7872a97ad,01000000060000000700000009000000,,,,,False,,,,,,,,,,False,False
/application/zukanlist/zkn_data/zukan_enc_pearl.narc,/application/zukanlist/zkn_data/zukan_enc_pearl.narc!/member_02937,0,/application/zukanlist/zkn_data/zukan_enc_pearl.narc,92,2937,,58076,58088,18392,18404,12,26a5532b091f58beecbf3cc3f469a74c57f00e27dcf481628757aab80bdf8e0a,040000002f00000000000000,,,,,False,,,,,,,,,,False,False
/application/zukanlist/zkn_data/zukan_enc_pearl.narc,/application/zukanlist/zkn_data/zukan_enc_pearl.narc!/member_02938,0,/application/zukanlist/zkn_data/zukan_enc_pearl.narc,92,2938,,58088,58104,18404,18420,16,f2578d6ab3f7d6034fa63ec3e6dd43add5c54ca3f83107f42a3b19e64bc9720a,0b000000200000002100000000000000,,,,,False,,,,,,,,,,False,False
/application/zukanlist/zkn_data/zukan_enc_pearl.narc,/application/zukanlist/zkn_data/zukan_enc_pearl.narc!/member_02939,0,/application/zukanlist/zkn_data/zukan_enc_pearl.narc,92,2939,,58104,58108,18420,18424,4,df3f619804a92fdb4057192dc43dd748ea778adc52bc498ce80524c014b81119,00000000,,,,,False,,,,,,,,,,False,False
/application/zukanlist/zkn_data/zukan_enc_pearl.narc,/application/zukanlist/zkn_data/zukan_enc_pearl.narc!/member_02940,0,/application/zukanlist/zkn_data/zukan_enc_pearl.narc,92,2940,,58108,58112,18424,18428,4,df3f619804a92fdb4057192dc43dd748ea778adc52bc498ce80524c014b81119,00000000,,,,,False,,,,,,,,,,False,False
/application/zukanlist/zkn_data/zukan_enc_pearl.narc,/application/zukanlist/zkn_data/zukan_enc_pearl.narc!/member_02941,0,/application/zukanlist/zkn_data/zukan_enc_pearl.narc,92,2941,,58112,58116,18428,18432,4,df3f619804a92fdb4057192dc43dd748ea778adc52bc498ce80524c014b81119,00000000,,,,,False,,,,,,,,,,False,False
/application/zukanlist/zkn_data/zukan_enc_pearl.narc,/application/zukanlist/zkn_data/zukan_enc_pearl.narc!/member_02942,0,/application/zukanlist/zkn_data/zukan_enc_pearl.narc,92,2942,,58116,58120,18432,18436,4,df3f619804a92fdb4057192dc43dd748ea778adc52bc498ce80524c014b81119,00000000,,,,,False,,,,,,,,,,False,False
/application/zukanlist/zkn_data/zukan_enc_pearl.narc,/application/zukanlist/zkn_data/zukan_enc_pearl.narc!/member_02943,0,/application/zukanlist/zkn_data/zukan_enc_pearl.narc,92,2943,,58120,58124,18436,18440,4,df3f619804a92fdb4057192dc43dd748ea778adc52bc498ce80524c014b81119,00000000,,,,,False,,,,,,,,,,False,False
/application/zukanlist/zkn_data/zukan_enc_pearl.narc,/application/zukanlist/zkn_data/zukan_enc_pearl.narc!/member_02944,0,/application/zukanlist/zkn_data/zukan_enc_pearl.narc,92,2944,,58124,58128,18440,18444,4,df3f619804a92fdb4057192dc43dd748ea778adc52bc498ce80524c014b81119,00000000,,,,,False,,,,,,,,,,False,False
/application/zukanlist/zkn_data/zukan_enc_pearl.narc,/application/zukanlist/zkn_data/zukan_enc_pearl.narc!/member_02945,0,/application/zukanlist/zkn_data/zukan_enc_pearl.narc,92,2945,,58128,58132,18444,18448,4,df3f619804a92fdb4057192dc43dd748ea778adc52bc498ce80524c014b81119,00000000,,,,,False,,,,,,,,,,False,False
/application/zukanlist/zkn_data/zukan_enc_pearl.narc,/application/zukanlist/zkn_data/zukan_enc_pearl.narc!/member_02946,0,/application/zukanlist/zkn_data/zukan_enc_pearl.narc,92,2946,,58132,58136,18448,18452,4,df3f619804a92fdb4057192dc43dd748ea778adc52bc498ce80524c014b81119,00000000,,,,,False,,,,,,,,,,False,False
/application/zukanlist/zkn_data/zukan_enc_pearl.narc,/application/zukanlist/zkn_data/zukan_enc_pearl.narc!/member_02947,0,/application/zukanlist/zkn_data/zukan_enc_pearl.narc,92,2947,,58136,58140,18452,18456,4,df3f619804a92fdb4057192dc43dd748ea778adc52bc498ce80524c014b81119,00000000,,,,,False,,,,,,,,,,False,False
/application/zukanlist/zkn_data/zukan_enc_pearl.narc,/application/zukanlist/zkn_data/zukan_enc_pearl.narc!/member_02948,0,/application/zukanlist/zkn_data/zukan_enc_pearl.narc,92,2948,,58140,58144,18456,18460,4,df3f619804a92fdb4057192dc43dd748ea778adc52bc498ce80524c014b81119,00000000,,,,,False,,,,,,,,,,False,False
/application/zukanlist/zkn_data/zukan_enc_pearl.narc,/application/zukanlist/zkn_data/zukan_enc_pearl.narc!/member_02949,0,/application/zukanlist/zkn_data/zukan_enc_pearl.narc,92,2949,,58144,58148,18460,18464,4,df3f619804a92fdb4057192dc43dd748ea778adc52bc498ce80524c014b81119,00000000,,,,,False,,,,,,,,,,False,False
/application/zukanlist/zkn_data/zukan_enc_pearl.narc,/application/zukanlist/zkn_data/zukan_enc_pearl.narc!/member_02950,0,/application/zukanlist/zkn_data/zukan_enc_pearl.narc,92,2950,,58148,58152,18464,18468,4,df3f619804a92fdb4057192dc43dd748ea778adc52bc498ce80524c014b81119,00000000,,,,,False,,,,,,,,,,False,False
/application/zukanlist/zkn_data/zukan_enc_pearl.narc,/application/zukanlist/zkn_data/zukan_enc_pearl.narc!/member_02951,0,/application/zukanlist/zkn_data/zukan_enc_pearl.narc,92,2951,,58152,58156,18468,18472,4,df3f619804a92fdb4057192dc43dd748ea778adc52bc498ce80524c014b81119,00000000,,,,,False,,,,,,,,,,False,False
/application/zukanlist/zkn_data/zukan_enc_pearl.narc,/application/zukanlist/zkn_data/zukan_enc_pearl.narc!/member_02952,0,/application/zukanlist/zkn_data/zukan_enc_pearl.narc,92,2952,,58156,58160,18472,18476,4,df3f619804a92fdb4057192dc43dd748ea778adc52bc498ce80524c014b81119,00000000,,,,,False,,,,,,,,,,False,False
/application/zukanlist/zkn_data/zukan_enc_pearl.narc,/application/zukanlist/zkn_data/zukan_enc_pearl.narc!/member_02953,0,/application/zukanlist/zkn_data/zukan_enc_pearl.narc,92,2953,,58160,58164,18476,18480,4,df3f619804a92fdb4057192dc43dd748ea778adc52bc498ce80524c014b81119,00000000,,,,,False,,,,,,,,,,False,False
/application/zukanlist/zkn_data/zukan_enc_pearl.narc,/application/zukanlist/zkn_data/zukan_enc_pearl.narc!/member_02954,0,/application/zukanlist/zkn_data/zukan_enc_pearl.narc,92,2954,,58164,58168,18480,18484,4,df3f619804a92fdb4057192dc43dd748ea778adc52bc498ce80524c014b81119,00000000,,,,,False,,,,,,,,,,False,False
/application/zukanlist/zkn_data/zukan_enc_pearl.narc,/application/zukanlist/zkn_data/zukan_enc_pearl.narc!/member_02955,0,/application/zukanlist/zkn_data/zukan_enc_pearl.narc,92,2955,,58168,58172,18484,18488,4,df3f619804a92fdb4057192dc43dd748ea778adc52bc498ce80524c014b81119,00000000,,,,,False,,,,,,,,,,False,False
/application/zukanlist/zkn_data/zukan_enc_pearl.narc,/application/zukanlist/zkn_data/zukan_enc_pearl.narc!/member_02956,0,/application/zukanlist/zkn_data/zukan_enc_pearl.narc,92,2956,,58172,58176,18488,18492,4,df3f619804a92fdb4057192dc43dd748ea778adc52bc498ce80524c014b81119,00000000,,,,,False,,,,,,,,,,False,False
/application/zukanlist/zkn_data/zukan_enc_pearl.narc,/application/zukanlist/zkn_data/zukan_enc_pearl.narc!/member_02957,0,/application/zukanlist/zkn_data/zukan_enc_pearl.narc,92,2957,,58176,58180,18492,18496,4,df3f619804a92fdb4057192dc43dd748ea778adc52bc498ce80524c014b81119,00000000,,,,,False,,,,,,,,,,False,False
/application/zukanlist/zkn_data/zukan_enc_pearl.narc,/application/zukanlist/zkn_data/zukan_enc_pearl.narc!/member_02958,0,/application/zukanlist/zkn_data/zukan_enc_pearl.narc,92,2958,,58180,58184,18496,18500,4,df3f619804a92fdb4057192dc43dd748ea778adc52bc498ce80524c014b81119,00000000,,,,,False,,,,,,,,,,False,False
/application/zukanlist/zkn_data/zukan_enc_pearl.narc,/application/zukanlist/zkn_data/zukan_enc_pearl.narc!/member_02959,0,/application/zukanlist/zkn_data/zukan_enc_pearl.narc,92,2959,,58184,58188,18500,18504,4,df3f619804a92fdb4057192dc43dd748ea778adc52bc498ce80524c014b81119,00000000,,,,,False,,,,,,,,,,False,False
/application/zukanlist/zkn_data/zukan_enc_pearl.narc,/application/zukanlist/zkn_data/zukan_enc_pearl.narc!/member_02960,0,/application/zukanlist/zkn_data/zukan_enc_pearl.narc,92,2960,,58188,58192,18504,18508,4,df3f619804a92fdb4057192dc43dd748ea778adc52bc498ce80524c014b81119,00000000,,,,,False,,,,,,,,,,False,False
/application/zukanlist/zkn_data/zukan_enc_pearl.narc,/application/zukanlist/zkn_data/zukan_enc_pearl.narc!/member_02961,0,/application/zukanlist/zkn_data/zukan_enc_pearl.narc,92,2961,,58192,58196,18508,18512,4,df3f619804a92fdb4057192dc43dd748ea778adc52bc498ce80524c014b81119,00000000,,,,,False,,,,,,,,,,False,False
/application/zukanlist/zkn_data/zukan_enc_pearl.narc,/application/zukanlist/zkn_data/zukan_enc_pearl.narc!/member_02962,0,/application/zukanlist/zkn_data/zukan_enc_pearl.narc,92,2962,,58196,58200,18512,18516,4,df3f619804a92fdb4057192dc43dd748ea778adc52bc498ce80524c014b81119,00000000,,,,,False,,,,,,,,,,False,False
/application/zukanlist/zkn_data/zukan_enc_pearl.narc,/application/zukanlist/zkn_data/zukan_enc_pearl.narc!/member_02963,0,/application/zukanlist/zkn_data/zukan_enc_pearl.narc,92,2963,,58200,58204,18516,18520,4,df3f619804a92fdb4057192dc43dd748ea778adc52bc498ce80524c014b81119,00000000,,,,,False,,,,,,,,,,False,False
/application/zukanlist/zkn_data/zukan_enc_pearl.narc,/application/zukanlist/zkn_data/zukan_enc_pearl.narc!/member_02964,0,/application/zukanlist/zkn_data/zukan_enc_pearl.narc,92,2964,,58204,58208,18520,18524,4,df3f619804a92fdb4057192dc43dd748ea778adc52bc498ce80524c014b81119,00000000,,,,,False,,,,,,,,,,False,False
/application/zukanlist/zkn_data/zukan_enc_pearl.narc,/application/zukanlist/zkn_data/zukan_enc_pearl.narc!/member_02965,0,/application/zukanlist/zkn_data/zukan_enc_pearl.narc,92,2965,,58208,58212,18524,18528,4,df3f619804a92fdb4057192dc43dd748ea778adc52bc498ce80524c014b81119,00000000,,,,,False,,,,,,,,,,False,False
/application/zukanlist/zkn_data/zukan_enc_pearl.narc,/application/zukanlist/zkn_data/zukan_enc_pearl.narc!/member_02966,0,/application/zukanlist/zkn_data/zukan_enc_pearl.narc,92,2966,,58212,58216,18528,18532,4,df3f619804a92fdb4057192dc43dd748ea778adc52bc498ce80524c014b81119,00000000,,,,,False,,,,,,,,,,False,False
/application/zukanlist/zkn_data/zukan_enc_pearl.narc,/application/zukanlist/zkn_data/zukan_enc_pearl.narc!/member_02967,0,/application/zukanlist/zkn_data/zukan_enc_pearl.narc,92,2967,,58216,58220,18532,18536,4,df3f619804a92fdb4057192dc43dd748ea778adc52bc498ce80524c014b81119,00000000,,,,,False,,,,,,,,,,False,False
/application/zukanlist/zkn_data/zukan_enc_pearl.narc,/application/zukanlist/zkn_data/zukan_enc_pearl.narc!/member_02968,0,/application/zukanlist/zkn_data/zukan_enc_pearl.narc,92,2968,,58220,58224,18536,18540,4,df3f619804a92fdb4057192dc43dd748ea778adc52bc498ce80524c014b81119,00000000,,,,,False,,,,,,,,,,False,False
/application/zukanlist/zkn_data/zukan_enc_pearl.narc,/application/zukanlist/zkn_data/zukan_enc_pearl.narc!/member_02969,0,/application/zukanlist/zkn_data/zukan_enc_pearl.narc,92,2969,,58224,58228,18540,18544,4,df3f619804a92fdb4057192dc43dd748ea778adc52bc498ce80524c014b81119,00000000,,,,,False,,,,,,,,,,False,False
/application/zukanlist/zkn_data/zukan_enc_pearl.narc,/application/zukanlist/zkn_data/zukan_enc_pearl.narc!/member_02970,0,/application/zukanlist/zkn_data/zukan_enc_pearl.narc,92,2970,,58228,58232,18544,18548,4,df3f619804a92fdb4057192dc43dd748ea778adc52bc498ce80524c014b81119,00000000,,,,,False,,,,,,,,,,False,False
/application/zukanlist/zkn_data/zukan_enc_pearl.narc,/application/zukanlist/zkn_data/zukan_enc_pearl.narc!/member_02971,0,/application/zukanlist/zkn_data/zukan_enc_pearl.narc,92,2971,,58232,58236,18548,18552,4,df3f619804a92fdb4057192dc43dd748ea778adc52bc498ce80524c014b81119,00000000,,,,,False,,,,,,,,,,False,False
/application/zukanlist/zkn_data/zukan_enc_pearl.narc,/application/zukanlist/zkn_data/zukan_enc_pearl.narc!/member_02972,0,/application/zukanlist/zkn_data/zukan_enc_pearl.narc,92,2972,,58236,58240,18552,18556,4,df3f619804a92fdb4057192dc43dd748ea778adc52bc498ce80524c014b81119,00000000,,,,,False,,,,,,,,,,False,False
/application/zukanlist/zkn_data/zukan_enc_pearl.narc,/application/zukanlist/zkn_data/zukan_enc_pearl.narc!/member_02973,0,/application/zukanlist/zkn_data/zukan_enc_pearl.narc,92,2973,,58240,58244,18556,18560,4,df3f619804a92fdb4057192dc43dd748ea778adc52bc498ce80524c014b81119,00000000,,,,,False,,,,,,,,,,False,False
/application/zukanlist/zkn_data/zukan_enc_pearl.narc,/application/zukanlist/zkn_data/zukan_enc_pearl.narc!/member_02974,0,/application/zukanlist/zkn_data/zukan_enc_pearl.narc,92,2974,,58244,58348,18560,18664,104,d74c78f2b535332240afc5dd4cfbada080950a4dd92316538fc87c717efad12c,01000000020000000300000004000000,,,,,False,,,,,,,,,,False,False
/application/zukanlist/zkn_data/zukan_enc_pearl.narc,/application/zukanlist/zkn_data/zukan_enc_pearl.narc!/member_02975,0,/application/zukanlist/zkn_data/zukan_enc_pearl.narc,92,2975,,58348,58352,18664,18668,4,df3f619804a92fdb4057192dc43dd748ea778adc52bc498ce80524c014b81119,00000000,,,,,False,,,,,,,,,,False,False
/application/zukanlist/zkn_data/zukan_enc_pearl.narc,/application/zukanlist/zkn_data/zukan_enc_pearl.narc!/member_02976,0,/application/zukanlist/zkn_data/zukan_enc_pearl.narc,92,2976,,58352,58356,18668,18672,4,df3f619804a92fdb4057192dc43dd748ea778adc52bc498ce80524c014b81119,00000000,,,,,False,,,,,,,,,,False,False
/application/zukanlist/zkn_data/zukan_enc_pearl.narc,/application/zukanlist/zkn_data/zukan_enc_pearl.narc!/member_02977,0,/application/zukanlist/zkn_data/zukan_enc_pearl.narc,92,2977,,58356,58360,18672,18676,4,df3f619804a92fdb4057192dc43dd748ea778adc52bc498ce80524c014b81119,00000000,,,,,False,,,,,,,,,,False,False
/application/zukanlist/zkn_data/zukan_enc_pearl.narc,/application/zukanlist/zkn_data/zukan_enc_pearl.narc!/member_02978,0,/application/zukanlist/zkn_data/zukan_enc_pearl.narc,92,2978,,58360,58364,18676,18680,4,df3f619804a92fdb4057192dc43dd748ea778adc52bc498ce80524c014b81119,00000000,,,,,False,,,,,,,,,,False,False
/application/zukanlist/zkn_data/zukan_enc_pearl.narc,/application/zukanlist/zkn_data/zukan_enc_pearl.narc!/member_02979,0,/application/zukanlist/zkn_data/zukan_enc_pearl.narc,92,2979,,58364,58368,18680,18684,4,df3f619804a92fdb4057192dc43dd748ea778adc52bc498ce80524c014b81119,00000000,,,,,False,,,,,,,,,,False,False
/application/zukanlist/zkn_data/zukan_enc_pearl.narc,/application/zukanlist/zkn_data/zukan_enc_pearl.narc!/member_02980,0,/application/zukanlist/zkn_data/zukan_enc_pearl.narc,92,2980,,58368,58372,18684,18688,4,df3f619804a92fdb4057192dc43dd748ea778adc52bc498ce80524c014b81119,00000000,,,,,False,,,,,,,,,,False,False
/application/zukanlist/zkn_data/zukan_enc_pearl.narc,/application/zukanlist/zkn_data/zukan_enc_pearl.narc!/member_02981,0,/application/zukanlist/zkn_data/zukan_enc_pearl.narc,92,2981,,58372,58376,18688,18692,4,df3f619804a92fdb4057192dc43dd748ea778adc52bc498ce80524c014b81119,00000000,,,,,False,,,,,,,,,,False,False
/application/zukanlist/zkn_data/zukan_enc_pearl.narc,/application/zukanlist/zkn_data/zukan_enc_pearl.narc!/member_02982,0,/application/zukanlist/zkn_data/zukan_enc_pearl.narc,92,2982,,58376,58380,18692,18696,4,df3f619804a92fdb4057192dc43dd748ea778adc52bc498ce80524c014b81119,00000000,,,,,False,,,,,,,,,,False,False
/application/zukanlist/zkn_data/zukan_enc_pearl.narc,/application/zukanlist/zkn_data/zukan_enc_pearl.narc!/member_02983,0,/application/zukanlist/zkn_data/zukan_enc_pearl.narc,92,2983,,58380,58384,18696,18700,4,df3f619804a92fdb4057192dc43dd748ea778adc52bc498ce80524c014b81119,00000000,,,,,False,,,,,,,,,,False,False
/application/zukanlist/zkn_data/zukan_enc_pearl.narc,/application/zukanlist/zkn_data/zukan_enc_pearl.narc!/member_02984,0,/application/zukanlist/zkn_data/zukan_enc_pearl.narc,92,2984,,58384,58388,18700,18704,4,df3f619804a92fdb4057192dc43dd748ea778adc52bc498ce80524c014b81119,00000000,,,,,False,,,,,,,,,,False,False
/application/zukanlist/zkn_data/zukan_enc_pearl.narc,/application/zukanlist/zkn_data/zukan_enc_pearl.narc!/member_02985,0,/application/zukanlist/zkn_data/zukan_enc_pearl.narc,92,2985,,58388,58392,18704,18708,4,df3f619804a92fdb4057192dc43dd748ea778adc52bc498ce80524c014b81119,00000000,,,,,False,,,,,,,,,,False,False
/application/zukanlist/zkn_data/zukan_enc_pearl.narc,/application/zukanlist/zkn_data/zukan_enc_pearl.narc!/member_02986,0,/application/zukanlist/zkn_data/zukan_enc_pearl.narc,92,2986,,58392,58396,18708,18712,4,df3f619804a92fdb4057192dc43dd748ea778adc52bc498ce80524c014b81119,00000000,,,,,False,,,,,,,,,,False,False
/application/zukanlist/zkn_data/zukan_enc_pearl.narc,/application/zukanlist/zkn_data/zukan_enc_pearl.narc!/member_02987,0,/application/zukanlist/zkn_data/zukan_enc_pearl.narc,92,2987,,58396,58400,18712,18716,4,df3f619804a92fdb4057192dc43dd748ea778adc52bc498ce80524c014b81119,00000000,,,,,False,,,,,,,,,,False,False
/application/zukanlist/zkn_data/zukan_enc_pearl.narc,/application/zukanlist/zkn_data/zukan_enc_pearl.narc!/member_02988,0,/application/zukanlist/zkn_data/zukan_enc_pearl.narc,92,2988,,58400,58404,18716,18720,4,df3f619804a92fdb4057192dc43dd748ea778adc52bc498ce80524c014b81119,00000000,,,,,False,,,,,,,,,,False,False
/application/zukanlist/zkn_data/zukan_enc_pearl.narc,/application/zukanlist/zkn_data/zukan_enc_pearl.narc!/member_02989,0,/application/zukanlist/zkn_data/zukan_enc_pearl.narc,92,2989,,58404,58408,18720,18724,4,df3f619804a92fdb4057192dc43dd748ea778adc52bc498ce80524c014b81119,00000000,,,,,False,,,,,,,,,,False,False
/application/zukanlist/zkn_data/zukan_enc_pearl.narc,/application/zukanlist/zkn_data/zukan_enc_pearl.narc!/member_02990,0,/application/zukanlist/zkn_data/zukan_enc_pearl.narc,92,2990,,58408,58412,18724,18728,4,df3f619804a92fdb4057192dc43dd748ea778adc52bc498ce80524c014b81119,00000000,,,,,False,,,,,,,,,,False,False
/application/zukanlist/zkn_data/zukan_enc_pearl.narc,/application/zukanlist/zkn_data/zukan_enc_pearl.narc!/member_02991,0,/application/zukanlist/zkn_data/zukan_enc_pearl.narc,92,2991,,58412,58416,18728,18732,4,df3f619804a92fdb4057192dc43dd748ea778adc52bc498ce80524c014b81119,00000000,,,,,False,,,,,,,,,,False,False
/application/zukanlist/zkn_data/zukan_enc_pearl.narc,/application/zukanlist/zkn_data/zukan_enc_pearl.narc!/member_02992,0,/application/zukanlist/zkn_data/zukan_enc_pearl.narc,92,2992,,58416,58420,18732,18736,4,df3f619804a92fdb4057192dc43dd748ea778adc52bc498ce80524c014b81119,00000000,,,,,False,,,,,,,,,,False,False
/application/zukanlist/zkn_data/zukan_enc_pearl.narc,/application/zukanlist/zkn_data/zukan_enc_pearl.narc!/member_02993,0,/application/zukanlist/zkn_data/zukan_enc_pearl.narc,92,2993,,58420,58432,18736,18748,12,9893212e6b984485abc2a582f07509b2de3f9ee0e30ac1263124e844a9c81346,270000003000000000000000,,,,,False,,,,,,,,,,False,False
/application/zukanlist/zkn_data/zukan_enc_pearl.narc,/application/zukanlist/zkn_data/zukan_enc_pearl.narc!/member_02994,0,/application/zukanlist/zkn_data/zukan_enc_pearl.narc,92,2994,,58432,58444,18748,18760,12,9893212e6b984485abc2a582f07509b2de3f9ee0e30ac1263124e844a9c81346,270000003000000000000000,,,,,False,,,,,,,,,,False,False
/application/zukanlist/zkn_data/zukan_enc_pearl.narc,/application/zukanlist/zkn_data/zukan_enc_pearl.narc!/member_02995,0,/application/zukanlist/zkn_data/zukan_enc_pearl.narc,92,2995,,58444,58456,18760,18772,12,9893212e6b984485abc2a582f07509b2de3f9ee0e30ac1263124e844a9c81346,270000003000000000000000,,,,,False,,,,,,,,,,False,False
/application/zukanlist/zkn_data/zukan_enc_pearl.narc,/application/zukanlist/zkn_data/zukan_enc_pearl.narc!/member_02996,0,/application/zukanlist/zkn_data/zukan_enc_pearl.narc,92,2996,,58456,58476,18772,18792,20,792ac6b19afa44edced413eca9ea1ce767cc2779540339e1f957051e4bad978f,08000000270000002800000030000000,,,,,False,,,,,,,,,,False,False
/application/zukanlist/zkn_data/zukan_enc_pearl.narc,/application/zukanlist/zkn_data/zukan_enc_pearl.narc!/member_02997,0,/application/zukanlist/zkn_data/zukan_enc_pearl.narc,92,2997,,58476,58480,18792,18796,4,df3f619804a92fdb4057192dc43dd748ea778adc52bc498ce80524c014b81119,00000000,,,,,False,,,,,,,,,,False,False
/application/zukanlist/zkn_data/zukan_enc_pearl.narc,/application/zukanlist/zkn_data/zukan_enc_pearl.narc!/member_02998,0,/application/zukanlist/zkn_data/zukan_enc_pearl.narc,92,2998,,58480,58484,18796,18800,4,df3f619804a92fdb4057192dc43dd748ea778adc52bc498ce80524c014b81119,00000000,,,,,False,,,,,,,,,,False,False
/application/zukanlist/zkn_data/zukan_enc_pearl.narc,/application/zukanlist/zkn_data/zukan_enc_pearl.narc!/member_02999,0,/application/zukanlist/zkn_data/zukan_enc_pearl.narc,92,2999,,58484,58488,18800,18804,4,df3f619804a92fdb4057192dc43dd748ea778adc52bc498ce80524c014b81119,00000000,,,,,False,,,,,,,,,,False,False
/application/zukanlist/zkn_data/zukan_enc_pearl.narc,/application/zukanlist/zkn_data/zukan_enc_pearl.narc!/member_03000,0,/application/zukanlist/zkn_data/zukan_enc_pearl.narc,92,3000,,58488,58492,18804,18808,4,df3f619804a92fdb4057192dc43dd748ea778adc52bc498ce80524c014b81119,00000000,,,,,False,,,,,,,,,,False,False
/application/zukanlist/zkn_data/zukan_enc_pearl.narc,/application/zukanlist/zkn_data/zukan_enc_pearl.narc!/member_03001,0,/application/zukanlist/zkn_data/zukan_enc_pearl.narc,92,3001,,58492,58496,18808,18812,4,df3f619804a92fdb4057192dc43dd748ea778adc52bc498ce80524c014b81119,00000000,,,,,False,,,,,,,,,,False,False
/application/zukanlist/zkn_data/zukan_enc_pearl.narc,/application/zukanlist/zkn_data/zukan_enc_pearl.narc!/member_03002,0,/application/zukanlist/zkn_data/zukan_enc_pearl.narc,92,3002,,58496,58500,18812,18816,4,df3f619804a92fdb4057192dc43dd748ea778adc52bc498ce80524c014b81119,00000000,,,,,False,,,,,,,,,,False,False
/application/zukanlist/zkn_data/zukan_enc_pearl.narc,/application/zukanlist/zkn_data/zukan_enc_pearl.narc!/member_03003,0,/application/zukanlist/zkn_data/zukan_enc_pearl.narc,92,3003,,58500,58504,18816,18820,4,df3f619804a92fdb4057192dc43dd748ea778adc52bc498ce80524c014b81119,00000000,,,,,False,,,,,,,,,,False,False
/application/zukanlist/zkn_data/zukan_enc_pearl.narc,/application/zukanlist/zkn_data/zukan_enc_pearl.narc!/member_03004,0,/application/zukanlist/zkn_data/zukan_enc_pearl.narc,92,3004,,58504,58508,18820,18824,4,df3f619804a92fdb4057192dc43dd748ea778adc52bc498ce80524c014b81119,00000000,,,,,False,,,,,,,,,,False,False
/application/zukanlist/zkn_data/zukan_enc_pearl.narc,/application/zukanlist/zkn_data/zukan_enc_pearl.narc!/member_03005,0,/application/zukanlist/zkn_data/zukan_enc_pearl.narc,92,3005,,58508,58512,18824,18828,4,df3f619804a92fdb4057192dc43dd748ea778adc52bc498ce80524c014b81119,00000000,,,,,False,,,,,,,,,,False,False
/application/zukanlist/zkn_data/zukan_enc_pearl.narc,/application/zukanlist/zkn_data/zukan_enc_pearl.narc!/member_03006,0,/application/zukanlist/zkn_data/zukan_enc_pearl.narc,92,3006,,58512,58516,18828,18832,4,df3f619804a92fdb4057192dc43dd748ea778adc52bc498ce80524c014b81119,00000000,,,,,False,,,,,,,,,,False,False
/application/zukanlist/zkn_data/zukan_enc_pearl.narc,/application/zukanlist/zkn_data/zukan_enc_pearl.narc!/member_03007,0,/application/zukanlist/zkn_data/zukan_enc_pearl.narc,92,3007,,58516,58520,18832,18836,4,df3f619804a92fdb4057192dc43dd748ea778adc52bc498ce80524c014b81119,00000000,,,,,False,,,,,,,,,,False,False
/application/zukanlist/zkn_data/zukan_enc_pearl.narc,/application/zukanlist/zkn_data/zukan_enc_pearl.narc!/member_03008,0,/application/zukanlist/zkn_data/zukan_enc_pearl.narc,92,3008,,58520,58524,18836,18840,4,df3f619804a92fdb4057192dc43dd748ea778adc52bc498ce80524c014b81119,00000000,,,,,False,,,,,,,,,,False,False
/application/zukanlist/zkn_data/zukan_enc_pearl.narc,/application/zukanlist/zkn_data/zukan_enc_pearl.narc!/member_03009,0,/application/zukanlist/zkn_data/zukan_enc_pearl.narc,92,3009,,58524,58528,18840,18844,4,df3f619804a92fdb4057192dc43dd748ea778adc52bc498ce80524c014b81119,00000000,,,,,False,,,,,,,,,,False,False
/application/zukanlist/zkn_data/zukan_enc_pearl.narc,/application/zukanlist/zkn_data/zukan_enc_pearl.narc!/member_03010,0,/application/zukanlist/zkn_data/zukan_enc_pearl.narc,92,3010,,58528,58532,18844,18848,4,df3f619804a92fdb4057192dc43dd748ea778adc52bc498ce80524c014b81119,00000000,,,,,False,,,,,,,,,,False,False
/application/zukanlist/zkn_data/zukan_enc_pearl.narc,/application/zukanlist/zkn_data/zukan_enc_pearl.narc!/member_03011,0,/application/zukanlist/zkn_data/zukan_enc_pearl.narc,92,3011,,58532,58536,18848,18852,4,df3f619804a92fdb4057192dc43dd748ea778adc52bc498ce80524c014b81119,00000000,,,,,False,,,,,,,,,,False,False
/application/zukanlist/zkn_data/zukan_enc_pearl.narc,/application/zukanlist/zkn_data/zukan_enc_pearl.narc!/member_03012,0,/application/zukanlist/zkn_data/zukan_enc_pearl.narc,92,3012,,58536,58540,18852,18856,4,df3f619804a92fdb4057192dc43dd748ea778adc52bc498ce80524c014b81119,00000000,,,,,False,,,,,,,,,,False,False
/application/zukanlist/zkn_data/zukan_enc_pearl.narc,/application/zukanlist/zkn_data/zukan_enc_pearl.narc!/member_03013,0,/application/zukanlist/zkn_data/zukan_enc_pearl.narc,92,3013,,58540,58544,18856,18860,4,df3f619804a92fdb4057192dc43dd748ea778adc52bc498ce80524c014b81119,00000000,,,,,False,,,,,,,,,,False,False
/application/zukanlist/zkn_data/zukan_enc_pearl.narc,/application/zukanlist/zkn_data/zukan_enc_pearl.narc!/member_03014,0,/application/zukanlist/zkn_data/zukan_enc_pearl.narc,92,3014,,58544,58548,18860,18864,4,df3f619804a92fdb4057192dc43dd748ea778adc52bc498ce80524c014b81119,00000000,,,,,False,,,,,,,,,,False,False
/application/zukanlist/zkn_data/zukan_enc_pearl.narc,/application/zukanlist/zkn_data/zukan_enc_pearl.narc!/member_03015,0,/application/zukanlist/zkn_data/zukan_enc_pearl.narc,92,3015,,58548,58552,18864,18868,4,df3f619804a92fdb4057192dc43dd748ea778adc52bc498ce80524c014b81119,00000000,,,,,False,,,,,,,,,,False,False
/application/zukanlist/zkn_data/zukan_enc_pearl.narc,/application/zukanlist/zkn_data/zukan_enc_pearl.narc!/member_03016,0,/application/zukanlist/zkn_data/zukan_enc_pearl.narc,92,3016,,58552,58556,18868,18872,4,df3f619804a92fdb4057192dc43dd748ea778adc52bc498ce80524c014b81119,00000000,,,,,False,,,,,,,,,,False,False
/application/zukanlist/zkn_data/zukan_enc_pearl.narc,/application/zukanlist/zkn_data/zukan_enc_pearl.narc!/member_03017,0,/application/zukanlist/zkn_data/zukan_enc_pearl.narc,92,3017,,58556,58568,18872,18884,12,412fee03734b70c2e5c53832edafd1418668096d2063c8ac0bd472aa260c269e,2a0000003100000000000000,,,,,False,,,,,,,,,,False,False
/application/zukanlist/zkn_data/zukan_enc_pearl.narc,/application/zukanlist/zkn_data/zukan_enc_pearl.narc!/member_03018,0,/application/zukanlist/zkn_data/zukan_enc_pearl.narc,92,3018,,58568,58584,18884,18900,16,a1267a6bc81318299e14eee627f545bf26042cc6735859c3e7456ea43a8cd0dc,260000002a0000003100000000000000,,,,,False,,,,,,,,,,False,False
/application/zukanlist/zkn_data/zukan_enc_pearl.narc,/application/zukanlist/zkn_data/zukan_enc_pearl.narc!/member_03019,0,/application/zukanlist/zkn_data/zukan_enc_pearl.narc,92,3019,,58584,58588,18900,18904,4,df3f619804a92fdb4057192dc43dd748ea778adc52bc498ce80524c014b81119,00000000,,,,,False,,,,,,,,,,False,False
/application/zukanlist/zkn_data/zukan_enc_pearl.narc,/application/zukanlist/zkn_data/zukan_enc_pearl.narc!/member_03020,0,/application/zukanlist/zkn_data/zukan_enc_pearl.narc,92,3020,,58588,58592,18904,18908,4,df3f619804a92fdb4057192dc43dd748ea778adc52bc498ce80524c014b81119,00000000,,,,,False,,,,,,,,,,False,False
/application/zukanlist/zkn_data/zukan_enc_pearl.narc,/application/zukanlist/zkn_data/zukan_enc_pearl.narc!/member_03021,0,/application/zukanlist/zkn_data/zukan_enc_pearl.narc,92,3021,,58592,58596,18908,18912,4,df3f619804a92fdb4057192dc43dd748ea778adc52bc498ce80524c014b81119,00000000,,,,,False,,,,,,,,,,False,False
/application/zukanlist/zkn_data/zukan_enc_pearl.narc,/application/zukanlist/zkn_data/zukan_enc_pearl.narc!/member_03022,0,/application/zukanlist/zkn_data/zukan_enc_pearl.narc,92,3022,,58596,58600,18912,18916,4,df3f619804a92fdb4057192dc43dd748ea778adc52bc498ce80524c014b81119,00000000,,,,,False,,,,,,,,,,False,False
/application/zukanlist/zkn_data/zukan_enc_pearl.narc,/application/zukanlist/zkn_data/zukan_enc_pearl.narc!/member_03023,0,/application/zukanlist/zkn_data/zukan_enc_pearl.narc,92,3023,,58600,58604,18916,18920,4,df3f619804a92fdb4057192dc43dd748ea778adc52bc498ce80524c014b81119,00000000,,,,,False,,,,,,,,,,False,False
/application/zukanlist/zkn_data/zukan_enc_pearl.narc,/application/zukanlist/zkn_data/zukan_enc_pearl.narc!/member_03024,0,/application/zukanlist/zkn_data/zukan_enc_pearl.narc,92,3024,,58604,58612,18920,18928,8,b8282e78d87c2a42f7c0f5b543c0d7760d3fe5a3860a25c20ec57ddaa4d80b81,2900000000000000,,,,,False,,,,,,,,,,False,False
/application/zukanlist/zkn_data/zukan_enc_pearl.narc,/application/zukanlist/zkn_data/zukan_enc_pearl.narc!/member_03025,0,/application/zukanlist/zkn_data/zukan_enc_pearl.narc,92,3025,,58612,58620,18928,18936,8,b8282e78d87c2a42f7c0f5b543c0d7760d3fe5a3860a25c20ec57ddaa4d80b81,2900000000000000,,,,,False,,,,,,,,,,False,False
/application/zukanlist/zkn_data/zukan_enc_pearl.narc,/application/zukanlist/zkn_data/zukan_enc_pearl.narc!/member_03026,0,/application/zukanlist/zkn_data/zukan_enc_pearl.narc,92,3026,,58620,58624,18936,18940,4,df3f619804a92fdb4057192dc43dd748ea778adc52bc498ce80524c014b81119,00000000,,,,,False,,,,,,,,,,False,False
/application/zukanlist/zkn_data/zukan_enc_pearl.narc,/application/zukanlist/zkn_data/zukan_enc_pearl.narc!/member_03027,0,/application/zukanlist/zkn_data/zukan_enc_pearl.narc,92,3027,,58624,58628,18940,18944,4,df3f619804a92fdb4057192dc43dd748ea778adc52bc498ce80524c014b81119,00000000,,,,,False,,,,,,,,,,False,False
/application/zukanlist/zkn_data/zukan_enc_pearl.narc,/application/zukanlist/zkn_data/zukan_enc_pearl.narc!/member_03028,0,/application/zukanlist/zkn_data/zukan_enc_pearl.narc,92,3028,,58628,58680,18944,18996,52,0cb0702a64ee4b85533b4fae194e3a2d7aee13b100431cf47cd9ee847c4e5630,020000000e0000000f00000010000000,,,,,False,,,,,,,,,,False,False
/application/zukanlist/zkn_data/zukan_enc_pearl.narc,/application/zukanlist/zkn_data/zukan_enc_pearl.narc!/member_03029,0,/application/zukanlist/zkn_data/zukan_enc_pearl.narc,92,3029,,58680,58748,18996,19064,68,a29bb656fcac2c11dd99696a48224f22f329edf338d4063910dcf690a39bb5b0,020000000e0000000f00000010000000,,,,,False,,,,,,,,,,False,False
/application/zukanlist/zkn_data/zukan_enc_pearl.narc,/application/zukanlist/zkn_data/zukan_enc_pearl.narc!/member_03030,0,/application/zukanlist/zkn_data/zukan_enc_pearl.narc,92,3030,,58748,58752,19064,19068,4,df3f619804a92fdb4057192dc43dd748ea778adc52bc498ce80524c014b81119,00000000,,,,,False,,,,,,,,,,False,False
/application/zukanlist/zkn_data/zukan_enc_pearl.narc,/application/zukanlist/zkn_data/zukan_enc_pearl.narc!/member_03031,0,/application/zukanlist/zkn_data/zukan_enc_pearl.narc,92,3031,,58752,58756,19068,19072,4,df3f619804a92fdb4057192dc43dd748ea778adc52bc498ce80524c014b81119,00000000,,,,,False,,,,,,,,,,False,False
/application/zukanlist/zkn_data/zukan_enc_pearl.narc,/application/zukanlist/zkn_data/zukan_enc_pearl.narc!/member_03032,0,/application/zukanlist/zkn_data/zukan_enc_pearl.narc,92,3032,,58756,58760,19072,19076,4,df3f619804a92fdb4057192dc43dd748ea778adc52bc498ce80524c014b81119,00000000,,,,,False,,,,,,,,,,False,False
/application/zukanlist/zkn_data/zukan_enc_pearl.narc,/application/zukanlist/zkn_data/zukan_enc_pearl.narc!/member_03033,0,/application/zukanlist/zkn_data/zukan_enc_pearl.narc,92,3033,,58760,58764,19076,19080,4,df3f619804a92fdb4057192dc43dd748ea778adc52bc498ce80524c014b81119,00000000,,,,,False,,,,,,,,,,False,False
/application/zukanlist/zkn_data/zukan_enc_pearl.narc,/application/zukanlist/zkn_data/zukan_enc_pearl.narc!/member_03034,0,/application/zukanlist/zkn_data/zukan_enc_pearl.narc,92,3034,,58764,58780,19080,19096,16,c0e20e0b137f75c599bdafdfc772fb5a1155439e2123d6339479418834cb05ff,27000000280000002900000000000000,,,,,False,,,,,,,,,,False,False
/application/zukanlist/zkn_data/zukan_enc_pearl.narc,/application/zukanlist/zkn_data/zukan_enc_pearl.narc!/member_03035,0,/application/zukanlist/zkn_data/zukan_enc_pearl.narc,92,3035,,58780,58796,19096,19112,16,c0e20e0b137f75c599bdafdfc772fb5a1155439e2123d6339479418834cb05ff,27000000280000002900000000000000,,,,,False,,,,,,,,,,False,False
/application/zukanlist/zkn_data/zukan_enc_pearl.narc,/application/zukanlist/zkn_data/zukan_enc_pearl.narc!/member_03036,0,/application/zukanlist/zkn_data/zukan_enc_pearl.narc,92,3036,,58796,58800,19112,19116,4,df3f619804a92fdb4057192dc43dd748ea778adc52bc498ce80524c014b81119,00000000,,,,,False,,,,,,,,,,False,False
/application/zukanlist/zkn_data/zukan_enc_pearl.narc,/application/zukanlist/zkn_data/zukan_enc_pearl.narc!/member_03037,0,/application/zukanlist/zkn_data/zukan_enc_pearl.narc,92,3037,,58800,58812,19116,19128,12,f3eaf50b7b9910204c0c72c73353ea7575297acc9bad11552e158f673c31387d,0e0000001f00000000000000,,,,,False,,,,,,,,,,False,False
/application/zukanlist/zkn_data/zukan_enc_pearl.narc,/application/zukanlist/zkn_data/zukan_enc_pearl.narc!/member_03038,0,/application/zukanlist/zkn_data/zukan_enc_pearl.narc,92,3038,,58812,58820,19128,19136,8,d5cc13b299a327f47cd6361d0441d7edb9d48568f33b460ba17f6a4e3a2ef7ae,1f00000000000000,,,,,False,,,,,,,,,,False,False
/application/zukanlist/zkn_data/zukan_enc_pearl.narc,/application/zukanlist/zkn_data/zukan_enc_pearl.narc!/member_03039,0,/application/zukanlist/zkn_data/zukan_enc_pearl.narc,92,3039,,58820,58824,19136,19140,4,df3f619804a92fdb4057192dc43dd748ea778adc52bc498ce80524c014b81119,00000000,,,,,False,,,,,,,,,,False,False
/application/zukanlist/zkn_data/zukan_enc_pearl.narc,/application/zukanlist/zkn_data/zukan_enc_pearl.narc!/member_03040,0,/application/zukanlist/zkn_data/zukan_enc_pearl.narc,92,3040,,58824,58840,19140,19156,16,c9587e2b125aa454fb6d6fe1d01cde87baa74522f61817135219657954832831,14000000150000001800000000000000,,,,,False,,,,,,,,,,False,False
/application/zukanlist/zkn_data/zukan_enc_pearl.narc,/application/zukanlist/zkn_data/zukan_enc_pearl.narc!/member_03041,0,/application/zukanlist/zkn_data/zukan_enc_pearl.narc,92,3041,,58840,58872,19156,19188,32,75376cdf1cd55860b2c5911f19dd104ed424e9a8aa7ab8afbecdb27b6775c98a,0b000000180000001a00000020000000,,,,,False,,,,,,,,,,False,False
/application/zukanlist/zkn_data/zukan_enc_pearl.narc,/application/zukanlist/zkn_data/zukan_enc_pearl.narc!/member_03042,0,/application/zukanlist/zkn_data/zukan_enc_pearl.narc,92,3042,,58872,58876,19188,19192,4,df3f619804a92fdb4057192dc43dd748ea778adc52bc498ce80524c014b81119,00000000,,,,,False,,,,,,,,,,False,False
/application/zukanlist/zkn_data/zukan_enc_pearl.narc,/application/zukanlist/zkn_data/zukan_enc_pearl.narc!/member_03043,0,/application/zukanlist/zkn_data/zukan_enc_pearl.narc,92,3043,,58876,58888,19192,19204,12,412fee03734b70c2e5c53832edafd1418668096d2063c8ac0bd472aa260c269e,2a0000003100000000000000,,,,,False,,,,,,,,,,False,False
/application/zukanlist/zkn_data/zukan_enc_pearl.narc,/application/zukanlist/zkn_data/zukan_enc_pearl.narc!/member_03044,0,/application/zukanlist/zkn_data/zukan_enc_pearl.narc,92,3044,,58888,58904,19204,19220,16,a1267a6bc81318299e14eee627f545bf26042cc6735859c3e7456ea43a8cd0dc,260000002a0000003100000000000000,,,,,False,,,,,,,,,,False,False
/application/zukanlist/zkn_data/zukan_enc_pearl.narc,/application/zukanlist/zkn_data/zukan_enc_pearl.narc!/member_03045,0,/application/zukanlist/zkn_data/zukan_enc_pearl.narc,92,3045,,58904,58908,19220,19224,4,df3f619804a92fdb4057192dc43dd748ea778adc52bc498ce80524c014b81119,00000000,,,,,False,,,,,,,,,,False,False
/application/zukanlist/zkn_data/zukan_enc_pearl.narc,/application/zukanlist/zkn_data/zukan_enc_pearl.narc!/member_03046,0,/application/zukanlist/zkn_data/zukan_enc_pearl.narc,92,3046,,58908,58960,19224,19276,52,bc7e2ff2d27288d7059fd84911a6ea85cb3fa913cc3e8e1364079585f0ee1e33,01000000030000000600000007000000,,,,,False,,,,,,,,,,False,False
/application/zukanlist/zkn_data/zukan_enc_pearl.narc,/application/zukanlist/zkn_data/zukan_enc_pearl.narc!/member_03047,0,/application/zukanlist/zkn_data/zukan_enc_pearl.narc,92,3047,,58960,59036,19276,19352,76,2ab8a4814c217d3b97ffa028b9d1c899cc85e20d1ee703b59286bee2421917d8,01000000030000000400000005000000,,,,,False,,,,,,,,,,False,False
/application/zukanlist/zkn_data/zukan_enc_pearl.narc,/application/zukanlist/zkn_data/zukan_enc_pearl.narc!/member_03048,0,/application/zukanlist/zkn_data/zukan_enc_pearl.narc,92,3048,,59036,59068,19352,19384,32,ca7983119800b92092ef420416fb86fefed766ebc18f197b8dc2d7abda2b2194,0a000000130000001400000017000000,,,,,False,,,,,,,,,,False,False
/application/zukanlist/zkn_data/zukan_enc_pearl.narc,/application/zukanlist/zkn_data/zukan_enc_pearl.narc!/member_03049,0,/application/zukanlist/zkn_data/zukan_enc_pearl.narc,92,3049,,59068,59096,19384,19412,28,1a1a592f9f3683bcd6617d2bb2c887dc96b3f4d1eb877e891a9822d54bdca932,080000000a0000001a0000001e000000,,,,,False,,,,,,,,,,False,False
/application/zukanlist/zkn_data/zukan_enc_pearl.narc,/application/zukanlist/zkn_data/zukan_enc_pearl.narc!/member_03050,0,/application/zukanlist/zkn_data/zukan_enc_pearl.narc,92,3050,,59096,59100,19412,19416,4,df3f619804a92fdb4057192dc43dd748ea778adc52bc498ce80524c014b81119,00000000,,,,,False,,,,,,,,,,False,False
/application/zukanlist/zkn_data/zukan_enc_pearl.narc,/application/zukanlist/zkn_data/zukan_enc_pearl.narc!/member_03051,0,/application/zukanlist/zkn_data/zukan_enc_pearl.narc,92,3051,,59100,59128,19416,19444,28,b17f4a7e944949d42f678c9e64a96aa82a61ef857da3824b4d6285df7bd57e15,1300000017000000190000001a000000,,,,,False,,,,,,,,,,False,False
/application/zukanlist/zkn_data/zukan_enc_pearl.narc,/application/zukanlist/zkn_data/zukan_enc_pearl.narc!/member_03052,0,/application/zukanlist/zkn_data/zukan_enc_pearl.narc,92,3052,,59128,59132,19444,19448,4,df3f619804a92fdb4057192dc43dd748ea778adc52bc498ce80524c014b81119,00000000,,,,,False,,,,,,,,,,False,False
/application/zukanlist/zkn_data/zukan_enc_pearl.narc,/application/zukanlist/zkn_data/zukan_enc_pearl.narc!/member_03053,0,/application/zukanlist/zkn_data/zukan_enc_pearl.narc,92,3053,,59132,59136,19448,19452,4,df3f619804a92fdb4057192dc43dd748ea778adc52bc498ce80524c014b81119,00000000,,,,,False,,,,,,,,,,False,False
/application/zukanlist/zkn_data/zukan_enc_pearl.narc,/application/zukanlist/zkn_data/zukan_enc_pearl.narc!/member_03054,0,/application/zukanlist/zkn_data/zukan_enc_pearl.narc,92,3054,,59136,59140,19452,19456,4,df3f619804a92fdb4057192dc43dd748ea778adc52bc498ce80524c014b81119,00000000,,,,,False,,,,,,,,,,False,False
/application/zukanlist/zkn_data/zukan_enc_pearl.narc,/application/zukanlist/zkn_data/zukan_enc_pearl.narc!/member_03055,0,/application/zukanlist/zkn_data/zukan_enc_pearl.narc,92,3055,,59140,59144,19456,19460,4,df3f619804a92fdb4057192dc43dd748ea778adc52bc498ce80524c014b81119,00000000,,,,,False,,,,,,,,,,False,False
/application/zukanlist/zkn_data/zukan_enc_pearl.narc,/application/zukanlist/zkn_data/zukan_enc_pearl.narc!/member_03056,0,/application/zukanlist/zkn_data/zukan_enc_pearl.narc,92,3056,,59144,59148,19460,19464,4,df3f619804a92fdb4057192dc43dd748ea778adc52bc498ce80524c014b81119,00000000,,,,,False,,,,,,,,,,False,False
/application/zukanlist/zkn_data/zukan_enc_pearl.narc,/application/zukanlist/zkn_data/zukan_enc_pearl.narc!/member_03057,0,/application/zukanlist/zkn_data/zukan_enc_pearl.narc,92,3057,,59148,59152,19464,19468,4,df3f619804a92fdb4057192dc43dd748ea778adc52bc498ce80524c014b81119,00000000,,,,,False,,,,,,,,,,False,False
/application/zukanlist/zkn_data/zukan_enc_pearl.narc,/application/zukanlist/zkn_data/zukan_enc_pearl.narc!/member_03058,0,/application/zukanlist/zkn_data/zukan_enc_pearl.narc,92,3058,,59152,59156,19468,19472,4,df3f619804a92fdb4057192dc43dd748ea778adc52bc498ce80524c014b81119,00000000,,,,,False,,,,,,,,,,False,False
/application/zukanlist/zkn_data/zukan_enc_pearl.narc,/application/zukanlist/zkn_data/zukan_enc_pearl.narc!/member_03059,0,/application/zukanlist/zkn_data/zukan_enc_pearl.narc,92,3059,,59156,59160,19472,19476,4,df3f619804a92fdb4057192dc43dd748ea778adc52bc498ce80524c014b81119,00000000,,,,,False,,,,,,,,,,False,False
/application/zukanlist/zkn_data/zukan_enc_pearl.narc,/application/zukanlist/zkn_data/zukan_enc_pearl.narc!/member_03060,0,/application/zukanlist/zkn_data/zukan_enc_pearl.narc,92,3060,,59160,59164,19476,19480,4,df3f619804a92fdb4057192dc43dd748ea778adc52bc498ce80524c014b81119,00000000,,,,,False,,,,,,,,,,False,False
/application/zukanlist/zkn_data/zukan_enc_pearl.narc,/application/zukanlist/zkn_data/zukan_enc_pearl.narc!/member_03061,0,/application/zukanlist/zkn_data/zukan_enc_pearl.narc,92,3061,,59164,59168,19480,19484,4,df3f619804a92fdb4057192dc43dd748ea778adc52bc498ce80524c014b81119,00000000,,,,,False,,,,,,,,,,False,False
/application/zukanlist/zkn_data/zukan_enc_pearl.narc,/application/zukanlist/zkn_data/zukan_enc_pearl.narc!/member_03062,0,/application/zukanlist/zkn_data/zukan_enc_pearl.narc,92,3062,,59168,59172,19484,19488,4,df3f619804a92fdb4057192dc43dd748ea778adc52bc498ce80524c014b81119,00000000,,,,,False,,,,,,,,,,False,False
/application/zukanlist/zkn_data/zukan_enc_pearl.narc,/application/zukanlist/zkn_data/zukan_enc_pearl.narc!/member_03063,0,/application/zukanlist/zkn_data/zukan_enc_pearl.narc,92,3063,,59172,59176,19488,19492,4,df3f619804a92fdb4057192dc43dd748ea778adc52bc498ce80524c014b81119,00000000,,,,,False,,,,,,,,,,False,False
/application/zukanlist/zkn_data/zukan_enc_pearl.narc,/application/zukanlist/zkn_data/zukan_enc_pearl.narc!/member_03064,0,/application/zukanlist/zkn_data/zukan_enc_pearl.narc,92,3064,,59176,59192,19492,19508,16,f02a59e25f28c5430817846511bae48e7c81ec9f1fe011e02713614d466d0a88,06000000070000001100000000000000,,,,,False,,,,,,,,,,False,False
/application/zukanlist/zkn_data/zukan_enc_pearl.narc,/application/zukanlist/zkn_data/zukan_enc_pearl.narc!/member_03065,0,/application/zukanlist/zkn_data/zukan_enc_pearl.narc,92,3065,,59192,59196,19508,19512,4,df3f619804a92fdb4057192dc43dd748ea778adc52bc498ce80524c014b81119,00000000,,,,,False,,,,,,,,,,False,False
/application/zukanlist/zkn_data/zukan_enc_pearl.narc,/application/zukanlist/zkn_data/zukan_enc_pearl.narc!/member_03066,0,/application/zukanlist/zkn_data/zukan_enc_pearl.narc,92,3066,,59196,59200,19512,19516,4,df3f619804a92fdb4057192dc43dd748ea778adc52bc498ce80524c014b81119,00000000,,,,,False,,,,,,,,,,False,False
/application/zukanlist/zkn_data/zukan_enc_pearl.narc,/application/zukanlist/zkn_data/zukan_enc_pearl.narc!/member_03067,0,/application/zukanlist/zkn_data/zukan_enc_pearl.narc,92,3067,,59200,59204,19516,19520,4,df3f619804a92fdb4057192dc43dd748ea778adc52bc498ce80524c014b81119,00000000,,,,,False,,,,,,,,,,False,False
/application/zukanlist/zkn_data/zukan_enc_pearl.narc,/application/zukanlist/zkn_data/zukan_enc_pearl.narc!/member_03068,0,/application/zukanlist/zkn_data/zukan_enc_pearl.narc,92,3068,,59204,59208,19520,19524,4,df3f619804a92fdb4057192dc43dd748ea778adc52bc498ce80524c014b81119,00000000,,,,,False,,,,,,,,,,False,False
/application/zukanlist/zkn_data/zukan_enc_pearl.narc,/application/zukanlist/zkn_data/zukan_enc_pearl.narc!/member_03069,0,/application/zukanlist/zkn_data/zukan_enc_pearl.narc,92,3069,,59208,59212,19524,19528,4,df3f619804a92fdb4057192dc43dd748ea778adc52bc498ce80524c014b81119,00000000,,,,,False,,,,,,,,,,False,False
/application/zukanlist/zkn_data/zukan_enc_pearl.narc,/application/zukanlist/zkn_data/zukan_enc_pearl.narc!/member_03070,0,/application/zukanlist/zkn_data/zukan_enc_pearl.narc,92,3070,,59212,59216,19528,19532,4,df3f619804a92fdb4057192dc43dd748ea778adc52bc498ce80524c014b81119,00000000,,,,,False,,,,,,,,,,False,False
/application/zukanlist/zkn_data/zukan_enc_pearl.narc,/application/zukanlist/zkn_data/zukan_enc_pearl.narc!/member_03071,0,/application/zukanlist/zkn_data/zukan_enc_pearl.narc,92,3071,,59216,59220,19532,19536,4,df3f619804a92fdb4057192dc43dd748ea778adc52bc498ce80524c014b81119,00000000,,,,,False,,,,,,,,,,False,False
/application/zukanlist/zkn_data/zukan_enc_pearl.narc,/application/zukanlist/zkn_data/zukan_enc_pearl.narc!/member_03072,0,/application/zukanlist/zkn_data/zukan_enc_pearl.narc,92,3072,,59220,59224,19536,19540,4,df3f619804a92fdb4057192dc43dd748ea778adc52bc498ce80524c014b81119,00000000,,,,,False,,,,,,,,,,False,False
/application/zukanlist/zkn_data/zukan_enc_pearl.narc,/application/zukanlist/zkn_data/zukan_enc_pearl.narc!/member_03073,0,/application/zukanlist/zkn_data/zukan_enc_pearl.narc,92,3073,,59224,59228,19540,19544,4,df3f619804a92fdb4057192dc43dd748ea778adc52bc498ce80524c014b81119,00000000,,,,,False,,,,,,,,,,False,False
/application/zukanlist/zkn_data/zukan_enc_pearl.narc,/application/zukanlist/zkn_data/zukan_enc_pearl.narc!/member_03074,0,/application/zukanlist/zkn_data/zukan_enc_pearl.narc,92,3074,,59228,59232,19544,19548,4,df3f619804a92fdb4057192dc43dd748ea778adc52bc498ce80524c014b81119,00000000,,,,,False,,,,,,,,,,False,False
/application/zukanlist/zkn_data/zukan_enc_pearl.narc,/application/zukanlist/zkn_data/zukan_enc_pearl.narc!/member_03075,0,/application/zukanlist/zkn_data/zukan_enc_pearl.narc,92,3075,,59232,59236,19548,19552,4,df3f619804a92fdb4057192dc43dd748ea778adc52bc498ce80524c014b81119,00000000,,,,,False,,,,,,,,,,False,False
/application/zukanlist/zkn_data/zukan_enc_pearl.narc,/application/zukanlist/zkn_data/zukan_enc_pearl.narc!/member_03076,0,/application/zukanlist/zkn_data/zukan_enc_pearl.narc,92,3076,,59236,59240,19552,19556,4,df3f619804a92fdb4057192dc43dd748ea778adc52bc498ce80524c014b81119,00000000,,,,,False,,,,,,,,,,False,False
/application/zukanlist/zkn_data/zukan_enc_pearl.narc,/application/zukanlist/zkn_data/zukan_enc_pearl.narc!/member_03077,0,/application/zukanlist/zkn_data/zukan_enc_pearl.narc,92,3077,,59240,59244,19556,19560,4,df3f619804a92fdb4057192dc43dd748ea778adc52bc498ce80524c014b81119,00000000,,,,,False,,,,,,,,,,False,False
/application/zukanlist/zkn_data/zukan_enc_pearl.narc,/application/zukanlist/zkn_data/zukan_enc_pearl.narc!/member_03078,0,/application/zukanlist/zkn_data/zukan_enc_pearl.narc,92,3078,,59244,59248,19560,19564,4,df3f619804a92fdb4057192dc43dd748ea778adc52bc498ce80524c014b81119,00000000,,,,,False,,,,,,,,,,False,False
/application/zukanlist/zkn_data/zukan_enc_pearl.narc,/application/zukanlist/zkn_data/zukan_enc_pearl.narc!/member_03079,0,/application/zukanlist/zkn_data/zukan_enc_pearl.narc,92,3079,,59248,59252,19564,19568,4,df3f619804a92fdb4057192dc43dd748ea778adc52bc498ce80524c014b81119,00000000,,,,,False,,,,,,,,,,False,False
/application/zukanlist/zkn_data/zukan_enc_pearl.narc,/application/zukanlist/zkn_data/zukan_enc_pearl.narc!/member_03080,0,/application/zukanlist/zkn_data/zukan_enc_pearl.narc,92,3080,,59252,59256,19568,19572,4,df3f619804a92fdb4057192dc43dd748ea778adc52bc498ce80524c014b81119,00000000,,,,,False,,,,,,,,,,False,False
/application/zukanlist/zkn_data/zukan_enc_pearl.narc,/application/zukanlist/zkn_data/zukan_enc_pearl.narc!/member_03081,0,/application/zukanlist/zkn_data/zukan_enc_pearl.narc,92,3081,,59256,59260,19572,19576,4,df3f619804a92fdb4057192dc43dd748ea778adc52bc498ce80524c014b81119,00000000,,,,,False,,,,,,,,,,False,False
/application/zukanlist/zkn_data/zukan_enc_pearl.narc,/application/zukanlist/zkn_data/zukan_enc_pearl.narc!/member_03082,0,/application/zukanlist/zkn_data/zukan_enc_pearl.narc,92,3082,,59260,59264,19576,19580,4,df3f619804a92fdb4057192dc43dd748ea778adc52bc498ce80524c014b81119,00000000,,,,,False,,,,,,,,,,False,False
/application/zukanlist/zkn_data/zukan_enc_pearl.narc,/application/zukanlist/zkn_data/zukan_enc_pearl.narc!/member_03083,0,/application/zukanlist/zkn_data/zukan_enc_pearl.narc,92,3083,,59264,59268,19580,19584,4,df3f619804a92fdb4057192dc43dd748ea778adc52bc498ce80524c014b81119,00000000,,,,,False,,,,,,,,,,False,False
/application/zukanlist/zkn_data/zukan_enc_pearl.narc,/application/zukanlist/zkn_data/zukan_enc_pearl.narc!/member_03084,0,/application/zukanlist/zkn_data/zukan_enc_pearl.narc,92,3084,,59268,59280,19584,19596,12,82845f601ec6f67c6123951adc94a3a015e24cb0ab292fb289695e981c4a6a7a,080000002800000000000000,,,,,False,,,,,,,,,,False,False
/application/zukanlist/zkn_data/zukan_enc_pearl.narc,/application/zukanlist/zkn_data/zukan_enc_pearl.narc!/member_03085,0,/application/zukanlist/zkn_data/zukan_enc_pearl.narc,92,3085,,59280,59292,19596,19608,12,82845f601ec6f67c6123951adc94a3a015e24cb0ab292fb289695e981c4a6a7a,080000002800000000000000,,,,,False,,,,,,,,,,False,False
/application/zukanlist/zkn_data/zukan_enc_pearl.narc,/application/zukanlist/zkn_data/zukan_enc_pearl.narc!/member_03086,0,/application/zukanlist/zkn_data/zukan_enc_pearl.narc,92,3086,,59292,59308,19608,19624,16,c081698ecbc147b7a7bf91906a7c80b6cdbf7118afa1d59efee6ddb16a2606c8,08000000280000002900000000000000,,,,,False,,,,,,,,,,False,False
/application/zukanlist/zkn_data/zukan_enc_pearl.narc,/application/zukanlist/zkn_data/zukan_enc_pearl.narc!/member_03087,0,/application/zukanlist/zkn_data/zukan_enc_pearl.narc,92,3087,,59308,59320,19624,19636,12,8274d6cd5c457eb9d21d15ef7fc534c460554c75de83491091c05d37d1934bf7,160000001700000000000000,,,,,False,,,,,,,,,,False,False
/application/zukanlist/zkn_data/zukan_enc_pearl.narc,/application/zukanlist/zkn_data/zukan_enc_pearl.narc!/member_03088,0,/application/zukanlist/zkn_data/zukan_enc_pearl.narc,92,3088,,59320,59324,19636,19640,4,df3f619804a92fdb4057192dc43dd748ea778adc52bc498ce80524c014b81119,00000000,,,,,False,,,,,,,,,,False,False
/application/zukanlist/zkn_data/zukan_enc_pearl.narc,/application/zukanlist/zkn_data/zukan_enc_pearl.narc!/member_03089,0,/application/zukanlist/zkn_data/zukan_enc_pearl.narc,92,3089,,59324,59328,19640,19644,4,df3f619804a92fdb4057192dc43dd748ea778adc52bc498ce80524c014b81119,00000000,,,,,False,,,,,,,,,,False,False
/application/zukanlist/zkn_data/zukan_enc_pearl.narc,/application/zukanlist/zkn_data/zukan_enc_pearl.narc!/member_03090,0,/application/zukanlist/zkn_data/zukan_enc_pearl.narc,92,3090,,59328,59336,19644,19652,8,4779cee98e83f1a1592de4f293107545fabab96772e43de89f3437b35f08938f,3000000000000000,,Nintendo RLE,Probable,,True,Nintendo RLE,Probable,False,0,,,,,,False,False
/application/zukanlist/zkn_data/zukan_enc_pearl.narc,/application/zukanlist/zkn_data/zukan_enc_pearl.narc!/member_03091,0,/application/zukanlist/zkn_data/zukan_enc_pearl.narc,92,3091,,59336,59344,19652,19660,8,4779cee98e83f1a1592de4f293107545fabab96772e43de89f3437b35f08938f,3000000000000000,,Nintendo RLE,Probable,,True,Nintendo RLE,Probable,False,0,,,,,,False,False
/application/zukanlist/zkn_data/zukan_enc_pearl.narc,/application/zukanlist/zkn_data/zukan_enc_pearl.narc!/member_03092,0,/application/zukanlist/zkn_data/zukan_enc_pearl.narc,92,3092,,59344,59380,19660,19696,36,cd2d265400cdefa5032cea7071cfd8746969ee4e292e82a674fd8f708ae46a28,0e0000000f0000001000000016000000,,,,,False,,,,,,,,,,False,False
/application/zukanlist/zkn_data/zukan_enc_pearl.narc,/application/zukanlist/zkn_data/zukan_enc_pearl.narc!/member_03093,0,/application/zukanlist/zkn_data/zukan_enc_pearl.narc,92,3093,,59380,59416,19696,19732,36,cd2d265400cdefa5032cea7071cfd8746969ee4e292e82a674fd8f708ae46a28,0e0000000f0000001000000016000000,,,,,False,,,,,,,,,,False,False
/application/zukanlist/zkn_data/zukan_enc_pearl.narc,/application/zukanlist/zkn_data/zukan_enc_pearl.narc!/member_03094,0,/application/zukanlist/zkn_data/zukan_enc_pearl.narc,92,3094,,59416,59428,19732,19744,12,26e932d7918278fb621172cc61dee1659b87da039613f6212f4959d013f243cd,010000000400000000000000,,,,,False,,,,,,,,,,False,False
/application/zukanlist/zkn_data/zukan_enc_pearl.narc,/application/zukanlist/zkn_data/zukan_enc_pearl.narc!/member_03095,0,/application/zukanlist/zkn_data/zukan_enc_pearl.narc,92,3095,,59428,59432,19744,19748,4,df3f619804a92fdb4057192dc43dd748ea778adc52bc498ce80524c014b81119,00000000,,,,,False,,,,,,,,,,False,False
/application/zukanlist/zkn_data/zukan_enc_pearl.narc,/application/zukanlist/zkn_data/zukan_enc_pearl.narc!/member_03096,0,/application/zukanlist/zkn_data/zukan_enc_pearl.narc,92,3096,,59432,59436,19748,19752,4,df3f619804a92fdb4057192dc43dd748ea778adc52bc498ce80524c014b81119,00000000,,,,,False,,,,,,,,,,False,False
/application/zukanlist/zkn_data/zukan_enc_pearl.narc,/application/zukanlist/zkn_data/zukan_enc_pearl.narc!/member_03097,0,/application/zukanlist/zkn_data/zukan_enc_pearl.narc,92,3097,,59436,59440,19752,19756,4,df3f619804a92fdb4057192dc43dd748ea778adc52bc498ce80524c014b81119,00000000,,,,,False,,,,,,,,,,False,False
/application/zukanlist/zkn_data/zukan_enc_pearl.narc,/application/zukanlist/zkn_data/zukan_enc_pearl.narc!/member_03098,0,/application/zukanlist/zkn_data/zukan_enc_pearl.narc,92,3098,,59440,59444,19756,19760,4,df3f619804a92fdb4057192dc43dd748ea778adc52bc498ce80524c014b81119,00000000,,,,,False,,,,,,,,,,False,False
/application/zukanlist/zkn_data/zukan_enc_pearl.narc,/application/zukanlist/zkn_data/zukan_enc_pearl.narc!/member_03099,0,/application/zukanlist/zkn_data/zukan_enc_pearl.narc,92,3099,,59444,59448,19760,19764,4,df3f619804a92fdb4057192dc43dd748ea778adc52bc498ce80524c014b81119,00000000,,,,,False,,,,,,,,,,False,False
/application/zukanlist/zkn_data/zukan_enc_pearl.narc,/application/zukanlist/zkn_data/zukan_enc_pearl.narc!/member_03100,0,/application/zukanlist/zkn_data/zukan_enc_pearl.narc,92,3100,,59448,59452,19764,19768,4,df3f619804a92fdb4057192dc43dd748ea778adc52bc498ce80524c014b81119,00000000,,,,,False,,,,,,,,,,False,False
/application/zukanlist/zkn_data/zukan_enc_pearl.narc,/application/zukanlist/zkn_data/zukan_enc_pearl.narc!/member_03101,0,/application/zukanlist/zkn_data/zukan_enc_pearl.narc,92,3101,,59452,59460,19768,19776,8,ed049108bc18f2c64369e8d0ea42850bdd1a7d1dd340cfde716315579702a76c,2a00000000000000,,,,,False,,,,,,,,,,False,False
/application/zukanlist/zkn_data/zukan_enc_pearl.narc,/application/zukanlist/zkn_data/zukan_enc_pearl.narc!/member_03102,0,/application/zukanlist/zkn_data/zukan_enc_pearl.narc,92,3102,,59460,59464,19776,19780,4,df3f619804a92fdb4057192dc43dd748ea778adc52bc498ce80524c014b81119,00000000,,,,,False,,,,,,,,,,False,False
/application/zukanlist/zkn_data/zukan_enc_pearl.narc,/application/zukanlist/zkn_data/zukan_enc_pearl.narc!/member_03103,0,/application/zukanlist/zkn_data/zukan_enc_pearl.narc,92,3103,,59464,59612,19780,19928,148,b798f55240028a331b08e502e32378c39e0af5135ef9888029013ed89ef17a9e,01000000020000000300000004000000,,,,,False,,,,,,,,,,False,False
/application/zukanlist/zkn_data/zukan_enc_pearl.narc,/application/zukanlist/zkn_data/zukan_enc_pearl.narc!/member_03104,0,/application/zukanlist/zkn_data/zukan_enc_pearl.narc,92,3104,,59612,59760,19928,20076,148,b798f55240028a331b08e502e32378c39e0af5135ef9888029013ed89ef17a9e,01000000020000000300000004000000,,,,,False,,,,,,,,,,False,False
/application/zukanlist/zkn_data/zukan_enc_pearl.narc,/application/zukanlist/zkn_data/zukan_enc_pearl.narc!/member_03105,0,/application/zukanlist/zkn_data/zukan_enc_pearl.narc,92,3105,,59760,59764,20076,20080,4,df3f619804a92fdb4057192dc43dd748ea778adc52bc498ce80524c014b81119,00000000,,,,,False,,,,,,,,,,False,False
/application/zukanlist/zkn_data/zukan_enc_pearl.narc,/application/zukanlist/zkn_data/zukan_enc_pearl.narc!/member_03106,0,/application/zukanlist/zkn_data/zukan_enc_pearl.narc,92,3106,,59764,59768,20080,20084,4,df3f619804a92fdb4057192dc43dd748ea778adc52bc498ce80524c014b81119,00000000,,,,,False,,,,,,,,,,False,False
/application/zukanlist/zkn_data/zukan_enc_pearl.narc,/application/zukanlist/zkn_data/zukan_enc_pearl.narc!/member_03107,0,/application/zukanlist/zkn_data/zukan_enc_pearl.narc,92,3107,,59768,59772,20084,20088,4,df3f619804a92fdb4057192dc43dd748ea778adc52bc498ce80524c014b81119,00000000,,,,,False,,,,,,,,,,False,False
/application/zukanlist/zkn_data/zukan_enc_pearl.narc,/application/zukanlist/zkn_data/zukan_enc_pearl.narc!/member_03108,0,/application/zukanlist/zkn_data/zukan_enc_pearl.narc,92,3108,,59772,59776,20088,20092,4,df3f619804a92fdb4057192dc43dd748ea778adc52bc498ce80524c014b81119,00000000,,,,,False,,,,,,,,,,False,False
/application/zukanlist/zkn_data/zukan_enc_pearl.narc,/application/zukanlist/zkn_data/zukan_enc_pearl.narc!/member_03109,0,/application/zukanlist/zkn_data/zukan_enc_pearl.narc,92,3109,,59776,59780,20092,20096,4,df3f619804a92fdb4057192dc43dd748ea778adc52bc498ce80524c014b81119,00000000,,,,,False,,,,,,,,,,False,False
/application/zukanlist/zkn_data/zukan_enc_pearl.narc,/application/zukanlist/zkn_data/zukan_enc_pearl.narc!/member_03110,0,/application/zukanlist/zkn_data/zukan_enc_pearl.narc,92,3110,,59780,59784,20096,20100,4,df3f619804a92fdb4057192dc43dd748ea778adc52bc498ce80524c014b81119,00000000,,,,,False,,,,,,,,,,False,False
/application/zukanlist/zkn_data/zukan_enc_pearl.narc,/application/zukanlist/zkn_data/zukan_enc_pearl.narc!/member_03111,0,/application/zukanlist/zkn_data/zukan_enc_pearl.narc,92,3111,,59784,59788,20100,20104,4,df3f619804a92fdb4057192dc43dd748ea778adc52bc498ce80524c014b81119,00000000,,,,,False,,,,,,,,,,False,False
/application/zukanlist/zkn_data/zukan_enc_pearl.narc,/application/zukanlist/zkn_data/zukan_enc_pearl.narc!/member_03112,0,/application/zukanlist/zkn_data/zukan_enc_pearl.narc,92,3112,,59788,59792,20104,20108,4,df3f619804a92fdb4057192dc43dd748ea778adc52bc498ce80524c014b81119,00000000,,,,,False,,,,,,,,,,False,False
/application/zukanlist/zkn_data/zukan_enc_pearl.narc,/application/zukanlist/zkn_data/zukan_enc_pearl.narc!/member_03113,0,/application/zukanlist/zkn_data/zukan_enc_pearl.narc,92,3113,,59792,59796,20108,20112,4,df3f619804a92fdb4057192dc43dd748ea778adc52bc498ce80524c014b81119,00000000,,,,,False,,,,,,,,,,False,False
/application/zukanlist/zkn_data/zukan_enc_pearl.narc,/application/zukanlist/zkn_data/zukan_enc_pearl.narc!/member_03114,0,/application/zukanlist/zkn_data/zukan_enc_pearl.narc,92,3114,,59796,59800,20112,20116,4,df3f619804a92fdb4057192dc43dd748ea778adc52bc498ce80524c014b81119,00000000,,,,,False,,,,,,,,,,False,False
/application/zukanlist/zkn_data/zukan_enc_pearl.narc,/application/zukanlist/zkn_data/zukan_enc_pearl.narc!/member_03115,0,/application/zukanlist/zkn_data/zukan_enc_pearl.narc,92,3115,,59800,59804,20116,20120,4,df3f619804a92fdb4057192dc43dd748ea778adc52bc498ce80524c014b81119,00000000,,,,,False,,,,,,,,,,False,False
/application/zukanlist/zkn_data/zukan_enc_pearl.narc,/application/zukanlist/zkn_data/zukan_enc_pearl.narc!/member_03116,0,/application/zukanlist/zkn_data/zukan_enc_pearl.narc,92,3116,,59804,59808,20120,20124,4,df3f619804a92fdb4057192dc43dd748ea778adc52bc498ce80524c014b81119,00000000,,,,,False,,,,,,,,,,False,False
/application/zukanlist/zkn_data/zukan_enc_pearl.narc,/application/zukanlist/zkn_data/zukan_enc_pearl.narc!/member_03117,0,/application/zukanlist/zkn_data/zukan_enc_pearl.narc,92,3117,,59808,59812,20124,20128,4,df3f619804a92fdb4057192dc43dd748ea778adc52bc498ce80524c014b81119,00000000,,,,,False,,,,,,,,,,False,False
/application/zukanlist/zkn_data/zukan_enc_pearl.narc,/application/zukanlist/zkn_data/zukan_enc_pearl.narc!/member_03118,0,/application/zukanlist/zkn_data/zukan_enc_pearl.narc,92,3118,,59812,59816,20128,20132,4,df3f619804a92fdb4057192dc43dd748ea778adc52bc498ce80524c014b81119,00000000,,,,,False,,,,,,,,,,False,False
/application/zukanlist/zkn_data/zukan_enc_pearl.narc,/application/zukanlist/zkn_data/zukan_enc_pearl.narc!/member_03119,0,/application/zukanlist/zkn_data/zukan_enc_pearl.narc,92,3119,,59816,59820,20132,20136,4,df3f619804a92fdb4057192dc43dd748ea778adc52bc498ce80524c014b81119,00000000,,,,,False,,,,,,,,,,False,False
/application/zukanlist/zkn_data/zukan_enc_pearl.narc,/application/zukanlist/zkn_data/zukan_enc_pearl.narc!/member_03120,0,/application/zukanlist/zkn_data/zukan_enc_pearl.narc,92,3120,,59820,59824,20136,20140,4,df3f619804a92fdb4057192dc43dd748ea778adc52bc498ce80524c014b81119,00000000,,,,,False,,,,,,,,,,False,False
/application/zukanlist/zkn_data/zukan_enc_pearl.narc,/application/zukanlist/zkn_data/zukan_enc_pearl.narc!/member_03121,0,/application/zukanlist/zkn_data/zukan_enc_pearl.narc,92,3121,,59824,59828,20140,20144,4,df3f619804a92fdb4057192dc43dd748ea778adc52bc498ce80524c014b81119,00000000,,,,,False,,,,,,,,,,False,False
/application/zukanlist/zkn_data/zukan_enc_pearl.narc,/application/zukanlist/zkn_data/zukan_enc_pearl.narc!/member_03122,0,/application/zukanlist/zkn_data/zukan_enc_pearl.narc,92,3122,,59828,59832,20144,20148,4,df3f619804a92fdb4057192dc43dd748ea778adc52bc498ce80524c014b81119,00000000,,,,,False,,,,,,,,,,False,False
/application/zukanlist/zkn_data/zukan_enc_pearl.narc,/application/zukanlist/zkn_data/zukan_enc_pearl.narc!/member_03123,0,/application/zukanlist/zkn_data/zukan_enc_pearl.narc,92,3123,,59832,59836,20148,20152,4,df3f619804a92fdb4057192dc43dd748ea778adc52bc498ce80524c014b81119,00000000,,,,,False,,,,,,,,,,False,False
/application/zukanlist/zkn_data/zukan_enc_pearl.narc,/application/zukanlist/zkn_data/zukan_enc_pearl.narc!/member_03124,0,/application/zukanlist/zkn_data/zukan_enc_pearl.narc,92,3124,,59836,59840,20152,20156,4,df3f619804a92fdb4057192dc43dd748ea778adc52bc498ce80524c014b81119,00000000,,,,,False,,,,,,,,,,False,False
/application/zukanlist/zkn_data/zukan_enc_pearl.narc,/application/zukanlist/zkn_data/zukan_enc_pearl.narc!/member_03125,0,/application/zukanlist/zkn_data/zukan_enc_pearl.narc,92,3125,,59840,59844,20156,20160,4,df3f619804a92fdb4057192dc43dd748ea778adc52bc498ce80524c014b81119,00000000,,,,,False,,,,,,,,,,False,False
/application/zukanlist/zkn_data/zukan_enc_pearl.narc,/application/zukanlist/zkn_data/zukan_enc_pearl.narc!/member_03126,0,/application/zukanlist/zkn_data/zukan_enc_pearl.narc,92,3126,,59844,59848,20160,20164,4,df3f619804a92fdb4057192dc43dd748ea778adc52bc498ce80524c014b81119,00000000,,,,,False,,,,,,,,,,False,False
/application/zukanlist/zkn_data/zukan_enc_pearl.narc,/application/zukanlist/zkn_data/zukan_enc_pearl.narc!/member_03127,0,/application/zukanlist/zkn_data/zukan_enc_pearl.narc,92,3127,,59848,59852,20164,20168,4,df3f619804a92fdb4057192dc43dd748ea778adc52bc498ce80524c014b81119,00000000,,,,,False,,,,,,,,,,False,False
/application/zukanlist/zkn_data/zukan_enc_pearl.narc,/application/zukanlist/zkn_data/zukan_enc_pearl.narc!/member_03128,0,/application/zukanlist/zkn_data/zukan_enc_pearl.narc,92,3128,,59852,59856,20168,20172,4,df3f619804a92fdb4057192dc43dd748ea778adc52bc498ce80524c014b81119,00000000,,,,,False,,,,,,,,,,False,False
/application/zukanlist/zkn_data/zukan_enc_pearl.narc,/application/zukanlist/zkn_data/zukan_enc_pearl.narc!/member_03129,0,/application/zukanlist/zkn_data/zukan_enc_pearl.narc,92,3129,,59856,59860,20172,20176,4,df3f619804a92fdb4057192dc43dd748ea778adc52bc498ce80524c014b81119,00000000,,,,,False,,,,,,,,,,False,False
/application/zukanlist/zkn_data/zukan_enc_pearl.narc,/application/zukanlist/zkn_data/zukan_enc_pearl.narc!/member_03130,0,/application/zukanlist/zkn_data/zukan_enc_pearl.narc,92,3130,,59860,59864,20176,20180,4,df3f619804a92fdb4057192dc43dd748ea778adc52bc498ce80524c014b81119,00000000,,,,,False,,,,,,,,,,False,False
/application/zukanlist/zkn_data/zukan_enc_pearl.narc,/application/zukanlist/zkn_data/zukan_enc_pearl.narc!/member_03131,0,/application/zukanlist/zkn_data/zukan_enc_pearl.narc,92,3131,,59864,59868,20180,20184,4,df3f619804a92fdb4057192dc43dd748ea778adc52bc498ce80524c014b81119,00000000,,,,,False,,,,,,,,,,False,False
/application/zukanlist/zkn_data/zukan_enc_pearl.narc,/application/zukanlist/zkn_data/zukan_enc_pearl.narc!/member_03132,0,/application/zukanlist/zkn_data/zukan_enc_pearl.narc,92,3132,,59868,59872,20184,20188,4,df3f619804a92fdb4057192dc43dd748ea778adc52bc498ce80524c014b81119,00000000,,,,,False,,,,,,,,,,False,False
/application/zukanlist/zkn_data/zukan_enc_pearl.narc,/application/zukanlist/zkn_data/zukan_enc_pearl.narc!/member_03133,0,/application/zukanlist/zkn_data/zukan_enc_pearl.narc,92,3133,,59872,59876,20188,20192,4,df3f619804a92fdb4057192dc43dd748ea778adc52bc498ce80524c014b81119,00000000,,,,,False,,,,,,,,,,False,False
/application/zukanlist/zkn_data/zukan_enc_pearl.narc,/application/zukanlist/zkn_data/zukan_enc_pearl.narc!/member_03134,0,/application/zukanlist/zkn_data/zukan_enc_pearl.narc,92,3134,,59876,59880,20192,20196,4,df3f619804a92fdb4057192dc43dd748ea778adc52bc498ce80524c014b81119,00000000,,,,,False,,,,,,,,,,False,False
/application/zukanlist/zkn_data/zukan_enc_pearl.narc,/application/zukanlist/zkn_data/zukan_enc_pearl.narc!/member_03135,0,/application/zukanlist/zkn_data/zukan_enc_pearl.narc,92,3135,,59880,59884,20196,20200,4,df3f619804a92fdb4057192dc43dd748ea778adc52bc498ce80524c014b81119,00000000,,,,,False,,,,,,,,,,False,False
/application/zukanlist/zkn_data/zukan_enc_pearl.narc,/application/zukanlist/zkn_data/zukan_enc_pearl.narc!/member_03136,0,/application/zukanlist/zkn_data/zukan_enc_pearl.narc,92,3136,,59884,59888,20200,20204,4,df3f619804a92fdb4057192dc43dd748ea778adc52bc498ce80524c014b81119,00000000,,,,,False,,,,,,,,,,False,False
/application/zukanlist/zkn_data/zukan_enc_pearl.narc,/application/zukanlist/zkn_data/zukan_enc_pearl.narc!/member_03137,0,/application/zukanlist/zkn_data/zukan_enc_pearl.narc,92,3137,,59888,59892,20204,20208,4,df3f619804a92fdb4057192dc43dd748ea778adc52bc498ce80524c014b81119,00000000,,,,,False,,,,,,,,,,False,False
/application/zukanlist/zkn_data/zukan_enc_pearl.narc,/application/zukanlist/zkn_data/zukan_enc_pearl.narc!/member_03138,0,/application/zukanlist/zkn_data/zukan_enc_pearl.narc,92,3138,,59892,59896,20208,20212,4,df3f619804a92fdb4057192dc43dd748ea778adc52bc498ce80524c014b81119,00000000,,,,,False,,,,,,,,,,False,False
/application/zukanlist/zkn_data/zukan_enc_pearl.narc,/application/zukanlist/zkn_data/zukan_enc_pearl.narc!/member_03139,0,/application/zukanlist/zkn_data/zukan_enc_pearl.narc,92,3139,,59896,59900,20212,20216,4,df3f619804a92fdb4057192dc43dd748ea778adc52bc498ce80524c014b81119,00000000,,,,,False,,,,,,,,,,False,False
/application/zukanlist/zkn_data/zukan_enc_pearl.narc,/application/zukanlist/zkn_data/zukan_enc_pearl.narc!/member_03140,0,/application/zukanlist/zkn_data/zukan_enc_pearl.narc,92,3140,,59900,59904,20216,20220,4,df3f619804a92fdb4057192dc43dd748ea778adc52bc498ce80524c014b81119,00000000,,,,,False,,,,,,,,,,False,False
/application/zukanlist/zkn_data/zukan_enc_pearl.narc,/application/zukanlist/zkn_data/zukan_enc_pearl.narc!/member_03141,0,/application/zukanlist/zkn_data/zukan_enc_pearl.narc,92,3141,,59904,59908,20220,20224,4,df3f619804a92fdb4057192dc43dd748ea778adc52bc498ce80524c014b81119,00000000,,,,,False,,,,,,,,,,False,False
/application/zukanlist/zkn_data/zukan_enc_pearl.narc,/application/zukanlist/zkn_data/zukan_enc_pearl.narc!/member_03142,0,/application/zukanlist/zkn_data/zukan_enc_pearl.narc,92,3142,,59908,59912,20224,20228,4,df3f619804a92fdb4057192dc43dd748ea778adc52bc498ce80524c014b81119,00000000,,,,,False,,,,,,,,,,False,False
/application/zukanlist/zkn_data/zukan_enc_pearl.narc,/application/zukanlist/zkn_data/zukan_enc_pearl.narc!/member_03143,0,/application/zukanlist/zkn_data/zukan_enc_pearl.narc,92,3143,,59912,59916,20228,20232,4,df3f619804a92fdb4057192dc43dd748ea778adc52bc498ce80524c014b81119,00000000,,,,,False,,,,,,,,,,False,False
/application/zukanlist/zkn_data/zukan_enc_pearl.narc,/application/zukanlist/zkn_data/zukan_enc_pearl.narc!/member_03144,0,/application/zukanlist/zkn_data/zukan_enc_pearl.narc,92,3144,,59916,59924,20232,20240,8,6e3989bfdab9675089a296f8b974431cbf419dc763f2e14620cd2b8b03b7d741,2e00000000000000,,,,,False,,,,,,,,,,False,False
/application/zukanlist/zkn_data/zukan_enc_pearl.narc,/application/zukanlist/zkn_data/zukan_enc_pearl.narc!/member_03145,0,/application/zukanlist/zkn_data/zukan_enc_pearl.narc,92,3145,,59924,59932,20240,20248,8,6e3989bfdab9675089a296f8b974431cbf419dc763f2e14620cd2b8b03b7d741,2e00000000000000,,,,,False,,,,,,,,,,False,False
/application/zukanlist/zkn_data/zukan_enc_pearl.narc,/application/zukanlist/zkn_data/zukan_enc_pearl.narc!/member_03146,0,/application/zukanlist/zkn_data/zukan_enc_pearl.narc,92,3146,,59932,59936,20248,20252,4,df3f619804a92fdb4057192dc43dd748ea778adc52bc498ce80524c014b81119,00000000,,,,,False,,,,,,,,,,False,False
/application/zukanlist/zkn_data/zukan_enc_pearl.narc,/application/zukanlist/zkn_data/zukan_enc_pearl.narc!/member_03147,0,/application/zukanlist/zkn_data/zukan_enc_pearl.narc,92,3147,,59936,59940,20252,20256,4,df3f619804a92fdb4057192dc43dd748ea778adc52bc498ce80524c014b81119,00000000,,,,,False,,,,,,,,,,False,False
/application/zukanlist/zkn_data/zukan_enc_pearl.narc,/application/zukanlist/zkn_data/zukan_enc_pearl.narc!/member_03148,0,/application/zukanlist/zkn_data/zukan_enc_pearl.narc,92,3148,,59940,59944,20256,20260,4,df3f619804a92fdb4057192dc43dd748ea778adc52bc498ce80524c014b81119,00000000,,,,,False,,,,,,,,,,False,False
/application/zukanlist/zkn_data/zukan_enc_pearl.narc,/application/zukanlist/zkn_data/zukan_enc_pearl.narc!/member_03149,0,/application/zukanlist/zkn_data/zukan_enc_pearl.narc,92,3149,,59944,59948,20260,20264,4,df3f619804a92fdb4057192dc43dd748ea778adc52bc498ce80524c014b81119,00000000,,,,,False,,,,,,,,,,False,False
/application/zukanlist/zkn_data/zukan_enc_pearl.narc,/application/zukanlist/zkn_data/zukan_enc_pearl.narc!/member_03150,0,/application/zukanlist/zkn_data/zukan_enc_pearl.narc,92,3150,,59948,59952,20264,20268,4,df3f619804a92fdb4057192dc43dd748ea778adc52bc498ce80524c014b81119,00000000,,,,,False,,,,,,,,,,False,False
/application/zukanlist/zkn_data/zukan_enc_pearl.narc,/application/zukanlist/zkn_data/zukan_enc_pearl.narc!/member_03151,0,/application/zukanlist/zkn_data/zukan_enc_pearl.narc,92,3151,,59952,59956,20268,20272,4,df3f619804a92fdb4057192dc43dd748ea778adc52bc498ce80524c014b81119,00000000,,,,,False,,,,,,,,,,False,False
/application/zukanlist/zkn_data/zukan_enc_pearl.narc,/application/zukanlist/zkn_data/zukan_enc_pearl.narc!/member_03152,0,/application/zukanlist/zkn_data/zukan_enc_pearl.narc,92,3152,,59956,59960,20272,20276,4,df3f619804a92fdb4057192dc43dd748ea778adc52bc498ce80524c014b81119,00000000,,,,,False,,,,,,,,,,False,False
/application/zukanlist/zkn_data/zukan_enc_pearl.narc,/application/zukanlist/zkn_data/zukan_enc_pearl.narc!/member_03153,0,/application/zukanlist/zkn_data/zukan_enc_pearl.narc,92,3153,,59960,59964,20276,20280,4,df3f619804a92fdb4057192dc43dd748ea778adc52bc498ce80524c014b81119,00000000,,,,,False,,,,,,,,,,False,False
/application/zukanlist/zkn_data/zukan_enc_pearl.narc,/application/zukanlist/zkn_data/zukan_enc_pearl.narc!/member_03154,0,/application/zukanlist/zkn_data/zukan_enc_pearl.narc,92,3154,,59964,59968,20280,20284,4,df3f619804a92fdb4057192dc43dd748ea778adc52bc498ce80524c014b81119,00000000,,,,,False,,,,,,,,,,False,False
/application/zukanlist/zkn_data/zukan_enc_pearl.narc,/application/zukanlist/zkn_data/zukan_enc_pearl.narc!/member_03155,0,/application/zukanlist/zkn_data/zukan_enc_pearl.narc,92,3155,,59968,59972,20284,20288,4,df3f619804a92fdb4057192dc43dd748ea778adc52bc498ce80524c014b81119,00000000,,,,,False,,,,,,,,,,False,False
/application/zukanlist/zkn_data/zukan_enc_pearl.narc,/application/zukanlist/zkn_data/zukan_enc_pearl.narc!/member_03156,0,/application/zukanlist/zkn_data/zukan_enc_pearl.narc,92,3156,,59972,59976,20288,20292,4,df3f619804a92fdb4057192dc43dd748ea778adc52bc498ce80524c014b81119,00000000,,,,,False,,,,,,,,,,False,False
/application/zukanlist/zkn_data/zukan_enc_pearl.narc,/application/zukanlist/zkn_data/zukan_enc_pearl.narc!/member_03157,0,/application/zukanlist/zkn_data/zukan_enc_pearl.narc,92,3157,,59976,59980,20292,20296,4,df3f619804a92fdb4057192dc43dd748ea778adc52bc498ce80524c014b81119,00000000,,,,,False,,,,,,,,,,False,False
/application/zukanlist/zkn_data/zukan_enc_pearl.narc,/application/zukanlist/zkn_data/zukan_enc_pearl.narc!/member_03158,0,/application/zukanlist/zkn_data/zukan_enc_pearl.narc,92,3158,,59980,59984,20296,20300,4,df3f619804a92fdb4057192dc43dd748ea778adc52bc498ce80524c014b81119,00000000,,,,,False,,,,,,,,,,False,False
/application/zukanlist/zkn_data/zukan_enc_pearl.narc,/application/zukanlist/zkn_data/zukan_enc_pearl.narc!/member_03159,0,/application/zukanlist/zkn_data/zukan_enc_pearl.narc,92,3159,,59984,59996,20300,20312,12,d2e5e0da4e3506199f1710f323b93b686ebd6f50c93dcf1cc61abf6888fd27b9,1e0000002400000000000000,,,,,False,,,,,,,,,,False,False
/application/zukanlist/zkn_data/zukan_enc_pearl.narc,/application/zukanlist/zkn_data/zukan_enc_pearl.narc!/member_03160,0,/application/zukanlist/zkn_data/zukan_enc_pearl.narc,92,3160,,59996,60000,20312,20316,4,df3f619804a92fdb4057192dc43dd748ea778adc52bc498ce80524c014b81119,00000000,,,,,False,,,,,,,,,,False,False
/application/zukanlist/zkn_data/zukan_enc_pearl.narc,/application/zukanlist/zkn_data/zukan_enc_pearl.narc!/member_03161,0,/application/zukanlist/zkn_data/zukan_enc_pearl.narc,92,3161,,60000,60004,20316,20320,4,df3f619804a92fdb4057192dc43dd748ea778adc52bc498ce80524c014b81119,00000000,,,,,False,,,,,,,,,,False,False
/application/zukanlist/zkn_data/zukan_enc_pearl.narc,/application/zukanlist/zkn_data/zukan_enc_pearl.narc!/member_03162,0,/application/zukanlist/zkn_data/zukan_enc_pearl.narc,92,3162,,60004,60008,20320,20324,4,df3f619804a92fdb4057192dc43dd748ea778adc52bc498ce80524c014b81119,00000000,,,,,False,,,,,,,,,,False,False
/application/zukanlist/zkn_data/zukan_enc_pearl.narc,/application/zukanlist/zkn_data/zukan_enc_pearl.narc!/member_03163,0,/application/zukanlist/zkn_data/zukan_enc_pearl.narc,92,3163,,60008,60012,20324,20328,4,df3f619804a92fdb4057192dc43dd748ea778adc52bc498ce80524c014b81119,00000000,,,,,False,,,,,,,,,,False,False
/application/zukanlist/zkn_data/zukan_enc_pearl.narc,/application/zukanlist/zkn_data/zukan_enc_pearl.narc!/member_03164,0,/application/zukanlist/zkn_data/zukan_enc_pearl.narc,92,3164,,60012,60016,20328,20332,4,df3f619804a92fdb4057192dc43dd748ea778adc52bc498ce80524c014b81119,00000000,,,,,False,,,,,,,,,,False,False
/application/zukanlist/zkn_data/zukan_enc_pearl.narc,/application/zukanlist/zkn_data/zukan_enc_pearl.narc!/member_03165,0,/application/zukanlist/zkn_data/zukan_enc_pearl.narc,92,3165,,60016,60020,20332,20336,4,df3f619804a92fdb4057192dc43dd748ea778adc52bc498ce80524c014b81119,00000000,,,,,False,,,,,,,,,,False,False
/application/zukanlist/zkn_data/zukan_enc_pearl.narc,/application/zukanlist/zkn_data/zukan_enc_pearl.narc!/member_03166,0,/application/zukanlist/zkn_data/zukan_enc_pearl.narc,92,3166,,60020,60024,20336,20340,4,df3f619804a92fdb4057192dc43dd748ea778adc52bc498ce80524c014b81119,00000000,,,,,False,,,,,,,,,,False,False
/application/zukanlist/zkn_data/zukan_enc_pearl.narc,/application/zukanlist/zkn_data/zukan_enc_pearl.narc!/member_03167,0,/application/zukanlist/zkn_data/zukan_enc_pearl.narc,92,3167,,60024,60028,20340,20344,4,df3f619804a92fdb4057192dc43dd748ea778adc52bc498ce80524c014b81119,00000000,,,,,False,,,,,,,,,,False,False
/application/zukanlist/zkn_data/zukan_enc_pearl.narc,/application/zukanlist/zkn_data/zukan_enc_pearl.narc!/member_03168,0,/application/zukanlist/zkn_data/zukan_enc_pearl.narc,92,3168,,60028,60036,20344,20352,8,3c88bf13b58cba9ca7fe10c55db47931f52b52975cf1e9eaa0c9b0ec29c7c6be,1c00000000000000,,,,,False,,,,,,,,,,False,False
/application/zukanlist/zkn_data/zukan_enc_pearl.narc,/application/zukanlist/zkn_data/zukan_enc_pearl.narc!/member_03169,0,/application/zukanlist/zkn_data/zukan_enc_pearl.narc,92,3169,,60036,60044,20352,20360,8,3c88bf13b58cba9ca7fe10c55db47931f52b52975cf1e9eaa0c9b0ec29c7c6be,1c00000000000000,,,,,False,,,,,,,,,,False,False
/application/zukanlist/zkn_data/zukan_enc_pearl.narc,/application/zukanlist/zkn_data/zukan_enc_pearl.narc!/member_03170,0,/application/zukanlist/zkn_data/zukan_enc_pearl.narc,92,3170,,60044,60048,20360,20364,4,df3f619804a92fdb4057192dc43dd748ea778adc52bc498ce80524c014b81119,00000000,,,,,False,,,,,,,,,,False,False
/application/zukanlist/zkn_data/zukan_enc_pearl.narc,/application/zukanlist/zkn_data/zukan_enc_pearl.narc!/member_03171,0,/application/zukanlist/zkn_data/zukan_enc_pearl.narc,92,3171,,60048,60052,20364,20368,4,df3f619804a92fdb4057192dc43dd748ea778adc52bc498ce80524c014b81119,00000000,,,,,False,,,,,,,,,,False,False
/application/zukanlist/zkn_data/zukan_enc_pearl.narc,/application/zukanlist/zkn_data/zukan_enc_pearl.narc!/member_03172,0,/application/zukanlist/zkn_data/zukan_enc_pearl.narc,92,3172,,60052,60056,20368,20372,4,df3f619804a92fdb4057192dc43dd748ea778adc52bc498ce80524c014b81119,00000000,,,,,False,,,,,,,,,,False,False
/application/zukanlist/zkn_data/zukan_enc_pearl.narc,/application/zukanlist/zkn_data/zukan_enc_pearl.narc!/member_03173,0,/application/zukanlist/zkn_data/zukan_enc_pearl.narc,92,3173,,60056,60060,20372,20376,4,df3f619804a92fdb4057192dc43dd748ea778adc52bc498ce80524c014b81119,00000000,,,,,False,,,,,,,,,,False,False
/application/zukanlist/zkn_data/zukan_enc_pearl.narc,/application/zukanlist/zkn_data/zukan_enc_pearl.narc!/member_03174,0,/application/zukanlist/zkn_data/zukan_enc_pearl.narc,92,3174,,60060,60064,20376,20380,4,df3f619804a92fdb4057192dc43dd748ea778adc52bc498ce80524c014b81119,00000000,,,,,False,,,,,,,,,,False,False
/application/zukanlist/zkn_data/zukan_enc_pearl.narc,/application/zukanlist/zkn_data/zukan_enc_pearl.narc!/member_03175,0,/application/zukanlist/zkn_data/zukan_enc_pearl.narc,92,3175,,60064,60068,20380,20384,4,df3f619804a92fdb4057192dc43dd748ea778adc52bc498ce80524c014b81119,00000000,,,,,False,,,,,,,,,,False,False
/application/zukanlist/zkn_data/zukan_enc_pearl.narc,/application/zukanlist/zkn_data/zukan_enc_pearl.narc!/member_03176,0,/application/zukanlist/zkn_data/zukan_enc_pearl.narc,92,3176,,60068,60072,20384,20388,4,df3f619804a92fdb4057192dc43dd748ea778adc52bc498ce80524c014b81119,00000000,,,,,False,,,,,,,,,,False,False
/application/zukanlist/zkn_data/zukan_enc_pearl.narc,/application/zukanlist/zkn_data/zukan_enc_pearl.narc!/member_03177,0,/application/zukanlist/zkn_data/zukan_enc_pearl.narc,92,3177,,60072,60084,20388,20400,12,5d3398e0616332ba78703a35d71b8202cb63cfad55fa33595ec94981bc88c17d,0a0000001e00000000000000,,,,,False,,,,,,,,,,False,False
/application/zukanlist/zkn_data/zukan_enc_pearl.narc,/application/zukanlist/zkn_data/zukan_enc_pearl.narc!/member_03178,0,/application/zukanlist/zkn_data/zukan_enc_pearl.narc,92,3178,,60084,60088,20400,20404,4,df3f619804a92fdb4057192dc43dd748ea778adc52bc498ce80524c014b81119,00000000,,,,,False,,,,,,,,,,False,False
/application/zukanlist/zkn_data/zukan_enc_pearl.narc,/application/zukanlist/zkn_data/zukan_enc_pearl.narc!/member_03179,0,/application/zukanlist/zkn_data/zukan_enc_pearl.narc,92,3179,,60088,60092,20404,20408,4,df3f619804a92fdb4057192dc43dd748ea778adc52bc498ce80524c014b81119,00000000,,,,,False,,,,,,,,,,False,False
/application/zukanlist/zkn_data/zukan_enc_pearl.narc,/application/zukanlist/zkn_data/zukan_enc_pearl.narc!/member_03180,0,/application/zukanlist/zkn_data/zukan_enc_pearl.narc,92,3180,,60092,60096,20408,20412,4,df3f619804a92fdb4057192dc43dd748ea778adc52bc498ce80524c014b81119,00000000,,,,,False,,,,,,,,,,False,False
/application/zukanlist/zkn_data/zukan_enc_pearl.narc,/application/zukanlist/zkn_data/zukan_enc_pearl.narc!/member_03181,0,/application/zukanlist/zkn_data/zukan_enc_pearl.narc,92,3181,,60096,60100,20412,20416,4,df3f619804a92fdb4057192dc43dd748ea778adc52bc498ce80524c014b81119,00000000,,,,,False,,,,,,,,,,False,False
/application/zukanlist/zkn_data/zukan_enc_pearl.narc,/application/zukanlist/zkn_data/zukan_enc_pearl.narc!/member_03182,0,/application/zukanlist/zkn_data/zukan_enc_pearl.narc,92,3182,,60100,60104,20416,20420,4,df3f619804a92fdb4057192dc43dd748ea778adc52bc498ce80524c014b81119,00000000,,,,,False,,,,,,,,,,False,False
/application/zukanlist/zkn_data/zukan_enc_pearl.narc,/application/zukanlist/zkn_data/zukan_enc_pearl.narc!/member_03183,0,/application/zukanlist/zkn_data/zukan_enc_pearl.narc,92,3183,,60104,60108,20420,20424,4,df3f619804a92fdb4057192dc43dd748ea778adc52bc498ce80524c014b81119,00000000,,,,,False,,,,,,,,,,False,False
/application/zukanlist/zkn_data/zukan_enc_pearl.narc,/application/zukanlist/zkn_data/zukan_enc_pearl.narc!/member_03184,0,/application/zukanlist/zkn_data/zukan_enc_pearl.narc,92,3184,,60108,60112,20424,20428,4,df3f619804a92fdb4057192dc43dd748ea778adc52bc498ce80524c014b81119,00000000,,,,,False,,,,,,,,,,False,False
/application/zukanlist/zkn_data/zukan_enc_pearl.narc,/application/zukanlist/zkn_data/zukan_enc_pearl.narc!/member_03185,0,/application/zukanlist/zkn_data/zukan_enc_pearl.narc,92,3185,,60112,60120,20428,20436,8,cbbd5f990c53684d7ae650b40fcb5656e02261b53da5f6a7d8c819c92f2828f8,0900000000000000,,,,,False,,,,,,,,,,False,False
/application/zukanlist/zkn_data/zukan_enc_pearl.narc,/application/zukanlist/zkn_data/zukan_enc_pearl.narc!/member_03186,0,/application/zukanlist/zkn_data/zukan_enc_pearl.narc,92,3186,,60120,60124,20436,20440,4,df3f619804a92fdb4057192dc43dd748ea778adc52bc498ce80524c014b81119,00000000,,,,,False,,,,,,,,,,False,False
/application/zukanlist/zkn_data/zukan_enc_pearl.narc,/application/zukanlist/zkn_data/zukan_enc_pearl.narc!/member_03187,0,/application/zukanlist/zkn_data/zukan_enc_pearl.narc,92,3187,,60124,60128,20440,20444,4,df3f619804a92fdb4057192dc43dd748ea778adc52bc498ce80524c014b81119,00000000,,,,,False,,,,,,,,,,False,False
/application/zukanlist/zkn_data/zukan_enc_pearl.narc,/application/zukanlist/zkn_data/zukan_enc_pearl.narc!/member_03188,0,/application/zukanlist/zkn_data/zukan_enc_pearl.narc,92,3188,,60128,60132,20444,20448,4,df3f619804a92fdb4057192dc43dd748ea778adc52bc498ce80524c014b81119,00000000,,,,,False,,,,,,,,,,False,False
/application/zukanlist/zkn_data/zukan_enc_pearl.narc,/application/zukanlist/zkn_data/zukan_enc_pearl.narc!/member_03189,0,/application/zukanlist/zkn_data/zukan_enc_pearl.narc,92,3189,,60132,60148,20448,20464,16,f2578d6ab3f7d6034fa63ec3e6dd43add5c54ca3f83107f42a3b19e64bc9720a,0b000000200000002100000000000000,,,,,False,,,,,,,,,,False,False
/application/zukanlist/zkn_data/zukan_enc_pearl.narc,/application/zukanlist/zkn_data/zukan_enc_pearl.narc!/member_03190,0,/application/zukanlist/zkn_data/zukan_enc_pearl.narc,92,3190,,60148,60152,20464,20468,4,df3f619804a92fdb4057192dc43dd748ea778adc52bc498ce80524c014b81119,00000000,,,,,False,,,,,,,,,,False,False
/application/zukanlist/zkn_data/zukan_enc_pearl.narc,/application/zukanlist/zkn_data/zukan_enc_pearl.narc!/member_03191,0,/application/zukanlist/zkn_data/zukan_enc_pearl.narc,92,3191,,60152,60156,20468,20472,4,df3f619804a92fdb4057192dc43dd748ea778adc52bc498ce80524c014b81119,00000000,,,,,False,,,,,,,,,,False,False
/application/zukanlist/zkn_data/zukan_enc_pearl.narc,/application/zukanlist/zkn_data/zukan_enc_pearl.narc!/member_03192,0,/application/zukanlist/zkn_data/zukan_enc_pearl.narc,92,3192,,60156,60160,20472,20476,4,df3f619804a92fdb4057192dc43dd748ea778adc52bc498ce80524c014b81119,00000000,,,,,False,,,,,,,,,,False,False
/application/zukanlist/zkn_data/zukan_enc_pearl.narc,/application/zukanlist/zkn_data/zukan_enc_pearl.narc!/member_03193,0,/application/zukanlist/zkn_data/zukan_enc_pearl.narc,92,3193,,60160,60164,20476,20480,4,df3f619804a92fdb4057192dc43dd748ea778adc52bc498ce80524c014b81119,00000000,,,,,False,,,,,,,,,,False,False
/application/zukanlist/zkn_data/zukan_enc_pearl.narc,/application/zukanlist/zkn_data/zukan_enc_pearl.narc!/member_03194,0,/application/zukanlist/zkn_data/zukan_enc_pearl.narc,92,3194,,60164,60168,20480,20484,4,df3f619804a92fdb4057192dc43dd748ea778adc52bc498ce80524c014b81119,00000000,,,,,False,,,,,,,,,,False,False
/application/zukanlist/zkn_data/zukan_enc_pearl.narc,/application/zukanlist/zkn_data/zukan_enc_pearl.narc!/member_03195,0,/application/zukanlist/zkn_data/zukan_enc_pearl.narc,92,3195,,60168,60172,20484,20488,4,df3f619804a92fdb4057192dc43dd748ea778adc52bc498ce80524c014b81119,00000000,,,,,False,,,,,,,,,,False,False
/application/zukanlist/zkn_data/zukan_enc_pearl.narc,/application/zukanlist/zkn_data/zukan_enc_pearl.narc!/member_03196,0,/application/zukanlist/zkn_data/zukan_enc_pearl.narc,92,3196,,60172,60176,20488,20492,4,df3f619804a92fdb4057192dc43dd748ea778adc52bc498ce80524c014b81119,00000000,,,,,False,,,,,,,,,,False,False
/application/zukanlist/zkn_data/zukan_enc_pearl.narc,/application/zukanlist/zkn_data/zukan_enc_pearl.narc!/member_03197,0,/application/zukanlist/zkn_data/zukan_enc_pearl.narc,92,3197,,60176,60212,20492,20528,36,cadeafb12564306eb1cc75af88669b61eacf792790937f389754763cdc5cc940,0300000004000000050000001d000000,,,,,False,,,,,,,,,,False,False
/application/zukanlist/zkn_data/zukan_enc_pearl.narc,/application/zukanlist/zkn_data/zukan_enc_pearl.narc!/member_03198,0,/application/zukanlist/zkn_data/zukan_enc_pearl.narc,92,3198,,60212,60248,20528,20564,36,cadeafb12564306eb1cc75af88669b61eacf792790937f389754763cdc5cc940,0300000004000000050000001d000000,,,,,False,,,,,,,,,,False,False
/application/zukanlist/zkn_data/zukan_enc_pearl.narc,/application/zukanlist/zkn_data/zukan_enc_pearl.narc!/member_03199,0,/application/zukanlist/zkn_data/zukan_enc_pearl.narc,92,3199,,60248,60252,20564,20568,4,df3f619804a92fdb4057192dc43dd748ea778adc52bc498ce80524c014b81119,00000000,,,,,False,,,,,,,,,,False,False
/application/zukanlist/zkn_data/zukan_enc_pearl.narc,/application/zukanlist/zkn_data/zukan_enc_pearl.narc!/member_03200,0,/application/zukanlist/zkn_data/zukan_enc_pearl.narc,92,3200,,60252,60256,20568,20572,4,df3f619804a92fdb4057192dc43dd748ea778adc52bc498ce80524c014b81119,00000000,,,,,False,,,,,,,,,,False,False
/application/zukanlist/zkn_data/zukan_enc_pearl.narc,/application/zukanlist/zkn_data/zukan_enc_pearl.narc!/member_03201,0,/application/zukanlist/zkn_data/zukan_enc_pearl.narc,92,3201,,60256,60268,20572,20584,12,82845f601ec6f67c6123951adc94a3a015e24cb0ab292fb289695e981c4a6a7a,080000002800000000000000,,,,,False,,,,,,,,,,False,False
/application/zukanlist/zkn_data/zukan_enc_pearl.narc,/application/zukanlist/zkn_data/zukan_enc_pearl.narc!/member_03202,0,/application/zukanlist/zkn_data/zukan_enc_pearl.narc,92,3202,,60268,60272,20584,20588,4,df3f619804a92fdb4057192dc43dd748ea778adc52bc498ce80524c014b81119,00000000,,,,,False,,,,,,,,,,False,False
/application/zukanlist/zkn_data/zukan_enc_pearl.narc,/application/zukanlist/zkn_data/zukan_enc_pearl.narc!/member_03203,0,/application/zukanlist/zkn_data/zukan_enc_pearl.narc,92,3203,,60272,60276,20588,20592,4,df3f619804a92fdb4057192dc43dd748ea778adc52bc498ce80524c014b81119,00000000,,,,,False,,,,,,,,,,False,False
/application/zukanlist/zkn_data/zukan_enc_pearl.narc,/application/zukanlist/zkn_data/zukan_enc_pearl.narc!/member_03204,0,/application/zukanlist/zkn_data/zukan_enc_pearl.narc,92,3204,,60276,60280,20592,20596,4,df3f619804a92fdb4057192dc43dd748ea778adc52bc498ce80524c014b81119,00000000,,,,,False,,,,,,,,,,False,False
/application/zukanlist/zkn_data/zukan_enc_pearl.narc,/application/zukanlist/zkn_data/zukan_enc_pearl.narc!/member_03205,0,/application/zukanlist/zkn_data/zukan_enc_pearl.narc,92,3205,,60280,60284,20596,20600,4,df3f619804a92fdb4057192dc43dd748ea778adc52bc498ce80524c014b81119,00000000,,,,,False,,,,,,,,,,False,False
/application/zukanlist/zkn_data/zukan_enc_pearl.narc,/application/zukanlist/zkn_data/zukan_enc_pearl.narc!/member_03206,0,/application/zukanlist/zkn_data/zukan_enc_pearl.narc,92,3206,,60284,60288,20600,20604,4,df3f619804a92fdb4057192dc43dd748ea778adc52bc498ce80524c014b81119,00000000,,,,,False,,,,,,,,,,False,False
/application/zukanlist/zkn_data/zukan_enc_pearl.narc,/application/zukanlist/zkn_data/zukan_enc_pearl.narc!/member_03207,0,/application/zukanlist/zkn_data/zukan_enc_pearl.narc,92,3207,,60288,60292,20604,20608,4,df3f619804a92fdb4057192dc43dd748ea778adc52bc498ce80524c014b81119,00000000,,,,,False,,,,,,,,,,False,False
/application/zukanlist/zkn_data/zukan_enc_pearl.narc,/application/zukanlist/zkn_data/zukan_enc_pearl.narc!/member_03208,0,/application/zukanlist/zkn_data/zukan_enc_pearl.narc,92,3208,,60292,60296,20608,20612,4,df3f619804a92fdb4057192dc43dd748ea778adc52bc498ce80524c014b81119,00000000,,,,,False,,,,,,,,,,False,False
/application/zukanlist/zkn_data/zukan_enc_pearl.narc,/application/zukanlist/zkn_data/zukan_enc_pearl.narc!/member_03209,0,/application/zukanlist/zkn_data/zukan_enc_pearl.narc,92,3209,,60296,60300,20612,20616,4,df3f619804a92fdb4057192dc43dd748ea778adc52bc498ce80524c014b81119,00000000,,,,,False,,,,,,,,,,False,False
/application/zukanlist/zkn_data/zukan_enc_pearl.narc,/application/zukanlist/zkn_data/zukan_enc_pearl.narc!/member_03210,0,/application/zukanlist/zkn_data/zukan_enc_pearl.narc,92,3210,,60300,60304,20616,20620,4,df3f619804a92fdb4057192dc43dd748ea778adc52bc498ce80524c014b81119,00000000,,,,,False,,,,,,,,,,False,False
/application/zukanlist/zkn_data/zukan_enc_pearl.narc,/application/zukanlist/zkn_data/zukan_enc_pearl.narc!/member_03211,0,/application/zukanlist/zkn_data/zukan_enc_pearl.narc,92,3211,,60304,60308,20620,20624,4,df3f619804a92fdb4057192dc43dd748ea778adc52bc498ce80524c014b81119,00000000,,,,,False,,,,,,,,,,False,False
/application/zukanlist/zkn_data/zukan_enc_pearl.narc,/application/zukanlist/zkn_data/zukan_enc_pearl.narc!/member_03212,0,/application/zukanlist/zkn_data/zukan_enc_pearl.narc,92,3212,,60308,60312,20624,20628,4,df3f619804a92fdb4057192dc43dd748ea778adc52bc498ce80524c014b81119,00000000,,,,,False,,,,,,,,,,False,False
/application/zukanlist/zkn_data/zukan_enc_pearl.narc,/application/zukanlist/zkn_data/zukan_enc_pearl.narc!/member_03213,0,/application/zukanlist/zkn_data/zukan_enc_pearl.narc,92,3213,,60312,60316,20628,20632,4,df3f619804a92fdb4057192dc43dd748ea778adc52bc498ce80524c014b81119,00000000,,,,,False,,,,,,,,,,False,False
/application/zukanlist/zkn_data/zukan_enc_pearl.narc,/application/zukanlist/zkn_data/zukan_enc_pearl.narc!/member_03214,0,/application/zukanlist/zkn_data/zukan_enc_pearl.narc,92,3214,,60316,60320,20632,20636,4,df3f619804a92fdb4057192dc43dd748ea778adc52bc498ce80524c014b81119,00000000,,,,,False,,,,,,,,,,False,False
/application/zukanlist/zkn_data/zukan_enc_pearl.narc,/application/zukanlist/zkn_data/zukan_enc_pearl.narc!/member_03215,0,/application/zukanlist/zkn_data/zukan_enc_pearl.narc,92,3215,,60320,60324,20636,20640,4,df3f619804a92fdb4057192dc43dd748ea778adc52bc498ce80524c014b81119,00000000,,,,,False,,,,,,,,,,False,False
/application/zukanlist/zkn_data/zukan_enc_pearl.narc,/application/zukanlist/zkn_data/zukan_enc_pearl.narc!/member_03216,0,/application/zukanlist/zkn_data/zukan_enc_pearl.narc,92,3216,,60324,60328,20640,20644,4,df3f619804a92fdb4057192dc43dd748ea778adc52bc498ce80524c014b81119,00000000,,,,,False,,,,,,,,,,False,False
/application/zukanlist/zkn_data/zukan_enc_pearl.narc,/application/zukanlist/zkn_data/zukan_enc_pearl.narc!/member_03217,0,/application/zukanlist/zkn_data/zukan_enc_pearl.narc,92,3217,,60328,60332,20644,20648,4,df3f619804a92fdb4057192dc43dd748ea778adc52bc498ce80524c014b81119,00000000,,,,,False,,,,,,,,,,False,False
/application/zukanlist/zkn_data/zukan_enc_pearl.narc,/application/zukanlist/zkn_data/zukan_enc_pearl.narc!/member_03218,0,/application/zukanlist/zkn_data/zukan_enc_pearl.narc,92,3218,,60332,60336,20648,20652,4,df3f619804a92fdb4057192dc43dd748ea778adc52bc498ce80524c014b81119,00000000,,,,,False,,,,,,,,,,False,False
/application/zukanlist/zkn_data/zukan_enc_pearl.narc,/application/zukanlist/zkn_data/zukan_enc_pearl.narc!/member_03219,0,/application/zukanlist/zkn_data/zukan_enc_pearl.narc,92,3219,,60336,60340,20652,20656,4,df3f619804a92fdb4057192dc43dd748ea778adc52bc498ce80524c014b81119,00000000,,,,,False,,,,,,,,,,False,False
/application/zukanlist/zkn_data/zukan_enc_pearl.narc,/application/zukanlist/zkn_data/zukan_enc_pearl.narc!/member_03220,0,/application/zukanlist/zkn_data/zukan_enc_pearl.narc,92,3220,,60340,60344,20656,20660,4,df3f619804a92fdb4057192dc43dd748ea778adc52bc498ce80524c014b81119,00000000,,,,,False,,,,,,,,,,False,False
/application/zukanlist/zkn_data/zukan_enc_pearl.narc,/application/zukanlist/zkn_data/zukan_enc_pearl.narc!/member_03221,0,/application/zukanlist/zkn_data/zukan_enc_pearl.narc,92,3221,,60344,60348,20660,20664,4,df3f619804a92fdb4057192dc43dd748ea778adc52bc498ce80524c014b81119,00000000,,,,,False,,,,,,,,,,False,False
/application/zukanlist/zkn_data/zukan_enc_pearl.narc,/application/zukanlist/zkn_data/zukan_enc_pearl.narc!/member_03222,0,/application/zukanlist/zkn_data/zukan_enc_pearl.narc,92,3222,,60348,60352,20664,20668,4,df3f619804a92fdb4057192dc43dd748ea778adc52bc498ce80524c014b81119,00000000,,,,,False,,,,,,,,,,False,False
/application/zukanlist/zkn_data/zukan_enc_pearl.narc,/application/zukanlist/zkn_data/zukan_enc_pearl.narc!/member_03223,0,/application/zukanlist/zkn_data/zukan_enc_pearl.narc,92,3223,,60352,60356,20668,20672,4,df3f619804a92fdb4057192dc43dd748ea778adc52bc498ce80524c014b81119,00000000,,,,,False,,,,,,,,,,False,False
/application/zukanlist/zkn_data/zukan_enc_pearl.narc,/application/zukanlist/zkn_data/zukan_enc_pearl.narc!/member_03224,0,/application/zukanlist/zkn_data/zukan_enc_pearl.narc,92,3224,,60356,60360,20672,20676,4,df3f619804a92fdb4057192dc43dd748ea778adc52bc498ce80524c014b81119,00000000,,,,,False,,,,,,,,,,False,False
/application/zukanlist/zkn_data/zukan_enc_pearl.narc,/application/zukanlist/zkn_data/zukan_enc_pearl.narc!/member_03225,0,/application/zukanlist/zkn_data/zukan_enc_pearl.narc,92,3225,,60360,60364,20676,20680,4,df3f619804a92fdb4057192dc43dd748ea778adc52bc498ce80524c014b81119,00000000,,,,,False,,,,,,,,,,False,False
/application/zukanlist/zkn_data/zukan_enc_pearl.narc,/application/zukanlist/zkn_data/zukan_enc_pearl.narc!/member_03226,0,/application/zukanlist/zkn_data/zukan_enc_pearl.narc,92,3226,,60364,60368,20680,20684,4,df3f619804a92fdb4057192dc43dd748ea778adc52bc498ce80524c014b81119,00000000,,,,,False,,,,,,,,,,False,False
/application/zukanlist/zkn_data/zukan_enc_pearl.narc,/application/zukanlist/zkn_data/zukan_enc_pearl.narc!/member_03227,0,/application/zukanlist/zkn_data/zukan_enc_pearl.narc,92,3227,,60368,60372,20684,20688,4,df3f619804a92fdb4057192dc43dd748ea778adc52bc498ce80524c014b81119,00000000,,,,,False,,,,,,,,,,False,False
/application/zukanlist/zkn_data/zukan_enc_pearl.narc,/application/zukanlist/zkn_data/zukan_enc_pearl.narc!/member_03228,0,/application/zukanlist/zkn_data/zukan_enc_pearl.narc,92,3228,,60372,60376,20688,20692,4,df3f619804a92fdb4057192dc43dd748ea778adc52bc498ce80524c014b81119,00000000,,,,,False,,,,,,,,,,False,False
/application/zukanlist/zkn_data/zukan_enc_pearl.narc,/application/zukanlist/zkn_data/zukan_enc_pearl.narc!/member_03229,0,/application/zukanlist/zkn_data/zukan_enc_pearl.narc,92,3229,,60376,60380,20692,20696,4,df3f619804a92fdb4057192dc43dd748ea778adc52bc498ce80524c014b81119,00000000,,,,,False,,,,,,,,,,False,False
/application/zukanlist/zkn_data/zukan_enc_pearl.narc,/application/zukanlist/zkn_data/zukan_enc_pearl.narc!/member_03230,0,/application/zukanlist/zkn_data/zukan_enc_pearl.narc,92,3230,,60380,60384,20696,20700,4,df3f619804a92fdb4057192dc43dd748ea778adc52bc498ce80524c014b81119,00000000,,,,,False,,,,,,,,,,False,False
/application/zukanlist/zkn_data/zukan_enc_pearl.narc,/application/zukanlist/zkn_data/zukan_enc_pearl.narc!/member_03231,0,/application/zukanlist/zkn_data/zukan_enc_pearl.narc,92,3231,,60384,60388,20700,20704,4,df3f619804a92fdb4057192dc43dd748ea778adc52bc498ce80524c014b81119,00000000,,,,,False,,,,,,,,,,False,False
/application/zukanlist/zkn_data/zukan_enc_pearl.narc,/application/zukanlist/zkn_data/zukan_enc_pearl.narc!/member_03232,0,/application/zukanlist/zkn_data/zukan_enc_pearl.narc,92,3232,,60388,60392,20704,20708,4,df3f619804a92fdb4057192dc43dd748ea778adc52bc498ce80524c014b81119,00000000,,,,,False,,,,,,,,,,False,False
/application/zukanlist/zkn_data/zukan_enc_pearl.narc,/application/zukanlist/zkn_data/zukan_enc_pearl.narc!/member_03233,0,/application/zukanlist/zkn_data/zukan_enc_pearl.narc,92,3233,,60392,60396,20708,20712,4,df3f619804a92fdb4057192dc43dd748ea778adc52bc498ce80524c014b81119,00000000,,,,,False,,,,,,,,,,False,False
/application/zukanlist/zkn_data/zukan_enc_pearl.narc,/application/zukanlist/zkn_data/zukan_enc_pearl.narc!/member_03234,0,/application/zukanlist/zkn_data/zukan_enc_pearl.narc,92,3234,,60396,60400,20712,20716,4,df3f619804a92fdb4057192dc43dd748ea778adc52bc498ce80524c014b81119,00000000,,,,,False,,,,,,,,,,False,False
/application/zukanlist/zkn_data/zukan_enc_pearl.narc,/application/zukanlist/zkn_data/zukan_enc_pearl.narc!/member_03235,0,/application/zukanlist/zkn_data/zukan_enc_pearl.narc,92,3235,,60400,60404,20716,20720,4,df3f619804a92fdb4057192dc43dd748ea778adc52bc498ce80524c014b81119,00000000,,,,,False,,,,,,,,,,False,False
/application/zukanlist/zkn_data/zukan_enc_pearl.narc,/application/zukanlist/zkn_data/zukan_enc_pearl.narc!/member_03236,0,/application/zukanlist/zkn_data/zukan_enc_pearl.narc,92,3236,,60404,60408,20720,20724,4,df3f619804a92fdb4057192dc43dd748ea778adc52bc498ce80524c014b81119,00000000,,,,,False,,,,,,,,,,False,False
/application/zukanlist/zkn_data/zukan_enc_pearl.narc,/application/zukanlist/zkn_data/zukan_enc_pearl.narc!/member_03237,0,/application/zukanlist/zkn_data/zukan_enc_pearl.narc,92,3237,,60408,60412,20724,20728,4,df3f619804a92fdb4057192dc43dd748ea778adc52bc498ce80524c014b81119,00000000,,,,,False,,,,,,,,,,False,False
/application/zukanlist/zkn_data/zukan_enc_pearl.narc,/application/zukanlist/zkn_data/zukan_enc_pearl.narc!/member_03238,0,/application/zukanlist/zkn_data/zukan_enc_pearl.narc,92,3238,,60412,60416,20728,20732,4,df3f619804a92fdb4057192dc43dd748ea778adc52bc498ce80524c014b81119,00000000,,,,,False,,,,,,,,,,False,False
/application/zukanlist/zkn_data/zukan_enc_pearl.narc,/application/zukanlist/zkn_data/zukan_enc_pearl.narc!/member_03239,0,/application/zukanlist/zkn_data/zukan_enc_pearl.narc,92,3239,,60416,60420,20732,20736,4,df3f619804a92fdb4057192dc43dd748ea778adc52bc498ce80524c014b81119,00000000,,,,,False,,,,,,,,,,False,False
/application/zukanlist/zkn_data/zukan_enc_pearl.narc,/application/zukanlist/zkn_data/zukan_enc_pearl.narc!/member_03240,0,/application/zukanlist/zkn_data/zukan_enc_pearl.narc,92,3240,,60420,60424,20736,20740,4,df3f619804a92fdb4057192dc43dd748ea778adc52bc498ce80524c014b81119,00000000,,,,,False,,,,,,,,,,False,False
/application/zukanlist/zkn_data/zukan_enc_pearl.narc,/application/zukanlist/zkn_data/zukan_enc_pearl.narc!/member_03241,0,/application/zukanlist/zkn_data/zukan_enc_pearl.narc,92,3241,,60424,60432,20740,20748,8,427b4d443e4c7f008af332e9acfc1539b4369ddc4f1915eea321a96caab10798,2600000000000000,,,,,False,,,,,,,,,,False,False
/application/zukanlist/zkn_data/zukan_enc_pearl.narc,/application/zukanlist/zkn_data/zukan_enc_pearl.narc!/member_03242,0,/application/zukanlist/zkn_data/zukan_enc_pearl.narc,92,3242,,60432,60436,20748,20752,4,df3f619804a92fdb4057192dc43dd748ea778adc52bc498ce80524c014b81119,00000000,,,,,False,,,,,,,,,,False,False
/application/zukanlist/zkn_data/zukan_enc_pearl.narc,/application/zukanlist/zkn_data/zukan_enc_pearl.narc!/member_03243,0,/application/zukanlist/zkn_data/zukan_enc_pearl.narc,92,3243,,60436,60444,20752,20760,8,703d37e650ac5852ff1027382d58776810b88d1db959d667efa0df97ae156c6b,3100000000000000,,,,,False,,,,,,,,,,False,False
/application/zukanlist/zkn_data/zukan_enc_pearl.narc,/application/zukanlist/zkn_data/zukan_enc_pearl.narc!/member_03244,0,/application/zukanlist/zkn_data/zukan_enc_pearl.narc,92,3244,,60444,60448,20760,20764,4,df3f619804a92fdb4057192dc43dd748ea778adc52bc498ce80524c014b81119,00000000,,,,,False,,,,,,,,,,False,False
/application/zukanlist/zkn_data/zukan_enc_pearl.narc,/application/zukanlist/zkn_data/zukan_enc_pearl.narc!/member_03245,0,/application/zukanlist/zkn_data/zukan_enc_pearl.narc,92,3245,,60448,60452,20764,20768,4,df3f619804a92fdb4057192dc43dd748ea778adc52bc498ce80524c014b81119,00000000,,,,,False,,,,,,,,,,False,False
/application/zukanlist/zkn_data/zukan_enc_pearl.narc,/application/zukanlist/zkn_data/zukan_enc_pearl.narc!/member_03246,0,/application/zukanlist/zkn_data/zukan_enc_pearl.narc,92,3246,,60452,60456,20768,20772,4,df3f619804a92fdb4057192dc43dd748ea778adc52bc498ce80524c014b81119,00000000,,,,,False,,,,,,,,,,False,False
/application/zukanlist/zkn_data/zukan_enc_pearl.narc,/application/zukanlist/zkn_data/zukan_enc_pearl.narc!/member_03247,0,/application/zukanlist/zkn_data/zukan_enc_pearl.narc,92,3247,,60456,60460,20772,20776,4,df3f619804a92fdb4057192dc43dd748ea778adc52bc498ce80524c014b81119,00000000,,,,,False,,,,,,,,,,False,False
/application/zukanlist/zkn_data/zukan_enc_pearl.narc,/application/zukanlist/zkn_data/zukan_enc_pearl.narc!/member_03248,0,/application/zukanlist/zkn_data/zukan_enc_pearl.narc,92,3248,,60460,60464,20776,20780,4,df3f619804a92fdb4057192dc43dd748ea778adc52bc498ce80524c014b81119,00000000,,,,,False,,,,,,,,,,False,False
/application/zukanlist/zkn_data/zukan_enc_pearl.narc,/application/zukanlist/zkn_data/zukan_enc_pearl.narc!/member_03249,0,/application/zukanlist/zkn_data/zukan_enc_pearl.narc,92,3249,,60464,60468,20780,20784,4,df3f619804a92fdb4057192dc43dd748ea778adc52bc498ce80524c014b81119,00000000,,,,,False,,,,,,,,,,False,False
/application/zukanlist/zkn_data/zukan_enc_pearl.narc,/application/zukanlist/zkn_data/zukan_enc_pearl.narc!/member_03250,0,/application/zukanlist/zkn_data/zukan_enc_pearl.narc,92,3250,,60468,60472,20784,20788,4,df3f619804a92fdb4057192dc43dd748ea778adc52bc498ce80524c014b81119,00000000,,,,,False,,,,,,,,,,False,False
/application/zukanlist/zkn_data/zukan_enc_pearl.narc,/application/zukanlist/zkn_data/zukan_enc_pearl.narc!/member_03251,0,/application/zukanlist/zkn_data/zukan_enc_pearl.narc,92,3251,,60472,60476,20788,20792,4,df3f619804a92fdb4057192dc43dd748ea778adc52bc498ce80524c014b81119,00000000,,,,,False,,,,,,,,,,False,False
/application/zukanlist/zkn_data/zukan_enc_pearl.narc,/application/zukanlist/zkn_data/zukan_enc_pearl.narc!/member_03252,0,/application/zukanlist/zkn_data/zukan_enc_pearl.narc,92,3252,,60476,60532,20792,20848,56,3fc78798325f2b1f632959183ef2f670e59ffbdef72f0bccdd7b8576c9839d7b,01000000030000000600000007000000,,,,,False,,,,,,,,,,False,False
/application/zukanlist/zkn_data/zukan_enc_pearl.narc,/application/zukanlist/zkn_data/zukan_enc_pearl.narc!/member_03253,0,/application/zukanlist/zkn_data/zukan_enc_pearl.narc,92,3253,,60532,60612,20848,20928,80,689856d2d95748223950d25bcf08ab3dfe4f2a7f9a640a6b107e1017156626a5,01000000030000000400000005000000,,,,,False,,,,,,,,,,False,False
/application/zukanlist/zkn_data/zukan_enc_pearl.narc,/application/zukanlist/zkn_data/zukan_enc_pearl.narc!/member_03254,0,/application/zukanlist/zkn_data/zukan_enc_pearl.narc,92,3254,,60612,60616,20928,20932,4,df3f619804a92fdb4057192dc43dd748ea778adc52bc498ce80524c014b81119,00000000,,,,,False,,,,,,,,,,False,False
/application/zukanlist/zkn_data/zukan_enc_pearl.narc,/application/zukanlist/zkn_data/zukan_enc_pearl.narc!/member_03255,0,/application/zukanlist/zkn_data/zukan_enc_pearl.narc,92,3255,,60616,60620,20932,20936,4,df3f619804a92fdb4057192dc43dd748ea778adc52bc498ce80524c014b81119,00000000,,,,,False,,,,,,,,,,False,False
/application/zukanlist/zkn_data/zukan_enc_pearl.narc,/application/zukanlist/zkn_data/zukan_enc_pearl.narc!/member_03256,0,/application/zukanlist/zkn_data/zukan_enc_pearl.narc,92,3256,,60620,60624,20936,20940,4,df3f619804a92fdb4057192dc43dd748ea778adc52bc498ce80524c014b81119,00000000,,,,,False,,,,,,,,,,False,False
/application/zukanlist/zkn_data/zukan_enc_pearl.narc,/application/zukanlist/zkn_data/zukan_enc_pearl.narc!/member_03257,0,/application/zukanlist/zkn_data/zukan_enc_pearl.narc,92,3257,,60624,60628,20940,20944,4,df3f619804a92fdb4057192dc43dd748ea778adc52bc498ce80524c014b81119,00000000,,,,,False,,,,,,,,,,False,False
/application/zukanlist/zkn_data/zukan_enc_pearl.narc,/application/zukanlist/zkn_data/zukan_enc_pearl.narc!/member_03258,0,/application/zukanlist/zkn_data/zukan_enc_pearl.narc,92,3258,,60628,60632,20944,20948,4,df3f619804a92fdb4057192dc43dd748ea778adc52bc498ce80524c014b81119,00000000,,,,,False,,,,,,,,,,False,False
/application/zukanlist/zkn_data/zukan_enc_pearl.narc,/application/zukanlist/zkn_data/zukan_enc_pearl.narc!/member_03259,0,/application/zukanlist/zkn_data/zukan_enc_pearl.narc,92,3259,,60632,60636,20948,20952,4,df3f619804a92fdb4057192dc43dd748ea778adc52bc498ce80524c014b81119,00000000,,,,,False,,,,,,,,,,False,False
/application/zukanlist/zkn_data/zukan_enc_pearl.narc,/application/zukanlist/zkn_data/zukan_enc_pearl.narc!/member_03260,0,/application/zukanlist/zkn_data/zukan_enc_pearl.narc,92,3260,,60636,60640,20952,20956,4,df3f619804a92fdb4057192dc43dd748ea778adc52bc498ce80524c014b81119,00000000,,,,,False,,,,,,,,,,False,False
/application/zukanlist/zkn_data/zukan_enc_pearl.narc,/application/zukanlist/zkn_data/zukan_enc_pearl.narc!/member_03261,0,/application/zukanlist/zkn_data/zukan_enc_pearl.narc,92,3261,,60640,60644,20956,20960,4,df3f619804a92fdb4057192dc43dd748ea778adc52bc498ce80524c014b81119,00000000,,,,,False,,,,,,,,,,False,False
/application/zukanlist/zkn_data/zukan_enc_pearl.narc,/application/zukanlist/zkn_data/zukan_enc_pearl.narc!/member_03262,0,/application/zukanlist/zkn_data/zukan_enc_pearl.narc,92,3262,,60644,60648,20960,20964,4,df3f619804a92fdb4057192dc43dd748ea778adc52bc498ce80524c014b81119,00000000,,,,,False,,,,,,,,,,False,False
/application/zukanlist/zkn_data/zukan_enc_pearl.narc,/application/zukanlist/zkn_data/zukan_enc_pearl.narc!/member_03263,0,/application/zukanlist/zkn_data/zukan_enc_pearl.narc,92,3263,,60648,60652,20964,20968,4,df3f619804a92fdb4057192dc43dd748ea778adc52bc498ce80524c014b81119,00000000,,,,,False,,,,,,,,,,False,False
/application/zukanlist/zkn_data/zukan_enc_pearl.narc,/application/zukanlist/zkn_data/zukan_enc_pearl.narc!/member_03264,0,/application/zukanlist/zkn_data/zukan_enc_pearl.narc,92,3264,,60652,60656,20968,20972,4,df3f619804a92fdb4057192dc43dd748ea778adc52bc498ce80524c014b81119,00000000,,,,,False,,,,,,,,,,False,False
/application/zukanlist/zkn_data/zukan_enc_pearl.narc,/application/zukanlist/zkn_data/zukan_enc_pearl.narc!/member_03265,0,/application/zukanlist/zkn_data/zukan_enc_pearl.narc,92,3265,,60656,60660,20972,20976,4,df3f619804a92fdb4057192dc43dd748ea778adc52bc498ce80524c014b81119,00000000,,,,,False,,,,,,,,,,False,False
/application/zukanlist/zkn_data/zukan_enc_pearl.narc,/application/zukanlist/zkn_data/zukan_enc_pearl.narc!/member_03266,0,/application/zukanlist/zkn_data/zukan_enc_pearl.narc,92,3266,,60660,60664,20976,20980,4,df3f619804a92fdb4057192dc43dd748ea778adc52bc498ce80524c014b81119,00000000,,,,,False,,,,,,,,,,False,False
/application/zukanlist/zkn_data/zukan_enc_pearl.narc,/application/zukanlist/zkn_data/zukan_enc_pearl.narc!/member_03267,0,/application/zukanlist/zkn_data/zukan_enc_pearl.narc,92,3267,,60664,60668,20980,20984,4,df3f619804a92fdb4057192dc43dd748ea778adc52bc498ce80524c014b81119,00000000,,,,,False,,,,,,,,,,False,False
/application/zukanlist/zkn_data/zukan_enc_pearl.narc,/application/zukanlist/zkn_data/zukan_enc_pearl.narc!/member_03268,0,/application/zukanlist/zkn_data/zukan_enc_pearl.narc,92,3268,,60668,60672,20984,20988,4,df3f619804a92fdb4057192dc43dd748ea778adc52bc498ce80524c014b81119,00000000,,,,,False,,,,,,,,,,False,False
/application/zukanlist/zkn_data/zukan_enc_pearl.narc,/application/zukanlist/zkn_data/zukan_enc_pearl.narc!/member_03269,0,/application/zukanlist/zkn_data/zukan_enc_pearl.narc,92,3269,,60672,60676,20988,20992,4,df3f619804a92fdb4057192dc43dd748ea778adc52bc498ce80524c014b81119,00000000,,,,,False,,,,,,,,,,False,False
/application/zukanlist/zkn_data/zukan_enc_pearl.narc,/application/zukanlist/zkn_data/zukan_enc_pearl.narc!/member_03270,0,/application/zukanlist/zkn_data/zukan_enc_pearl.narc,92,3270,,60676,60680,20992,20996,4,df3f619804a92fdb4057192dc43dd748ea778adc52bc498ce80524c014b81119,00000000,,,,,False,,,,,,,,,,False,False
/application/zukanlist/zkn_data/zukan_enc_pearl.narc,/application/zukanlist/zkn_data/zukan_enc_pearl.narc!/member_03271,0,/application/zukanlist/zkn_data/zukan_enc_pearl.narc,92,3271,,60680,60684,20996,21000,4,df3f619804a92fdb4057192dc43dd748ea778adc52bc498ce80524c014b81119,00000000,,,,,False,,,,,,,,,,False,False
/application/zukanlist/zkn_data/zukan_enc_pearl.narc,/application/zukanlist/zkn_data/zukan_enc_pearl.narc!/member_03272,0,/application/zukanlist/zkn_data/zukan_enc_pearl.narc,92,3272,,60684,60688,21000,21004,4,df3f619804a92fdb4057192dc43dd748ea778adc52bc498ce80524c014b81119,00000000,,,,,False,,,,,,,,,,False,False
/application/zukanlist/zkn_data/zukan_enc_pearl.narc,/application/zukanlist/zkn_data/zukan_enc_pearl.narc!/member_03273,0,/application/zukanlist/zkn_data/zukan_enc_pearl.narc,92,3273,,60688,60692,21004,21008,4,df3f619804a92fdb4057192dc43dd748ea778adc52bc498ce80524c014b81119,00000000,,,,,False,,,,,,,,,,False,False
/application/zukanlist/zkn_data/zukan_enc_pearl.narc,/application/zukanlist/zkn_data/zukan_enc_pearl.narc!/member_03274,0,/application/zukanlist/zkn_data/zukan_enc_pearl.narc,92,3274,,60692,60696,21008,21012,4,df3f619804a92fdb4057192dc43dd748ea778adc52bc498ce80524c014b81119,00000000,,,,,False,,,,,,,,,,False,False
/application/zukanlist/zkn_data/zukan_enc_pearl.narc,/application/zukanlist/zkn_data/zukan_enc_pearl.narc!/member_03275,0,/application/zukanlist/zkn_data/zukan_enc_pearl.narc,92,3275,,60696,60700,21012,21016,4,df3f619804a92fdb4057192dc43dd748ea778adc52bc498ce80524c014b81119,00000000,,,,,False,,,,,,,,,,False,False
/application/zukanlist/zkn_data/zukan_enc_pearl.narc,/application/zukanlist/zkn_data/zukan_enc_pearl.narc!/member_03276,0,/application/zukanlist/zkn_data/zukan_enc_pearl.narc,92,3276,,60700,60704,21016,21020,4,df3f619804a92fdb4057192dc43dd748ea778adc52bc498ce80524c014b81119,00000000,,,,,False,,,,,,,,,,False,False
/application/zukanlist/zkn_data/zukan_enc_pearl.narc,/application/zukanlist/zkn_data/zukan_enc_pearl.narc!/member_03277,0,/application/zukanlist/zkn_data/zukan_enc_pearl.narc,92,3277,,60704,60708,21020,21024,4,df3f619804a92fdb4057192dc43dd748ea778adc52bc498ce80524c014b81119,00000000,,,,,False,,,,,,,,,,False,False
/application/zukanlist/zkn_data/zukan_enc_pearl.narc,/application/zukanlist/zkn_data/zukan_enc_pearl.narc!/member_03278,0,/application/zukanlist/zkn_data/zukan_enc_pearl.narc,92,3278,,60708,60712,21024,21028,4,df3f619804a92fdb4057192dc43dd748ea778adc52bc498ce80524c014b81119,00000000,,,,,False,,,,,,,,,,False,False
/application/zukanlist/zkn_data/zukan_enc_pearl.narc,/application/zukanlist/zkn_data/zukan_enc_pearl.narc!/member_03279,0,/application/zukanlist/zkn_data/zukan_enc_pearl.narc,92,3279,,60712,60716,21028,21032,4,df3f619804a92fdb4057192dc43dd748ea778adc52bc498ce80524c014b81119,00000000,,,,,False,,,,,,,,,,False,False
/application/zukanlist/zkn_data/zukan_enc_pearl.narc,/application/zukanlist/zkn_data/zukan_enc_pearl.narc!/member_03280,0,/application/zukanlist/zkn_data/zukan_enc_pearl.narc,92,3280,,60716,60720,21032,21036,4,df3f619804a92fdb4057192dc43dd748ea778adc52bc498ce80524c014b81119,00000000,,,,,False,,,,,,,,,,False,False
/application/zukanlist/zkn_data/zukan_enc_pearl.narc,/application/zukanlist/zkn_data/zukan_enc_pearl.narc!/member_03281,0,/application/zukanlist/zkn_data/zukan_enc_pearl.narc,92,3281,,60720,60752,21036,21068,32,b6cd5ee932cb04fe59fc371bc52ec1dcab385d4a4daf44830391745fda862098,0b000000150000001800000019000000,,,,,False,,,,,,,,,,False,False
/application/zukanlist/zkn_data/zukan_enc_pearl.narc,/application/zukanlist/zkn_data/zukan_enc_pearl.narc!/member_03282,0,/application/zukanlist/zkn_data/zukan_enc_pearl.narc,92,3282,,60752,60764,21068,21080,12,ff8fa39a6fbecc40d4d47023620dadc5ce354ccfe16d32f9885b7fe6880a69b1,0b0000002100000000000000,,,,,False,,,,,,,,,,False,False
/application/zukanlist/zkn_data/zukan_enc_pearl.narc,/application/zukanlist/zkn_data/zukan_enc_pearl.narc!/member_03283,0,/application/zukanlist/zkn_data/zukan_enc_pearl.narc,92,3283,,60764,60768,21080,21084,4,df3f619804a92fdb4057192dc43dd748ea778adc52bc498ce80524c014b81119,00000000,,,,,False,,,,,,,,,,False,False
/application/zukanlist/zkn_data/zukan_enc_pearl.narc,/application/zukanlist/zkn_data/zukan_enc_pearl.narc!/member_03284,0,/application/zukanlist/zkn_data/zukan_enc_pearl.narc,92,3284,,60768,60772,21084,21088,4,df3f619804a92fdb4057192dc43dd748ea778adc52bc498ce80524c014b81119,00000000,,,,,False,,,,,,,,,,False,False
/application/zukanlist/zkn_data/zukan_enc_pearl.narc,/application/zukanlist/zkn_data/zukan_enc_pearl.narc!/member_03285,0,/application/zukanlist/zkn_data/zukan_enc_pearl.narc,92,3285,,60772,60776,21088,21092,4,df3f619804a92fdb4057192dc43dd748ea778adc52bc498ce80524c014b81119,00000000,,,,,False,,,,,,,,,,False,False
/application/zukanlist/zkn_data/zukan_enc_pearl.narc,/application/zukanlist/zkn_data/zukan_enc_pearl.narc!/member_03286,0,/application/zukanlist/zkn_data/zukan_enc_pearl.narc,92,3286,,60776,60780,21092,21096,4,df3f619804a92fdb4057192dc43dd748ea778adc52bc498ce80524c014b81119,00000000,,,,,False,,,,,,,,,,False,False
/application/zukanlist/zkn_data/zukan_enc_pearl.narc,/application/zukanlist/zkn_data/zukan_enc_pearl.narc!/member_03287,0,/application/zukanlist/zkn_data/zukan_enc_pearl.narc,92,3287,,60780,60788,21096,21104,8,ed049108bc18f2c64369e8d0ea42850bdd1a7d1dd340cfde716315579702a76c,2a00000000000000,,,,,False,,,,,,,,,,False,False
/application/zukanlist/zkn_data/zukan_enc_pearl.narc,/application/zukanlist/zkn_data/zukan_enc_pearl.narc!/member_03288,0,/application/zukanlist/zkn_data/zukan_enc_pearl.narc,92,3288,,60788,60796,21104,21112,8,ed049108bc18f2c64369e8d0ea42850bdd1a7d1dd340cfde716315579702a76c,2a00000000000000,,,,,False,,,,,,,,,,False,False
/application/zukanlist/zkn_data/zukan_enc_pearl.narc,/application/zukanlist/zkn_data/zukan_enc_pearl.narc!/member_03289,0,/application/zukanlist/zkn_data/zukan_enc_pearl.narc,92,3289,,60796,60820,21112,21136,24,2f332db931e3c01a836a931e49b55d7dc971e1546bb87058040dc30055090de0,1b0000001c0000002400000026000000,,,,,False,,,,,,,,,,False,False
/application/zukanlist/zkn_data/zukan_enc_pearl.narc,/application/zukanlist/zkn_data/zukan_enc_pearl.narc!/member_03290,0,/application/zukanlist/zkn_data/zukan_enc_pearl.narc,92,3290,,60820,60824,21136,21140,4,df3f619804a92fdb4057192dc43dd748ea778adc52bc498ce80524c014b81119,00000000,,,,,False,,,,,,,,,,False,False
/application/zukanlist/zkn_data/zukan_enc_pearl.narc,/application/zukanlist/zkn_data/zukan_enc_pearl.narc!/member_03291,0,/application/zukanlist/zkn_data/zukan_enc_pearl.narc,92,3291,,60824,60828,21140,21144,4,df3f619804a92fdb4057192dc43dd748ea778adc52bc498ce80524c014b81119,00000000,,,,,False,,,,,,,,,,False,False
/application/zukanlist/zkn_data/zukan_enc_pearl.narc,/application/zukanlist/zkn_data/zukan_enc_pearl.narc!/member_03292,0,/application/zukanlist/zkn_data/zukan_enc_pearl.narc,92,3292,,60828,60832,21144,21148,4,df3f619804a92fdb4057192dc43dd748ea778adc52bc498ce80524c014b81119,00000000,,,,,False,,,,,,,,,,False,False
/application/zukanlist/zkn_data/zukan_enc_pearl.narc,/application/zukanlist/zkn_data/zukan_enc_pearl.narc!/member_03293,0,/application/zukanlist/zkn_data/zukan_enc_pearl.narc,92,3293,,60832,60844,21148,21160,12,c87507bb5df2a6725e4fea5c9002e6687f8122c71788e48c6e7f64bf56aeb1d2,1d0000002500000000000000,,,,,False,,,,,,,,,,False,False
/application/zukanlist/zkn_data/zukan_enc_pearl.narc,/application/zukanlist/zkn_data/zukan_enc_pearl.narc!/member_03294,0,/application/zukanlist/zkn_data/zukan_enc_pearl.narc,92,3294,,60844,60856,21160,21172,12,7e235b4cce195b0330d1d32cde3de7062144cfee910f0d16de759341168eff84,2f0000003100000000000000,,,,,False,,,,,,,,,,False,False
/application/zukanlist/zkn_data/zukan_enc_pearl.narc,/application/zukanlist/zkn_data/zukan_enc_pearl.narc!/member_03295,0,/application/zukanlist/zkn_data/zukan_enc_pearl.narc,92,3295,,60856,60868,21172,21184,12,7e235b4cce195b0330d1d32cde3de7062144cfee910f0d16de759341168eff84,2f0000003100000000000000,,,,,False,,,,,,,,,,False,False
/application/zukanlist/zkn_data/zukan_enc_pearl.narc,/application/zukanlist/zkn_data/zukan_enc_pearl.narc!/member_03296,0,/application/zukanlist/zkn_data/zukan_enc_pearl.narc,92,3296,,60868,60880,21184,21196,12,82845f601ec6f67c6123951adc94a3a015e24cb0ab292fb289695e981c4a6a7a,080000002800000000000000,,,,,False,,,,,,,,,,False,False
/application/zukanlist/zkn_data/zukan_enc_pearl.narc,/application/zukanlist/zkn_data/zukan_enc_pearl.narc!/member_03297,0,/application/zukanlist/zkn_data/zukan_enc_pearl.narc,92,3297,,60880,60892,21196,21208,12,82845f601ec6f67c6123951adc94a3a015e24cb0ab292fb289695e981c4a6a7a,080000002800000000000000,,,,,False,,,,,,,,,,False,False
/application/zukanlist/zkn_data/zukan_enc_pearl.narc,/application/zukanlist/zkn_data/zukan_enc_pearl.narc!/member_03298,0,/application/zukanlist/zkn_data/zukan_enc_pearl.narc,92,3298,,60892,60896,21208,21212,4,df3f619804a92fdb4057192dc43dd748ea778adc52bc498ce80524c014b81119,00000000,,,,,False,,,,,,,,,,False,False
/application/zukanlist/zkn_data/zukan_enc_pearl.narc,/application/zukanlist/zkn_data/zukan_enc_pearl.narc!/member_03299,0,/application/zukanlist/zkn_data/zukan_enc_pearl.narc,92,3299,,60896,60900,21212,21216,4,df3f619804a92fdb4057192dc43dd748ea778adc52bc498ce80524c014b81119,00000000,,,,,False,,,,,,,,,,False,False
/application/zukanlist/zkn_data/zukan_enc_pearl.narc,/application/zukanlist/zkn_data/zukan_enc_pearl.narc!/member_03300,0,/application/zukanlist/zkn_data/zukan_enc_pearl.narc,92,3300,,60900,60904,21216,21220,4,df3f619804a92fdb4057192dc43dd748ea778adc52bc498ce80524c014b81119,00000000,,,,,False,,,,,,,,,,False,False
/application/zukanlist/zkn_data/zukan_enc_pearl.narc,/application/zukanlist/zkn_data/zukan_enc_pearl.narc!/member_03301,0,/application/zukanlist/zkn_data/zukan_enc_pearl.narc,92,3301,,60904,60908,21220,21224,4,df3f619804a92fdb4057192dc43dd748ea778adc52bc498ce80524c014b81119,00000000,,,,,False,,,,,,,,,,False,False
/application/zukanlist/zkn_data/zukan_enc_pearl.narc,/application/zukanlist/zkn_data/zukan_enc_pearl.narc!/member_03302,0,/application/zukanlist/zkn_data/zukan_enc_pearl.narc,92,3302,,60908,60912,21224,21228,4,df3f619804a92fdb4057192dc43dd748ea778adc52bc498ce80524c014b81119,00000000,,,,,False,,,,,,,,,,False,False
/application/zukanlist/zkn_data/zukan_enc_pearl.narc,/application/zukanlist/zkn_data/zukan_enc_pearl.narc!/member_03303,0,/application/zukanlist/zkn_data/zukan_enc_pearl.narc,92,3303,,60912,60916,21228,21232,4,df3f619804a92fdb4057192dc43dd748ea778adc52bc498ce80524c014b81119,00000000,,,,,False,,,,,,,,,,False,False
/application/zukanlist/zkn_data/zukan_enc_pearl.narc,/application/zukanlist/zkn_data/zukan_enc_pearl.narc!/member_03304,0,/application/zukanlist/zkn_data/zukan_enc_pearl.narc,92,3304,,60916,60920,21232,21236,4,df3f619804a92fdb4057192dc43dd748ea778adc52bc498ce80524c014b81119,00000000,,,,,False,,,,,,,,,,False,False
/application/zukanlist/zkn_data/zukan_enc_pearl.narc,/application/zukanlist/zkn_data/zukan_enc_pearl.narc!/member_03305,0,/application/zukanlist/zkn_data/zukan_enc_pearl.narc,92,3305,,60920,60928,21236,21244,8,b8282e78d87c2a42f7c0f5b543c0d7760d3fe5a3860a25c20ec57ddaa4d80b81,2900000000000000,,,,,False,,,,,,,,,,False,False
/application/zukanlist/zkn_data/zukan_enc_pearl.narc,/application/zukanlist/zkn_data/zukan_enc_pearl.narc!/member_03306,0,/application/zukanlist/zkn_data/zukan_enc_pearl.narc,92,3306,,60928,60936,21244,21252,8,b8282e78d87c2a42f7c0f5b543c0d7760d3fe5a3860a25c20ec57ddaa4d80b81,2900000000000000,,,,,False,,,,,,,,,,False,False
/application/zukanlist/zkn_data/zukan_enc_pearl.narc,/application/zukanlist/zkn_data/zukan_enc_pearl.narc!/member_03307,0,/application/zukanlist/zkn_data/zukan_enc_pearl.narc,92,3307,,60936,60940,21252,21256,4,df3f619804a92fdb4057192dc43dd748ea778adc52bc498ce80524c014b81119,00000000,,,,,False,,,,,,,,,,False,False
/application/zukanlist/zkn_data/zukan_enc_pearl.narc,/application/zukanlist/zkn_data/zukan_enc_pearl.narc!/member_03308,0,/application/zukanlist/zkn_data/zukan_enc_pearl.narc,92,3308,,60940,60944,21256,21260,4,df3f619804a92fdb4057192dc43dd748ea778adc52bc498ce80524c014b81119,00000000,,,,,False,,,,,,,,,,False,False
/application/zukanlist/zkn_data/zukan_enc_pearl.narc,/application/zukanlist/zkn_data/zukan_enc_pearl.narc!/member_03309,0,/application/zukanlist/zkn_data/zukan_enc_pearl.narc,92,3309,,60944,60948,21260,21264,4,df3f619804a92fdb4057192dc43dd748ea778adc52bc498ce80524c014b81119,00000000,,,,,False,,,,,,,,,,False,False
/application/zukanlist/zkn_data/zukan_enc_pearl.narc,/application/zukanlist/zkn_data/zukan_enc_pearl.narc!/member_03310,0,/application/zukanlist/zkn_data/zukan_enc_pearl.narc,92,3310,,60948,60952,21264,21268,4,df3f619804a92fdb4057192dc43dd748ea778adc52bc498ce80524c014b81119,00000000,,,,,False,,,,,,,,,,False,False
/application/zukanlist/zkn_data/zukan_enc_pearl.narc,/application/zukanlist/zkn_data/zukan_enc_pearl.narc!/member_03311,0,/application/zukanlist/zkn_data/zukan_enc_pearl.narc,92,3311,,60952,60956,21268,21272,4,df3f619804a92fdb4057192dc43dd748ea778adc52bc498ce80524c014b81119,00000000,,,,,False,,,,,,,,,,False,False
/application/zukanlist/zkn_data/zukan_enc_pearl.narc,/application/zukanlist/zkn_data/zukan_enc_pearl.narc!/member_03312,0,/application/zukanlist/zkn_data/zukan_enc_pearl.narc,92,3312,,60956,60960,21272,21276,4,df3f619804a92fdb4057192dc43dd748ea778adc52bc498ce80524c014b81119,00000000,,,,,False,,,,,,,,,,False,False
/application/zukanlist/zkn_data/zukan_enc_pearl.narc,/application/zukanlist/zkn_data/zukan_enc_pearl.narc!/member_03313,0,/application/zukanlist/zkn_data/zukan_enc_pearl.narc,92,3313,,60960,60996,21276,21312,36,164607f1a00c34c5e0539afd6c3b8eee0d3b673465b06523e62e6ddf4d2bfc6f,02000000120000001500000018000000,,,,,False,,,,,,,,,,False,False
/application/zukanlist/zkn_data/zukan_enc_pearl.narc,/application/zukanlist/zkn_data/zukan_enc_pearl.narc!/member_03314,0,/application/zukanlist/zkn_data/zukan_enc_pearl.narc,92,3314,,60996,61032,21312,21348,36,164607f1a00c34c5e0539afd6c3b8eee0d3b673465b06523e62e6ddf4d2bfc6f,02000000120000001500000018000000,,,,,False,,,,,,,,,,False,False
/application/zukanlist/zkn_data/zukan_enc_pearl.narc,/application/zukanlist/zkn_data/zukan_enc_pearl.narc!/member_03315,0,/application/zukanlist/zkn_data/zukan_enc_pearl.narc,92,3315,,61032,61040,21348,21356,8,c5b2e76e0be88460999f2083c6197da41daa3732375dabd7f0237c8eec0e395a,2c00000000000000,,,,,False,,,,,,,,,,False,False
/application/zukanlist/zkn_data/zukan_enc_pearl.narc,/application/zukanlist/zkn_data/zukan_enc_pearl.narc!/member_03316,0,/application/zukanlist/zkn_data/zukan_enc_pearl.narc,92,3316,,61040,61048,21356,21364,8,c5b2e76e0be88460999f2083c6197da41daa3732375dabd7f0237c8eec0e395a,2c00000000000000,,,,,False,,,,,,,,,,False,False
/application/zukanlist/zkn_data/zukan_enc_pearl.narc,/application/zukanlist/zkn_data/zukan_enc_pearl.narc!/member_03317,0,/application/zukanlist/zkn_data/zukan_enc_pearl.narc,92,3317,,61048,61052,21364,21368,4,df3f619804a92fdb4057192dc43dd748ea778adc52bc498ce80524c014b81119,00000000,,,,,False,,,,,,,,,,False,False
/application/zukanlist/zkn_data/zukan_enc_pearl.narc,/application/zukanlist/zkn_data/zukan_enc_pearl.narc!/member_03318,0,/application/zukanlist/zkn_data/zukan_enc_pearl.narc,92,3318,,61052,61056,21368,21372,4,df3f619804a92fdb4057192dc43dd748ea778adc52bc498ce80524c014b81119,00000000,,,,,False,,,,,,,,,,False,False
/application/zukanlist/zkn_data/zukan_enc_pearl.narc,/application/zukanlist/zkn_data/zukan_enc_pearl.narc!/member_03319,0,/application/zukanlist/zkn_data/zukan_enc_pearl.narc,92,3319,,61056,61060,21372,21376,4,df3f619804a92fdb4057192dc43dd748ea778adc52bc498ce80524c014b81119,00000000,,,,,False,,,,,,,,,,False,False
/application/zukanlist/zkn_data/zukan_enc_pearl.narc,/application/zukanlist/zkn_data/zukan_enc_pearl.narc!/member_03320,0,/application/zukanlist/zkn_data/zukan_enc_pearl.narc,92,3320,,61060,61064,21376,21380,4,df3f619804a92fdb4057192dc43dd748ea778adc52bc498ce80524c014b81119,00000000,,,,,False,,,,,,,,,,False,False
/application/zukanlist/zkn_data/zukan_enc_pearl.narc,/application/zukanlist/zkn_data/zukan_enc_pearl.narc!/member_03321,0,/application/zukanlist/zkn_data/zukan_enc_pearl.narc,92,3321,,61064,61068,21380,21384,4,df3f619804a92fdb4057192dc43dd748ea778adc52bc498ce80524c014b81119,00000000,,,,,False,,,,,,,,,,False,False
/application/zukanlist/zkn_data/zukan_enc_pearl.narc,/application/zukanlist/zkn_data/zukan_enc_pearl.narc!/member_03322,0,/application/zukanlist/zkn_data/zukan_enc_pearl.narc,92,3322,,61068,61072,21384,21388,4,df3f619804a92fdb4057192dc43dd748ea778adc52bc498ce80524c014b81119,00000000,,,,,False,,,,,,,,,,False,False
/application/zukanlist/zkn_data/zukan_enc_pearl.narc,/application/zukanlist/zkn_data/zukan_enc_pearl.narc!/member_03323,0,/application/zukanlist/zkn_data/zukan_enc_pearl.narc,92,3323,,61072,61076,21388,21392,4,df3f619804a92fdb4057192dc43dd748ea778adc52bc498ce80524c014b81119,00000000,,,,,False,,,,,,,,,,False,False
/application/zukanlist/zkn_data/zukan_enc_pearl.narc,/application/zukanlist/zkn_data/zukan_enc_pearl.narc!/member_03324,0,/application/zukanlist/zkn_data/zukan_enc_pearl.narc,92,3324,,61076,61080,21392,21396,4,df3f619804a92fdb4057192dc43dd748ea778adc52bc498ce80524c014b81119,00000000,,,,,False,,,,,,,,,,False,False
/application/zukanlist/zkn_data/zukan_enc_pearl.narc,/application/zukanlist/zkn_data/zukan_enc_pearl.narc!/member_03325,0,/application/zukanlist/zkn_data/zukan_enc_pearl.narc,92,3325,,61080,61084,21396,21400,4,df3f619804a92fdb4057192dc43dd748ea778adc52bc498ce80524c014b81119,00000000,,,,,False,,,,,,,,,,False,False
/application/zukanlist/zkn_data/zukan_enc_pearl.narc,/application/zukanlist/zkn_data/zukan_enc_pearl.narc!/member_03326,0,/application/zukanlist/zkn_data/zukan_enc_pearl.narc,92,3326,,61084,61088,21400,21404,4,df3f619804a92fdb4057192dc43dd748ea778adc52bc498ce80524c014b81119,00000000,,,,,False,,,,,,,,,,False,False
/application/zukanlist/zkn_data/zukan_enc_pearl.narc,/application/zukanlist/zkn_data/zukan_enc_pearl.narc!/member_03327,0,/application/zukanlist/zkn_data/zukan_enc_pearl.narc,92,3327,,61088,61092,21404,21408,4,df3f619804a92fdb4057192dc43dd748ea778adc52bc498ce80524c014b81119,00000000,,,,,False,,,,,,,,,,False,False
/application/zukanlist/zkn_data/zukan_enc_pearl.narc,/application/zukanlist/zkn_data/zukan_enc_pearl.narc!/member_03328,0,/application/zukanlist/zkn_data/zukan_enc_pearl.narc,92,3328,,61092,61096,21408,21412,4,df3f619804a92fdb4057192dc43dd748ea778adc52bc498ce80524c014b81119,00000000,,,,,False,,,,,,,,,,False,False
/application/zukanlist/zkn_data/zukan_enc_pearl.narc,/application/zukanlist/zkn_data/zukan_enc_pearl.narc!/member_03329,0,/application/zukanlist/zkn_data/zukan_enc_pearl.narc,92,3329,,61096,61100,21412,21416,4,df3f619804a92fdb4057192dc43dd748ea778adc52bc498ce80524c014b81119,00000000,,,,,False,,,,,,,,,,False,False
/application/zukanlist/zkn_data/zukan_enc_pearl.narc,/application/zukanlist/zkn_data/zukan_enc_pearl.narc!/member_03330,0,/application/zukanlist/zkn_data/zukan_enc_pearl.narc,92,3330,,61100,61104,21416,21420,4,df3f619804a92fdb4057192dc43dd748ea778adc52bc498ce80524c014b81119,00000000,,,,,False,,,,,,,,,,False,False
/application/zukanlist/zkn_data/zukan_enc_pearl.narc,/application/zukanlist/zkn_data/zukan_enc_pearl.narc!/member_03331,0,/application/zukanlist/zkn_data/zukan_enc_pearl.narc,92,3331,,61104,61108,21420,21424,4,df3f619804a92fdb4057192dc43dd748ea778adc52bc498ce80524c014b81119,00000000,,,,,False,,,,,,,,,,False,False
/application/zukanlist/zkn_data/zukan_enc_pearl.narc,/application/zukanlist/zkn_data/zukan_enc_pearl.narc!/member_03332,0,/application/zukanlist/zkn_data/zukan_enc_pearl.narc,92,3332,,61108,61112,21424,21428,4,df3f619804a92fdb4057192dc43dd748ea778adc52bc498ce80524c014b81119,00000000,,,,,False,,,,,,,,,,False,False
/application/zukanlist/zkn_data/zukan_enc_pearl.narc,/application/zukanlist/zkn_data/zukan_enc_pearl.narc!/member_03333,0,/application/zukanlist/zkn_data/zukan_enc_pearl.narc,92,3333,,61112,61116,21428,21432,4,df3f619804a92fdb4057192dc43dd748ea778adc52bc498ce80524c014b81119,00000000,,,,,False,,,,,,,,,,False,False
/application/zukanlist/zkn_data/zukan_enc_pearl.narc,/application/zukanlist/zkn_data/zukan_enc_pearl.narc!/member_03334,0,/application/zukanlist/zkn_data/zukan_enc_pearl.narc,92,3334,,61116,61120,21432,21436,4,df3f619804a92fdb4057192dc43dd748ea778adc52bc498ce80524c014b81119,00000000,,,,,False,,,,,,,,,,False,False
/application/zukanlist/zkn_data/zukan_enc_pearl.narc,/application/zukanlist/zkn_data/zukan_enc_pearl.narc!/member_03335,0,/application/zukanlist/zkn_data/zukan_enc_pearl.narc,92,3335,,61120,61124,21436,21440,4,df3f619804a92fdb4057192dc43dd748ea778adc52bc498ce80524c014b81119,00000000,,,,,False,,,,,,,,,,False,False
/application/zukanlist/zkn_data/zukan_enc_pearl.narc,/application/zukanlist/zkn_data/zukan_enc_pearl.narc!/member_03336,0,/application/zukanlist/zkn_data/zukan_enc_pearl.narc,92,3336,,61124,61128,21440,21444,4,df3f619804a92fdb4057192dc43dd748ea778adc52bc498ce80524c014b81119,00000000,,,,,False,,,,,,,,,,False,False
/application/zukanlist/zkn_data/zukan_enc_pearl.narc,/application/zukanlist/zkn_data/zukan_enc_pearl.narc!/member_03337,0,/application/zukanlist/zkn_data/zukan_enc_pearl.narc,92,3337,,61128,61140,21444,21456,12,5f79b89985997b5b95a381b4287b597a8c969b30812e71bbe57fcbc2cf911ff2,300000003100000000000000,,Nintendo RLE,Probable,,True,Nintendo RLE,Probable,False,49,,,,,,False,False
/application/zukanlist/zkn_data/zukan_enc_pearl.narc,/application/zukanlist/zkn_data/zukan_enc_pearl.narc!/member_03338,0,/application/zukanlist/zkn_data/zukan_enc_pearl.narc,92,3338,,61140,61152,21456,21468,12,5f79b89985997b5b95a381b4287b597a8c969b30812e71bbe57fcbc2cf911ff2,300000003100000000000000,,Nintendo RLE,Probable,,True,Nintendo RLE,Probable,False,49,,,,,,False,False
/application/zukanlist/zkn_data/zukan_enc_pearl.narc,/application/zukanlist/zkn_data/zukan_enc_pearl.narc!/member_03339,0,/application/zukanlist/zkn_data/zukan_enc_pearl.narc,92,3339,,61152,61156,21468,21472,4,df3f619804a92fdb4057192dc43dd748ea778adc52bc498ce80524c014b81119,00000000,,,,,False,,,,,,,,,,False,False
/application/zukanlist/zkn_data/zukan_enc_pearl.narc,/application/zukanlist/zkn_data/zukan_enc_pearl.narc!/member_03340,0,/application/zukanlist/zkn_data/zukan_enc_pearl.narc,92,3340,,61156,61168,21472,21484,12,0e5123cdcab5b55d471f84666334ea2caafc364e6076654908840a916089baf5,230000002400000000000000,,,,,False,,,,,,,,,,False,False
/application/zukanlist/zkn_data/zukan_enc_pearl.narc,/application/zukanlist/zkn_data/zukan_enc_pearl.narc!/member_03341,0,/application/zukanlist/zkn_data/zukan_enc_pearl.narc,92,3341,,61168,61172,21484,21488,4,df3f619804a92fdb4057192dc43dd748ea778adc52bc498ce80524c014b81119,00000000,,,,,False,,,,,,,,,,False,False
/application/zukanlist/zkn_data/zukan_enc_pearl.narc,/application/zukanlist/zkn_data/zukan_enc_pearl.narc!/member_03342,0,/application/zukanlist/zkn_data/zukan_enc_pearl.narc,92,3342,,61172,61176,21488,21492,4,df3f619804a92fdb4057192dc43dd748ea778adc52bc498ce80524c014b81119,00000000,,,,,False,,,,,,,,,,False,False
/application/zukanlist/zkn_data/zukan_enc_pearl.narc,/application/zukanlist/zkn_data/zukan_enc_pearl.narc!/member_03343,0,/application/zukanlist/zkn_data/zukan_enc_pearl.narc,92,3343,,61176,61184,21492,21500,8,4779cee98e83f1a1592de4f293107545fabab96772e43de89f3437b35f08938f,3000000000000000,,Nintendo RLE,Probable,,True,Nintendo RLE,Probable,False,0,,,,,,False,False
/application/zukanlist/zkn_data/zukan_enc_pearl.narc,/application/zukanlist/zkn_data/zukan_enc_pearl.narc!/member_03344,0,/application/zukanlist/zkn_data/zukan_enc_pearl.narc,92,3344,,61184,61196,21500,21512,12,a6a9401f7034d0d7fef6168818b10aeaabc3d51087849008b8f157ee3aea3be2,050000002600000000000000,,,,,False,,,,,,,,,,False,False
/application/zukanlist/zkn_data/zukan_enc_pearl.narc,/application/zukanlist/zkn_data/zukan_enc_pearl.narc!/member_03345,0,/application/zukanlist/zkn_data/zukan_enc_pearl.narc,92,3345,,61196,61200,21512,21516,4,df3f619804a92fdb4057192dc43dd748ea778adc52bc498ce80524c014b81119,00000000,,,,,False,,,,,,,,,,False,False
/application/zukanlist/zkn_data/zukan_enc_pearl.narc,/application/zukanlist/zkn_data/zukan_enc_pearl.narc!/member_03346,0,/application/zukanlist/zkn_data/zukan_enc_pearl.narc,92,3346,,61200,61204,21516,21520,4,df3f619804a92fdb4057192dc43dd748ea778adc52bc498ce80524c014b81119,00000000,,,,,False,,,,,,,,,,False,False
/application/zukanlist/zkn_data/zukan_enc_pearl.narc,/application/zukanlist/zkn_data/zukan_enc_pearl.narc!/member_03347,0,/application/zukanlist/zkn_data/zukan_enc_pearl.narc,92,3347,,61204,61208,21520,21524,4,df3f619804a92fdb4057192dc43dd748ea778adc52bc498ce80524c014b81119,00000000,,,,,False,,,,,,,,,,False,False
/application/zukanlist/zkn_data/zukan_enc_pearl.narc,/application/zukanlist/zkn_data/zukan_enc_pearl.narc!/member_03348,0,/application/zukanlist/zkn_data/zukan_enc_pearl.narc,92,3348,,61208,61212,21524,21528,4,df3f619804a92fdb4057192dc43dd748ea778adc52bc498ce80524c014b81119,00000000,,,,,False,,,,,,,,,,False,False
/application/zukanlist/zkn_data/zukan_enc_pearl.narc,/application/zukanlist/zkn_data/zukan_enc_pearl.narc!/member_03349,0,/application/zukanlist/zkn_data/zukan_enc_pearl.narc,92,3349,,61212,61216,21528,21532,4,df3f619804a92fdb4057192dc43dd748ea778adc52bc498ce80524c014b81119,00000000,,,,,False,,,,,,,,,,False,False
/application/zukanlist/zkn_data/zukan_enc_pearl.narc,/application/zukanlist/zkn_data/zukan_enc_pearl.narc!/member_03350,0,/application/zukanlist/zkn_data/zukan_enc_pearl.narc,92,3350,,61216,61220,21532,21536,4,df3f619804a92fdb4057192dc43dd748ea778adc52bc498ce80524c014b81119,00000000,,,,,False,,,,,,,,,,False,False
/application/zukanlist/zkn_data/zukan_enc_pearl.narc,/application/zukanlist/zkn_data/zukan_enc_pearl.narc!/member_03351,0,/application/zukanlist/zkn_data/zukan_enc_pearl.narc,92,3351,,61220,61224,21536,21540,4,df3f619804a92fdb4057192dc43dd748ea778adc52bc498ce80524c014b81119,00000000,,,,,False,,,,,,,,,,False,False
/application/zukanlist/zkn_data/zukan_enc_pearl.narc,/application/zukanlist/zkn_data/zukan_enc_pearl.narc!/member_03352,0,/application/zukanlist/zkn_data/zukan_enc_pearl.narc,92,3352,,61224,61228,21540,21544,4,df3f619804a92fdb4057192dc43dd748ea778adc52bc498ce80524c014b81119,00000000,,,,,False,,,,,,,,,,False,False
/application/zukanlist/zkn_data/zukan_enc_pearl.narc,/application/zukanlist/zkn_data/zukan_enc_pearl.narc!/member_03353,0,/application/zukanlist/zkn_data/zukan_enc_pearl.narc,92,3353,,61228,61232,21544,21548,4,df3f619804a92fdb4057192dc43dd748ea778adc52bc498ce80524c014b81119,00000000,,,,,False,,,,,,,,,,False,False
/application/zukanlist/zkn_data/zukan_enc_pearl.narc,/application/zukanlist/zkn_data/zukan_enc_pearl.narc!/member_03354,0,/application/zukanlist/zkn_data/zukan_enc_pearl.narc,92,3354,,61232,61236,21548,21552,4,df3f619804a92fdb4057192dc43dd748ea778adc52bc498ce80524c014b81119,00000000,,,,,False,,,,,,,,,,False,False
/application/zukanlist/zkn_data/zukan_enc_pearl.narc,/application/zukanlist/zkn_data/zukan_enc_pearl.narc!/member_03355,0,/application/zukanlist/zkn_data/zukan_enc_pearl.narc,92,3355,,61236,61240,21552,21556,4,df3f619804a92fdb4057192dc43dd748ea778adc52bc498ce80524c014b81119,00000000,,,,,False,,,,,,,,,,False,False
/application/zukanlist/zkn_data/zukan_enc_pearl.narc,/application/zukanlist/zkn_data/zukan_enc_pearl.narc!/member_03356,0,/application/zukanlist/zkn_data/zukan_enc_pearl.narc,92,3356,,61240,61244,21556,21560,4,df3f619804a92fdb4057192dc43dd748ea778adc52bc498ce80524c014b81119,00000000,,,,,False,,,,,,,,,,False,False
/application/zukanlist/zkn_data/zukan_enc_pearl.narc,/application/zukanlist/zkn_data/zukan_enc_pearl.narc!/member_03357,0,/application/zukanlist/zkn_data/zukan_enc_pearl.narc,92,3357,,61244,61248,21560,21564,4,df3f619804a92fdb4057192dc43dd748ea778adc52bc498ce80524c014b81119,00000000,,,,,False,,,,,,,,,,False,False
/application/zukanlist/zkn_data/zukan_enc_pearl.narc,/application/zukanlist/zkn_data/zukan_enc_pearl.narc!/member_03358,0,/application/zukanlist/zkn_data/zukan_enc_pearl.narc,92,3358,,61248,61252,21564,21568,4,df3f619804a92fdb4057192dc43dd748ea778adc52bc498ce80524c014b81119,00000000,,,,,False,,,,,,,,,,False,False
/application/zukanlist/zkn_data/zukan_enc_pearl.narc,/application/zukanlist/zkn_data/zukan_enc_pearl.narc!/member_03359,0,/application/zukanlist/zkn_data/zukan_enc_pearl.narc,92,3359,,61252,61256,21568,21572,4,df3f619804a92fdb4057192dc43dd748ea778adc52bc498ce80524c014b81119,00000000,,,,,False,,,,,,,,,,False,False
/application/zukanlist/zkn_data/zukan_enc_pearl.narc,/application/zukanlist/zkn_data/zukan_enc_pearl.narc!/member_03360,0,/application/zukanlist/zkn_data/zukan_enc_pearl.narc,92,3360,,61256,61260,21572,21576,4,df3f619804a92fdb4057192dc43dd748ea778adc52bc498ce80524c014b81119,00000000,,,,,False,,,,,,,,,,False,False
/application/zukanlist/zkn_data/zukan_enc_pearl.narc,/application/zukanlist/zkn_data/zukan_enc_pearl.narc!/member_03361,0,/application/zukanlist/zkn_data/zukan_enc_pearl.narc,92,3361,,61260,61264,21576,21580,4,df3f619804a92fdb4057192dc43dd748ea778adc52bc498ce80524c014b81119,00000000,,,,,False,,,,,,,,,,False,False
/application/zukanlist/zkn_data/zukan_enc_pearl.narc,/application/zukanlist/zkn_data/zukan_enc_pearl.narc!/member_03362,0,/application/zukanlist/zkn_data/zukan_enc_pearl.narc,92,3362,,61264,61268,21580,21584,4,df3f619804a92fdb4057192dc43dd748ea778adc52bc498ce80524c014b81119,00000000,,,,,False,,,,,,,,,,False,False
/application/zukanlist/zkn_data/zukan_enc_pearl.narc,/application/zukanlist/zkn_data/zukan_enc_pearl.narc!/member_03363,0,/application/zukanlist/zkn_data/zukan_enc_pearl.narc,92,3363,,61268,61272,21584,21588,4,df3f619804a92fdb4057192dc43dd748ea778adc52bc498ce80524c014b81119,00000000,,,,,False,,,,,,,,,,False,False
/application/zukanlist/zkn_data/zukan_enc_pearl.narc,/application/zukanlist/zkn_data/zukan_enc_pearl.narc!/member_03364,0,/application/zukanlist/zkn_data/zukan_enc_pearl.narc,92,3364,,61272,61276,21588,21592,4,df3f619804a92fdb4057192dc43dd748ea778adc52bc498ce80524c014b81119,00000000,,,,,False,,,,,,,,,,False,False
/application/zukanlist/zkn_data/zukan_enc_pearl.narc,/application/zukanlist/zkn_data/zukan_enc_pearl.narc!/member_03365,0,/application/zukanlist/zkn_data/zukan_enc_pearl.narc,92,3365,,61276,61280,21592,21596,4,df3f619804a92fdb4057192dc43dd748ea778adc52bc498ce80524c014b81119,00000000,,,,,False,,,,,,,,,,False,False
/application/zukanlist/zkn_data/zukan_enc_pearl.narc,/application/zukanlist/zkn_data/zukan_enc_pearl.narc!/member_03366,0,/application/zukanlist/zkn_data/zukan_enc_pearl.narc,92,3366,,61280,61284,21596,21600,4,df3f619804a92fdb4057192dc43dd748ea778adc52bc498ce80524c014b81119,00000000,,,,,False,,,,,,,,,,False,False
/application/zukanlist/zkn_data/zukan_enc_pearl.narc,/application/zukanlist/zkn_data/zukan_enc_pearl.narc!/member_03367,0,/application/zukanlist/zkn_data/zukan_enc_pearl.narc,92,3367,,61284,61288,21600,21604,4,df3f619804a92fdb4057192dc43dd748ea778adc52bc498ce80524c014b81119,00000000,,,,,False,,,,,,,,,,False,False
/application/zukanlist/zkn_data/zukan_enc_pearl.narc,/application/zukanlist/zkn_data/zukan_enc_pearl.narc!/member_03368,0,/application/zukanlist/zkn_data/zukan_enc_pearl.narc,92,3368,,61288,61292,21604,21608,4,df3f619804a92fdb4057192dc43dd748ea778adc52bc498ce80524c014b81119,00000000,,,,,False,,,,,,,,,,False,False
/application/zukanlist/zkn_data/zukan_enc_pearl.narc,/application/zukanlist/zkn_data/zukan_enc_pearl.narc!/member_03369,0,/application/zukanlist/zkn_data/zukan_enc_pearl.narc,92,3369,,61292,61296,21608,21612,4,df3f619804a92fdb4057192dc43dd748ea778adc52bc498ce80524c014b81119,00000000,,,,,False,,,,,,,,,,False,False
/application/zukanlist/zkn_data/zukan_enc_pearl.narc,/application/zukanlist/zkn_data/zukan_enc_pearl.narc!/member_03370,0,/application/zukanlist/zkn_data/zukan_enc_pearl.narc,92,3370,,61296,61328,21612,21644,32,58e35f8c94f597d29dd53bef00a39388f10fb496032325777eaf4dfdc8831d67,0c0000000d0000000e0000000f000000,,,,,False,,,,,,,,,,False,False
/application/zukanlist/zkn_data/zukan_enc_pearl.narc,/application/zukanlist/zkn_data/zukan_enc_pearl.narc!/member_03371,0,/application/zukanlist/zkn_data/zukan_enc_pearl.narc,92,3371,,61328,61344,21644,21660,16,67c8870d57681806804e19c0f574413890c017fd0c27f177799f147af4fbaa34,0a000000160000001b00000000000000,,,,,False,,,,,,,,,,False,False
/application/zukanlist/zkn_data/zukan_enc_pearl.narc,/application/zukanlist/zkn_data/zukan_enc_pearl.narc!/member_03372,0,/application/zukanlist/zkn_data/zukan_enc_pearl.narc,92,3372,,61344,61348,21660,21664,4,df3f619804a92fdb4057192dc43dd748ea778adc52bc498ce80524c014b81119,00000000,,,,,False,,,,,,,,,,False,False
/application/zukanlist/zkn_data/zukan_enc_pearl.narc,/application/zukanlist/zkn_data/zukan_enc_pearl.narc!/member_03373,0,/application/zukanlist/zkn_data/zukan_enc_pearl.narc,92,3373,,61348,61392,21664,21708,44,58e1dd30dcd45e16a23117b800a6c664f481e0e8f2525affdfc8fa90d1e664c4,060000000c0000000d0000000e000000,,,,,False,,,,,,,,,,False,False
/application/zukanlist/zkn_data/zukan_enc_pearl.narc,/application/zukanlist/zkn_data/zukan_enc_pearl.narc!/member_03374,0,/application/zukanlist/zkn_data/zukan_enc_pearl.narc,92,3374,,61392,61416,21708,21732,24,a541accc6c7fb61ccf5aa160b4a1deecb0addd840ca4246c685336eace93b614,0a000000150000001600000018000000,,,,,False,,,,,,,,,,False,False
/application/zukanlist/zkn_data/zukan_enc_pearl.narc,/application/zukanlist/zkn_data/zukan_enc_pearl.narc!/member_03375,0,/application/zukanlist/zkn_data/zukan_enc_pearl.narc,92,3375,,61416,61420,21732,21736,4,df3f619804a92fdb4057192dc43dd748ea778adc52bc498ce80524c014b81119,00000000,,,,,False,,,,,,,,,,False,False
/application/zukanlist/zkn_data/zukan_enc_pearl.narc,/application/zukanlist/zkn_data/zukan_enc_pearl.narc!/member_03376,0,/application/zukanlist/zkn_data/zukan_enc_pearl.narc,92,3376,,61420,61452,21736,21768,32,768ba94465a54897af04b9a4eba8e19a79c1c5c7ec3c39f3e0db478c5a64bbab,0a00000013000000170000001b000000,,,,,False,,,,,,,,,,False,False
/application/zukanlist/zkn_data/zukan_enc_pearl.narc,/application/zukanlist/zkn_data/zukan_enc_pearl.narc!/member_03377,0,/application/zukanlist/zkn_data/zukan_enc_pearl.narc,92,3377,,61452,61476,21768,21792,24,71077adb4ffed066ba29ac8b208fa256bda463c2ab279aadb1e09ca66b26d255,070000000d0000000e0000000f000000,,,,,False,,,,,,,,,,False,False
/application/zukanlist/zkn_data/zukan_enc_pearl.narc,/application/zukanlist/zkn_data/zukan_enc_pearl.narc!/member_03378,0,/application/zukanlist/zkn_data/zukan_enc_pearl.narc,92,3378,,61476,61484,21792,21800,8,aae89fc0f03e2959ae4d701a80cc3915918c950b159f6abb6c92c1433b1a8534,0700000000000000,,,,,False,,,,,,,,,,False,False
/application/zukanlist/zkn_data/zukan_enc_pearl.narc,/application/zukanlist/zkn_data/zukan_enc_pearl.narc!/member_03379,0,/application/zukanlist/zkn_data/zukan_enc_pearl.narc,92,3379,,61484,61488,21800,21804,4,df3f619804a92fdb4057192dc43dd748ea778adc52bc498ce80524c014b81119,00000000,,,,,False,,,,,,,,,,False,False
/application/zukanlist/zkn_data/zukan_enc_pearl.narc,/application/zukanlist/zkn_data/zukan_enc_pearl.narc!/member_03380,0,/application/zukanlist/zkn_data/zukan_enc_pearl.narc,92,3380,,61488,61504,21804,21820,16,16e2ac4eebf44be2ced83a1a41679c6a3261f198ae653e0829b7288ed426bbcc,0f000000100000001b00000000000000,,,,,False,,,,,,,,,,False,False
/application/zukanlist/zkn_data/zukan_enc_pearl.narc,/application/zukanlist/zkn_data/zukan_enc_pearl.narc!/member_03381,0,/application/zukanlist/zkn_data/zukan_enc_pearl.narc,92,3381,,61504,61508,21820,21824,4,df3f619804a92fdb4057192dc43dd748ea778adc52bc498ce80524c014b81119,00000000,,,,,False,,,,,,,,,,False,False
/application/zukanlist/zkn_data/zukan_enc_pearl.narc,/application/zukanlist/zkn_data/zukan_enc_pearl.narc!/member_03382,0,/application/zukanlist/zkn_data/zukan_enc_pearl.narc,92,3382,,61508,61512,21824,21828,4,df3f619804a92fdb4057192dc43dd748ea778adc52bc498ce80524c014b81119,00000000,,,,,False,,,,,,,,,,False,False
/application/zukanlist/zkn_data/zukan_enc_pearl.narc,/application/zukanlist/zkn_data/zukan_enc_pearl.narc!/member_03383,0,/application/zukanlist/zkn_data/zukan_enc_pearl.narc,92,3383,,61512,61516,21828,21832,4,df3f619804a92fdb4057192dc43dd748ea778adc52bc498ce80524c014b81119,00000000,,,,,False,,,,,,,,,,False,False
/application/zukanlist/zkn_data/zukan_enc_pearl.narc,/application/zukanlist/zkn_data/zukan_enc_pearl.narc!/member_03384,0,/application/zukanlist/zkn_data/zukan_enc_pearl.narc,92,3384,,61516,61520,21832,21836,4,df3f619804a92fdb4057192dc43dd748ea778adc52bc498ce80524c014b81119,00000000,,,,,False,,,,,,,,,,False,False
/application/zukanlist/zkn_data/zukan_enc_pearl.narc,/application/zukanlist/zkn_data/zukan_enc_pearl.narc!/member_03385,0,/application/zukanlist/zkn_data/zukan_enc_pearl.narc,92,3385,,61520,61524,21836,21840,4,df3f619804a92fdb4057192dc43dd748ea778adc52bc498ce80524c014b81119,00000000,,,,,False,,,,,,,,,,False,False
/application/zukanlist/zkn_data/zukan_enc_pearl.narc,/application/zukanlist/zkn_data/zukan_enc_pearl.narc!/member_03386,0,/application/zukanlist/zkn_data/zukan_enc_pearl.narc,92,3386,,61524,61528,21840,21844,4,df3f619804a92fdb4057192dc43dd748ea778adc52bc498ce80524c014b81119,00000000,,,,,False,,,,,,,,,,False,False
/application/zukanlist/zkn_data/zukan_enc_pearl.narc,/application/zukanlist/zkn_data/zukan_enc_pearl.narc!/member_03387,0,/application/zukanlist/zkn_data/zukan_enc_pearl.narc,92,3387,,61528,61532,21844,21848,4,df3f619804a92fdb4057192dc43dd748ea778adc52bc498ce80524c014b81119,00000000,,,,,False,,,,,,,,,,False,False
/application/zukanlist/zkn_data/zukan_enc_pearl.narc,/application/zukanlist/zkn_data/zukan_enc_pearl.narc!/member_03388,0,/application/zukanlist/zkn_data/zukan_enc_pearl.narc,92,3388,,61532,61536,21848,21852,4,df3f619804a92fdb4057192dc43dd748ea778adc52bc498ce80524c014b81119,00000000,,,,,False,,,,,,,,,,False,False
/application/zukanlist/zkn_data/zukan_enc_pearl.narc,/application/zukanlist/zkn_data/zukan_enc_pearl.narc!/member_03389,0,/application/zukanlist/zkn_data/zukan_enc_pearl.narc,92,3389,,61536,61540,21852,21856,4,df3f619804a92fdb4057192dc43dd748ea778adc52bc498ce80524c014b81119,00000000,,,,,False,,,,,,,,,,False,False
/application/zukanlist/zkn_data/zukan_enc_pearl.narc,/application/zukanlist/zkn_data/zukan_enc_pearl.narc!/member_03390,0,/application/zukanlist/zkn_data/zukan_enc_pearl.narc,92,3390,,61540,61544,21856,21860,4,df3f619804a92fdb4057192dc43dd748ea778adc52bc498ce80524c014b81119,00000000,,,,,False,,,,,,,,,,False,False
/application/zukanlist/zkn_data/zukan_enc_pearl.narc,/application/zukanlist/zkn_data/zukan_enc_pearl.narc!/member_03391,0,/application/zukanlist/zkn_data/zukan_enc_pearl.narc,92,3391,,61544,61564,21860,21880,20,a53d6fa44ecc448f940b203892c6b7370297bced96c55f77650ab0b0d47bf7b8,06000000070000001100000012000000,,,,,False,,,,,,,,,,False,False
/application/zukanlist/zkn_data/zukan_enc_pearl.narc,/application/zukanlist/zkn_data/zukan_enc_pearl.narc!/member_03392,0,/application/zukanlist/zkn_data/zukan_enc_pearl.narc,92,3392,,61564,61588,21880,21904,24,5e14b8fc36acef66f64f0a0cac3d3206b13d078815858aeeab6e1947ad8c905e,0600000011000000120000001d000000,,,,,False,,,,,,,,,,False,False
/application/zukanlist/zkn_data/zukan_enc_pearl.narc,/application/zukanlist/zkn_data/zukan_enc_pearl.narc!/member_03393,0,/application/zukanlist/zkn_data/zukan_enc_pearl.narc,92,3393,,61588,61620,21904,21936,32,74dc6b08d26dc12f71ec44d34d2accebcf20e8406f12d7a87184fad8eca4dea6,070000001d0000002200000024000000,,,,,False,,,,,,,,,,False,False
/application/zukanlist/zkn_data/zukan_enc_pearl.narc,/application/zukanlist/zkn_data/zukan_enc_pearl.narc!/member_03394,0,/application/zukanlist/zkn_data/zukan_enc_pearl.narc,92,3394,,61620,61624,21936,21940,4,df3f619804a92fdb4057192dc43dd748ea778adc52bc498ce80524c014b81119,00000000,,,,,False,,,,,,,,,,False,False
/application/zukanlist/zkn_data/zukan_enc_pearl.narc,/application/zukanlist/zkn_data/zukan_enc_pearl.narc!/member_03395,0,/application/zukanlist/zkn_data/zukan_enc_pearl.narc,92,3395,,61624,61628,21940,21944,4,df3f619804a92fdb4057192dc43dd748ea778adc52bc498ce80524c014b81119,00000000,,,,,False,,,,,,,,,,False,False
/application/zukanlist/zkn_data/zukan_enc_pearl.narc,/application/zukanlist/zkn_data/zukan_enc_pearl.narc!/member_03396,0,/application/zukanlist/zkn_data/zukan_enc_pearl.narc,92,3396,,61628,61664,21944,21980,36,fb5acd99524f5dbe261e5e197bf8fd0fe6d5079dd79df24277bd4c7ad3e13b0d,06000000070000001100000012000000,,,,,False,,,,,,,,,,False,False
/application/zukanlist/zkn_data/zukan_enc_pearl.narc,/application/zukanlist/zkn_data/zukan_enc_pearl.narc!/member_03397,0,/application/zukanlist/zkn_data/zukan_enc_pearl.narc,92,3397,,61664,61692,21980,22008,28,bcd0feea2d7014c0defc95c06466e23d070338aa6fda60750efb5eb9890b628f,07000000220000002400000025000000,,,,,False,,,,,,,,,,False,False
/application/zukanlist/zkn_data/zukan_enc_pearl.narc,/application/zukanlist/zkn_data/zukan_enc_pearl.narc!/member_03398,0,/application/zukanlist/zkn_data/zukan_enc_pearl.narc,92,3398,,61692,61696,22008,22012,4,df3f619804a92fdb4057192dc43dd748ea778adc52bc498ce80524c014b81119,00000000,,,,,False,,,,,,,,,,False,False
/application/zukanlist/zkn_data/zukan_enc_pearl.narc,/application/zukanlist/zkn_data/zukan_enc_pearl.narc!/member_03399,0,/application/zukanlist/zkn_data/zukan_enc_pearl.narc,92,3399,,61696,61700,22012,22016,4,df3f619804a92fdb4057192dc43dd748ea778adc52bc498ce80524c014b81119,00000000,,,,,False,,,,,,,,,,False,False
/application/zukanlist/zkn_data/zukan_enc_pearl.narc,/application/zukanlist/zkn_data/zukan_enc_pearl.narc!/member_03400,0,/application/zukanlist/zkn_data/zukan_enc_pearl.narc,92,3400,,61700,61704,22016,22020,4,df3f619804a92fdb4057192dc43dd748ea778adc52bc498ce80524c014b81119,00000000,,,,,False,,,,,,,,,,False,False
/application/zukanlist/zkn_data/zukan_enc_pearl.narc,/application/zukanlist/zkn_data/zukan_enc_pearl.narc!/member_03401,0,/application/zukanlist/zkn_data/zukan_enc_pearl.narc,92,3401,,61704,61708,22020,22024,4,df3f619804a92fdb4057192dc43dd748ea778adc52bc498ce80524c014b81119,00000000,,,,,False,,,,,,,,,,False,False
/application/zukanlist/zkn_data/zukan_enc_pearl.narc,/application/zukanlist/zkn_data/zukan_enc_pearl.narc!/member_03402,0,/application/zukanlist/zkn_data/zukan_enc_pearl.narc,92,3402,,61708,61712,22024,22028,4,df3f619804a92fdb4057192dc43dd748ea778adc52bc498ce80524c014b81119,00000000,,,,,False,,,,,,,,,,False,False
/application/zukanlist/zkn_data/zukan_enc_pearl.narc,/application/zukanlist/zkn_data/zukan_enc_pearl.narc!/member_03403,0,/application/zukanlist/zkn_data/zukan_enc_pearl.narc,92,3403,,61712,61716,22028,22032,4,df3f619804a92fdb4057192dc43dd748ea778adc52bc498ce80524c014b81119,00000000,,,,,False,,,,,,,,,,False,False
/application/zukanlist/zkn_data/zukan_enc_pearl.narc,/application/zukanlist/zkn_data/zukan_enc_pearl.narc!/member_03404,0,/application/zukanlist/zkn_data/zukan_enc_pearl.narc,92,3404,,61716,61720,22032,22036,4,df3f619804a92fdb4057192dc43dd748ea778adc52bc498ce80524c014b81119,00000000,,,,,False,,,,,,,,,,False,False
/application/zukanlist/zkn_data/zukan_enc_pearl.narc,/application/zukanlist/zkn_data/zukan_enc_pearl.narc!/member_03405,0,/application/zukanlist/zkn_data/zukan_enc_pearl.narc,92,3405,,61720,61732,22036,22048,12,e62cad2a143d0040514d566eefc5b202ac4bf902ec8ce6223bf2f2be30309b4a,220000002500000000000000,,,,,False,,,,,,,,,,False,False
/application/zukanlist/zkn_data/zukan_enc_pearl.narc,/application/zukanlist/zkn_data/zukan_enc_pearl.narc!/member_03406,0,/application/zukanlist/zkn_data/zukan_enc_pearl.narc,92,3406,,61732,61744,22048,22060,12,f83cafef8a68b76f3a811dde2980d2263e3ca97302167c91a0a1b6e7adefc936,250000002a00000000000000,,,,,False,,,,,,,,,,False,False
/application/zukanlist/zkn_data/zukan_enc_pearl.narc,/application/zukanlist/zkn_data/zukan_enc_pearl.narc!/member_03407,0,/application/zukanlist/zkn_data/zukan_enc_pearl.narc,92,3407,,61744,61756,22060,22072,12,ac3e17cb10b4670f60ed7a4f69280ccd605c82307a548ac46547d4918619781d,190000001a00000000000000,,,,,False,,,,,,,,,,False,False
/application/zukanlist/zkn_data/zukan_enc_pearl.narc,/application/zukanlist/zkn_data/zukan_enc_pearl.narc!/member_03408,0,/application/zukanlist/zkn_data/zukan_enc_pearl.narc,92,3408,,61756,61760,22072,22076,4,df3f619804a92fdb4057192dc43dd748ea778adc52bc498ce80524c014b81119,00000000,,,,,False,,,,,,,,,,False,False
/application/zukanlist/zkn_data/zukan_enc_pearl.narc,/application/zukanlist/zkn_data/zukan_enc_pearl.narc!/member_03409,0,/application/zukanlist/zkn_data/zukan_enc_pearl.narc,92,3409,,61760,61764,22076,22080,4,df3f619804a92fdb4057192dc43dd748ea778adc52bc498ce80524c014b81119,00000000,,,,,False,,,,,,,,,,False,False
/application/zukanlist/zkn_data/zukan_enc_pearl.narc,/application/zukanlist/zkn_data/zukan_enc_pearl.narc!/member_03410,0,/application/zukanlist/zkn_data/zukan_enc_pearl.narc,92,3410,,61764,61772,22080,22088,8,1023cd53096fa66c8a605b9cd21f77cb3f8cd12f855482b27c01e85c95b9515f,1300000000000000,,,,,False,,,,,,,,,,False,False
/application/zukanlist/zkn_data/zukan_enc_pearl.narc,/application/zukanlist/zkn_data/zukan_enc_pearl.narc!/member_03411,0,/application/zukanlist/zkn_data/zukan_enc_pearl.narc,92,3411,,61772,61776,22088,22092,4,df3f619804a92fdb4057192dc43dd748ea778adc52bc498ce80524c014b81119,00000000,,,,,False,,,,,,,,,,False,False
/application/zukanlist/zkn_data/zukan_enc_pearl.narc,/application/zukanlist/zkn_data/zukan_enc_pearl.narc!/member_03412,0,/application/zukanlist/zkn_data/zukan_enc_pearl.narc,92,3412,,61776,61788,22092,22104,12,8274d6cd5c457eb9d21d15ef7fc534c460554c75de83491091c05d37d1934bf7,160000001700000000000000,,,,,False,,,,,,,,,,False,False
/application/zukanlist/zkn_data/zukan_enc_pearl.narc,/application/zukanlist/zkn_data/zukan_enc_pearl.narc!/member_03413,0,/application/zukanlist/zkn_data/zukan_enc_pearl.narc,92,3413,,61788,61792,22104,22108,4,df3f619804a92fdb4057192dc43dd748ea778adc52bc498ce80524c014b81119,00000000,,,,,False,,,,,,,,,,False,False
/application/zukanlist/zkn_data/zukan_enc_pearl.narc,/application/zukanlist/zkn_data/zukan_enc_pearl.narc!/member_03414,0,/application/zukanlist/zkn_data/zukan_enc_pearl.narc,92,3414,,61792,61796,22108,22112,4,df3f619804a92fdb4057192dc43dd748ea778adc52bc498ce80524c014b81119,00000000,,,,,False,,,,,,,,,,False,False
/application/zukanlist/zkn_data/zukan_enc_pearl.narc,/application/zukanlist/zkn_data/zukan_enc_pearl.narc!/member_03415,0,/application/zukanlist/zkn_data/zukan_enc_pearl.narc,92,3415,,61796,61808,22112,22124,12,0eef768c548f0e9df17645f4d6c4db3bdbb0f4e1749800173f76735d7b6e2765,250000002600000000000000,,,,,False,,,,,,,,,,False,False
/application/zukanlist/zkn_data/zukan_enc_pearl.narc,/application/zukanlist/zkn_data/zukan_enc_pearl.narc!/member_03416,0,/application/zukanlist/zkn_data/zukan_enc_pearl.narc,92,3416,,61808,61812,22124,22128,4,df3f619804a92fdb4057192dc43dd748ea778adc52bc498ce80524c014b81119,00000000,,,,,False,,,,,,,,,,False,False
/application/zukanlist/zkn_data/zukan_enc_pearl.narc,/application/zukanlist/zkn_data/zukan_enc_pearl.narc!/member_03417,0,/application/zukanlist/zkn_data/zukan_enc_pearl.narc,92,3417,,61812,61816,22128,22132,4,df3f619804a92fdb4057192dc43dd748ea778adc52bc498ce80524c014b81119,00000000,,,,,False,,,,,,,,,,False,False
/application/zukanlist/zkn_data/zukan_enc_pearl.narc,/application/zukanlist/zkn_data/zukan_enc_pearl.narc!/member_03418,0,/application/zukanlist/zkn_data/zukan_enc_pearl.narc,92,3418,,61816,61820,22132,22136,4,df3f619804a92fdb4057192dc43dd748ea778adc52bc498ce80524c014b81119,00000000,,,,,False,,,,,,,,,,False,False
/application/zukanlist/zkn_data/zukan_enc_pearl.narc,/application/zukanlist/zkn_data/zukan_enc_pearl.narc!/member_03419,0,/application/zukanlist/zkn_data/zukan_enc_pearl.narc,92,3419,,61820,61824,22136,22140,4,df3f619804a92fdb4057192dc43dd748ea778adc52bc498ce80524c014b81119,00000000,,,,,False,,,,,,,,,,False,False
/application/zukanlist/zkn_data/zukan_enc_pearl.narc,/application/zukanlist/zkn_data/zukan_enc_pearl.narc!/member_03420,0,/application/zukanlist/zkn_data/zukan_enc_pearl.narc,92,3420,,61824,61828,22140,22144,4,df3f619804a92fdb4057192dc43dd748ea778adc52bc498ce80524c014b81119,00000000,,,,,False,,,,,,,,,,False,False
/application/zukanlist/zkn_data/zukan_enc_pearl.narc,/application/zukanlist/zkn_data/zukan_enc_pearl.narc!/member_03421,0,/application/zukanlist/zkn_data/zukan_enc_pearl.narc,92,3421,,61828,61832,22144,22148,4,df3f619804a92fdb4057192dc43dd748ea778adc52bc498ce80524c014b81119,00000000,,,,,False,,,,,,,,,,False,False
/application/zukanlist/zkn_data/zukan_enc_pearl.narc,/application/zukanlist/zkn_data/zukan_enc_pearl.narc!/member_03422,0,/application/zukanlist/zkn_data/zukan_enc_pearl.narc,92,3422,,61832,61836,22148,22152,4,df3f619804a92fdb4057192dc43dd748ea778adc52bc498ce80524c014b81119,00000000,,,,,False,,,,,,,,,,False,False
/application/zukanlist/zkn_data/zukan_enc_pearl.narc,/application/zukanlist/zkn_data/zukan_enc_pearl.narc!/member_03423,0,/application/zukanlist/zkn_data/zukan_enc_pearl.narc,92,3423,,61836,61840,22152,22156,4,df3f619804a92fdb4057192dc43dd748ea778adc52bc498ce80524c014b81119,00000000,,,,,False,,,,,,,,,,False,False
/application/zukanlist/zkn_data/zukan_enc_pearl.narc,/application/zukanlist/zkn_data/zukan_enc_pearl.narc!/member_03424,0,/application/zukanlist/zkn_data/zukan_enc_pearl.narc,92,3424,,61840,61848,22156,22164,8,b8282e78d87c2a42f7c0f5b543c0d7760d3fe5a3860a25c20ec57ddaa4d80b81,2900000000000000,,,,,False,,,,,,,,,,False,False
/application/zukanlist/zkn_data/zukan_enc_pearl.narc,/application/zukanlist/zkn_data/zukan_enc_pearl.narc!/member_03425,0,/application/zukanlist/zkn_data/zukan_enc_pearl.narc,92,3425,,61848,61852,22164,22168,4,df3f619804a92fdb4057192dc43dd748ea778adc52bc498ce80524c014b81119,00000000,,,,,False,,,,,,,,,,False,False
/application/zukanlist/zkn_data/zukan_enc_pearl.narc,/application/zukanlist/zkn_data/zukan_enc_pearl.narc!/member_03426,0,/application/zukanlist/zkn_data/zukan_enc_pearl.narc,92,3426,,61852,61856,22168,22172,4,df3f619804a92fdb4057192dc43dd748ea778adc52bc498ce80524c014b81119,00000000,,,,,False,,,,,,,,,,False,False
/application/zukanlist/zkn_data/zukan_enc_pearl.narc,/application/zukanlist/zkn_data/zukan_enc_pearl.narc!/member_03427,0,/application/zukanlist/zkn_data/zukan_enc_pearl.narc,92,3427,,61856,61860,22172,22176,4,df3f619804a92fdb4057192dc43dd748ea778adc52bc498ce80524c014b81119,00000000,,,,,False,,,,,,,,,,False,False
/application/zukanlist/zkn_data/zukan_enc_pearl.narc,/application/zukanlist/zkn_data/zukan_enc_pearl.narc!/member_03428,0,/application/zukanlist/zkn_data/zukan_enc_pearl.narc,92,3428,,61860,61864,22176,22180,4,df3f619804a92fdb4057192dc43dd748ea778adc52bc498ce80524c014b81119,00000000,,,,,False,,,,,,,,,,False,False
/application/zukanlist/zkn_data/zukan_enc_pearl.narc,/application/zukanlist/zkn_data/zukan_enc_pearl.narc!/member_03429,0,/application/zukanlist/zkn_data/zukan_enc_pearl.narc,92,3429,,61864,61868,22180,22184,4,df3f619804a92fdb4057192dc43dd748ea778adc52bc498ce80524c014b81119,00000000,,,,,False,,,,,,,,,,False,False
/application/zukanlist/zkn_data/zukan_enc_pearl.narc,/application/zukanlist/zkn_data/zukan_enc_pearl.narc!/member_03430,0,/application/zukanlist/zkn_data/zukan_enc_pearl.narc,92,3430,,61868,61908,22184,22224,40,78393e2e40f0d37458afc810745a88523a2177b36ce8a9297092a2d7872a97ad,01000000060000000700000009000000,,,,,False,,,,,,,,,,False,False
/application/zukanlist/zkn_data/zukan_enc_pearl.narc,/application/zukanlist/zkn_data/zukan_enc_pearl.narc!/member_03431,0,/application/zukanlist/zkn_data/zukan_enc_pearl.narc,92,3431,,61908,61948,22224,22264,40,78393e2e40f0d37458afc810745a88523a2177b36ce8a9297092a2d7872a97ad,01000000060000000700000009000000,,,,,False,,,,,,,,,,False,False
/application/zukanlist/zkn_data/zukan_enc_pearl.narc,/application/zukanlist/zkn_data/zukan_enc_pearl.narc!/member_03432,0,/application/zukanlist/zkn_data/zukan_enc_pearl.narc,92,3432,,61948,61960,22264,22276,12,26a5532b091f58beecbf3cc3f469a74c57f00e27dcf481628757aab80bdf8e0a,040000002f00000000000000,,,,,False,,,,,,,,,,False,False
/application/zukanlist/zkn_data/zukan_enc_pearl.narc,/application/zukanlist/zkn_data/zukan_enc_pearl.narc!/member_03433,0,/application/zukanlist/zkn_data/zukan_enc_pearl.narc,92,3433,,61960,61976,22276,22292,16,f2578d6ab3f7d6034fa63ec3e6dd43add5c54ca3f83107f42a3b19e64bc9720a,0b000000200000002100000000000000,,,,,False,,,,,,,,,,False,False
/application/zukanlist/zkn_data/zukan_enc_pearl.narc,/application/zukanlist/zkn_data/zukan_enc_pearl.narc!/member_03434,0,/application/zukanlist/zkn_data/zukan_enc_pearl.narc,92,3434,,61976,61980,22292,22296,4,df3f619804a92fdb4057192dc43dd748ea778adc52bc498ce80524c014b81119,00000000,,,,,False,,,,,,,,,,False,False
/application/zukanlist/zkn_data/zukan_enc_pearl.narc,/application/zukanlist/zkn_data/zukan_enc_pearl.narc!/member_03435,0,/application/zukanlist/zkn_data/zukan_enc_pearl.narc,92,3435,,61980,61984,22296,22300,4,df3f619804a92fdb4057192dc43dd748ea778adc52bc498ce80524c014b81119,00000000,,,,,False,,,,,,,,,,False,False
/application/zukanlist/zkn_data/zukan_enc_pearl.narc,/application/zukanlist/zkn_data/zukan_enc_pearl.narc!/member_03436,0,/application/zukanlist/zkn_data/zukan_enc_pearl.narc,92,3436,,61984,61988,22300,22304,4,df3f619804a92fdb4057192dc43dd748ea778adc52bc498ce80524c014b81119,00000000,,,,,False,,,,,,,,,,False,False
/application/zukanlist/zkn_data/zukan_enc_pearl.narc,/application/zukanlist/zkn_data/zukan_enc_pearl.narc!/member_03437,0,/application/zukanlist/zkn_data/zukan_enc_pearl.narc,92,3437,,61988,61992,22304,22308,4,df3f619804a92fdb4057192dc43dd748ea778adc52bc498ce80524c014b81119,00000000,,,,,False,,,,,,,,,,False,False
/application/zukanlist/zkn_data/zukan_enc_pearl.narc,/application/zukanlist/zkn_data/zukan_enc_pearl.narc!/member_03438,0,/application/zukanlist/zkn_data/zukan_enc_pearl.narc,92,3438,,61992,61996,22308,22312,4,df3f619804a92fdb4057192dc43dd748ea778adc52bc498ce80524c014b81119,00000000,,,,,False,,,,,,,,,,False,False
/application/zukanlist/zkn_data/zukan_enc_pearl.narc,/application/zukanlist/zkn_data/zukan_enc_pearl.narc!/member_03439,0,/application/zukanlist/zkn_data/zukan_enc_pearl.narc,92,3439,,61996,62000,22312,22316,4,df3f619804a92fdb4057192dc43dd748ea778adc52bc498ce80524c014b81119,00000000,,,,,False,,,,,,,,,,False,False
/application/zukanlist/zkn_data/zukan_enc_pearl.narc,/application/zukanlist/zkn_data/zukan_enc_pearl.narc!/member_03440,0,/application/zukanlist/zkn_data/zukan_enc_pearl.narc,92,3440,,62000,62004,22316,22320,4,df3f619804a92fdb4057192dc43dd748ea778adc52bc498ce80524c014b81119,00000000,,,,,False,,,,,,,,,,False,False
/application/zukanlist/zkn_data/zukan_enc_pearl.narc,/application/zukanlist/zkn_data/zukan_enc_pearl.narc!/member_03441,0,/application/zukanlist/zkn_data/zukan_enc_pearl.narc,92,3441,,62004,62008,22320,22324,4,df3f619804a92fdb4057192dc43dd748ea778adc52bc498ce80524c014b81119,00000000,,,,,False,,,,,,,,,,False,False
/application/zukanlist/zkn_data/zukan_enc_pearl.narc,/application/zukanlist/zkn_data/zukan_enc_pearl.narc!/member_03442,0,/application/zukanlist/zkn_data/zukan_enc_pearl.narc,92,3442,,62008,62012,22324,22328,4,df3f619804a92fdb4057192dc43dd748ea778adc52bc498ce80524c014b81119,00000000,,,,,False,,,,,,,,,,False,False
/application/zukanlist/zkn_data/zukan_enc_pearl.narc,/application/zukanlist/zkn_data/zukan_enc_pearl.narc!/member_03443,0,/application/zukanlist/zkn_data/zukan_enc_pearl.narc,92,3443,,62012,62016,22328,22332,4,df3f619804a92fdb4057192dc43dd748ea778adc52bc498ce80524c014b81119,00000000,,,,,False,,,,,,,,,,False,False
/application/zukanlist/zkn_data/zukan_enc_pearl.narc,/application/zukanlist/zkn_data/zukan_enc_pearl.narc!/member_03444,0,/application/zukanlist/zkn_data/zukan_enc_pearl.narc,92,3444,,62016,62020,22332,22336,4,df3f619804a92fdb4057192dc43dd748ea778adc52bc498ce80524c014b81119,00000000,,,,,False,,,,,,,,,,False,False
/application/zukanlist/zkn_data/zukan_enc_pearl.narc,/application/zukanlist/zkn_data/zukan_enc_pearl.narc!/member_03445,0,/application/zukanlist/zkn_data/zukan_enc_pearl.narc,92,3445,,62020,62024,22336,22340,4,df3f619804a92fdb4057192dc43dd748ea778adc52bc498ce80524c014b81119,00000000,,,,,False,,,,,,,,,,False,False
/application/zukanlist/zkn_data/zukan_enc_pearl.narc,/application/zukanlist/zkn_data/zukan_enc_pearl.narc!/member_03446,0,/application/zukanlist/zkn_data/zukan_enc_pearl.narc,92,3446,,62024,62028,22340,22344,4,df3f619804a92fdb4057192dc43dd748ea778adc52bc498ce80524c014b81119,00000000,,,,,False,,,,,,,,,,False,False
/application/zukanlist/zkn_data/zukan_enc_pearl.narc,/application/zukanlist/zkn_data/zukan_enc_pearl.narc!/member_03447,0,/application/zukanlist/zkn_data/zukan_enc_pearl.narc,92,3447,,62028,62032,22344,22348,4,df3f619804a92fdb4057192dc43dd748ea778adc52bc498ce80524c014b81119,00000000,,,,,False,,,,,,,,,,False,False
/application/zukanlist/zkn_data/zukan_enc_pearl.narc,/application/zukanlist/zkn_data/zukan_enc_pearl.narc!/member_03448,0,/application/zukanlist/zkn_data/zukan_enc_pearl.narc,92,3448,,62032,62036,22348,22352,4,df3f619804a92fdb4057192dc43dd748ea778adc52bc498ce80524c014b81119,00000000,,,,,False,,,,,,,,,,False,False
/application/zukanlist/zkn_data/zukan_enc_pearl.narc,/application/zukanlist/zkn_data/zukan_enc_pearl.narc!/member_03449,0,/application/zukanlist/zkn_data/zukan_enc_pearl.narc,92,3449,,62036,62040,22352,22356,4,df3f619804a92fdb4057192dc43dd748ea778adc52bc498ce80524c014b81119,00000000,,,,,False,,,,,,,,,,False,False
/application/zukanlist/zkn_data/zukan_enc_pearl.narc,/application/zukanlist/zkn_data/zukan_enc_pearl.narc!/member_03450,0,/application/zukanlist/zkn_data/zukan_enc_pearl.narc,92,3450,,62040,62044,22356,22360,4,df3f619804a92fdb4057192dc43dd748ea778adc52bc498ce80524c014b81119,00000000,,,,,False,,,,,,,,,,False,False
/application/zukanlist/zkn_data/zukan_enc_pearl.narc,/application/zukanlist/zkn_data/zukan_enc_pearl.narc!/member_03451,0,/application/zukanlist/zkn_data/zukan_enc_pearl.narc,92,3451,,62044,62048,22360,22364,4,df3f619804a92fdb4057192dc43dd748ea778adc52bc498ce80524c014b81119,00000000,,,,,False,,,,,,,,,,False,False
/application/zukanlist/zkn_data/zukan_enc_pearl.narc,/application/zukanlist/zkn_data/zukan_enc_pearl.narc!/member_03452,0,/application/zukanlist/zkn_data/zukan_enc_pearl.narc,92,3452,,62048,62052,22364,22368,4,df3f619804a92fdb4057192dc43dd748ea778adc52bc498ce80524c014b81119,00000000,,,,,False,,,,,,,,,,False,False
/application/zukanlist/zkn_data/zukan_enc_pearl.narc,/application/zukanlist/zkn_data/zukan_enc_pearl.narc!/member_03453,0,/application/zukanlist/zkn_data/zukan_enc_pearl.narc,92,3453,,62052,62056,22368,22372,4,df3f619804a92fdb4057192dc43dd748ea778adc52bc498ce80524c014b81119,00000000,,,,,False,,,,,,,,,,False,False
/application/zukanlist/zkn_data/zukan_enc_pearl.narc,/application/zukanlist/zkn_data/zukan_enc_pearl.narc!/member_03454,0,/application/zukanlist/zkn_data/zukan_enc_pearl.narc,92,3454,,62056,62060,22372,22376,4,df3f619804a92fdb4057192dc43dd748ea778adc52bc498ce80524c014b81119,00000000,,,,,False,,,,,,,,,,False,False
/application/zukanlist/zkn_data/zukan_enc_pearl.narc,/application/zukanlist/zkn_data/zukan_enc_pearl.narc!/member_03455,0,/application/zukanlist/zkn_data/zukan_enc_pearl.narc,92,3455,,62060,62064,22376,22380,4,df3f619804a92fdb4057192dc43dd748ea778adc52bc498ce80524c014b81119,00000000,,,,,False,,,,,,,,,,False,False
/application/zukanlist/zkn_data/zukan_enc_pearl.narc,/application/zukanlist/zkn_data/zukan_enc_pearl.narc!/member_03456,0,/application/zukanlist/zkn_data/zukan_enc_pearl.narc,92,3456,,62064,62068,22380,22384,4,df3f619804a92fdb4057192dc43dd748ea778adc52bc498ce80524c014b81119,00000000,,,,,False,,,,,,,,,,False,False
/application/zukanlist/zkn_data/zukan_enc_pearl.narc,/application/zukanlist/zkn_data/zukan_enc_pearl.narc!/member_03457,0,/application/zukanlist/zkn_data/zukan_enc_pearl.narc,92,3457,,62068,62072,22384,22388,4,df3f619804a92fdb4057192dc43dd748ea778adc52bc498ce80524c014b81119,00000000,,,,,False,,,,,,,,,,False,False
/application/zukanlist/zkn_data/zukan_enc_pearl.narc,/application/zukanlist/zkn_data/zukan_enc_pearl.narc!/member_03458,0,/application/zukanlist/zkn_data/zukan_enc_pearl.narc,92,3458,,62072,62076,22388,22392,4,df3f619804a92fdb4057192dc43dd748ea778adc52bc498ce80524c014b81119,00000000,,,,,False,,,,,,,,,,False,False
/application/zukanlist/zkn_data/zukan_enc_pearl.narc,/application/zukanlist/zkn_data/zukan_enc_pearl.narc!/member_03459,0,/application/zukanlist/zkn_data/zukan_enc_pearl.narc,92,3459,,62076,62080,22392,22396,4,df3f619804a92fdb4057192dc43dd748ea778adc52bc498ce80524c014b81119,00000000,,,,,False,,,,,,,,,,False,False
/application/zukanlist/zkn_data/zukan_enc_pearl.narc,/application/zukanlist/zkn_data/zukan_enc_pearl.narc!/member_03460,0,/application/zukanlist/zkn_data/zukan_enc_pearl.narc,92,3460,,62080,62084,22396,22400,4,df3f619804a92fdb4057192dc43dd748ea778adc52bc498ce80524c014b81119,00000000,,,,,False,,,,,,,,,,False,False
/application/zukanlist/zkn_data/zukan_enc_pearl.narc,/application/zukanlist/zkn_data/zukan_enc_pearl.narc!/member_03461,0,/application/zukanlist/zkn_data/zukan_enc_pearl.narc,92,3461,,62084,62088,22400,22404,4,df3f619804a92fdb4057192dc43dd748ea778adc52bc498ce80524c014b81119,00000000,,,,,False,,,,,,,,,,False,False
/application/zukanlist/zkn_data/zukan_enc_pearl.narc,/application/zukanlist/zkn_data/zukan_enc_pearl.narc!/member_03462,0,/application/zukanlist/zkn_data/zukan_enc_pearl.narc,92,3462,,62088,62092,22404,22408,4,df3f619804a92fdb4057192dc43dd748ea778adc52bc498ce80524c014b81119,00000000,,,,,False,,,,,,,,,,False,False
/application/zukanlist/zkn_data/zukan_enc_pearl.narc,/application/zukanlist/zkn_data/zukan_enc_pearl.narc!/member_03463,0,/application/zukanlist/zkn_data/zukan_enc_pearl.narc,92,3463,,62092,62096,22408,22412,4,df3f619804a92fdb4057192dc43dd748ea778adc52bc498ce80524c014b81119,00000000,,,,,False,,,,,,,,,,False,False
/application/zukanlist/zkn_data/zukan_enc_pearl.narc,/application/zukanlist/zkn_data/zukan_enc_pearl.narc!/member_03464,0,/application/zukanlist/zkn_data/zukan_enc_pearl.narc,92,3464,,62096,62100,22412,22416,4,df3f619804a92fdb4057192dc43dd748ea778adc52bc498ce80524c014b81119,00000000,,,,,False,,,,,,,,,,False,False
/application/zukanlist/zkn_data/zukan_enc_pearl.narc,/application/zukanlist/zkn_data/zukan_enc_pearl.narc!/member_03465,0,/application/zukanlist/zkn_data/zukan_enc_pearl.narc,92,3465,,62100,62104,22416,22420,4,df3f619804a92fdb4057192dc43dd748ea778adc52bc498ce80524c014b81119,00000000,,,,,False,,,,,,,,,,False,False
/application/zukanlist/zkn_data/zukan_enc_pearl.narc,/application/zukanlist/zkn_data/zukan_enc_pearl.narc!/member_03466,0,/application/zukanlist/zkn_data/zukan_enc_pearl.narc,92,3466,,62104,62108,22420,22424,4,df3f619804a92fdb4057192dc43dd748ea778adc52bc498ce80524c014b81119,00000000,,,,,False,,,,,,,,,,False,False
/application/zukanlist/zkn_data/zukan_enc_pearl.narc,/application/zukanlist/zkn_data/zukan_enc_pearl.narc!/member_03467,0,/application/zukanlist/zkn_data/zukan_enc_pearl.narc,92,3467,,62108,62112,22424,22428,4,df3f619804a92fdb4057192dc43dd748ea778adc52bc498ce80524c014b81119,00000000,,,,,False,,,,,,,,,,False,False
/application/zukanlist/zkn_data/zukan_enc_pearl.narc,/application/zukanlist/zkn_data/zukan_enc_pearl.narc!/member_03468,0,/application/zukanlist/zkn_data/zukan_enc_pearl.narc,92,3468,,62112,62116,22428,22432,4,df3f619804a92fdb4057192dc43dd748ea778adc52bc498ce80524c014b81119,00000000,,,,,False,,,,,,,,,,False,False
/application/zukanlist/zkn_data/zukan_enc_pearl.narc,/application/zukanlist/zkn_data/zukan_enc_pearl.narc!/member_03469,0,/application/zukanlist/zkn_data/zukan_enc_pearl.narc,92,3469,,62116,62220,22432,22536,104,d74c78f2b535332240afc5dd4cfbada080950a4dd92316538fc87c717efad12c,01000000020000000300000004000000,,,,,False,,,,,,,,,,False,False
/application/zukanlist/zkn_data/zukan_enc_pearl.narc,/application/zukanlist/zkn_data/zukan_enc_pearl.narc!/member_03470,0,/application/zukanlist/zkn_data/zukan_enc_pearl.narc,92,3470,,62220,62224,22536,22540,4,df3f619804a92fdb4057192dc43dd748ea778adc52bc498ce80524c014b81119,00000000,,,,,False,,,,,,,,,,False,False
/application/zukanlist/zkn_data/zukan_enc_pearl.narc,/application/zukanlist/zkn_data/zukan_enc_pearl.narc!/member_03471,0,/application/zukanlist/zkn_data/zukan_enc_pearl.narc,92,3471,,62224,62228,22540,22544,4,df3f619804a92fdb4057192dc43dd748ea778adc52bc498ce80524c014b81119,00000000,,,,,False,,,,,,,,,,False,False
/application/zukanlist/zkn_data/zukan_enc_pearl.narc,/application/zukanlist/zkn_data/zukan_enc_pearl.narc!/member_03472,0,/application/zukanlist/zkn_data/zukan_enc_pearl.narc,92,3472,,62228,62232,22544,22548,4,df3f619804a92fdb4057192dc43dd748ea778adc52bc498ce80524c014b81119,00000000,,,,,False,,,,,,,,,,False,False
/application/zukanlist/zkn_data/zukan_enc_pearl.narc,/application/zukanlist/zkn_data/zukan_enc_pearl.narc!/member_03473,0,/application/zukanlist/zkn_data/zukan_enc_pearl.narc,92,3473,,62232,62236,22548,22552,4,df3f619804a92fdb4057192dc43dd748ea778adc52bc498ce80524c014b81119,00000000,,,,,False,,,,,,,,,,False,False
/application/zukanlist/zkn_data/zukan_enc_pearl.narc,/application/zukanlist/zkn_data/zukan_enc_pearl.narc!/member_03474,0,/application/zukanlist/zkn_data/zukan_enc_pearl.narc,92,3474,,62236,62240,22552,22556,4,df3f619804a92fdb4057192dc43dd748ea778adc52bc498ce80524c014b81119,00000000,,,,,False,,,,,,,,,,False,False
/application/zukanlist/zkn_data/zukan_enc_pearl.narc,/application/zukanlist/zkn_data/zukan_enc_pearl.narc!/member_03475,0,/application/zukanlist/zkn_data/zukan_enc_pearl.narc,92,3475,,62240,62244,22556,22560,4,df3f619804a92fdb4057192dc43dd748ea778adc52bc498ce80524c014b81119,00000000,,,,,False,,,,,,,,,,False,False
/application/zukanlist/zkn_data/zukan_enc_pearl.narc,/application/zukanlist/zkn_data/zukan_enc_pearl.narc!/member_03476,0,/application/zukanlist/zkn_data/zukan_enc_pearl.narc,92,3476,,62244,62248,22560,22564,4,df3f619804a92fdb4057192dc43dd748ea778adc52bc498ce80524c014b81119,00000000,,,,,False,,,,,,,,,,False,False
/application/zukanlist/zkn_data/zukan_enc_pearl.narc,/application/zukanlist/zkn_data/zukan_enc_pearl.narc!/member_03477,0,/application/zukanlist/zkn_data/zukan_enc_pearl.narc,92,3477,,62248,62252,22564,22568,4,df3f619804a92fdb4057192dc43dd748ea778adc52bc498ce80524c014b81119,00000000,,,,,False,,,,,,,,,,False,False
/application/zukanlist/zkn_data/zukan_enc_pearl.narc,/application/zukanlist/zkn_data/zukan_enc_pearl.narc!/member_03478,0,/application/zukanlist/zkn_data/zukan_enc_pearl.narc,92,3478,,62252,62256,22568,22572,4,df3f619804a92fdb4057192dc43dd748ea778adc52bc498ce80524c014b81119,00000000,,,,,False,,,,,,,,,,False,False
/application/zukanlist/zkn_data/zukan_enc_pearl.narc,/application/zukanlist/zkn_data/zukan_enc_pearl.narc!/member_03479,0,/application/zukanlist/zkn_data/zukan_enc_pearl.narc,92,3479,,62256,62260,22572,22576,4,df3f619804a92fdb4057192dc43dd748ea778adc52bc498ce80524c014b81119,00000000,,,,,False,,,,,,,,,,False,False
/application/zukanlist/zkn_data/zukan_enc_pearl.narc,/application/zukanlist/zkn_data/zukan_enc_pearl.narc!/member_03480,0,/application/zukanlist/zkn_data/zukan_enc_pearl.narc,92,3480,,62260,62264,22576,22580,4,df3f619804a92fdb4057192dc43dd748ea778adc52bc498ce80524c014b81119,00000000,,,,,False,,,,,,,,,,False,False
/application/zukanlist/zkn_data/zukan_enc_pearl.narc,/application/zukanlist/zkn_data/zukan_enc_pearl.narc!/member_03481,0,/application/zukanlist/zkn_data/zukan_enc_pearl.narc,92,3481,,62264,62268,22580,22584,4,df3f619804a92fdb4057192dc43dd748ea778adc52bc498ce80524c014b81119,00000000,,,,,False,,,,,,,,,,False,False
/application/zukanlist/zkn_data/zukan_enc_pearl.narc,/application/zukanlist/zkn_data/zukan_enc_pearl.narc!/member_03482,0,/application/zukanlist/zkn_data/zukan_enc_pearl.narc,92,3482,,62268,62272,22584,22588,4,df3f619804a92fdb4057192dc43dd748ea778adc52bc498ce80524c014b81119,00000000,,,,,False,,,,,,,,,,False,False
/application/zukanlist/zkn_data/zukan_enc_pearl.narc,/application/zukanlist/zkn_data/zukan_enc_pearl.narc!/member_03483,0,/application/zukanlist/zkn_data/zukan_enc_pearl.narc,92,3483,,62272,62276,22588,22592,4,df3f619804a92fdb4057192dc43dd748ea778adc52bc498ce80524c014b81119,00000000,,,,,False,,,,,,,,,,False,False
/application/zukanlist/zkn_data/zukan_enc_pearl.narc,/application/zukanlist/zkn_data/zukan_enc_pearl.narc!/member_03484,0,/application/zukanlist/zkn_data/zukan_enc_pearl.narc,92,3484,,62276,62280,22592,22596,4,df3f619804a92fdb4057192dc43dd748ea778adc52bc498ce80524c014b81119,00000000,,,,,False,,,,,,,,,,False,False
/application/zukanlist/zkn_data/zukan_enc_pearl.narc,/application/zukanlist/zkn_data/zukan_enc_pearl.narc!/member_03485,0,/application/zukanlist/zkn_data/zukan_enc_pearl.narc,92,3485,,62280,62284,22596,22600,4,df3f619804a92fdb4057192dc43dd748ea778adc52bc498ce80524c014b81119,00000000,,,,,False,,,,,,,,,,False,False
/application/zukanlist/zkn_data/zukan_enc_pearl.narc,/application/zukanlist/zkn_data/zukan_enc_pearl.narc!/member_03486,0,/application/zukanlist/zkn_data/zukan_enc_pearl.narc,92,3486,,62284,62288,22600,22604,4,df3f619804a92fdb4057192dc43dd748ea778adc52bc498ce80524c014b81119,00000000,,,,,False,,,,,,,,,,False,False
/application/zukanlist/zkn_data/zukan_enc_pearl.narc,/application/zukanlist/zkn_data/zukan_enc_pearl.narc!/member_03487,0,/application/zukanlist/zkn_data/zukan_enc_pearl.narc,92,3487,,62288,62292,22604,22608,4,df3f619804a92fdb4057192dc43dd748ea778adc52bc498ce80524c014b81119,00000000,,,,,False,,,,,,,,,,False,False
/application/zukanlist/zkn_data/zukan_enc_pearl.narc,/application/zukanlist/zkn_data/zukan_enc_pearl.narc!/member_03488,0,/application/zukanlist/zkn_data/zukan_enc_pearl.narc,92,3488,,62292,62304,22608,22620,12,9893212e6b984485abc2a582f07509b2de3f9ee0e30ac1263124e844a9c81346,270000003000000000000000,,,,,False,,,,,,,,,,False,False
/application/zukanlist/zkn_data/zukan_enc_pearl.narc,/application/zukanlist/zkn_data/zukan_enc_pearl.narc!/member_03489,0,/application/zukanlist/zkn_data/zukan_enc_pearl.narc,92,3489,,62304,62316,22620,22632,12,9893212e6b984485abc2a582f07509b2de3f9ee0e30ac1263124e844a9c81346,270000003000000000000000,,,,,False,,,,,,,,,,False,False
/application/zukanlist/zkn_data/zukan_enc_pearl.narc,/application/zukanlist/zkn_data/zukan_enc_pearl.narc!/member_03490,0,/application/zukanlist/zkn_data/zukan_enc_pearl.narc,92,3490,,62316,62328,22632,22644,12,9893212e6b984485abc2a582f07509b2de3f9ee0e30ac1263124e844a9c81346,270000003000000000000000,,,,,False,,,,,,,,,,False,False
/application/zukanlist/zkn_data/zukan_enc_pearl.narc,/application/zukanlist/zkn_data/zukan_enc_pearl.narc!/member_03491,0,/application/zukanlist/zkn_data/zukan_enc_pearl.narc,92,3491,,62328,62348,22644,22664,20,792ac6b19afa44edced413eca9ea1ce767cc2779540339e1f957051e4bad978f,08000000270000002800000030000000,,,,,False,,,,,,,,,,False,False
/application/zukanlist/zkn_data/zukan_enc_pearl.narc,/application/zukanlist/zkn_data/zukan_enc_pearl.narc!/member_03492,0,/application/zukanlist/zkn_data/zukan_enc_pearl.narc,92,3492,,62348,62352,22664,22668,4,df3f619804a92fdb4057192dc43dd748ea778adc52bc498ce80524c014b81119,00000000,,,,,False,,,,,,,,,,False,False
/application/zukanlist/zkn_data/zukan_enc_pearl.narc,/application/zukanlist/zkn_data/zukan_enc_pearl.narc!/member_03493,0,/application/zukanlist/zkn_data/zukan_enc_pearl.narc,92,3493,,62352,62356,22668,22672,4,df3f619804a92fdb4057192dc43dd748ea778adc52bc498ce80524c014b81119,00000000,,,,,False,,,,,,,,,,False,False
/application/zukanlist/zkn_data/zukan_enc_pearl.narc,/application/zukanlist/zkn_data/zukan_enc_pearl.narc!/member_03494,0,/application/zukanlist/zkn_data/zukan_enc_pearl.narc,92,3494,,62356,62360,22672,22676,4,df3f619804a92fdb4057192dc43dd748ea778adc52bc498ce80524c014b81119,00000000,,,,,False,,,,,,,,,,False,False
/application/zukanlist/zkn_data/zukan_enc_pearl.narc,/application/zukanlist/zkn_data/zukan_enc_pearl.narc!/member_03495,0,/application/zukanlist/zkn_data/zukan_enc_pearl.narc,92,3495,,62360,62364,22676,22680,4,df3f619804a92fdb4057192dc43dd748ea778adc52bc498ce80524c014b81119,00000000,,,,,False,,,,,,,,,,False,False
/application/zukanlist/zkn_data/zukan_enc_pearl.narc,/application/zukanlist/zkn_data/zukan_enc_pearl.narc!/member_03496,0,/application/zukanlist/zkn_data/zukan_enc_pearl.narc,92,3496,,62364,62368,22680,22684,4,df3f619804a92fdb4057192dc43dd748ea778adc52bc498ce80524c014b81119,00000000,,,,,False,,,,,,,,,,False,False
/application/zukanlist/zkn_data/zukan_enc_pearl.narc,/application/zukanlist/zkn_data/zukan_enc_pearl.narc!/member_03497,0,/application/zukanlist/zkn_data/zukan_enc_pearl.narc,92,3497,,62368,62372,22684,22688,4,df3f619804a92fdb4057192dc43dd748ea778adc52bc498ce80524c014b81119,00000000,,,,,False,,,,,,,,,,False,False
/application/zukanlist/zkn_data/zukan_enc_pearl.narc,/application/zukanlist/zkn_data/zukan_enc_pearl.narc!/member_03498,0,/application/zukanlist/zkn_data/zukan_enc_pearl.narc,92,3498,,62372,62376,22688,22692,4,df3f619804a92fdb4057192dc43dd748ea778adc52bc498ce80524c014b81119,00000000,,,,,False,,,,,,,,,,False,False
/application/zukanlist/zkn_data/zukan_enc_pearl.narc,/application/zukanlist/zkn_data/zukan_enc_pearl.narc!/member_03499,0,/application/zukanlist/zkn_data/zukan_enc_pearl.narc,92,3499,,62376,62380,22692,22696,4,df3f619804a92fdb4057192dc43dd748ea778adc52bc498ce80524c014b81119,00000000,,,,,False,,,,,,,,,,False,False
/application/zukanlist/zkn_data/zukan_enc_pearl.narc,/application/zukanlist/zkn_data/zukan_enc_pearl.narc!/member_03500,0,/application/zukanlist/zkn_data/zukan_enc_pearl.narc,92,3500,,62380,62384,22696,22700,4,df3f619804a92fdb4057192dc43dd748ea778adc52bc498ce80524c014b81119,00000000,,,,,False,,,,,,,,,,False,False
/application/zukanlist/zkn_data/zukan_enc_pearl.narc,/application/zukanlist/zkn_data/zukan_enc_pearl.narc!/member_03501,0,/application/zukanlist/zkn_data/zukan_enc_pearl.narc,92,3501,,62384,62388,22700,22704,4,df3f619804a92fdb4057192dc43dd748ea778adc52bc498ce80524c014b81119,00000000,,,,,False,,,,,,,,,,False,False
/application/zukanlist/zkn_data/zukan_enc_pearl.narc,/application/zukanlist/zkn_data/zukan_enc_pearl.narc!/member_03502,0,/application/zukanlist/zkn_data/zukan_enc_pearl.narc,92,3502,,62388,62392,22704,22708,4,df3f619804a92fdb4057192dc43dd748ea778adc52bc498ce80524c014b81119,00000000,,,,,False,,,,,,,,,,False,False
/application/zukanlist/zkn_data/zukan_enc_pearl.narc,/application/zukanlist/zkn_data/zukan_enc_pearl.narc!/member_03503,0,/application/zukanlist/zkn_data/zukan_enc_pearl.narc,92,3503,,62392,62396,22708,22712,4,df3f619804a92fdb4057192dc43dd748ea778adc52bc498ce80524c014b81119,00000000,,,,,False,,,,,,,,,,False,False
/application/zukanlist/zkn_data/zukan_enc_pearl.narc,/application/zukanlist/zkn_data/zukan_enc_pearl.narc!/member_03504,0,/application/zukanlist/zkn_data/zukan_enc_pearl.narc,92,3504,,62396,62400,22712,22716,4,df3f619804a92fdb4057192dc43dd748ea778adc52bc498ce80524c014b81119,00000000,,,,,False,,,,,,,,,,False,False
/application/zukanlist/zkn_data/zukan_enc_pearl.narc,/application/zukanlist/zkn_data/zukan_enc_pearl.narc!/member_03505,0,/application/zukanlist/zkn_data/zukan_enc_pearl.narc,92,3505,,62400,62404,22716,22720,4,df3f619804a92fdb4057192dc43dd748ea778adc52bc498ce80524c014b81119,00000000,,,,,False,,,,,,,,,,False,False
/application/zukanlist/zkn_data/zukan_enc_pearl.narc,/application/zukanlist/zkn_data/zukan_enc_pearl.narc!/member_03506,0,/application/zukanlist/zkn_data/zukan_enc_pearl.narc,92,3506,,62404,62408,22720,22724,4,df3f619804a92fdb4057192dc43dd748ea778adc52bc498ce80524c014b81119,00000000,,,,,False,,,,,,,,,,False,False
/application/zukanlist/zkn_data/zukan_enc_pearl.narc,/application/zukanlist/zkn_data/zukan_enc_pearl.narc!/member_03507,0,/application/zukanlist/zkn_data/zukan_enc_pearl.narc,92,3507,,62408,62412,22724,22728,4,df3f619804a92fdb4057192dc43dd748ea778adc52bc498ce80524c014b81119,00000000,,,,,False,,,,,,,,,,False,False
/application/zukanlist/zkn_data/zukan_enc_pearl.narc,/application/zukanlist/zkn_data/zukan_enc_pearl.narc!/member_03508,0,/application/zukanlist/zkn_data/zukan_enc_pearl.narc,92,3508,,62412,62416,22728,22732,4,df3f619804a92fdb4057192dc43dd748ea778adc52bc498ce80524c014b81119,00000000,,,,,False,,,,,,,,,,False,False
/application/zukanlist/zkn_data/zukan_enc_pearl.narc,/application/zukanlist/zkn_data/zukan_enc_pearl.narc!/member_03509,0,/application/zukanlist/zkn_data/zukan_enc_pearl.narc,92,3509,,62416,62420,22732,22736,4,df3f619804a92fdb4057192dc43dd748ea778adc52bc498ce80524c014b81119,00000000,,,,,False,,,,,,,,,,False,False
/application/zukanlist/zkn_data/zukan_enc_pearl.narc,/application/zukanlist/zkn_data/zukan_enc_pearl.narc!/member_03510,0,/application/zukanlist/zkn_data/zukan_enc_pearl.narc,92,3510,,62420,62472,22736,22788,52,64d7ac8adacce7dadd57c5604f707acf3912e9c20c740ecc9ee15cc9624a24a4,0b0000000e0000000f00000010000000,,,,,False,,,,,,,,,,False,False
/application/zukanlist/zkn_data/zukan_enc_pearl.narc,/application/zukanlist/zkn_data/zukan_enc_pearl.narc!/member_03511,0,/application/zukanlist/zkn_data/zukan_enc_pearl.narc,92,3511,,62472,62484,22788,22800,12,82845f601ec6f67c6123951adc94a3a015e24cb0ab292fb289695e981c4a6a7a,080000002800000000000000,,,,,False,,,,,,,,,,False,False
/application/zukanlist/zkn_data/zukan_enc_pearl.narc,/application/zukanlist/zkn_data/zukan_enc_pearl.narc!/member_03512,0,/application/zukanlist/zkn_data/zukan_enc_pearl.narc,92,3512,,62484,62496,22800,22812,12,412fee03734b70c2e5c53832edafd1418668096d2063c8ac0bd472aa260c269e,2a0000003100000000000000,,,,,False,,,,,,,,,,False,False
/application/zukanlist/zkn_data/zukan_enc_pearl.narc,/application/zukanlist/zkn_data/zukan_enc_pearl.narc!/member_03513,0,/application/zukanlist/zkn_data/zukan_enc_pearl.narc,92,3513,,62496,62512,22812,22828,16,a1267a6bc81318299e14eee627f545bf26042cc6735859c3e7456ea43a8cd0dc,260000002a0000003100000000000000,,,,,False,,,,,,,,,,False,False
/application/zukanlist/zkn_data/zukan_enc_pearl.narc,/application/zukanlist/zkn_data/zukan_enc_pearl.narc!/member_03514,0,/application/zukanlist/zkn_data/zukan_enc_pearl.narc,92,3514,,62512,62516,22828,22832,4,df3f619804a92fdb4057192dc43dd748ea778adc52bc498ce80524c014b81119,00000000,,,,,False,,,,,,,,,,False,False
/application/zukanlist/zkn_data/zukan_enc_pearl.narc,/application/zukanlist/zkn_data/zukan_enc_pearl.narc!/member_03515,0,/application/zukanlist/zkn_data/zukan_enc_pearl.narc,92,3515,,62516,62520,22832,22836,4,df3f619804a92fdb4057192dc43dd748ea778adc52bc498ce80524c014b81119,00000000,,,,,False,,,,,,,,,,False,False
/application/zukanlist/zkn_data/zukan_enc_pearl.narc,/application/zukanlist/zkn_data/zukan_enc_pearl.narc!/member_03516,0,/application/zukanlist/zkn_data/zukan_enc_pearl.narc,92,3516,,62520,62524,22836,22840,4,df3f619804a92fdb4057192dc43dd748ea778adc52bc498ce80524c014b81119,00000000,,,,,False,,,,,,,,,,False,False
/application/zukanlist/zkn_data/zukan_enc_pearl.narc,/application/zukanlist/zkn_data/zukan_enc_pearl.narc!/member_03517,0,/application/zukanlist/zkn_data/zukan_enc_pearl.narc,92,3517,,62524,62528,22840,22844,4,df3f619804a92fdb4057192dc43dd748ea778adc52bc498ce80524c014b81119,00000000,,,,,False,,,,,,,,,,False,False
/application/zukanlist/zkn_data/zukan_enc_pearl.narc,/application/zukanlist/zkn_data/zukan_enc_pearl.narc!/member_03518,0,/application/zukanlist/zkn_data/zukan_enc_pearl.narc,92,3518,,62528,62532,22844,22848,4,df3f619804a92fdb4057192dc43dd748ea778adc52bc498ce80524c014b81119,00000000,,,,,False,,,,,,,,,,False,False
/application/zukanlist/zkn_data/zukan_enc_pearl.narc,/application/zukanlist/zkn_data/zukan_enc_pearl.narc!/member_03519,0,/application/zukanlist/zkn_data/zukan_enc_pearl.narc,92,3519,,62532,62540,22848,22856,8,b8282e78d87c2a42f7c0f5b543c0d7760d3fe5a3860a25c20ec57ddaa4d80b81,2900000000000000,,,,,False,,,,,,,,,,False,False
/application/zukanlist/zkn_data/zukan_enc_pearl.narc,/application/zukanlist/zkn_data/zukan_enc_pearl.narc!/member_03520,0,/application/zukanlist/zkn_data/zukan_enc_pearl.narc,92,3520,,62540,62548,22856,22864,8,b8282e78d87c2a42f7c0f5b543c0d7760d3fe5a3860a25c20ec57ddaa4d80b81,2900000000000000,,,,,False,,,,,,,,,,False,False
/application/zukanlist/zkn_data/zukan_enc_pearl.narc,/application/zukanlist/zkn_data/zukan_enc_pearl.narc!/member_03521,0,/application/zukanlist/zkn_data/zukan_enc_pearl.narc,92,3521,,62548,62552,22864,22868,4,df3f619804a92fdb4057192dc43dd748ea778adc52bc498ce80524c014b81119,00000000,,,,,False,,,,,,,,,,False,False
/application/zukanlist/zkn_data/zukan_enc_pearl.narc,/application/zukanlist/zkn_data/zukan_enc_pearl.narc!/member_03522,0,/application/zukanlist/zkn_data/zukan_enc_pearl.narc,92,3522,,62552,62556,22868,22872,4,df3f619804a92fdb4057192dc43dd748ea778adc52bc498ce80524c014b81119,00000000,,,,,False,,,,,,,,,,False,False
/application/zukanlist/zkn_data/zukan_enc_pearl.narc,/application/zukanlist/zkn_data/zukan_enc_pearl.narc!/member_03523,0,/application/zukanlist/zkn_data/zukan_enc_pearl.narc,92,3523,,62556,62608,22872,22924,52,0cb0702a64ee4b85533b4fae194e3a2d7aee13b100431cf47cd9ee847c4e5630,020000000e0000000f00000010000000,,,,,False,,,,,,,,,,False,False
/application/zukanlist/zkn_data/zukan_enc_pearl.narc,/application/zukanlist/zkn_data/zukan_enc_pearl.narc!/member_03524,0,/application/zukanlist/zkn_data/zukan_enc_pearl.narc,92,3524,,62608,62676,22924,22992,68,a29bb656fcac2c11dd99696a48224f22f329edf338d4063910dcf690a39bb5b0,020000000e0000000f00000010000000,,,,,False,,,,,,,,,,False,False
/application/zukanlist/zkn_data/zukan_enc_pearl.narc,/application/zukanlist/zkn_data/zukan_enc_pearl.narc!/member_03525,0,/application/zukanlist/zkn_data/zukan_enc_pearl.narc,92,3525,,62676,62680,22992,22996,4,df3f619804a92fdb4057192dc43dd748ea778adc52bc498ce80524c014b81119,00000000,,,,,False,,,,,,,,,,False,False
/application/zukanlist/zkn_data/zukan_enc_pearl.narc,/application/zukanlist/zkn_data/zukan_enc_pearl.narc!/member_03526,0,/application/zukanlist/zkn_data/zukan_enc_pearl.narc,92,3526,,62680,62684,22996,23000,4,df3f619804a92fdb4057192dc43dd748ea778adc52bc498ce80524c014b81119,00000000,,,,,False,,,,,,,,,,False,False
/application/zukanlist/zkn_data/zukan_enc_pearl.narc,/application/zukanlist/zkn_data/zukan_enc_pearl.narc!/member_03527,0,/application/zukanlist/zkn_data/zukan_enc_pearl.narc,92,3527,,62684,62688,23000,23004,4,df3f619804a92fdb4057192dc43dd748ea778adc52bc498ce80524c014b81119,00000000,,,,,False,,,,,,,,,,False,False
/application/zukanlist/zkn_data/zukan_enc_pearl.narc,/application/zukanlist/zkn_data/zukan_enc_pearl.narc!/member_03528,0,/application/zukanlist/zkn_data/zukan_enc_pearl.narc,92,3528,,62688,62692,23004,23008,4,df3f619804a92fdb4057192dc43dd748ea778adc52bc498ce80524c014b81119,00000000,,,,,False,,,,,,,,,,False,False
/application/zukanlist/zkn_data/zukan_enc_pearl.narc,/application/zukanlist/zkn_data/zukan_enc_pearl.narc!/member_03529,0,/application/zukanlist/zkn_data/zukan_enc_pearl.narc,92,3529,,62692,62708,23008,23024,16,c0e20e0b137f75c599bdafdfc772fb5a1155439e2123d6339479418834cb05ff,27000000280000002900000000000000,,,,,False,,,,,,,,,,False,False
/application/zukanlist/zkn_data/zukan_enc_pearl.narc,/application/zukanlist/zkn_data/zukan_enc_pearl.narc!/member_03530,0,/application/zukanlist/zkn_data/zukan_enc_pearl.narc,92,3530,,62708,62724,23024,23040,16,c0e20e0b137f75c599bdafdfc772fb5a1155439e2123d6339479418834cb05ff,27000000280000002900000000000000,,,,,False,,,,,,,,,,False,False
/application/zukanlist/zkn_data/zukan_enc_pearl.narc,/application/zukanlist/zkn_data/zukan_enc_pearl.narc!/member_03531,0,/application/zukanlist/zkn_data/zukan_enc_pearl.narc,92,3531,,62724,62728,23040,23044,4,df3f619804a92fdb4057192dc43dd748ea778adc52bc498ce80524c014b81119,00000000,,,,,False,,,,,,,,,,False,False
/application/zukanlist/zkn_data/zukan_enc_pearl.narc,/application/zukanlist/zkn_data/zukan_enc_pearl.narc!/member_03532,0,/application/zukanlist/zkn_data/zukan_enc_pearl.narc,92,3532,,62728,62740,23044,23056,12,f3eaf50b7b9910204c0c72c73353ea7575297acc9bad11552e158f673c31387d,0e0000001f00000000000000,,,,,False,,,,,,,,,,False,False
/application/zukanlist/zkn_data/zukan_enc_pearl.narc,/application/zukanlist/zkn_data/zukan_enc_pearl.narc!/member_03533,0,/application/zukanlist/zkn_data/zukan_enc_pearl.narc,92,3533,,62740,62748,23056,23064,8,d5cc13b299a327f47cd6361d0441d7edb9d48568f33b460ba17f6a4e3a2ef7ae,1f00000000000000,,,,,False,,,,,,,,,,False,False
/application/zukanlist/zkn_data/zukan_enc_pearl.narc,/application/zukanlist/zkn_data/zukan_enc_pearl.narc!/member_03534,0,/application/zukanlist/zkn_data/zukan_enc_pearl.narc,92,3534,,62748,62752,23064,23068,4,df3f619804a92fdb4057192dc43dd748ea778adc52bc498ce80524c014b81119,00000000,,,,,False,,,,,,,,,,False,False
/application/zukanlist/zkn_data/zukan_enc_pearl.narc,/application/zukanlist/zkn_data/zukan_enc_pearl.narc!/member_03535,0,/application/zukanlist/zkn_data/zukan_enc_pearl.narc,92,3535,,62752,62768,23068,23084,16,c9587e2b125aa454fb6d6fe1d01cde87baa74522f61817135219657954832831,14000000150000001800000000000000,,,,,False,,,,,,,,,,False,False
/application/zukanlist/zkn_data/zukan_enc_pearl.narc,/application/zukanlist/zkn_data/zukan_enc_pearl.narc!/member_03536,0,/application/zukanlist/zkn_data/zukan_enc_pearl.narc,92,3536,,62768,62800,23084,23116,32,75376cdf1cd55860b2c5911f19dd104ed424e9a8aa7ab8afbecdb27b6775c98a,0b000000180000001a00000020000000,,,,,False,,,,,,,,,,False,False
/application/zukanlist/zkn_data/zukan_enc_pearl.narc,/application/zukanlist/zkn_data/zukan_enc_pearl.narc!/member_03537,0,/application/zukanlist/zkn_data/zukan_enc_pearl.narc,92,3537,,62800,62804,23116,23120,4,df3f619804a92fdb4057192dc43dd748ea778adc52bc498ce80524c014b81119,00000000,,,,,False,,,,,,,,,,False,False
/application/zukanlist/zkn_data/zukan_enc_pearl.narc,/application/zukanlist/zkn_data/zukan_enc_pearl.narc!/member_03538,0,/application/zukanlist/zkn_data/zukan_enc_pearl.narc,92,3538,,62804,62816,23120,23132,12,412fee03734b70c2e5c53832edafd1418668096d2063c8ac0bd472aa260c269e,2a0000003100000000000000,,,,,False,,,,,,,,,,False,False
/application/zukanlist/zkn_data/zukan_enc_pearl.narc,/application/zukanlist/zkn_data/zukan_enc_pearl.narc!/member_03539,0,/application/zukanlist/zkn_data/zukan_enc_pearl.narc,92,3539,,62816,62832,23132,23148,16,a1267a6bc81318299e14eee627f545bf26042cc6735859c3e7456ea43a8cd0dc,260000002a0000003100000000000000,,,,,False,,,,,,,,,,False,False
/application/zukanlist/zkn_data/zukan_enc_pearl.narc,/application/zukanlist/zkn_data/zukan_enc_pearl.narc!/member_03540,0,/application/zukanlist/zkn_data/zukan_enc_pearl.narc,92,3540,,62832,62836,23148,23152,4,df3f619804a92fdb4057192dc43dd748ea778adc52bc498ce80524c014b81119,00000000,,,,,False,,,,,,,,,,False,False
/application/zukanlist/zkn_data/zukan_enc_pearl.narc,/application/zukanlist/zkn_data/zukan_enc_pearl.narc!/member_03541,0,/application/zukanlist/zkn_data/zukan_enc_pearl.narc,92,3541,,62836,62888,23152,23204,52,bc7e2ff2d27288d7059fd84911a6ea85cb3fa913cc3e8e1364079585f0ee1e33,01000000030000000600000007000000,,,,,False,,,,,,,,,,False,False
/application/zukanlist/zkn_data/zukan_enc_pearl.narc,/application/zukanlist/zkn_data/zukan_enc_pearl.narc!/member_03542,0,/application/zukanlist/zkn_data/zukan_enc_pearl.narc,92,3542,,62888,62964,23204,23280,76,2ab8a4814c217d3b97ffa028b9d1c899cc85e20d1ee703b59286bee2421917d8,01000000030000000400000005000000,,,,,False,,,,,,,,,,False,False
/application/zukanlist/zkn_data/zukan_enc_pearl.narc,/application/zukanlist/zkn_data/zukan_enc_pearl.narc!/member_03543,0,/application/zukanlist/zkn_data/zukan_enc_pearl.narc,92,3543,,62964,62996,23280,23312,32,ca7983119800b92092ef420416fb86fefed766ebc18f197b8dc2d7abda2b2194,0a000000130000001400000017000000,,,,,False,,,,,,,,,,False,False
/application/zukanlist/zkn_data/zukan_enc_pearl.narc,/application/zukanlist/zkn_data/zukan_enc_pearl.narc!/member_03544,0,/application/zukanlist/zkn_data/zukan_enc_pearl.narc,92,3544,,62996,63024,23312,23340,28,1a1a592f9f3683bcd6617d2bb2c887dc96b3f4d1eb877e891a9822d54bdca932,080000000a0000001a0000001e000000,,,,,False,,,,,,,,,,False,False
/application/zukanlist/zkn_data/zukan_enc_pearl.narc,/application/zukanlist/zkn_data/zukan_enc_pearl.narc!/member_03545,0,/application/zukanlist/zkn_data/zukan_enc_pearl.narc,92,3545,,63024,63028,23340,23344,4,df3f619804a92fdb4057192dc43dd748ea778adc52bc498ce80524c014b81119,00000000,,,,,False,,,,,,,,,,False,False
/application/zukanlist/zkn_data/zukan_enc_pearl.narc,/application/zukanlist/zkn_data/zukan_enc_pearl.narc!/member_03546,0,/application/zukanlist/zkn_data/zukan_enc_pearl.narc,92,3546,,63028,63056,23344,23372,28,b17f4a7e944949d42f678c9e64a96aa82a61ef857da3824b4d6285df7bd57e15,1300000017000000190000001a000000,,,,,False,,,,,,,,,,False,False
/application/zukanlist/zkn_data/zukan_enc_pearl.narc,/application/zukanlist/zkn_data/zukan_enc_pearl.narc!/member_03547,0,/application/zukanlist/zkn_data/zukan_enc_pearl.narc,92,3547,,63056,63060,23372,23376,4,df3f619804a92fdb4057192dc43dd748ea778adc52bc498ce80524c014b81119,00000000,,,,,False,,,,,,,,,,False,False
/application/zukanlist/zkn_data/zukan_enc_pearl.narc,/application/zukanlist/zkn_data/zukan_enc_pearl.narc!/member_03548,0,/application/zukanlist/zkn_data/zukan_enc_pearl.narc,92,3548,,63060,63064,23376,23380,4,df3f619804a92fdb4057192dc43dd748ea778adc52bc498ce80524c014b81119,00000000,,,,,False,,,,,,,,,,False,False
/application/zukanlist/zkn_data/zukan_enc_pearl.narc,/application/zukanlist/zkn_data/zukan_enc_pearl.narc!/member_03549,0,/application/zukanlist/zkn_data/zukan_enc_pearl.narc,92,3549,,63064,63068,23380,23384,4,df3f619804a92fdb4057192dc43dd748ea778adc52bc498ce80524c014b81119,00000000,,,,,False,,,,,,,,,,False,False
/application/zukanlist/zkn_data/zukan_enc_pearl.narc,/application/zukanlist/zkn_data/zukan_enc_pearl.narc!/member_03550,0,/application/zukanlist/zkn_data/zukan_enc_pearl.narc,92,3550,,63068,63072,23384,23388,4,df3f619804a92fdb4057192dc43dd748ea778adc52bc498ce80524c014b81119,00000000,,,,,False,,,,,,,,,,False,False
/application/zukanlist/zkn_data/zukan_enc_pearl.narc,/application/zukanlist/zkn_data/zukan_enc_pearl.narc!/member_03551,0,/application/zukanlist/zkn_data/zukan_enc_pearl.narc,92,3551,,63072,63076,23388,23392,4,df3f619804a92fdb4057192dc43dd748ea778adc52bc498ce80524c014b81119,00000000,,,,,False,,,,,,,,,,False,False
/application/zukanlist/zkn_data/zukan_enc_pearl.narc,/application/zukanlist/zkn_data/zukan_enc_pearl.narc!/member_03552,0,/application/zukanlist/zkn_data/zukan_enc_pearl.narc,92,3552,,63076,63080,23392,23396,4,df3f619804a92fdb4057192dc43dd748ea778adc52bc498ce80524c014b81119,00000000,,,,,False,,,,,,,,,,False,False
/application/zukanlist/zkn_data/zukan_enc_pearl.narc,/application/zukanlist/zkn_data/zukan_enc_pearl.narc!/member_03553,0,/application/zukanlist/zkn_data/zukan_enc_pearl.narc,92,3553,,63080,63084,23396,23400,4,df3f619804a92fdb4057192dc43dd748ea778adc52bc498ce80524c014b81119,00000000,,,,,False,,,,,,,,,,False,False
/application/zukanlist/zkn_data/zukan_enc_pearl.narc,/application/zukanlist/zkn_data/zukan_enc_pearl.narc!/member_03554,0,/application/zukanlist/zkn_data/zukan_enc_pearl.narc,92,3554,,63084,63088,23400,23404,4,df3f619804a92fdb4057192dc43dd748ea778adc52bc498ce80524c014b81119,00000000,,,,,False,,,,,,,,,,False,False
/application/zukanlist/zkn_data/zukan_enc_pearl.narc,/application/zukanlist/zkn_data/zukan_enc_pearl.narc!/member_03555,0,/application/zukanlist/zkn_data/zukan_enc_pearl.narc,92,3555,,63088,63092,23404,23408,4,df3f619804a92fdb4057192dc43dd748ea778adc52bc498ce80524c014b81119,00000000,,,,,False,,,,,,,,,,False,False
/application/zukanlist/zkn_data/zukan_enc_pearl.narc,/application/zukanlist/zkn_data/zukan_enc_pearl.narc!/member_03556,0,/application/zukanlist/zkn_data/zukan_enc_pearl.narc,92,3556,,63092,63096,23408,23412,4,df3f619804a92fdb4057192dc43dd748ea778adc52bc498ce80524c014b81119,00000000,,,,,False,,,,,,,,,,False,False
/application/zukanlist/zkn_data/zukan_enc_pearl.narc,/application/zukanlist/zkn_data/zukan_enc_pearl.narc!/member_03557,0,/application/zukanlist/zkn_data/zukan_enc_pearl.narc,92,3557,,63096,63100,23412,23416,4,df3f619804a92fdb4057192dc43dd748ea778adc52bc498ce80524c014b81119,00000000,,,,,False,,,,,,,,,,False,False
/application/zukanlist/zkn_data/zukan_enc_pearl.narc,/application/zukanlist/zkn_data/zukan_enc_pearl.narc!/member_03558,0,/application/zukanlist/zkn_data/zukan_enc_pearl.narc,92,3558,,63100,63104,23416,23420,4,df3f619804a92fdb4057192dc43dd748ea778adc52bc498ce80524c014b81119,00000000,,,,,False,,,,,,,,,,False,False
/application/zukanlist/zkn_data/zukan_enc_pearl.narc,/application/zukanlist/zkn_data/zukan_enc_pearl.narc!/member_03559,0,/application/zukanlist/zkn_data/zukan_enc_pearl.narc,92,3559,,63104,63120,23420,23436,16,f02a59e25f28c5430817846511bae48e7c81ec9f1fe011e02713614d466d0a88,06000000070000001100000000000000,,,,,False,,,,,,,,,,False,False
/application/zukanlist/zkn_data/zukan_enc_pearl.narc,/application/zukanlist/zkn_data/zukan_enc_pearl.narc!/member_03560,0,/application/zukanlist/zkn_data/zukan_enc_pearl.narc,92,3560,,63120,63124,23436,23440,4,df3f619804a92fdb4057192dc43dd748ea778adc52bc498ce80524c014b81119,00000000,,,,,False,,,,,,,,,,False,False
/application/zukanlist/zkn_data/zukan_enc_pearl.narc,/application/zukanlist/zkn_data/zukan_enc_pearl.narc!/member_03561,0,/application/zukanlist/zkn_data/zukan_enc_pearl.narc,92,3561,,63124,63132,23440,23448,8,9bb57922dc1a9aa3c4a6dcb92467700e2d5c80ff5906c5a3e3487c0321c50e6a,1600000000000000,,,,,False,,,,,,,,,,False,False
/application/zukanlist/zkn_data/zukan_enc_pearl.narc,/application/zukanlist/zkn_data/zukan_enc_pearl.narc!/member_03562,0,/application/zukanlist/zkn_data/zukan_enc_pearl.narc,92,3562,,63132,63136,23448,23452,4,df3f619804a92fdb4057192dc43dd748ea778adc52bc498ce80524c014b81119,00000000,,,,,False,,,,,,,,,,False,False
/application/zukanlist/zkn_data/zukan_enc_pearl.narc,/application/zukanlist/zkn_data/zukan_enc_pearl.narc!/member_03563,0,/application/zukanlist/zkn_data/zukan_enc_pearl.narc,92,3563,,63136,63140,23452,23456,4,df3f619804a92fdb4057192dc43dd748ea778adc52bc498ce80524c014b81119,00000000,,,,,False,,,,,,,,,,False,False
/application/zukanlist/zkn_data/zukan_enc_pearl.narc,/application/zukanlist/zkn_data/zukan_enc_pearl.narc!/member_03564,0,/application/zukanlist/zkn_data/zukan_enc_pearl.narc,92,3564,,63140,63144,23456,23460,4,df3f619804a92fdb4057192dc43dd748ea778adc52bc498ce80524c014b81119,00000000,,,,,False,,,,,,,,,,False,False
/application/zukanlist/zkn_data/zukan_enc_pearl.narc,/application/zukanlist/zkn_data/zukan_enc_pearl.narc!/member_03565,0,/application/zukanlist/zkn_data/zukan_enc_pearl.narc,92,3565,,63144,63148,23460,23464,4,df3f619804a92fdb4057192dc43dd748ea778adc52bc498ce80524c014b81119,00000000,,,,,False,,,,,,,,,,False,False
/application/zukanlist/zkn_data/zukan_enc_pearl.narc,/application/zukanlist/zkn_data/zukan_enc_pearl.narc!/member_03566,0,/application/zukanlist/zkn_data/zukan_enc_pearl.narc,92,3566,,63148,63152,23464,23468,4,df3f619804a92fdb4057192dc43dd748ea778adc52bc498ce80524c014b81119,00000000,,,,,False,,,,,,,,,,False,False
/application/zukanlist/zkn_data/zukan_enc_pearl.narc,/application/zukanlist/zkn_data/zukan_enc_pearl.narc!/member_03567,0,/application/zukanlist/zkn_data/zukan_enc_pearl.narc,92,3567,,63152,63156,23468,23472,4,df3f619804a92fdb4057192dc43dd748ea778adc52bc498ce80524c014b81119,00000000,,,,,False,,,,,,,,,,False,False
/application/zukanlist/zkn_data/zukan_enc_pearl.narc,/application/zukanlist/zkn_data/zukan_enc_pearl.narc!/member_03568,0,/application/zukanlist/zkn_data/zukan_enc_pearl.narc,92,3568,,63156,63160,23472,23476,4,df3f619804a92fdb4057192dc43dd748ea778adc52bc498ce80524c014b81119,00000000,,,,,False,,,,,,,,,,False,False
/application/zukanlist/zkn_data/zukan_enc_pearl.narc,/application/zukanlist/zkn_data/zukan_enc_pearl.narc!/member_03569,0,/application/zukanlist/zkn_data/zukan_enc_pearl.narc,92,3569,,63160,63164,23476,23480,4,df3f619804a92fdb4057192dc43dd748ea778adc52bc498ce80524c014b81119,00000000,,,,,False,,,,,,,,,,False,False
/application/zukanlist/zkn_data/zukan_enc_pearl.narc,/application/zukanlist/zkn_data/zukan_enc_pearl.narc!/member_03570,0,/application/zukanlist/zkn_data/zukan_enc_pearl.narc,92,3570,,63164,63168,23480,23484,4,df3f619804a92fdb4057192dc43dd748ea778adc52bc498ce80524c014b81119,00000000,,,,,False,,,,,,,,,,False,False
/application/zukanlist/zkn_data/zukan_enc_pearl.narc,/application/zukanlist/zkn_data/zukan_enc_pearl.narc!/member_03571,0,/application/zukanlist/zkn_data/zukan_enc_pearl.narc,92,3571,,63168,63172,23484,23488,4,df3f619804a92fdb4057192dc43dd748ea778adc52bc498ce80524c014b81119,00000000,,,,,False,,,,,,,,,,False,False
/application/zukanlist/zkn_data/zukan_enc_pearl.narc,/application/zukanlist/zkn_data/zukan_enc_pearl.narc!/member_03572,0,/application/zukanlist/zkn_data/zukan_enc_pearl.narc,92,3572,,63172,63176,23488,23492,4,df3f619804a92fdb4057192dc43dd748ea778adc52bc498ce80524c014b81119,00000000,,,,,False,,,,,,,,,,False,False
/application/zukanlist/zkn_data/zukan_enc_pearl.narc,/application/zukanlist/zkn_data/zukan_enc_pearl.narc!/member_03573,0,/application/zukanlist/zkn_data/zukan_enc_pearl.narc,92,3573,,63176,63180,23492,23496,4,df3f619804a92fdb4057192dc43dd748ea778adc52bc498ce80524c014b81119,00000000,,,,,False,,,,,,,,,,False,False
/application/zukanlist/zkn_data/zukan_enc_pearl.narc,/application/zukanlist/zkn_data/zukan_enc_pearl.narc!/member_03574,0,/application/zukanlist/zkn_data/zukan_enc_pearl.narc,92,3574,,63180,63184,23496,23500,4,df3f619804a92fdb4057192dc43dd748ea778adc52bc498ce80524c014b81119,00000000,,,,,False,,,,,,,,,,False,False
/application/zukanlist/zkn_data/zukan_enc_pearl.narc,/application/zukanlist/zkn_data/zukan_enc_pearl.narc!/member_03575,0,/application/zukanlist/zkn_data/zukan_enc_pearl.narc,92,3575,,63184,63188,23500,23504,4,df3f619804a92fdb4057192dc43dd748ea778adc52bc498ce80524c014b81119,00000000,,,,,False,,,,,,,,,,False,False
/application/zukanlist/zkn_data/zukan_enc_pearl.narc,/application/zukanlist/zkn_data/zukan_enc_pearl.narc!/member_03576,0,/application/zukanlist/zkn_data/zukan_enc_pearl.narc,92,3576,,63188,63192,23504,23508,4,df3f619804a92fdb4057192dc43dd748ea778adc52bc498ce80524c014b81119,00000000,,,,,False,,,,,,,,,,False,False
/application/zukanlist/zkn_data/zukan_enc_pearl.narc,/application/zukanlist/zkn_data/zukan_enc_pearl.narc!/member_03577,0,/application/zukanlist/zkn_data/zukan_enc_pearl.narc,92,3577,,63192,63196,23508,23512,4,df3f619804a92fdb4057192dc43dd748ea778adc52bc498ce80524c014b81119,00000000,,,,,False,,,,,,,,,,False,False
/application/zukanlist/zkn_data/zukan_enc_pearl.narc,/application/zukanlist/zkn_data/zukan_enc_pearl.narc!/member_03578,0,/application/zukanlist/zkn_data/zukan_enc_pearl.narc,92,3578,,63196,63200,23512,23516,4,df3f619804a92fdb4057192dc43dd748ea778adc52bc498ce80524c014b81119,00000000,,,,,False,,,,,,,,,,False,False
/application/zukanlist/zkn_data/zukan_enc_pearl.narc,/application/zukanlist/zkn_data/zukan_enc_pearl.narc!/member_03579,0,/application/zukanlist/zkn_data/zukan_enc_pearl.narc,92,3579,,63200,63212,23516,23528,12,82845f601ec6f67c6123951adc94a3a015e24cb0ab292fb289695e981c4a6a7a,080000002800000000000000,,,,,False,,,,,,,,,,False,False
/application/zukanlist/zkn_data/zukan_enc_pearl.narc,/application/zukanlist/zkn_data/zukan_enc_pearl.narc!/member_03580,0,/application/zukanlist/zkn_data/zukan_enc_pearl.narc,92,3580,,63212,63224,23528,23540,12,82845f601ec6f67c6123951adc94a3a015e24cb0ab292fb289695e981c4a6a7a,080000002800000000000000,,,,,False,,,,,,,,,,False,False
/application/zukanlist/zkn_data/zukan_enc_pearl.narc,/application/zukanlist/zkn_data/zukan_enc_pearl.narc!/member_03581,0,/application/zukanlist/zkn_data/zukan_enc_pearl.narc,92,3581,,63224,63240,23540,23556,16,c081698ecbc147b7a7bf91906a7c80b6cdbf7118afa1d59efee6ddb16a2606c8,08000000280000002900000000000000,,,,,False,,,,,,,,,,False,False
/application/zukanlist/zkn_data/zukan_enc_pearl.narc,/application/zukanlist/zkn_data/zukan_enc_pearl.narc!/member_03582,0,/application/zukanlist/zkn_data/zukan_enc_pearl.narc,92,3582,,63240,63252,23556,23568,12,8274d6cd5c457eb9d21d15ef7fc534c460554c75de83491091c05d37d1934bf7,160000001700000000000000,,,,,False,,,,,,,,,,False,False
/application/zukanlist/zkn_data/zukan_enc_pearl.narc,/application/zukanlist/zkn_data/zukan_enc_pearl.narc!/member_03583,0,/application/zukanlist/zkn_data/zukan_enc_pearl.narc,92,3583,,63252,63256,23568,23572,4,df3f619804a92fdb4057192dc43dd748ea778adc52bc498ce80524c014b81119,00000000,,,,,False,,,,,,,,,,False,False
/application/zukanlist/zkn_data/zukan_enc_pearl.narc,/application/zukanlist/zkn_data/zukan_enc_pearl.narc!/member_03584,0,/application/zukanlist/zkn_data/zukan_enc_pearl.narc,92,3584,,63256,63260,23572,23576,4,df3f619804a92fdb4057192dc43dd748ea778adc52bc498ce80524c014b81119,00000000,,,,,False,,,,,,,,,,False,False
/application/zukanlist/zkn_data/zukan_enc_pearl.narc,/application/zukanlist/zkn_data/zukan_enc_pearl.narc!/member_03585,0,/application/zukanlist/zkn_data/zukan_enc_pearl.narc,92,3585,,63260,63268,23576,23584,8,4779cee98e83f1a1592de4f293107545fabab96772e43de89f3437b35f08938f,3000000000000000,,Nintendo RLE,Probable,,True,Nintendo RLE,Probable,False,0,,,,,,False,False
/application/zukanlist/zkn_data/zukan_enc_pearl.narc,/application/zukanlist/zkn_data/zukan_enc_pearl.narc!/member_03586,0,/application/zukanlist/zkn_data/zukan_enc_pearl.narc,92,3586,,63268,63276,23584,23592,8,4779cee98e83f1a1592de4f293107545fabab96772e43de89f3437b35f08938f,3000000000000000,,Nintendo RLE,Probable,,True,Nintendo RLE,Probable,False,0,,,,,,False,False
/application/zukanlist/zkn_data/zukan_enc_pearl.narc,/application/zukanlist/zkn_data/zukan_enc_pearl.narc!/member_03587,0,/application/zukanlist/zkn_data/zukan_enc_pearl.narc,92,3587,,63276,63312,23592,23628,36,cd2d265400cdefa5032cea7071cfd8746969ee4e292e82a674fd8f708ae46a28,0e0000000f0000001000000016000000,,,,,False,,,,,,,,,,False,False
/application/zukanlist/zkn_data/zukan_enc_pearl.narc,/application/zukanlist/zkn_data/zukan_enc_pearl.narc!/member_03588,0,/application/zukanlist/zkn_data/zukan_enc_pearl.narc,92,3588,,63312,63348,23628,23664,36,cd2d265400cdefa5032cea7071cfd8746969ee4e292e82a674fd8f708ae46a28,0e0000000f0000001000000016000000,,,,,False,,,,,,,,,,False,False
/application/zukanlist/zkn_data/zukan_enc_pearl.narc,/application/zukanlist/zkn_data/zukan_enc_pearl.narc!/member_03589,0,/application/zukanlist/zkn_data/zukan_enc_pearl.narc,92,3589,,63348,63360,23664,23676,12,26e932d7918278fb621172cc61dee1659b87da039613f6212f4959d013f243cd,010000000400000000000000,,,,,False,,,,,,,,,,False,False
/application/zukanlist/zkn_data/zukan_enc_pearl.narc,/application/zukanlist/zkn_data/zukan_enc_pearl.narc!/member_03590,0,/application/zukanlist/zkn_data/zukan_enc_pearl.narc,92,3590,,63360,63364,23676,23680,4,df3f619804a92fdb4057192dc43dd748ea778adc52bc498ce80524c014b81119,00000000,,,,,False,,,,,,,,,,False,False
/application/zukanlist/zkn_data/zukan_enc_pearl.narc,/application/zukanlist/zkn_data/zukan_enc_pearl.narc!/member_03591,0,/application/zukanlist/zkn_data/zukan_enc_pearl.narc,92,3591,,63364,63368,23680,23684,4,df3f619804a92fdb4057192dc43dd748ea778adc52bc498ce80524c014b81119,00000000,,,,,False,,,,,,,,,,False,False
/application/zukanlist/zkn_data/zukan_enc_pearl.narc,/application/zukanlist/zkn_data/zukan_enc_pearl.narc!/member_03592,0,/application/zukanlist/zkn_data/zukan_enc_pearl.narc,92,3592,,63368,63372,23684,23688,4,df3f619804a92fdb4057192dc43dd748ea778adc52bc498ce80524c014b81119,00000000,,,,,False,,,,,,,,,,False,False
/application/zukanlist/zkn_data/zukan_enc_pearl.narc,/application/zukanlist/zkn_data/zukan_enc_pearl.narc!/member_03593,0,/application/zukanlist/zkn_data/zukan_enc_pearl.narc,92,3593,,63372,63376,23688,23692,4,df3f619804a92fdb4057192dc43dd748ea778adc52bc498ce80524c014b81119,00000000,,,,,False,,,,,,,,,,False,False
/application/zukanlist/zkn_data/zukan_enc_pearl.narc,/application/zukanlist/zkn_data/zukan_enc_pearl.narc!/member_03594,0,/application/zukanlist/zkn_data/zukan_enc_pearl.narc,92,3594,,63376,63380,23692,23696,4,df3f619804a92fdb4057192dc43dd748ea778adc52bc498ce80524c014b81119,00000000,,,,,False,,,,,,,,,,False,False
/application/zukanlist/zkn_data/zukan_enc_pearl.narc,/application/zukanlist/zkn_data/zukan_enc_pearl.narc!/member_03595,0,/application/zukanlist/zkn_data/zukan_enc_pearl.narc,92,3595,,63380,63384,23696,23700,4,df3f619804a92fdb4057192dc43dd748ea778adc52bc498ce80524c014b81119,00000000,,,,,False,,,,,,,,,,False,False
/application/zukanlist/zkn_data/zukan_enc_pearl.narc,/application/zukanlist/zkn_data/zukan_enc_pearl.narc!/member_03596,0,/application/zukanlist/zkn_data/zukan_enc_pearl.narc,92,3596,,63384,63392,23700,23708,8,ed049108bc18f2c64369e8d0ea42850bdd1a7d1dd340cfde716315579702a76c,2a00000000000000,,,,,False,,,,,,,,,,False,False
/application/zukanlist/zkn_data/zukan_enc_pearl.narc,/application/zukanlist/zkn_data/zukan_enc_pearl.narc!/member_03597,0,/application/zukanlist/zkn_data/zukan_enc_pearl.narc,92,3597,,63392,63396,23708,23712,4,df3f619804a92fdb4057192dc43dd748ea778adc52bc498ce80524c014b81119,00000000,,,,,False,,,,,,,,,,False,False
/application/zukanlist/zkn_data/zukan_enc_pearl.narc,/application/zukanlist/zkn_data/zukan_enc_pearl.narc!/member_03598,0,/application/zukanlist/zkn_data/zukan_enc_pearl.narc,92,3598,,63396,63544,23712,23860,148,b798f55240028a331b08e502e32378c39e0af5135ef9888029013ed89ef17a9e,01000000020000000300000004000000,,,,,False,,,,,,,,,,False,False
/application/zukanlist/zkn_data/zukan_enc_pearl.narc,/application/zukanlist/zkn_data/zukan_enc_pearl.narc!/member_03599,0,/application/zukanlist/zkn_data/zukan_enc_pearl.narc,92,3599,,63544,63692,23860,24008,148,b798f55240028a331b08e502e32378c39e0af5135ef9888029013ed89ef17a9e,01000000020000000300000004000000,,,,,False,,,,,,,,,,False,False
/application/zukanlist/zkn_data/zukan_enc_pearl.narc,/application/zukanlist/zkn_data/zukan_enc_pearl.narc!/member_03600,0,/application/zukanlist/zkn_data/zukan_enc_pearl.narc,92,3600,,63692,63696,24008,24012,4,df3f619804a92fdb4057192dc43dd748ea778adc52bc498ce80524c014b81119,00000000,,,,,False,,,,,,,,,,False,False
/application/zukanlist/zkn_data/zukan_enc_pearl.narc,/application/zukanlist/zkn_data/zukan_enc_pearl.narc!/member_03601,0,/application/zukanlist/zkn_data/zukan_enc_pearl.narc,92,3601,,63696,63700,24012,24016,4,df3f619804a92fdb4057192dc43dd748ea778adc52bc498ce80524c014b81119,00000000,,,,,False,,,,,,,,,,False,False
/application/zukanlist/zkn_data/zukan_enc_pearl.narc,/application/zukanlist/zkn_data/zukan_enc_pearl.narc!/member_03602,0,/application/zukanlist/zkn_data/zukan_enc_pearl.narc,92,3602,,63700,63704,24016,24020,4,df3f619804a92fdb4057192dc43dd748ea778adc52bc498ce80524c014b81119,00000000,,,,,False,,,,,,,,,,False,False
/application/zukanlist/zkn_data/zukan_enc_pearl.narc,/application/zukanlist/zkn_data/zukan_enc_pearl.narc!/member_03603,0,/application/zukanlist/zkn_data/zukan_enc_pearl.narc,92,3603,,63704,63708,24020,24024,4,df3f619804a92fdb4057192dc43dd748ea778adc52bc498ce80524c014b81119,00000000,,,,,False,,,,,,,,,,False,False
/application/zukanlist/zkn_data/zukan_enc_pearl.narc,/application/zukanlist/zkn_data/zukan_enc_pearl.narc!/member_03604,0,/application/zukanlist/zkn_data/zukan_enc_pearl.narc,92,3604,,63708,63712,24024,24028,4,df3f619804a92fdb4057192dc43dd748ea778adc52bc498ce80524c014b81119,00000000,,,,,False,,,,,,,,,,False,False
/application/zukanlist/zkn_data/zukan_enc_pearl.narc,/application/zukanlist/zkn_data/zukan_enc_pearl.narc!/member_03605,0,/application/zukanlist/zkn_data/zukan_enc_pearl.narc,92,3605,,63712,63716,24028,24032,4,df3f619804a92fdb4057192dc43dd748ea778adc52bc498ce80524c014b81119,00000000,,,,,False,,,,,,,,,,False,False
/application/zukanlist/zkn_data/zukan_enc_pearl.narc,/application/zukanlist/zkn_data/zukan_enc_pearl.narc!/member_03606,0,/application/zukanlist/zkn_data/zukan_enc_pearl.narc,92,3606,,63716,63720,24032,24036,4,df3f619804a92fdb4057192dc43dd748ea778adc52bc498ce80524c014b81119,00000000,,,,,False,,,,,,,,,,False,False
/application/zukanlist/zkn_data/zukan_enc_pearl.narc,/application/zukanlist/zkn_data/zukan_enc_pearl.narc!/member_03607,0,/application/zukanlist/zkn_data/zukan_enc_pearl.narc,92,3607,,63720,63724,24036,24040,4,df3f619804a92fdb4057192dc43dd748ea778adc52bc498ce80524c014b81119,00000000,,,,,False,,,,,,,,,,False,False
/application/zukanlist/zkn_data/zukan_enc_pearl.narc,/application/zukanlist/zkn_data/zukan_enc_pearl.narc!/member_03608,0,/application/zukanlist/zkn_data/zukan_enc_pearl.narc,92,3608,,63724,63728,24040,24044,4,df3f619804a92fdb4057192dc43dd748ea778adc52bc498ce80524c014b81119,00000000,,,,,False,,,,,,,,,,False,False
/application/zukanlist/zkn_data/zukan_enc_pearl.narc,/application/zukanlist/zkn_data/zukan_enc_pearl.narc!/member_03609,0,/application/zukanlist/zkn_data/zukan_enc_pearl.narc,92,3609,,63728,63732,24044,24048,4,df3f619804a92fdb4057192dc43dd748ea778adc52bc498ce80524c014b81119,00000000,,,,,False,,,,,,,,,,False,False
/application/zukanlist/zkn_data/zukan_enc_pearl.narc,/application/zukanlist/zkn_data/zukan_enc_pearl.narc!/member_03610,0,/application/zukanlist/zkn_data/zukan_enc_pearl.narc,92,3610,,63732,63736,24048,24052,4,df3f619804a92fdb4057192dc43dd748ea778adc52bc498ce80524c014b81119,00000000,,,,,False,,,,,,,,,,False,False
/application/zukanlist/zkn_data/zukan_enc_pearl.narc,/application/zukanlist/zkn_data/zukan_enc_pearl.narc!/member_03611,0,/application/zukanlist/zkn_data/zukan_enc_pearl.narc,92,3611,,63736,63740,24052,24056,4,df3f619804a92fdb4057192dc43dd748ea778adc52bc498ce80524c014b81119,00000000,,,,,False,,,,,,,,,,False,False
/application/zukanlist/zkn_data/zukan_enc_pearl.narc,/application/zukanlist/zkn_data/zukan_enc_pearl.narc!/member_03612,0,/application/zukanlist/zkn_data/zukan_enc_pearl.narc,92,3612,,63740,63744,24056,24060,4,df3f619804a92fdb4057192dc43dd748ea778adc52bc498ce80524c014b81119,00000000,,,,,False,,,,,,,,,,False,False
/application/zukanlist/zkn_data/zukan_enc_pearl.narc,/application/zukanlist/zkn_data/zukan_enc_pearl.narc!/member_03613,0,/application/zukanlist/zkn_data/zukan_enc_pearl.narc,92,3613,,63744,63748,24060,24064,4,df3f619804a92fdb4057192dc43dd748ea778adc52bc498ce80524c014b81119,00000000,,,,,False,,,,,,,,,,False,False
/application/zukanlist/zkn_data/zukan_enc_pearl.narc,/application/zukanlist/zkn_data/zukan_enc_pearl.narc!/member_03614,0,/application/zukanlist/zkn_data/zukan_enc_pearl.narc,92,3614,,63748,63752,24064,24068,4,df3f619804a92fdb4057192dc43dd748ea778adc52bc498ce80524c014b81119,00000000,,,,,False,,,,,,,,,,False,False
/application/zukanlist/zkn_data/zukan_enc_pearl.narc,/application/zukanlist/zkn_data/zukan_enc_pearl.narc!/member_03615,0,/application/zukanlist/zkn_data/zukan_enc_pearl.narc,92,3615,,63752,63756,24068,24072,4,df3f619804a92fdb4057192dc43dd748ea778adc52bc498ce80524c014b81119,00000000,,,,,False,,,,,,,,,,False,False
/application/zukanlist/zkn_data/zukan_enc_pearl.narc,/application/zukanlist/zkn_data/zukan_enc_pearl.narc!/member_03616,0,/application/zukanlist/zkn_data/zukan_enc_pearl.narc,92,3616,,63756,63760,24072,24076,4,df3f619804a92fdb4057192dc43dd748ea778adc52bc498ce80524c014b81119,00000000,,,,,False,,,,,,,,,,False,False
/application/zukanlist/zkn_data/zukan_enc_pearl.narc,/application/zukanlist/zkn_data/zukan_enc_pearl.narc!/member_03617,0,/application/zukanlist/zkn_data/zukan_enc_pearl.narc,92,3617,,63760,63764,24076,24080,4,df3f619804a92fdb4057192dc43dd748ea778adc52bc498ce80524c014b81119,00000000,,,,,False,,,,,,,,,,False,False
/application/zukanlist/zkn_data/zukan_enc_pearl.narc,/application/zukanlist/zkn_data/zukan_enc_pearl.narc!/member_03618,0,/application/zukanlist/zkn_data/zukan_enc_pearl.narc,92,3618,,63764,63768,24080,24084,4,df3f619804a92fdb4057192dc43dd748ea778adc52bc498ce80524c014b81119,00000000,,,,,False,,,,,,,,,,False,False
/application/zukanlist/zkn_data/zukan_enc_pearl.narc,/application/zukanlist/zkn_data/zukan_enc_pearl.narc!/member_03619,0,/application/zukanlist/zkn_data/zukan_enc_pearl.narc,92,3619,,63768,63772,24084,24088,4,df3f619804a92fdb4057192dc43dd748ea778adc52bc498ce80524c014b81119,00000000,,,,,False,,,,,,,,,,False,False
/application/zukanlist/zkn_data/zukan_enc_pearl.narc,/application/zukanlist/zkn_data/zukan_enc_pearl.narc!/member_03620,0,/application/zukanlist/zkn_data/zukan_enc_pearl.narc,92,3620,,63772,63776,24088,24092,4,df3f619804a92fdb4057192dc43dd748ea778adc52bc498ce80524c014b81119,00000000,,,,,False,,,,,,,,,,False,False
/application/zukanlist/zkn_data/zukan_enc_pearl.narc,/application/zukanlist/zkn_data/zukan_enc_pearl.narc!/member_03621,0,/application/zukanlist/zkn_data/zukan_enc_pearl.narc,92,3621,,63776,63780,24092,24096,4,df3f619804a92fdb4057192dc43dd748ea778adc52bc498ce80524c014b81119,00000000,,,,,False,,,,,,,,,,False,False
/application/zukanlist/zkn_data/zukan_enc_pearl.narc,/application/zukanlist/zkn_data/zukan_enc_pearl.narc!/member_03622,0,/application/zukanlist/zkn_data/zukan_enc_pearl.narc,92,3622,,63780,63784,24096,24100,4,df3f619804a92fdb4057192dc43dd748ea778adc52bc498ce80524c014b81119,00000000,,,,,False,,,,,,,,,,False,False
/application/zukanlist/zkn_data/zukan_enc_pearl.narc,/application/zukanlist/zkn_data/zukan_enc_pearl.narc!/member_03623,0,/application/zukanlist/zkn_data/zukan_enc_pearl.narc,92,3623,,63784,63788,24100,24104,4,df3f619804a92fdb4057192dc43dd748ea778adc52bc498ce80524c014b81119,00000000,,,,,False,,,,,,,,,,False,False
/application/zukanlist/zkn_data/zukan_enc_pearl.narc,/application/zukanlist/zkn_data/zukan_enc_pearl.narc!/member_03624,0,/application/zukanlist/zkn_data/zukan_enc_pearl.narc,92,3624,,63788,63792,24104,24108,4,df3f619804a92fdb4057192dc43dd748ea778adc52bc498ce80524c014b81119,00000000,,,,,False,,,,,,,,,,False,False
/application/zukanlist/zkn_data/zukan_enc_pearl.narc,/application/zukanlist/zkn_data/zukan_enc_pearl.narc!/member_03625,0,/application/zukanlist/zkn_data/zukan_enc_pearl.narc,92,3625,,63792,63796,24108,24112,4,df3f619804a92fdb4057192dc43dd748ea778adc52bc498ce80524c014b81119,00000000,,,,,False,,,,,,,,,,False,False
/application/zukanlist/zkn_data/zukan_enc_pearl.narc,/application/zukanlist/zkn_data/zukan_enc_pearl.narc!/member_03626,0,/application/zukanlist/zkn_data/zukan_enc_pearl.narc,92,3626,,63796,63800,24112,24116,4,df3f619804a92fdb4057192dc43dd748ea778adc52bc498ce80524c014b81119,00000000,,,,,False,,,,,,,,,,False,False
/application/zukanlist/zkn_data/zukan_enc_pearl.narc,/application/zukanlist/zkn_data/zukan_enc_pearl.narc!/member_03627,0,/application/zukanlist/zkn_data/zukan_enc_pearl.narc,92,3627,,63800,63804,24116,24120,4,df3f619804a92fdb4057192dc43dd748ea778adc52bc498ce80524c014b81119,00000000,,,,,False,,,,,,,,,,False,False
/application/zukanlist/zkn_data/zukan_enc_pearl.narc,/application/zukanlist/zkn_data/zukan_enc_pearl.narc!/member_03628,0,/application/zukanlist/zkn_data/zukan_enc_pearl.narc,92,3628,,63804,63808,24120,24124,4,df3f619804a92fdb4057192dc43dd748ea778adc52bc498ce80524c014b81119,00000000,,,,,False,,,,,,,,,,False,False
/application/zukanlist/zkn_data/zukan_enc_pearl.narc,/application/zukanlist/zkn_data/zukan_enc_pearl.narc!/member_03629,0,/application/zukanlist/zkn_data/zukan_enc_pearl.narc,92,3629,,63808,63812,24124,24128,4,df3f619804a92fdb4057192dc43dd748ea778adc52bc498ce80524c014b81119,00000000,,,,,False,,,,,,,,,,False,False
/application/zukanlist/zkn_data/zukan_enc_pearl.narc,/application/zukanlist/zkn_data/zukan_enc_pearl.narc!/member_03630,0,/application/zukanlist/zkn_data/zukan_enc_pearl.narc,92,3630,,63812,63816,24128,24132,4,df3f619804a92fdb4057192dc43dd748ea778adc52bc498ce80524c014b81119,00000000,,,,,False,,,,,,,,,,False,False
/application/zukanlist/zkn_data/zukan_enc_pearl.narc,/application/zukanlist/zkn_data/zukan_enc_pearl.narc!/member_03631,0,/application/zukanlist/zkn_data/zukan_enc_pearl.narc,92,3631,,63816,63820,24132,24136,4,df3f619804a92fdb4057192dc43dd748ea778adc52bc498ce80524c014b81119,00000000,,,,,False,,,,,,,,,,False,False
/application/zukanlist/zkn_data/zukan_enc_pearl.narc,/application/zukanlist/zkn_data/zukan_enc_pearl.narc!/member_03632,0,/application/zukanlist/zkn_data/zukan_enc_pearl.narc,92,3632,,63820,63832,24136,24148,12,ec49bf7860c837f97b686446d3312ddb7a075d48f0cfe488a0496830b3292bda,180000001900000000000000,,,,,False,,,,,,,,,,False,False
/application/zukanlist/zkn_data/zukan_enc_pearl.narc,/application/zukanlist/zkn_data/zukan_enc_pearl.narc!/member_03633,0,/application/zukanlist/zkn_data/zukan_enc_pearl.narc,92,3633,,63832,63856,24148,24172,24,dcabcafdbcc1176c0b254ec64e5ebf355b7d9a704f6991e64911c1f218eafec2,0b000000180000001a00000020000000,,,,,False,,,,,,,,,,False,False
/application/zukanlist/zkn_data/zukan_enc_pearl.narc,/application/zukanlist/zkn_data/zukan_enc_pearl.narc!/member_03634,0,/application/zukanlist/zkn_data/zukan_enc_pearl.narc,92,3634,,63856,63860,24172,24176,4,df3f619804a92fdb4057192dc43dd748ea778adc52bc498ce80524c014b81119,00000000,,,,,False,,,,,,,,,,False,False
/application/zukanlist/zkn_data/zukan_enc_pearl.narc,/application/zukanlist/zkn_data/zukan_enc_pearl.narc!/member_03635,0,/application/zukanlist/zkn_data/zukan_enc_pearl.narc,92,3635,,63860,63864,24176,24180,4,df3f619804a92fdb4057192dc43dd748ea778adc52bc498ce80524c014b81119,00000000,,,,,False,,,,,,,,,,False,False
/application/zukanlist/zkn_data/zukan_enc_pearl.narc,/application/zukanlist/zkn_data/zukan_enc_pearl.narc!/member_03636,0,/application/zukanlist/zkn_data/zukan_enc_pearl.narc,92,3636,,63864,63868,24180,24184,4,df3f619804a92fdb4057192dc43dd748ea778adc52bc498ce80524c014b81119,00000000,,,,,False,,,,,,,,,,False,False
/application/zukanlist/zkn_data/zukan_enc_pearl.narc,/application/zukanlist/zkn_data/zukan_enc_pearl.narc!/member_03637,0,/application/zukanlist/zkn_data/zukan_enc_pearl.narc,92,3637,,63868,63876,24184,24192,8,ed049108bc18f2c64369e8d0ea42850bdd1a7d1dd340cfde716315579702a76c,2a00000000000000,,,,,False,,,,,,,,,,False,False
/application/zukanlist/zkn_data/zukan_enc_pearl.narc,/application/zukanlist/zkn_data/zukan_enc_pearl.narc!/member_03638,0,/application/zukanlist/zkn_data/zukan_enc_pearl.narc,92,3638,,63876,63880,24192,24196,4,df3f619804a92fdb4057192dc43dd748ea778adc52bc498ce80524c014b81119,00000000,,,,,False,,,,,,,,,,False,False
/application/zukanlist/zkn_data/zukan_enc_pearl.narc,/application/zukanlist/zkn_data/zukan_enc_pearl.narc!/member_03639,0,/application/zukanlist/zkn_data/zukan_enc_pearl.narc,92,3639,,63880,63888,24196,24204,8,6e3989bfdab9675089a296f8b974431cbf419dc763f2e14620cd2b8b03b7d741,2e00000000000000,,,,,False,,,,,,,,,,False,False
/application/zukanlist/zkn_data/zukan_enc_pearl.narc,/application/zukanlist/zkn_data/zukan_enc_pearl.narc!/member_03640,0,/application/zukanlist/zkn_data/zukan_enc_pearl.narc,92,3640,,63888,63896,24204,24212,8,6e3989bfdab9675089a296f8b974431cbf419dc763f2e14620cd2b8b03b7d741,2e00000000000000,,,,,False,,,,,,,,,,False,False
/application/zukanlist/zkn_data/zukan_enc_pearl.narc,/application/zukanlist/zkn_data/zukan_enc_pearl.narc!/member_03641,0,/application/zukanlist/zkn_data/zukan_enc_pearl.narc,92,3641,,63896,63900,24212,24216,4,df3f619804a92fdb4057192dc43dd748ea778adc52bc498ce80524c014b81119,00000000,,,,,False,,,,,,,,,,False,False
/application/zukanlist/zkn_data/zukan_enc_pearl.narc,/application/zukanlist/zkn_data/zukan_enc_pearl.narc!/member_03642,0,/application/zukanlist/zkn_data/zukan_enc_pearl.narc,92,3642,,63900,63904,24216,24220,4,df3f619804a92fdb4057192dc43dd748ea778adc52bc498ce80524c014b81119,00000000,,,,,False,,,,,,,,,,False,False
/application/zukanlist/zkn_data/zukan_enc_pearl.narc,/application/zukanlist/zkn_data/zukan_enc_pearl.narc!/member_03643,0,/application/zukanlist/zkn_data/zukan_enc_pearl.narc,92,3643,,63904,63908,24220,24224,4,df3f619804a92fdb4057192dc43dd748ea778adc52bc498ce80524c014b81119,00000000,,,,,False,,,,,,,,,,False,False
/application/zukanlist/zkn_data/zukan_enc_pearl.narc,/application/zukanlist/zkn_data/zukan_enc_pearl.narc!/member_03644,0,/application/zukanlist/zkn_data/zukan_enc_pearl.narc,92,3644,,63908,63912,24224,24228,4,df3f619804a92fdb4057192dc43dd748ea778adc52bc498ce80524c014b81119,00000000,,,,,False,,,,,,,,,,False,False
/application/zukanlist/zkn_data/zukan_enc_pearl.narc,/application/zukanlist/zkn_data/zukan_enc_pearl.narc!/member_03645,0,/application/zukanlist/zkn_data/zukan_enc_pearl.narc,92,3645,,63912,63916,24228,24232,4,df3f619804a92fdb4057192dc43dd748ea778adc52bc498ce80524c014b81119,00000000,,,,,False,,,,,,,,,,False,False
/application/zukanlist/zkn_data/zukan_enc_pearl.narc,/application/zukanlist/zkn_data/zukan_enc_pearl.narc!/member_03646,0,/application/zukanlist/zkn_data/zukan_enc_pearl.narc,92,3646,,63916,63920,24232,24236,4,df3f619804a92fdb4057192dc43dd748ea778adc52bc498ce80524c014b81119,00000000,,,,,False,,,,,,,,,,False,False
/application/zukanlist/zkn_data/zukan_enc_pearl.narc,/application/zukanlist/zkn_data/zukan_enc_pearl.narc!/member_03647,0,/application/zukanlist/zkn_data/zukan_enc_pearl.narc,92,3647,,63920,63924,24236,24240,4,df3f619804a92fdb4057192dc43dd748ea778adc52bc498ce80524c014b81119,00000000,,,,,False,,,,,,,,,,False,False
/application/zukanlist/zkn_data/zukan_enc_pearl.narc,/application/zukanlist/zkn_data/zukan_enc_pearl.narc!/member_03648,0,/application/zukanlist/zkn_data/zukan_enc_pearl.narc,92,3648,,63924,63928,24240,24244,4,df3f619804a92fdb4057192dc43dd748ea778adc52bc498ce80524c014b81119,00000000,,,,,False,,,,,,,,,,False,False
/application/zukanlist/zkn_data/zukan_enc_pearl.narc,/application/zukanlist/zkn_data/zukan_enc_pearl.narc!/member_03649,0,/application/zukanlist/zkn_data/zukan_enc_pearl.narc,92,3649,,63928,63932,24244,24248,4,df3f619804a92fdb4057192dc43dd748ea778adc52bc498ce80524c014b81119,00000000,,,,,False,,,,,,,,,,False,False
/application/zukanlist/zkn_data/zukan_enc_pearl.narc,/application/zukanlist/zkn_data/zukan_enc_pearl.narc!/member_03650,0,/application/zukanlist/zkn_data/zukan_enc_pearl.narc,92,3650,,63932,63936,24248,24252,4,df3f619804a92fdb4057192dc43dd748ea778adc52bc498ce80524c014b81119,00000000,,,,,False,,,,,,,,,,False,False
/application/zukanlist/zkn_data/zukan_enc_pearl.narc,/application/zukanlist/zkn_data/zukan_enc_pearl.narc!/member_03651,0,/application/zukanlist/zkn_data/zukan_enc_pearl.narc,92,3651,,63936,63940,24252,24256,4,df3f619804a92fdb4057192dc43dd748ea778adc52bc498ce80524c014b81119,00000000,,,,,False,,,,,,,,,,False,False
/application/zukanlist/zkn_data/zukan_enc_pearl.narc,/application/zukanlist/zkn_data/zukan_enc_pearl.narc!/member_03652,0,/application/zukanlist/zkn_data/zukan_enc_pearl.narc,92,3652,,63940,63944,24256,24260,4,df3f619804a92fdb4057192dc43dd748ea778adc52bc498ce80524c014b81119,00000000,,,,,False,,,,,,,,,,False,False
/application/zukanlist/zkn_data/zukan_enc_pearl.narc,/application/zukanlist/zkn_data/zukan_enc_pearl.narc!/member_03653,0,/application/zukanlist/zkn_data/zukan_enc_pearl.narc,92,3653,,63944,63948,24260,24264,4,df3f619804a92fdb4057192dc43dd748ea778adc52bc498ce80524c014b81119,00000000,,,,,False,,,,,,,,,,False,False
/application/zukanlist/zkn_data/zukan_enc_pearl.narc,/application/zukanlist/zkn_data/zukan_enc_pearl.narc!/member_03654,0,/application/zukanlist/zkn_data/zukan_enc_pearl.narc,92,3654,,63948,63960,24264,24276,12,d2e5e0da4e3506199f1710f323b93b686ebd6f50c93dcf1cc61abf6888fd27b9,1e0000002400000000000000,,,,,False,,,,,,,,,,False,False
/application/zukanlist/zkn_data/zukan_enc_pearl.narc,/application/zukanlist/zkn_data/zukan_enc_pearl.narc!/member_03655,0,/application/zukanlist/zkn_data/zukan_enc_pearl.narc,92,3655,,63960,63964,24276,24280,4,df3f619804a92fdb4057192dc43dd748ea778adc52bc498ce80524c014b81119,00000000,,,,,False,,,,,,,,,,False,False
/application/zukanlist/zkn_data/zukan_enc_pearl.narc,/application/zukanlist/zkn_data/zukan_enc_pearl.narc!/member_03656,0,/application/zukanlist/zkn_data/zukan_enc_pearl.narc,92,3656,,63964,63968,24280,24284,4,df3f619804a92fdb4057192dc43dd748ea778adc52bc498ce80524c014b81119,00000000,,,,,False,,,,,,,,,,False,False
/application/zukanlist/zkn_data/zukan_enc_pearl.narc,/application/zukanlist/zkn_data/zukan_enc_pearl.narc!/member_03657,0,/application/zukanlist/zkn_data/zukan_enc_pearl.narc,92,3657,,63968,63972,24284,24288,4,df3f619804a92fdb4057192dc43dd748ea778adc52bc498ce80524c014b81119,00000000,,,,,False,,,,,,,,,,False,False
/application/zukanlist/zkn_data/zukan_enc_pearl.narc,/application/zukanlist/zkn_data/zukan_enc_pearl.narc!/member_03658,0,/application/zukanlist/zkn_data/zukan_enc_pearl.narc,92,3658,,63972,63976,24288,24292,4,df3f619804a92fdb4057192dc43dd748ea778adc52bc498ce80524c014b81119,00000000,,,,,False,,,,,,,,,,False,False
/application/zukanlist/zkn_data/zukan_enc_pearl.narc,/application/zukanlist/zkn_data/zukan_enc_pearl.narc!/member_03659,0,/application/zukanlist/zkn_data/zukan_enc_pearl.narc,92,3659,,63976,63980,24292,24296,4,df3f619804a92fdb4057192dc43dd748ea778adc52bc498ce80524c014b81119,00000000,,,,,False,,,,,,,,,,False,False
/application/zukanlist/zkn_data/zukan_enc_pearl.narc,/application/zukanlist/zkn_data/zukan_enc_pearl.narc!/member_03660,0,/application/zukanlist/zkn_data/zukan_enc_pearl.narc,92,3660,,63980,63984,24296,24300,4,df3f619804a92fdb4057192dc43dd748ea778adc52bc498ce80524c014b81119,00000000,,,,,False,,,,,,,,,,False,False
/application/zukanlist/zkn_data/zukan_enc_pearl.narc,/application/zukanlist/zkn_data/zukan_enc_pearl.narc!/member_03661,0,/application/zukanlist/zkn_data/zukan_enc_pearl.narc,92,3661,,63984,63988,24300,24304,4,df3f619804a92fdb4057192dc43dd748ea778adc52bc498ce80524c014b81119,00000000,,,,,False,,,,,,,,,,False,False
/application/zukanlist/zkn_data/zukan_enc_pearl.narc,/application/zukanlist/zkn_data/zukan_enc_pearl.narc!/member_03662,0,/application/zukanlist/zkn_data/zukan_enc_pearl.narc,92,3662,,63988,63992,24304,24308,4,df3f619804a92fdb4057192dc43dd748ea778adc52bc498ce80524c014b81119,00000000,,,,,False,,,,,,,,,,False,False
/application/zukanlist/zkn_data/zukan_enc_pearl.narc,/application/zukanlist/zkn_data/zukan_enc_pearl.narc!/member_03663,0,/application/zukanlist/zkn_data/zukan_enc_pearl.narc,92,3663,,63992,64000,24308,24316,8,3c88bf13b58cba9ca7fe10c55db47931f52b52975cf1e9eaa0c9b0ec29c7c6be,1c00000000000000,,,,,False,,,,,,,,,,False,False
/application/zukanlist/zkn_data/zukan_enc_pearl.narc,/application/zukanlist/zkn_data/zukan_enc_pearl.narc!/member_03664,0,/application/zukanlist/zkn_data/zukan_enc_pearl.narc,92,3664,,64000,64008,24316,24324,8,3c88bf13b58cba9ca7fe10c55db47931f52b52975cf1e9eaa0c9b0ec29c7c6be,1c00000000000000,,,,,False,,,,,,,,,,False,False
/application/zukanlist/zkn_data/zukan_enc_pearl.narc,/application/zukanlist/zkn_data/zukan_enc_pearl.narc!/member_03665,0,/application/zukanlist/zkn_data/zukan_enc_pearl.narc,92,3665,,64008,64012,24324,24328,4,df3f619804a92fdb4057192dc43dd748ea778adc52bc498ce80524c014b81119,00000000,,,,,False,,,,,,,,,,False,False
/application/zukanlist/zkn_data/zukan_enc_pearl.narc,/application/zukanlist/zkn_data/zukan_enc_pearl.narc!/member_03666,0,/application/zukanlist/zkn_data/zukan_enc_pearl.narc,92,3666,,64012,64016,24328,24332,4,df3f619804a92fdb4057192dc43dd748ea778adc52bc498ce80524c014b81119,00000000,,,,,False,,,,,,,,,,False,False
/application/zukanlist/zkn_data/zukan_enc_pearl.narc,/application/zukanlist/zkn_data/zukan_enc_pearl.narc!/member_03667,0,/application/zukanlist/zkn_data/zukan_enc_pearl.narc,92,3667,,64016,64020,24332,24336,4,df3f619804a92fdb4057192dc43dd748ea778adc52bc498ce80524c014b81119,00000000,,,,,False,,,,,,,,,,False,False
/application/zukanlist/zkn_data/zukan_enc_pearl.narc,/application/zukanlist/zkn_data/zukan_enc_pearl.narc!/member_03668,0,/application/zukanlist/zkn_data/zukan_enc_pearl.narc,92,3668,,64020,64024,24336,24340,4,df3f619804a92fdb4057192dc43dd748ea778adc52bc498ce80524c014b81119,00000000,,,,,False,,,,,,,,,,False,False
/application/zukanlist/zkn_data/zukan_enc_pearl.narc,/application/zukanlist/zkn_data/zukan_enc_pearl.narc!/member_03669,0,/application/zukanlist/zkn_data/zukan_enc_pearl.narc,92,3669,,64024,64028,24340,24344,4,df3f619804a92fdb4057192dc43dd748ea778adc52bc498ce80524c014b81119,00000000,,,,,False,,,,,,,,,,False,False
/application/zukanlist/zkn_data/zukan_enc_pearl.narc,/application/zukanlist/zkn_data/zukan_enc_pearl.narc!/member_03670,0,/application/zukanlist/zkn_data/zukan_enc_pearl.narc,92,3670,,64028,64032,24344,24348,4,df3f619804a92fdb4057192dc43dd748ea778adc52bc498ce80524c014b81119,00000000,,,,,False,,,,,,,,,,False,False
/application/zukanlist/zkn_data/zukan_enc_pearl.narc,/application/zukanlist/zkn_data/zukan_enc_pearl.narc!/member_03671,0,/application/zukanlist/zkn_data/zukan_enc_pearl.narc,92,3671,,64032,64036,24348,24352,4,df3f619804a92fdb4057192dc43dd748ea778adc52bc498ce80524c014b81119,00000000,,,,,False,,,,,,,,,,False,False
/application/zukanlist/zkn_data/zukan_enc_pearl.narc,/application/zukanlist/zkn_data/zukan_enc_pearl.narc!/member_03672,0,/application/zukanlist/zkn_data/zukan_enc_pearl.narc,92,3672,,64036,64048,24352,24364,12,5d3398e0616332ba78703a35d71b8202cb63cfad55fa33595ec94981bc88c17d,0a0000001e00000000000000,,,,,False,,,,,,,,,,False,False
/application/zukanlist/zkn_data/zukan_enc_pearl.narc,/application/zukanlist/zkn_data/zukan_enc_pearl.narc!/member_03673,0,/application/zukanlist/zkn_data/zukan_enc_pearl.narc,92,3673,,64048,64052,24364,24368,4,df3f619804a92fdb4057192dc43dd748ea778adc52bc498ce80524c014b81119,00000000,,,,,False,,,,,,,,,,False,False
/application/zukanlist/zkn_data/zukan_enc_pearl.narc,/application/zukanlist/zkn_data/zukan_enc_pearl.narc!/member_03674,0,/application/zukanlist/zkn_data/zukan_enc_pearl.narc,92,3674,,64052,64056,24368,24372,4,df3f619804a92fdb4057192dc43dd748ea778adc52bc498ce80524c014b81119,00000000,,,,,False,,,,,,,,,,False,False
/application/zukanlist/zkn_data/zukan_enc_pearl.narc,/application/zukanlist/zkn_data/zukan_enc_pearl.narc!/member_03675,0,/application/zukanlist/zkn_data/zukan_enc_pearl.narc,92,3675,,64056,64060,24372,24376,4,df3f619804a92fdb4057192dc43dd748ea778adc52bc498ce80524c014b81119,00000000,,,,,False,,,,,,,,,,False,False
/application/zukanlist/zkn_data/zukan_enc_pearl.narc,/application/zukanlist/zkn_data/zukan_enc_pearl.narc!/member_03676,0,/application/zukanlist/zkn_data/zukan_enc_pearl.narc,92,3676,,64060,64064,24376,24380,4,df3f619804a92fdb4057192dc43dd748ea778adc52bc498ce80524c014b81119,00000000,,,,,False,,,,,,,,,,False,False
/application/zukanlist/zkn_data/zukan_enc_pearl.narc,/application/zukanlist/zkn_data/zukan_enc_pearl.narc!/member_03677,0,/application/zukanlist/zkn_data/zukan_enc_pearl.narc,92,3677,,64064,64068,24380,24384,4,df3f619804a92fdb4057192dc43dd748ea778adc52bc498ce80524c014b81119,00000000,,,,,False,,,,,,,,,,False,False
/application/zukanlist/zkn_data/zukan_enc_pearl.narc,/application/zukanlist/zkn_data/zukan_enc_pearl.narc!/member_03678,0,/application/zukanlist/zkn_data/zukan_enc_pearl.narc,92,3678,,64068,64072,24384,24388,4,df3f619804a92fdb4057192dc43dd748ea778adc52bc498ce80524c014b81119,00000000,,,,,False,,,,,,,,,,False,False
/application/zukanlist/zkn_data/zukan_enc_pearl.narc,/application/zukanlist/zkn_data/zukan_enc_pearl.narc!/member_03679,0,/application/zukanlist/zkn_data/zukan_enc_pearl.narc,92,3679,,64072,64076,24388,24392,4,df3f619804a92fdb4057192dc43dd748ea778adc52bc498ce80524c014b81119,00000000,,,,,False,,,,,,,,,,False,False
/application/zukanlist/zkn_data/zukan_enc_pearl.narc,/application/zukanlist/zkn_data/zukan_enc_pearl.narc!/member_03680,0,/application/zukanlist/zkn_data/zukan_enc_pearl.narc,92,3680,,64076,64084,24392,24400,8,cbbd5f990c53684d7ae650b40fcb5656e02261b53da5f6a7d8c819c92f2828f8,0900000000000000,,,,,False,,,,,,,,,,False,False
/application/zukanlist/zkn_data/zukan_enc_pearl.narc,/application/zukanlist/zkn_data/zukan_enc_pearl.narc!/member_03681,0,/application/zukanlist/zkn_data/zukan_enc_pearl.narc,92,3681,,64084,64088,24400,24404,4,df3f619804a92fdb4057192dc43dd748ea778adc52bc498ce80524c014b81119,00000000,,,,,False,,,,,,,,,,False,False
/application/zukanlist/zkn_data/zukan_enc_pearl.narc,/application/zukanlist/zkn_data/zukan_enc_pearl.narc!/member_03682,0,/application/zukanlist/zkn_data/zukan_enc_pearl.narc,92,3682,,64088,64092,24404,24408,4,df3f619804a92fdb4057192dc43dd748ea778adc52bc498ce80524c014b81119,00000000,,,,,False,,,,,,,,,,False,False
/application/zukanlist/zkn_data/zukan_enc_pearl.narc,/application/zukanlist/zkn_data/zukan_enc_pearl.narc!/member_03683,0,/application/zukanlist/zkn_data/zukan_enc_pearl.narc,92,3683,,64092,64096,24408,24412,4,df3f619804a92fdb4057192dc43dd748ea778adc52bc498ce80524c014b81119,00000000,,,,,False,,,,,,,,,,False,False
/application/zukanlist/zkn_data/zukan_enc_pearl.narc,/application/zukanlist/zkn_data/zukan_enc_pearl.narc!/member_03684,0,/application/zukanlist/zkn_data/zukan_enc_pearl.narc,92,3684,,64096,64112,24412,24428,16,f2578d6ab3f7d6034fa63ec3e6dd43add5c54ca3f83107f42a3b19e64bc9720a,0b000000200000002100000000000000,,,,,False,,,,,,,,,,False,False
/application/zukanlist/zkn_data/zukan_enc_pearl.narc,/application/zukanlist/zkn_data/zukan_enc_pearl.narc!/member_03685,0,/application/zukanlist/zkn_data/zukan_enc_pearl.narc,92,3685,,64112,64116,24428,24432,4,df3f619804a92fdb4057192dc43dd748ea778adc52bc498ce80524c014b81119,00000000,,,,,False,,,,,,,,,,False,False
/application/zukanlist/zkn_data/zukan_enc_pearl.narc,/application/zukanlist/zkn_data/zukan_enc_pearl.narc!/member_03686,0,/application/zukanlist/zkn_data/zukan_enc_pearl.narc,92,3686,,64116,64120,24432,24436,4,df3f619804a92fdb4057192dc43dd748ea778adc52bc498ce80524c014b81119,00000000,,,,,False,,,,,,,,,,False,False
/application/zukanlist/zkn_data/zukan_enc_pearl.narc,/application/zukanlist/zkn_data/zukan_enc_pearl.narc!/member_03687,0,/application/zukanlist/zkn_data/zukan_enc_pearl.narc,92,3687,,64120,64124,24436,24440,4,df3f619804a92fdb4057192dc43dd748ea778adc52bc498ce80524c014b81119,00000000,,,,,False,,,,,,,,,,False,False
/application/zukanlist/zkn_data/zukan_enc_pearl.narc,/application/zukanlist/zkn_data/zukan_enc_pearl.narc!/member_03688,0,/application/zukanlist/zkn_data/zukan_enc_pearl.narc,92,3688,,64124,64128,24440,24444,4,df3f619804a92fdb4057192dc43dd748ea778adc52bc498ce80524c014b81119,00000000,,,,,False,,,,,,,,,,False,False
/application/zukanlist/zkn_data/zukan_enc_pearl.narc,/application/zukanlist/zkn_data/zukan_enc_pearl.narc!/member_03689,0,/application/zukanlist/zkn_data/zukan_enc_pearl.narc,92,3689,,64128,64132,24444,24448,4,df3f619804a92fdb4057192dc43dd748ea778adc52bc498ce80524c014b81119,00000000,,,,,False,,,,,,,,,,False,False
/application/zukanlist/zkn_data/zukan_enc_pearl.narc,/application/zukanlist/zkn_data/zukan_enc_pearl.narc!/member_03690,0,/application/zukanlist/zkn_data/zukan_enc_pearl.narc,92,3690,,64132,64136,24448,24452,4,df3f619804a92fdb4057192dc43dd748ea778adc52bc498ce80524c014b81119,00000000,,,,,False,,,,,,,,,,False,False
/application/zukanlist/zkn_data/zukan_enc_pearl.narc,/application/zukanlist/zkn_data/zukan_enc_pearl.narc!/member_03691,0,/application/zukanlist/zkn_data/zukan_enc_pearl.narc,92,3691,,64136,64140,24452,24456,4,df3f619804a92fdb4057192dc43dd748ea778adc52bc498ce80524c014b81119,00000000,,,,,False,,,,,,,,,,False,False
/application/zukanlist/zkn_data/zukan_enc_pearl.narc,/application/zukanlist/zkn_data/zukan_enc_pearl.narc!/member_03692,0,/application/zukanlist/zkn_data/zukan_enc_pearl.narc,92,3692,,64140,64176,24456,24492,36,cadeafb12564306eb1cc75af88669b61eacf792790937f389754763cdc5cc940,0300000004000000050000001d000000,,,,,False,,,,,,,,,,False,False
/application/zukanlist/zkn_data/zukan_enc_pearl.narc,/application/zukanlist/zkn_data/zukan_enc_pearl.narc!/member_03693,0,/application/zukanlist/zkn_data/zukan_enc_pearl.narc,92,3693,,64176,64212,24492,24528,36,cadeafb12564306eb1cc75af88669b61eacf792790937f389754763cdc5cc940,0300000004000000050000001d000000,,,,,False,,,,,,,,,,False,False
/application/zukanlist/zkn_data/zukan_enc_pearl.narc,/application/zukanlist/zkn_data/zukan_enc_pearl.narc!/member_03694,0,/application/zukanlist/zkn_data/zukan_enc_pearl.narc,92,3694,,64212,64216,24528,24532,4,df3f619804a92fdb4057192dc43dd748ea778adc52bc498ce80524c014b81119,00000000,,,,,False,,,,,,,,,,False,False
/application/zukanlist/zkn_data/zukan_enc_pearl.narc,/application/zukanlist/zkn_data/zukan_enc_pearl.narc!/member_03695,0,/application/zukanlist/zkn_data/zukan_enc_pearl.narc,92,3695,,64216,64220,24532,24536,4,df3f619804a92fdb4057192dc43dd748ea778adc52bc498ce80524c014b81119,00000000,,,,,False,,,,,,,,,,False,False
/application/zukanlist/zkn_data/zukan_enc_pearl.narc,/application/zukanlist/zkn_data/zukan_enc_pearl.narc!/member_03696,0,/application/zukanlist/zkn_data/zukan_enc_pearl.narc,92,3696,,64220,64232,24536,24548,12,82845f601ec6f67c6123951adc94a3a015e24cb0ab292fb289695e981c4a6a7a,080000002800000000000000,,,,,False,,,,,,,,,,False,False
/application/zukanlist/zkn_data/zukan_enc_pearl.narc,/application/zukanlist/zkn_data/zukan_enc_pearl.narc!/member_03697,0,/application/zukanlist/zkn_data/zukan_enc_pearl.narc,92,3697,,64232,64236,24548,24552,4,df3f619804a92fdb4057192dc43dd748ea778adc52bc498ce80524c014b81119,00000000,,,,,False,,,,,,,,,,False,False
/application/zukanlist/zkn_data/zukan_enc_pearl.narc,/application/zukanlist/zkn_data/zukan_enc_pearl.narc!/member_03698,0,/application/zukanlist/zkn_data/zukan_enc_pearl.narc,92,3698,,64236,64240,24552,24556,4,df3f619804a92fdb4057192dc43dd748ea778adc52bc498ce80524c014b81119,00000000,,,,,False,,,,,,,,,,False,False
/application/zukanlist/zkn_data/zukan_enc_pearl.narc,/application/zukanlist/zkn_data/zukan_enc_pearl.narc!/member_03699,0,/application/zukanlist/zkn_data/zukan_enc_pearl.narc,92,3699,,64240,64244,24556,24560,4,df3f619804a92fdb4057192dc43dd748ea778adc52bc498ce80524c014b81119,00000000,,,,,False,,,,,,,,,,False,False
/application/zukanlist/zkn_data/zukan_enc_pearl.narc,/application/zukanlist/zkn_data/zukan_enc_pearl.narc!/member_03700,0,/application/zukanlist/zkn_data/zukan_enc_pearl.narc,92,3700,,64244,64248,24560,24564,4,df3f619804a92fdb4057192dc43dd748ea778adc52bc498ce80524c014b81119,00000000,,,,,False,,,,,,,,,,False,False
/application/zukanlist/zkn_data/zukan_enc_pearl.narc,/application/zukanlist/zkn_data/zukan_enc_pearl.narc!/member_03701,0,/application/zukanlist/zkn_data/zukan_enc_pearl.narc,92,3701,,64248,64252,24564,24568,4,df3f619804a92fdb4057192dc43dd748ea778adc52bc498ce80524c014b81119,00000000,,,,,False,,,,,,,,,,False,False
/application/zukanlist/zkn_data/zukan_enc_pearl.narc,/application/zukanlist/zkn_data/zukan_enc_pearl.narc!/member_03702,0,/application/zukanlist/zkn_data/zukan_enc_pearl.narc,92,3702,,64252,64256,24568,24572,4,df3f619804a92fdb4057192dc43dd748ea778adc52bc498ce80524c014b81119,00000000,,,,,False,,,,,,,,,,False,False
/application/zukanlist/zkn_data/zukan_enc_pearl.narc,/application/zukanlist/zkn_data/zukan_enc_pearl.narc!/member_03703,0,/application/zukanlist/zkn_data/zukan_enc_pearl.narc,92,3703,,64256,64260,24572,24576,4,df3f619804a92fdb4057192dc43dd748ea778adc52bc498ce80524c014b81119,00000000,,,,,False,,,,,,,,,,False,False
/application/zukanlist/zkn_data/zukan_enc_pearl.narc,/application/zukanlist/zkn_data/zukan_enc_pearl.narc!/member_03704,0,/application/zukanlist/zkn_data/zukan_enc_pearl.narc,92,3704,,64260,64264,24576,24580,4,df3f619804a92fdb4057192dc43dd748ea778adc52bc498ce80524c014b81119,00000000,,,,,False,,,,,,,,,,False,False
/application/zukanlist/zkn_data/zukan_enc_pearl.narc,/application/zukanlist/zkn_data/zukan_enc_pearl.narc!/member_03705,0,/application/zukanlist/zkn_data/zukan_enc_pearl.narc,92,3705,,64264,64268,24580,24584,4,df3f619804a92fdb4057192dc43dd748ea778adc52bc498ce80524c014b81119,00000000,,,,,False,,,,,,,,,,False,False
/application/zukanlist/zkn_data/zukan_enc_pearl.narc,/application/zukanlist/zkn_data/zukan_enc_pearl.narc!/member_03706,0,/application/zukanlist/zkn_data/zukan_enc_pearl.narc,92,3706,,64268,64272,24584,24588,4,df3f619804a92fdb4057192dc43dd748ea778adc52bc498ce80524c014b81119,00000000,,,,,False,,,,,,,,,,False,False
/application/zukanlist/zkn_data/zukan_enc_pearl.narc,/application/zukanlist/zkn_data/zukan_enc_pearl.narc!/member_03707,0,/application/zukanlist/zkn_data/zukan_enc_pearl.narc,92,3707,,64272,64276,24588,24592,4,df3f619804a92fdb4057192dc43dd748ea778adc52bc498ce80524c014b81119,00000000,,,,,False,,,,,,,,,,False,False
/application/zukanlist/zkn_data/zukan_enc_pearl.narc,/application/zukanlist/zkn_data/zukan_enc_pearl.narc!/member_03708,0,/application/zukanlist/zkn_data/zukan_enc_pearl.narc,92,3708,,64276,64280,24592,24596,4,df3f619804a92fdb4057192dc43dd748ea778adc52bc498ce80524c014b81119,00000000,,,,,False,,,,,,,,,,False,False
/application/zukanlist/zkn_data/zukan_enc_pearl.narc,/application/zukanlist/zkn_data/zukan_enc_pearl.narc!/member_03709,0,/application/zukanlist/zkn_data/zukan_enc_pearl.narc,92,3709,,64280,64284,24596,24600,4,df3f619804a92fdb4057192dc43dd748ea778adc52bc498ce80524c014b81119,00000000,,,,,False,,,,,,,,,,False,False
/application/zukanlist/zkn_data/zukan_enc_pearl.narc,/application/zukanlist/zkn_data/zukan_enc_pearl.narc!/member_03710,0,/application/zukanlist/zkn_data/zukan_enc_pearl.narc,92,3710,,64284,64288,24600,24604,4,df3f619804a92fdb4057192dc43dd748ea778adc52bc498ce80524c014b81119,00000000,,,,,False,,,,,,,,,,False,False
/application/zukanlist/zkn_data/zukan_enc_pearl.narc,/application/zukanlist/zkn_data/zukan_enc_pearl.narc!/member_03711,0,/application/zukanlist/zkn_data/zukan_enc_pearl.narc,92,3711,,64288,64292,24604,24608,4,df3f619804a92fdb4057192dc43dd748ea778adc52bc498ce80524c014b81119,00000000,,,,,False,,,,,,,,,,False,False
/application/zukanlist/zkn_data/zukan_enc_pearl.narc,/application/zukanlist/zkn_data/zukan_enc_pearl.narc!/member_03712,0,/application/zukanlist/zkn_data/zukan_enc_pearl.narc,92,3712,,64292,64296,24608,24612,4,df3f619804a92fdb4057192dc43dd748ea778adc52bc498ce80524c014b81119,00000000,,,,,False,,,,,,,,,,False,False
/application/zukanlist/zkn_data/zukan_enc_pearl.narc,/application/zukanlist/zkn_data/zukan_enc_pearl.narc!/member_03713,0,/application/zukanlist/zkn_data/zukan_enc_pearl.narc,92,3713,,64296,64300,24612,24616,4,df3f619804a92fdb4057192dc43dd748ea778adc52bc498ce80524c014b81119,00000000,,,,,False,,,,,,,,,,False,False
/application/zukanlist/zkn_data/zukan_enc_pearl.narc,/application/zukanlist/zkn_data/zukan_enc_pearl.narc!/member_03714,0,/application/zukanlist/zkn_data/zukan_enc_pearl.narc,92,3714,,64300,64304,24616,24620,4,df3f619804a92fdb4057192dc43dd748ea778adc52bc498ce80524c014b81119,00000000,,,,,False,,,,,,,,,,False,False
/application/zukanlist/zkn_data/zukan_enc_pearl.narc,/application/zukanlist/zkn_data/zukan_enc_pearl.narc!/member_03715,0,/application/zukanlist/zkn_data/zukan_enc_pearl.narc,92,3715,,64304,64308,24620,24624,4,df3f619804a92fdb4057192dc43dd748ea778adc52bc498ce80524c014b81119,00000000,,,,,False,,,,,,,,,,False,False
/application/zukanlist/zkn_data/zukan_enc_pearl.narc,/application/zukanlist/zkn_data/zukan_enc_pearl.narc!/member_03716,0,/application/zukanlist/zkn_data/zukan_enc_pearl.narc,92,3716,,64308,64312,24624,24628,4,df3f619804a92fdb4057192dc43dd748ea778adc52bc498ce80524c014b81119,00000000,,,,,False,,,,,,,,,,False,False
/application/zukanlist/zkn_data/zukan_enc_pearl.narc,/application/zukanlist/zkn_data/zukan_enc_pearl.narc!/member_03717,0,/application/zukanlist/zkn_data/zukan_enc_pearl.narc,92,3717,,64312,64316,24628,24632,4,df3f619804a92fdb4057192dc43dd748ea778adc52bc498ce80524c014b81119,00000000,,,,,False,,,,,,,,,,False,False
/application/zukanlist/zkn_data/zukan_enc_pearl.narc,/application/zukanlist/zkn_data/zukan_enc_pearl.narc!/member_03718,0,/application/zukanlist/zkn_data/zukan_enc_pearl.narc,92,3718,,64316,64320,24632,24636,4,df3f619804a92fdb4057192dc43dd748ea778adc52bc498ce80524c014b81119,00000000,,,,,False,,,,,,,,,,False,False
/application/zukanlist/zkn_data/zukan_enc_pearl.narc,/application/zukanlist/zkn_data/zukan_enc_pearl.narc!/member_03719,0,/application/zukanlist/zkn_data/zukan_enc_pearl.narc,92,3719,,64320,64324,24636,24640,4,df3f619804a92fdb4057192dc43dd748ea778adc52bc498ce80524c014b81119,00000000,,,,,False,,,,,,,,,,False,False
/application/zukanlist/zkn_data/zukan_enc_pearl.narc,/application/zukanlist/zkn_data/zukan_enc_pearl.narc!/member_03720,0,/application/zukanlist/zkn_data/zukan_enc_pearl.narc,92,3720,,64324,64328,24640,24644,4,df3f619804a92fdb4057192dc43dd748ea778adc52bc498ce80524c014b81119,00000000,,,,,False,,,,,,,,,,False,False
/application/zukanlist/zkn_data/zukan_enc_pearl.narc,/application/zukanlist/zkn_data/zukan_enc_pearl.narc!/member_03721,0,/application/zukanlist/zkn_data/zukan_enc_pearl.narc,92,3721,,64328,64332,24644,24648,4,df3f619804a92fdb4057192dc43dd748ea778adc52bc498ce80524c014b81119,00000000,,,,,False,,,,,,,,,,False,False
/application/zukanlist/zkn_data/zukan_enc_pearl.narc,/application/zukanlist/zkn_data/zukan_enc_pearl.narc!/member_03722,0,/application/zukanlist/zkn_data/zukan_enc_pearl.narc,92,3722,,64332,64336,24648,24652,4,df3f619804a92fdb4057192dc43dd748ea778adc52bc498ce80524c014b81119,00000000,,,,,False,,,,,,,,,,False,False
/application/zukanlist/zkn_data/zukan_enc_pearl.narc,/application/zukanlist/zkn_data/zukan_enc_pearl.narc!/member_03723,0,/application/zukanlist/zkn_data/zukan_enc_pearl.narc,92,3723,,64336,64340,24652,24656,4,df3f619804a92fdb4057192dc43dd748ea778adc52bc498ce80524c014b81119,00000000,,,,,False,,,,,,,,,,False,False
/application/zukanlist/zkn_data/zukan_enc_pearl.narc,/application/zukanlist/zkn_data/zukan_enc_pearl.narc!/member_03724,0,/application/zukanlist/zkn_data/zukan_enc_pearl.narc,92,3724,,64340,64344,24656,24660,4,df3f619804a92fdb4057192dc43dd748ea778adc52bc498ce80524c014b81119,00000000,,,,,False,,,,,,,,,,False,False
/application/zukanlist/zkn_data/zukan_enc_pearl.narc,/application/zukanlist/zkn_data/zukan_enc_pearl.narc!/member_03725,0,/application/zukanlist/zkn_data/zukan_enc_pearl.narc,92,3725,,64344,64348,24660,24664,4,df3f619804a92fdb4057192dc43dd748ea778adc52bc498ce80524c014b81119,00000000,,,,,False,,,,,,,,,,False,False
/application/zukanlist/zkn_data/zukan_enc_pearl.narc,/application/zukanlist/zkn_data/zukan_enc_pearl.narc!/member_03726,0,/application/zukanlist/zkn_data/zukan_enc_pearl.narc,92,3726,,64348,64352,24664,24668,4,df3f619804a92fdb4057192dc43dd748ea778adc52bc498ce80524c014b81119,00000000,,,,,False,,,,,,,,,,False,False
/application/zukanlist/zkn_data/zukan_enc_pearl.narc,/application/zukanlist/zkn_data/zukan_enc_pearl.narc!/member_03727,0,/application/zukanlist/zkn_data/zukan_enc_pearl.narc,92,3727,,64352,64356,24668,24672,4,df3f619804a92fdb4057192dc43dd748ea778adc52bc498ce80524c014b81119,00000000,,,,,False,,,,,,,,,,False,False
/application/zukanlist/zkn_data/zukan_enc_pearl.narc,/application/zukanlist/zkn_data/zukan_enc_pearl.narc!/member_03728,0,/application/zukanlist/zkn_data/zukan_enc_pearl.narc,92,3728,,64356,64360,24672,24676,4,df3f619804a92fdb4057192dc43dd748ea778adc52bc498ce80524c014b81119,00000000,,,,,False,,,,,,,,,,False,False
/application/zukanlist/zkn_data/zukan_enc_pearl.narc,/application/zukanlist/zkn_data/zukan_enc_pearl.narc!/member_03729,0,/application/zukanlist/zkn_data/zukan_enc_pearl.narc,92,3729,,64360,64364,24676,24680,4,df3f619804a92fdb4057192dc43dd748ea778adc52bc498ce80524c014b81119,00000000,,,,,False,,,,,,,,,,False,False
/application/zukanlist/zkn_data/zukan_enc_pearl.narc,/application/zukanlist/zkn_data/zukan_enc_pearl.narc!/member_03730,0,/application/zukanlist/zkn_data/zukan_enc_pearl.narc,92,3730,,64364,64368,24680,24684,4,df3f619804a92fdb4057192dc43dd748ea778adc52bc498ce80524c014b81119,00000000,,,,,False,,,,,,,,,,False,False
/application/zukanlist/zkn_data/zukan_enc_pearl.narc,/application/zukanlist/zkn_data/zukan_enc_pearl.narc!/member_03731,0,/application/zukanlist/zkn_data/zukan_enc_pearl.narc,92,3731,,64368,64372,24684,24688,4,df3f619804a92fdb4057192dc43dd748ea778adc52bc498ce80524c014b81119,00000000,,,,,False,,,,,,,,,,False,False
/application/zukanlist/zkn_data/zukan_enc_pearl.narc,/application/zukanlist/zkn_data/zukan_enc_pearl.narc!/member_03732,0,/application/zukanlist/zkn_data/zukan_enc_pearl.narc,92,3732,,64372,64376,24688,24692,4,df3f619804a92fdb4057192dc43dd748ea778adc52bc498ce80524c014b81119,00000000,,,,,False,,,,,,,,,,False,False
/application/zukanlist/zkn_data/zukan_enc_pearl.narc,/application/zukanlist/zkn_data/zukan_enc_pearl.narc!/member_03733,0,/application/zukanlist/zkn_data/zukan_enc_pearl.narc,92,3733,,64376,64380,24692,24696,4,df3f619804a92fdb4057192dc43dd748ea778adc52bc498ce80524c014b81119,00000000,,,,,False,,,,,,,,,,False,False
/application/zukanlist/zkn_data/zukan_enc_pearl.narc,/application/zukanlist/zkn_data/zukan_enc_pearl.narc!/member_03734,0,/application/zukanlist/zkn_data/zukan_enc_pearl.narc,92,3734,,64380,64384,24696,24700,4,df3f619804a92fdb4057192dc43dd748ea778adc52bc498ce80524c014b81119,00000000,,,,,False,,,,,,,,,,False,False
/application/zukanlist/zkn_data/zukan_enc_pearl.narc,/application/zukanlist/zkn_data/zukan_enc_pearl.narc!/member_03735,0,/application/zukanlist/zkn_data/zukan_enc_pearl.narc,92,3735,,64384,64388,24700,24704,4,df3f619804a92fdb4057192dc43dd748ea778adc52bc498ce80524c014b81119,00000000,,,,,False,,,,,,,,,,False,False
/application/zukanlist/zkn_data/zukan_enc_pearl.narc,/application/zukanlist/zkn_data/zukan_enc_pearl.narc!/member_03736,0,/application/zukanlist/zkn_data/zukan_enc_pearl.narc,92,3736,,64388,64396,24704,24712,8,427b4d443e4c7f008af332e9acfc1539b4369ddc4f1915eea321a96caab10798,2600000000000000,,,,,False,,,,,,,,,,False,False
/application/zukanlist/zkn_data/zukan_enc_pearl.narc,/application/zukanlist/zkn_data/zukan_enc_pearl.narc!/member_03737,0,/application/zukanlist/zkn_data/zukan_enc_pearl.narc,92,3737,,64396,64400,24712,24716,4,df3f619804a92fdb4057192dc43dd748ea778adc52bc498ce80524c014b81119,00000000,,,,,False,,,,,,,,,,False,False
/application/zukanlist/zkn_data/zukan_enc_pearl.narc,/application/zukanlist/zkn_data/zukan_enc_pearl.narc!/member_03738,0,/application/zukanlist/zkn_data/zukan_enc_pearl.narc,92,3738,,64400,64408,24716,24724,8,703d37e650ac5852ff1027382d58776810b88d1db959d667efa0df97ae156c6b,3100000000000000,,,,,False,,,,,,,,,,False,False
/application/zukanlist/zkn_data/zukan_enc_pearl.narc,/application/zukanlist/zkn_data/zukan_enc_pearl.narc!/member_03739,0,/application/zukanlist/zkn_data/zukan_enc_pearl.narc,92,3739,,64408,64412,24724,24728,4,df3f619804a92fdb4057192dc43dd748ea778adc52bc498ce80524c014b81119,00000000,,,,,False,,,,,,,,,,False,False
/application/zukanlist/zkn_data/zukan_enc_pearl.narc,/application/zukanlist/zkn_data/zukan_enc_pearl.narc!/member_03740,0,/application/zukanlist/zkn_data/zukan_enc_pearl.narc,92,3740,,64412,64416,24728,24732,4,df3f619804a92fdb4057192dc43dd748ea778adc52bc498ce80524c014b81119,00000000,,,,,False,,,,,,,,,,False,False
/application/zukanlist/zkn_data/zukan_enc_pearl.narc,/application/zukanlist/zkn_data/zukan_enc_pearl.narc!/member_03741,0,/application/zukanlist/zkn_data/zukan_enc_pearl.narc,92,3741,,64416,64420,24732,24736,4,df3f619804a92fdb4057192dc43dd748ea778adc52bc498ce80524c014b81119,00000000,,,,,False,,,,,,,,,,False,False
/application/zukanlist/zkn_data/zukan_enc_pearl.narc,/application/zukanlist/zkn_data/zukan_enc_pearl.narc!/member_03742,0,/application/zukanlist/zkn_data/zukan_enc_pearl.narc,92,3742,,64420,64424,24736,24740,4,df3f619804a92fdb4057192dc43dd748ea778adc52bc498ce80524c014b81119,00000000,,,,,False,,,,,,,,,,False,False
/application/zukanlist/zkn_data/zukan_enc_pearl.narc,/application/zukanlist/zkn_data/zukan_enc_pearl.narc!/member_03743,0,/application/zukanlist/zkn_data/zukan_enc_pearl.narc,92,3743,,64424,64428,24740,24744,4,df3f619804a92fdb4057192dc43dd748ea778adc52bc498ce80524c014b81119,00000000,,,,,False,,,,,,,,,,False,False
/application/zukanlist/zkn_data/zukan_enc_pearl.narc,/application/zukanlist/zkn_data/zukan_enc_pearl.narc!/member_03744,0,/application/zukanlist/zkn_data/zukan_enc_pearl.narc,92,3744,,64428,64432,24744,24748,4,df3f619804a92fdb4057192dc43dd748ea778adc52bc498ce80524c014b81119,00000000,,,,,False,,,,,,,,,,False,False
/application/zukanlist/zkn_data/zukan_enc_pearl.narc,/application/zukanlist/zkn_data/zukan_enc_pearl.narc!/member_03745,0,/application/zukanlist/zkn_data/zukan_enc_pearl.narc,92,3745,,64432,64436,24748,24752,4,df3f619804a92fdb4057192dc43dd748ea778adc52bc498ce80524c014b81119,00000000,,,,,False,,,,,,,,,,False,False
/application/zukanlist/zkn_data/zukan_enc_pearl.narc,/application/zukanlist/zkn_data/zukan_enc_pearl.narc!/member_03746,0,/application/zukanlist/zkn_data/zukan_enc_pearl.narc,92,3746,,64436,64440,24752,24756,4,df3f619804a92fdb4057192dc43dd748ea778adc52bc498ce80524c014b81119,00000000,,,,,False,,,,,,,,,,False,False
/application/zukanlist/zkn_data/zukan_enc_pearl.narc,/application/zukanlist/zkn_data/zukan_enc_pearl.narc!/member_03747,0,/application/zukanlist/zkn_data/zukan_enc_pearl.narc,92,3747,,64440,64496,24756,24812,56,3fc78798325f2b1f632959183ef2f670e59ffbdef72f0bccdd7b8576c9839d7b,01000000030000000600000007000000,,,,,False,,,,,,,,,,False,False
/application/zukanlist/zkn_data/zukan_enc_pearl.narc,/application/zukanlist/zkn_data/zukan_enc_pearl.narc!/member_03748,0,/application/zukanlist/zkn_data/zukan_enc_pearl.narc,92,3748,,64496,64576,24812,24892,80,689856d2d95748223950d25bcf08ab3dfe4f2a7f9a640a6b107e1017156626a5,01000000030000000400000005000000,,,,,False,,,,,,,,,,False,False
/application/zukanlist/zkn_data/zukan_enc_pearl.narc,/application/zukanlist/zkn_data/zukan_enc_pearl.narc!/member_03749,0,/application/zukanlist/zkn_data/zukan_enc_pearl.narc,92,3749,,64576,64580,24892,24896,4,df3f619804a92fdb4057192dc43dd748ea778adc52bc498ce80524c014b81119,00000000,,,,,False,,,,,,,,,,False,False
/application/zukanlist/zkn_data/zukan_enc_pearl.narc,/application/zukanlist/zkn_data/zukan_enc_pearl.narc!/member_03750,0,/application/zukanlist/zkn_data/zukan_enc_pearl.narc,92,3750,,64580,64584,24896,24900,4,df3f619804a92fdb4057192dc43dd748ea778adc52bc498ce80524c014b81119,00000000,,,,,False,,,,,,,,,,False,False
/application/zukanlist/zkn_data/zukan_enc_pearl.narc,/application/zukanlist/zkn_data/zukan_enc_pearl.narc!/member_03751,0,/application/zukanlist/zkn_data/zukan_enc_pearl.narc,92,3751,,64584,64588,24900,24904,4,df3f619804a92fdb4057192dc43dd748ea778adc52bc498ce80524c014b81119,00000000,,,,,False,,,,,,,,,,False,False
/application/zukanlist/zkn_data/zukan_enc_pearl.narc,/application/zukanlist/zkn_data/zukan_enc_pearl.narc!/member_03752,0,/application/zukanlist/zkn_data/zukan_enc_pearl.narc,92,3752,,64588,64592,24904,24908,4,df3f619804a92fdb4057192dc43dd748ea778adc52bc498ce80524c014b81119,00000000,,,,,False,,,,,,,,,,False,False
/application/zukanlist/zkn_data/zukan_enc_pearl.narc,/application/zukanlist/zkn_data/zukan_enc_pearl.narc!/member_03753,0,/application/zukanlist/zkn_data/zukan_enc_pearl.narc,92,3753,,64592,64596,24908,24912,4,df3f619804a92fdb4057192dc43dd748ea778adc52bc498ce80524c014b81119,00000000,,,,,False,,,,,,,,,,False,False
/application/zukanlist/zkn_data/zukan_enc_pearl.narc,/application/zukanlist/zkn_data/zukan_enc_pearl.narc!/member_03754,0,/application/zukanlist/zkn_data/zukan_enc_pearl.narc,92,3754,,64596,64600,24912,24916,4,df3f619804a92fdb4057192dc43dd748ea778adc52bc498ce80524c014b81119,00000000,,,,,False,,,,,,,,,,False,False
/application/zukanlist/zkn_data/zukan_enc_pearl.narc,/application/zukanlist/zkn_data/zukan_enc_pearl.narc!/member_03755,0,/application/zukanlist/zkn_data/zukan_enc_pearl.narc,92,3755,,64600,64604,24916,24920,4,df3f619804a92fdb4057192dc43dd748ea778adc52bc498ce80524c014b81119,00000000,,,,,False,,,,,,,,,,False,False
/application/zukanlist/zkn_data/zukan_enc_pearl.narc,/application/zukanlist/zkn_data/zukan_enc_pearl.narc!/member_03756,0,/application/zukanlist/zkn_data/zukan_enc_pearl.narc,92,3756,,64604,64608,24920,24924,4,df3f619804a92fdb4057192dc43dd748ea778adc52bc498ce80524c014b81119,00000000,,,,,False,,,,,,,,,,False,False
/application/zukanlist/zkn_data/zukan_enc_pearl.narc,/application/zukanlist/zkn_data/zukan_enc_pearl.narc!/member_03757,0,/application/zukanlist/zkn_data/zukan_enc_pearl.narc,92,3757,,64608,64612,24924,24928,4,df3f619804a92fdb4057192dc43dd748ea778adc52bc498ce80524c014b81119,00000000,,,,,False,,,,,,,,,,False,False
/application/zukanlist/zkn_data/zukan_enc_pearl.narc,/application/zukanlist/zkn_data/zukan_enc_pearl.narc!/member_03758,0,/application/zukanlist/zkn_data/zukan_enc_pearl.narc,92,3758,,64612,64616,24928,24932,4,df3f619804a92fdb4057192dc43dd748ea778adc52bc498ce80524c014b81119,00000000,,,,,False,,,,,,,,,,False,False
/application/zukanlist/zkn_data/zukan_enc_pearl.narc,/application/zukanlist/zkn_data/zukan_enc_pearl.narc!/member_03759,0,/application/zukanlist/zkn_data/zukan_enc_pearl.narc,92,3759,,64616,64620,24932,24936,4,df3f619804a92fdb4057192dc43dd748ea778adc52bc498ce80524c014b81119,00000000,,,,,False,,,,,,,,,,False,False
/application/zukanlist/zkn_data/zukan_enc_pearl.narc,/application/zukanlist/zkn_data/zukan_enc_pearl.narc!/member_03760,0,/application/zukanlist/zkn_data/zukan_enc_pearl.narc,92,3760,,64620,64624,24936,24940,4,df3f619804a92fdb4057192dc43dd748ea778adc52bc498ce80524c014b81119,00000000,,,,,False,,,,,,,,,,False,False
/application/zukanlist/zkn_data/zukan_enc_pearl.narc,/application/zukanlist/zkn_data/zukan_enc_pearl.narc!/member_03761,0,/application/zukanlist/zkn_data/zukan_enc_pearl.narc,92,3761,,64624,64628,24940,24944,4,df3f619804a92fdb4057192dc43dd748ea778adc52bc498ce80524c014b81119,00000000,,,,,False,,,,,,,,,,False,False
/application/zukanlist/zkn_data/zukan_enc_pearl.narc,/application/zukanlist/zkn_data/zukan_enc_pearl.narc!/member_03762,0,/application/zukanlist/zkn_data/zukan_enc_pearl.narc,92,3762,,64628,64632,24944,24948,4,df3f619804a92fdb4057192dc43dd748ea778adc52bc498ce80524c014b81119,00000000,,,,,False,,,,,,,,,,False,False
/application/zukanlist/zkn_data/zukan_enc_pearl.narc,/application/zukanlist/zkn_data/zukan_enc_pearl.narc!/member_03763,0,/application/zukanlist/zkn_data/zukan_enc_pearl.narc,92,3763,,64632,64636,24948,24952,4,df3f619804a92fdb4057192dc43dd748ea778adc52bc498ce80524c014b81119,00000000,,,,,False,,,,,,,,,,False,False
/application/zukanlist/zkn_data/zukan_enc_pearl.narc,/application/zukanlist/zkn_data/zukan_enc_pearl.narc!/member_03764,0,/application/zukanlist/zkn_data/zukan_enc_pearl.narc,92,3764,,64636,64640,24952,24956,4,df3f619804a92fdb4057192dc43dd748ea778adc52bc498ce80524c014b81119,00000000,,,,,False,,,,,,,,,,False,False
/application/zukanlist/zkn_data/zukan_enc_pearl.narc,/application/zukanlist/zkn_data/zukan_enc_pearl.narc!/member_03765,0,/application/zukanlist/zkn_data/zukan_enc_pearl.narc,92,3765,,64640,64644,24956,24960,4,df3f619804a92fdb4057192dc43dd748ea778adc52bc498ce80524c014b81119,00000000,,,,,False,,,,,,,,,,False,False
/application/zukanlist/zkn_data/zukan_enc_pearl.narc,/application/zukanlist/zkn_data/zukan_enc_pearl.narc!/member_03766,0,/application/zukanlist/zkn_data/zukan_enc_pearl.narc,92,3766,,64644,64648,24960,24964,4,df3f619804a92fdb4057192dc43dd748ea778adc52bc498ce80524c014b81119,00000000,,,,,False,,,,,,,,,,False,False
/application/zukanlist/zkn_data/zukan_enc_pearl.narc,/application/zukanlist/zkn_data/zukan_enc_pearl.narc!/member_03767,0,/application/zukanlist/zkn_data/zukan_enc_pearl.narc,92,3767,,64648,64652,24964,24968,4,df3f619804a92fdb4057192dc43dd748ea778adc52bc498ce80524c014b81119,00000000,,,,,False,,,,,,,,,,False,False
/application/zukanlist/zkn_data/zukan_enc_pearl.narc,/application/zukanlist/zkn_data/zukan_enc_pearl.narc!/member_03768,0,/application/zukanlist/zkn_data/zukan_enc_pearl.narc,92,3768,,64652,64656,24968,24972,4,df3f619804a92fdb4057192dc43dd748ea778adc52bc498ce80524c014b81119,00000000,,,,,False,,,,,,,,,,False,False
/application/zukanlist/zkn_data/zukan_enc_pearl.narc,/application/zukanlist/zkn_data/zukan_enc_pearl.narc!/member_03769,0,/application/zukanlist/zkn_data/zukan_enc_pearl.narc,92,3769,,64656,64660,24972,24976,4,df3f619804a92fdb4057192dc43dd748ea778adc52bc498ce80524c014b81119,00000000,,,,,False,,,,,,,,,,False,False
/application/zukanlist/zkn_data/zukan_enc_pearl.narc,/application/zukanlist/zkn_data/zukan_enc_pearl.narc!/member_03770,0,/application/zukanlist/zkn_data/zukan_enc_pearl.narc,92,3770,,64660,64664,24976,24980,4,df3f619804a92fdb4057192dc43dd748ea778adc52bc498ce80524c014b81119,00000000,,,,,False,,,,,,,,,,False,False
/application/zukanlist/zkn_data/zukan_enc_pearl.narc,/application/zukanlist/zkn_data/zukan_enc_pearl.narc!/member_03771,0,/application/zukanlist/zkn_data/zukan_enc_pearl.narc,92,3771,,64664,64668,24980,24984,4,df3f619804a92fdb4057192dc43dd748ea778adc52bc498ce80524c014b81119,00000000,,,,,False,,,,,,,,,,False,False
/application/zukanlist/zkn_data/zukan_enc_pearl.narc,/application/zukanlist/zkn_data/zukan_enc_pearl.narc!/member_03772,0,/application/zukanlist/zkn_data/zukan_enc_pearl.narc,92,3772,,64668,64672,24984,24988,4,df3f619804a92fdb4057192dc43dd748ea778adc52bc498ce80524c014b81119,00000000,,,,,False,,,,,,,,,,False,False
/application/zukanlist/zkn_data/zukan_enc_pearl.narc,/application/zukanlist/zkn_data/zukan_enc_pearl.narc!/member_03773,0,/application/zukanlist/zkn_data/zukan_enc_pearl.narc,92,3773,,64672,64676,24988,24992,4,df3f619804a92fdb4057192dc43dd748ea778adc52bc498ce80524c014b81119,00000000,,,,,False,,,,,,,,,,False,False
/application/zukanlist/zkn_data/zukan_enc_pearl.narc,/application/zukanlist/zkn_data/zukan_enc_pearl.narc!/member_03774,0,/application/zukanlist/zkn_data/zukan_enc_pearl.narc,92,3774,,64676,64680,24992,24996,4,df3f619804a92fdb4057192dc43dd748ea778adc52bc498ce80524c014b81119,00000000,,,,,False,,,,,,,,,,False,False
/application/zukanlist/zkn_data/zukan_enc_pearl.narc,/application/zukanlist/zkn_data/zukan_enc_pearl.narc!/member_03775,0,/application/zukanlist/zkn_data/zukan_enc_pearl.narc,92,3775,,64680,64684,24996,25000,4,df3f619804a92fdb4057192dc43dd748ea778adc52bc498ce80524c014b81119,00000000,,,,,False,,,,,,,,,,False,False
/application/zukanlist/zkn_data/zukan_enc_pearl.narc,/application/zukanlist/zkn_data/zukan_enc_pearl.narc!/member_03776,0,/application/zukanlist/zkn_data/zukan_enc_pearl.narc,92,3776,,64684,64708,25000,25024,24,2a11ac3da872582a7ebe9dbd2859af6c03a6d1c68b8e084c499d03f04430ac87,1500000018000000190000001a000000,,,,,False,,,,,,,,,,False,False
/application/zukanlist/zkn_data/zukan_enc_pearl.narc,/application/zukanlist/zkn_data/zukan_enc_pearl.narc!/member_03777,0,/application/zukanlist/zkn_data/zukan_enc_pearl.narc,92,3777,,64708,64720,25024,25036,12,ff8fa39a6fbecc40d4d47023620dadc5ce354ccfe16d32f9885b7fe6880a69b1,0b0000002100000000000000,,,,,False,,,,,,,,,,False,False
/application/zukanlist/zkn_data/zukan_enc_pearl.narc,/application/zukanlist/zkn_data/zukan_enc_pearl.narc!/member_03778,0,/application/zukanlist/zkn_data/zukan_enc_pearl.narc,92,3778,,64720,64724,25036,25040,4,df3f619804a92fdb4057192dc43dd748ea778adc52bc498ce80524c014b81119,00000000,,,,,False,,,,,,,,,,False,False
/application/zukanlist/zkn_data/zukan_enc_pearl.narc,/application/zukanlist/zkn_data/zukan_enc_pearl.narc!/member_03779,0,/application/zukanlist/zkn_data/zukan_enc_pearl.narc,92,3779,,64724,64728,25040,25044,4,df3f619804a92fdb4057192dc43dd748ea778adc52bc498ce80524c014b81119,00000000,,,,,False,,,,,,,,,,False,False
/application/zukanlist/zkn_data/zukan_enc_pearl.narc,/application/zukanlist/zkn_data/zukan_enc_pearl.narc!/member_03780,0,/application/zukanlist/zkn_data/zukan_enc_pearl.narc,92,3780,,64728,64732,25044,25048,4,df3f619804a92fdb4057192dc43dd748ea778adc52bc498ce80524c014b81119,00000000,,,,,False,,,,,,,,,,False,False
/application/zukanlist/zkn_data/zukan_enc_pearl.narc,/application/zukanlist/zkn_data/zukan_enc_pearl.narc!/member_03781,0,/application/zukanlist/zkn_data/zukan_enc_pearl.narc,92,3781,,64732,64736,25048,25052,4,df3f619804a92fdb4057192dc43dd748ea778adc52bc498ce80524c014b81119,00000000,,,,,False,,,,,,,,,,False,False
/application/zukanlist/zkn_data/zukan_enc_pearl.narc,/application/zukanlist/zkn_data/zukan_enc_pearl.narc!/member_03782,0,/application/zukanlist/zkn_data/zukan_enc_pearl.narc,92,3782,,64736,64744,25052,25060,8,ed049108bc18f2c64369e8d0ea42850bdd1a7d1dd340cfde716315579702a76c,2a00000000000000,,,,,False,,,,,,,,,,False,False
/application/zukanlist/zkn_data/zukan_enc_pearl.narc,/application/zukanlist/zkn_data/zukan_enc_pearl.narc!/member_03783,0,/application/zukanlist/zkn_data/zukan_enc_pearl.narc,92,3783,,64744,64752,25060,25068,8,ed049108bc18f2c64369e8d0ea42850bdd1a7d1dd340cfde716315579702a76c,2a00000000000000,,,,,False,,,,,,,,,,False,False
/application/zukanlist/zkn_data/zukan_enc_pearl.narc,/application/zukanlist/zkn_data/zukan_enc_pearl.narc!/member_03784,0,/application/zukanlist/zkn_data/zukan_enc_pearl.narc,92,3784,,64752,64776,25068,25092,24,2f332db931e3c01a836a931e49b55d7dc971e1546bb87058040dc30055090de0,1b0000001c0000002400000026000000,,,,,False,,,,,,,,,,False,False
/application/zukanlist/zkn_data/zukan_enc_pearl.narc,/application/zukanlist/zkn_data/zukan_enc_pearl.narc!/member_03785,0,/application/zukanlist/zkn_data/zukan_enc_pearl.narc,92,3785,,64776,64780,25092,25096,4,df3f619804a92fdb4057192dc43dd748ea778adc52bc498ce80524c014b81119,00000000,,,,,False,,,,,,,,,,False,False
/application/zukanlist/zkn_data/zukan_enc_pearl.narc,/application/zukanlist/zkn_data/zukan_enc_pearl.narc!/member_03786,0,/application/zukanlist/zkn_data/zukan_enc_pearl.narc,92,3786,,64780,64784,25096,25100,4,df3f619804a92fdb4057192dc43dd748ea778adc52bc498ce80524c014b81119,00000000,,,,,False,,,,,,,,,,False,False
/application/zukanlist/zkn_data/zukan_enc_pearl.narc,/application/zukanlist/zkn_data/zukan_enc_pearl.narc!/member_03787,0,/application/zukanlist/zkn_data/zukan_enc_pearl.narc,92,3787,,64784,64788,25100,25104,4,df3f619804a92fdb4057192dc43dd748ea778adc52bc498ce80524c014b81119,00000000,,,,,False,,,,,,,,,,False,False
/application/zukanlist/zkn_data/zukan_enc_pearl.narc,/application/zukanlist/zkn_data/zukan_enc_pearl.narc!/member_03788,0,/application/zukanlist/zkn_data/zukan_enc_pearl.narc,92,3788,,64788,64800,25104,25116,12,c87507bb5df2a6725e4fea5c9002e6687f8122c71788e48c6e7f64bf56aeb1d2,1d0000002500000000000000,,,,,False,,,,,,,,,,False,False
/application/zukanlist/zkn_data/zukan_enc_pearl.narc,/application/zukanlist/zkn_data/zukan_enc_pearl.narc!/member_03789,0,/application/zukanlist/zkn_data/zukan_enc_pearl.narc,92,3789,,64800,64812,25116,25128,12,7e235b4cce195b0330d1d32cde3de7062144cfee910f0d16de759341168eff84,2f0000003100000000000000,,,,,False,,,,,,,,,,False,False
/application/zukanlist/zkn_data/zukan_enc_pearl.narc,/application/zukanlist/zkn_data/zukan_enc_pearl.narc!/member_03790,0,/application/zukanlist/zkn_data/zukan_enc_pearl.narc,92,3790,,64812,64824,25128,25140,12,7e235b4cce195b0330d1d32cde3de7062144cfee910f0d16de759341168eff84,2f0000003100000000000000,,,,,False,,,,,,,,,,False,False
/application/zukanlist/zkn_data/zukan_enc_pearl.narc,/application/zukanlist/zkn_data/zukan_enc_pearl.narc!/member_03791,0,/application/zukanlist/zkn_data/zukan_enc_pearl.narc,92,3791,,64824,64836,25140,25152,12,82845f601ec6f67c6123951adc94a3a015e24cb0ab292fb289695e981c4a6a7a,080000002800000000000000,,,,,False,,,,,,,,,,False,False
/application/zukanlist/zkn_data/zukan_enc_pearl.narc,/application/zukanlist/zkn_data/zukan_enc_pearl.narc!/member_03792,0,/application/zukanlist/zkn_data/zukan_enc_pearl.narc,92,3792,,64836,64848,25152,25164,12,82845f601ec6f67c6123951adc94a3a015e24cb0ab292fb289695e981c4a6a7a,080000002800000000000000,,,,,False,,,,,,,,,,False,False
/application/zukanlist/zkn_data/zukan_enc_pearl.narc,/application/zukanlist/zkn_data/zukan_enc_pearl.narc!/member_03793,0,/application/zukanlist/zkn_data/zukan_enc_pearl.narc,92,3793,,64848,64852,25164,25168,4,df3f619804a92fdb4057192dc43dd748ea778adc52bc498ce80524c014b81119,00000000,,,,,False,,,,,,,,,,False,False
/application/zukanlist/zkn_data/zukan_enc_pearl.narc,/application/zukanlist/zkn_data/zukan_enc_pearl.narc!/member_03794,0,/application/zukanlist/zkn_data/zukan_enc_pearl.narc,92,3794,,64852,64856,25168,25172,4,df3f619804a92fdb4057192dc43dd748ea778adc52bc498ce80524c014b81119,00000000,,,,,False,,,,,,,,,,False,False
/application/zukanlist/zkn_data/zukan_enc_pearl.narc,/application/zukanlist/zkn_data/zukan_enc_pearl.narc!/member_03795,0,/application/zukanlist/zkn_data/zukan_enc_pearl.narc,92,3795,,64856,64860,25172,25176,4,df3f619804a92fdb4057192dc43dd748ea778adc52bc498ce80524c014b81119,00000000,,,,,False,,,,,,,,,,False,False
/application/zukanlist/zkn_data/zukan_enc_pearl.narc,/application/zukanlist/zkn_data/zukan_enc_pearl.narc!/member_03796,0,/application/zukanlist/zkn_data/zukan_enc_pearl.narc,92,3796,,64860,64864,25176,25180,4,df3f619804a92fdb4057192dc43dd748ea778adc52bc498ce80524c014b81119,00000000,,,,,False,,,,,,,,,,False,False
/application/zukanlist/zkn_data/zukan_enc_pearl.narc,/application/zukanlist/zkn_data/zukan_enc_pearl.narc!/member_03797,0,/application/zukanlist/zkn_data/zukan_enc_pearl.narc,92,3797,,64864,64868,25180,25184,4,df3f619804a92fdb4057192dc43dd748ea778adc52bc498ce80524c014b81119,00000000,,,,,False,,,,,,,,,,False,False
/application/zukanlist/zkn_data/zukan_enc_pearl.narc,/application/zukanlist/zkn_data/zukan_enc_pearl.narc!/member_03798,0,/application/zukanlist/zkn_data/zukan_enc_pearl.narc,92,3798,,64868,64872,25184,25188,4,df3f619804a92fdb4057192dc43dd748ea778adc52bc498ce80524c014b81119,00000000,,,,,False,,,,,,,,,,False,False
/application/zukanlist/zkn_data/zukan_enc_pearl.narc,/application/zukanlist/zkn_data/zukan_enc_pearl.narc!/member_03799,0,/application/zukanlist/zkn_data/zukan_enc_pearl.narc,92,3799,,64872,64876,25188,25192,4,df3f619804a92fdb4057192dc43dd748ea778adc52bc498ce80524c014b81119,00000000,,,,,False,,,,,,,,,,False,False
/application/zukanlist/zkn_data/zukan_enc_pearl.narc,/application/zukanlist/zkn_data/zukan_enc_pearl.narc!/member_03800,0,/application/zukanlist/zkn_data/zukan_enc_pearl.narc,92,3800,,64876,64884,25192,25200,8,b8282e78d87c2a42f7c0f5b543c0d7760d3fe5a3860a25c20ec57ddaa4d80b81,2900000000000000,,,,,False,,,,,,,,,,False,False
/application/zukanlist/zkn_data/zukan_enc_pearl.narc,/application/zukanlist/zkn_data/zukan_enc_pearl.narc!/member_03801,0,/application/zukanlist/zkn_data/zukan_enc_pearl.narc,92,3801,,64884,64892,25200,25208,8,b8282e78d87c2a42f7c0f5b543c0d7760d3fe5a3860a25c20ec57ddaa4d80b81,2900000000000000,,,,,False,,,,,,,,,,False,False
/application/zukanlist/zkn_data/zukan_enc_pearl.narc,/application/zukanlist/zkn_data/zukan_enc_pearl.narc!/member_03802,0,/application/zukanlist/zkn_data/zukan_enc_pearl.narc,92,3802,,64892,64896,25208,25212,4,df3f619804a92fdb4057192dc43dd748ea778adc52bc498ce80524c014b81119,00000000,,,,,False,,,,,,,,,,False,False
/application/zukanlist/zkn_data/zukan_enc_pearl.narc,/application/zukanlist/zkn_data/zukan_enc_pearl.narc!/member_03803,0,/application/zukanlist/zkn_data/zukan_enc_pearl.narc,92,3803,,64896,64900,25212,25216,4,df3f619804a92fdb4057192dc43dd748ea778adc52bc498ce80524c014b81119,00000000,,,,,False,,,,,,,,,,False,False
/application/zukanlist/zkn_data/zukan_enc_pearl.narc,/application/zukanlist/zkn_data/zukan_enc_pearl.narc!/member_03804,0,/application/zukanlist/zkn_data/zukan_enc_pearl.narc,92,3804,,64900,64904,25216,25220,4,df3f619804a92fdb4057192dc43dd748ea778adc52bc498ce80524c014b81119,00000000,,,,,False,,,,,,,,,,False,False
/application/zukanlist/zkn_data/zukan_enc_pearl.narc,/application/zukanlist/zkn_data/zukan_enc_pearl.narc!/member_03805,0,/application/zukanlist/zkn_data/zukan_enc_pearl.narc,92,3805,,64904,64908,25220,25224,4,df3f619804a92fdb4057192dc43dd748ea778adc52bc498ce80524c014b81119,00000000,,,,,False,,,,,,,,,,False,False
/application/zukanlist/zkn_data/zukan_enc_pearl.narc,/application/zukanlist/zkn_data/zukan_enc_pearl.narc!/member_03806,0,/application/zukanlist/zkn_data/zukan_enc_pearl.narc,92,3806,,64908,64912,25224,25228,4,df3f619804a92fdb4057192dc43dd748ea778adc52bc498ce80524c014b81119,00000000,,,,,False,,,,,,,,,,False,False
/application/zukanlist/zkn_data/zukan_enc_pearl.narc,/application/zukanlist/zkn_data/zukan_enc_pearl.narc!/member_03807,0,/application/zukanlist/zkn_data/zukan_enc_pearl.narc,92,3807,,64912,64916,25228,25232,4,df3f619804a92fdb4057192dc43dd748ea778adc52bc498ce80524c014b81119,00000000,,,,,False,,,,,,,,,,False,False
/application/zukanlist/zkn_data/zukan_enc_pearl.narc,/application/zukanlist/zkn_data/zukan_enc_pearl.narc!/member_03808,0,/application/zukanlist/zkn_data/zukan_enc_pearl.narc,92,3808,,64916,64952,25232,25268,36,164607f1a00c34c5e0539afd6c3b8eee0d3b673465b06523e62e6ddf4d2bfc6f,02000000120000001500000018000000,,,,,False,,,,,,,,,,False,False
/application/zukanlist/zkn_data/zukan_enc_pearl.narc,/application/zukanlist/zkn_data/zukan_enc_pearl.narc!/member_03809,0,/application/zukanlist/zkn_data/zukan_enc_pearl.narc,92,3809,,64952,64988,25268,25304,36,164607f1a00c34c5e0539afd6c3b8eee0d3b673465b06523e62e6ddf4d2bfc6f,02000000120000001500000018000000,,,,,False,,,,,,,,,,False,False
/application/zukanlist/zkn_data/zukan_enc_pearl.narc,/application/zukanlist/zkn_data/zukan_enc_pearl.narc!/member_03810,0,/application/zukanlist/zkn_data/zukan_enc_pearl.narc,92,3810,,64988,64996,25304,25312,8,c5b2e76e0be88460999f2083c6197da41daa3732375dabd7f0237c8eec0e395a,2c00000000000000,,,,,False,,,,,,,,,,False,False
/application/zukanlist/zkn_data/zukan_enc_pearl.narc,/application/zukanlist/zkn_data/zukan_enc_pearl.narc!/member_03811,0,/application/zukanlist/zkn_data/zukan_enc_pearl.narc,92,3811,,64996,65004,25312,25320,8,c5b2e76e0be88460999f2083c6197da41daa3732375dabd7f0237c8eec0e395a,2c00000000000000,,,,,False,,,,,,,,,,False,False
/application/zukanlist/zkn_data/zukan_enc_pearl.narc,/application/zukanlist/zkn_data/zukan_enc_pearl.narc!/member_03812,0,/application/zukanlist/zkn_data/zukan_enc_pearl.narc,92,3812,,65004,65008,25320,25324,4,df3f619804a92fdb4057192dc43dd748ea778adc52bc498ce80524c014b81119,00000000,,,,,False,,,,,,,,,,False,False
/application/zukanlist/zkn_data/zukan_enc_pearl.narc,/application/zukanlist/zkn_data/zukan_enc_pearl.narc!/member_03813,0,/application/zukanlist/zkn_data/zukan_enc_pearl.narc,92,3813,,65008,65012,25324,25328,4,df3f619804a92fdb4057192dc43dd748ea778adc52bc498ce80524c014b81119,00000000,,,,,False,,,,,,,,,,False,False
/application/zukanlist/zkn_data/zukan_enc_pearl.narc,/application/zukanlist/zkn_data/zukan_enc_pearl.narc!/member_03814,0,/application/zukanlist/zkn_data/zukan_enc_pearl.narc,92,3814,,65012,65016,25328,25332,4,df3f619804a92fdb4057192dc43dd748ea778adc52bc498ce80524c014b81119,00000000,,,,,False,,,,,,,,,,False,False
/application/zukanlist/zkn_data/zukan_enc_pearl.narc,/application/zukanlist/zkn_data/zukan_enc_pearl.narc!/member_03815,0,/application/zukanlist/zkn_data/zukan_enc_pearl.narc,92,3815,,65016,65020,25332,25336,4,df3f619804a92fdb4057192dc43dd748ea778adc52bc498ce80524c014b81119,00000000,,,,,False,,,,,,,,,,False,False
/application/zukanlist/zkn_data/zukan_enc_pearl.narc,/application/zukanlist/zkn_data/zukan_enc_pearl.narc!/member_03816,0,/application/zukanlist/zkn_data/zukan_enc_pearl.narc,92,3816,,65020,65024,25336,25340,4,df3f619804a92fdb4057192dc43dd748ea778adc52bc498ce80524c014b81119,00000000,,,,,False,,,,,,,,,,False,False
/application/zukanlist/zkn_data/zukan_enc_pearl.narc,/application/zukanlist/zkn_data/zukan_enc_pearl.narc!/member_03817,0,/application/zukanlist/zkn_data/zukan_enc_pearl.narc,92,3817,,65024,65028,25340,25344,4,df3f619804a92fdb4057192dc43dd748ea778adc52bc498ce80524c014b81119,00000000,,,,,False,,,,,,,,,,False,False
/application/zukanlist/zkn_data/zukan_enc_pearl.narc,/application/zukanlist/zkn_data/zukan_enc_pearl.narc!/member_03818,0,/application/zukanlist/zkn_data/zukan_enc_pearl.narc,92,3818,,65028,65032,25344,25348,4,df3f619804a92fdb4057192dc43dd748ea778adc52bc498ce80524c014b81119,00000000,,,,,False,,,,,,,,,,False,False
/application/zukanlist/zkn_data/zukan_enc_pearl.narc,/application/zukanlist/zkn_data/zukan_enc_pearl.narc!/member_03819,0,/application/zukanlist/zkn_data/zukan_enc_pearl.narc,92,3819,,65032,65036,25348,25352,4,df3f619804a92fdb4057192dc43dd748ea778adc52bc498ce80524c014b81119,00000000,,,,,False,,,,,,,,,,False,False
/application/zukanlist/zkn_data/zukan_enc_pearl.narc,/application/zukanlist/zkn_data/zukan_enc_pearl.narc!/member_03820,0,/application/zukanlist/zkn_data/zukan_enc_pearl.narc,92,3820,,65036,65040,25352,25356,4,df3f619804a92fdb4057192dc43dd748ea778adc52bc498ce80524c014b81119,00000000,,,,,False,,,,,,,,,,False,False
/application/zukanlist/zkn_data/zukan_enc_pearl.narc,/application/zukanlist/zkn_data/zukan_enc_pearl.narc!/member_03821,0,/application/zukanlist/zkn_data/zukan_enc_pearl.narc,92,3821,,65040,65044,25356,25360,4,df3f619804a92fdb4057192dc43dd748ea778adc52bc498ce80524c014b81119,00000000,,,,,False,,,,,,,,,,False,False
/application/zukanlist/zkn_data/zukan_enc_pearl.narc,/application/zukanlist/zkn_data/zukan_enc_pearl.narc!/member_03822,0,/application/zukanlist/zkn_data/zukan_enc_pearl.narc,92,3822,,65044,65048,25360,25364,4,df3f619804a92fdb4057192dc43dd748ea778adc52bc498ce80524c014b81119,00000000,,,,,False,,,,,,,,,,False,False
/application/zukanlist/zkn_data/zukan_enc_pearl.narc,/application/zukanlist/zkn_data/zukan_enc_pearl.narc!/member_03823,0,/application/zukanlist/zkn_data/zukan_enc_pearl.narc,92,3823,,65048,65068,25364,25384,20,792ac6b19afa44edced413eca9ea1ce767cc2779540339e1f957051e4bad978f,08000000270000002800000030000000,,,,,False,,,,,,,,,,False,False
/application/zukanlist/zkn_data/zukan_enc_pearl.narc,/application/zukanlist/zkn_data/zukan_enc_pearl.narc!/member_03824,0,/application/zukanlist/zkn_data/zukan_enc_pearl.narc,92,3824,,65068,65072,25384,25388,4,df3f619804a92fdb4057192dc43dd748ea778adc52bc498ce80524c014b81119,00000000,,,,,False,,,,,,,,,,False,False
/application/zukanlist/zkn_data/zukan_enc_pearl.narc,/application/zukanlist/zkn_data/zukan_enc_pearl.narc!/member_03825,0,/application/zukanlist/zkn_data/zukan_enc_pearl.narc,92,3825,,65072,65076,25388,25392,4,df3f619804a92fdb4057192dc43dd748ea778adc52bc498ce80524c014b81119,00000000,,,,,False,,,,,,,,,,False,False
/application/zukanlist/zkn_data/zukan_enc_pearl.narc,/application/zukanlist/zkn_data/zukan_enc_pearl.narc!/member_03826,0,/application/zukanlist/zkn_data/zukan_enc_pearl.narc,92,3826,,65076,65080,25392,25396,4,df3f619804a92fdb4057192dc43dd748ea778adc52bc498ce80524c014b81119,00000000,,,,,False,,,,,,,,,,False,False
/application/zukanlist/zkn_data/zukan_enc_pearl.narc,/application/zukanlist/zkn_data/zukan_enc_pearl.narc!/member_03827,0,/application/zukanlist/zkn_data/zukan_enc_pearl.narc,92,3827,,65080,65084,25396,25400,4,df3f619804a92fdb4057192dc43dd748ea778adc52bc498ce80524c014b81119,00000000,,,,,False,,,,,,,,,,False,False
/application/zukanlist/zkn_data/zukan_enc_pearl.narc,/application/zukanlist/zkn_data/zukan_enc_pearl.narc!/member_03828,0,/application/zukanlist/zkn_data/zukan_enc_pearl.narc,92,3828,,65084,65088,25400,25404,4,df3f619804a92fdb4057192dc43dd748ea778adc52bc498ce80524c014b81119,00000000,,,,,False,,,,,,,,,,False,False
/application/zukanlist/zkn_data/zukan_enc_pearl.narc,/application/zukanlist/zkn_data/zukan_enc_pearl.narc!/member_03829,0,/application/zukanlist/zkn_data/zukan_enc_pearl.narc,92,3829,,65088,65092,25404,25408,4,df3f619804a92fdb4057192dc43dd748ea778adc52bc498ce80524c014b81119,00000000,,,,,False,,,,,,,,,,False,False
/application/zukanlist/zkn_data/zukan_enc_pearl.narc,/application/zukanlist/zkn_data/zukan_enc_pearl.narc!/member_03830,0,/application/zukanlist/zkn_data/zukan_enc_pearl.narc,92,3830,,65092,65096,25408,25412,4,df3f619804a92fdb4057192dc43dd748ea778adc52bc498ce80524c014b81119,00000000,,,,,False,,,,,,,,,,False,False
/application/zukanlist/zkn_data/zukan_enc_pearl.narc,/application/zukanlist/zkn_data/zukan_enc_pearl.narc!/member_03831,0,/application/zukanlist/zkn_data/zukan_enc_pearl.narc,92,3831,,65096,65100,25412,25416,4,df3f619804a92fdb4057192dc43dd748ea778adc52bc498ce80524c014b81119,00000000,,,,,False,,,,,,,,,,False,False
/application/zukanlist/zkn_data/zukan_enc_pearl.narc,/application/zukanlist/zkn_data/zukan_enc_pearl.narc!/member_03832,0,/application/zukanlist/zkn_data/zukan_enc_pearl.narc,92,3832,,65100,65112,25416,25428,12,5f79b89985997b5b95a381b4287b597a8c969b30812e71bbe57fcbc2cf911ff2,300000003100000000000000,,Nintendo RLE,Probable,,True,Nintendo RLE,Probable,False,49,,,,,,False,False
/application/zukanlist/zkn_data/zukan_enc_pearl.narc,/application/zukanlist/zkn_data/zukan_enc_pearl.narc!/member_03833,0,/application/zukanlist/zkn_data/zukan_enc_pearl.narc,92,3833,,65112,65124,25428,25440,12,5f79b89985997b5b95a381b4287b597a8c969b30812e71bbe57fcbc2cf911ff2,300000003100000000000000,,Nintendo RLE,Probable,,True,Nintendo RLE,Probable,False,49,,,,,,False,False
/application/zukanlist/zkn_data/zukan_enc_pearl.narc,/application/zukanlist/zkn_data/zukan_enc_pearl.narc!/member_03834,0,/application/zukanlist/zkn_data/zukan_enc_pearl.narc,92,3834,,65124,65128,25440,25444,4,df3f619804a92fdb4057192dc43dd748ea778adc52bc498ce80524c014b81119,00000000,,,,,False,,,,,,,,,,False,False
/application/zukanlist/zkn_data/zukan_enc_pearl.narc,/application/zukanlist/zkn_data/zukan_enc_pearl.narc!/member_03835,0,/application/zukanlist/zkn_data/zukan_enc_pearl.narc,92,3835,,65128,65140,25444,25456,12,0e5123cdcab5b55d471f84666334ea2caafc364e6076654908840a916089baf5,230000002400000000000000,,,,,False,,,,,,,,,,False,False
/application/zukanlist/zkn_data/zukan_enc_pearl.narc,/application/zukanlist/zkn_data/zukan_enc_pearl.narc!/member_03836,0,/application/zukanlist/zkn_data/zukan_enc_pearl.narc,92,3836,,65140,65144,25456,25460,4,df3f619804a92fdb4057192dc43dd748ea778adc52bc498ce80524c014b81119,00000000,,,,,False,,,,,,,,,,False,False
/application/zukanlist/zkn_data/zukan_enc_pearl.narc,/application/zukanlist/zkn_data/zukan_enc_pearl.narc!/member_03837,0,/application/zukanlist/zkn_data/zukan_enc_pearl.narc,92,3837,,65144,65148,25460,25464,4,df3f619804a92fdb4057192dc43dd748ea778adc52bc498ce80524c014b81119,00000000,,,,,False,,,,,,,,,,False,False
/application/zukanlist/zkn_data/zukan_enc_pearl.narc,/application/zukanlist/zkn_data/zukan_enc_pearl.narc!/member_03838,0,/application/zukanlist/zkn_data/zukan_enc_pearl.narc,92,3838,,65148,65156,25464,25472,8,4779cee98e83f1a1592de4f293107545fabab96772e43de89f3437b35f08938f,3000000000000000,,Nintendo RLE,Probable,,True,Nintendo RLE,Probable,False,0,,,,,,False,False
/application/zukanlist/zkn_data/zukan_enc_pearl.narc,/application/zukanlist/zkn_data/zukan_enc_pearl.narc!/member_03839,0,/application/zukanlist/zkn_data/zukan_enc_pearl.narc,92,3839,,65156,65168,25472,25484,12,a6a9401f7034d0d7fef6168818b10aeaabc3d51087849008b8f157ee3aea3be2,050000002600000000000000,,,,,False,,,,,,,,,,False,False
/application/zukanlist/zkn_data/zukan_enc_pearl.narc,/application/zukanlist/zkn_data/zukan_enc_pearl.narc!/member_03840,0,/application/zukanlist/zkn_data/zukan_enc_pearl.narc,92,3840,,65168,65172,25484,25488,4,df3f619804a92fdb4057192dc43dd748ea778adc52bc498ce80524c014b81119,00000000,,,,,False,,,,,,,,,,False,False
/application/zukanlist/zkn_data/zukan_enc_pearl.narc,/application/zukanlist/zkn_data/zukan_enc_pearl.narc!/member_03841,0,/application/zukanlist/zkn_data/zukan_enc_pearl.narc,92,3841,,65172,65176,25488,25492,4,df3f619804a92fdb4057192dc43dd748ea778adc52bc498ce80524c014b81119,00000000,,,,,False,,,,,,,,,,False,False
/application/zukanlist/zkn_data/zukan_enc_pearl.narc,/application/zukanlist/zkn_data/zukan_enc_pearl.narc!/member_03842,0,/application/zukanlist/zkn_data/zukan_enc_pearl.narc,92,3842,,65176,65180,25492,25496,4,df3f619804a92fdb4057192dc43dd748ea778adc52bc498ce80524c014b81119,00000000,,,,,False,,,,,,,,,,False,False
/application/zukanlist/zkn_data/zukan_enc_pearl.narc,/application/zukanlist/zkn_data/zukan_enc_pearl.narc!/member_03843,0,/application/zukanlist/zkn_data/zukan_enc_pearl.narc,92,3843,,65180,65184,25496,25500,4,df3f619804a92fdb4057192dc43dd748ea778adc52bc498ce80524c014b81119,00000000,,,,,False,,,,,,,,,,False,False
/application/zukanlist/zkn_data/zukan_enc_pearl.narc,/application/zukanlist/zkn_data/zukan_enc_pearl.narc!/member_03844,0,/application/zukanlist/zkn_data/zukan_enc_pearl.narc,92,3844,,65184,65188,25500,25504,4,df3f619804a92fdb4057192dc43dd748ea778adc52bc498ce80524c014b81119,00000000,,,,,False,,,,,,,,,,False,False
/application/zukanlist/zkn_data/zukan_enc_pearl.narc,/application/zukanlist/zkn_data/zukan_enc_pearl.narc!/member_03845,0,/application/zukanlist/zkn_data/zukan_enc_pearl.narc,92,3845,,65188,65192,25504,25508,4,df3f619804a92fdb4057192dc43dd748ea778adc52bc498ce80524c014b81119,00000000,,,,,False,,,,,,,,,,False,False
/application/zukanlist/zkn_data/zukan_enc_pearl.narc,/application/zukanlist/zkn_data/zukan_enc_pearl.narc!/member_03846,0,/application/zukanlist/zkn_data/zukan_enc_pearl.narc,92,3846,,65192,65196,25508,25512,4,df3f619804a92fdb4057192dc43dd748ea778adc52bc498ce80524c014b81119,00000000,,,,,False,,,,,,,,,,False,False
/application/zukanlist/zkn_data/zukan_enc_pearl.narc,/application/zukanlist/zkn_data/zukan_enc_pearl.narc!/member_03847,0,/application/zukanlist/zkn_data/zukan_enc_pearl.narc,92,3847,,65196,65200,25512,25516,4,df3f619804a92fdb4057192dc43dd748ea778adc52bc498ce80524c014b81119,00000000,,,,,False,,,,,,,,,,False,False
/application/zukanlist/zkn_data/zukan_enc_pearl.narc,/application/zukanlist/zkn_data/zukan_enc_pearl.narc!/member_03848,0,/application/zukanlist/zkn_data/zukan_enc_pearl.narc,92,3848,,65200,65204,25516,25520,4,df3f619804a92fdb4057192dc43dd748ea778adc52bc498ce80524c014b81119,00000000,,,,,False,,,,,,,,,,False,False
/application/zukanlist/zkn_data/zukan_enc_pearl.narc,/application/zukanlist/zkn_data/zukan_enc_pearl.narc!/member_03849,0,/application/zukanlist/zkn_data/zukan_enc_pearl.narc,92,3849,,65204,65208,25520,25524,4,df3f619804a92fdb4057192dc43dd748ea778adc52bc498ce80524c014b81119,00000000,,,,,False,,,,,,,,,,False,False
/application/zukanlist/zkn_data/zukan_enc_pearl.narc,/application/zukanlist/zkn_data/zukan_enc_pearl.narc!/member_03850,0,/application/zukanlist/zkn_data/zukan_enc_pearl.narc,92,3850,,65208,65212,25524,25528,4,df3f619804a92fdb4057192dc43dd748ea778adc52bc498ce80524c014b81119,00000000,,,,,False,,,,,,,,,,False,False
/application/zukanlist/zkn_data/zukan_enc_pearl.narc,/application/zukanlist/zkn_data/zukan_enc_pearl.narc!/member_03851,0,/application/zukanlist/zkn_data/zukan_enc_pearl.narc,92,3851,,65212,65216,25528,25532,4,df3f619804a92fdb4057192dc43dd748ea778adc52bc498ce80524c014b81119,00000000,,,,,False,,,,,,,,,,False,False
/application/zukanlist/zkn_data/zukan_enc_pearl.narc,/application/zukanlist/zkn_data/zukan_enc_pearl.narc!/member_03852,0,/application/zukanlist/zkn_data/zukan_enc_pearl.narc,92,3852,,65216,65220,25532,25536,4,df3f619804a92fdb4057192dc43dd748ea778adc52bc498ce80524c014b81119,00000000,,,,,False,,,,,,,,,,False,False
/application/zukanlist/zkn_data/zukan_enc_pearl.narc,/application/zukanlist/zkn_data/zukan_enc_pearl.narc!/member_03853,0,/application/zukanlist/zkn_data/zukan_enc_pearl.narc,92,3853,,65220,65224,25536,25540,4,df3f619804a92fdb4057192dc43dd748ea778adc52bc498ce80524c014b81119,00000000,,,,,False,,,,,,,,,,False,False
/application/zukanlist/zkn_data/zukan_enc_pearl.narc,/application/zukanlist/zkn_data/zukan_enc_pearl.narc!/member_03854,0,/application/zukanlist/zkn_data/zukan_enc_pearl.narc,92,3854,,65224,65228,25540,25544,4,df3f619804a92fdb4057192dc43dd748ea778adc52bc498ce80524c014b81119,00000000,,,,,False,,,,,,,,,,False,False
/application/zukanlist/zkn_data/zukan_enc_pearl.narc,/application/zukanlist/zkn_data/zukan_enc_pearl.narc!/member_03855,0,/application/zukanlist/zkn_data/zukan_enc_pearl.narc,92,3855,,65228,65232,25544,25548,4,df3f619804a92fdb4057192dc43dd748ea778adc52bc498ce80524c014b81119,00000000,,,,,False,,,,,,,,,,False,False
/application/zukanlist/zkn_data/zukan_enc_pearl.narc,/application/zukanlist/zkn_data/zukan_enc_pearl.narc!/member_03856,0,/application/zukanlist/zkn_data/zukan_enc_pearl.narc,92,3856,,65232,65236,25548,25552,4,df3f619804a92fdb4057192dc43dd748ea778adc52bc498ce80524c014b81119,00000000,,,,,False,,,,,,,,,,False,False
/application/zukanlist/zkn_data/zukan_enc_pearl.narc,/application/zukanlist/zkn_data/zukan_enc_pearl.narc!/member_03857,0,/application/zukanlist/zkn_data/zukan_enc_pearl.narc,92,3857,,65236,65240,25552,25556,4,df3f619804a92fdb4057192dc43dd748ea778adc52bc498ce80524c014b81119,00000000,,,,,False,,,,,,,,,,False,False
/application/zukanlist/zkn_data/zukan_enc_pearl.narc,/application/zukanlist/zkn_data/zukan_enc_pearl.narc!/member_03858,0,/application/zukanlist/zkn_data/zukan_enc_pearl.narc,92,3858,,65240,65244,25556,25560,4,df3f619804a92fdb4057192dc43dd748ea778adc52bc498ce80524c014b81119,00000000,,,,,False,,,,,,,,,,False,False
/application/zukanlist/zkn_data/zukan_enc_pearl.narc,/application/zukanlist/zkn_data/zukan_enc_pearl.narc!/member_03859,0,/application/zukanlist/zkn_data/zukan_enc_pearl.narc,92,3859,,65244,65248,25560,25564,4,df3f619804a92fdb4057192dc43dd748ea778adc52bc498ce80524c014b81119,00000000,,,,,False,,,,,,,,,,False,False
/application/zukanlist/zkn_data/zukan_enc_pearl.narc,/application/zukanlist/zkn_data/zukan_enc_pearl.narc!/member_03860,0,/application/zukanlist/zkn_data/zukan_enc_pearl.narc,92,3860,,65248,65252,25564,25568,4,df3f619804a92fdb4057192dc43dd748ea778adc52bc498ce80524c014b81119,00000000,,,,,False,,,,,,,,,,False,False
/application/zukanlist/zkn_data/zukan_enc_pearl.narc,/application/zukanlist/zkn_data/zukan_enc_pearl.narc!/member_03861,0,/application/zukanlist/zkn_data/zukan_enc_pearl.narc,92,3861,,65252,65256,25568,25572,4,df3f619804a92fdb4057192dc43dd748ea778adc52bc498ce80524c014b81119,00000000,,,,,False,,,,,,,,,,False,False
/application/zukanlist/zkn_data/zukan_enc_pearl.narc,/application/zukanlist/zkn_data/zukan_enc_pearl.narc!/member_03862,0,/application/zukanlist/zkn_data/zukan_enc_pearl.narc,92,3862,,65256,65260,25572,25576,4,df3f619804a92fdb4057192dc43dd748ea778adc52bc498ce80524c014b81119,00000000,,,,,False,,,,,,,,,,False,False
/application/zukanlist/zkn_data/zukan_enc_pearl.narc,/application/zukanlist/zkn_data/zukan_enc_pearl.narc!/member_03863,0,/application/zukanlist/zkn_data/zukan_enc_pearl.narc,92,3863,,65260,65264,25576,25580,4,df3f619804a92fdb4057192dc43dd748ea778adc52bc498ce80524c014b81119,00000000,,,,,False,,,,,,,,,,False,False
/application/zukanlist/zkn_data/zukan_enc_pearl.narc,/application/zukanlist/zkn_data/zukan_enc_pearl.narc!/member_03864,0,/application/zukanlist/zkn_data/zukan_enc_pearl.narc,92,3864,,65264,65268,25580,25584,4,df3f619804a92fdb4057192dc43dd748ea778adc52bc498ce80524c014b81119,00000000,,,,,False,,,,,,,,,,False,False
/application/zukanlist/zkn_data/zukan_enc_pearl.narc,/application/zukanlist/zkn_data/zukan_enc_pearl.narc!/member_03865,0,/application/zukanlist/zkn_data/zukan_enc_pearl.narc,92,3865,,65268,65300,25584,25616,32,58e35f8c94f597d29dd53bef00a39388f10fb496032325777eaf4dfdc8831d67,0c0000000d0000000e0000000f000000,,,,,False,,,,,,,,,,False,False
/application/zukanlist/zkn_data/zukan_enc_pearl.narc,/application/zukanlist/zkn_data/zukan_enc_pearl.narc!/member_03866,0,/application/zukanlist/zkn_data/zukan_enc_pearl.narc,92,3866,,65300,65316,25616,25632,16,67c8870d57681806804e19c0f574413890c017fd0c27f177799f147af4fbaa34,0a000000160000001b00000000000000,,,,,False,,,,,,,,,,False,False
/application/zukanlist/zkn_data/zukan_enc_pearl.narc,/application/zukanlist/zkn_data/zukan_enc_pearl.narc!/member_03867,0,/application/zukanlist/zkn_data/zukan_enc_pearl.narc,92,3867,,65316,65320,25632,25636,4,df3f619804a92fdb4057192dc43dd748ea778adc52bc498ce80524c014b81119,00000000,,,,,False,,,,,,,,,,False,False
/application/zukanlist/zkn_data/zukan_enc_pearl.narc,/application/zukanlist/zkn_data/zukan_enc_pearl.narc!/member_03868,0,/application/zukanlist/zkn_data/zukan_enc_pearl.narc,92,3868,,65320,65364,25636,25680,44,58e1dd30dcd45e16a23117b800a6c664f481e0e8f2525affdfc8fa90d1e664c4,060000000c0000000d0000000e000000,,,,,False,,,,,,,,,,False,False
/application/zukanlist/zkn_data/zukan_enc_pearl.narc,/application/zukanlist/zkn_data/zukan_enc_pearl.narc!/member_03869,0,/application/zukanlist/zkn_data/zukan_enc_pearl.narc,92,3869,,65364,65388,25680,25704,24,a541accc6c7fb61ccf5aa160b4a1deecb0addd840ca4246c685336eace93b614,0a000000150000001600000018000000,,,,,False,,,,,,,,,,False,False
/application/zukanlist/zkn_data/zukan_enc_pearl.narc,/application/zukanlist/zkn_data/zukan_enc_pearl.narc!/member_03870,0,/application/zukanlist/zkn_data/zukan_enc_pearl.narc,92,3870,,65388,65412,25704,25728,24,bfb6c5a4fa210d4b844ace7b9366c9bb37cfa38948ec7f550625c7e14dd173bb,0d0000000e0000000f00000010000000,,,,,False,,,,,,,,,,False,False
/application/zukanlist/zkn_data/zukan_enc_pearl.narc,/application/zukanlist/zkn_data/zukan_enc_pearl.narc!/member_03871,0,/application/zukanlist/zkn_data/zukan_enc_pearl.narc,92,3871,,65412,65444,25728,25760,32,768ba94465a54897af04b9a4eba8e19a79c1c5c7ec3c39f3e0db478c5a64bbab,0a00000013000000170000001b000000,,,,,False,,,,,,,,,,False,False
/application/zukanlist/zkn_data/zukan_enc_pearl.narc,/application/zukanlist/zkn_data/zukan_enc_pearl.narc!/member_03872,0,/application/zukanlist/zkn_data/zukan_enc_pearl.narc,92,3872,,65444,65468,25760,25784,24,71077adb4ffed066ba29ac8b208fa256bda463c2ab279aadb1e09ca66b26d255,070000000d0000000e0000000f000000,,,,,False,,,,,,,,,,False,False
/application/zukanlist/zkn_data/zukan_enc_pearl.narc,/application/zukanlist/zkn_data/zukan_enc_pearl.narc!/member_03873,0,/application/zukanlist/zkn_data/zukan_enc_pearl.narc,92,3873,,65468,65476,25784,25792,8,aae89fc0f03e2959ae4d701a80cc3915918c950b159f6abb6c92c1433b1a8534,0700000000000000,,,,,False,,,,,,,,,,False,False
/application/zukanlist/zkn_data/zukan_enc_pearl.narc,/application/zukanlist/zkn_data/zukan_enc_pearl.narc!/member_03874,0,/application/zukanlist/zkn_data/zukan_enc_pearl.narc,92,3874,,65476,65480,25792,25796,4,df3f619804a92fdb4057192dc43dd748ea778adc52bc498ce80524c014b81119,00000000,,,,,False,,,,,,,,,,False,False
/application/zukanlist/zkn_data/zukan_enc_pearl.narc,/application/zukanlist/zkn_data/zukan_enc_pearl.narc!/member_03875,0,/application/zukanlist/zkn_data/zukan_enc_pearl.narc,92,3875,,65480,65496,25796,25812,16,16e2ac4eebf44be2ced83a1a41679c6a3261f198ae653e0829b7288ed426bbcc,0f000000100000001b00000000000000,,,,,False,,,,,,,,,,False,False
/application/zukanlist/zkn_data/zukan_enc_pearl.narc,/application/zukanlist/zkn_data/zukan_enc_pearl.narc!/member_03876,0,/application/zukanlist/zkn_data/zukan_enc_pearl.narc,92,3876,,65496,65500,25812,25816,4,df3f619804a92fdb4057192dc43dd748ea778adc52bc498ce80524c014b81119,00000000,,,,,False,,,,,,,,,,False,False
/application/zukanlist/zkn_data/zukan_enc_pearl.narc,/application/zukanlist/zkn_data/zukan_enc_pearl.narc!/member_03877,0,/application/zukanlist/zkn_data/zukan_enc_pearl.narc,92,3877,,65500,65504,25816,25820,4,df3f619804a92fdb4057192dc43dd748ea778adc52bc498ce80524c014b81119,00000000,,,,,False,,,,,,,,,,False,False
/application/zukanlist/zkn_data/zukan_enc_pearl.narc,/application/zukanlist/zkn_data/zukan_enc_pearl.narc!/member_03878,0,/application/zukanlist/zkn_data/zukan_enc_pearl.narc,92,3878,,65504,65508,25820,25824,4,df3f619804a92fdb4057192dc43dd748ea778adc52bc498ce80524c014b81119,00000000,,,,,False,,,,,,,,,,False,False
/application/zukanlist/zkn_data/zukan_enc_pearl.narc,/application/zukanlist/zkn_data/zukan_enc_pearl.narc!/member_03879,0,/application/zukanlist/zkn_data/zukan_enc_pearl.narc,92,3879,,65508,65512,25824,25828,4,df3f619804a92fdb4057192dc43dd748ea778adc52bc498ce80524c014b81119,00000000,,,,,False,,,,,,,,,,False,False
/application/zukanlist/zkn_data/zukan_enc_pearl.narc,/application/zukanlist/zkn_data/zukan_enc_pearl.narc!/member_03880,0,/application/zukanlist/zkn_data/zukan_enc_pearl.narc,92,3880,,65512,65516,25828,25832,4,df3f619804a92fdb4057192dc43dd748ea778adc52bc498ce80524c014b81119,00000000,,,,,False,,,,,,,,,,False,False
/application/zukanlist/zkn_data/zukan_enc_pearl.narc,/application/zukanlist/zkn_data/zukan_enc_pearl.narc!/member_03881,0,/application/zukanlist/zkn_data/zukan_enc_pearl.narc,92,3881,,65516,65520,25832,25836,4,df3f619804a92fdb4057192dc43dd748ea778adc52bc498ce80524c014b81119,00000000,,,,,False,,,,,,,,,,False,False
/application/zukanlist/zkn_data/zukan_enc_pearl.narc,/application/zukanlist/zkn_data/zukan_enc_pearl.narc!/member_03882,0,/application/zukanlist/zkn_data/zukan_enc_pearl.narc,92,3882,,65520,65524,25836,25840,4,df3f619804a92fdb4057192dc43dd748ea778adc52bc498ce80524c014b81119,00000000,,,,,False,,,,,,,,,,False,False
/application/zukanlist/zkn_data/zukan_enc_pearl.narc,/application/zukanlist/zkn_data/zukan_enc_pearl.narc!/member_03883,0,/application/zukanlist/zkn_data/zukan_enc_pearl.narc,92,3883,,65524,65528,25840,25844,4,df3f619804a92fdb4057192dc43dd748ea778adc52bc498ce80524c014b81119,00000000,,,,,False,,,,,,,,,,False,False
/application/zukanlist/zkn_data/zukan_enc_pearl.narc,/application/zukanlist/zkn_data/zukan_enc_pearl.narc!/member_03884,0,/application/zukanlist/zkn_data/zukan_enc_pearl.narc,92,3884,,65528,65532,25844,25848,4,df3f619804a92fdb4057192dc43dd748ea778adc52bc498ce80524c014b81119,00000000,,,,,False,,,,,,,,,,False,False
/application/zukanlist/zkn_data/zukan_enc_pearl.narc,/application/zukanlist/zkn_data/zukan_enc_pearl.narc!/member_03885,0,/application/zukanlist/zkn_data/zukan_enc_pearl.narc,92,3885,,65532,65536,25848,25852,4,df3f619804a92fdb4057192dc43dd748ea778adc52bc498ce80524c014b81119,00000000,,,,,False,,,,,,,,,,False,False
/application/zukanlist/zkn_data/zukan_enc_pearl.narc,/application/zukanlist/zkn_data/zukan_enc_pearl.narc!/member_03886,0,/application/zukanlist/zkn_data/zukan_enc_pearl.narc,92,3886,,65536,65556,25852,25872,20,a53d6fa44ecc448f940b203892c6b7370297bced96c55f77650ab0b0d47bf7b8,06000000070000001100000012000000,,,,,False,,,,,,,,,,False,False
/application/zukanlist/zkn_data/zukan_enc_pearl.narc,/application/zukanlist/zkn_data/zukan_enc_pearl.narc!/member_03887,0,/application/zukanlist/zkn_data/zukan_enc_pearl.narc,92,3887,,65556,65580,25872,25896,24,5e14b8fc36acef66f64f0a0cac3d3206b13d078815858aeeab6e1947ad8c905e,0600000011000000120000001d000000,,,,,False,,,,,,,,,,False,False
/application/zukanlist/zkn_data/zukan_enc_pearl.narc,/application/zukanlist/zkn_data/zukan_enc_pearl.narc!/member_03888,0,/application/zukanlist/zkn_data/zukan_enc_pearl.narc,92,3888,,65580,65612,25896,25928,32,74dc6b08d26dc12f71ec44d34d2accebcf20e8406f12d7a87184fad8eca4dea6,070000001d0000002200000024000000,,,,,False,,,,,,,,,,False,False
/application/zukanlist/zkn_data/zukan_enc_pearl.narc,/application/zukanlist/zkn_data/zukan_enc_pearl.narc!/member_03889,0,/application/zukanlist/zkn_data/zukan_enc_pearl.narc,92,3889,,65612,65616,25928,25932,4,df3f619804a92fdb4057192dc43dd748ea778adc52bc498ce80524c014b81119,00000000,,,,,False,,,,,,,,,,False,False
/application/zukanlist/zkn_data/zukan_enc_pearl.narc,/application/zukanlist/zkn_data/zukan_enc_pearl.narc!/member_03890,0,/application/zukanlist/zkn_data/zukan_enc_pearl.narc,92,3890,,65616,65620,25932,25936,4,df3f619804a92fdb4057192dc43dd748ea778adc52bc498ce80524c014b81119,00000000,,,,,False,,,,,,,,,,False,False
/application/zukanlist/zkn_data/zukan_enc_pearl.narc,/application/zukanlist/zkn_data/zukan_enc_pearl.narc!/member_03891,0,/application/zukanlist/zkn_data/zukan_enc_pearl.narc,92,3891,,65620,65656,25936,25972,36,fb5acd99524f5dbe261e5e197bf8fd0fe6d5079dd79df24277bd4c7ad3e13b0d,06000000070000001100000012000000,,,,,False,,,,,,,,,,False,False
/application/zukanlist/zkn_data/zukan_enc_pearl.narc,/application/zukanlist/zkn_data/zukan_enc_pearl.narc!/member_03892,0,/application/zukanlist/zkn_data/zukan_enc_pearl.narc,92,3892,,65656,65684,25972,26000,28,bcd0feea2d7014c0defc95c06466e23d070338aa6fda60750efb5eb9890b628f,07000000220000002400000025000000,,,,,False,,,,,,,,,,False,False
/application/zukanlist/zkn_data/zukan_enc_pearl.narc,/application/zukanlist/zkn_data/zukan_enc_pearl.narc!/member_03893,0,/application/zukanlist/zkn_data/zukan_enc_pearl.narc,92,3893,,65684,65688,26000,26004,4,df3f619804a92fdb4057192dc43dd748ea778adc52bc498ce80524c014b81119,00000000,,,,,False,,,,,,,,,,False,False
/application/zukanlist/zkn_data/zukan_enc_pearl.narc,/application/zukanlist/zkn_data/zukan_enc_pearl.narc!/member_03894,0,/application/zukanlist/zkn_data/zukan_enc_pearl.narc,92,3894,,65688,65692,26004,26008,4,df3f619804a92fdb4057192dc43dd748ea778adc52bc498ce80524c014b81119,00000000,,,,,False,,,,,,,,,,False,False
/application/zukanlist/zkn_data/zukan_enc_pearl.narc,/application/zukanlist/zkn_data/zukan_enc_pearl.narc!/member_03895,0,/application/zukanlist/zkn_data/zukan_enc_pearl.narc,92,3895,,65692,65696,26008,26012,4,df3f619804a92fdb4057192dc43dd748ea778adc52bc498ce80524c014b81119,00000000,,,,,False,,,,,,,,,,False,False
/application/zukanlist/zkn_data/zukan_enc_pearl.narc,/application/zukanlist/zkn_data/zukan_enc_pearl.narc!/member_03896,0,/application/zukanlist/zkn_data/zukan_enc_pearl.narc,92,3896,,65696,65700,26012,26016,4,df3f619804a92fdb4057192dc43dd748ea778adc52bc498ce80524c014b81119,00000000,,,,,False,,,,,,,,,,False,False
/application/zukanlist/zkn_data/zukan_enc_pearl.narc,/application/zukanlist/zkn_data/zukan_enc_pearl.narc!/member_03897,0,/application/zukanlist/zkn_data/zukan_enc_pearl.narc,92,3897,,65700,65704,26016,26020,4,df3f619804a92fdb4057192dc43dd748ea778adc52bc498ce80524c014b81119,00000000,,,,,False,,,,,,,,,,False,False
/application/zukanlist/zkn_data/zukan_enc_pearl.narc,/application/zukanlist/zkn_data/zukan_enc_pearl.narc!/member_03898,0,/application/zukanlist/zkn_data/zukan_enc_pearl.narc,92,3898,,65704,65708,26020,26024,4,df3f619804a92fdb4057192dc43dd748ea778adc52bc498ce80524c014b81119,00000000,,,,,False,,,,,,,,,,False,False
/application/zukanlist/zkn_data/zukan_enc_pearl.narc,/application/zukanlist/zkn_data/zukan_enc_pearl.narc!/member_03899,0,/application/zukanlist/zkn_data/zukan_enc_pearl.narc,92,3899,,65708,65712,26024,26028,4,df3f619804a92fdb4057192dc43dd748ea778adc52bc498ce80524c014b81119,00000000,,,,,False,,,,,,,,,,False,False
/application/zukanlist/zkn_data/zukan_enc_pearl.narc,/application/zukanlist/zkn_data/zukan_enc_pearl.narc!/member_03900,0,/application/zukanlist/zkn_data/zukan_enc_pearl.narc,92,3900,,65712,65724,26028,26040,12,e62cad2a143d0040514d566eefc5b202ac4bf902ec8ce6223bf2f2be30309b4a,220000002500000000000000,,,,,False,,,,,,,,,,False,False
/application/zukanlist/zkn_data/zukan_enc_pearl.narc,/application/zukanlist/zkn_data/zukan_enc_pearl.narc!/member_03901,0,/application/zukanlist/zkn_data/zukan_enc_pearl.narc,92,3901,,65724,65736,26040,26052,12,f83cafef8a68b76f3a811dde2980d2263e3ca97302167c91a0a1b6e7adefc936,250000002a00000000000000,,,,,False,,,,,,,,,,False,False
/application/zukanlist/zkn_data/zukan_enc_pearl.narc,/application/zukanlist/zkn_data/zukan_enc_pearl.narc!/member_03902,0,/application/zukanlist/zkn_data/zukan_enc_pearl.narc,92,3902,,65736,65748,26052,26064,12,ac3e17cb10b4670f60ed7a4f69280ccd605c82307a548ac46547d4918619781d,190000001a00000000000000,,,,,False,,,,,,,,,,False,False
/application/zukanlist/zkn_data/zukan_enc_pearl.narc,/application/zukanlist/zkn_data/zukan_enc_pearl.narc!/member_03903,0,/application/zukanlist/zkn_data/zukan_enc_pearl.narc,92,3903,,65748,65752,26064,26068,4,df3f619804a92fdb4057192dc43dd748ea778adc52bc498ce80524c014b81119,00000000,,,,,False,,,,,,,,,,False,False
/application/zukanlist/zkn_data/zukan_enc_pearl.narc,/application/zukanlist/zkn_data/zukan_enc_pearl.narc!/member_03904,0,/application/zukanlist/zkn_data/zukan_enc_pearl.narc,92,3904,,65752,65756,26068,26072,4,df3f619804a92fdb4057192dc43dd748ea778adc52bc498ce80524c014b81119,00000000,,,,,False,,,,,,,,,,False,False
/application/zukanlist/zkn_data/zukan_enc_pearl.narc,/application/zukanlist/zkn_data/zukan_enc_pearl.narc!/member_03905,0,/application/zukanlist/zkn_data/zukan_enc_pearl.narc,92,3905,,65756,65764,26072,26080,8,1023cd53096fa66c8a605b9cd21f77cb3f8cd12f855482b27c01e85c95b9515f,1300000000000000,,,,,False,,,,,,,,,,False,False
/application/zukanlist/zkn_data/zukan_enc_pearl.narc,/application/zukanlist/zkn_data/zukan_enc_pearl.narc!/member_03906,0,/application/zukanlist/zkn_data/zukan_enc_pearl.narc,92,3906,,65764,65768,26080,26084,4,df3f619804a92fdb4057192dc43dd748ea778adc52bc498ce80524c014b81119,00000000,,,,,False,,,,,,,,,,False,False
/application/zukanlist/zkn_data/zukan_enc_pearl.narc,/application/zukanlist/zkn_data/zukan_enc_pearl.narc!/member_03907,0,/application/zukanlist/zkn_data/zukan_enc_pearl.narc,92,3907,,65768,65780,26084,26096,12,8274d6cd5c457eb9d21d15ef7fc534c460554c75de83491091c05d37d1934bf7,160000001700000000000000,,,,,False,,,,,,,,,,False,False
/application/zukanlist/zkn_data/zukan_enc_pearl.narc,/application/zukanlist/zkn_data/zukan_enc_pearl.narc!/member_03908,0,/application/zukanlist/zkn_data/zukan_enc_pearl.narc,92,3908,,65780,65784,26096,26100,4,df3f619804a92fdb4057192dc43dd748ea778adc52bc498ce80524c014b81119,00000000,,,,,False,,,,,,,,,,False,False
/application/zukanlist/zkn_data/zukan_enc_pearl.narc,/application/zukanlist/zkn_data/zukan_enc_pearl.narc!/member_03909,0,/application/zukanlist/zkn_data/zukan_enc_pearl.narc,92,3909,,65784,65788,26100,26104,4,df3f619804a92fdb4057192dc43dd748ea778adc52bc498ce80524c014b81119,00000000,,,,,False,,,,,,,,,,False,False
/application/zukanlist/zkn_data/zukan_enc_pearl.narc,/application/zukanlist/zkn_data/zukan_enc_pearl.narc!/member_03910,0,/application/zukanlist/zkn_data/zukan_enc_pearl.narc,92,3910,,65788,65792,26104,26108,4,df3f619804a92fdb4057192dc43dd748ea778adc52bc498ce80524c014b81119,00000000,,,,,False,,,,,,,,,,False,False
/application/zukanlist/zkn_data/zukan_enc_pearl.narc,/application/zukanlist/zkn_data/zukan_enc_pearl.narc!/member_03911,0,/application/zukanlist/zkn_data/zukan_enc_pearl.narc,92,3911,,65792,65796,26108,26112,4,df3f619804a92fdb4057192dc43dd748ea778adc52bc498ce80524c014b81119,00000000,,,,,False,,,,,,,,,,False,False
/application/zukanlist/zkn_data/zukan_enc_pearl.narc,/application/zukanlist/zkn_data/zukan_enc_pearl.narc!/member_03912,0,/application/zukanlist/zkn_data/zukan_enc_pearl.narc,92,3912,,65796,65800,26112,26116,4,df3f619804a92fdb4057192dc43dd748ea778adc52bc498ce80524c014b81119,00000000,,,,,False,,,,,,,,,,False,False
/application/zukanlist/zkn_data/zukan_enc_pearl.narc,/application/zukanlist/zkn_data/zukan_enc_pearl.narc!/member_03913,0,/application/zukanlist/zkn_data/zukan_enc_pearl.narc,92,3913,,65800,65804,26116,26120,4,df3f619804a92fdb4057192dc43dd748ea778adc52bc498ce80524c014b81119,00000000,,,,,False,,,,,,,,,,False,False
/application/zukanlist/zkn_data/zukan_enc_pearl.narc,/application/zukanlist/zkn_data/zukan_enc_pearl.narc!/member_03914,0,/application/zukanlist/zkn_data/zukan_enc_pearl.narc,92,3914,,65804,65808,26120,26124,4,df3f619804a92fdb4057192dc43dd748ea778adc52bc498ce80524c014b81119,00000000,,,,,False,,,,,,,,,,False,False
/application/zukanlist/zkn_data/zukan_enc_pearl.narc,/application/zukanlist/zkn_data/zukan_enc_pearl.narc!/member_03915,0,/application/zukanlist/zkn_data/zukan_enc_pearl.narc,92,3915,,65808,65812,26124,26128,4,df3f619804a92fdb4057192dc43dd748ea778adc52bc498ce80524c014b81119,00000000,,,,,False,,,,,,,,,,False,False
/application/zukanlist/zkn_data/zukan_enc_pearl.narc,/application/zukanlist/zkn_data/zukan_enc_pearl.narc!/member_03916,0,/application/zukanlist/zkn_data/zukan_enc_pearl.narc,92,3916,,65812,65816,26128,26132,4,df3f619804a92fdb4057192dc43dd748ea778adc52bc498ce80524c014b81119,00000000,,,,,False,,,,,,,,,,False,False
/application/zukanlist/zkn_data/zukan_enc_pearl.narc,/application/zukanlist/zkn_data/zukan_enc_pearl.narc!/member_03917,0,/application/zukanlist/zkn_data/zukan_enc_pearl.narc,92,3917,,65816,65820,26132,26136,4,df3f619804a92fdb4057192dc43dd748ea778adc52bc498ce80524c014b81119,00000000,,,,,False,,,,,,,,,,False,False
/application/zukanlist/zkn_data/zukan_enc_pearl.narc,/application/zukanlist/zkn_data/zukan_enc_pearl.narc!/member_03918,0,/application/zukanlist/zkn_data/zukan_enc_pearl.narc,92,3918,,65820,65824,26136,26140,4,df3f619804a92fdb4057192dc43dd748ea778adc52bc498ce80524c014b81119,00000000,,,,,False,,,,,,,,,,False,False
/application/zukanlist/zkn_data/zukan_enc_pearl.narc,/application/zukanlist/zkn_data/zukan_enc_pearl.narc!/member_03919,0,/application/zukanlist/zkn_data/zukan_enc_pearl.narc,92,3919,,65824,65832,26140,26148,8,b8282e78d87c2a42f7c0f5b543c0d7760d3fe5a3860a25c20ec57ddaa4d80b81,2900000000000000,,,,,False,,,,,,,,,,False,False
/application/zukanlist/zkn_data/zukan_enc_pearl.narc,/application/zukanlist/zkn_data/zukan_enc_pearl.narc!/member_03920,0,/application/zukanlist/zkn_data/zukan_enc_pearl.narc,92,3920,,65832,65836,26148,26152,4,df3f619804a92fdb4057192dc43dd748ea778adc52bc498ce80524c014b81119,00000000,,,,,False,,,,,,,,,,False,False
/application/zukanlist/zkn_data/zukan_enc_pearl.narc,/application/zukanlist/zkn_data/zukan_enc_pearl.narc!/member_03921,0,/application/zukanlist/zkn_data/zukan_enc_pearl.narc,92,3921,,65836,65840,26152,26156,4,df3f619804a92fdb4057192dc43dd748ea778adc52bc498ce80524c014b81119,00000000,,,,,False,,,,,,,,,,False,False
/application/zukanlist/zkn_data/zukan_enc_pearl.narc,/application/zukanlist/zkn_data/zukan_enc_pearl.narc!/member_03922,0,/application/zukanlist/zkn_data/zukan_enc_pearl.narc,92,3922,,65840,65844,26156,26160,4,df3f619804a92fdb4057192dc43dd748ea778adc52bc498ce80524c014b81119,00000000,,,,,False,,,,,,,,,,False,False
/application/zukanlist/zkn_data/zukan_enc_pearl.narc,/application/zukanlist/zkn_data/zukan_enc_pearl.narc!/member_03923,0,/application/zukanlist/zkn_data/zukan_enc_pearl.narc,92,3923,,65844,65848,26160,26164,4,df3f619804a92fdb4057192dc43dd748ea778adc52bc498ce80524c014b81119,00000000,,,,,False,,,,,,,,,,False,False
/application/zukanlist/zkn_data/zukan_enc_pearl.narc,/application/zukanlist/zkn_data/zukan_enc_pearl.narc!/member_03924,0,/application/zukanlist/zkn_data/zukan_enc_pearl.narc,92,3924,,65848,65852,26164,26168,4,df3f619804a92fdb4057192dc43dd748ea778adc52bc498ce80524c014b81119,00000000,,,,,False,,,,,,,,,,False,False
/application/zukanlist/zkn_data/zukan_enc_pearl.narc,/application/zukanlist/zkn_data/zukan_enc_pearl.narc!/member_03925,0,/application/zukanlist/zkn_data/zukan_enc_pearl.narc,92,3925,,65852,65892,26168,26208,40,78393e2e40f0d37458afc810745a88523a2177b36ce8a9297092a2d7872a97ad,01000000060000000700000009000000,,,,,False,,,,,,,,,,False,False
/application/zukanlist/zkn_data/zukan_enc_pearl.narc,/application/zukanlist/zkn_data/zukan_enc_pearl.narc!/member_03926,0,/application/zukanlist/zkn_data/zukan_enc_pearl.narc,92,3926,,65892,65932,26208,26248,40,78393e2e40f0d37458afc810745a88523a2177b36ce8a9297092a2d7872a97ad,01000000060000000700000009000000,,,,,False,,,,,,,,,,False,False
/application/zukanlist/zkn_data/zukan_enc_pearl.narc,/application/zukanlist/zkn_data/zukan_enc_pearl.narc!/member_03927,0,/application/zukanlist/zkn_data/zukan_enc_pearl.narc,92,3927,,65932,65944,26248,26260,12,26a5532b091f58beecbf3cc3f469a74c57f00e27dcf481628757aab80bdf8e0a,040000002f00000000000000,,,,,False,,,,,,,,,,False,False
/application/zukanlist/zkn_data/zukan_enc_pearl.narc,/application/zukanlist/zkn_data/zukan_enc_pearl.narc!/member_03928,0,/application/zukanlist/zkn_data/zukan_enc_pearl.narc,92,3928,,65944,65960,26260,26276,16,f2578d6ab3f7d6034fa63ec3e6dd43add5c54ca3f83107f42a3b19e64bc9720a,0b000000200000002100000000000000,,,,,False,,,,,,,,,,False,False
/application/zukanlist/zkn_data/zukan_enc_pearl.narc,/application/zukanlist/zkn_data/zukan_enc_pearl.narc!/member_03929,0,/application/zukanlist/zkn_data/zukan_enc_pearl.narc,92,3929,,65960,65964,26276,26280,4,df3f619804a92fdb4057192dc43dd748ea778adc52bc498ce80524c014b81119,00000000,,,,,False,,,,,,,,,,False,False
/application/zukanlist/zkn_data/zukan_enc_pearl.narc,/application/zukanlist/zkn_data/zukan_enc_pearl.narc!/member_03930,0,/application/zukanlist/zkn_data/zukan_enc_pearl.narc,92,3930,,65964,65968,26280,26284,4,df3f619804a92fdb4057192dc43dd748ea778adc52bc498ce80524c014b81119,00000000,,,,,False,,,,,,,,,,False,False
/application/zukanlist/zkn_data/zukan_enc_pearl.narc,/application/zukanlist/zkn_data/zukan_enc_pearl.narc!/member_03931,0,/application/zukanlist/zkn_data/zukan_enc_pearl.narc,92,3931,,65968,65972,26284,26288,4,df3f619804a92fdb4057192dc43dd748ea778adc52bc498ce80524c014b81119,00000000,,,,,False,,,,,,,,,,False,False
/application/zukanlist/zkn_data/zukan_enc_pearl.narc,/application/zukanlist/zkn_data/zukan_enc_pearl.narc!/member_03932,0,/application/zukanlist/zkn_data/zukan_enc_pearl.narc,92,3932,,65972,65976,26288,26292,4,df3f619804a92fdb4057192dc43dd748ea778adc52bc498ce80524c014b81119,00000000,,,,,False,,,,,,,,,,False,False
/application/zukanlist/zkn_data/zukan_enc_pearl.narc,/application/zukanlist/zkn_data/zukan_enc_pearl.narc!/member_03933,0,/application/zukanlist/zkn_data/zukan_enc_pearl.narc,92,3933,,65976,65980,26292,26296,4,df3f619804a92fdb4057192dc43dd748ea778adc52bc498ce80524c014b81119,00000000,,,,,False,,,,,,,,,,False,False
/application/zukanlist/zkn_data/zukan_enc_pearl.narc,/application/zukanlist/zkn_data/zukan_enc_pearl.narc!/member_03934,0,/application/zukanlist/zkn_data/zukan_enc_pearl.narc,92,3934,,65980,65984,26296,26300,4,df3f619804a92fdb4057192dc43dd748ea778adc52bc498ce80524c014b81119,00000000,,,,,False,,,,,,,,,,False,False
/application/zukanlist/zkn_data/zukan_enc_pearl.narc,/application/zukanlist/zkn_data/zukan_enc_pearl.narc!/member_03935,0,/application/zukanlist/zkn_data/zukan_enc_pearl.narc,92,3935,,65984,65988,26300,26304,4,df3f619804a92fdb4057192dc43dd748ea778adc52bc498ce80524c014b81119,00000000,,,,,False,,,,,,,,,,False,False
/application/zukanlist/zkn_data/zukan_enc_pearl.narc,/application/zukanlist/zkn_data/zukan_enc_pearl.narc!/member_03936,0,/application/zukanlist/zkn_data/zukan_enc_pearl.narc,92,3936,,65988,65992,26304,26308,4,df3f619804a92fdb4057192dc43dd748ea778adc52bc498ce80524c014b81119,00000000,,,,,False,,,,,,,,,,False,False
/application/zukanlist/zkn_data/zukan_enc_pearl.narc,/application/zukanlist/zkn_data/zukan_enc_pearl.narc!/member_03937,0,/application/zukanlist/zkn_data/zukan_enc_pearl.narc,92,3937,,65992,65996,26308,26312,4,df3f619804a92fdb4057192dc43dd748ea778adc52bc498ce80524c014b81119,00000000,,,,,False,,,,,,,,,,False,False
/application/zukanlist/zkn_data/zukan_enc_pearl.narc,/application/zukanlist/zkn_data/zukan_enc_pearl.narc!/member_03938,0,/application/zukanlist/zkn_data/zukan_enc_pearl.narc,92,3938,,65996,66000,26312,26316,4,df3f619804a92fdb4057192dc43dd748ea778adc52bc498ce80524c014b81119,00000000,,,,,False,,,,,,,,,,False,False
/application/zukanlist/zkn_data/zukan_enc_pearl.narc,/application/zukanlist/zkn_data/zukan_enc_pearl.narc!/member_03939,0,/application/zukanlist/zkn_data/zukan_enc_pearl.narc,92,3939,,66000,66004,26316,26320,4,df3f619804a92fdb4057192dc43dd748ea778adc52bc498ce80524c014b81119,00000000,,,,,False,,,,,,,,,,False,False
/application/zukanlist/zkn_data/zukan_enc_pearl.narc,/application/zukanlist/zkn_data/zukan_enc_pearl.narc!/member_03940,0,/application/zukanlist/zkn_data/zukan_enc_pearl.narc,92,3940,,66004,66008,26320,26324,4,df3f619804a92fdb4057192dc43dd748ea778adc52bc498ce80524c014b81119,00000000,,,,,False,,,,,,,,,,False,False
/application/zukanlist/zkn_data/zukan_enc_pearl.narc,/application/zukanlist/zkn_data/zukan_enc_pearl.narc!/member_03941,0,/application/zukanlist/zkn_data/zukan_enc_pearl.narc,92,3941,,66008,66012,26324,26328,4,df3f619804a92fdb4057192dc43dd748ea778adc52bc498ce80524c014b81119,00000000,,,,,False,,,,,,,,,,False,False
/application/zukanlist/zkn_data/zukan_enc_pearl.narc,/application/zukanlist/zkn_data/zukan_enc_pearl.narc!/member_03942,0,/application/zukanlist/zkn_data/zukan_enc_pearl.narc,92,3942,,66012,66016,26328,26332,4,df3f619804a92fdb4057192dc43dd748ea778adc52bc498ce80524c014b81119,00000000,,,,,False,,,,,,,,,,False,False
/application/zukanlist/zkn_data/zukan_enc_pearl.narc,/application/zukanlist/zkn_data/zukan_enc_pearl.narc!/member_03943,0,/application/zukanlist/zkn_data/zukan_enc_pearl.narc,92,3943,,66016,66020,26332,26336,4,df3f619804a92fdb4057192dc43dd748ea778adc52bc498ce80524c014b81119,00000000,,,,,False,,,,,,,,,,False,False
/application/zukanlist/zkn_data/zukan_enc_pearl.narc,/application/zukanlist/zkn_data/zukan_enc_pearl.narc!/member_03944,0,/application/zukanlist/zkn_data/zukan_enc_pearl.narc,92,3944,,66020,66024,26336,26340,4,df3f619804a92fdb4057192dc43dd748ea778adc52bc498ce80524c014b81119,00000000,,,,,False,,,,,,,,,,False,False
/application/zukanlist/zkn_data/zukan_enc_pearl.narc,/application/zukanlist/zkn_data/zukan_enc_pearl.narc!/member_03945,0,/application/zukanlist/zkn_data/zukan_enc_pearl.narc,92,3945,,66024,66028,26340,26344,4,df3f619804a92fdb4057192dc43dd748ea778adc52bc498ce80524c014b81119,00000000,,,,,False,,,,,,,,,,False,False
/application/zukanlist/zkn_data/zukan_enc_pearl.narc,/application/zukanlist/zkn_data/zukan_enc_pearl.narc!/member_03946,0,/application/zukanlist/zkn_data/zukan_enc_pearl.narc,92,3946,,66028,66032,26344,26348,4,df3f619804a92fdb4057192dc43dd748ea778adc52bc498ce80524c014b81119,00000000,,,,,False,,,,,,,,,,False,False
/application/zukanlist/zkn_data/zukan_enc_pearl.narc,/application/zukanlist/zkn_data/zukan_enc_pearl.narc!/member_03947,0,/application/zukanlist/zkn_data/zukan_enc_pearl.narc,92,3947,,66032,66036,26348,26352,4,df3f619804a92fdb4057192dc43dd748ea778adc52bc498ce80524c014b81119,00000000,,,,,False,,,,,,,,,,False,False
/application/zukanlist/zkn_data/zukan_enc_pearl.narc,/application/zukanlist/zkn_data/zukan_enc_pearl.narc!/member_03948,0,/application/zukanlist/zkn_data/zukan_enc_pearl.narc,92,3948,,66036,66040,26352,26356,4,df3f619804a92fdb4057192dc43dd748ea778adc52bc498ce80524c014b81119,00000000,,,,,False,,,,,,,,,,False,False
/application/zukanlist/zkn_data/zukan_enc_pearl.narc,/application/zukanlist/zkn_data/zukan_enc_pearl.narc!/member_03949,0,/application/zukanlist/zkn_data/zukan_enc_pearl.narc,92,3949,,66040,66044,26356,26360,4,df3f619804a92fdb4057192dc43dd748ea778adc52bc498ce80524c014b81119,00000000,,,,,False,,,,,,,,,,False,False
/application/zukanlist/zkn_data/zukan_enc_pearl.narc,/application/zukanlist/zkn_data/zukan_enc_pearl.narc!/member_03950,0,/application/zukanlist/zkn_data/zukan_enc_pearl.narc,92,3950,,66044,66048,26360,26364,4,df3f619804a92fdb4057192dc43dd748ea778adc52bc498ce80524c014b81119,00000000,,,,,False,,,,,,,,,,False,False
/application/zukanlist/zkn_data/zukan_enc_pearl.narc,/application/zukanlist/zkn_data/zukan_enc_pearl.narc!/member_03951,0,/application/zukanlist/zkn_data/zukan_enc_pearl.narc,92,3951,,66048,66052,26364,26368,4,df3f619804a92fdb4057192dc43dd748ea778adc52bc498ce80524c014b81119,00000000,,,,,False,,,,,,,,,,False,False
/application/zukanlist/zkn_data/zukan_enc_pearl.narc,/application/zukanlist/zkn_data/zukan_enc_pearl.narc!/member_03952,0,/application/zukanlist/zkn_data/zukan_enc_pearl.narc,92,3952,,66052,66056,26368,26372,4,df3f619804a92fdb4057192dc43dd748ea778adc52bc498ce80524c014b81119,00000000,,,,,False,,,,,,,,,,False,False
/application/zukanlist/zkn_data/zukan_enc_pearl.narc,/application/zukanlist/zkn_data/zukan_enc_pearl.narc!/member_03953,0,/application/zukanlist/zkn_data/zukan_enc_pearl.narc,92,3953,,66056,66060,26372,26376,4,df3f619804a92fdb4057192dc43dd748ea778adc52bc498ce80524c014b81119,00000000,,,,,False,,,,,,,,,,False,False
/application/zukanlist/zkn_data/zukan_enc_pearl.narc,/application/zukanlist/zkn_data/zukan_enc_pearl.narc!/member_03954,0,/application/zukanlist/zkn_data/zukan_enc_pearl.narc,92,3954,,66060,66064,26376,26380,4,df3f619804a92fdb4057192dc43dd748ea778adc52bc498ce80524c014b81119,00000000,,,,,False,,,,,,,,,,False,False
/application/zukanlist/zkn_data/zukan_enc_pearl.narc,/application/zukanlist/zkn_data/zukan_enc_pearl.narc!/member_03955,0,/application/zukanlist/zkn_data/zukan_enc_pearl.narc,92,3955,,66064,66068,26380,26384,4,df3f619804a92fdb4057192dc43dd748ea778adc52bc498ce80524c014b81119,00000000,,,,,False,,,,,,,,,,False,False
/application/zukanlist/zkn_data/zukan_enc_pearl.narc,/application/zukanlist/zkn_data/zukan_enc_pearl.narc!/member_03956,0,/application/zukanlist/zkn_data/zukan_enc_pearl.narc,92,3956,,66068,66072,26384,26388,4,df3f619804a92fdb4057192dc43dd748ea778adc52bc498ce80524c014b81119,00000000,,,,,False,,,,,,,,,,False,False
/application/zukanlist/zkn_data/zukan_enc_pearl.narc,/application/zukanlist/zkn_data/zukan_enc_pearl.narc!/member_03957,0,/application/zukanlist/zkn_data/zukan_enc_pearl.narc,92,3957,,66072,66076,26388,26392,4,df3f619804a92fdb4057192dc43dd748ea778adc52bc498ce80524c014b81119,00000000,,,,,False,,,,,,,,,,False,False
/application/zukanlist/zkn_data/zukan_enc_pearl.narc,/application/zukanlist/zkn_data/zukan_enc_pearl.narc!/member_03958,0,/application/zukanlist/zkn_data/zukan_enc_pearl.narc,92,3958,,66076,66080,26392,26396,4,df3f619804a92fdb4057192dc43dd748ea778adc52bc498ce80524c014b81119,00000000,,,,,False,,,,,,,,,,False,False
/application/zukanlist/zkn_data/zukan_enc_pearl.narc,/application/zukanlist/zkn_data/zukan_enc_pearl.narc!/member_03959,0,/application/zukanlist/zkn_data/zukan_enc_pearl.narc,92,3959,,66080,66084,26396,26400,4,df3f619804a92fdb4057192dc43dd748ea778adc52bc498ce80524c014b81119,00000000,,,,,False,,,,,,,,,,False,False
/application/zukanlist/zkn_data/zukan_enc_pearl.narc,/application/zukanlist/zkn_data/zukan_enc_pearl.narc!/member_03960,0,/application/zukanlist/zkn_data/zukan_enc_pearl.narc,92,3960,,66084,66088,26400,26404,4,df3f619804a92fdb4057192dc43dd748ea778adc52bc498ce80524c014b81119,00000000,,,,,False,,,,,,,,,,False,False
/application/zukanlist/zkn_data/zukan_enc_pearl.narc,/application/zukanlist/zkn_data/zukan_enc_pearl.narc!/member_03961,0,/application/zukanlist/zkn_data/zukan_enc_pearl.narc,92,3961,,66088,66092,26404,26408,4,df3f619804a92fdb4057192dc43dd748ea778adc52bc498ce80524c014b81119,00000000,,,,,False,,,,,,,,,,False,False
/application/zukanlist/zkn_data/zukan_enc_pearl.narc,/application/zukanlist/zkn_data/zukan_enc_pearl.narc!/member_03962,0,/application/zukanlist/zkn_data/zukan_enc_pearl.narc,92,3962,,66092,66096,26408,26412,4,df3f619804a92fdb4057192dc43dd748ea778adc52bc498ce80524c014b81119,00000000,,,,,False,,,,,,,,,,False,False
/application/zukanlist/zkn_data/zukan_enc_pearl.narc,/application/zukanlist/zkn_data/zukan_enc_pearl.narc!/member_03963,0,/application/zukanlist/zkn_data/zukan_enc_pearl.narc,92,3963,,66096,66100,26412,26416,4,df3f619804a92fdb4057192dc43dd748ea778adc52bc498ce80524c014b81119,00000000,,,,,False,,,,,,,,,,False,False
/application/zukanlist/zkn_data/zukan_enc_pearl.narc,/application/zukanlist/zkn_data/zukan_enc_pearl.narc!/member_03964,0,/application/zukanlist/zkn_data/zukan_enc_pearl.narc,92,3964,,66100,66300,26416,26616,200,a3d3159d889be9350a5e2eaac63fc5c65a2685d04dca2c775440e418ce4277e9,01000000020000000300000004000000,,,,,False,,,,,,,,,,False,False
/application/zukanlist/zkn_data/zukan_enc_pearl.narc,/application/zukanlist/zkn_data/zukan_enc_pearl.narc!/member_03965,0,/application/zukanlist/zkn_data/zukan_enc_pearl.narc,92,3965,,66300,66304,26616,26620,4,df3f619804a92fdb4057192dc43dd748ea778adc52bc498ce80524c014b81119,00000000,,,,,False,,,,,,,,,,False,False
/application/zukanlist/zkn_data/zukan_enc_pearl.narc,/application/zukanlist/zkn_data/zukan_enc_pearl.narc!/member_03966,0,/application/zukanlist/zkn_data/zukan_enc_pearl.narc,92,3966,,66304,66308,26620,26624,4,df3f619804a92fdb4057192dc43dd748ea778adc52bc498ce80524c014b81119,00000000,,,,,False,,,,,,,,,,False,False
/application/zukanlist/zkn_data/zukan_enc_pearl.narc,/application/zukanlist/zkn_data/zukan_enc_pearl.narc!/member_03967,0,/application/zukanlist/zkn_data/zukan_enc_pearl.narc,92,3967,,66308,66312,26624,26628,4,df3f619804a92fdb4057192dc43dd748ea778adc52bc498ce80524c014b81119,00000000,,,,,False,,,,,,,,,,False,False
/application/zukanlist/zkn_data/zukan_enc_pearl.narc,/application/zukanlist/zkn_data/zukan_enc_pearl.narc!/member_03968,0,/application/zukanlist/zkn_data/zukan_enc_pearl.narc,92,3968,,66312,66316,26628,26632,4,df3f619804a92fdb4057192dc43dd748ea778adc52bc498ce80524c014b81119,00000000,,,,,False,,,,,,,,,,False,False
/application/zukanlist/zkn_data/zukan_enc_pearl.narc,/application/zukanlist/zkn_data/zukan_enc_pearl.narc!/member_03969,0,/application/zukanlist/zkn_data/zukan_enc_pearl.narc,92,3969,,66316,66320,26632,26636,4,df3f619804a92fdb4057192dc43dd748ea778adc52bc498ce80524c014b81119,00000000,,,,,False,,,,,,,,,,False,False
/application/zukanlist/zkn_data/zukan_enc_pearl.narc,/application/zukanlist/zkn_data/zukan_enc_pearl.narc!/member_03970,0,/application/zukanlist/zkn_data/zukan_enc_pearl.narc,92,3970,,66320,66324,26636,26640,4,df3f619804a92fdb4057192dc43dd748ea778adc52bc498ce80524c014b81119,00000000,,,,,False,,,,,,,,,,False,False
/application/zukanlist/zkn_data/zukan_enc_pearl.narc,/application/zukanlist/zkn_data/zukan_enc_pearl.narc!/member_03971,0,/application/zukanlist/zkn_data/zukan_enc_pearl.narc,92,3971,,66324,66328,26640,26644,4,df3f619804a92fdb4057192dc43dd748ea778adc52bc498ce80524c014b81119,00000000,,,,,False,,,,,,,,,,False,False
/application/zukanlist/zkn_data/zukan_enc_pearl.narc,/application/zukanlist/zkn_data/zukan_enc_pearl.narc!/member_03972,0,/application/zukanlist/zkn_data/zukan_enc_pearl.narc,92,3972,,66328,66332,26644,26648,4,df3f619804a92fdb4057192dc43dd748ea778adc52bc498ce80524c014b81119,00000000,,,,,False,,,,,,,,,,False,False
/application/zukanlist/zkn_data/zukan_enc_pearl.narc,/application/zukanlist/zkn_data/zukan_enc_pearl.narc!/member_03973,0,/application/zukanlist/zkn_data/zukan_enc_pearl.narc,92,3973,,66332,66336,26648,26652,4,df3f619804a92fdb4057192dc43dd748ea778adc52bc498ce80524c014b81119,00000000,,,,,False,,,,,,,,,,False,False
/application/zukanlist/zkn_data/zukan_enc_pearl.narc,/application/zukanlist/zkn_data/zukan_enc_pearl.narc!/member_03974,0,/application/zukanlist/zkn_data/zukan_enc_pearl.narc,92,3974,,66336,66340,26652,26656,4,df3f619804a92fdb4057192dc43dd748ea778adc52bc498ce80524c014b81119,00000000,,,,,False,,,,,,,,,,False,False
/application/zukanlist/zkn_data/zukan_enc_pearl.narc,/application/zukanlist/zkn_data/zukan_enc_pearl.narc!/member_03975,0,/application/zukanlist/zkn_data/zukan_enc_pearl.narc,92,3975,,66340,66344,26656,26660,4,df3f619804a92fdb4057192dc43dd748ea778adc52bc498ce80524c014b81119,00000000,,,,,False,,,,,,,,,,False,False
/application/zukanlist/zkn_data/zukan_enc_pearl.narc,/application/zukanlist/zkn_data/zukan_enc_pearl.narc!/member_03976,0,/application/zukanlist/zkn_data/zukan_enc_pearl.narc,92,3976,,66344,66348,26660,26664,4,df3f619804a92fdb4057192dc43dd748ea778adc52bc498ce80524c014b81119,00000000,,,,,False,,,,,,,,,,False,False
/application/zukanlist/zkn_data/zukan_enc_pearl.narc,/application/zukanlist/zkn_data/zukan_enc_pearl.narc!/member_03977,0,/application/zukanlist/zkn_data/zukan_enc_pearl.narc,92,3977,,66348,66352,26664,26668,4,df3f619804a92fdb4057192dc43dd748ea778adc52bc498ce80524c014b81119,00000000,,,,,False,,,,,,,,,,False,False
/application/zukanlist/zkn_data/zukan_enc_pearl.narc,/application/zukanlist/zkn_data/zukan_enc_pearl.narc!/member_03978,0,/application/zukanlist/zkn_data/zukan_enc_pearl.narc,92,3978,,66352,66356,26668,26672,4,df3f619804a92fdb4057192dc43dd748ea778adc52bc498ce80524c014b81119,00000000,,,,,False,,,,,,,,,,False,False
/application/zukanlist/zkn_data/zukan_enc_pearl.narc,/application/zukanlist/zkn_data/zukan_enc_pearl.narc!/member_03979,0,/application/zukanlist/zkn_data/zukan_enc_pearl.narc,92,3979,,66356,66360,26672,26676,4,df3f619804a92fdb4057192dc43dd748ea778adc52bc498ce80524c014b81119,00000000,,,,,False,,,,,,,,,,False,False
/application/zukanlist/zkn_data/zukan_enc_pearl.narc,/application/zukanlist/zkn_data/zukan_enc_pearl.narc!/member_03980,0,/application/zukanlist/zkn_data/zukan_enc_pearl.narc,92,3980,,66360,66364,26676,26680,4,df3f619804a92fdb4057192dc43dd748ea778adc52bc498ce80524c014b81119,00000000,,,,,False,,,,,,,,,,False,False
/application/zukanlist/zkn_data/zukan_enc_pearl.narc,/application/zukanlist/zkn_data/zukan_enc_pearl.narc!/member_03981,0,/application/zukanlist/zkn_data/zukan_enc_pearl.narc,92,3981,,66364,66368,26680,26684,4,df3f619804a92fdb4057192dc43dd748ea778adc52bc498ce80524c014b81119,00000000,,,,,False,,,,,,,,,,False,False
/application/zukanlist/zkn_data/zukan_enc_pearl.narc,/application/zukanlist/zkn_data/zukan_enc_pearl.narc!/member_03982,0,/application/zukanlist/zkn_data/zukan_enc_pearl.narc,92,3982,,66368,66372,26684,26688,4,df3f619804a92fdb4057192dc43dd748ea778adc52bc498ce80524c014b81119,00000000,,,,,False,,,,,,,,,,False,False
/application/zukanlist/zkn_data/zukan_enc_pearl.narc,/application/zukanlist/zkn_data/zukan_enc_pearl.narc!/member_03983,0,/application/zukanlist/zkn_data/zukan_enc_pearl.narc,92,3983,,66372,66376,26688,26692,4,df3f619804a92fdb4057192dc43dd748ea778adc52bc498ce80524c014b81119,00000000,,,,,False,,,,,,,,,,False,False
/application/zukanlist/zkn_data/zukan_enc_pearl.narc,/application/zukanlist/zkn_data/zukan_enc_pearl.narc!/member_03984,0,/application/zukanlist/zkn_data/zukan_enc_pearl.narc,92,3984,,66376,66380,26692,26696,4,df3f619804a92fdb4057192dc43dd748ea778adc52bc498ce80524c014b81119,00000000,,,,,False,,,,,,,,,,False,False
/application/zukanlist/zkn_data/zukan_enc_pearl.narc,/application/zukanlist/zkn_data/zukan_enc_pearl.narc!/member_03985,0,/application/zukanlist/zkn_data/zukan_enc_pearl.narc,92,3985,,66380,66384,26696,26700,4,df3f619804a92fdb4057192dc43dd748ea778adc52bc498ce80524c014b81119,00000000,,,,,False,,,,,,,,,,False,False
/application/zukanlist/zkn_data/zukan_enc_pearl.narc,/application/zukanlist/zkn_data/zukan_enc_pearl.narc!/member_03986,0,/application/zukanlist/zkn_data/zukan_enc_pearl.narc,92,3986,,66384,66388,26700,26704,4,df3f619804a92fdb4057192dc43dd748ea778adc52bc498ce80524c014b81119,00000000,,,,,False,,,,,,,,,,False,False
/application/zukanlist/zkn_data/zukan_enc_pearl.narc,/application/zukanlist/zkn_data/zukan_enc_pearl.narc!/member_03987,0,/application/zukanlist/zkn_data/zukan_enc_pearl.narc,92,3987,,66388,66392,26704,26708,4,df3f619804a92fdb4057192dc43dd748ea778adc52bc498ce80524c014b81119,00000000,,,,,False,,,,,,,,,,False,False
/application/zukanlist/zkn_data/zukan_enc_pearl.narc,/application/zukanlist/zkn_data/zukan_enc_pearl.narc!/member_03988,0,/application/zukanlist/zkn_data/zukan_enc_pearl.narc,92,3988,,66392,66396,26708,26712,4,df3f619804a92fdb4057192dc43dd748ea778adc52bc498ce80524c014b81119,00000000,,,,,False,,,,,,,,,,False,False
/application/zukanlist/zkn_data/zukan_enc_pearl.narc,/application/zukanlist/zkn_data/zukan_enc_pearl.narc!/member_03989,0,/application/zukanlist/zkn_data/zukan_enc_pearl.narc,92,3989,,66396,66400,26712,26716,4,df3f619804a92fdb4057192dc43dd748ea778adc52bc498ce80524c014b81119,00000000,,,,,False,,,,,,,,,,False,False
/application/zukanlist/zkn_data/zukan_enc_pearl.narc,/application/zukanlist/zkn_data/zukan_enc_pearl.narc!/member_03990,0,/application/zukanlist/zkn_data/zukan_enc_pearl.narc,92,3990,,66400,66404,26716,26720,4,df3f619804a92fdb4057192dc43dd748ea778adc52bc498ce80524c014b81119,00000000,,,,,False,,,,,,,,,,False,False
/application/zukanlist/zkn_data/zukan_enc_pearl.narc,/application/zukanlist/zkn_data/zukan_enc_pearl.narc!/member_03991,0,/application/zukanlist/zkn_data/zukan_enc_pearl.narc,92,3991,,66404,66408,26720,26724,4,df3f619804a92fdb4057192dc43dd748ea778adc52bc498ce80524c014b81119,00000000,,,,,False,,,,,,,,,,False,False
/application/zukanlist/zkn_data/zukan_enc_pearl.narc,/application/zukanlist/zkn_data/zukan_enc_pearl.narc!/member_03992,0,/application/zukanlist/zkn_data/zukan_enc_pearl.narc,92,3992,,66408,66412,26724,26728,4,df3f619804a92fdb4057192dc43dd748ea778adc52bc498ce80524c014b81119,00000000,,,,,False,,,,,,,,,,False,False
/application/zukanlist/zkn_data/zukan_enc_pearl.narc,/application/zukanlist/zkn_data/zukan_enc_pearl.narc!/member_03993,0,/application/zukanlist/zkn_data/zukan_enc_pearl.narc,92,3993,,66412,66416,26728,26732,4,df3f619804a92fdb4057192dc43dd748ea778adc52bc498ce80524c014b81119,00000000,,,,,False,,,,,,,,,,False,False
/application/zukanlist/zkn_data/zukan_enc_pearl.narc,/application/zukanlist/zkn_data/zukan_enc_pearl.narc!/member_03994,0,/application/zukanlist/zkn_data/zukan_enc_pearl.narc,92,3994,,66416,66420,26732,26736,4,df3f619804a92fdb4057192dc43dd748ea778adc52bc498ce80524c014b81119,00000000,,,,,False,,,,,,,,,,False,False
/application/zukanlist/zkn_data/zukan_enc_pearl.narc,/application/zukanlist/zkn_data/zukan_enc_pearl.narc!/member_03995,0,/application/zukanlist/zkn_data/zukan_enc_pearl.narc,92,3995,,66420,66424,26736,26740,4,df3f619804a92fdb4057192dc43dd748ea778adc52bc498ce80524c014b81119,00000000,,,,,False,,,,,,,,,,False,False
/application/zukanlist/zkn_data/zukan_enc_pearl.narc,/application/zukanlist/zkn_data/zukan_enc_pearl.narc!/member_03996,0,/application/zukanlist/zkn_data/zukan_enc_pearl.narc,92,3996,,66424,66428,26740,26744,4,df3f619804a92fdb4057192dc43dd748ea778adc52bc498ce80524c014b81119,00000000,,,,,False,,,,,,,,,,False,False
/application/zukanlist/zkn_data/zukan_enc_pearl.narc,/application/zukanlist/zkn_data/zukan_enc_pearl.narc!/member_03997,0,/application/zukanlist/zkn_data/zukan_enc_pearl.narc,92,3997,,66428,66432,26744,26748,4,df3f619804a92fdb4057192dc43dd748ea778adc52bc498ce80524c014b81119,00000000,,,,,False,,,,,,,,,,False,False
/application/zukanlist/zkn_data/zukan_enc_pearl.narc,/application/zukanlist/zkn_data/zukan_enc_pearl.narc!/member_03998,0,/application/zukanlist/zkn_data/zukan_enc_pearl.narc,92,3998,,66432,66436,26748,26752,4,df3f619804a92fdb4057192dc43dd748ea778adc52bc498ce80524c014b81119,00000000,,,,,False,,,,,,,,,,False,False
/application/zukanlist/zkn_data/zukan_enc_pearl.narc,/application/zukanlist/zkn_data/zukan_enc_pearl.narc!/member_03999,0,/application/zukanlist/zkn_data/zukan_enc_pearl.narc,92,3999,,66436,66440,26752,26756,4,df3f619804a92fdb4057192dc43dd748ea778adc52bc498ce80524c014b81119,00000000,,,,,False,,,,,,,,,,False,False
/application/zukanlist/zkn_data/zukan_enc_pearl.narc,/application/zukanlist/zkn_data/zukan_enc_pearl.narc!/member_04000,0,/application/zukanlist/zkn_data/zukan_enc_pearl.narc,92,4000,,66440,66444,26756,26760,4,df3f619804a92fdb4057192dc43dd748ea778adc52bc498ce80524c014b81119,00000000,,,,,False,,,,,,,,,,False,False
/application/zukanlist/zkn_data/zukan_enc_pearl.narc,/application/zukanlist/zkn_data/zukan_enc_pearl.narc!/member_04001,0,/application/zukanlist/zkn_data/zukan_enc_pearl.narc,92,4001,,66444,66448,26760,26764,4,df3f619804a92fdb4057192dc43dd748ea778adc52bc498ce80524c014b81119,00000000,,,,,False,,,,,,,,,,False,False
/application/zukanlist/zkn_data/zukan_enc_pearl.narc,/application/zukanlist/zkn_data/zukan_enc_pearl.narc!/member_04002,0,/application/zukanlist/zkn_data/zukan_enc_pearl.narc,92,4002,,66448,66452,26764,26768,4,df3f619804a92fdb4057192dc43dd748ea778adc52bc498ce80524c014b81119,00000000,,,,,False,,,,,,,,,,False,False
/application/zukanlist/zkn_data/zukan_enc_pearl.narc,/application/zukanlist/zkn_data/zukan_enc_pearl.narc!/member_04003,0,/application/zukanlist/zkn_data/zukan_enc_pearl.narc,92,4003,,66452,66456,26768,26772,4,df3f619804a92fdb4057192dc43dd748ea778adc52bc498ce80524c014b81119,00000000,,,,,False,,,,,,,,,,False,False
/application/zukanlist/zkn_data/zukan_enc_pearl.narc,/application/zukanlist/zkn_data/zukan_enc_pearl.narc!/member_04004,0,/application/zukanlist/zkn_data/zukan_enc_pearl.narc,92,4004,,66456,66460,26772,26776,4,df3f619804a92fdb4057192dc43dd748ea778adc52bc498ce80524c014b81119,00000000,,,,,False,,,,,,,,,,False,False
/application/zukanlist/zkn_data/zukan_enc_pearl.narc,/application/zukanlist/zkn_data/zukan_enc_pearl.narc!/member_04005,0,/application/zukanlist/zkn_data/zukan_enc_pearl.narc,92,4005,,66460,66464,26776,26780,4,df3f619804a92fdb4057192dc43dd748ea778adc52bc498ce80524c014b81119,00000000,,,,,False,,,,,,,,,,False,False
/application/zukanlist/zkn_data/zukan_enc_pearl.narc,/application/zukanlist/zkn_data/zukan_enc_pearl.narc!/member_04006,0,/application/zukanlist/zkn_data/zukan_enc_pearl.narc,92,4006,,66464,66468,26780,26784,4,df3f619804a92fdb4057192dc43dd748ea778adc52bc498ce80524c014b81119,00000000,,,,,False,,,,,,,,,,False,False
/application/zukanlist/zkn_data/zukan_enc_pearl.narc,/application/zukanlist/zkn_data/zukan_enc_pearl.narc!/member_04007,0,/application/zukanlist/zkn_data/zukan_enc_pearl.narc,92,4007,,66468,66472,26784,26788,4,df3f619804a92fdb4057192dc43dd748ea778adc52bc498ce80524c014b81119,00000000,,,,,False,,,,,,,,,,False,False
/application/zukanlist/zkn_data/zukan_enc_pearl.narc,/application/zukanlist/zkn_data/zukan_enc_pearl.narc!/member_04008,0,/application/zukanlist/zkn_data/zukan_enc_pearl.narc,92,4008,,66472,66476,26788,26792,4,df3f619804a92fdb4057192dc43dd748ea778adc52bc498ce80524c014b81119,00000000,,,,,False,,,,,,,,,,False,False
/application/zukanlist/zkn_data/zukan_enc_pearl.narc,/application/zukanlist/zkn_data/zukan_enc_pearl.narc!/member_04009,0,/application/zukanlist/zkn_data/zukan_enc_pearl.narc,92,4009,,66476,66480,26792,26796,4,df3f619804a92fdb4057192dc43dd748ea778adc52bc498ce80524c014b81119,00000000,,,,,False,,,,,,,,,,False,False
/application/zukanlist/zkn_data/zukan_enc_pearl.narc,/application/zukanlist/zkn_data/zukan_enc_pearl.narc!/member_04010,0,/application/zukanlist/zkn_data/zukan_enc_pearl.narc,92,4010,,66480,66484,26796,26800,4,df3f619804a92fdb4057192dc43dd748ea778adc52bc498ce80524c014b81119,00000000,,,,,False,,,,,,,,,,False,False
/application/zukanlist/zkn_data/zukan_enc_pearl.narc,/application/zukanlist/zkn_data/zukan_enc_pearl.narc!/member_04011,0,/application/zukanlist/zkn_data/zukan_enc_pearl.narc,92,4011,,66484,66488,26800,26804,4,df3f619804a92fdb4057192dc43dd748ea778adc52bc498ce80524c014b81119,00000000,,,,,False,,,,,,,,,,False,False
/application/zukanlist/zkn_data/zukan_enc_pearl.narc,/application/zukanlist/zkn_data/zukan_enc_pearl.narc!/member_04012,0,/application/zukanlist/zkn_data/zukan_enc_pearl.narc,92,4012,,66488,66492,26804,26808,4,df3f619804a92fdb4057192dc43dd748ea778adc52bc498ce80524c014b81119,00000000,,,,,False,,,,,,,,,,False,False
/application/zukanlist/zkn_data/zukan_enc_pearl.narc,/application/zukanlist/zkn_data/zukan_enc_pearl.narc!/member_04013,0,/application/zukanlist/zkn_data/zukan_enc_pearl.narc,92,4013,,66492,66496,26808,26812,4,df3f619804a92fdb4057192dc43dd748ea778adc52bc498ce80524c014b81119,00000000,,,,,False,,,,,,,,,,False,False
/application/zukanlist/zkn_data/zukan_enc_pearl.narc,/application/zukanlist/zkn_data/zukan_enc_pearl.narc!/member_04014,0,/application/zukanlist/zkn_data/zukan_enc_pearl.narc,92,4014,,66496,66500,26812,26816,4,df3f619804a92fdb4057192dc43dd748ea778adc52bc498ce80524c014b81119,00000000,,,,,False,,,,,,,,,,False,False
/application/zukanlist/zkn_data/zukan_enc_pearl.narc,/application/zukanlist/zkn_data/zukan_enc_pearl.narc!/member_04015,0,/application/zukanlist/zkn_data/zukan_enc_pearl.narc,92,4015,,66500,66504,26816,26820,4,df3f619804a92fdb4057192dc43dd748ea778adc52bc498ce80524c014b81119,00000000,,,,,False,,,,,,,,,,False,False
/application/zukanlist/zkn_data/zukan_enc_pearl.narc,/application/zukanlist/zkn_data/zukan_enc_pearl.narc!/member_04016,0,/application/zukanlist/zkn_data/zukan_enc_pearl.narc,92,4016,,66504,66508,26820,26824,4,df3f619804a92fdb4057192dc43dd748ea778adc52bc498ce80524c014b81119,00000000,,,,,False,,,,,,,,,,False,False
/application/zukanlist/zkn_data/zukan_enc_pearl.narc,/application/zukanlist/zkn_data/zukan_enc_pearl.narc!/member_04017,0,/application/zukanlist/zkn_data/zukan_enc_pearl.narc,92,4017,,66508,66512,26824,26828,4,df3f619804a92fdb4057192dc43dd748ea778adc52bc498ce80524c014b81119,00000000,,,,,False,,,,,,,,,,False,False
/application/zukanlist/zkn_data/zukan_enc_pearl.narc,/application/zukanlist/zkn_data/zukan_enc_pearl.narc!/member_04018,0,/application/zukanlist/zkn_data/zukan_enc_pearl.narc,92,4018,,66512,66516,26828,26832,4,df3f619804a92fdb4057192dc43dd748ea778adc52bc498ce80524c014b81119,00000000,,,,,False,,,,,,,,,,False,False
/application/zukanlist/zkn_data/zukan_enc_pearl.narc,/application/zukanlist/zkn_data/zukan_enc_pearl.narc!/member_04019,0,/application/zukanlist/zkn_data/zukan_enc_pearl.narc,92,4019,,66516,66520,26832,26836,4,df3f619804a92fdb4057192dc43dd748ea778adc52bc498ce80524c014b81119,00000000,,,,,False,,,,,,,,,,False,False
/application/zukanlist/zkn_data/zukan_enc_pearl.narc,/application/zukanlist/zkn_data/zukan_enc_pearl.narc!/member_04020,0,/application/zukanlist/zkn_data/zukan_enc_pearl.narc,92,4020,,66520,66524,26836,26840,4,df3f619804a92fdb4057192dc43dd748ea778adc52bc498ce80524c014b81119,00000000,,,,,False,,,,,,,,,,False,False
/application/zukanlist/zkn_data/zukan_enc_pearl.narc,/application/zukanlist/zkn_data/zukan_enc_pearl.narc!/member_04021,0,/application/zukanlist/zkn_data/zukan_enc_pearl.narc,92,4021,,66524,66528,26840,26844,4,df3f619804a92fdb4057192dc43dd748ea778adc52bc498ce80524c014b81119,00000000,,,,,False,,,,,,,,,,False,False
/application/zukanlist/zkn_data/zukan_enc_pearl.narc,/application/zukanlist/zkn_data/zukan_enc_pearl.narc!/member_04022,0,/application/zukanlist/zkn_data/zukan_enc_pearl.narc,92,4022,,66528,66532,26844,26848,4,df3f619804a92fdb4057192dc43dd748ea778adc52bc498ce80524c014b81119,00000000,,,,,False,,,,,,,,,,False,False
/application/zukanlist/zkn_data/zukan_enc_pearl.narc,/application/zukanlist/zkn_data/zukan_enc_pearl.narc!/member_04023,0,/application/zukanlist/zkn_data/zukan_enc_pearl.narc,92,4023,,66532,66536,26848,26852,4,df3f619804a92fdb4057192dc43dd748ea778adc52bc498ce80524c014b81119,00000000,,,,,False,,,,,,,,,,False,False
/application/zukanlist/zkn_data/zukan_enc_pearl.narc,/application/zukanlist/zkn_data/zukan_enc_pearl.narc!/member_04024,0,/application/zukanlist/zkn_data/zukan_enc_pearl.narc,92,4024,,66536,66540,26852,26856,4,df3f619804a92fdb4057192dc43dd748ea778adc52bc498ce80524c014b81119,00000000,,,,,False,,,,,,,,,,False,False
/application/zukanlist/zkn_data/zukan_enc_pearl.narc,/application/zukanlist/zkn_data/zukan_enc_pearl.narc!/member_04025,0,/application/zukanlist/zkn_data/zukan_enc_pearl.narc,92,4025,,66540,66544,26856,26860,4,df3f619804a92fdb4057192dc43dd748ea778adc52bc498ce80524c014b81119,00000000,,,,,False,,,,,,,,,,False,False
/application/zukanlist/zkn_data/zukan_enc_pearl.narc,/application/zukanlist/zkn_data/zukan_enc_pearl.narc!/member_04026,0,/application/zukanlist/zkn_data/zukan_enc_pearl.narc,92,4026,,66544,66548,26860,26864,4,df3f619804a92fdb4057192dc43dd748ea778adc52bc498ce80524c014b81119,00000000,,,,,False,,,,,,,,,,False,False
/application/zukanlist/zkn_data/zukan_enc_pearl.narc,/application/zukanlist/zkn_data/zukan_enc_pearl.narc!/member_04027,0,/application/zukanlist/zkn_data/zukan_enc_pearl.narc,92,4027,,66548,66552,26864,26868,4,df3f619804a92fdb4057192dc43dd748ea778adc52bc498ce80524c014b81119,00000000,,,,,False,,,,,,,,,,False,False
/application/zukanlist/zkn_data/zukan_enc_pearl.narc,/application/zukanlist/zkn_data/zukan_enc_pearl.narc!/member_04028,0,/application/zukanlist/zkn_data/zukan_enc_pearl.narc,92,4028,,66552,66556,26868,26872,4,df3f619804a92fdb4057192dc43dd748ea778adc52bc498ce80524c014b81119,00000000,,,,,False,,,,,,,,,,False,False
/application/zukanlist/zkn_data/zukan_enc_pearl.narc,/application/zukanlist/zkn_data/zukan_enc_pearl.narc!/member_04029,0,/application/zukanlist/zkn_data/zukan_enc_pearl.narc,92,4029,,66556,66560,26872,26876,4,df3f619804a92fdb4057192dc43dd748ea778adc52bc498ce80524c014b81119,00000000,,,,,False,,,,,,,,,,False,False
/application/zukanlist/zkn_data/zukan_enc_pearl.narc,/application/zukanlist/zkn_data/zukan_enc_pearl.narc!/member_04030,0,/application/zukanlist/zkn_data/zukan_enc_pearl.narc,92,4030,,66560,66564,26876,26880,4,df3f619804a92fdb4057192dc43dd748ea778adc52bc498ce80524c014b81119,00000000,,,,,False,,,,,,,,,,False,False
/application/zukanlist/zkn_data/zukan_enc_pearl.narc,/application/zukanlist/zkn_data/zukan_enc_pearl.narc!/member_04031,0,/application/zukanlist/zkn_data/zukan_enc_pearl.narc,92,4031,,66564,66568,26880,26884,4,df3f619804a92fdb4057192dc43dd748ea778adc52bc498ce80524c014b81119,00000000,,,,,False,,,,,,,,,,False,False
/application/zukanlist/zkn_data/zukan_enc_pearl.narc,/application/zukanlist/zkn_data/zukan_enc_pearl.narc!/member_04032,0,/application/zukanlist/zkn_data/zukan_enc_pearl.narc,92,4032,,66568,66572,26884,26888,4,df3f619804a92fdb4057192dc43dd748ea778adc52bc498ce80524c014b81119,00000000,,,,,False,,,,,,,,,,False,False
/application/zukanlist/zkn_data/zukan_enc_pearl.narc,/application/zukanlist/zkn_data/zukan_enc_pearl.narc!/member_04033,0,/application/zukanlist/zkn_data/zukan_enc_pearl.narc,92,4033,,66572,66576,26888,26892,4,df3f619804a92fdb4057192dc43dd748ea778adc52bc498ce80524c014b81119,00000000,,,,,False,,,,,,,,,,False,False
/application/zukanlist/zkn_data/zukan_enc_pearl.narc,/application/zukanlist/zkn_data/zukan_enc_pearl.narc!/member_04034,0,/application/zukanlist/zkn_data/zukan_enc_pearl.narc,92,4034,,66576,66580,26892,26896,4,df3f619804a92fdb4057192dc43dd748ea778adc52bc498ce80524c014b81119,00000000,,,,,False,,,,,,,,,,False,False
/application/zukanlist/zkn_data/zukan_enc_pearl.narc,/application/zukanlist/zkn_data/zukan_enc_pearl.narc!/member_04035,0,/application/zukanlist/zkn_data/zukan_enc_pearl.narc,92,4035,,66580,66584,26896,26900,4,df3f619804a92fdb4057192dc43dd748ea778adc52bc498ce80524c014b81119,00000000,,,,,False,,,,,,,,,,False,False
/application/zukanlist/zkn_data/zukan_enc_pearl.narc,/application/zukanlist/zkn_data/zukan_enc_pearl.narc!/member_04036,0,/application/zukanlist/zkn_data/zukan_enc_pearl.narc,92,4036,,66584,66588,26900,26904,4,df3f619804a92fdb4057192dc43dd748ea778adc52bc498ce80524c014b81119,00000000,,,,,False,,,,,,,,,,False,False
/application/zukanlist/zkn_data/zukan_enc_pearl.narc,/application/zukanlist/zkn_data/zukan_enc_pearl.narc!/member_04037,0,/application/zukanlist/zkn_data/zukan_enc_pearl.narc,92,4037,,66588,66592,26904,26908,4,df3f619804a92fdb4057192dc43dd748ea778adc52bc498ce80524c014b81119,00000000,,,,,False,,,,,,,,,,False,False
/application/zukanlist/zkn_data/zukan_enc_pearl.narc,/application/zukanlist/zkn_data/zukan_enc_pearl.narc!/member_04038,0,/application/zukanlist/zkn_data/zukan_enc_pearl.narc,92,4038,,66592,66596,26908,26912,4,df3f619804a92fdb4057192dc43dd748ea778adc52bc498ce80524c014b81119,00000000,,,,,False,,,,,,,,,,False,False
/application/zukanlist/zkn_data/zukan_enc_pearl.narc,/application/zukanlist/zkn_data/zukan_enc_pearl.narc!/member_04039,0,/application/zukanlist/zkn_data/zukan_enc_pearl.narc,92,4039,,66596,66600,26912,26916,4,df3f619804a92fdb4057192dc43dd748ea778adc52bc498ce80524c014b81119,00000000,,,,,False,,,,,,,,,,False,False
/application/zukanlist/zkn_data/zukan_enc_pearl.narc,/application/zukanlist/zkn_data/zukan_enc_pearl.narc!/member_04040,0,/application/zukanlist/zkn_data/zukan_enc_pearl.narc,92,4040,,66600,66604,26916,26920,4,df3f619804a92fdb4057192dc43dd748ea778adc52bc498ce80524c014b81119,00000000,,,,,False,,,,,,,,,,False,False
/application/zukanlist/zkn_data/zukan_enc_pearl.narc,/application/zukanlist/zkn_data/zukan_enc_pearl.narc!/member_04041,0,/application/zukanlist/zkn_data/zukan_enc_pearl.narc,92,4041,,66604,66608,26920,26924,4,df3f619804a92fdb4057192dc43dd748ea778adc52bc498ce80524c014b81119,00000000,,,,,False,,,,,,,,,,False,False
/application/zukanlist/zkn_data/zukan_enc_pearl.narc,/application/zukanlist/zkn_data/zukan_enc_pearl.narc!/member_04042,0,/application/zukanlist/zkn_data/zukan_enc_pearl.narc,92,4042,,66608,66612,26924,26928,4,df3f619804a92fdb4057192dc43dd748ea778adc52bc498ce80524c014b81119,00000000,,,,,False,,,,,,,,,,False,False
/application/zukanlist/zkn_data/zukan_enc_pearl.narc,/application/zukanlist/zkn_data/zukan_enc_pearl.narc!/member_04043,0,/application/zukanlist/zkn_data/zukan_enc_pearl.narc,92,4043,,66612,66616,26928,26932,4,df3f619804a92fdb4057192dc43dd748ea778adc52bc498ce80524c014b81119,00000000,,,,,False,,,,,,,,,,False,False
/application/zukanlist/zkn_data/zukan_enc_pearl.narc,/application/zukanlist/zkn_data/zukan_enc_pearl.narc!/member_04044,0,/application/zukanlist/zkn_data/zukan_enc_pearl.narc,92,4044,,66616,66620,26932,26936,4,df3f619804a92fdb4057192dc43dd748ea778adc52bc498ce80524c014b81119,00000000,,,,,False,,,,,,,,,,False,False
/application/zukanlist/zkn_data/zukan_enc_pearl.narc,/application/zukanlist/zkn_data/zukan_enc_pearl.narc!/member_04045,0,/application/zukanlist/zkn_data/zukan_enc_pearl.narc,92,4045,,66620,66624,26936,26940,4,df3f619804a92fdb4057192dc43dd748ea778adc52bc498ce80524c014b81119,00000000,,,,,False,,,,,,,,,,False,False
/application/zukanlist/zkn_data/zukan_enc_pearl.narc,/application/zukanlist/zkn_data/zukan_enc_pearl.narc!/member_04046,0,/application/zukanlist/zkn_data/zukan_enc_pearl.narc,92,4046,,66624,66628,26940,26944,4,df3f619804a92fdb4057192dc43dd748ea778adc52bc498ce80524c014b81119,00000000,,,,,False,,,,,,,,,,False,False
/application/zukanlist/zkn_data/zukan_enc_pearl.narc,/application/zukanlist/zkn_data/zukan_enc_pearl.narc!/member_04047,0,/application/zukanlist/zkn_data/zukan_enc_pearl.narc,92,4047,,66628,66632,26944,26948,4,df3f619804a92fdb4057192dc43dd748ea778adc52bc498ce80524c014b81119,00000000,,,,,False,,,,,,,,,,False,False
/application/zukanlist/zkn_data/zukan_enc_pearl.narc,/application/zukanlist/zkn_data/zukan_enc_pearl.narc!/member_04048,0,/application/zukanlist/zkn_data/zukan_enc_pearl.narc,92,4048,,66632,66636,26948,26952,4,df3f619804a92fdb4057192dc43dd748ea778adc52bc498ce80524c014b81119,00000000,,,,,False,,,,,,,,,,False,False
/application/zukanlist/zkn_data/zukan_enc_pearl.narc,/application/zukanlist/zkn_data/zukan_enc_pearl.narc!/member_04049,0,/application/zukanlist/zkn_data/zukan_enc_pearl.narc,92,4049,,66636,66640,26952,26956,4,df3f619804a92fdb4057192dc43dd748ea778adc52bc498ce80524c014b81119,00000000,,,,,False,,,,,,,,,,False,False
/application/zukanlist/zkn_data/zukan_enc_pearl.narc,/application/zukanlist/zkn_data/zukan_enc_pearl.narc!/member_04050,0,/application/zukanlist/zkn_data/zukan_enc_pearl.narc,92,4050,,66640,66644,26956,26960,4,df3f619804a92fdb4057192dc43dd748ea778adc52bc498ce80524c014b81119,00000000,,,,,False,,,,,,,,,,False,False
/application/zukanlist/zkn_data/zukan_enc_pearl.narc,/application/zukanlist/zkn_data/zukan_enc_pearl.narc!/member_04051,0,/application/zukanlist/zkn_data/zukan_enc_pearl.narc,92,4051,,66644,66648,26960,26964,4,df3f619804a92fdb4057192dc43dd748ea778adc52bc498ce80524c014b81119,00000000,,,,,False,,,,,,,,,,False,False
/application/zukanlist/zkn_data/zukan_enc_pearl.narc,/application/zukanlist/zkn_data/zukan_enc_pearl.narc!/member_04052,0,/application/zukanlist/zkn_data/zukan_enc_pearl.narc,92,4052,,66648,66652,26964,26968,4,df3f619804a92fdb4057192dc43dd748ea778adc52bc498ce80524c014b81119,00000000,,,,,False,,,,,,,,,,False,False
/application/zukanlist/zkn_data/zukan_enc_pearl.narc,/application/zukanlist/zkn_data/zukan_enc_pearl.narc!/member_04053,0,/application/zukanlist/zkn_data/zukan_enc_pearl.narc,92,4053,,66652,66656,26968,26972,4,df3f619804a92fdb4057192dc43dd748ea778adc52bc498ce80524c014b81119,00000000,,,,,False,,,,,,,,,,False,False
/application/zukanlist/zkn_data/zukan_enc_pearl.narc,/application/zukanlist/zkn_data/zukan_enc_pearl.narc!/member_04054,0,/application/zukanlist/zkn_data/zukan_enc_pearl.narc,92,4054,,66656,66660,26972,26976,4,df3f619804a92fdb4057192dc43dd748ea778adc52bc498ce80524c014b81119,00000000,,,,,False,,,,,,,,,,False,False
/application/zukanlist/zkn_data/zukan_enc_pearl.narc,/application/zukanlist/zkn_data/zukan_enc_pearl.narc!/member_04055,0,/application/zukanlist/zkn_data/zukan_enc_pearl.narc,92,4055,,66660,66664,26976,26980,4,df3f619804a92fdb4057192dc43dd748ea778adc52bc498ce80524c014b81119,00000000,,,,,False,,,,,,,,,,False,False
/application/zukanlist/zkn_data/zukan_enc_pearl.narc,/application/zukanlist/zkn_data/zukan_enc_pearl.narc!/member_04056,0,/application/zukanlist/zkn_data/zukan_enc_pearl.narc,92,4056,,66664,66668,26980,26984,4,df3f619804a92fdb4057192dc43dd748ea778adc52bc498ce80524c014b81119,00000000,,,,,False,,,,,,,,,,False,False
/application/zukanlist/zkn_data/zukan_enc_pearl.narc,/application/zukanlist/zkn_data/zukan_enc_pearl.narc!/member_04057,0,/application/zukanlist/zkn_data/zukan_enc_pearl.narc,92,4057,,66668,66672,26984,26988,4,df3f619804a92fdb4057192dc43dd748ea778adc52bc498ce80524c014b81119,00000000,,,,,False,,,,,,,,,,False,False
/application/zukanlist/zkn_data/zukan_enc_pearl.narc,/application/zukanlist/zkn_data/zukan_enc_pearl.narc!/member_04058,0,/application/zukanlist/zkn_data/zukan_enc_pearl.narc,92,4058,,66672,66676,26988,26992,4,df3f619804a92fdb4057192dc43dd748ea778adc52bc498ce80524c014b81119,00000000,,,,,False,,,,,,,,,,False,False
/application/zukanlist/zkn_data/zukan_enc_pearl.narc,/application/zukanlist/zkn_data/zukan_enc_pearl.narc!/member_04059,0,/application/zukanlist/zkn_data/zukan_enc_pearl.narc,92,4059,,66676,66680,26992,26996,4,df3f619804a92fdb4057192dc43dd748ea778adc52bc498ce80524c014b81119,00000000,,,,,False,,,,,,,,,,False,False
/application/zukanlist/zkn_data/zukan_enc_pearl.narc,/application/zukanlist/zkn_data/zukan_enc_pearl.narc!/member_04060,0,/application/zukanlist/zkn_data/zukan_enc_pearl.narc,92,4060,,66680,66684,26996,27000,4,df3f619804a92fdb4057192dc43dd748ea778adc52bc498ce80524c014b81119,00000000,,,,,False,,,,,,,,,,False,False
/application/zukanlist/zkn_data/zukan_enc_pearl.narc,/application/zukanlist/zkn_data/zukan_enc_pearl.narc!/member_04061,0,/application/zukanlist/zkn_data/zukan_enc_pearl.narc,92,4061,,66684,66688,27000,27004,4,df3f619804a92fdb4057192dc43dd748ea778adc52bc498ce80524c014b81119,00000000,,,,,False,,,,,,,,,,False,False
/application/zukanlist/zkn_data/zukan_enc_pearl.narc,/application/zukanlist/zkn_data/zukan_enc_pearl.narc!/member_04062,0,/application/zukanlist/zkn_data/zukan_enc_pearl.narc,92,4062,,66688,66692,27004,27008,4,df3f619804a92fdb4057192dc43dd748ea778adc52bc498ce80524c014b81119,00000000,,,,,False,,,,,,,,,,False,False
/application/zukanlist/zkn_data/zukan_enc_pearl.narc,/application/zukanlist/zkn_data/zukan_enc_pearl.narc!/member_04063,0,/application/zukanlist/zkn_data/zukan_enc_pearl.narc,92,4063,,66692,66696,27008,27012,4,df3f619804a92fdb4057192dc43dd748ea778adc52bc498ce80524c014b81119,00000000,,,,,False,,,,,,,,,,False,False
/application/zukanlist/zkn_data/zukan_enc_pearl.narc,/application/zukanlist/zkn_data/zukan_enc_pearl.narc!/member_04064,0,/application/zukanlist/zkn_data/zukan_enc_pearl.narc,92,4064,,66696,66700,27012,27016,4,df3f619804a92fdb4057192dc43dd748ea778adc52bc498ce80524c014b81119,00000000,,,,,False,,,,,,,,,,False,False
/application/zukanlist/zkn_data/zukan_enc_pearl.narc,/application/zukanlist/zkn_data/zukan_enc_pearl.narc!/member_04065,0,/application/zukanlist/zkn_data/zukan_enc_pearl.narc,92,4065,,66700,66704,27016,27020,4,df3f619804a92fdb4057192dc43dd748ea778adc52bc498ce80524c014b81119,00000000,,,,,False,,,,,,,,,,False,False
/application/zukanlist/zkn_data/zukan_enc_pearl.narc,/application/zukanlist/zkn_data/zukan_enc_pearl.narc!/member_04066,0,/application/zukanlist/zkn_data/zukan_enc_pearl.narc,92,4066,,66704,66708,27020,27024,4,df3f619804a92fdb4057192dc43dd748ea778adc52bc498ce80524c014b81119,00000000,,,,,False,,,,,,,,,,False,False
/application/zukanlist/zkn_data/zukan_enc_pearl.narc,/application/zukanlist/zkn_data/zukan_enc_pearl.narc!/member_04067,0,/application/zukanlist/zkn_data/zukan_enc_pearl.narc,92,4067,,66708,66712,27024,27028,4,df3f619804a92fdb4057192dc43dd748ea778adc52bc498ce80524c014b81119,00000000,,,,,False,,,,,,,,,,False,False
/application/zukanlist/zkn_data/zukan_enc_pearl.narc,/application/zukanlist/zkn_data/zukan_enc_pearl.narc!/member_04068,0,/application/zukanlist/zkn_data/zukan_enc_pearl.narc,92,4068,,66712,66716,27028,27032,4,df3f619804a92fdb4057192dc43dd748ea778adc52bc498ce80524c014b81119,00000000,,,,,False,,,,,,,,,,False,False
/application/zukanlist/zkn_data/zukan_enc_pearl.narc,/application/zukanlist/zkn_data/zukan_enc_pearl.narc!/member_04069,0,/application/zukanlist/zkn_data/zukan_enc_pearl.narc,92,4069,,66716,66720,27032,27036,4,df3f619804a92fdb4057192dc43dd748ea778adc52bc498ce80524c014b81119,00000000,,,,,False,,,,,,,,,,False,False
/application/zukanlist/zkn_data/zukan_enc_pearl.narc,/application/zukanlist/zkn_data/zukan_enc_pearl.narc!/member_04070,0,/application/zukanlist/zkn_data/zukan_enc_pearl.narc,92,4070,,66720,66724,27036,27040,4,df3f619804a92fdb4057192dc43dd748ea778adc52bc498ce80524c014b81119,00000000,,,,,False,,,,,,,,,,False,False
/application/zukanlist/zkn_data/zukan_enc_pearl.narc,/application/zukanlist/zkn_data/zukan_enc_pearl.narc!/member_04071,0,/application/zukanlist/zkn_data/zukan_enc_pearl.narc,92,4071,,66724,66728,27040,27044,4,df3f619804a92fdb4057192dc43dd748ea778adc52bc498ce80524c014b81119,00000000,,,,,False,,,,,,,,,,False,False
/application/zukanlist/zkn_data/zukan_enc_pearl.narc,/application/zukanlist/zkn_data/zukan_enc_pearl.narc!/member_04072,0,/application/zukanlist/zkn_data/zukan_enc_pearl.narc,92,4072,,66728,66732,27044,27048,4,df3f619804a92fdb4057192dc43dd748ea778adc52bc498ce80524c014b81119,00000000,,,,,False,,,,,,,,,,False,False
/application/zukanlist/zkn_data/zukan_enc_pearl.narc,/application/zukanlist/zkn_data/zukan_enc_pearl.narc!/member_04073,0,/application/zukanlist/zkn_data/zukan_enc_pearl.narc,92,4073,,66732,66736,27048,27052,4,df3f619804a92fdb4057192dc43dd748ea778adc52bc498ce80524c014b81119,00000000,,,,,False,,,,,,,,,,False,False
/application/zukanlist/zkn_data/zukan_enc_pearl.narc,/application/zukanlist/zkn_data/zukan_enc_pearl.narc!/member_04074,0,/application/zukanlist/zkn_data/zukan_enc_pearl.narc,92,4074,,66736,66740,27052,27056,4,df3f619804a92fdb4057192dc43dd748ea778adc52bc498ce80524c014b81119,00000000,,,,,False,,,,,,,,,,False,False
/application/zukanlist/zkn_data/zukan_enc_pearl.narc,/application/zukanlist/zkn_data/zukan_enc_pearl.narc!/member_04075,0,/application/zukanlist/zkn_data/zukan_enc_pearl.narc,92,4075,,66740,66744,27056,27060,4,df3f619804a92fdb4057192dc43dd748ea778adc52bc498ce80524c014b81119,00000000,,,,,False,,,,,,,,,,False,False
/application/zukanlist/zkn_data/zukan_enc_pearl.narc,/application/zukanlist/zkn_data/zukan_enc_pearl.narc!/member_04076,0,/application/zukanlist/zkn_data/zukan_enc_pearl.narc,92,4076,,66744,66748,27060,27064,4,df3f619804a92fdb4057192dc43dd748ea778adc52bc498ce80524c014b81119,00000000,,,,,False,,,,,,,,,,False,False
/application/zukanlist/zkn_data/zukan_enc_pearl.narc,/application/zukanlist/zkn_data/zukan_enc_pearl.narc!/member_04077,0,/application/zukanlist/zkn_data/zukan_enc_pearl.narc,92,4077,,66748,66752,27064,27068,4,df3f619804a92fdb4057192dc43dd748ea778adc52bc498ce80524c014b81119,00000000,,,,,False,,,,,,,,,,False,False
/application/zukanlist/zkn_data/zukan_enc_pearl.narc,/application/zukanlist/zkn_data/zukan_enc_pearl.narc!/member_04078,0,/application/zukanlist/zkn_data/zukan_enc_pearl.narc,92,4078,,66752,66756,27068,27072,4,df3f619804a92fdb4057192dc43dd748ea778adc52bc498ce80524c014b81119,00000000,,,,,False,,,,,,,,,,False,False
/application/zukanlist/zkn_data/zukan_enc_pearl.narc,/application/zukanlist/zkn_data/zukan_enc_pearl.narc!/member_04079,0,/application/zukanlist/zkn_data/zukan_enc_pearl.narc,92,4079,,66756,66760,27072,27076,4,df3f619804a92fdb4057192dc43dd748ea778adc52bc498ce80524c014b81119,00000000,,,,,False,,,,,,,,,,False,False
/application/zukanlist/zkn_data/zukan_enc_pearl.narc,/application/zukanlist/zkn_data/zukan_enc_pearl.narc!/member_04080,0,/application/zukanlist/zkn_data/zukan_enc_pearl.narc,92,4080,,66760,66764,27076,27080,4,df3f619804a92fdb4057192dc43dd748ea778adc52bc498ce80524c014b81119,00000000,,,,,False,,,,,,,,,,False,False
/application/zukanlist/zkn_data/zukan_enc_pearl.narc,/application/zukanlist/zkn_data/zukan_enc_pearl.narc!/member_04081,0,/application/zukanlist/zkn_data/zukan_enc_pearl.narc,92,4081,,66764,66768,27080,27084,4,df3f619804a92fdb4057192dc43dd748ea778adc52bc498ce80524c014b81119,00000000,,,,,False,,,,,,,,,,False,False
/application/zukanlist/zkn_data/zukan_enc_pearl.narc,/application/zukanlist/zkn_data/zukan_enc_pearl.narc!/member_04082,0,/application/zukanlist/zkn_data/zukan_enc_pearl.narc,92,4082,,66768,66772,27084,27088,4,df3f619804a92fdb4057192dc43dd748ea778adc52bc498ce80524c014b81119,00000000,,,,,False,,,,,,,,,,False,False
/application/zukanlist/zkn_data/zukan_enc_pearl.narc,/application/zukanlist/zkn_data/zukan_enc_pearl.narc!/member_04083,0,/application/zukanlist/zkn_data/zukan_enc_pearl.narc,92,4083,,66772,66776,27088,27092,4,df3f619804a92fdb4057192dc43dd748ea778adc52bc498ce80524c014b81119,00000000,,,,,False,,,,,,,,,,False,False
/application/zukanlist/zkn_data/zukan_enc_pearl.narc,/application/zukanlist/zkn_data/zukan_enc_pearl.narc!/member_04084,0,/application/zukanlist/zkn_data/zukan_enc_pearl.narc,92,4084,,66776,66780,27092,27096,4,df3f619804a92fdb4057192dc43dd748ea778adc52bc498ce80524c014b81119,00000000,,,,,False,,,,,,,,,,False,False
/application/zukanlist/zkn_data/zukan_enc_pearl.narc,/application/zukanlist/zkn_data/zukan_enc_pearl.narc!/member_04085,0,/application/zukanlist/zkn_data/zukan_enc_pearl.narc,92,4085,,66780,66784,27096,27100,4,df3f619804a92fdb4057192dc43dd748ea778adc52bc498ce80524c014b81119,00000000,,,,,False,,,,,,,,,,False,False
/application/zukanlist/zkn_data/zukan_enc_pearl.narc,/application/zukanlist/zkn_data/zukan_enc_pearl.narc!/member_04086,0,/application/zukanlist/zkn_data/zukan_enc_pearl.narc,92,4086,,66784,66788,27100,27104,4,df3f619804a92fdb4057192dc43dd748ea778adc52bc498ce80524c014b81119,00000000,,,,,False,,,,,,,,,,False,False
/application/zukanlist/zkn_data/zukan_enc_pearl.narc,/application/zukanlist/zkn_data/zukan_enc_pearl.narc!/member_04087,0,/application/zukanlist/zkn_data/zukan_enc_pearl.narc,92,4087,,66788,66792,27104,27108,4,df3f619804a92fdb4057192dc43dd748ea778adc52bc498ce80524c014b81119,00000000,,,,,False,,,,,,,,,,False,False
/application/zukanlist/zkn_data/zukan_enc_pearl.narc,/application/zukanlist/zkn_data/zukan_enc_pearl.narc!/member_04088,0,/application/zukanlist/zkn_data/zukan_enc_pearl.narc,92,4088,,66792,66796,27108,27112,4,df3f619804a92fdb4057192dc43dd748ea778adc52bc498ce80524c014b81119,00000000,,,,,False,,,,,,,,,,False,False
/application/zukanlist/zkn_data/zukan_enc_pearl.narc,/application/zukanlist/zkn_data/zukan_enc_pearl.narc!/member_04089,0,/application/zukanlist/zkn_data/zukan_enc_pearl.narc,92,4089,,66796,66800,27112,27116,4,df3f619804a92fdb4057192dc43dd748ea778adc52bc498ce80524c014b81119,00000000,,,,,False,,,,,,,,,,False,False
/application/zukanlist/zkn_data/zukan_enc_pearl.narc,/application/zukanlist/zkn_data/zukan_enc_pearl.narc!/member_04090,0,/application/zukanlist/zkn_data/zukan_enc_pearl.narc,92,4090,,66800,66804,27116,27120,4,df3f619804a92fdb4057192dc43dd748ea778adc52bc498ce80524c014b81119,00000000,,,,,False,,,,,,,,,,False,False
/application/zukanlist/zkn_data/zukan_enc_pearl.narc,/application/zukanlist/zkn_data/zukan_enc_pearl.narc!/member_04091,0,/application/zukanlist/zkn_data/zukan_enc_pearl.narc,92,4091,,66804,66808,27120,27124,4,df3f619804a92fdb4057192dc43dd748ea778adc52bc498ce80524c014b81119,00000000,,,,,False,,,,,,,,,,False,False
/application/zukanlist/zkn_data/zukan_enc_pearl.narc,/application/zukanlist/zkn_data/zukan_enc_pearl.narc!/member_04092,0,/application/zukanlist/zkn_data/zukan_enc_pearl.narc,92,4092,,66808,66812,27124,27128,4,df3f619804a92fdb4057192dc43dd748ea778adc52bc498ce80524c014b81119,00000000,,,,,False,,,,,,,,,,False,False
/application/zukanlist/zkn_data/zukan_enc_pearl.narc,/application/zukanlist/zkn_data/zukan_enc_pearl.narc!/member_04093,0,/application/zukanlist/zkn_data/zukan_enc_pearl.narc,92,4093,,66812,66816,27128,27132,4,df3f619804a92fdb4057192dc43dd748ea778adc52bc498ce80524c014b81119,00000000,,,,,False,,,,,,,,,,False,False
/application/zukanlist/zkn_data/zukan_enc_pearl.narc,/application/zukanlist/zkn_data/zukan_enc_pearl.narc!/member_04094,0,/application/zukanlist/zkn_data/zukan_enc_pearl.narc,92,4094,,66816,66820,27132,27136,4,df3f619804a92fdb4057192dc43dd748ea778adc52bc498ce80524c014b81119,00000000,,,,,False,,,,,,,,,,False,False
/application/zukanlist/zkn_data/zukan_enc_pearl.narc,/application/zukanlist/zkn_data/zukan_enc_pearl.narc!/member_04095,0,/application/zukanlist/zkn_data/zukan_enc_pearl.narc,92,4095,,66820,66824,27136,27140,4,df3f619804a92fdb4057192dc43dd748ea778adc52bc498ce80524c014b81119,00000000,,,,,False,,,,,,,,,,False,False
/application/zukanlist/zkn_data/zukan_enc_pearl.narc,/application/zukanlist/zkn_data/zukan_enc_pearl.narc!/member_04096,0,/application/zukanlist/zkn_data/zukan_enc_pearl.narc,92,4096,,66824,66828,27140,27144,4,df3f619804a92fdb4057192dc43dd748ea778adc52bc498ce80524c014b81119,00000000,,,,,False,,,,,,,,,,False,False
/application/zukanlist/zkn_data/zukan_enc_pearl.narc,/application/zukanlist/zkn_data/zukan_enc_pearl.narc!/member_04097,0,/application/zukanlist/zkn_data/zukan_enc_pearl.narc,92,4097,,66828,66832,27144,27148,4,df3f619804a92fdb4057192dc43dd748ea778adc52bc498ce80524c014b81119,00000000,,,,,False,,,,,,,,,,False,False
/application/zukanlist/zkn_data/zukan_enc_pearl.narc,/application/zukanlist/zkn_data/zukan_enc_pearl.narc!/member_04098,0,/application/zukanlist/zkn_data/zukan_enc_pearl.narc,92,4098,,66832,66836,27148,27152,4,df3f619804a92fdb4057192dc43dd748ea778adc52bc498ce80524c014b81119,00000000,,,,,False,,,,,,,,,,False,False
/application/zukanlist/zkn_data/zukan_enc_pearl.narc,/application/zukanlist/zkn_data/zukan_enc_pearl.narc!/member_04099,0,/application/zukanlist/zkn_data/zukan_enc_pearl.narc,92,4099,,66836,66840,27152,27156,4,df3f619804a92fdb4057192dc43dd748ea778adc52bc498ce80524c014b81119,00000000,,,,,False,,,,,,,,,,False,False
/application/zukanlist/zkn_data/zukan_enc_pearl.narc,/application/zukanlist/zkn_data/zukan_enc_pearl.narc!/member_04100,0,/application/zukanlist/zkn_data/zukan_enc_pearl.narc,92,4100,,66840,66844,27156,27160,4,df3f619804a92fdb4057192dc43dd748ea778adc52bc498ce80524c014b81119,00000000,,,,,False,,,,,,,,,,False,False
/application/zukanlist/zkn_data/zukan_enc_pearl.narc,/application/zukanlist/zkn_data/zukan_enc_pearl.narc!/member_04101,0,/application/zukanlist/zkn_data/zukan_enc_pearl.narc,92,4101,,66844,66848,27160,27164,4,df3f619804a92fdb4057192dc43dd748ea778adc52bc498ce80524c014b81119,00000000,,,,,False,,,,,,,,,,False,False
/application/zukanlist/zkn_data/zukan_enc_pearl.narc,/application/zukanlist/zkn_data/zukan_enc_pearl.narc!/member_04102,0,/application/zukanlist/zkn_data/zukan_enc_pearl.narc,92,4102,,66848,66852,27164,27168,4,df3f619804a92fdb4057192dc43dd748ea778adc52bc498ce80524c014b81119,00000000,,,,,False,,,,,,,,,,False,False
/application/zukanlist/zkn_data/zukan_enc_pearl.narc,/application/zukanlist/zkn_data/zukan_enc_pearl.narc!/member_04103,0,/application/zukanlist/zkn_data/zukan_enc_pearl.narc,92,4103,,66852,66856,27168,27172,4,df3f619804a92fdb4057192dc43dd748ea778adc52bc498ce80524c014b81119,00000000,,,,,False,,,,,,,,,,False,False
/application/zukanlist/zkn_data/zukan_enc_pearl.narc,/application/zukanlist/zkn_data/zukan_enc_pearl.narc!/member_04104,0,/application/zukanlist/zkn_data/zukan_enc_pearl.narc,92,4104,,66856,66860,27172,27176,4,df3f619804a92fdb4057192dc43dd748ea778adc52bc498ce80524c014b81119,00000000,,,,,False,,,,,,,,,,False,False
/application/zukanlist/zkn_data/zukan_enc_pearl.narc,/application/zukanlist/zkn_data/zukan_enc_pearl.narc!/member_04105,0,/application/zukanlist/zkn_data/zukan_enc_pearl.narc,92,4105,,66860,66864,27176,27180,4,df3f619804a92fdb4057192dc43dd748ea778adc52bc498ce80524c014b81119,00000000,,,,,False,,,,,,,,,,False,False
/application/zukanlist/zkn_data/zukan_enc_pearl.narc,/application/zukanlist/zkn_data/zukan_enc_pearl.narc!/member_04106,0,/application/zukanlist/zkn_data/zukan_enc_pearl.narc,92,4106,,66864,66868,27180,27184,4,df3f619804a92fdb4057192dc43dd748ea778adc52bc498ce80524c014b81119,00000000,,,,,False,,,,,,,,,,False,False
/application/zukanlist/zkn_data/zukan_enc_pearl.narc,/application/zukanlist/zkn_data/zukan_enc_pearl.narc!/member_04107,0,/application/zukanlist/zkn_data/zukan_enc_pearl.narc,92,4107,,66868,66872,27184,27188,4,df3f619804a92fdb4057192dc43dd748ea778adc52bc498ce80524c014b81119,00000000,,,,,False,,,,,,,,,,False,False
/application/zukanlist/zkn_data/zukan_enc_pearl.narc,/application/zukanlist/zkn_data/zukan_enc_pearl.narc!/member_04108,0,/application/zukanlist/zkn_data/zukan_enc_pearl.narc,92,4108,,66872,66876,27188,27192,4,df3f619804a92fdb4057192dc43dd748ea778adc52bc498ce80524c014b81119,00000000,,,,,False,,,,,,,,,,False,False
/application/zukanlist/zkn_data/zukan_enc_pearl.narc,/application/zukanlist/zkn_data/zukan_enc_pearl.narc!/member_04109,0,/application/zukanlist/zkn_data/zukan_enc_pearl.narc,92,4109,,66876,66880,27192,27196,4,df3f619804a92fdb4057192dc43dd748ea778adc52bc498ce80524c014b81119,00000000,,,,,False,,,,,,,,,,False,False
/application/zukanlist/zkn_data/zukan_enc_pearl.narc,/application/zukanlist/zkn_data/zukan_enc_pearl.narc!/member_04110,0,/application/zukanlist/zkn_data/zukan_enc_pearl.narc,92,4110,,66880,66884,27196,27200,4,df3f619804a92fdb4057192dc43dd748ea778adc52bc498ce80524c014b81119,00000000,,,,,False,,,,,,,,,,False,False
/application/zukanlist/zkn_data/zukan_enc_pearl.narc,/application/zukanlist/zkn_data/zukan_enc_pearl.narc!/member_04111,0,/application/zukanlist/zkn_data/zukan_enc_pearl.narc,92,4111,,66884,66888,27200,27204,4,df3f619804a92fdb4057192dc43dd748ea778adc52bc498ce80524c014b81119,00000000,,,,,False,,,,,,,,,,False,False
/application/zukanlist/zkn_data/zukan_enc_pearl.narc,/application/zukanlist/zkn_data/zukan_enc_pearl.narc!/member_04112,0,/application/zukanlist/zkn_data/zukan_enc_pearl.narc,92,4112,,66888,66892,27204,27208,4,df3f619804a92fdb4057192dc43dd748ea778adc52bc498ce80524c014b81119,00000000,,,,,False,,,,,,,,,,False,False
/application/zukanlist/zkn_data/zukan_enc_pearl.narc,/application/zukanlist/zkn_data/zukan_enc_pearl.narc!/member_04113,0,/application/zukanlist/zkn_data/zukan_enc_pearl.narc,92,4113,,66892,66896,27208,27212,4,df3f619804a92fdb4057192dc43dd748ea778adc52bc498ce80524c014b81119,00000000,,,,,False,,,,,,,,,,False,False
/application/zukanlist/zkn_data/zukan_enc_pearl.narc,/application/zukanlist/zkn_data/zukan_enc_pearl.narc!/member_04114,0,/application/zukanlist/zkn_data/zukan_enc_pearl.narc,92,4114,,66896,66900,27212,27216,4,df3f619804a92fdb4057192dc43dd748ea778adc52bc498ce80524c014b81119,00000000,,,,,False,,,,,,,,,,False,False
/application/zukanlist/zkn_data/zukan_enc_pearl.narc,/application/zukanlist/zkn_data/zukan_enc_pearl.narc!/member_04115,0,/application/zukanlist/zkn_data/zukan_enc_pearl.narc,92,4115,,66900,66904,27216,27220,4,df3f619804a92fdb4057192dc43dd748ea778adc52bc498ce80524c014b81119,00000000,,,,,False,,,,,,,,,,False,False
/application/zukanlist/zkn_data/zukan_enc_pearl.narc,/application/zukanlist/zkn_data/zukan_enc_pearl.narc!/member_04116,0,/application/zukanlist/zkn_data/zukan_enc_pearl.narc,92,4116,,66904,66908,27220,27224,4,df3f619804a92fdb4057192dc43dd748ea778adc52bc498ce80524c014b81119,00000000,,,,,False,,,,,,,,,,False,False
/application/zukanlist/zkn_data/zukan_enc_pearl.narc,/application/zukanlist/zkn_data/zukan_enc_pearl.narc!/member_04117,0,/application/zukanlist/zkn_data/zukan_enc_pearl.narc,92,4117,,66908,66912,27224,27228,4,df3f619804a92fdb4057192dc43dd748ea778adc52bc498ce80524c014b81119,00000000,,,,,False,,,,,,,,,,False,False
/application/zukanlist/zkn_data/zukan_enc_pearl.narc,/application/zukanlist/zkn_data/zukan_enc_pearl.narc!/member_04118,0,/application/zukanlist/zkn_data/zukan_enc_pearl.narc,92,4118,,66912,66916,27228,27232,4,df3f619804a92fdb4057192dc43dd748ea778adc52bc498ce80524c014b81119,00000000,,,,,False,,,,,,,,,,False,False
/application/zukanlist/zkn_data/zukan_enc_pearl.narc,/application/zukanlist/zkn_data/zukan_enc_pearl.narc!/member_04119,0,/application/zukanlist/zkn_data/zukan_enc_pearl.narc,92,4119,,66916,66920,27232,27236,4,df3f619804a92fdb4057192dc43dd748ea778adc52bc498ce80524c014b81119,00000000,,,,,False,,,,,,,,,,False,False
/application/zukanlist/zkn_data/zukan_enc_pearl.narc,/application/zukanlist/zkn_data/zukan_enc_pearl.narc!/member_04120,0,/application/zukanlist/zkn_data/zukan_enc_pearl.narc,92,4120,,66920,66924,27236,27240,4,df3f619804a92fdb4057192dc43dd748ea778adc52bc498ce80524c014b81119,00000000,,,,,False,,,,,,,,,,False,False
/application/zukanlist/zkn_data/zukan_enc_pearl.narc,/application/zukanlist/zkn_data/zukan_enc_pearl.narc!/member_04121,0,/application/zukanlist/zkn_data/zukan_enc_pearl.narc,92,4121,,66924,66928,27240,27244,4,df3f619804a92fdb4057192dc43dd748ea778adc52bc498ce80524c014b81119,00000000,,,,,False,,,,,,,,,,False,False
/application/zukanlist/zkn_data/zukan_enc_pearl.narc,/application/zukanlist/zkn_data/zukan_enc_pearl.narc!/member_04122,0,/application/zukanlist/zkn_data/zukan_enc_pearl.narc,92,4122,,66928,66932,27244,27248,4,df3f619804a92fdb4057192dc43dd748ea778adc52bc498ce80524c014b81119,00000000,,,,,False,,,,,,,,,,False,False
/application/zukanlist/zkn_data/zukan_enc_pearl.narc,/application/zukanlist/zkn_data/zukan_enc_pearl.narc!/member_04123,0,/application/zukanlist/zkn_data/zukan_enc_pearl.narc,92,4123,,66932,66936,27248,27252,4,df3f619804a92fdb4057192dc43dd748ea778adc52bc498ce80524c014b81119,00000000,,,,,False,,,,,,,,,,False,False
/application/zukanlist/zkn_data/zukan_enc_pearl.narc,/application/zukanlist/zkn_data/zukan_enc_pearl.narc!/member_04124,0,/application/zukanlist/zkn_data/zukan_enc_pearl.narc,92,4124,,66936,66940,27252,27256,4,df3f619804a92fdb4057192dc43dd748ea778adc52bc498ce80524c014b81119,00000000,,,,,False,,,,,,,,,,False,False
/application/zukanlist/zkn_data/zukan_enc_pearl.narc,/application/zukanlist/zkn_data/zukan_enc_pearl.narc!/member_04125,0,/application/zukanlist/zkn_data/zukan_enc_pearl.narc,92,4125,,66940,66944,27256,27260,4,df3f619804a92fdb4057192dc43dd748ea778adc52bc498ce80524c014b81119,00000000,,,,,False,,,,,,,,,,False,False
/application/zukanlist/zkn_data/zukan_enc_pearl.narc,/application/zukanlist/zkn_data/zukan_enc_pearl.narc!/member_04126,0,/application/zukanlist/zkn_data/zukan_enc_pearl.narc,92,4126,,66944,66948,27260,27264,4,df3f619804a92fdb4057192dc43dd748ea778adc52bc498ce80524c014b81119,00000000,,,,,False,,,,,,,,,,False,False
/application/zukanlist/zkn_data/zukan_enc_pearl.narc,/application/zukanlist/zkn_data/zukan_enc_pearl.narc!/member_04127,0,/application/zukanlist/zkn_data/zukan_enc_pearl.narc,92,4127,,66948,66952,27264,27268,4,df3f619804a92fdb4057192dc43dd748ea778adc52bc498ce80524c014b81119,00000000,,,,,False,,,,,,,,,,False,False
/application/zukanlist/zkn_data/zukan_enc_pearl.narc,/application/zukanlist/zkn_data/zukan_enc_pearl.narc!/member_04128,0,/application/zukanlist/zkn_data/zukan_enc_pearl.narc,92,4128,,66952,66956,27268,27272,4,df3f619804a92fdb4057192dc43dd748ea778adc52bc498ce80524c014b81119,00000000,,,,,False,,,,,,,,,,False,False
/application/zukanlist/zkn_data/zukan_enc_pearl.narc,/application/zukanlist/zkn_data/zukan_enc_pearl.narc!/member_04129,0,/application/zukanlist/zkn_data/zukan_enc_pearl.narc,92,4129,,66956,66960,27272,27276,4,df3f619804a92fdb4057192dc43dd748ea778adc52bc498ce80524c014b81119,00000000,,,,,False,,,,,,,,,,False,False
/application/zukanlist/zkn_data/zukan_enc_pearl.narc,/application/zukanlist/zkn_data/zukan_enc_pearl.narc!/member_04130,0,/application/zukanlist/zkn_data/zukan_enc_pearl.narc,92,4130,,66960,66964,27276,27280,4,df3f619804a92fdb4057192dc43dd748ea778adc52bc498ce80524c014b81119,00000000,,,,,False,,,,,,,,,,False,False
/application/zukanlist/zkn_data/zukan_enc_pearl.narc,/application/zukanlist/zkn_data/zukan_enc_pearl.narc!/member_04131,0,/application/zukanlist/zkn_data/zukan_enc_pearl.narc,92,4131,,66964,66968,27280,27284,4,df3f619804a92fdb4057192dc43dd748ea778adc52bc498ce80524c014b81119,00000000,,,,,False,,,,,,,,,,False,False
/application/zukanlist/zkn_data/zukan_enc_pearl.narc,/application/zukanlist/zkn_data/zukan_enc_pearl.narc!/member_04132,0,/application/zukanlist/zkn_data/zukan_enc_pearl.narc,92,4132,,66968,66972,27284,27288,4,df3f619804a92fdb4057192dc43dd748ea778adc52bc498ce80524c014b81119,00000000,,,,,False,,,,,,,,,,False,False
/application/zukanlist/zkn_data/zukan_enc_pearl.narc,/application/zukanlist/zkn_data/zukan_enc_pearl.narc!/member_04133,0,/application/zukanlist/zkn_data/zukan_enc_pearl.narc,92,4133,,66972,66976,27288,27292,4,df3f619804a92fdb4057192dc43dd748ea778adc52bc498ce80524c014b81119,00000000,,,,,False,,,,,,,,,,False,False
/application/zukanlist/zkn_data/zukan_enc_pearl.narc,/application/zukanlist/zkn_data/zukan_enc_pearl.narc!/member_04134,0,/application/zukanlist/zkn_data/zukan_enc_pearl.narc,92,4134,,66976,66980,27292,27296,4,df3f619804a92fdb4057192dc43dd748ea778adc52bc498ce80524c014b81119,00000000,,,,,False,,,,,,,,,,False,False
/application/zukanlist/zkn_data/zukan_enc_pearl.narc,/application/zukanlist/zkn_data/zukan_enc_pearl.narc!/member_04135,0,/application/zukanlist/zkn_data/zukan_enc_pearl.narc,92,4135,,66980,66984,27296,27300,4,df3f619804a92fdb4057192dc43dd748ea778adc52bc498ce80524c014b81119,00000000,,,,,False,,,,,,,,,,False,False
/application/zukanlist/zkn_data/zukan_enc_pearl.narc,/application/zukanlist/zkn_data/zukan_enc_pearl.narc!/member_04136,0,/application/zukanlist/zkn_data/zukan_enc_pearl.narc,92,4136,,66984,66988,27300,27304,4,df3f619804a92fdb4057192dc43dd748ea778adc52bc498ce80524c014b81119,00000000,,,,,False,,,,,,,,,,False,False
/application/zukanlist/zkn_data/zukan_enc_pearl.narc,/application/zukanlist/zkn_data/zukan_enc_pearl.narc!/member_04137,0,/application/zukanlist/zkn_data/zukan_enc_pearl.narc,92,4137,,66988,66992,27304,27308,4,df3f619804a92fdb4057192dc43dd748ea778adc52bc498ce80524c014b81119,00000000,,,,,False,,,,,,,,,,False,False
/application/zukanlist/zkn_data/zukan_enc_pearl.narc,/application/zukanlist/zkn_data/zukan_enc_pearl.narc!/member_04138,0,/application/zukanlist/zkn_data/zukan_enc_pearl.narc,92,4138,,66992,66996,27308,27312,4,df3f619804a92fdb4057192dc43dd748ea778adc52bc498ce80524c014b81119,00000000,,,,,False,,,,,,,,,,False,False
/application/zukanlist/zkn_data/zukan_enc_pearl.narc,/application/zukanlist/zkn_data/zukan_enc_pearl.narc!/member_04139,0,/application/zukanlist/zkn_data/zukan_enc_pearl.narc,92,4139,,66996,67000,27312,27316,4,df3f619804a92fdb4057192dc43dd748ea778adc52bc498ce80524c014b81119,00000000,,,,,False,,,,,,,,,,False,False
/application/zukanlist/zkn_data/zukan_enc_pearl.narc,/application/zukanlist/zkn_data/zukan_enc_pearl.narc!/member_04140,0,/application/zukanlist/zkn_data/zukan_enc_pearl.narc,92,4140,,67000,67004,27316,27320,4,df3f619804a92fdb4057192dc43dd748ea778adc52bc498ce80524c014b81119,00000000,,,,,False,,,,,,,,,,False,False
/application/zukanlist/zkn_data/zukan_enc_pearl.narc,/application/zukanlist/zkn_data/zukan_enc_pearl.narc!/member_04141,0,/application/zukanlist/zkn_data/zukan_enc_pearl.narc,92,4141,,67004,67008,27320,27324,4,df3f619804a92fdb4057192dc43dd748ea778adc52bc498ce80524c014b81119,00000000,,,,,False,,,,,,,,,,False,False
/application/zukanlist/zkn_data/zukan_enc_pearl.narc,/application/zukanlist/zkn_data/zukan_enc_pearl.narc!/member_04142,0,/application/zukanlist/zkn_data/zukan_enc_pearl.narc,92,4142,,67008,67012,27324,27328,4,df3f619804a92fdb4057192dc43dd748ea778adc52bc498ce80524c014b81119,00000000,,,,,False,,,,,,,,,,False,False
/application/zukanlist/zkn_data/zukan_enc_pearl.narc,/application/zukanlist/zkn_data/zukan_enc_pearl.narc!/member_04143,0,/application/zukanlist/zkn_data/zukan_enc_pearl.narc,92,4143,,67012,67016,27328,27332,4,df3f619804a92fdb4057192dc43dd748ea778adc52bc498ce80524c014b81119,00000000,,,,,False,,,,,,,,,,False,False
/application/zukanlist/zkn_data/zukan_enc_pearl.narc,/application/zukanlist/zkn_data/zukan_enc_pearl.narc!/member_04144,0,/application/zukanlist/zkn_data/zukan_enc_pearl.narc,92,4144,,67016,67020,27332,27336,4,df3f619804a92fdb4057192dc43dd748ea778adc52bc498ce80524c014b81119,00000000,,,,,False,,,,,,,,,,False,False
/application/zukanlist/zkn_data/zukan_enc_pearl.narc,/application/zukanlist/zkn_data/zukan_enc_pearl.narc!/member_04145,0,/application/zukanlist/zkn_data/zukan_enc_pearl.narc,92,4145,,67020,67024,27336,27340,4,df3f619804a92fdb4057192dc43dd748ea778adc52bc498ce80524c014b81119,00000000,,,,,False,,,,,,,,,,False,False
/application/zukanlist/zkn_data/zukan_enc_pearl.narc,/application/zukanlist/zkn_data/zukan_enc_pearl.narc!/member_04146,0,/application/zukanlist/zkn_data/zukan_enc_pearl.narc,92,4146,,67024,67028,27340,27344,4,df3f619804a92fdb4057192dc43dd748ea778adc52bc498ce80524c014b81119,00000000,,,,,False,,,,,,,,,,False,False
/application/zukanlist/zkn_data/zukan_enc_pearl.narc,/application/zukanlist/zkn_data/zukan_enc_pearl.narc!/member_04147,0,/application/zukanlist/zkn_data/zukan_enc_pearl.narc,92,4147,,67028,67032,27344,27348,4,df3f619804a92fdb4057192dc43dd748ea778adc52bc498ce80524c014b81119,00000000,,,,,False,,,,,,,,,,False,False
/application/zukanlist/zkn_data/zukan_enc_pearl.narc,/application/zukanlist/zkn_data/zukan_enc_pearl.narc!/member_04148,0,/application/zukanlist/zkn_data/zukan_enc_pearl.narc,92,4148,,67032,67036,27348,27352,4,df3f619804a92fdb4057192dc43dd748ea778adc52bc498ce80524c014b81119,00000000,,,,,False,,,,,,,,,,False,False
/application/zukanlist/zkn_data/zukan_enc_pearl.narc,/application/zukanlist/zkn_data/zukan_enc_pearl.narc!/member_04149,0,/application/zukanlist/zkn_data/zukan_enc_pearl.narc,92,4149,,67036,67040,27352,27356,4,df3f619804a92fdb4057192dc43dd748ea778adc52bc498ce80524c014b81119,00000000,,,,,False,,,,,,,,,,False,False
/application/zukanlist/zkn_data/zukan_enc_pearl.narc,/application/zukanlist/zkn_data/zukan_enc_pearl.narc!/member_04150,0,/application/zukanlist/zkn_data/zukan_enc_pearl.narc,92,4150,,67040,67044,27356,27360,4,df3f619804a92fdb4057192dc43dd748ea778adc52bc498ce80524c014b81119,00000000,,,,,False,,,,,,,,,,False,False
/application/zukanlist/zkn_data/zukan_enc_pearl.narc,/application/zukanlist/zkn_data/zukan_enc_pearl.narc!/member_04151,0,/application/zukanlist/zkn_data/zukan_enc_pearl.narc,92,4151,,67044,67048,27360,27364,4,df3f619804a92fdb4057192dc43dd748ea778adc52bc498ce80524c014b81119,00000000,,,,,False,,,,,,,,,,False,False
/application/zukanlist/zkn_data/zukan_enc_pearl.narc,/application/zukanlist/zkn_data/zukan_enc_pearl.narc!/member_04152,0,/application/zukanlist/zkn_data/zukan_enc_pearl.narc,92,4152,,67048,67052,27364,27368,4,df3f619804a92fdb4057192dc43dd748ea778adc52bc498ce80524c014b81119,00000000,,,,,False,,,,,,,,,,False,False
/application/zukanlist/zkn_data/zukan_enc_pearl.narc,/application/zukanlist/zkn_data/zukan_enc_pearl.narc!/member_04153,0,/application/zukanlist/zkn_data/zukan_enc_pearl.narc,92,4153,,67052,67056,27368,27372,4,df3f619804a92fdb4057192dc43dd748ea778adc52bc498ce80524c014b81119,00000000,,,,,False,,,,,,,,,,False,False
/application/zukanlist/zkn_data/zukan_enc_pearl.narc,/application/zukanlist/zkn_data/zukan_enc_pearl.narc!/member_04154,0,/application/zukanlist/zkn_data/zukan_enc_pearl.narc,92,4154,,67056,67140,27372,27456,84,5d9140735e9373d7d8aabe89a1b6a00e4cf9d3069924b87b07c5656236b73ef2,06000000070000001100000012000000,,,,,False,,,,,,,,,,False,False
/application/zukanlist/zkn_data/zukan_enc_pearl.narc,/application/zukanlist/zkn_data/zukan_enc_pearl.narc!/member_04155,0,/application/zukanlist/zkn_data/zukan_enc_pearl.narc,92,4155,,67140,67144,27456,27460,4,df3f619804a92fdb4057192dc43dd748ea778adc52bc498ce80524c014b81119,00000000,,,,,False,,,,,,,,,,False,False
/application/zukanlist/zkn_data/zukan_enc_pearl.narc,/application/zukanlist/zkn_data/zukan_enc_pearl.narc!/member_04156,0,/application/zukanlist/zkn_data/zukan_enc_pearl.narc,92,4156,,67144,67148,27460,27464,4,df3f619804a92fdb4057192dc43dd748ea778adc52bc498ce80524c014b81119,00000000,,,,,False,,,,,,,,,,False,False
/application/zukanlist/zkn_data/zukan_enc_pearl.narc,/application/zukanlist/zkn_data/zukan_enc_pearl.narc!/member_04157,0,/application/zukanlist/zkn_data/zukan_enc_pearl.narc,92,4157,,67148,67152,27464,27468,4,df3f619804a92fdb4057192dc43dd748ea778adc52bc498ce80524c014b81119,00000000,,,,,False,,,,,,,,,,False,False
/application/zukanlist/zkn_data/zukan_enc_pearl.narc,/application/zukanlist/zkn_data/zukan_enc_pearl.narc!/member_04158,0,/application/zukanlist/zkn_data/zukan_enc_pearl.narc,92,4158,,67152,67156,27468,27472,4,df3f619804a92fdb4057192dc43dd748ea778adc52bc498ce80524c014b81119,00000000,,,,,False,,,,,,,,,,False,False
/application/zukanlist/zkn_data/zukan_enc_pearl.narc,/application/zukanlist/zkn_data/zukan_enc_pearl.narc!/member_04159,0,/application/zukanlist/zkn_data/zukan_enc_pearl.narc,92,4159,,67156,67160,27472,27476,4,df3f619804a92fdb4057192dc43dd748ea778adc52bc498ce80524c014b81119,00000000,,,,,False,,,,,,,,,,False,False
/application/zukanlist/zkn_data/zukan_enc_pearl.narc,/application/zukanlist/zkn_data/zukan_enc_pearl.narc!/member_04160,0,/application/zukanlist/zkn_data/zukan_enc_pearl.narc,92,4160,,67160,67164,27476,27480,4,df3f619804a92fdb4057192dc43dd748ea778adc52bc498ce80524c014b81119,00000000,,,,,False,,,,,,,,,,False,False
/application/zukanlist/zkn_data/zukan_enc_pearl.narc,/application/zukanlist/zkn_data/zukan_enc_pearl.narc!/member_04161,0,/application/zukanlist/zkn_data/zukan_enc_pearl.narc,92,4161,,67164,67168,27480,27484,4,df3f619804a92fdb4057192dc43dd748ea778adc52bc498ce80524c014b81119,00000000,,,,,False,,,,,,,,,,False,False
/application/zukanlist/zkn_data/zukan_enc_pearl.narc,/application/zukanlist/zkn_data/zukan_enc_pearl.narc!/member_04162,0,/application/zukanlist/zkn_data/zukan_enc_pearl.narc,92,4162,,67168,67172,27484,27488,4,df3f619804a92fdb4057192dc43dd748ea778adc52bc498ce80524c014b81119,00000000,,,,,False,,,,,,,,,,False,False
/application/zukanlist/zkn_data/zukan_enc_pearl.narc,/application/zukanlist/zkn_data/zukan_enc_pearl.narc!/member_04163,0,/application/zukanlist/zkn_data/zukan_enc_pearl.narc,92,4163,,67172,67176,27488,27492,4,df3f619804a92fdb4057192dc43dd748ea778adc52bc498ce80524c014b81119,00000000,,,,,False,,,,,,,,,,False,False
/application/zukanlist/zkn_data/zukan_enc_pearl.narc,/application/zukanlist/zkn_data/zukan_enc_pearl.narc!/member_04164,0,/application/zukanlist/zkn_data/zukan_enc_pearl.narc,92,4164,,67176,67180,27492,27496,4,df3f619804a92fdb4057192dc43dd748ea778adc52bc498ce80524c014b81119,00000000,,,,,False,,,,,,,,,,False,False
/application/zukanlist/zkn_data/zukan_enc_pearl.narc,/application/zukanlist/zkn_data/zukan_enc_pearl.narc!/member_04165,0,/application/zukanlist/zkn_data/zukan_enc_pearl.narc,92,4165,,67180,67184,27496,27500,4,df3f619804a92fdb4057192dc43dd748ea778adc52bc498ce80524c014b81119,00000000,,,,,False,,,,,,,,,,False,False
/application/zukanlist/zkn_data/zukan_enc_pearl.narc,/application/zukanlist/zkn_data/zukan_enc_pearl.narc!/member_04166,0,/application/zukanlist/zkn_data/zukan_enc_pearl.narc,92,4166,,67184,67188,27500,27504,4,df3f619804a92fdb4057192dc43dd748ea778adc52bc498ce80524c014b81119,00000000,,,,,False,,,,,,,,,,False,False
/application/zukanlist/zkn_data/zukan_enc_pearl.narc,/application/zukanlist/zkn_data/zukan_enc_pearl.narc!/member_04167,0,/application/zukanlist/zkn_data/zukan_enc_pearl.narc,92,4167,,67188,67192,27504,27508,4,df3f619804a92fdb4057192dc43dd748ea778adc52bc498ce80524c014b81119,00000000,,,,,False,,,,,,,,,,False,False
/application/zukanlist/zkn_data/zukan_enc_pearl.narc,/application/zukanlist/zkn_data/zukan_enc_pearl.narc!/member_04168,0,/application/zukanlist/zkn_data/zukan_enc_pearl.narc,92,4168,,67192,67196,27508,27512,4,df3f619804a92fdb4057192dc43dd748ea778adc52bc498ce80524c014b81119,00000000,,,,,False,,,,,,,,,,False,False
/application/zukanlist/zkn_data/zukan_enc_pearl.narc,/application/zukanlist/zkn_data/zukan_enc_pearl.narc!/member_04169,0,/application/zukanlist/zkn_data/zukan_enc_pearl.narc,92,4169,,67196,67200,27512,27516,4,df3f619804a92fdb4057192dc43dd748ea778adc52bc498ce80524c014b81119,00000000,,,,,False,,,,,,,,,,False,False
/application/zukanlist/zkn_data/zukan_enc_pearl.narc,/application/zukanlist/zkn_data/zukan_enc_pearl.narc!/member_04170,0,/application/zukanlist/zkn_data/zukan_enc_pearl.narc,92,4170,,67200,67204,27516,27520,4,df3f619804a92fdb4057192dc43dd748ea778adc52bc498ce80524c014b81119,00000000,,,,,False,,,,,,,,,,False,False
/application/zukanlist/zkn_data/zukan_enc_pearl.narc,/application/zukanlist/zkn_data/zukan_enc_pearl.narc!/member_04171,0,/application/zukanlist/zkn_data/zukan_enc_pearl.narc,92,4171,,67204,67208,27520,27524,4,df3f619804a92fdb4057192dc43dd748ea778adc52bc498ce80524c014b81119,00000000,,,,,False,,,,,,,,,,False,False
/application/zukanlist/zkn_data/zukan_enc_pearl.narc,/application/zukanlist/zkn_data/zukan_enc_pearl.narc!/member_04172,0,/application/zukanlist/zkn_data/zukan_enc_pearl.narc,92,4172,,67208,67212,27524,27528,4,df3f619804a92fdb4057192dc43dd748ea778adc52bc498ce80524c014b81119,00000000,,,,,False,,,,,,,,,,False,False
/application/zukanlist/zkn_data/zukan_enc_pearl.narc,/application/zukanlist/zkn_data/zukan_enc_pearl.narc!/member_04173,0,/application/zukanlist/zkn_data/zukan_enc_pearl.narc,92,4173,,67212,67216,27528,27532,4,df3f619804a92fdb4057192dc43dd748ea778adc52bc498ce80524c014b81119,00000000,,,,,False,,,,,,,,,,False,False
/application/zukanlist/zkn_data/zukan_enc_pearl.narc,/application/zukanlist/zkn_data/zukan_enc_pearl.narc!/member_04174,0,/application/zukanlist/zkn_data/zukan_enc_pearl.narc,92,4174,,67216,67220,27532,27536,4,df3f619804a92fdb4057192dc43dd748ea778adc52bc498ce80524c014b81119,00000000,,,,,False,,,,,,,,,,False,False
/application/zukanlist/zkn_data/zukan_enc_pearl.narc,/application/zukanlist/zkn_data/zukan_enc_pearl.narc!/member_04175,0,/application/zukanlist/zkn_data/zukan_enc_pearl.narc,92,4175,,67220,67224,27536,27540,4,df3f619804a92fdb4057192dc43dd748ea778adc52bc498ce80524c014b81119,00000000,,,,,False,,,,,,,,,,False,False
/application/zukanlist/zkn_data/zukan_enc_pearl.narc,/application/zukanlist/zkn_data/zukan_enc_pearl.narc!/member_04176,0,/application/zukanlist/zkn_data/zukan_enc_pearl.narc,92,4176,,67224,67228,27540,27544,4,df3f619804a92fdb4057192dc43dd748ea778adc52bc498ce80524c014b81119,00000000,,,,,False,,,,,,,,,,False,False
/application/zukanlist/zkn_data/zukan_enc_pearl.narc,/application/zukanlist/zkn_data/zukan_enc_pearl.narc!/member_04177,0,/application/zukanlist/zkn_data/zukan_enc_pearl.narc,92,4177,,67228,67232,27544,27548,4,df3f619804a92fdb4057192dc43dd748ea778adc52bc498ce80524c014b81119,00000000,,,,,False,,,,,,,,,,False,False
/application/zukanlist/zkn_data/zukan_enc_pearl.narc,/application/zukanlist/zkn_data/zukan_enc_pearl.narc!/member_04178,0,/application/zukanlist/zkn_data/zukan_enc_pearl.narc,92,4178,,67232,67316,27548,27632,84,5d9140735e9373d7d8aabe89a1b6a00e4cf9d3069924b87b07c5656236b73ef2,06000000070000001100000012000000,,,,,False,,,,,,,,,,False,False
/application/zukanlist/zkn_data/zukan_enc_pearl.narc,/application/zukanlist/zkn_data/zukan_enc_pearl.narc!/member_04179,0,/application/zukanlist/zkn_data/zukan_enc_pearl.narc,92,4179,,67316,67320,27632,27636,4,df3f619804a92fdb4057192dc43dd748ea778adc52bc498ce80524c014b81119,00000000,,,,,False,,,,,,,,,,False,False
/application/zukanlist/zkn_data/zukan_enc_pearl.narc,/application/zukanlist/zkn_data/zukan_enc_pearl.narc!/member_04180,0,/application/zukanlist/zkn_data/zukan_enc_pearl.narc,92,4180,,67320,67324,27636,27640,4,df3f619804a92fdb4057192dc43dd748ea778adc52bc498ce80524c014b81119,00000000,,,,,False,,,,,,,,,,False,False
/application/zukanlist/zkn_data/zukan_enc_pearl.narc,/application/zukanlist/zkn_data/zukan_enc_pearl.narc!/member_04181,0,/application/zukanlist/zkn_data/zukan_enc_pearl.narc,92,4181,,67324,67328,27640,27644,4,df3f619804a92fdb4057192dc43dd748ea778adc52bc498ce80524c014b81119,00000000,,,,,False,,,,,,,,,,False,False
/application/zukanlist/zkn_data/zukan_enc_pearl.narc,/application/zukanlist/zkn_data/zukan_enc_pearl.narc!/member_04182,0,/application/zukanlist/zkn_data/zukan_enc_pearl.narc,92,4182,,67328,67332,27644,27648,4,df3f619804a92fdb4057192dc43dd748ea778adc52bc498ce80524c014b81119,00000000,,,,,False,,,,,,,,,,False,False
/application/zukanlist/zkn_data/zukan_enc_pearl.narc,/application/zukanlist/zkn_data/zukan_enc_pearl.narc!/member_04183,0,/application/zukanlist/zkn_data/zukan_enc_pearl.narc,92,4183,,67332,67336,27648,27652,4,df3f619804a92fdb4057192dc43dd748ea778adc52bc498ce80524c014b81119,00000000,,,,,False,,,,,,,,,,False,False
/application/zukanlist/zkn_data/zukan_enc_pearl.narc,/application/zukanlist/zkn_data/zukan_enc_pearl.narc!/member_04184,0,/application/zukanlist/zkn_data/zukan_enc_pearl.narc,92,4184,,67336,67340,27652,27656,4,df3f619804a92fdb4057192dc43dd748ea778adc52bc498ce80524c014b81119,00000000,,,,,False,,,,,,,,,,False,False
/application/zukanlist/zkn_data/zukan_enc_pearl.narc,/application/zukanlist/zkn_data/zukan_enc_pearl.narc!/member_04185,0,/application/zukanlist/zkn_data/zukan_enc_pearl.narc,92,4185,,67340,67344,27656,27660,4,df3f619804a92fdb4057192dc43dd748ea778adc52bc498ce80524c014b81119,00000000,,,,,False,,,,,,,,,,False,False
/application/zukanlist/zkn_data/zukan_enc_pearl.narc,/application/zukanlist/zkn_data/zukan_enc_pearl.narc!/member_04186,0,/application/zukanlist/zkn_data/zukan_enc_pearl.narc,92,4186,,67344,67348,27660,27664,4,df3f619804a92fdb4057192dc43dd748ea778adc52bc498ce80524c014b81119,00000000,,,,,False,,,,,,,,,,False,False
/application/zukanlist/zkn_data/zukan_enc_pearl.narc,/application/zukanlist/zkn_data/zukan_enc_pearl.narc!/member_04187,0,/application/zukanlist/zkn_data/zukan_enc_pearl.narc,92,4187,,67348,67352,27664,27668,4,df3f619804a92fdb4057192dc43dd748ea778adc52bc498ce80524c014b81119,00000000,,,,,False,,,,,,,,,,False,False
/application/zukanlist/zkn_data/zukan_enc_pearl.narc,/application/zukanlist/zkn_data/zukan_enc_pearl.narc!/member_04188,0,/application/zukanlist/zkn_data/zukan_enc_pearl.narc,92,4188,,67352,67356,27668,27672,4,df3f619804a92fdb4057192dc43dd748ea778adc52bc498ce80524c014b81119,00000000,,,,,False,,,,,,,,,,False,False
/application/zukanlist/zkn_data/zukan_enc_pearl.narc,/application/zukanlist/zkn_data/zukan_enc_pearl.narc!/member_04189,0,/application/zukanlist/zkn_data/zukan_enc_pearl.narc,92,4189,,67356,67360,27672,27676,4,df3f619804a92fdb4057192dc43dd748ea778adc52bc498ce80524c014b81119,00000000,,,,,False,,,,,,,,,,False,False
/application/zukanlist/zkn_data/zukan_enc_pearl.narc,/application/zukanlist/zkn_data/zukan_enc_pearl.narc!/member_04190,0,/application/zukanlist/zkn_data/zukan_enc_pearl.narc,92,4190,,67360,67364,27676,27680,4,df3f619804a92fdb4057192dc43dd748ea778adc52bc498ce80524c014b81119,00000000,,,,,False,,,,,,,,,,False,False
/application/zukanlist/zkn_data/zukan_enc_pearl.narc,/application/zukanlist/zkn_data/zukan_enc_pearl.narc!/member_04191,0,/application/zukanlist/zkn_data/zukan_enc_pearl.narc,92,4191,,67364,67368,27680,27684,4,df3f619804a92fdb4057192dc43dd748ea778adc52bc498ce80524c014b81119,00000000,,,,,False,,,,,,,,,,False,False
/application/zukanlist/zkn_data/zukan_enc_pearl.narc,/application/zukanlist/zkn_data/zukan_enc_pearl.narc!/member_04192,0,/application/zukanlist/zkn_data/zukan_enc_pearl.narc,92,4192,,67368,67372,27684,27688,4,df3f619804a92fdb4057192dc43dd748ea778adc52bc498ce80524c014b81119,00000000,,,,,False,,,,,,,,,,False,False
/application/zukanlist/zkn_data/zukan_enc_pearl.narc,/application/zukanlist/zkn_data/zukan_enc_pearl.narc!/member_04193,0,/application/zukanlist/zkn_data/zukan_enc_pearl.narc,92,4193,,67372,67376,27688,27692,4,df3f619804a92fdb4057192dc43dd748ea778adc52bc498ce80524c014b81119,00000000,,,,,False,,,,,,,,,,False,False
/application/zukanlist/zkn_data/zukan_enc_pearl.narc,/application/zukanlist/zkn_data/zukan_enc_pearl.narc!/member_04194,0,/application/zukanlist/zkn_data/zukan_enc_pearl.narc,92,4194,,67376,67380,27692,27696,4,df3f619804a92fdb4057192dc43dd748ea778adc52bc498ce80524c014b81119,00000000,,,,,False,,,,,,,,,,False,False
/application/zukanlist/zkn_data/zukan_enc_pearl.narc,/application/zukanlist/zkn_data/zukan_enc_pearl.narc!/member_04195,0,/application/zukanlist/zkn_data/zukan_enc_pearl.narc,92,4195,,67380,67384,27696,27700,4,df3f619804a92fdb4057192dc43dd748ea778adc52bc498ce80524c014b81119,00000000,,,,,False,,,,,,,,,,False,False
/application/zukanlist/zkn_data/zukan_enc_pearl.narc,/application/zukanlist/zkn_data/zukan_enc_pearl.narc!/member_04196,0,/application/zukanlist/zkn_data/zukan_enc_pearl.narc,92,4196,,67384,67388,27700,27704,4,df3f619804a92fdb4057192dc43dd748ea778adc52bc498ce80524c014b81119,00000000,,,,,False,,,,,,,,,,False,False
/application/zukanlist/zkn_data/zukan_enc_pearl.narc,/application/zukanlist/zkn_data/zukan_enc_pearl.narc!/member_04197,0,/application/zukanlist/zkn_data/zukan_enc_pearl.narc,92,4197,,67388,67392,27704,27708,4,df3f619804a92fdb4057192dc43dd748ea778adc52bc498ce80524c014b81119,00000000,,,,,False,,,,,,,,,,False,False
/application/zukanlist/zkn_data/zukan_enc_pearl.narc,/application/zukanlist/zkn_data/zukan_enc_pearl.narc!/member_04198,0,/application/zukanlist/zkn_data/zukan_enc_pearl.narc,92,4198,,67392,67396,27708,27712,4,df3f619804a92fdb4057192dc43dd748ea778adc52bc498ce80524c014b81119,00000000,,,,,False,,,,,,,,,,False,False
/application/zukanlist/zkn_data/zukan_enc_pearl.narc,/application/zukanlist/zkn_data/zukan_enc_pearl.narc!/member_04199,0,/application/zukanlist/zkn_data/zukan_enc_pearl.narc,92,4199,,67396,67400,27712,27716,4,df3f619804a92fdb4057192dc43dd748ea778adc52bc498ce80524c014b81119,00000000,,,,,False,,,,,,,,,,False,False
/application/zukanlist/zkn_data/zukan_enc_pearl.narc,/application/zukanlist/zkn_data/zukan_enc_pearl.narc!/member_04200,0,/application/zukanlist/zkn_data/zukan_enc_pearl.narc,92,4200,,67400,67404,27716,27720,4,df3f619804a92fdb4057192dc43dd748ea778adc52bc498ce80524c014b81119,00000000,,,,,False,,,,,,,,,,False,False
/application/zukanlist/zkn_data/zukan_enc_pearl.narc,/application/zukanlist/zkn_data/zukan_enc_pearl.narc!/member_04201,0,/application/zukanlist/zkn_data/zukan_enc_pearl.narc,92,4201,,67404,67408,27720,27724,4,df3f619804a92fdb4057192dc43dd748ea778adc52bc498ce80524c014b81119,00000000,,,,,False,,,,,,,,,,False,False
/application/zukanlist/zkn_data/zukan_enc_pearl.narc,/application/zukanlist/zkn_data/zukan_enc_pearl.narc!/member_04202,0,/application/zukanlist/zkn_data/zukan_enc_pearl.narc,92,4202,,67408,67412,27724,27728,4,df3f619804a92fdb4057192dc43dd748ea778adc52bc498ce80524c014b81119,00000000,,,,,False,,,,,,,,,,False,False
/application/zukanlist/zkn_data/zukan_enc_pearl.narc,/application/zukanlist/zkn_data/zukan_enc_pearl.narc!/member_04203,0,/application/zukanlist/zkn_data/zukan_enc_pearl.narc,92,4203,,67412,67416,27728,27732,4,df3f619804a92fdb4057192dc43dd748ea778adc52bc498ce80524c014b81119,00000000,,,,,False,,,,,,,,,,False,False
/application/zukanlist/zkn_data/zukan_enc_pearl.narc,/application/zukanlist/zkn_data/zukan_enc_pearl.narc!/member_04204,0,/application/zukanlist/zkn_data/zukan_enc_pearl.narc,92,4204,,67416,67420,27732,27736,4,df3f619804a92fdb4057192dc43dd748ea778adc52bc498ce80524c014b81119,00000000,,,,,False,,,,,,,,,,False,False
/application/zukanlist/zkn_data/zukan_enc_pearl.narc,/application/zukanlist/zkn_data/zukan_enc_pearl.narc!/member_04205,0,/application/zukanlist/zkn_data/zukan_enc_pearl.narc,92,4205,,67420,67424,27736,27740,4,df3f619804a92fdb4057192dc43dd748ea778adc52bc498ce80524c014b81119,00000000,,,,,False,,,,,,,,,,False,False
/application/zukanlist/zkn_data/zukan_enc_pearl.narc,/application/zukanlist/zkn_data/zukan_enc_pearl.narc!/member_04206,0,/application/zukanlist/zkn_data/zukan_enc_pearl.narc,92,4206,,67424,67428,27740,27744,4,df3f619804a92fdb4057192dc43dd748ea778adc52bc498ce80524c014b81119,00000000,,,,,False,,,,,,,,,,False,False
/application/zukanlist/zkn_data/zukan_enc_pearl.narc,/application/zukanlist/zkn_data/zukan_enc_pearl.narc!/member_04207,0,/application/zukanlist/zkn_data/zukan_enc_pearl.narc,92,4207,,67428,67432,27744,27748,4,df3f619804a92fdb4057192dc43dd748ea778adc52bc498ce80524c014b81119,00000000,,,,,False,,,,,,,,,,False,False
/application/zukanlist/zkn_data/zukan_enc_pearl.narc,/application/zukanlist/zkn_data/zukan_enc_pearl.narc!/member_04208,0,/application/zukanlist/zkn_data/zukan_enc_pearl.narc,92,4208,,67432,67436,27748,27752,4,df3f619804a92fdb4057192dc43dd748ea778adc52bc498ce80524c014b81119,00000000,,,,,False,,,,,,,,,,False,False
/application/zukanlist/zkn_data/zukan_enc_pearl.narc,/application/zukanlist/zkn_data/zukan_enc_pearl.narc!/member_04209,0,/application/zukanlist/zkn_data/zukan_enc_pearl.narc,92,4209,,67436,67440,27752,27756,4,df3f619804a92fdb4057192dc43dd748ea778adc52bc498ce80524c014b81119,00000000,,,,,False,,,,,,,,,,False,False
/application/zukanlist/zkn_data/zukan_enc_pearl.narc,/application/zukanlist/zkn_data/zukan_enc_pearl.narc!/member_04210,0,/application/zukanlist/zkn_data/zukan_enc_pearl.narc,92,4210,,67440,67444,27756,27760,4,df3f619804a92fdb4057192dc43dd748ea778adc52bc498ce80524c014b81119,00000000,,,,,False,,,,,,,,,,False,False
/application/zukanlist/zkn_data/zukan_enc_pearl.narc,/application/zukanlist/zkn_data/zukan_enc_pearl.narc!/member_04211,0,/application/zukanlist/zkn_data/zukan_enc_pearl.narc,92,4211,,67444,67448,27760,27764,4,df3f619804a92fdb4057192dc43dd748ea778adc52bc498ce80524c014b81119,00000000,,,,,False,,,,,,,,,,False,False
/application/zukanlist/zkn_data/zukan_enc_pearl.narc,/application/zukanlist/zkn_data/zukan_enc_pearl.narc!/member_04212,0,/application/zukanlist/zkn_data/zukan_enc_pearl.narc,92,4212,,67448,67452,27764,27768,4,df3f619804a92fdb4057192dc43dd748ea778adc52bc498ce80524c014b81119,00000000,,,,,False,,,,,,,,,,False,False
/application/zukanlist/zkn_data/zukan_enc_pearl.narc,/application/zukanlist/zkn_data/zukan_enc_pearl.narc!/member_04213,0,/application/zukanlist/zkn_data/zukan_enc_pearl.narc,92,4213,,67452,67456,27768,27772,4,df3f619804a92fdb4057192dc43dd748ea778adc52bc498ce80524c014b81119,00000000,,,,,False,,,,,,,,,,False,False
/application/zukanlist/zkn_data/zukan_enc_pearl.narc,/application/zukanlist/zkn_data/zukan_enc_pearl.narc!/member_04214,0,/application/zukanlist/zkn_data/zukan_enc_pearl.narc,92,4214,,67456,67460,27772,27776,4,df3f619804a92fdb4057192dc43dd748ea778adc52bc498ce80524c014b81119,00000000,,,,,False,,,,,,,,,,False,False
/application/zukanlist/zkn_data/zukan_enc_pearl.narc,/application/zukanlist/zkn_data/zukan_enc_pearl.narc!/member_04215,0,/application/zukanlist/zkn_data/zukan_enc_pearl.narc,92,4215,,67460,67464,27776,27780,4,df3f619804a92fdb4057192dc43dd748ea778adc52bc498ce80524c014b81119,00000000,,,,,False,,,,,,,,,,False,False
/application/zukanlist/zkn_data/zukan_enc_pearl.narc,/application/zukanlist/zkn_data/zukan_enc_pearl.narc!/member_04216,0,/application/zukanlist/zkn_data/zukan_enc_pearl.narc,92,4216,,67464,67468,27780,27784,4,df3f619804a92fdb4057192dc43dd748ea778adc52bc498ce80524c014b81119,00000000,,,,,False,,,,,,,,,,False,False
/application/zukanlist/zkn_data/zukan_enc_pearl.narc,/application/zukanlist/zkn_data/zukan_enc_pearl.narc!/member_04217,0,/application/zukanlist/zkn_data/zukan_enc_pearl.narc,92,4217,,67468,67472,27784,27788,4,df3f619804a92fdb4057192dc43dd748ea778adc52bc498ce80524c014b81119,00000000,,,,,False,,,,,,,,,,False,False
/application/zukanlist/zkn_data/zukan_enc_pearl.narc,/application/zukanlist/zkn_data/zukan_enc_pearl.narc!/member_04218,0,/application/zukanlist/zkn_data/zukan_enc_pearl.narc,92,4218,,67472,67476,27788,27792,4,df3f619804a92fdb4057192dc43dd748ea778adc52bc498ce80524c014b81119,00000000,,,,,False,,,,,,,,,,False,False
/application/zukanlist/zkn_data/zukan_enc_pearl.narc,/application/zukanlist/zkn_data/zukan_enc_pearl.narc!/member_04219,0,/application/zukanlist/zkn_data/zukan_enc_pearl.narc,92,4219,,67476,67480,27792,27796,4,df3f619804a92fdb4057192dc43dd748ea778adc52bc498ce80524c014b81119,00000000,,,,,False,,,,,,,,,,False,False
/application/zukanlist/zkn_data/zukan_enc_pearl.narc,/application/zukanlist/zkn_data/zukan_enc_pearl.narc!/member_04220,0,/application/zukanlist/zkn_data/zukan_enc_pearl.narc,92,4220,,67480,67484,27796,27800,4,df3f619804a92fdb4057192dc43dd748ea778adc52bc498ce80524c014b81119,00000000,,,,,False,,,,,,,,,,False,False
/application/zukanlist/zkn_data/zukan_enc_pearl.narc,/application/zukanlist/zkn_data/zukan_enc_pearl.narc!/member_04221,0,/application/zukanlist/zkn_data/zukan_enc_pearl.narc,92,4221,,67484,67488,27800,27804,4,df3f619804a92fdb4057192dc43dd748ea778adc52bc498ce80524c014b81119,00000000,,,,,False,,,,,,,,,,False,False
/application/zukanlist/zkn_data/zukan_enc_pearl.narc,/application/zukanlist/zkn_data/zukan_enc_pearl.narc!/member_04222,0,/application/zukanlist/zkn_data/zukan_enc_pearl.narc,92,4222,,67488,67492,27804,27808,4,df3f619804a92fdb4057192dc43dd748ea778adc52bc498ce80524c014b81119,00000000,,,,,False,,,,,,,,,,False,False
/application/zukanlist/zkn_data/zukan_enc_pearl.narc,/application/zukanlist/zkn_data/zukan_enc_pearl.narc!/member_04223,0,/application/zukanlist/zkn_data/zukan_enc_pearl.narc,92,4223,,67492,67496,27808,27812,4,df3f619804a92fdb4057192dc43dd748ea778adc52bc498ce80524c014b81119,00000000,,,,,False,,,,,,,,,,False,False
/application/zukanlist/zkn_data/zukan_enc_pearl.narc,/application/zukanlist/zkn_data/zukan_enc_pearl.narc!/member_04224,0,/application/zukanlist/zkn_data/zukan_enc_pearl.narc,92,4224,,67496,67500,27812,27816,4,df3f619804a92fdb4057192dc43dd748ea778adc52bc498ce80524c014b81119,00000000,,,,,False,,,,,,,,,,False,False
/application/zukanlist/zkn_data/zukan_enc_pearl.narc,/application/zukanlist/zkn_data/zukan_enc_pearl.narc!/member_04225,0,/application/zukanlist/zkn_data/zukan_enc_pearl.narc,92,4225,,67500,67504,27816,27820,4,df3f619804a92fdb4057192dc43dd748ea778adc52bc498ce80524c014b81119,00000000,,,,,False,,,,,,,,,,False,False
/application/zukanlist/zkn_data/zukan_enc_pearl.narc,/application/zukanlist/zkn_data/zukan_enc_pearl.narc!/member_04226,0,/application/zukanlist/zkn_data/zukan_enc_pearl.narc,92,4226,,67504,67508,27820,27824,4,df3f619804a92fdb4057192dc43dd748ea778adc52bc498ce80524c014b81119,00000000,,,,,False,,,,,,,,,,False,False
/application/zukanlist/zkn_data/zukan_enc_pearl.narc,/application/zukanlist/zkn_data/zukan_enc_pearl.narc!/member_04227,0,/application/zukanlist/zkn_data/zukan_enc_pearl.narc,92,4227,,67508,67512,27824,27828,4,df3f619804a92fdb4057192dc43dd748ea778adc52bc498ce80524c014b81119,00000000,,,,,False,,,,,,,,,,False,False
/application/zukanlist/zkn_data/zukan_enc_pearl.narc,/application/zukanlist/zkn_data/zukan_enc_pearl.narc!/member_04228,0,/application/zukanlist/zkn_data/zukan_enc_pearl.narc,92,4228,,67512,67516,27828,27832,4,df3f619804a92fdb4057192dc43dd748ea778adc52bc498ce80524c014b81119,00000000,,,,,False,,,,,,,,,,False,False
/application/zukanlist/zkn_data/zukan_enc_pearl.narc,/application/zukanlist/zkn_data/zukan_enc_pearl.narc!/member_04229,0,/application/zukanlist/zkn_data/zukan_enc_pearl.narc,92,4229,,67516,67600,27832,27916,84,5d9140735e9373d7d8aabe89a1b6a00e4cf9d3069924b87b07c5656236b73ef2,06000000070000001100000012000000,,,,,False,,,,,,,,,,False,False
/application/zukanlist/zkn_data/zukan_enc_pearl.narc,/application/zukanlist/zkn_data/zukan_enc_pearl.narc!/member_04230,0,/application/zukanlist/zkn_data/zukan_enc_pearl.narc,92,4230,,67600,67604,27916,27920,4,df3f619804a92fdb4057192dc43dd748ea778adc52bc498ce80524c014b81119,00000000,,,,,False,,,,,,,,,,False,False
/application/zukanlist/zkn_data/zukan_enc_pearl.narc,/application/zukanlist/zkn_data/zukan_enc_pearl.narc!/member_04231,0,/application/zukanlist/zkn_data/zukan_enc_pearl.narc,92,4231,,67604,67608,27920,27924,4,df3f619804a92fdb4057192dc43dd748ea778adc52bc498ce80524c014b81119,00000000,,,,,False,,,,,,,,,,False,False
/application/zukanlist/zkn_data/zukan_enc_pearl.narc,/application/zukanlist/zkn_data/zukan_enc_pearl.narc!/member_04232,0,/application/zukanlist/zkn_data/zukan_enc_pearl.narc,92,4232,,67608,67692,27924,28008,84,5d9140735e9373d7d8aabe89a1b6a00e4cf9d3069924b87b07c5656236b73ef2,06000000070000001100000012000000,,,,,False,,,,,,,,,,False,False
/application/zukanlist/zkn_data/zukan_enc_pearl.narc,/application/zukanlist/zkn_data/zukan_enc_pearl.narc!/member_04233,0,/application/zukanlist/zkn_data/zukan_enc_pearl.narc,92,4233,,67692,67696,28008,28012,4,df3f619804a92fdb4057192dc43dd748ea778adc52bc498ce80524c014b81119,00000000,,,,,False,,,,,,,,,,False,False
/application/zukanlist/zkn_data/zukan_enc_pearl.narc,/application/zukanlist/zkn_data/zukan_enc_pearl.narc!/member_04234,0,/application/zukanlist/zkn_data/zukan_enc_pearl.narc,92,4234,,67696,67700,28012,28016,4,df3f619804a92fdb4057192dc43dd748ea778adc52bc498ce80524c014b81119,00000000,,,,,False,,,,,,,,,,False,False
/application/zukanlist/zkn_data/zukan_enc_pearl.narc,/application/zukanlist/zkn_data/zukan_enc_pearl.narc!/member_04235,0,/application/zukanlist/zkn_data/zukan_enc_pearl.narc,92,4235,,67700,67704,28016,28020,4,df3f619804a92fdb4057192dc43dd748ea778adc52bc498ce80524c014b81119,00000000,,,,,False,,,,,,,,,,False,False
/application/zukanlist/zkn_data/zukan_enc_pearl.narc,/application/zukanlist/zkn_data/zukan_enc_pearl.narc!/member_04236,0,/application/zukanlist/zkn_data/zukan_enc_pearl.narc,92,4236,,67704,67708,28020,28024,4,df3f619804a92fdb4057192dc43dd748ea778adc52bc498ce80524c014b81119,00000000,,,,,False,,,,,,,,,,False,False
/application/zukanlist/zkn_data/zukan_enc_pearl.narc,/application/zukanlist/zkn_data/zukan_enc_pearl.narc!/member_04237,0,/application/zukanlist/zkn_data/zukan_enc_pearl.narc,92,4237,,67708,67712,28024,28028,4,df3f619804a92fdb4057192dc43dd748ea778adc52bc498ce80524c014b81119,00000000,,,,,False,,,,,,,,,,False,False
/application/zukanlist/zkn_data/zukan_enc_pearl.narc,/application/zukanlist/zkn_data/zukan_enc_pearl.narc!/member_04238,0,/application/zukanlist/zkn_data/zukan_enc_pearl.narc,92,4238,,67712,67716,28028,28032,4,df3f619804a92fdb4057192dc43dd748ea778adc52bc498ce80524c014b81119,00000000,,,,,False,,,,,,,,,,False,False
/application/zukanlist/zkn_data/zukan_enc_pearl.narc,/application/zukanlist/zkn_data/zukan_enc_pearl.narc!/member_04239,0,/application/zukanlist/zkn_data/zukan_enc_pearl.narc,92,4239,,67716,67720,28032,28036,4,df3f619804a92fdb4057192dc43dd748ea778adc52bc498ce80524c014b81119,00000000,,,,,False,,,,,,,,,,False,False
/application/zukanlist/zkn_data/zukan_enc_pearl.narc,/application/zukanlist/zkn_data/zukan_enc_pearl.narc!/member_04240,0,/application/zukanlist/zkn_data/zukan_enc_pearl.narc,92,4240,,67720,67724,28036,28040,4,df3f619804a92fdb4057192dc43dd748ea778adc52bc498ce80524c014b81119,00000000,,,,,False,,,,,,,,,,False,False
/application/zukanlist/zkn_data/zukan_enc_pearl.narc,/application/zukanlist/zkn_data/zukan_enc_pearl.narc!/member_04241,0,/application/zukanlist/zkn_data/zukan_enc_pearl.narc,92,4241,,67724,67728,28040,28044,4,df3f619804a92fdb4057192dc43dd748ea778adc52bc498ce80524c014b81119,00000000,,,,,False,,,,,,,,,,False,False
/application/zukanlist/zkn_data/zukan_enc_pearl.narc,/application/zukanlist/zkn_data/zukan_enc_pearl.narc!/member_04242,0,/application/zukanlist/zkn_data/zukan_enc_pearl.narc,92,4242,,67728,67732,28044,28048,4,df3f619804a92fdb4057192dc43dd748ea778adc52bc498ce80524c014b81119,00000000,,,,,False,,,,,,,,,,False,False
/application/zukanlist/zkn_data/zukan_enc_pearl.narc,/application/zukanlist/zkn_data/zukan_enc_pearl.narc!/member_04243,0,/application/zukanlist/zkn_data/zukan_enc_pearl.narc,92,4243,,67732,67736,28048,28052,4,df3f619804a92fdb4057192dc43dd748ea778adc52bc498ce80524c014b81119,00000000,,,,,False,,,,,,,,,,False,False
/application/zukanlist/zkn_data/zukan_enc_pearl.narc,/application/zukanlist/zkn_data/zukan_enc_pearl.narc!/member_04244,0,/application/zukanlist/zkn_data/zukan_enc_pearl.narc,92,4244,,67736,67740,28052,28056,4,df3f619804a92fdb4057192dc43dd748ea778adc52bc498ce80524c014b81119,00000000,,,,,False,,,,,,,,,,False,False
/application/zukanlist/zkn_data/zukan_enc_pearl.narc,/application/zukanlist/zkn_data/zukan_enc_pearl.narc!/member_04245,0,/application/zukanlist/zkn_data/zukan_enc_pearl.narc,92,4245,,67740,67744,28056,28060,4,df3f619804a92fdb4057192dc43dd748ea778adc52bc498ce80524c014b81119,00000000,,,,,False,,,,,,,,,,False,False
/application/zukanlist/zkn_data/zukan_enc_pearl.narc,/application/zukanlist/zkn_data/zukan_enc_pearl.narc!/member_04246,0,/application/zukanlist/zkn_data/zukan_enc_pearl.narc,92,4246,,67744,67748,28060,28064,4,df3f619804a92fdb4057192dc43dd748ea778adc52bc498ce80524c014b81119,00000000,,,,,False,,,,,,,,,,False,False
/application/zukanlist/zkn_data/zukan_enc_pearl.narc,/application/zukanlist/zkn_data/zukan_enc_pearl.narc!/member_04247,0,/application/zukanlist/zkn_data/zukan_enc_pearl.narc,92,4247,,67748,67752,28064,28068,4,df3f619804a92fdb4057192dc43dd748ea778adc52bc498ce80524c014b81119,00000000,,,,,False,,,,,,,,,,False,False
/application/zukanlist/zkn_data/zukan_enc_pearl.narc,/application/zukanlist/zkn_data/zukan_enc_pearl.narc!/member_04248,0,/application/zukanlist/zkn_data/zukan_enc_pearl.narc,92,4248,,67752,67756,28068,28072,4,df3f619804a92fdb4057192dc43dd748ea778adc52bc498ce80524c014b81119,00000000,,,,,False,,,,,,,,,,False,False
/application/zukanlist/zkn_data/zukan_enc_pearl.narc,/application/zukanlist/zkn_data/zukan_enc_pearl.narc!/member_04249,0,/application/zukanlist/zkn_data/zukan_enc_pearl.narc,92,4249,,67756,67760,28072,28076,4,df3f619804a92fdb4057192dc43dd748ea778adc52bc498ce80524c014b81119,00000000,,,,,False,,,,,,,,,,False,False
/application/zukanlist/zkn_data/zukan_enc_pearl.narc,/application/zukanlist/zkn_data/zukan_enc_pearl.narc!/member_04250,0,/application/zukanlist/zkn_data/zukan_enc_pearl.narc,92,4250,,67760,67764,28076,28080,4,df3f619804a92fdb4057192dc43dd748ea778adc52bc498ce80524c014b81119,00000000,,,,,False,,,,,,,,,,False,False
/application/zukanlist/zkn_data/zukan_enc_pearl.narc,/application/zukanlist/zkn_data/zukan_enc_pearl.narc!/member_04251,0,/application/zukanlist/zkn_data/zukan_enc_pearl.narc,92,4251,,67764,67768,28080,28084,4,df3f619804a92fdb4057192dc43dd748ea778adc52bc498ce80524c014b81119,00000000,,,,,False,,,,,,,,,,False,False
/application/zukanlist/zkn_data/zukan_enc_pearl.narc,/application/zukanlist/zkn_data/zukan_enc_pearl.narc!/member_04252,0,/application/zukanlist/zkn_data/zukan_enc_pearl.narc,92,4252,,67768,67772,28084,28088,4,df3f619804a92fdb4057192dc43dd748ea778adc52bc498ce80524c014b81119,00000000,,,,,False,,,,,,,,,,False,False
/application/zukanlist/zkn_data/zukan_enc_pearl.narc,/application/zukanlist/zkn_data/zukan_enc_pearl.narc!/member_04253,0,/application/zukanlist/zkn_data/zukan_enc_pearl.narc,92,4253,,67772,67776,28088,28092,4,df3f619804a92fdb4057192dc43dd748ea778adc52bc498ce80524c014b81119,00000000,,,,,False,,,,,,,,,,False,False
/application/zukanlist/zkn_data/zukan_enc_pearl.narc,/application/zukanlist/zkn_data/zukan_enc_pearl.narc!/member_04254,0,/application/zukanlist/zkn_data/zukan_enc_pearl.narc,92,4254,,67776,67780,28092,28096,4,df3f619804a92fdb4057192dc43dd748ea778adc52bc498ce80524c014b81119,00000000,,,,,False,,,,,,,,,,False,False
/application/zukanlist/zkn_data/zukan_enc_pearl.narc,/application/zukanlist/zkn_data/zukan_enc_pearl.narc!/member_04255,0,/application/zukanlist/zkn_data/zukan_enc_pearl.narc,92,4255,,67780,67784,28096,28100,4,df3f619804a92fdb4057192dc43dd748ea778adc52bc498ce80524c014b81119,00000000,,,,,False,,,,,,,,,,False,False
/application/zukanlist/zkn_data/zukan_enc_pearl.narc,/application/zukanlist/zkn_data/zukan_enc_pearl.narc!/member_04256,0,/application/zukanlist/zkn_data/zukan_enc_pearl.narc,92,4256,,67784,67788,28100,28104,4,df3f619804a92fdb4057192dc43dd748ea778adc52bc498ce80524c014b81119,00000000,,,,,False,,,,,,,,,,False,False
/application/zukanlist/zkn_data/zukan_enc_pearl.narc,/application/zukanlist/zkn_data/zukan_enc_pearl.narc!/member_04257,0,/application/zukanlist/zkn_data/zukan_enc_pearl.narc,92,4257,,67788,67792,28104,28108,4,df3f619804a92fdb4057192dc43dd748ea778adc52bc498ce80524c014b81119,00000000,,,,,False,,,,,,,,,,False,False
/application/zukanlist/zkn_data/zukan_enc_pearl.narc,/application/zukanlist/zkn_data/zukan_enc_pearl.narc!/member_04258,0,/application/zukanlist/zkn_data/zukan_enc_pearl.narc,92,4258,,67792,67796,28108,28112,4,df3f619804a92fdb4057192dc43dd748ea778adc52bc498ce80524c014b81119,00000000,,,,,False,,,,,,,,,,False,False
/application/zukanlist/zkn_data/zukan_enc_pearl.narc,/application/zukanlist/zkn_data/zukan_enc_pearl.narc!/member_04259,0,/application/zukanlist/zkn_data/zukan_enc_pearl.narc,92,4259,,67796,67800,28112,28116,4,df3f619804a92fdb4057192dc43dd748ea778adc52bc498ce80524c014b81119,00000000,,,,,False,,,,,,,,,,False,False
/application/zukanlist/zkn_data/zukan_enc_pearl.narc,/application/zukanlist/zkn_data/zukan_enc_pearl.narc!/member_04260,0,/application/zukanlist/zkn_data/zukan_enc_pearl.narc,92,4260,,67800,67804,28116,28120,4,df3f619804a92fdb4057192dc43dd748ea778adc52bc498ce80524c014b81119,00000000,,,,,False,,,,,,,,,,False,False
/application/zukanlist/zkn_data/zukan_enc_pearl.narc,/application/zukanlist/zkn_data/zukan_enc_pearl.narc!/member_04261,0,/application/zukanlist/zkn_data/zukan_enc_pearl.narc,92,4261,,67804,67808,28120,28124,4,df3f619804a92fdb4057192dc43dd748ea778adc52bc498ce80524c014b81119,00000000,,,,,False,,,,,,,,,,False,False
/application/zukanlist/zkn_data/zukan_enc_pearl.narc,/application/zukanlist/zkn_data/zukan_enc_pearl.narc!/member_04262,0,/application/zukanlist/zkn_data/zukan_enc_pearl.narc,92,4262,,67808,67812,28124,28128,4,df3f619804a92fdb4057192dc43dd748ea778adc52bc498ce80524c014b81119,00000000,,,,,False,,,,,,,,,,False,False
/application/zukanlist/zkn_data/zukan_enc_pearl.narc,/application/zukanlist/zkn_data/zukan_enc_pearl.narc!/member_04263,0,/application/zukanlist/zkn_data/zukan_enc_pearl.narc,92,4263,,67812,67816,28128,28132,4,df3f619804a92fdb4057192dc43dd748ea778adc52bc498ce80524c014b81119,00000000,,,,,False,,,,,,,,,,False,False
/application/zukanlist/zkn_data/zukan_enc_pearl.narc,/application/zukanlist/zkn_data/zukan_enc_pearl.narc!/member_04264,0,/application/zukanlist/zkn_data/zukan_enc_pearl.narc,92,4264,,67816,67820,28132,28136,4,df3f619804a92fdb4057192dc43dd748ea778adc52bc498ce80524c014b81119,00000000,,,,,False,,,,,,,,,,False,False
/application/zukanlist/zkn_data/zukan_enc_pearl.narc,/application/zukanlist/zkn_data/zukan_enc_pearl.narc!/member_04265,0,/application/zukanlist/zkn_data/zukan_enc_pearl.narc,92,4265,,67820,67824,28136,28140,4,df3f619804a92fdb4057192dc43dd748ea778adc52bc498ce80524c014b81119,00000000,,,,,False,,,,,,,,,,False,False
/application/zukanlist/zkn_data/zukan_enc_pearl.narc,/application/zukanlist/zkn_data/zukan_enc_pearl.narc!/member_04266,0,/application/zukanlist/zkn_data/zukan_enc_pearl.narc,92,4266,,67824,67828,28140,28144,4,df3f619804a92fdb4057192dc43dd748ea778adc52bc498ce80524c014b81119,00000000,,,,,False,,,,,,,,,,False,False
/application/zukanlist/zkn_data/zukan_enc_pearl.narc,/application/zukanlist/zkn_data/zukan_enc_pearl.narc!/member_04267,0,/application/zukanlist/zkn_data/zukan_enc_pearl.narc,92,4267,,67828,67832,28144,28148,4,df3f619804a92fdb4057192dc43dd748ea778adc52bc498ce80524c014b81119,00000000,,,,,False,,,,,,,,,,False,False
/application/zukanlist/zkn_data/zukan_enc_pearl.narc,/application/zukanlist/zkn_data/zukan_enc_pearl.narc!/member_04268,0,/application/zukanlist/zkn_data/zukan_enc_pearl.narc,92,4268,,67832,67836,28148,28152,4,df3f619804a92fdb4057192dc43dd748ea778adc52bc498ce80524c014b81119,00000000,,,,,False,,,,,,,,,,False,False
/application/zukanlist/zkn_data/zukan_enc_pearl.narc,/application/zukanlist/zkn_data/zukan_enc_pearl.narc!/member_04269,0,/application/zukanlist/zkn_data/zukan_enc_pearl.narc,92,4269,,67836,67840,28152,28156,4,df3f619804a92fdb4057192dc43dd748ea778adc52bc498ce80524c014b81119,00000000,,,,,False,,,,,,,,,,False,False
/application/zukanlist/zkn_data/zukan_enc_pearl.narc,/application/zukanlist/zkn_data/zukan_enc_pearl.narc!/member_04270,0,/application/zukanlist/zkn_data/zukan_enc_pearl.narc,92,4270,,67840,67844,28156,28160,4,df3f619804a92fdb4057192dc43dd748ea778adc52bc498ce80524c014b81119,00000000,,,,,False,,,,,,,,,,False,False
/application/zukanlist/zkn_data/zukan_enc_pearl.narc,/application/zukanlist/zkn_data/zukan_enc_pearl.narc!/member_04271,0,/application/zukanlist/zkn_data/zukan_enc_pearl.narc,92,4271,,67844,67848,28160,28164,4,df3f619804a92fdb4057192dc43dd748ea778adc52bc498ce80524c014b81119,00000000,,,,,False,,,,,,,,,,False,False
/application/zukanlist/zkn_data/zukan_enc_pearl.narc,/application/zukanlist/zkn_data/zukan_enc_pearl.narc!/member_04272,0,/application/zukanlist/zkn_data/zukan_enc_pearl.narc,92,4272,,67848,67852,28164,28168,4,df3f619804a92fdb4057192dc43dd748ea778adc52bc498ce80524c014b81119,00000000,,,,,False,,,,,,,,,,False,False
/application/zukanlist/zkn_data/zukan_enc_pearl.narc,/application/zukanlist/zkn_data/zukan_enc_pearl.narc!/member_04273,0,/application/zukanlist/zkn_data/zukan_enc_pearl.narc,92,4273,,67852,67856,28168,28172,4,df3f619804a92fdb4057192dc43dd748ea778adc52bc498ce80524c014b81119,00000000,,,,,False,,,,,,,,,,False,False
/application/zukanlist/zkn_data/zukan_enc_pearl.narc,/application/zukanlist/zkn_data/zukan_enc_pearl.narc!/member_04274,0,/application/zukanlist/zkn_data/zukan_enc_pearl.narc,92,4274,,67856,67860,28172,28176,4,df3f619804a92fdb4057192dc43dd748ea778adc52bc498ce80524c014b81119,00000000,,,,,False,,,,,,,,,,False,False
/application/zukanlist/zkn_data/zukan_enc_pearl.narc,/application/zukanlist/zkn_data/zukan_enc_pearl.narc!/member_04275,0,/application/zukanlist/zkn_data/zukan_enc_pearl.narc,92,4275,,67860,67864,28176,28180,4,df3f619804a92fdb4057192dc43dd748ea778adc52bc498ce80524c014b81119,00000000,,,,,False,,,,,,,,,,False,False
/application/zukanlist/zkn_data/zukan_enc_pearl.narc,/application/zukanlist/zkn_data/zukan_enc_pearl.narc!/member_04276,0,/application/zukanlist/zkn_data/zukan_enc_pearl.narc,92,4276,,67864,67868,28180,28184,4,df3f619804a92fdb4057192dc43dd748ea778adc52bc498ce80524c014b81119,00000000,,,,,False,,,,,,,,,,False,False
/application/zukanlist/zkn_data/zukan_enc_pearl.narc,/application/zukanlist/zkn_data/zukan_enc_pearl.narc!/member_04277,0,/application/zukanlist/zkn_data/zukan_enc_pearl.narc,92,4277,,67868,67872,28184,28188,4,df3f619804a92fdb4057192dc43dd748ea778adc52bc498ce80524c014b81119,00000000,,,,,False,,,,,,,,,,False,False
/application/zukanlist/zkn_data/zukan_enc_pearl.narc,/application/zukanlist/zkn_data/zukan_enc_pearl.narc!/member_04278,0,/application/zukanlist/zkn_data/zukan_enc_pearl.narc,92,4278,,67872,67876,28188,28192,4,df3f619804a92fdb4057192dc43dd748ea778adc52bc498ce80524c014b81119,00000000,,,,,False,,,,,,,,,,False,False
/application/zukanlist/zkn_data/zukan_enc_pearl.narc,/application/zukanlist/zkn_data/zukan_enc_pearl.narc!/member_04279,0,/application/zukanlist/zkn_data/zukan_enc_pearl.narc,92,4279,,67876,67880,28192,28196,4,df3f619804a92fdb4057192dc43dd748ea778adc52bc498ce80524c014b81119,00000000,,,,,False,,,,,,,,,,False,False
/application/zukanlist/zkn_data/zukan_enc_pearl.narc,/application/zukanlist/zkn_data/zukan_enc_pearl.narc!/member_04280,0,/application/zukanlist/zkn_data/zukan_enc_pearl.narc,92,4280,,67880,67884,28196,28200,4,df3f619804a92fdb4057192dc43dd748ea778adc52bc498ce80524c014b81119,00000000,,,,,False,,,,,,,,,,False,False
/application/zukanlist/zkn_data/zukan_enc_pearl.narc,/application/zukanlist/zkn_data/zukan_enc_pearl.narc!/member_04281,0,/application/zukanlist/zkn_data/zukan_enc_pearl.narc,92,4281,,67884,67888,28200,28204,4,df3f619804a92fdb4057192dc43dd748ea778adc52bc498ce80524c014b81119,00000000,,,,,False,,,,,,,,,,False,False
/application/zukanlist/zkn_data/zukan_enc_pearl.narc,/application/zukanlist/zkn_data/zukan_enc_pearl.narc!/member_04282,0,/application/zukanlist/zkn_data/zukan_enc_pearl.narc,92,4282,,67888,67892,28204,28208,4,df3f619804a92fdb4057192dc43dd748ea778adc52bc498ce80524c014b81119,00000000,,,,,False,,,,,,,,,,False,False
/application/zukanlist/zkn_data/zukan_enc_pearl.narc,/application/zukanlist/zkn_data/zukan_enc_pearl.narc!/member_04283,0,/application/zukanlist/zkn_data/zukan_enc_pearl.narc,92,4283,,67892,67896,28208,28212,4,df3f619804a92fdb4057192dc43dd748ea778adc52bc498ce80524c014b81119,00000000,,,,,False,,,,,,,,,,False,False
/application/zukanlist/zkn_data/zukan_enc_pearl.narc,/application/zukanlist/zkn_data/zukan_enc_pearl.narc!/member_04284,0,/application/zukanlist/zkn_data/zukan_enc_pearl.narc,92,4284,,67896,67900,28212,28216,4,df3f619804a92fdb4057192dc43dd748ea778adc52bc498ce80524c014b81119,00000000,,,,,False,,,,,,,,,,False,False
/application/zukanlist/zkn_data/zukan_enc_pearl.narc,/application/zukanlist/zkn_data/zukan_enc_pearl.narc!/member_04285,0,/application/zukanlist/zkn_data/zukan_enc_pearl.narc,92,4285,,67900,67904,28216,28220,4,df3f619804a92fdb4057192dc43dd748ea778adc52bc498ce80524c014b81119,00000000,,,,,False,,,,,,,,,,False,False
/application/zukanlist/zkn_data/zukan_enc_pearl.narc,/application/zukanlist/zkn_data/zukan_enc_pearl.narc!/member_04286,0,/application/zukanlist/zkn_data/zukan_enc_pearl.narc,92,4286,,67904,67908,28220,28224,4,df3f619804a92fdb4057192dc43dd748ea778adc52bc498ce80524c014b81119,00000000,,,,,False,,,,,,,,,,False,False
/application/zukanlist/zkn_data/zukan_enc_pearl.narc,/application/zukanlist/zkn_data/zukan_enc_pearl.narc!/member_04287,0,/application/zukanlist/zkn_data/zukan_enc_pearl.narc,92,4287,,67908,67912,28224,28228,4,df3f619804a92fdb4057192dc43dd748ea778adc52bc498ce80524c014b81119,00000000,,,,,False,,,,,,,,,,False,False
/application/zukanlist/zkn_data/zukan_enc_pearl.narc,/application/zukanlist/zkn_data/zukan_enc_pearl.narc!/member_04288,0,/application/zukanlist/zkn_data/zukan_enc_pearl.narc,92,4288,,67912,67916,28228,28232,4,df3f619804a92fdb4057192dc43dd748ea778adc52bc498ce80524c014b81119,00000000,,,,,False,,,,,,,,,,False,False
/application/zukanlist/zkn_data/zukan_enc_pearl.narc,/application/zukanlist/zkn_data/zukan_enc_pearl.narc!/member_04289,0,/application/zukanlist/zkn_data/zukan_enc_pearl.narc,92,4289,,67916,67920,28232,28236,4,df3f619804a92fdb4057192dc43dd748ea778adc52bc498ce80524c014b81119,00000000,,,,,False,,,,,,,,,,False,False
/application/zukanlist/zkn_data/zukan_enc_pearl.narc,/application/zukanlist/zkn_data/zukan_enc_pearl.narc!/member_04290,0,/application/zukanlist/zkn_data/zukan_enc_pearl.narc,92,4290,,67920,67924,28236,28240,4,df3f619804a92fdb4057192dc43dd748ea778adc52bc498ce80524c014b81119,00000000,,,,,False,,,,,,,,,,False,False
/application/zukanlist/zkn_data/zukan_enc_pearl.narc,/application/zukanlist/zkn_data/zukan_enc_pearl.narc!/member_04291,0,/application/zukanlist/zkn_data/zukan_enc_pearl.narc,92,4291,,67924,67928,28240,28244,4,df3f619804a92fdb4057192dc43dd748ea778adc52bc498ce80524c014b81119,00000000,,,,,False,,,,,,,,,,False,False
/application/zukanlist/zkn_data/zukan_enc_pearl.narc,/application/zukanlist/zkn_data/zukan_enc_pearl.narc!/member_04292,0,/application/zukanlist/zkn_data/zukan_enc_pearl.narc,92,4292,,67928,67932,28244,28248,4,df3f619804a92fdb4057192dc43dd748ea778adc52bc498ce80524c014b81119,00000000,,,,,False,,,,,,,,,,False,False
/application/zukanlist/zkn_data/zukan_enc_pearl.narc,/application/zukanlist/zkn_data/zukan_enc_pearl.narc!/member_04293,0,/application/zukanlist/zkn_data/zukan_enc_pearl.narc,92,4293,,67932,67936,28248,28252,4,df3f619804a92fdb4057192dc43dd748ea778adc52bc498ce80524c014b81119,00000000,,,,,False,,,,,,,,,,False,False
/application/zukanlist/zkn_data/zukan_enc_pearl.narc,/application/zukanlist/zkn_data/zukan_enc_pearl.narc!/member_04294,0,/application/zukanlist/zkn_data/zukan_enc_pearl.narc,92,4294,,67936,67940,28252,28256,4,df3f619804a92fdb4057192dc43dd748ea778adc52bc498ce80524c014b81119,00000000,,,,,False,,,,,,,,,,False,False
/application/zukanlist/zkn_data/zukan_enc_pearl.narc,/application/zukanlist/zkn_data/zukan_enc_pearl.narc!/member_04295,0,/application/zukanlist/zkn_data/zukan_enc_pearl.narc,92,4295,,67940,67944,28256,28260,4,df3f619804a92fdb4057192dc43dd748ea778adc52bc498ce80524c014b81119,00000000,,,,,False,,,,,,,,,,False,False
/application/zukanlist/zkn_data/zukan_enc_pearl.narc,/application/zukanlist/zkn_data/zukan_enc_pearl.narc!/member_04296,0,/application/zukanlist/zkn_data/zukan_enc_pearl.narc,92,4296,,67944,67948,28260,28264,4,df3f619804a92fdb4057192dc43dd748ea778adc52bc498ce80524c014b81119,00000000,,,,,False,,,,,,,,,,False,False
/application/zukanlist/zkn_data/zukan_enc_pearl.narc,/application/zukanlist/zkn_data/zukan_enc_pearl.narc!/member_04297,0,/application/zukanlist/zkn_data/zukan_enc_pearl.narc,92,4297,,67948,67952,28264,28268,4,df3f619804a92fdb4057192dc43dd748ea778adc52bc498ce80524c014b81119,00000000,,,,,False,,,,,,,,,,False,False
/application/zukanlist/zkn_data/zukan_enc_pearl.narc,/application/zukanlist/zkn_data/zukan_enc_pearl.narc!/member_04298,0,/application/zukanlist/zkn_data/zukan_enc_pearl.narc,92,4298,,67952,67956,28268,28272,4,df3f619804a92fdb4057192dc43dd748ea778adc52bc498ce80524c014b81119,00000000,,,,,False,,,,,,,,,,False,False
/application/zukanlist/zkn_data/zukan_enc_pearl.narc,/application/zukanlist/zkn_data/zukan_enc_pearl.narc!/member_04299,0,/application/zukanlist/zkn_data/zukan_enc_pearl.narc,92,4299,,67956,67960,28272,28276,4,df3f619804a92fdb4057192dc43dd748ea778adc52bc498ce80524c014b81119,00000000,,,,,False,,,,,,,,,,False,False
/application/zukanlist/zkn_data/zukan_enc_pearl.narc,/application/zukanlist/zkn_data/zukan_enc_pearl.narc!/member_04300,0,/application/zukanlist/zkn_data/zukan_enc_pearl.narc,92,4300,,67960,67964,28276,28280,4,df3f619804a92fdb4057192dc43dd748ea778adc52bc498ce80524c014b81119,00000000,,,,,False,,,,,,,,,,False,False
/application/zukanlist/zkn_data/zukan_enc_pearl.narc,/application/zukanlist/zkn_data/zukan_enc_pearl.narc!/member_04301,0,/application/zukanlist/zkn_data/zukan_enc_pearl.narc,92,4301,,67964,67968,28280,28284,4,df3f619804a92fdb4057192dc43dd748ea778adc52bc498ce80524c014b81119,00000000,,,,,False,,,,,,,,,,False,False
/application/zukanlist/zkn_data/zukan_enc_pearl.narc,/application/zukanlist/zkn_data/zukan_enc_pearl.narc!/member_04302,0,/application/zukanlist/zkn_data/zukan_enc_pearl.narc,92,4302,,67968,67972,28284,28288,4,df3f619804a92fdb4057192dc43dd748ea778adc52bc498ce80524c014b81119,00000000,,,,,False,,,,,,,,,,False,False
/application/zukanlist/zkn_data/zukan_enc_pearl.narc,/application/zukanlist/zkn_data/zukan_enc_pearl.narc!/member_04303,0,/application/zukanlist/zkn_data/zukan_enc_pearl.narc,92,4303,,67972,67976,28288,28292,4,df3f619804a92fdb4057192dc43dd748ea778adc52bc498ce80524c014b81119,00000000,,,,,False,,,,,,,,,,False,False
/application/zukanlist/zkn_data/zukan_enc_pearl.narc,/application/zukanlist/zkn_data/zukan_enc_pearl.narc!/member_04304,0,/application/zukanlist/zkn_data/zukan_enc_pearl.narc,92,4304,,67976,67980,28292,28296,4,df3f619804a92fdb4057192dc43dd748ea778adc52bc498ce80524c014b81119,00000000,,,,,False,,,,,,,,,,False,False
/application/zukanlist/zkn_data/zukan_enc_pearl.narc,/application/zukanlist/zkn_data/zukan_enc_pearl.narc!/member_04305,0,/application/zukanlist/zkn_data/zukan_enc_pearl.narc,92,4305,,67980,67984,28296,28300,4,df3f619804a92fdb4057192dc43dd748ea778adc52bc498ce80524c014b81119,00000000,,,,,False,,,,,,,,,,False,False
/application/zukanlist/zkn_data/zukan_enc_pearl.narc,/application/zukanlist/zkn_data/zukan_enc_pearl.narc!/member_04306,0,/application/zukanlist/zkn_data/zukan_enc_pearl.narc,92,4306,,67984,67988,28300,28304,4,df3f619804a92fdb4057192dc43dd748ea778adc52bc498ce80524c014b81119,00000000,,,,,False,,,,,,,,,,False,False
/application/zukanlist/zkn_data/zukan_enc_pearl.narc,/application/zukanlist/zkn_data/zukan_enc_pearl.narc!/member_04307,0,/application/zukanlist/zkn_data/zukan_enc_pearl.narc,92,4307,,67988,67992,28304,28308,4,df3f619804a92fdb4057192dc43dd748ea778adc52bc498ce80524c014b81119,00000000,,,,,False,,,,,,,,,,False,False
/application/zukanlist/zkn_data/zukan_enc_pearl.narc,/application/zukanlist/zkn_data/zukan_enc_pearl.narc!/member_04308,0,/application/zukanlist/zkn_data/zukan_enc_pearl.narc,92,4308,,67992,67996,28308,28312,4,df3f619804a92fdb4057192dc43dd748ea778adc52bc498ce80524c014b81119,00000000,,,,,False,,,,,,,,,,False,False
/application/zukanlist/zkn_data/zukan_enc_pearl.narc,/application/zukanlist/zkn_data/zukan_enc_pearl.narc!/member_04309,0,/application/zukanlist/zkn_data/zukan_enc_pearl.narc,92,4309,,67996,68000,28312,28316,4,df3f619804a92fdb4057192dc43dd748ea778adc52bc498ce80524c014b81119,00000000,,,,,False,,,,,,,,,,False,False
/application/zukanlist/zkn_data/zukan_enc_pearl.narc,/application/zukanlist/zkn_data/zukan_enc_pearl.narc!/member_04310,0,/application/zukanlist/zkn_data/zukan_enc_pearl.narc,92,4310,,68000,68004,28316,28320,4,df3f619804a92fdb4057192dc43dd748ea778adc52bc498ce80524c014b81119,00000000,,,,,False,,,,,,,,,,False,False
/application/zukanlist/zkn_data/zukan_enc_pearl.narc,/application/zukanlist/zkn_data/zukan_enc_pearl.narc!/member_04311,0,/application/zukanlist/zkn_data/zukan_enc_pearl.narc,92,4311,,68004,68008,28320,28324,4,df3f619804a92fdb4057192dc43dd748ea778adc52bc498ce80524c014b81119,00000000,,,,,False,,,,,,,,,,False,False
/application/zukanlist/zkn_data/zukan_enc_pearl.narc,/application/zukanlist/zkn_data/zukan_enc_pearl.narc!/member_04312,0,/application/zukanlist/zkn_data/zukan_enc_pearl.narc,92,4312,,68008,68012,28324,28328,4,df3f619804a92fdb4057192dc43dd748ea778adc52bc498ce80524c014b81119,00000000,,,,,False,,,,,,,,,,False,False
/application/zukanlist/zkn_data/zukan_enc_pearl.narc,/application/zukanlist/zkn_data/zukan_enc_pearl.narc!/member_04313,0,/application/zukanlist/zkn_data/zukan_enc_pearl.narc,92,4313,,68012,68016,28328,28332,4,df3f619804a92fdb4057192dc43dd748ea778adc52bc498ce80524c014b81119,00000000,,,,,False,,,,,,,,,,False,False
/application/zukanlist/zkn_data/zukan_enc_pearl.narc,/application/zukanlist/zkn_data/zukan_enc_pearl.narc!/member_04314,0,/application/zukanlist/zkn_data/zukan_enc_pearl.narc,92,4314,,68016,68020,28332,28336,4,df3f619804a92fdb4057192dc43dd748ea778adc52bc498ce80524c014b81119,00000000,,,,,False,,,,,,,,,,False,False
/application/zukanlist/zkn_data/zukan_enc_pearl.narc,/application/zukanlist/zkn_data/zukan_enc_pearl.narc!/member_04315,0,/application/zukanlist/zkn_data/zukan_enc_pearl.narc,92,4315,,68020,68024,28336,28340,4,df3f619804a92fdb4057192dc43dd748ea778adc52bc498ce80524c014b81119,00000000,,,,,False,,,,,,,,,,False,False
/application/zukanlist/zkn_data/zukan_enc_pearl.narc,/application/zukanlist/zkn_data/zukan_enc_pearl.narc!/member_04316,0,/application/zukanlist/zkn_data/zukan_enc_pearl.narc,92,4316,,68024,68028,28340,28344,4,df3f619804a92fdb4057192dc43dd748ea778adc52bc498ce80524c014b81119,00000000,,,,,False,,,,,,,,,,False,False
/application/zukanlist/zkn_data/zukan_enc_pearl.narc,/application/zukanlist/zkn_data/zukan_enc_pearl.narc!/member_04317,0,/application/zukanlist/zkn_data/zukan_enc_pearl.narc,92,4317,,68028,68032,28344,28348,4,df3f619804a92fdb4057192dc43dd748ea778adc52bc498ce80524c014b81119,00000000,,,,,False,,,,,,,,,,False,False
/application/zukanlist/zkn_data/zukan_enc_pearl.narc,/application/zukanlist/zkn_data/zukan_enc_pearl.narc!/member_04318,0,/application/zukanlist/zkn_data/zukan_enc_pearl.narc,92,4318,,68032,68036,28348,28352,4,df3f619804a92fdb4057192dc43dd748ea778adc52bc498ce80524c014b81119,00000000,,,,,False,,,,,,,,,,False,False
/application/zukanlist/zkn_data/zukan_enc_pearl.narc,/application/zukanlist/zkn_data/zukan_enc_pearl.narc!/member_04319,0,/application/zukanlist/zkn_data/zukan_enc_pearl.narc,92,4319,,68036,68040,28352,28356,4,df3f619804a92fdb4057192dc43dd748ea778adc52bc498ce80524c014b81119,00000000,,,,,False,,,,,,,,,,False,False
/application/zukanlist/zkn_data/zukan_enc_pearl.narc,/application/zukanlist/zkn_data/zukan_enc_pearl.narc!/member_04320,0,/application/zukanlist/zkn_data/zukan_enc_pearl.narc,92,4320,,68040,68044,28356,28360,4,df3f619804a92fdb4057192dc43dd748ea778adc52bc498ce80524c014b81119,00000000,,,,,False,,,,,,,,,,False,False
/application/zukanlist/zkn_data/zukan_enc_pearl.narc,/application/zukanlist/zkn_data/zukan_enc_pearl.narc!/member_04321,0,/application/zukanlist/zkn_data/zukan_enc_pearl.narc,92,4321,,68044,68048,28360,28364,4,df3f619804a92fdb4057192dc43dd748ea778adc52bc498ce80524c014b81119,00000000,,,,,False,,,,,,,,,,False,False
/application/zukanlist/zkn_data/zukan_enc_pearl.narc,/application/zukanlist/zkn_data/zukan_enc_pearl.narc!/member_04322,0,/application/zukanlist/zkn_data/zukan_enc_pearl.narc,92,4322,,68048,68052,28364,28368,4,df3f619804a92fdb4057192dc43dd748ea778adc52bc498ce80524c014b81119,00000000,,,,,False,,,,,,,,,,False,False
/application/zukanlist/zkn_data/zukan_enc_pearl.narc,/application/zukanlist/zkn_data/zukan_enc_pearl.narc!/member_04323,0,/application/zukanlist/zkn_data/zukan_enc_pearl.narc,92,4323,,68052,68056,28368,28372,4,df3f619804a92fdb4057192dc43dd748ea778adc52bc498ce80524c014b81119,00000000,,,,,False,,,,,,,,,,False,False
/application/zukanlist/zkn_data/zukan_enc_pearl.narc,/application/zukanlist/zkn_data/zukan_enc_pearl.narc!/member_04324,0,/application/zukanlist/zkn_data/zukan_enc_pearl.narc,92,4324,,68056,68060,28372,28376,4,df3f619804a92fdb4057192dc43dd748ea778adc52bc498ce80524c014b81119,00000000,,,,,False,,,,,,,,,,False,False
/application/zukanlist/zkn_data/zukan_enc_pearl.narc,/application/zukanlist/zkn_data/zukan_enc_pearl.narc!/member_04325,0,/application/zukanlist/zkn_data/zukan_enc_pearl.narc,92,4325,,68060,68064,28376,28380,4,df3f619804a92fdb4057192dc43dd748ea778adc52bc498ce80524c014b81119,00000000,,,,,False,,,,,,,,,,False,False
/application/zukanlist/zkn_data/zukan_enc_pearl.narc,/application/zukanlist/zkn_data/zukan_enc_pearl.narc!/member_04326,0,/application/zukanlist/zkn_data/zukan_enc_pearl.narc,92,4326,,68064,68068,28380,28384,4,df3f619804a92fdb4057192dc43dd748ea778adc52bc498ce80524c014b81119,00000000,,,,,False,,,,,,,,,,False,False
/application/zukanlist/zkn_data/zukan_enc_pearl.narc,/application/zukanlist/zkn_data/zukan_enc_pearl.narc!/member_04327,0,/application/zukanlist/zkn_data/zukan_enc_pearl.narc,92,4327,,68068,68072,28384,28388,4,df3f619804a92fdb4057192dc43dd748ea778adc52bc498ce80524c014b81119,00000000,,,,,False,,,,,,,,,,False,False
/application/zukanlist/zkn_data/zukan_enc_pearl.narc,/application/zukanlist/zkn_data/zukan_enc_pearl.narc!/member_04328,0,/application/zukanlist/zkn_data/zukan_enc_pearl.narc,92,4328,,68072,68076,28388,28392,4,df3f619804a92fdb4057192dc43dd748ea778adc52bc498ce80524c014b81119,00000000,,,,,False,,,,,,,,,,False,False
/application/zukanlist/zkn_data/zukan_enc_pearl.narc,/application/zukanlist/zkn_data/zukan_enc_pearl.narc!/member_04329,0,/application/zukanlist/zkn_data/zukan_enc_pearl.narc,92,4329,,68076,68080,28392,28396,4,df3f619804a92fdb4057192dc43dd748ea778adc52bc498ce80524c014b81119,00000000,,,,,False,,,,,,,,,,False,False
/application/zukanlist/zkn_data/zukan_enc_pearl.narc,/application/zukanlist/zkn_data/zukan_enc_pearl.narc!/member_04330,0,/application/zukanlist/zkn_data/zukan_enc_pearl.narc,92,4330,,68080,68084,28396,28400,4,df3f619804a92fdb4057192dc43dd748ea778adc52bc498ce80524c014b81119,00000000,,,,,False,,,,,,,,,,False,False
/application/zukanlist/zkn_data/zukan_enc_pearl.narc,/application/zukanlist/zkn_data/zukan_enc_pearl.narc!/member_04331,0,/application/zukanlist/zkn_data/zukan_enc_pearl.narc,92,4331,,68084,68088,28400,28404,4,df3f619804a92fdb4057192dc43dd748ea778adc52bc498ce80524c014b81119,00000000,,,,,False,,,,,,,,,,False,False
/application/zukanlist/zkn_data/zukan_enc_pearl.narc,/application/zukanlist/zkn_data/zukan_enc_pearl.narc!/member_04332,0,/application/zukanlist/zkn_data/zukan_enc_pearl.narc,92,4332,,68088,68092,28404,28408,4,df3f619804a92fdb4057192dc43dd748ea778adc52bc498ce80524c014b81119,00000000,,,,,False,,,,,,,,,,False,False
/application/zukanlist/zkn_data/zukan_enc_pearl.narc,/application/zukanlist/zkn_data/zukan_enc_pearl.narc!/member_04333,0,/application/zukanlist/zkn_data/zukan_enc_pearl.narc,92,4333,,68092,68096,28408,28412,4,df3f619804a92fdb4057192dc43dd748ea778adc52bc498ce80524c014b81119,00000000,,,,,False,,,,,,,,,,False,False
/application/zukanlist/zkn_data/zukan_enc_pearl.narc,/application/zukanlist/zkn_data/zukan_enc_pearl.narc!/member_04334,0,/application/zukanlist/zkn_data/zukan_enc_pearl.narc,92,4334,,68096,68100,28412,28416,4,df3f619804a92fdb4057192dc43dd748ea778adc52bc498ce80524c014b81119,00000000,,,,,False,,,,,,,,,,False,False
/application/zukanlist/zkn_data/zukan_enc_pearl.narc,/application/zukanlist/zkn_data/zukan_enc_pearl.narc!/member_04335,0,/application/zukanlist/zkn_data/zukan_enc_pearl.narc,92,4335,,68100,68104,28416,28420,4,df3f619804a92fdb4057192dc43dd748ea778adc52bc498ce80524c014b81119,00000000,,,,,False,,,,,,,,,,False,False
/application/zukanlist/zkn_data/zukan_enc_pearl.narc,/application/zukanlist/zkn_data/zukan_enc_pearl.narc!/member_04336,0,/application/zukanlist/zkn_data/zukan_enc_pearl.narc,92,4336,,68104,68108,28420,28424,4,df3f619804a92fdb4057192dc43dd748ea778adc52bc498ce80524c014b81119,00000000,,,,,False,,,,,,,,,,False,False
/application/zukanlist/zkn_data/zukan_enc_pearl.narc,/application/zukanlist/zkn_data/zukan_enc_pearl.narc!/member_04337,0,/application/zukanlist/zkn_data/zukan_enc_pearl.narc,92,4337,,68108,68112,28424,28428,4,df3f619804a92fdb4057192dc43dd748ea778adc52bc498ce80524c014b81119,00000000,,,,,False,,,,,,,,,,False,False
/application/zukanlist/zkn_data/zukan_enc_pearl.narc,/application/zukanlist/zkn_data/zukan_enc_pearl.narc!/member_04338,0,/application/zukanlist/zkn_data/zukan_enc_pearl.narc,92,4338,,68112,68116,28428,28432,4,df3f619804a92fdb4057192dc43dd748ea778adc52bc498ce80524c014b81119,00000000,,,,,False,,,,,,,,,,False,False
/application/zukanlist/zkn_data/zukan_enc_pearl.narc,/application/zukanlist/zkn_data/zukan_enc_pearl.narc!/member_04339,0,/application/zukanlist/zkn_data/zukan_enc_pearl.narc,92,4339,,68116,68120,28432,28436,4,df3f619804a92fdb4057192dc43dd748ea778adc52bc498ce80524c014b81119,00000000,,,,,False,,,,,,,,,,False,False
/application/zukanlist/zkn_data/zukan_enc_pearl.narc,/application/zukanlist/zkn_data/zukan_enc_pearl.narc!/member_04340,0,/application/zukanlist/zkn_data/zukan_enc_pearl.narc,92,4340,,68120,68124,28436,28440,4,df3f619804a92fdb4057192dc43dd748ea778adc52bc498ce80524c014b81119,00000000,,,,,False,,,,,,,,,,False,False
/application/zukanlist/zkn_data/zukan_enc_pearl.narc,/application/zukanlist/zkn_data/zukan_enc_pearl.narc!/member_04341,0,/application/zukanlist/zkn_data/zukan_enc_pearl.narc,92,4341,,68124,68128,28440,28444,4,df3f619804a92fdb4057192dc43dd748ea778adc52bc498ce80524c014b81119,00000000,,,,,False,,,,,,,,,,False,False
/application/zukanlist/zkn_data/zukan_enc_pearl.narc,/application/zukanlist/zkn_data/zukan_enc_pearl.narc!/member_04342,0,/application/zukanlist/zkn_data/zukan_enc_pearl.narc,92,4342,,68128,68132,28444,28448,4,df3f619804a92fdb4057192dc43dd748ea778adc52bc498ce80524c014b81119,00000000,,,,,False,,,,,,,,,,False,False
/application/zukanlist/zkn_data/zukan_enc_pearl.narc,/application/zukanlist/zkn_data/zukan_enc_pearl.narc!/member_04343,0,/application/zukanlist/zkn_data/zukan_enc_pearl.narc,92,4343,,68132,68136,28448,28452,4,df3f619804a92fdb4057192dc43dd748ea778adc52bc498ce80524c014b81119,00000000,,,,,False,,,,,,,,,,False,False
/application/zukanlist/zkn_data/zukan_enc_pearl.narc,/application/zukanlist/zkn_data/zukan_enc_pearl.narc!/member_04344,0,/application/zukanlist/zkn_data/zukan_enc_pearl.narc,92,4344,,68136,68140,28452,28456,4,df3f619804a92fdb4057192dc43dd748ea778adc52bc498ce80524c014b81119,00000000,,,,,False,,,,,,,,,,False,False
/application/zukanlist/zkn_data/zukan_enc_pearl.narc,/application/zukanlist/zkn_data/zukan_enc_pearl.narc!/member_04345,0,/application/zukanlist/zkn_data/zukan_enc_pearl.narc,92,4345,,68140,68144,28456,28460,4,df3f619804a92fdb4057192dc43dd748ea778adc52bc498ce80524c014b81119,00000000,,,,,False,,,,,,,,,,False,False
/application/zukanlist/zkn_data/zukan_enc_pearl.narc,/application/zukanlist/zkn_data/zukan_enc_pearl.narc!/member_04346,0,/application/zukanlist/zkn_data/zukan_enc_pearl.narc,92,4346,,68144,68148,28460,28464,4,df3f619804a92fdb4057192dc43dd748ea778adc52bc498ce80524c014b81119,00000000,,,,,False,,,,,,,,,,False,False
/application/zukanlist/zkn_data/zukan_enc_pearl.narc,/application/zukanlist/zkn_data/zukan_enc_pearl.narc!/member_04347,0,/application/zukanlist/zkn_data/zukan_enc_pearl.narc,92,4347,,68148,68152,28464,28468,4,df3f619804a92fdb4057192dc43dd748ea778adc52bc498ce80524c014b81119,00000000,,,,,False,,,,,,,,,,False,False
/application/zukanlist/zkn_data/zukan_enc_pearl.narc,/application/zukanlist/zkn_data/zukan_enc_pearl.narc!/member_04348,0,/application/zukanlist/zkn_data/zukan_enc_pearl.narc,92,4348,,68152,68156,28468,28472,4,df3f619804a92fdb4057192dc43dd748ea778adc52bc498ce80524c014b81119,00000000,,,,,False,,,,,,,,,,False,False
/application/zukanlist/zkn_data/zukan_enc_pearl.narc,/application/zukanlist/zkn_data/zukan_enc_pearl.narc!/member_04349,0,/application/zukanlist/zkn_data/zukan_enc_pearl.narc,92,4349,,68156,68160,28472,28476,4,df3f619804a92fdb4057192dc43dd748ea778adc52bc498ce80524c014b81119,00000000,,,,,False,,,,,,,,,,False,False
/application/zukanlist/zkn_data/zukan_enc_pearl.narc,/application/zukanlist/zkn_data/zukan_enc_pearl.narc!/member_04350,0,/application/zukanlist/zkn_data/zukan_enc_pearl.narc,92,4350,,68160,68164,28476,28480,4,df3f619804a92fdb4057192dc43dd748ea778adc52bc498ce80524c014b81119,00000000,,,,,False,,,,,,,,,,False,False
/application/zukanlist/zkn_data/zukan_enc_pearl.narc,/application/zukanlist/zkn_data/zukan_enc_pearl.narc!/member_04351,0,/application/zukanlist/zkn_data/zukan_enc_pearl.narc,92,4351,,68164,68168,28480,28484,4,df3f619804a92fdb4057192dc43dd748ea778adc52bc498ce80524c014b81119,00000000,,,,,False,,,,,,,,,,False,False
/application/zukanlist/zkn_data/zukan_enc_pearl.narc,/application/zukanlist/zkn_data/zukan_enc_pearl.narc!/member_04352,0,/application/zukanlist/zkn_data/zukan_enc_pearl.narc,92,4352,,68168,68172,28484,28488,4,df3f619804a92fdb4057192dc43dd748ea778adc52bc498ce80524c014b81119,00000000,,,,,False,,,,,,,,,,False,False
/application/zukanlist/zkn_data/zukan_enc_pearl.narc,/application/zukanlist/zkn_data/zukan_enc_pearl.narc!/member_04353,0,/application/zukanlist/zkn_data/zukan_enc_pearl.narc,92,4353,,68172,68176,28488,28492,4,df3f619804a92fdb4057192dc43dd748ea778adc52bc498ce80524c014b81119,00000000,,,,,False,,,,,,,,,,False,False
/application/zukanlist/zkn_data/zukan_enc_pearl.narc,/application/zukanlist/zkn_data/zukan_enc_pearl.narc!/member_04354,0,/application/zukanlist/zkn_data/zukan_enc_pearl.narc,92,4354,,68176,68180,28492,28496,4,df3f619804a92fdb4057192dc43dd748ea778adc52bc498ce80524c014b81119,00000000,,,,,False,,,,,,,,,,False,False
/application/zukanlist/zkn_data/zukan_enc_pearl.narc,/application/zukanlist/zkn_data/zukan_enc_pearl.narc!/member_04355,0,/application/zukanlist/zkn_data/zukan_enc_pearl.narc,92,4355,,68180,68184,28496,28500,4,df3f619804a92fdb4057192dc43dd748ea778adc52bc498ce80524c014b81119,00000000,,,,,False,,,,,,,,,,False,False
/application/zukanlist/zkn_data/zukan_enc_pearl.narc,/application/zukanlist/zkn_data/zukan_enc_pearl.narc!/member_04356,0,/application/zukanlist/zkn_data/zukan_enc_pearl.narc,92,4356,,68184,68188,28500,28504,4,df3f619804a92fdb4057192dc43dd748ea778adc52bc498ce80524c014b81119,00000000,,,,,False,,,,,,,,,,False,False
/application/zukanlist/zkn_data/zukan_enc_pearl.narc,/application/zukanlist/zkn_data/zukan_enc_pearl.narc!/member_04357,0,/application/zukanlist/zkn_data/zukan_enc_pearl.narc,92,4357,,68188,68192,28504,28508,4,df3f619804a92fdb4057192dc43dd748ea778adc52bc498ce80524c014b81119,00000000,,,,,False,,,,,,,,,,False,False
/application/zukanlist/zkn_data/zukan_enc_pearl.narc,/application/zukanlist/zkn_data/zukan_enc_pearl.narc!/member_04358,0,/application/zukanlist/zkn_data/zukan_enc_pearl.narc,92,4358,,68192,68196,28508,28512,4,df3f619804a92fdb4057192dc43dd748ea778adc52bc498ce80524c014b81119,00000000,,,,,False,,,,,,,,,,False,False
/application/zukanlist/zkn_data/zukan_enc_pearl.narc,/application/zukanlist/zkn_data/zukan_enc_pearl.narc!/member_04359,0,/application/zukanlist/zkn_data/zukan_enc_pearl.narc,92,4359,,68196,68200,28512,28516,4,df3f619804a92fdb4057192dc43dd748ea778adc52bc498ce80524c014b81119,00000000,,,,,False,,,,,,,,,,False,False
/application/zukanlist/zkn_data/zukan_enc_pearl.narc,/application/zukanlist/zkn_data/zukan_enc_pearl.narc!/member_04360,0,/application/zukanlist/zkn_data/zukan_enc_pearl.narc,92,4360,,68200,68204,28516,28520,4,df3f619804a92fdb4057192dc43dd748ea778adc52bc498ce80524c014b81119,00000000,,,,,False,,,,,,,,,,False,False
/application/zukanlist/zkn_data/zukan_enc_pearl.narc,/application/zukanlist/zkn_data/zukan_enc_pearl.narc!/member_04361,0,/application/zukanlist/zkn_data/zukan_enc_pearl.narc,92,4361,,68204,68208,28520,28524,4,df3f619804a92fdb4057192dc43dd748ea778adc52bc498ce80524c014b81119,00000000,,,,,False,,,,,,,,,,False,False
/application/zukanlist/zkn_data/zukan_enc_pearl.narc,/application/zukanlist/zkn_data/zukan_enc_pearl.narc!/member_04362,0,/application/zukanlist/zkn_data/zukan_enc_pearl.narc,92,4362,,68208,68212,28524,28528,4,df3f619804a92fdb4057192dc43dd748ea778adc52bc498ce80524c014b81119,00000000,,,,,False,,,,,,,,,,False,False
/application/zukanlist/zkn_data/zukan_enc_pearl.narc,/application/zukanlist/zkn_data/zukan_enc_pearl.narc!/member_04363,0,/application/zukanlist/zkn_data/zukan_enc_pearl.narc,92,4363,,68212,68216,28528,28532,4,df3f619804a92fdb4057192dc43dd748ea778adc52bc498ce80524c014b81119,00000000,,,,,False,,,,,,,,,,False,False
/application/zukanlist/zkn_data/zukan_enc_pearl.narc,/application/zukanlist/zkn_data/zukan_enc_pearl.narc!/member_04364,0,/application/zukanlist/zkn_data/zukan_enc_pearl.narc,92,4364,,68216,68220,28532,28536,4,df3f619804a92fdb4057192dc43dd748ea778adc52bc498ce80524c014b81119,00000000,,,,,False,,,,,,,,,,False,False
/application/zukanlist/zkn_data/zukan_enc_pearl.narc,/application/zukanlist/zkn_data/zukan_enc_pearl.narc!/member_04365,0,/application/zukanlist/zkn_data/zukan_enc_pearl.narc,92,4365,,68220,68224,28536,28540,4,df3f619804a92fdb4057192dc43dd748ea778adc52bc498ce80524c014b81119,00000000,,,,,False,,,,,,,,,,False,False
/application/zukanlist/zkn_data/zukan_enc_pearl.narc,/application/zukanlist/zkn_data/zukan_enc_pearl.narc!/member_04366,0,/application/zukanlist/zkn_data/zukan_enc_pearl.narc,92,4366,,68224,68228,28540,28544,4,df3f619804a92fdb4057192dc43dd748ea778adc52bc498ce80524c014b81119,00000000,,,,,False,,,,,,,,,,False,False
/application/zukanlist/zkn_data/zukan_enc_pearl.narc,/application/zukanlist/zkn_data/zukan_enc_pearl.narc!/member_04367,0,/application/zukanlist/zkn_data/zukan_enc_pearl.narc,92,4367,,68228,68232,28544,28548,4,df3f619804a92fdb4057192dc43dd748ea778adc52bc498ce80524c014b81119,00000000,,,,,False,,,,,,,,,,False,False
/application/zukanlist/zkn_data/zukan_enc_pearl.narc,/application/zukanlist/zkn_data/zukan_enc_pearl.narc!/member_04368,0,/application/zukanlist/zkn_data/zukan_enc_pearl.narc,92,4368,,68232,68236,28548,28552,4,df3f619804a92fdb4057192dc43dd748ea778adc52bc498ce80524c014b81119,00000000,,,,,False,,,,,,,,,,False,False
/application/zukanlist/zkn_data/zukan_enc_pearl.narc,/application/zukanlist/zkn_data/zukan_enc_pearl.narc!/member_04369,0,/application/zukanlist/zkn_data/zukan_enc_pearl.narc,92,4369,,68236,68240,28552,28556,4,df3f619804a92fdb4057192dc43dd748ea778adc52bc498ce80524c014b81119,00000000,,,,,False,,,,,,,,,,False,False
/application/zukanlist/zkn_data/zukan_enc_pearl.narc,/application/zukanlist/zkn_data/zukan_enc_pearl.narc!/member_04370,0,/application/zukanlist/zkn_data/zukan_enc_pearl.narc,92,4370,,68240,68244,28556,28560,4,df3f619804a92fdb4057192dc43dd748ea778adc52bc498ce80524c014b81119,00000000,,,,,False,,,,,,,,,,False,False
/application/zukanlist/zkn_data/zukan_enc_pearl.narc,/application/zukanlist/zkn_data/zukan_enc_pearl.narc!/member_04371,0,/application/zukanlist/zkn_data/zukan_enc_pearl.narc,92,4371,,68244,68248,28560,28564,4,df3f619804a92fdb4057192dc43dd748ea778adc52bc498ce80524c014b81119,00000000,,,,,False,,,,,,,,,,False,False
/application/zukanlist/zkn_data/zukan_enc_pearl.narc,/application/zukanlist/zkn_data/zukan_enc_pearl.narc!/member_04372,0,/application/zukanlist/zkn_data/zukan_enc_pearl.narc,92,4372,,68248,68252,28564,28568,4,df3f619804a92fdb4057192dc43dd748ea778adc52bc498ce80524c014b81119,00000000,,,,,False,,,,,,,,,,False,False
/application/zukanlist/zkn_data/zukan_enc_pearl.narc,/application/zukanlist/zkn_data/zukan_enc_pearl.narc!/member_04373,0,/application/zukanlist/zkn_data/zukan_enc_pearl.narc,92,4373,,68252,68256,28568,28572,4,df3f619804a92fdb4057192dc43dd748ea778adc52bc498ce80524c014b81119,00000000,,,,,False,,,,,,,,,,False,False
/application/zukanlist/zkn_data/zukan_enc_pearl.narc,/application/zukanlist/zkn_data/zukan_enc_pearl.narc!/member_04374,0,/application/zukanlist/zkn_data/zukan_enc_pearl.narc,92,4374,,68256,68260,28572,28576,4,df3f619804a92fdb4057192dc43dd748ea778adc52bc498ce80524c014b81119,00000000,,,,,False,,,,,,,,,,False,False
/application/zukanlist/zkn_data/zukan_enc_pearl.narc,/application/zukanlist/zkn_data/zukan_enc_pearl.narc!/member_04375,0,/application/zukanlist/zkn_data/zukan_enc_pearl.narc,92,4375,,68260,68264,28576,28580,4,df3f619804a92fdb4057192dc43dd748ea778adc52bc498ce80524c014b81119,00000000,,,,,False,,,,,,,,,,False,False
/application/zukanlist/zkn_data/zukan_enc_pearl.narc,/application/zukanlist/zkn_data/zukan_enc_pearl.narc!/member_04376,0,/application/zukanlist/zkn_data/zukan_enc_pearl.narc,92,4376,,68264,68348,28580,28664,84,5d9140735e9373d7d8aabe89a1b6a00e4cf9d3069924b87b07c5656236b73ef2,06000000070000001100000012000000,,,,,False,,,,,,,,,,False,False
/application/zukanlist/zkn_data/zukan_enc_pearl.narc,/application/zukanlist/zkn_data/zukan_enc_pearl.narc!/member_04377,0,/application/zukanlist/zkn_data/zukan_enc_pearl.narc,92,4377,,68348,68352,28664,28668,4,df3f619804a92fdb4057192dc43dd748ea778adc52bc498ce80524c014b81119,00000000,,,,,False,,,,,,,,,,False,False
/application/zukanlist/zkn_data/zukan_enc_pearl.narc,/application/zukanlist/zkn_data/zukan_enc_pearl.narc!/member_04378,0,/application/zukanlist/zkn_data/zukan_enc_pearl.narc,92,4378,,68352,68356,28668,28672,4,df3f619804a92fdb4057192dc43dd748ea778adc52bc498ce80524c014b81119,00000000,,,,,False,,,,,,,,,,False,False
/application/zukanlist/zkn_data/zukan_enc_pearl.narc,/application/zukanlist/zkn_data/zukan_enc_pearl.narc!/member_04379,0,/application/zukanlist/zkn_data/zukan_enc_pearl.narc,92,4379,,68356,68440,28672,28756,84,5d9140735e9373d7d8aabe89a1b6a00e4cf9d3069924b87b07c5656236b73ef2,06000000070000001100000012000000,,,,,False,,,,,,,,,,False,False
/application/zukanlist/zkn_data/zukan_enc_pearl.narc,/application/zukanlist/zkn_data/zukan_enc_pearl.narc!/member_04380,0,/application/zukanlist/zkn_data/zukan_enc_pearl.narc,92,4380,,68440,68444,28756,28760,4,df3f619804a92fdb4057192dc43dd748ea778adc52bc498ce80524c014b81119,00000000,,,,,False,,,,,,,,,,False,False
/application/zukanlist/zkn_data/zukan_enc_pearl.narc,/application/zukanlist/zkn_data/zukan_enc_pearl.narc!/member_04381,0,/application/zukanlist/zkn_data/zukan_enc_pearl.narc,92,4381,,68444,68448,28760,28764,4,df3f619804a92fdb4057192dc43dd748ea778adc52bc498ce80524c014b81119,00000000,,,,,False,,,,,,,,,,False,False
/application/zukanlist/zkn_data/zukan_enc_pearl.narc,/application/zukanlist/zkn_data/zukan_enc_pearl.narc!/member_04382,0,/application/zukanlist/zkn_data/zukan_enc_pearl.narc,92,4382,,68448,68452,28764,28768,4,df3f619804a92fdb4057192dc43dd748ea778adc52bc498ce80524c014b81119,00000000,,,,,False,,,,,,,,,,False,False
/application/zukanlist/zkn_data/zukan_enc_pearl.narc,/application/zukanlist/zkn_data/zukan_enc_pearl.narc!/member_04383,0,/application/zukanlist/zkn_data/zukan_enc_pearl.narc,92,4383,,68452,68456,28768,28772,4,df3f619804a92fdb4057192dc43dd748ea778adc52bc498ce80524c014b81119,00000000,,,,,False,,,,,,,,,,False,False
/application/zukanlist/zkn_data/zukan_enc_pearl.narc,/application/zukanlist/zkn_data/zukan_enc_pearl.narc!/member_04384,0,/application/zukanlist/zkn_data/zukan_enc_pearl.narc,92,4384,,68456,68540,28772,28856,84,5d9140735e9373d7d8aabe89a1b6a00e4cf9d3069924b87b07c5656236b73ef2,06000000070000001100000012000000,,,,,False,,,,,,,,,,False,False
/application/zukanlist/zkn_data/zukan_enc_pearl.narc,/application/zukanlist/zkn_data/zukan_enc_pearl.narc!/member_04385,0,/application/zukanlist/zkn_data/zukan_enc_pearl.narc,92,4385,,68540,68544,28856,28860,4,df3f619804a92fdb4057192dc43dd748ea778adc52bc498ce80524c014b81119,00000000,,,,,False,,,,,,,,,,False,False
/application/zukanlist/zkn_data/zukan_enc_pearl.narc,/application/zukanlist/zkn_data/zukan_enc_pearl.narc!/member_04386,0,/application/zukanlist/zkn_data/zukan_enc_pearl.narc,92,4386,,68544,68548,28860,28864,4,df3f619804a92fdb4057192dc43dd748ea778adc52bc498ce80524c014b81119,00000000,,,,,False,,,,,,,,,,False,False
/application/zukanlist/zkn_data/zukan_enc_pearl.narc,/application/zukanlist/zkn_data/zukan_enc_pearl.narc!/member_04387,0,/application/zukanlist/zkn_data/zukan_enc_pearl.narc,92,4387,,68548,68552,28864,28868,4,df3f619804a92fdb4057192dc43dd748ea778adc52bc498ce80524c014b81119,00000000,,,,,False,,,,,,,,,,False,False
/application/zukanlist/zkn_data/zukan_enc_pearl.narc,/application/zukanlist/zkn_data/zukan_enc_pearl.narc!/member_04388,0,/application/zukanlist/zkn_data/zukan_enc_pearl.narc,92,4388,,68552,68556,28868,28872,4,df3f619804a92fdb4057192dc43dd748ea778adc52bc498ce80524c014b81119,00000000,,,,,False,,,,,,,,,,False,False
/application/zukanlist/zkn_data/zukan_enc_pearl.narc,/application/zukanlist/zkn_data/zukan_enc_pearl.narc!/member_04389,0,/application/zukanlist/zkn_data/zukan_enc_pearl.narc,92,4389,,68556,68560,28872,28876,4,df3f619804a92fdb4057192dc43dd748ea778adc52bc498ce80524c014b81119,00000000,,,,,False,,,,,,,,,,False,False
/application/zukanlist/zkn_data/zukan_enc_pearl.narc,/application/zukanlist/zkn_data/zukan_enc_pearl.narc!/member_04390,0,/application/zukanlist/zkn_data/zukan_enc_pearl.narc,92,4390,,68560,68564,28876,28880,4,df3f619804a92fdb4057192dc43dd748ea778adc52bc498ce80524c014b81119,00000000,,,,,False,,,,,,,,,,False,False
/application/zukanlist/zkn_data/zukan_enc_pearl.narc,/application/zukanlist/zkn_data/zukan_enc_pearl.narc!/member_04391,0,/application/zukanlist/zkn_data/zukan_enc_pearl.narc,92,4391,,68564,68568,28880,28884,4,df3f619804a92fdb4057192dc43dd748ea778adc52bc498ce80524c014b81119,00000000,,,,,False,,,,,,,,,,False,False
/application/zukanlist/zkn_data/zukan_enc_pearl.narc,/application/zukanlist/zkn_data/zukan_enc_pearl.narc!/member_04392,0,/application/zukanlist/zkn_data/zukan_enc_pearl.narc,92,4392,,68568,68572,28884,28888,4,df3f619804a92fdb4057192dc43dd748ea778adc52bc498ce80524c014b81119,00000000,,,,,False,,,,,,,,,,False,False
/application/zukanlist/zkn_data/zukan_enc_pearl.narc,/application/zukanlist/zkn_data/zukan_enc_pearl.narc!/member_04393,0,/application/zukanlist/zkn_data/zukan_enc_pearl.narc,92,4393,,68572,68576,28888,28892,4,df3f619804a92fdb4057192dc43dd748ea778adc52bc498ce80524c014b81119,00000000,,,,,False,,,,,,,,,,False,False
/application/zukanlist/zkn_data/zukan_enc_pearl.narc,/application/zukanlist/zkn_data/zukan_enc_pearl.narc!/member_04394,0,/application/zukanlist/zkn_data/zukan_enc_pearl.narc,92,4394,,68576,68580,28892,28896,4,df3f619804a92fdb4057192dc43dd748ea778adc52bc498ce80524c014b81119,00000000,,,,,False,,,,,,,,,,False,False
/application/zukanlist/zkn_data/zukan_enc_pearl.narc,/application/zukanlist/zkn_data/zukan_enc_pearl.narc!/member_04395,0,/application/zukanlist/zkn_data/zukan_enc_pearl.narc,92,4395,,68580,68584,28896,28900,4,df3f619804a92fdb4057192dc43dd748ea778adc52bc498ce80524c014b81119,00000000,,,,,False,,,,,,,,,,False,False
/application/zukanlist/zkn_data/zukan_enc_pearl.narc,/application/zukanlist/zkn_data/zukan_enc_pearl.narc!/member_04396,0,/application/zukanlist/zkn_data/zukan_enc_pearl.narc,92,4396,,68584,68588,28900,28904,4,df3f619804a92fdb4057192dc43dd748ea778adc52bc498ce80524c014b81119,00000000,,,,,False,,,,,,,,,,False,False
/application/zukanlist/zkn_data/zukan_enc_pearl.narc,/application/zukanlist/zkn_data/zukan_enc_pearl.narc!/member_04397,0,/application/zukanlist/zkn_data/zukan_enc_pearl.narc,92,4397,,68588,68592,28904,28908,4,df3f619804a92fdb4057192dc43dd748ea778adc52bc498ce80524c014b81119,00000000,,,,,False,,,,,,,,,,False,False
/application/zukanlist/zkn_data/zukan_enc_pearl.narc,/application/zukanlist/zkn_data/zukan_enc_pearl.narc!/member_04398,0,/application/zukanlist/zkn_data/zukan_enc_pearl.narc,92,4398,,68592,68596,28908,28912,4,df3f619804a92fdb4057192dc43dd748ea778adc52bc498ce80524c014b81119,00000000,,,,,False,,,,,,,,,,False,False
/application/zukanlist/zkn_data/zukan_enc_pearl.narc,/application/zukanlist/zkn_data/zukan_enc_pearl.narc!/member_04399,0,/application/zukanlist/zkn_data/zukan_enc_pearl.narc,92,4399,,68596,68600,28912,28916,4,df3f619804a92fdb4057192dc43dd748ea778adc52bc498ce80524c014b81119,00000000,,,,,False,,,,,,,,,,False,False
/application/zukanlist/zkn_data/zukan_enc_pearl.narc,/application/zukanlist/zkn_data/zukan_enc_pearl.narc!/member_04400,0,/application/zukanlist/zkn_data/zukan_enc_pearl.narc,92,4400,,68600,68604,28916,28920,4,df3f619804a92fdb4057192dc43dd748ea778adc52bc498ce80524c014b81119,00000000,,,,,False,,,,,,,,,,False,False
/application/zukanlist/zkn_data/zukan_enc_pearl.narc,/application/zukanlist/zkn_data/zukan_enc_pearl.narc!/member_04401,0,/application/zukanlist/zkn_data/zukan_enc_pearl.narc,92,4401,,68604,68608,28920,28924,4,df3f619804a92fdb4057192dc43dd748ea778adc52bc498ce80524c014b81119,00000000,,,,,False,,,,,,,,,,False,False
/application/zukanlist/zkn_data/zukan_enc_pearl.narc,/application/zukanlist/zkn_data/zukan_enc_pearl.narc!/member_04402,0,/application/zukanlist/zkn_data/zukan_enc_pearl.narc,92,4402,,68608,68612,28924,28928,4,df3f619804a92fdb4057192dc43dd748ea778adc52bc498ce80524c014b81119,00000000,,,,,False,,,,,,,,,,False,False
/application/zukanlist/zkn_data/zukan_enc_pearl.narc,/application/zukanlist/zkn_data/zukan_enc_pearl.narc!/member_04403,0,/application/zukanlist/zkn_data/zukan_enc_pearl.narc,92,4403,,68612,68616,28928,28932,4,df3f619804a92fdb4057192dc43dd748ea778adc52bc498ce80524c014b81119,00000000,,,,,False,,,,,,,,,,False,False
/application/zukanlist/zkn_data/zukan_enc_pearl.narc,/application/zukanlist/zkn_data/zukan_enc_pearl.narc!/member_04404,0,/application/zukanlist/zkn_data/zukan_enc_pearl.narc,92,4404,,68616,68620,28932,28936,4,df3f619804a92fdb4057192dc43dd748ea778adc52bc498ce80524c014b81119,00000000,,,,,False,,,,,,,,,,False,False
/application/zukanlist/zkn_data/zukan_enc_pearl.narc,/application/zukanlist/zkn_data/zukan_enc_pearl.narc!/member_04405,0,/application/zukanlist/zkn_data/zukan_enc_pearl.narc,92,4405,,68620,68624,28936,28940,4,df3f619804a92fdb4057192dc43dd748ea778adc52bc498ce80524c014b81119,00000000,,,,,False,,,,,,,,,,False,False
/application/zukanlist/zkn_data/zukan_enc_pearl.narc,/application/zukanlist/zkn_data/zukan_enc_pearl.narc!/member_04406,0,/application/zukanlist/zkn_data/zukan_enc_pearl.narc,92,4406,,68624,68628,28940,28944,4,df3f619804a92fdb4057192dc43dd748ea778adc52bc498ce80524c014b81119,00000000,,,,,False,,,,,,,,,,False,False
/application/zukanlist/zkn_data/zukan_enc_pearl.narc,/application/zukanlist/zkn_data/zukan_enc_pearl.narc!/member_04407,0,/application/zukanlist/zkn_data/zukan_enc_pearl.narc,92,4407,,68628,68632,28944,28948,4,df3f619804a92fdb4057192dc43dd748ea778adc52bc498ce80524c014b81119,00000000,,,,,False,,,,,,,,,,False,False
/application/zukanlist/zkn_data/zukan_enc_pearl.narc,/application/zukanlist/zkn_data/zukan_enc_pearl.narc!/member_04408,0,/application/zukanlist/zkn_data/zukan_enc_pearl.narc,92,4408,,68632,68636,28948,28952,4,df3f619804a92fdb4057192dc43dd748ea778adc52bc498ce80524c014b81119,00000000,,,,,False,,,,,,,,,,False,False
/application/zukanlist/zkn_data/zukan_enc_pearl.narc,/application/zukanlist/zkn_data/zukan_enc_pearl.narc!/member_04409,0,/application/zukanlist/zkn_data/zukan_enc_pearl.narc,92,4409,,68636,68640,28952,28956,4,df3f619804a92fdb4057192dc43dd748ea778adc52bc498ce80524c014b81119,00000000,,,,,False,,,,,,,,,,False,False
/application/zukanlist/zkn_data/zukan_enc_pearl.narc,/application/zukanlist/zkn_data/zukan_enc_pearl.narc!/member_04410,0,/application/zukanlist/zkn_data/zukan_enc_pearl.narc,92,4410,,68640,68644,28956,28960,4,df3f619804a92fdb4057192dc43dd748ea778adc52bc498ce80524c014b81119,00000000,,,,,False,,,,,,,,,,False,False
/application/zukanlist/zkn_data/zukan_enc_pearl.narc,/application/zukanlist/zkn_data/zukan_enc_pearl.narc!/member_04411,0,/application/zukanlist/zkn_data/zukan_enc_pearl.narc,92,4411,,68644,68648,28960,28964,4,df3f619804a92fdb4057192dc43dd748ea778adc52bc498ce80524c014b81119,00000000,,,,,False,,,,,,,,,,False,False
/application/zukanlist/zkn_data/zukan_enc_pearl.narc,/application/zukanlist/zkn_data/zukan_enc_pearl.narc!/member_04412,0,/application/zukanlist/zkn_data/zukan_enc_pearl.narc,92,4412,,68648,68652,28964,28968,4,df3f619804a92fdb4057192dc43dd748ea778adc52bc498ce80524c014b81119,00000000,,,,,False,,,,,,,,,,False,False
/application/zukanlist/zkn_data/zukan_enc_pearl.narc,/application/zukanlist/zkn_data/zukan_enc_pearl.narc!/member_04413,0,/application/zukanlist/zkn_data/zukan_enc_pearl.narc,92,4413,,68652,68656,28968,28972,4,df3f619804a92fdb4057192dc43dd748ea778adc52bc498ce80524c014b81119,00000000,,,,,False,,,,,,,,,,False,False
/application/zukanlist/zkn_data/zukan_enc_pearl.narc,/application/zukanlist/zkn_data/zukan_enc_pearl.narc!/member_04414,0,/application/zukanlist/zkn_data/zukan_enc_pearl.narc,92,4414,,68656,68660,28972,28976,4,df3f619804a92fdb4057192dc43dd748ea778adc52bc498ce80524c014b81119,00000000,,,,,False,,,,,,,,,,False,False
/application/zukanlist/zkn_data/zukan_enc_pearl.narc,/application/zukanlist/zkn_data/zukan_enc_pearl.narc!/member_04415,0,/application/zukanlist/zkn_data/zukan_enc_pearl.narc,92,4415,,68660,68664,28976,28980,4,df3f619804a92fdb4057192dc43dd748ea778adc52bc498ce80524c014b81119,00000000,,,,,False,,,,,,,,,,False,False
/application/zukanlist/zkn_data/zukan_enc_pearl.narc,/application/zukanlist/zkn_data/zukan_enc_pearl.narc!/member_04416,0,/application/zukanlist/zkn_data/zukan_enc_pearl.narc,92,4416,,68664,68668,28980,28984,4,df3f619804a92fdb4057192dc43dd748ea778adc52bc498ce80524c014b81119,00000000,,,,,False,,,,,,,,,,False,False
/application/zukanlist/zkn_data/zukan_enc_pearl.narc,/application/zukanlist/zkn_data/zukan_enc_pearl.narc!/member_04417,0,/application/zukanlist/zkn_data/zukan_enc_pearl.narc,92,4417,,68668,68672,28984,28988,4,df3f619804a92fdb4057192dc43dd748ea778adc52bc498ce80524c014b81119,00000000,,,,,False,,,,,,,,,,False,False
/application/zukanlist/zkn_data/zukan_enc_pearl.narc,/application/zukanlist/zkn_data/zukan_enc_pearl.narc!/member_04418,0,/application/zukanlist/zkn_data/zukan_enc_pearl.narc,92,4418,,68672,68676,28988,28992,4,df3f619804a92fdb4057192dc43dd748ea778adc52bc498ce80524c014b81119,00000000,,,,,False,,,,,,,,,,False,False
/application/zukanlist/zkn_data/zukan_enc_pearl.narc,/application/zukanlist/zkn_data/zukan_enc_pearl.narc!/member_04419,0,/application/zukanlist/zkn_data/zukan_enc_pearl.narc,92,4419,,68676,68680,28992,28996,4,df3f619804a92fdb4057192dc43dd748ea778adc52bc498ce80524c014b81119,00000000,,,,,False,,,,,,,,,,False,False
/application/zukanlist/zkn_data/zukan_enc_pearl.narc,/application/zukanlist/zkn_data/zukan_enc_pearl.narc!/member_04420,0,/application/zukanlist/zkn_data/zukan_enc_pearl.narc,92,4420,,68680,68684,28996,29000,4,df3f619804a92fdb4057192dc43dd748ea778adc52bc498ce80524c014b81119,00000000,,,,,False,,,,,,,,,,False,False
/application/zukanlist/zkn_data/zukan_enc_pearl.narc,/application/zukanlist/zkn_data/zukan_enc_pearl.narc!/member_04421,0,/application/zukanlist/zkn_data/zukan_enc_pearl.narc,92,4421,,68684,68688,29000,29004,4,df3f619804a92fdb4057192dc43dd748ea778adc52bc498ce80524c014b81119,00000000,,,,,False,,,,,,,,,,False,False
/application/zukanlist/zkn_data/zukan_enc_pearl.narc,/application/zukanlist/zkn_data/zukan_enc_pearl.narc!/member_04422,0,/application/zukanlist/zkn_data/zukan_enc_pearl.narc,92,4422,,68688,68692,29004,29008,4,df3f619804a92fdb4057192dc43dd748ea778adc52bc498ce80524c014b81119,00000000,,,,,False,,,,,,,,,,False,False
/application/zukanlist/zkn_data/zukan_enc_pearl.narc,/application/zukanlist/zkn_data/zukan_enc_pearl.narc!/member_04423,0,/application/zukanlist/zkn_data/zukan_enc_pearl.narc,92,4423,,68692,68696,29008,29012,4,df3f619804a92fdb4057192dc43dd748ea778adc52bc498ce80524c014b81119,00000000,,,,,False,,,,,,,,,,False,False
/application/zukanlist/zkn_data/zukan_enc_pearl.narc,/application/zukanlist/zkn_data/zukan_enc_pearl.narc!/member_04424,0,/application/zukanlist/zkn_data/zukan_enc_pearl.narc,92,4424,,68696,68700,29012,29016,4,df3f619804a92fdb4057192dc43dd748ea778adc52bc498ce80524c014b81119,00000000,,,,,False,,,,,,,,,,False,False
/application/zukanlist/zkn_data/zukan_enc_pearl.narc,/application/zukanlist/zkn_data/zukan_enc_pearl.narc!/member_04425,0,/application/zukanlist/zkn_data/zukan_enc_pearl.narc,92,4425,,68700,68704,29016,29020,4,df3f619804a92fdb4057192dc43dd748ea778adc52bc498ce80524c014b81119,00000000,,,,,False,,,,,,,,,,False,False
/application/zukanlist/zkn_data/zukan_enc_pearl.narc,/application/zukanlist/zkn_data/zukan_enc_pearl.narc!/member_04426,0,/application/zukanlist/zkn_data/zukan_enc_pearl.narc,92,4426,,68704,68708,29020,29024,4,df3f619804a92fdb4057192dc43dd748ea778adc52bc498ce80524c014b81119,00000000,,,,,False,,,,,,,,,,False,False
/application/zukanlist/zkn_data/zukan_enc_pearl.narc,/application/zukanlist/zkn_data/zukan_enc_pearl.narc!/member_04427,0,/application/zukanlist/zkn_data/zukan_enc_pearl.narc,92,4427,,68708,68712,29024,29028,4,df3f619804a92fdb4057192dc43dd748ea778adc52bc498ce80524c014b81119,00000000,,,,,False,,,,,,,,,,False,False
/application/zukanlist/zkn_data/zukan_enc_pearl.narc,/application/zukanlist/zkn_data/zukan_enc_pearl.narc!/member_04428,0,/application/zukanlist/zkn_data/zukan_enc_pearl.narc,92,4428,,68712,68716,29028,29032,4,df3f619804a92fdb4057192dc43dd748ea778adc52bc498ce80524c014b81119,00000000,,,,,False,,,,,,,,,,False,False
/application/zukanlist/zkn_data/zukan_enc_pearl.narc,/application/zukanlist/zkn_data/zukan_enc_pearl.narc!/member_04429,0,/application/zukanlist/zkn_data/zukan_enc_pearl.narc,92,4429,,68716,68720,29032,29036,4,df3f619804a92fdb4057192dc43dd748ea778adc52bc498ce80524c014b81119,00000000,,,,,False,,,,,,,,,,False,False
/application/zukanlist/zkn_data/zukan_enc_pearl.narc,/application/zukanlist/zkn_data/zukan_enc_pearl.narc!/member_04430,0,/application/zukanlist/zkn_data/zukan_enc_pearl.narc,92,4430,,68720,68724,29036,29040,4,df3f619804a92fdb4057192dc43dd748ea778adc52bc498ce80524c014b81119,00000000,,,,,False,,,,,,,,,,False,False
/application/zukanlist/zkn_data/zukan_enc_pearl.narc,/application/zukanlist/zkn_data/zukan_enc_pearl.narc!/member_04431,0,/application/zukanlist/zkn_data/zukan_enc_pearl.narc,92,4431,,68724,68728,29040,29044,4,df3f619804a92fdb4057192dc43dd748ea778adc52bc498ce80524c014b81119,00000000,,,,,False,,,,,,,,,,False,False
/application/zukanlist/zkn_data/zukan_enc_pearl.narc,/application/zukanlist/zkn_data/zukan_enc_pearl.narc!/member_04432,0,/application/zukanlist/zkn_data/zukan_enc_pearl.narc,92,4432,,68728,68732,29044,29048,4,df3f619804a92fdb4057192dc43dd748ea778adc52bc498ce80524c014b81119,00000000,,,,,False,,,,,,,,,,False,False
/application/zukanlist/zkn_data/zukan_enc_pearl.narc,/application/zukanlist/zkn_data/zukan_enc_pearl.narc!/member_04433,0,/application/zukanlist/zkn_data/zukan_enc_pearl.narc,92,4433,,68732,68736,29048,29052,4,df3f619804a92fdb4057192dc43dd748ea778adc52bc498ce80524c014b81119,00000000,,,,,False,,,,,,,,,,False,False
/application/zukanlist/zkn_data/zukan_enc_pearl.narc,/application/zukanlist/zkn_data/zukan_enc_pearl.narc!/member_04434,0,/application/zukanlist/zkn_data/zukan_enc_pearl.narc,92,4434,,68736,68740,29052,29056,4,df3f619804a92fdb4057192dc43dd748ea778adc52bc498ce80524c014b81119,00000000,,,,,False,,,,,,,,,,False,False
/application/zukanlist/zkn_data/zukan_enc_pearl.narc,/application/zukanlist/zkn_data/zukan_enc_pearl.narc!/member_04435,0,/application/zukanlist/zkn_data/zukan_enc_pearl.narc,92,4435,,68740,68744,29056,29060,4,df3f619804a92fdb4057192dc43dd748ea778adc52bc498ce80524c014b81119,00000000,,,,,False,,,,,,,,,,False,False
/application/zukanlist/zkn_data/zukan_enc_pearl.narc,/application/zukanlist/zkn_data/zukan_enc_pearl.narc!/member_04436,0,/application/zukanlist/zkn_data/zukan_enc_pearl.narc,92,4436,,68744,68748,29060,29064,4,df3f619804a92fdb4057192dc43dd748ea778adc52bc498ce80524c014b81119,00000000,,,,,False,,,,,,,,,,False,False
/application/zukanlist/zkn_data/zukan_enc_pearl.narc,/application/zukanlist/zkn_data/zukan_enc_pearl.narc!/member_04437,0,/application/zukanlist/zkn_data/zukan_enc_pearl.narc,92,4437,,68748,68752,29064,29068,4,df3f619804a92fdb4057192dc43dd748ea778adc52bc498ce80524c014b81119,00000000,,,,,False,,,,,,,,,,False,False
/application/zukanlist/zkn_data/zukan_enc_pearl.narc,/application/zukanlist/zkn_data/zukan_enc_pearl.narc!/member_04438,0,/application/zukanlist/zkn_data/zukan_enc_pearl.narc,92,4438,,68752,68756,29068,29072,4,df3f619804a92fdb4057192dc43dd748ea778adc52bc498ce80524c014b81119,00000000,,,,,False,,,,,,,,,,False,False
/application/zukanlist/zkn_data/zukan_enc_pearl.narc,/application/zukanlist/zkn_data/zukan_enc_pearl.narc!/member_04439,0,/application/zukanlist/zkn_data/zukan_enc_pearl.narc,92,4439,,68756,68760,29072,29076,4,df3f619804a92fdb4057192dc43dd748ea778adc52bc498ce80524c014b81119,00000000,,,,,False,,,,,,,,,,False,False
/application/zukanlist/zkn_data/zukan_enc_pearl.narc,/application/zukanlist/zkn_data/zukan_enc_pearl.narc!/member_04440,0,/application/zukanlist/zkn_data/zukan_enc_pearl.narc,92,4440,,68760,68764,29076,29080,4,df3f619804a92fdb4057192dc43dd748ea778adc52bc498ce80524c014b81119,00000000,,,,,False,,,,,,,,,,False,False
/application/zukanlist/zkn_data/zukan_enc_pearl.narc,/application/zukanlist/zkn_data/zukan_enc_pearl.narc!/member_04441,0,/application/zukanlist/zkn_data/zukan_enc_pearl.narc,92,4441,,68764,68768,29080,29084,4,df3f619804a92fdb4057192dc43dd748ea778adc52bc498ce80524c014b81119,00000000,,,,,False,,,,,,,,,,False,False
/application/zukanlist/zkn_data/zukan_enc_pearl.narc,/application/zukanlist/zkn_data/zukan_enc_pearl.narc!/member_04442,0,/application/zukanlist/zkn_data/zukan_enc_pearl.narc,92,4442,,68768,68772,29084,29088,4,df3f619804a92fdb4057192dc43dd748ea778adc52bc498ce80524c014b81119,00000000,,,,,False,,,,,,,,,,False,False
/application/zukanlist/zkn_data/zukan_enc_pearl.narc,/application/zukanlist/zkn_data/zukan_enc_pearl.narc!/member_04443,0,/application/zukanlist/zkn_data/zukan_enc_pearl.narc,92,4443,,68772,68776,29088,29092,4,df3f619804a92fdb4057192dc43dd748ea778adc52bc498ce80524c014b81119,00000000,,,,,False,,,,,,,,,,False,False
/application/zukanlist/zkn_data/zukan_enc_pearl.narc,/application/zukanlist/zkn_data/zukan_enc_pearl.narc!/member_04444,0,/application/zukanlist/zkn_data/zukan_enc_pearl.narc,92,4444,,68776,68780,29092,29096,4,df3f619804a92fdb4057192dc43dd748ea778adc52bc498ce80524c014b81119,00000000,,,,,False,,,,,,,,,,False,False
/application/zukanlist/zkn_data/zukan_enc_pearl.narc,/application/zukanlist/zkn_data/zukan_enc_pearl.narc!/member_04445,0,/application/zukanlist/zkn_data/zukan_enc_pearl.narc,92,4445,,68780,68784,29096,29100,4,df3f619804a92fdb4057192dc43dd748ea778adc52bc498ce80524c014b81119,00000000,,,,,False,,,,,,,,,,False,False
/application/zukanlist/zkn_data/zukan_enc_pearl.narc,/application/zukanlist/zkn_data/zukan_enc_pearl.narc!/member_04446,0,/application/zukanlist/zkn_data/zukan_enc_pearl.narc,92,4446,,68784,68788,29100,29104,4,df3f619804a92fdb4057192dc43dd748ea778adc52bc498ce80524c014b81119,00000000,,,,,False,,,,,,,,,,False,False
/application/zukanlist/zkn_data/zukan_enc_pearl.narc,/application/zukanlist/zkn_data/zukan_enc_pearl.narc!/member_04447,0,/application/zukanlist/zkn_data/zukan_enc_pearl.narc,92,4447,,68788,68792,29104,29108,4,df3f619804a92fdb4057192dc43dd748ea778adc52bc498ce80524c014b81119,00000000,,,,,False,,,,,,,,,,False,False
/application/zukanlist/zkn_data/zukan_enc_pearl.narc,/application/zukanlist/zkn_data/zukan_enc_pearl.narc!/member_04448,0,/application/zukanlist/zkn_data/zukan_enc_pearl.narc,92,4448,,68792,68796,29108,29112,4,df3f619804a92fdb4057192dc43dd748ea778adc52bc498ce80524c014b81119,00000000,,,,,False,,,,,,,,,,False,False
/application/zukanlist/zkn_data/zukan_enc_pearl.narc,/application/zukanlist/zkn_data/zukan_enc_pearl.narc!/member_04449,0,/application/zukanlist/zkn_data/zukan_enc_pearl.narc,92,4449,,68796,68800,29112,29116,4,df3f619804a92fdb4057192dc43dd748ea778adc52bc498ce80524c014b81119,00000000,,,,,False,,,,,,,,,,False,False
/application/zukanlist/zkn_data/zukan_enc_pearl.narc,/application/zukanlist/zkn_data/zukan_enc_pearl.narc!/member_04450,0,/application/zukanlist/zkn_data/zukan_enc_pearl.narc,92,4450,,68800,68804,29116,29120,4,df3f619804a92fdb4057192dc43dd748ea778adc52bc498ce80524c014b81119,00000000,,,,,False,,,,,,,,,,False,False
/application/zukanlist/zkn_data/zukan_enc_pearl.narc,/application/zukanlist/zkn_data/zukan_enc_pearl.narc!/member_04451,0,/application/zukanlist/zkn_data/zukan_enc_pearl.narc,92,4451,,68804,68808,29120,29124,4,df3f619804a92fdb4057192dc43dd748ea778adc52bc498ce80524c014b81119,00000000,,,,,False,,,,,,,,,,False,False
/application/zukanlist/zkn_data/zukan_enc_pearl.narc,/application/zukanlist/zkn_data/zukan_enc_pearl.narc!/member_04452,0,/application/zukanlist/zkn_data/zukan_enc_pearl.narc,92,4452,,68808,68812,29124,29128,4,df3f619804a92fdb4057192dc43dd748ea778adc52bc498ce80524c014b81119,00000000,,,,,False,,,,,,,,,,False,False
/application/zukanlist/zkn_data/zukan_enc_pearl.narc,/application/zukanlist/zkn_data/zukan_enc_pearl.narc!/member_04453,0,/application/zukanlist/zkn_data/zukan_enc_pearl.narc,92,4453,,68812,68816,29128,29132,4,df3f619804a92fdb4057192dc43dd748ea778adc52bc498ce80524c014b81119,00000000,,,,,False,,,,,,,,,,False,False
/application/zukanlist/zkn_data/zukan_enc_pearl.narc,/application/zukanlist/zkn_data/zukan_enc_pearl.narc!/member_04454,0,/application/zukanlist/zkn_data/zukan_enc_pearl.narc,92,4454,,68816,68820,29132,29136,4,df3f619804a92fdb4057192dc43dd748ea778adc52bc498ce80524c014b81119,00000000,,,,,False,,,,,,,,,,False,False
/application/zukanlist/zkn_data/zukan_enc_pearl.narc,/application/zukanlist/zkn_data/zukan_enc_pearl.narc!/member_04455,0,/application/zukanlist/zkn_data/zukan_enc_pearl.narc,92,4455,,68820,68824,29136,29140,4,df3f619804a92fdb4057192dc43dd748ea778adc52bc498ce80524c014b81119,00000000,,,,,False,,,,,,,,,,False,False
/application/zukanlist/zkn_data/zukan_enc_pearl.narc,/application/zukanlist/zkn_data/zukan_enc_pearl.narc!/member_04456,0,/application/zukanlist/zkn_data/zukan_enc_pearl.narc,92,4456,,68824,68828,29140,29144,4,df3f619804a92fdb4057192dc43dd748ea778adc52bc498ce80524c014b81119,00000000,,,,,False,,,,,,,,,,False,False
/application/zukanlist/zkn_data/zukan_enc_pearl.narc,/application/zukanlist/zkn_data/zukan_enc_pearl.narc!/member_04457,0,/application/zukanlist/zkn_data/zukan_enc_pearl.narc,92,4457,,68828,68832,29144,29148,4,df3f619804a92fdb4057192dc43dd748ea778adc52bc498ce80524c014b81119,00000000,,,,,False,,,,,,,,,,False,False
/application/zukanlist/zkn_data/zukan_enc_pearl.narc,/application/zukanlist/zkn_data/zukan_enc_pearl.narc!/member_04458,0,/application/zukanlist/zkn_data/zukan_enc_pearl.narc,92,4458,,68832,68836,29148,29152,4,df3f619804a92fdb4057192dc43dd748ea778adc52bc498ce80524c014b81119,00000000,,,,,False,,,,,,,,,,False,False
/application/zukanlist/zkn_data/zukan_enc_pearl.narc,/application/zukanlist/zkn_data/zukan_enc_pearl.narc!/member_04459,0,/application/zukanlist/zkn_data/zukan_enc_pearl.narc,92,4459,,68836,68888,29152,29204,52,ac11a9bef889c0545f3efa1de1b519a7b03d755b473fb4fc4e4ba46e13cc508e,01000000020000000300000004000000,,,,,False,,,,,,,,,,False,False
/application/zukanlist/zkn_data/zukan_enc_pearl.narc,/application/zukanlist/zkn_data/zukan_enc_pearl.narc!/member_04460,0,/application/zukanlist/zkn_data/zukan_enc_pearl.narc,92,4460,,68888,68892,29204,29208,4,df3f619804a92fdb4057192dc43dd748ea778adc52bc498ce80524c014b81119,00000000,,,,,False,,,,,,,,,,False,False
/application/zukanlist/zkn_data/zukan_enc_pearl.narc,/application/zukanlist/zkn_data/zukan_enc_pearl.narc!/member_04461,0,/application/zukanlist/zkn_data/zukan_enc_pearl.narc,92,4461,,68892,68896,29208,29212,4,df3f619804a92fdb4057192dc43dd748ea778adc52bc498ce80524c014b81119,00000000,,,,,False,,,,,,,,,,False,False
/application/zukanlist/zkn_data/zukan_enc_pearl.narc,/application/zukanlist/zkn_data/zukan_enc_pearl.narc!/member_04462,0,/application/zukanlist/zkn_data/zukan_enc_pearl.narc,92,4462,,68896,68900,29212,29216,4,df3f619804a92fdb4057192dc43dd748ea778adc52bc498ce80524c014b81119,00000000,,,,,False,,,,,,,,,,False,False
/application/zukanlist/zkn_data/zukan_enc_pearl.narc,/application/zukanlist/zkn_data/zukan_enc_pearl.narc!/member_04463,0,/application/zukanlist/zkn_data/zukan_enc_pearl.narc,92,4463,,68900,68904,29216,29220,4,df3f619804a92fdb4057192dc43dd748ea778adc52bc498ce80524c014b81119,00000000,,,,,False,,,,,,,,,,False,False
/application/zukanlist/zkn_data/zukan_enc_pearl.narc,/application/zukanlist/zkn_data/zukan_enc_pearl.narc!/member_04464,0,/application/zukanlist/zkn_data/zukan_enc_pearl.narc,92,4464,,68904,68908,29220,29224,4,df3f619804a92fdb4057192dc43dd748ea778adc52bc498ce80524c014b81119,00000000,,,,,False,,,,,,,,,,False,False
/application/zukanlist/zkn_data/zukan_enc_pearl.narc,/application/zukanlist/zkn_data/zukan_enc_pearl.narc!/member_04465,0,/application/zukanlist/zkn_data/zukan_enc_pearl.narc,92,4465,,68908,68912,29224,29228,4,df3f619804a92fdb4057192dc43dd748ea778adc52bc498ce80524c014b81119,00000000,,,,,False,,,,,,,,,,False,False
/application/zukanlist/zkn_data/zukan_enc_pearl.narc,/application/zukanlist/zkn_data/zukan_enc_pearl.narc!/member_04466,0,/application/zukanlist/zkn_data/zukan_enc_pearl.narc,92,4466,,68912,68916,29228,29232,4,df3f619804a92fdb4057192dc43dd748ea778adc52bc498ce80524c014b81119,00000000,,,,,False,,,,,,,,,,False,False
/application/zukanlist/zkn_data/zukan_enc_pearl.narc,/application/zukanlist/zkn_data/zukan_enc_pearl.narc!/member_04467,0,/application/zukanlist/zkn_data/zukan_enc_pearl.narc,92,4467,,68916,68920,29232,29236,4,df3f619804a92fdb4057192dc43dd748ea778adc52bc498ce80524c014b81119,00000000,,,,,False,,,,,,,,,,False,False
/application/zukanlist/zkn_data/zukan_enc_pearl.narc,/application/zukanlist/zkn_data/zukan_enc_pearl.narc!/member_04468,0,/application/zukanlist/zkn_data/zukan_enc_pearl.narc,92,4468,,68920,68924,29236,29240,4,df3f619804a92fdb4057192dc43dd748ea778adc52bc498ce80524c014b81119,00000000,,,,,False,,,,,,,,,,False,False
/application/zukanlist/zkn_data/zukan_enc_pearl.narc,/application/zukanlist/zkn_data/zukan_enc_pearl.narc!/member_04469,0,/application/zukanlist/zkn_data/zukan_enc_pearl.narc,92,4469,,68924,68928,29240,29244,4,df3f619804a92fdb4057192dc43dd748ea778adc52bc498ce80524c014b81119,00000000,,,,,False,,,,,,,,,,False,False
/application/zukanlist/zkn_data/zukan_enc_pearl.narc,/application/zukanlist/zkn_data/zukan_enc_pearl.narc!/member_04470,0,/application/zukanlist/zkn_data/zukan_enc_pearl.narc,92,4470,,68928,68932,29244,29248,4,df3f619804a92fdb4057192dc43dd748ea778adc52bc498ce80524c014b81119,00000000,,,,,False,,,,,,,,,,False,False
/application/zukanlist/zkn_data/zukan_enc_pearl.narc,/application/zukanlist/zkn_data/zukan_enc_pearl.narc!/member_04471,0,/application/zukanlist/zkn_data/zukan_enc_pearl.narc,92,4471,,68932,68936,29248,29252,4,df3f619804a92fdb4057192dc43dd748ea778adc52bc498ce80524c014b81119,00000000,,,,,False,,,,,,,,,,False,False
/application/zukanlist/zkn_data/zukan_enc_pearl.narc,/application/zukanlist/zkn_data/zukan_enc_pearl.narc!/member_04472,0,/application/zukanlist/zkn_data/zukan_enc_pearl.narc,92,4472,,68936,68940,29252,29256,4,df3f619804a92fdb4057192dc43dd748ea778adc52bc498ce80524c014b81119,00000000,,,,,False,,,,,,,,,,False,False
/application/zukanlist/zkn_data/zukan_enc_pearl.narc,/application/zukanlist/zkn_data/zukan_enc_pearl.narc!/member_04473,0,/application/zukanlist/zkn_data/zukan_enc_pearl.narc,92,4473,,68940,68944,29256,29260,4,df3f619804a92fdb4057192dc43dd748ea778adc52bc498ce80524c014b81119,00000000,,,,,False,,,,,,,,,,False,False
/application/zukanlist/zkn_data/zukan_enc_pearl.narc,/application/zukanlist/zkn_data/zukan_enc_pearl.narc!/member_04474,0,/application/zukanlist/zkn_data/zukan_enc_pearl.narc,92,4474,,68944,68948,29260,29264,4,df3f619804a92fdb4057192dc43dd748ea778adc52bc498ce80524c014b81119,00000000,,,,,False,,,,,,,,,,False,False
/application/zukanlist/zkn_data/zukan_enc_pearl.narc,/application/zukanlist/zkn_data/zukan_enc_pearl.narc!/member_04475,0,/application/zukanlist/zkn_data/zukan_enc_pearl.narc,92,4475,,68948,68952,29264,29268,4,df3f619804a92fdb4057192dc43dd748ea778adc52bc498ce80524c014b81119,00000000,,,,,False,,,,,,,,,,False,False
/application/zukanlist/zkn_data/zukan_enc_pearl.narc,/application/zukanlist/zkn_data/zukan_enc_pearl.narc!/member_04476,0,/application/zukanlist/zkn_data/zukan_enc_pearl.narc,92,4476,,68952,68956,29268,29272,4,df3f619804a92fdb4057192dc43dd748ea778adc52bc498ce80524c014b81119,00000000,,,,,False,,,,,,,,,,False,False
/application/zukanlist/zkn_data/zukan_enc_pearl.narc,/application/zukanlist/zkn_data/zukan_enc_pearl.narc!/member_04477,0,/application/zukanlist/zkn_data/zukan_enc_pearl.narc,92,4477,,68956,68960,29272,29276,4,df3f619804a92fdb4057192dc43dd748ea778adc52bc498ce80524c014b81119,00000000,,,,,False,,,,,,,,,,False,False
/application/zukanlist/zkn_data/zukan_enc_pearl.narc,/application/zukanlist/zkn_data/zukan_enc_pearl.narc!/member_04478,0,/application/zukanlist/zkn_data/zukan_enc_pearl.narc,92,4478,,68960,68964,29276,29280,4,df3f619804a92fdb4057192dc43dd748ea778adc52bc498ce80524c014b81119,00000000,,,,,False,,,,,,,,,,False,False
/application/zukanlist/zkn_data/zukan_enc_pearl.narc,/application/zukanlist/zkn_data/zukan_enc_pearl.narc!/member_04479,0,/application/zukanlist/zkn_data/zukan_enc_pearl.narc,92,4479,,68964,68968,29280,29284,4,df3f619804a92fdb4057192dc43dd748ea778adc52bc498ce80524c014b81119,00000000,,,,,False,,,,,,,,,,False,False
/application/zukanlist/zkn_data/zukan_enc_pearl.narc,/application/zukanlist/zkn_data/zukan_enc_pearl.narc!/member_04480,0,/application/zukanlist/zkn_data/zukan_enc_pearl.narc,92,4480,,68968,68972,29284,29288,4,df3f619804a92fdb4057192dc43dd748ea778adc52bc498ce80524c014b81119,00000000,,,,,False,,,,,,,,,,False,False
/application/zukanlist/zkn_data/zukan_enc_pearl.narc,/application/zukanlist/zkn_data/zukan_enc_pearl.narc!/member_04481,0,/application/zukanlist/zkn_data/zukan_enc_pearl.narc,92,4481,,68972,68976,29288,29292,4,df3f619804a92fdb4057192dc43dd748ea778adc52bc498ce80524c014b81119,00000000,,,,,False,,,,,,,,,,False,False
/application/zukanlist/zkn_data/zukan_enc_pearl.narc,/application/zukanlist/zkn_data/zukan_enc_pearl.narc!/member_04482,0,/application/zukanlist/zkn_data/zukan_enc_pearl.narc,92,4482,,68976,68980,29292,29296,4,df3f619804a92fdb4057192dc43dd748ea778adc52bc498ce80524c014b81119,00000000,,,,,False,,,,,,,,,,False,False
/application/zukanlist/zkn_data/zukan_enc_pearl.narc,/application/zukanlist/zkn_data/zukan_enc_pearl.narc!/member_04483,0,/application/zukanlist/zkn_data/zukan_enc_pearl.narc,92,4483,,68980,68984,29296,29300,4,df3f619804a92fdb4057192dc43dd748ea778adc52bc498ce80524c014b81119,00000000,,,,,False,,,,,,,,,,False,False
/application/zukanlist/zkn_data/zukan_enc_pearl.narc,/application/zukanlist/zkn_data/zukan_enc_pearl.narc!/member_04484,0,/application/zukanlist/zkn_data/zukan_enc_pearl.narc,92,4484,,68984,68988,29300,29304,4,df3f619804a92fdb4057192dc43dd748ea778adc52bc498ce80524c014b81119,00000000,,,,,False,,,,,,,,,,False,False
/application/zukanlist/zkn_data/zukan_enc_pearl.narc,/application/zukanlist/zkn_data/zukan_enc_pearl.narc!/member_04485,0,/application/zukanlist/zkn_data/zukan_enc_pearl.narc,92,4485,,68988,68992,29304,29308,4,df3f619804a92fdb4057192dc43dd748ea778adc52bc498ce80524c014b81119,00000000,,,,,False,,,,,,,,,,False,False
/application/zukanlist/zkn_data/zukan_enc_pearl.narc,/application/zukanlist/zkn_data/zukan_enc_pearl.narc!/member_04486,0,/application/zukanlist/zkn_data/zukan_enc_pearl.narc,92,4486,,68992,68996,29308,29312,4,df3f619804a92fdb4057192dc43dd748ea778adc52bc498ce80524c014b81119,00000000,,,,,False,,,,,,,,,,False,False
/application/zukanlist/zkn_data/zukan_enc_pearl.narc,/application/zukanlist/zkn_data/zukan_enc_pearl.narc!/member_04487,0,/application/zukanlist/zkn_data/zukan_enc_pearl.narc,92,4487,,68996,69000,29312,29316,4,df3f619804a92fdb4057192dc43dd748ea778adc52bc498ce80524c014b81119,00000000,,,,,False,,,,,,,,,,False,False
/application/zukanlist/zkn_data/zukan_enc_pearl.narc,/application/zukanlist/zkn_data/zukan_enc_pearl.narc!/member_04488,0,/application/zukanlist/zkn_data/zukan_enc_pearl.narc,92,4488,,69000,69008,29316,29324,8,220dde27afee4d537cac96d85d6546f825153b90e828931b74e103807541bc42,0c00000000000000,,,,,False,,,,,,,,,,False,False
/application/zukanlist/zkn_data/zukan_enc_pearl.narc,/application/zukanlist/zkn_data/zukan_enc_pearl.narc!/member_04489,0,/application/zukanlist/zkn_data/zukan_enc_pearl.narc,92,4489,,69008,69020,29324,29336,12,accaa760178844c8390ce76dbfd3d9646fce5def61f88ea11a7ed5ba1c019ada,0a0000002400000000000000,,,,,False,,,,,,,,,,False,False
/application/zukanlist/zkn_data/zukan_enc_pearl.narc,/application/zukanlist/zkn_data/zukan_enc_pearl.narc!/member_04490,0,/application/zukanlist/zkn_data/zukan_enc_pearl.narc,92,4490,,69020,69024,29336,29340,4,df3f619804a92fdb4057192dc43dd748ea778adc52bc498ce80524c014b81119,00000000,,,,,False,,,,,,,,,,False,False
/application/zukanlist/zkn_data/zukan_enc_pearl.narc,/application/zukanlist/zkn_data/zukan_enc_pearl.narc!/member_04491,0,/application/zukanlist/zkn_data/zukan_enc_pearl.narc,92,4491,,69024,69032,29340,29348,8,220dde27afee4d537cac96d85d6546f825153b90e828931b74e103807541bc42,0c00000000000000,,,,,False,,,,,,,,,,False,False
/application/zukanlist/zkn_data/zukan_enc_pearl.narc,/application/zukanlist/zkn_data/zukan_enc_pearl.narc!/member_04492,0,/application/zukanlist/zkn_data/zukan_enc_pearl.narc,92,4492,,69032,69044,29348,29360,12,accaa760178844c8390ce76dbfd3d9646fce5def61f88ea11a7ed5ba1c019ada,0a0000002400000000000000,,,,,False,,,,,,,,,,False,False
/application/zukanlist/zkn_data/zukan_enc_pearl.narc,/application/zukanlist/zkn_data/zukan_enc_pearl.narc!/member_04493,0,/application/zukanlist/zkn_data/zukan_enc_pearl.narc,92,4493,,69044,69048,29360,29364,4,df3f619804a92fdb4057192dc43dd748ea778adc52bc498ce80524c014b81119,00000000,,,,,False,,,,,,,,,,False,False
/application/zukanlist/zkn_data/zukan_enc_pearl.narc,/application/zukanlist/zkn_data/zukan_enc_pearl.narc!/member_04494,0,/application/zukanlist/zkn_data/zukan_enc_pearl.narc,92,4494,,69048,69052,29364,29368,4,df3f619804a92fdb4057192dc43dd748ea778adc52bc498ce80524c014b81119,00000000,,,,,False,,,,,,,,,,False,False
/application/zukanlist/zkn_data/zukan_enc_pearl.narc,/application/zukanlist/zkn_data/zukan_enc_pearl.narc!/member_04495,0,/application/zukanlist/zkn_data/zukan_enc_pearl.narc,92,4495,,69052,69056,29368,29372,4,df3f619804a92fdb4057192dc43dd748ea778adc52bc498ce80524c014b81119,00000000,,,,,False,,,,,,,,,,False,False
/application/zukanlist/zkn_data/zukan_enc_pearl.narc,/application/zukanlist/zkn_data/zukan_enc_pearl.narc!/member_04496,0,/application/zukanlist/zkn_data/zukan_enc_pearl.narc,92,4496,,69056,69060,29372,29376,4,df3f619804a92fdb4057192dc43dd748ea778adc52bc498ce80524c014b81119,00000000,,,,,False,,,,,,,,,,False,False
/application/zukanlist/zkn_data/zukan_enc_pearl.narc,/application/zukanlist/zkn_data/zukan_enc_pearl.narc!/member_04497,0,/application/zukanlist/zkn_data/zukan_enc_pearl.narc,92,4497,,69060,69064,29376,29380,4,df3f619804a92fdb4057192dc43dd748ea778adc52bc498ce80524c014b81119,00000000,,,,,False,,,,,,,,,,False,False
/application/zukanlist/zkn_data/zukan_enc_pearl.narc,/application/zukanlist/zkn_data/zukan_enc_pearl.narc!/member_04498,0,/application/zukanlist/zkn_data/zukan_enc_pearl.narc,92,4498,,69064,69068,29380,29384,4,df3f619804a92fdb4057192dc43dd748ea778adc52bc498ce80524c014b81119,00000000,,,,,False,,,,,,,,,,False,False
/application/zukanlist/zkn_data/zukan_enc_pearl.narc,/application/zukanlist/zkn_data/zukan_enc_pearl.narc!/member_04499,0,/application/zukanlist/zkn_data/zukan_enc_pearl.narc,92,4499,,69068,69072,29384,29388,4,df3f619804a92fdb4057192dc43dd748ea778adc52bc498ce80524c014b81119,00000000,,,,,False,,,,,,,,,,False,False
/application/zukanlist/zkn_data/zukan_enc_pearl.narc,/application/zukanlist/zkn_data/zukan_enc_pearl.narc!/member_04500,0,/application/zukanlist/zkn_data/zukan_enc_pearl.narc,92,4500,,69072,69076,29388,29392,4,df3f619804a92fdb4057192dc43dd748ea778adc52bc498ce80524c014b81119,00000000,,,,,False,,,,,,,,,,False,False
/application/zukanlist/zkn_data/zukan_enc_pearl.narc,/application/zukanlist/zkn_data/zukan_enc_pearl.narc!/member_04501,0,/application/zukanlist/zkn_data/zukan_enc_pearl.narc,92,4501,,69076,69080,29392,29396,4,df3f619804a92fdb4057192dc43dd748ea778adc52bc498ce80524c014b81119,00000000,,,,,False,,,,,,,,,,False,False
/application/zukanlist/zkn_data/zukan_enc_pearl.narc,/application/zukanlist/zkn_data/zukan_enc_pearl.narc!/member_04502,0,/application/zukanlist/zkn_data/zukan_enc_pearl.narc,92,4502,,69080,69084,29396,29400,4,df3f619804a92fdb4057192dc43dd748ea778adc52bc498ce80524c014b81119,00000000,,,,,False,,,,,,,,,,False,False
/application/zukanlist/zkn_data/zukan_enc_pearl.narc,/application/zukanlist/zkn_data/zukan_enc_pearl.narc!/member_04503,0,/application/zukanlist/zkn_data/zukan_enc_pearl.narc,92,4503,,69084,69088,29400,29404,4,df3f619804a92fdb4057192dc43dd748ea778adc52bc498ce80524c014b81119,00000000,,,,,False,,,,,,,,,,False,False
/application/zukanlist/zkn_data/zukan_enc_pearl.narc,/application/zukanlist/zkn_data/zukan_enc_pearl.narc!/member_04504,0,/application/zukanlist/zkn_data/zukan_enc_pearl.narc,92,4504,,69088,69092,29404,29408,4,df3f619804a92fdb4057192dc43dd748ea778adc52bc498ce80524c014b81119,00000000,,,,,False,,,,,,,,,,False,False
/application/zukanlist/zkn_data/zukan_enc_pearl.narc,/application/zukanlist/zkn_data/zukan_enc_pearl.narc!/member_04505,0,/application/zukanlist/zkn_data/zukan_enc_pearl.narc,92,4505,,69092,69096,29408,29412,4,df3f619804a92fdb4057192dc43dd748ea778adc52bc498ce80524c014b81119,00000000,,,,,False,,,,,,,,,,False,False
/application/zukanlist/zkn_data/zukan_enc_pearl.narc,/application/zukanlist/zkn_data/zukan_enc_pearl.narc!/member_04506,0,/application/zukanlist/zkn_data/zukan_enc_pearl.narc,92,4506,,69096,69100,29412,29416,4,df3f619804a92fdb4057192dc43dd748ea778adc52bc498ce80524c014b81119,00000000,,,,,False,,,,,,,,,,False,False
/application/zukanlist/zkn_data/zukan_enc_pearl.narc,/application/zukanlist/zkn_data/zukan_enc_pearl.narc!/member_04507,0,/application/zukanlist/zkn_data/zukan_enc_pearl.narc,92,4507,,69100,69108,29416,29424,8,ed049108bc18f2c64369e8d0ea42850bdd1a7d1dd340cfde716315579702a76c,2a00000000000000,,,,,False,,,,,,,,,,False,False
/application/zukanlist/zkn_data/zukan_enc_pearl.narc,/application/zukanlist/zkn_data/zukan_enc_pearl.narc!/member_04508,0,/application/zukanlist/zkn_data/zukan_enc_pearl.narc,92,4508,,69108,69116,29424,29432,8,ed049108bc18f2c64369e8d0ea42850bdd1a7d1dd340cfde716315579702a76c,2a00000000000000,,,,,False,,,,,,,,,,False,False
/application/zukanlist/zkn_data/zukan_enc_pearl.narc,/application/zukanlist/zkn_data/zukan_enc_pearl.narc!/member_04509,0,/application/zukanlist/zkn_data/zukan_enc_pearl.narc,92,4509,,69116,69120,29432,29436,4,df3f619804a92fdb4057192dc43dd748ea778adc52bc498ce80524c014b81119,00000000,,,,,False,,,,,,,,,,False,False
/application/zukanlist/zkn_data/zukan_enc_pearl.narc,/application/zukanlist/zkn_data/zukan_enc_pearl.narc!/member_04510,0,/application/zukanlist/zkn_data/zukan_enc_pearl.narc,92,4510,,69120,69124,29436,29440,4,df3f619804a92fdb4057192dc43dd748ea778adc52bc498ce80524c014b81119,00000000,,,,,False,,,,,,,,,,False,False
/application/zukanlist/zkn_data/zukan_enc_pearl.narc,/application/zukanlist/zkn_data/zukan_enc_pearl.narc!/member_04511,0,/application/zukanlist/zkn_data/zukan_enc_pearl.narc,92,4511,,69124,69128,29440,29444,4,df3f619804a92fdb4057192dc43dd748ea778adc52bc498ce80524c014b81119,00000000,,,,,False,,,,,,,,,,False,False
/application/zukanlist/zkn_data/zukan_enc_pearl.narc,/application/zukanlist/zkn_data/zukan_enc_pearl.narc!/member_04512,0,/application/zukanlist/zkn_data/zukan_enc_pearl.narc,92,4512,,69128,69132,29444,29448,4,df3f619804a92fdb4057192dc43dd748ea778adc52bc498ce80524c014b81119,00000000,,,,,False,,,,,,,,,,False,False
/application/zukanlist/zkn_data/zukan_enc_pearl.narc,/application/zukanlist/zkn_data/zukan_enc_pearl.narc!/member_04513,0,/application/zukanlist/zkn_data/zukan_enc_pearl.narc,92,4513,,69132,69136,29448,29452,4,df3f619804a92fdb4057192dc43dd748ea778adc52bc498ce80524c014b81119,00000000,,,,,False,,,,,,,,,,False,False
/application/zukanlist/zkn_data/zukan_enc_pearl.narc,/application/zukanlist/zkn_data/zukan_enc_pearl.narc!/member_04514,0,/application/zukanlist/zkn_data/zukan_enc_pearl.narc,92,4514,,69136,69140,29452,29456,4,df3f619804a92fdb4057192dc43dd748ea778adc52bc498ce80524c014b81119,00000000,,,,,False,,,,,,,,,,False,False
/application/zukanlist/zkn_data/zukan_enc_pearl.narc,/application/zukanlist/zkn_data/zukan_enc_pearl.narc!/member_04515,0,/application/zukanlist/zkn_data/zukan_enc_pearl.narc,92,4515,,69140,69152,29456,29468,12,9893212e6b984485abc2a582f07509b2de3f9ee0e30ac1263124e844a9c81346,270000003000000000000000,,,,,False,,,,,,,,,,False,False
/application/zukanlist/zkn_data/zukan_enc_pearl.narc,/application/zukanlist/zkn_data/zukan_enc_pearl.narc!/member_04516,0,/application/zukanlist/zkn_data/zukan_enc_pearl.narc,92,4516,,69152,69164,29468,29480,12,9893212e6b984485abc2a582f07509b2de3f9ee0e30ac1263124e844a9c81346,270000003000000000000000,,,,,False,,,,,,,,,,False,False
/application/zukanlist/zkn_data/zukan_enc_pearl.narc,/application/zukanlist/zkn_data/zukan_enc_pearl.narc!/member_04517,0,/application/zukanlist/zkn_data/zukan_enc_pearl.narc,92,4517,,69164,69168,29480,29484,4,df3f619804a92fdb4057192dc43dd748ea778adc52bc498ce80524c014b81119,00000000,,,,,False,,,,,,,,,,False,False
/application/zukanlist/zkn_data/zukan_enc_pearl.narc,/application/zukanlist/zkn_data/zukan_enc_pearl.narc!/member_04518,0,/application/zukanlist/zkn_data/zukan_enc_pearl.narc,92,4518,,69168,69172,29484,29488,4,df3f619804a92fdb4057192dc43dd748ea778adc52bc498ce80524c014b81119,00000000,,,,,False,,,,,,,,,,False,False
/application/zukanlist/zkn_data/zukan_enc_pearl.narc,/application/zukanlist/zkn_data/zukan_enc_pearl.narc!/member_04519,0,/application/zukanlist/zkn_data/zukan_enc_pearl.narc,92,4519,,69172,69176,29488,29492,4,df3f619804a92fdb4057192dc43dd748ea778adc52bc498ce80524c014b81119,00000000,,,,,False,,,,,,,,,,False,False
/application/zukanlist/zkn_data/zukan_enc_pearl.narc,/application/zukanlist/zkn_data/zukan_enc_pearl.narc!/member_04520,0,/application/zukanlist/zkn_data/zukan_enc_pearl.narc,92,4520,,69176,69180,29492,29496,4,df3f619804a92fdb4057192dc43dd748ea778adc52bc498ce80524c014b81119,00000000,,,,,False,,,,,,,,,,False,False
/application/zukanlist/zkn_data/zukan_enc_pearl.narc,/application/zukanlist/zkn_data/zukan_enc_pearl.narc!/member_04521,0,/application/zukanlist/zkn_data/zukan_enc_pearl.narc,92,4521,,69180,69184,29496,29500,4,df3f619804a92fdb4057192dc43dd748ea778adc52bc498ce80524c014b81119,00000000,,,,,False,,,,,,,,,,False,False
/application/zukanlist/zkn_data/zukan_enc_pearl.narc,/application/zukanlist/zkn_data/zukan_enc_pearl.narc!/member_04522,0,/application/zukanlist/zkn_data/zukan_enc_pearl.narc,92,4522,,69184,69188,29500,29504,4,df3f619804a92fdb4057192dc43dd748ea778adc52bc498ce80524c014b81119,00000000,,,,,False,,,,,,,,,,False,False
/application/zukanlist/zkn_data/zukan_enc_pearl.narc,/application/zukanlist/zkn_data/zukan_enc_pearl.narc!/member_04523,0,/application/zukanlist/zkn_data/zukan_enc_pearl.narc,92,4523,,69188,69192,29504,29508,4,df3f619804a92fdb4057192dc43dd748ea778adc52bc498ce80524c014b81119,00000000,,,,,False,,,,,,,,,,False,False
/application/zukanlist/zkn_data/zukan_enc_pearl.narc,/application/zukanlist/zkn_data/zukan_enc_pearl.narc!/member_04524,0,/application/zukanlist/zkn_data/zukan_enc_pearl.narc,92,4524,,69192,69196,29508,29512,4,df3f619804a92fdb4057192dc43dd748ea778adc52bc498ce80524c014b81119,00000000,,,,,False,,,,,,,,,,False,False
/application/zukanlist/zkn_data/zukan_enc_pearl.narc,/application/zukanlist/zkn_data/zukan_enc_pearl.narc!/member_04525,0,/application/zukanlist/zkn_data/zukan_enc_pearl.narc,92,4525,,69196,69200,29512,29516,4,df3f619804a92fdb4057192dc43dd748ea778adc52bc498ce80524c014b81119,00000000,,,,,False,,,,,,,,,,False,False
/application/zukanlist/zkn_data/zukan_enc_pearl.narc,/application/zukanlist/zkn_data/zukan_enc_pearl.narc!/member_04526,0,/application/zukanlist/zkn_data/zukan_enc_pearl.narc,92,4526,,69200,69204,29516,29520,4,df3f619804a92fdb4057192dc43dd748ea778adc52bc498ce80524c014b81119,00000000,,,,,False,,,,,,,,,,False,False
/application/zukanlist/zkn_data/zukan_enc_pearl.narc,/application/zukanlist/zkn_data/zukan_enc_pearl.narc!/member_04527,0,/application/zukanlist/zkn_data/zukan_enc_pearl.narc,92,4527,,69204,69208,29520,29524,4,df3f619804a92fdb4057192dc43dd748ea778adc52bc498ce80524c014b81119,00000000,,,,,False,,,,,,,,,,False,False
/application/zukanlist/zkn_data/zukan_enc_pearl.narc,/application/zukanlist/zkn_data/zukan_enc_pearl.narc!/member_04528,0,/application/zukanlist/zkn_data/zukan_enc_pearl.narc,92,4528,,69208,69212,29524,29528,4,df3f619804a92fdb4057192dc43dd748ea778adc52bc498ce80524c014b81119,00000000,,,,,False,,,,,,,,,,False,False
/application/zukanlist/zkn_data/zukan_enc_pearl.narc,/application/zukanlist/zkn_data/zukan_enc_pearl.narc!/member_04529,0,/application/zukanlist/zkn_data/zukan_enc_pearl.narc,92,4529,,69212,69216,29528,29532,4,df3f619804a92fdb4057192dc43dd748ea778adc52bc498ce80524c014b81119,00000000,,,,,False,,,,,,,,,,False,False
/application/zukanlist/zkn_data/zukan_enc_pearl.narc,/application/zukanlist/zkn_data/zukan_enc_pearl.narc!/member_04530,0,/application/zukanlist/zkn_data/zukan_enc_pearl.narc,92,4530,,69216,69220,29532,29536,4,df3f619804a92fdb4057192dc43dd748ea778adc52bc498ce80524c014b81119,00000000,,,,,False,,,,,,,,,,False,False
/application/zukanlist/zkn_data/zukan_enc_pearl.narc,/application/zukanlist/zkn_data/zukan_enc_pearl.narc!/member_04531,0,/application/zukanlist/zkn_data/zukan_enc_pearl.narc,92,4531,,69220,69224,29536,29540,4,df3f619804a92fdb4057192dc43dd748ea778adc52bc498ce80524c014b81119,00000000,,,,,False,,,,,,,,,,False,False
/application/zukanlist/zkn_data/zukan_enc_pearl.narc,/application/zukanlist/zkn_data/zukan_enc_pearl.narc!/member_04532,0,/application/zukanlist/zkn_data/zukan_enc_pearl.narc,92,4532,,69224,69228,29540,29544,4,df3f619804a92fdb4057192dc43dd748ea778adc52bc498ce80524c014b81119,00000000,,,,,False,,,,,,,,,,False,False
/application/zukanlist/zkn_data/zukan_enc_pearl.narc,/application/zukanlist/zkn_data/zukan_enc_pearl.narc!/member_04533,0,/application/zukanlist/zkn_data/zukan_enc_pearl.narc,92,4533,,69228,69232,29544,29548,4,df3f619804a92fdb4057192dc43dd748ea778adc52bc498ce80524c014b81119,00000000,,,,,False,,,,,,,,,,False,False
/application/zukanlist/zkn_data/zukan_enc_pearl.narc,/application/zukanlist/zkn_data/zukan_enc_pearl.narc!/member_04534,0,/application/zukanlist/zkn_data/zukan_enc_pearl.narc,92,4534,,69232,69236,29548,29552,4,df3f619804a92fdb4057192dc43dd748ea778adc52bc498ce80524c014b81119,00000000,,,,,False,,,,,,,,,,False,False
/application/zukanlist/zkn_data/zukan_enc_pearl.narc,/application/zukanlist/zkn_data/zukan_enc_pearl.narc!/member_04535,0,/application/zukanlist/zkn_data/zukan_enc_pearl.narc,92,4535,,69236,69240,29552,29556,4,df3f619804a92fdb4057192dc43dd748ea778adc52bc498ce80524c014b81119,00000000,,,,,False,,,,,,,,,,False,False
/application/zukanlist/zkn_data/zukan_enc_pearl.narc,/application/zukanlist/zkn_data/zukan_enc_pearl.narc!/member_04536,0,/application/zukanlist/zkn_data/zukan_enc_pearl.narc,92,4536,,69240,69244,29556,29560,4,df3f619804a92fdb4057192dc43dd748ea778adc52bc498ce80524c014b81119,00000000,,,,,False,,,,,,,,,,False,False
/application/zukanlist/zkn_data/zukan_enc_pearl.narc,/application/zukanlist/zkn_data/zukan_enc_pearl.narc!/member_04537,0,/application/zukanlist/zkn_data/zukan_enc_pearl.narc,92,4537,,69244,69248,29560,29564,4,df3f619804a92fdb4057192dc43dd748ea778adc52bc498ce80524c014b81119,00000000,,,,,False,,,,,,,,,,False,False
/application/zukanlist/zkn_data/zukan_enc_pearl.narc,/application/zukanlist/zkn_data/zukan_enc_pearl.narc!/member_04538,0,/application/zukanlist/zkn_data/zukan_enc_pearl.narc,92,4538,,69248,69256,29564,29572,8,e48d939f60d90eb530fe27e3605e548e51c7232e13baddfdfeaa4e04fb478319,1200000000000000,,,,,False,,,,,,,,,,False,False
/application/zukanlist/zkn_data/zukan_enc_pearl.narc,/application/zukanlist/zkn_data/zukan_enc_pearl.narc!/member_04539,0,/application/zukanlist/zkn_data/zukan_enc_pearl.narc,92,4539,,69256,69260,29572,29576,4,df3f619804a92fdb4057192dc43dd748ea778adc52bc498ce80524c014b81119,00000000,,,,,False,,,,,,,,,,False,False
/application/zukanlist/zkn_data/zukan_enc_pearl.narc,/application/zukanlist/zkn_data/zukan_enc_pearl.narc!/member_04540,0,/application/zukanlist/zkn_data/zukan_enc_pearl.narc,92,4540,,69260,69264,29576,29580,4,df3f619804a92fdb4057192dc43dd748ea778adc52bc498ce80524c014b81119,00000000,,,,,False,,,,,,,,,,False,False
/application/zukanlist/zkn_data/zukan_enc_pearl.narc,/application/zukanlist/zkn_data/zukan_enc_pearl.narc!/member_04541,0,/application/zukanlist/zkn_data/zukan_enc_pearl.narc,92,4541,,69264,69268,29580,29584,4,df3f619804a92fdb4057192dc43dd748ea778adc52bc498ce80524c014b81119,00000000,,,,,False,,,,,,,,,,False,False
/application/zukanlist/zkn_data/zukan_enc_pearl.narc,/application/zukanlist/zkn_data/zukan_enc_pearl.narc!/member_04542,0,/application/zukanlist/zkn_data/zukan_enc_pearl.narc,92,4542,,69268,69272,29584,29588,4,df3f619804a92fdb4057192dc43dd748ea778adc52bc498ce80524c014b81119,00000000,,,,,False,,,,,,,,,,False,False
/application/zukanlist/zkn_data/zukan_enc_pearl.narc,/application/zukanlist/zkn_data/zukan_enc_pearl.narc!/member_04543,0,/application/zukanlist/zkn_data/zukan_enc_pearl.narc,92,4543,,69272,69276,29588,29592,4,df3f619804a92fdb4057192dc43dd748ea778adc52bc498ce80524c014b81119,00000000,,,,,False,,,,,,,,,,False,False
/application/zukanlist/zkn_data/zukan_enc_pearl.narc,/application/zukanlist/zkn_data/zukan_enc_pearl.narc!/member_04544,0,/application/zukanlist/zkn_data/zukan_enc_pearl.narc,92,4544,,69276,69280,29592,29596,4,df3f619804a92fdb4057192dc43dd748ea778adc52bc498ce80524c014b81119,00000000,,,,,False,,,,,,,,,,False,False
/application/zukanlist/zkn_data/zukan_enc_pearl.narc,/application/zukanlist/zkn_data/zukan_enc_pearl.narc!/member_04545,0,/application/zukanlist/zkn_data/zukan_enc_pearl.narc,92,4545,,69280,69284,29596,29600,4,df3f619804a92fdb4057192dc43dd748ea778adc52bc498ce80524c014b81119,00000000,,,,,False,,,,,,,,,,False,False
/application/zukanlist/zkn_data/zukan_enc_pearl.narc,/application/zukanlist/zkn_data/zukan_enc_pearl.narc!/member_04546,0,/application/zukanlist/zkn_data/zukan_enc_pearl.narc,92,4546,,69284,69288,29600,29604,4,df3f619804a92fdb4057192dc43dd748ea778adc52bc498ce80524c014b81119,00000000,,,,,False,,,,,,,,,,False,False
/application/zukanlist/zkn_data/zukan_enc_pearl.narc,/application/zukanlist/zkn_data/zukan_enc_pearl.narc!/member_04547,0,/application/zukanlist/zkn_data/zukan_enc_pearl.narc,92,4547,,69288,69296,29604,29612,8,3c88bf13b58cba9ca7fe10c55db47931f52b52975cf1e9eaa0c9b0ec29c7c6be,1c00000000000000,,,,,False,,,,,,,,,,False,False
/application/zukanlist/zkn_data/zukan_enc_pearl.narc,/application/zukanlist/zkn_data/zukan_enc_pearl.narc!/member_04548,0,/application/zukanlist/zkn_data/zukan_enc_pearl.narc,92,4548,,69296,69300,29612,29616,4,df3f619804a92fdb4057192dc43dd748ea778adc52bc498ce80524c014b81119,00000000,,,,,False,,,,,,,,,,False,False
/application/zukanlist/zkn_data/zukan_enc_pearl.narc,/application/zukanlist/zkn_data/zukan_enc_pearl.narc!/member_04549,0,/application/zukanlist/zkn_data/zukan_enc_pearl.narc,92,4549,,69300,69304,29616,29620,4,df3f619804a92fdb4057192dc43dd748ea778adc52bc498ce80524c014b81119,00000000,,,,,False,,,,,,,,,,False,False
/application/zukanlist/zkn_data/zukan_enc_pearl.narc,/application/zukanlist/zkn_data/zukan_enc_pearl.narc!/member_04550,0,/application/zukanlist/zkn_data/zukan_enc_pearl.narc,92,4550,,69304,69308,29620,29624,4,df3f619804a92fdb4057192dc43dd748ea778adc52bc498ce80524c014b81119,00000000,,,,,False,,,,,,,,,,False,False
/application/zukanlist/zkn_data/zukan_enc_pearl.narc,/application/zukanlist/zkn_data/zukan_enc_pearl.narc!/member_04551,0,/application/zukanlist/zkn_data/zukan_enc_pearl.narc,92,4551,,69308,69312,29624,29628,4,df3f619804a92fdb4057192dc43dd748ea778adc52bc498ce80524c014b81119,00000000,,,,,False,,,,,,,,,,False,False
/application/zukanlist/zkn_data/zukan_enc_pearl.narc,/application/zukanlist/zkn_data/zukan_enc_pearl.narc!/member_04552,0,/application/zukanlist/zkn_data/zukan_enc_pearl.narc,92,4552,,69312,69316,29628,29632,4,df3f619804a92fdb4057192dc43dd748ea778adc52bc498ce80524c014b81119,00000000,,,,,False,,,,,,,,,,False,False
/application/zukanlist/zkn_data/zukan_enc_pearl.narc,/application/zukanlist/zkn_data/zukan_enc_pearl.narc!/member_04553,0,/application/zukanlist/zkn_data/zukan_enc_pearl.narc,92,4553,,69316,69320,29632,29636,4,df3f619804a92fdb4057192dc43dd748ea778adc52bc498ce80524c014b81119,00000000,,,,,False,,,,,,,,,,False,False
/application/zukanlist/zkn_data/zukan_enc_pearl.narc,/application/zukanlist/zkn_data/zukan_enc_pearl.narc!/member_04554,0,/application/zukanlist/zkn_data/zukan_enc_pearl.narc,92,4554,,69320,69324,29636,29640,4,df3f619804a92fdb4057192dc43dd748ea778adc52bc498ce80524c014b81119,00000000,,,,,False,,,,,,,,,,False,False
/application/zukanlist/zkn_data/zukan_enc_pearl.narc,/application/zukanlist/zkn_data/zukan_enc_pearl.narc!/member_04555,0,/application/zukanlist/zkn_data/zukan_enc_pearl.narc,92,4555,,69324,69328,29640,29644,4,df3f619804a92fdb4057192dc43dd748ea778adc52bc498ce80524c014b81119,00000000,,,,,False,,,,,,,,,,False,False
/application/zukanlist/zkn_data/zukan_enc_pearl.narc,/application/zukanlist/zkn_data/zukan_enc_pearl.narc!/member_04556,0,/application/zukanlist/zkn_data/zukan_enc_pearl.narc,92,4556,,69328,69332,29644,29648,4,df3f619804a92fdb4057192dc43dd748ea778adc52bc498ce80524c014b81119,00000000,,,,,False,,,,,,,,,,False,False
/application/zukanlist/zkn_data/zukan_enc_pearl.narc,/application/zukanlist/zkn_data/zukan_enc_pearl.narc!/member_04557,0,/application/zukanlist/zkn_data/zukan_enc_pearl.narc,92,4557,,69332,69336,29648,29652,4,df3f619804a92fdb4057192dc43dd748ea778adc52bc498ce80524c014b81119,00000000,,,,,False,,,,,,,,,,False,False
/application/zukanlist/zkn_data/zukan_enc_pearl.narc,/application/zukanlist/zkn_data/zukan_enc_pearl.narc!/member_04558,0,/application/zukanlist/zkn_data/zukan_enc_pearl.narc,92,4558,,69336,69340,29652,29656,4,df3f619804a92fdb4057192dc43dd748ea778adc52bc498ce80524c014b81119,00000000,,,,,False,,,,,,,,,,False,False
/application/zukanlist/zkn_data/zukan_enc_pearl.narc,/application/zukanlist/zkn_data/zukan_enc_pearl.narc!/member_04559,0,/application/zukanlist/zkn_data/zukan_enc_pearl.narc,92,4559,,69340,69344,29656,29660,4,df3f619804a92fdb4057192dc43dd748ea778adc52bc498ce80524c014b81119,00000000,,,,,False,,,,,,,,,,False,False
/application/zukanlist/zkn_data/zukan_enc_pearl.narc,/application/zukanlist/zkn_data/zukan_enc_pearl.narc!/member_04560,0,/application/zukanlist/zkn_data/zukan_enc_pearl.narc,92,4560,,69344,69348,29660,29664,4,df3f619804a92fdb4057192dc43dd748ea778adc52bc498ce80524c014b81119,00000000,,,,,False,,,,,,,,,,False,False
/application/zukanlist/zkn_data/zukan_enc_pearl.narc,/application/zukanlist/zkn_data/zukan_enc_pearl.narc!/member_04561,0,/application/zukanlist/zkn_data/zukan_enc_pearl.narc,92,4561,,69348,69352,29664,29668,4,df3f619804a92fdb4057192dc43dd748ea778adc52bc498ce80524c014b81119,00000000,,,,,False,,,,,,,,,,False,False
/application/zukanlist/zkn_data/zukan_enc_pearl.narc,/application/zukanlist/zkn_data/zukan_enc_pearl.narc!/member_04562,0,/application/zukanlist/zkn_data/zukan_enc_pearl.narc,92,4562,,69352,69356,29668,29672,4,df3f619804a92fdb4057192dc43dd748ea778adc52bc498ce80524c014b81119,00000000,,,,,False,,,,,,,,,,False,False
/application/zukanlist/zkn_data/zukan_enc_pearl.narc,/application/zukanlist/zkn_data/zukan_enc_pearl.narc!/member_04563,0,/application/zukanlist/zkn_data/zukan_enc_pearl.narc,92,4563,,69356,69360,29672,29676,4,df3f619804a92fdb4057192dc43dd748ea778adc52bc498ce80524c014b81119,00000000,,,,,False,,,,,,,,,,False,False
/application/zukanlist/zkn_data/zukan_enc_pearl.narc,/application/zukanlist/zkn_data/zukan_enc_pearl.narc!/member_04564,0,/application/zukanlist/zkn_data/zukan_enc_pearl.narc,92,4564,,69360,69364,29676,29680,4,df3f619804a92fdb4057192dc43dd748ea778adc52bc498ce80524c014b81119,00000000,,,,,False,,,,,,,,,,False,False
/application/zukanlist/zkn_data/zukan_enc_pearl.narc,/application/zukanlist/zkn_data/zukan_enc_pearl.narc!/member_04565,0,/application/zukanlist/zkn_data/zukan_enc_pearl.narc,92,4565,,69364,69368,29680,29684,4,df3f619804a92fdb4057192dc43dd748ea778adc52bc498ce80524c014b81119,00000000,,,,,False,,,,,,,,,,False,False
/application/zukanlist/zkn_data/zukan_enc_pearl.narc,/application/zukanlist/zkn_data/zukan_enc_pearl.narc!/member_04566,0,/application/zukanlist/zkn_data/zukan_enc_pearl.narc,92,4566,,69368,69372,29684,29688,4,df3f619804a92fdb4057192dc43dd748ea778adc52bc498ce80524c014b81119,00000000,,,,,False,,,,,,,,,,False,False
/application/zukanlist/zkn_data/zukan_enc_pearl.narc,/application/zukanlist/zkn_data/zukan_enc_pearl.narc!/member_04567,0,/application/zukanlist/zkn_data/zukan_enc_pearl.narc,92,4567,,69372,69376,29688,29692,4,df3f619804a92fdb4057192dc43dd748ea778adc52bc498ce80524c014b81119,00000000,,,,,False,,,,,,,,,,False,False
/application/zukanlist/zkn_data/zukan_enc_pearl.narc,/application/zukanlist/zkn_data/zukan_enc_pearl.narc!/member_04568,0,/application/zukanlist/zkn_data/zukan_enc_pearl.narc,92,4568,,69376,69380,29692,29696,4,df3f619804a92fdb4057192dc43dd748ea778adc52bc498ce80524c014b81119,00000000,,,,,False,,,,,,,,,,False,False
/application/zukanlist/zkn_data/zukan_enc_pearl.narc,/application/zukanlist/zkn_data/zukan_enc_pearl.narc!/member_04569,0,/application/zukanlist/zkn_data/zukan_enc_pearl.narc,92,4569,,69380,69384,29696,29700,4,df3f619804a92fdb4057192dc43dd748ea778adc52bc498ce80524c014b81119,00000000,,,,,False,,,,,,,,,,False,False
/application/zukanlist/zkn_data/zukan_enc_pearl.narc,/application/zukanlist/zkn_data/zukan_enc_pearl.narc!/member_04570,0,/application/zukanlist/zkn_data/zukan_enc_pearl.narc,92,4570,,69384,69388,29700,29704,4,df3f619804a92fdb4057192dc43dd748ea778adc52bc498ce80524c014b81119,00000000,,,,,False,,,,,,,,,,False,False
/application/zukanlist/zkn_data/zukan_enc_pearl.narc,/application/zukanlist/zkn_data/zukan_enc_pearl.narc!/member_04571,0,/application/zukanlist/zkn_data/zukan_enc_pearl.narc,92,4571,,69388,69392,29704,29708,4,df3f619804a92fdb4057192dc43dd748ea778adc52bc498ce80524c014b81119,00000000,,,,,False,,,,,,,,,,False,False
/application/zukanlist/zkn_data/zukan_enc_pearl.narc,/application/zukanlist/zkn_data/zukan_enc_pearl.narc!/member_04572,0,/application/zukanlist/zkn_data/zukan_enc_pearl.narc,92,4572,,69392,69396,29708,29712,4,df3f619804a92fdb4057192dc43dd748ea778adc52bc498ce80524c014b81119,00000000,,,,,False,,,,,,,,,,False,False
/application/zukanlist/zkn_data/zukan_enc_pearl.narc,/application/zukanlist/zkn_data/zukan_enc_pearl.narc!/member_04573,0,/application/zukanlist/zkn_data/zukan_enc_pearl.narc,92,4573,,69396,69400,29712,29716,4,df3f619804a92fdb4057192dc43dd748ea778adc52bc498ce80524c014b81119,00000000,,,,,False,,,,,,,,,,False,False
/application/zukanlist/zkn_data/zukan_enc_pearl.narc,/application/zukanlist/zkn_data/zukan_enc_pearl.narc!/member_04574,0,/application/zukanlist/zkn_data/zukan_enc_pearl.narc,92,4574,,69400,69404,29716,29720,4,df3f619804a92fdb4057192dc43dd748ea778adc52bc498ce80524c014b81119,00000000,,,,,False,,,,,,,,,,False,False
/application/zukanlist/zkn_data/zukan_enc_pearl.narc,/application/zukanlist/zkn_data/zukan_enc_pearl.narc!/member_04575,0,/application/zukanlist/zkn_data/zukan_enc_pearl.narc,92,4575,,69404,69408,29720,29724,4,df3f619804a92fdb4057192dc43dd748ea778adc52bc498ce80524c014b81119,00000000,,,,,False,,,,,,,,,,False,False
/application/zukanlist/zkn_data/zukan_enc_pearl.narc,/application/zukanlist/zkn_data/zukan_enc_pearl.narc!/member_04576,0,/application/zukanlist/zkn_data/zukan_enc_pearl.narc,92,4576,,69408,69412,29724,29728,4,df3f619804a92fdb4057192dc43dd748ea778adc52bc498ce80524c014b81119,00000000,,,,,False,,,,,,,,,,False,False
/application/zukanlist/zkn_data/zukan_enc_pearl.narc,/application/zukanlist/zkn_data/zukan_enc_pearl.narc!/member_04577,0,/application/zukanlist/zkn_data/zukan_enc_pearl.narc,92,4577,,69412,69416,29728,29732,4,df3f619804a92fdb4057192dc43dd748ea778adc52bc498ce80524c014b81119,00000000,,,,,False,,,,,,,,,,False,False
/application/zukanlist/zkn_data/zukan_enc_pearl.narc,/application/zukanlist/zkn_data/zukan_enc_pearl.narc!/member_04578,0,/application/zukanlist/zkn_data/zukan_enc_pearl.narc,92,4578,,69416,69420,29732,29736,4,df3f619804a92fdb4057192dc43dd748ea778adc52bc498ce80524c014b81119,00000000,,,,,False,,,,,,,,,,False,False
/application/zukanlist/zkn_data/zukan_enc_pearl.narc,/application/zukanlist/zkn_data/zukan_enc_pearl.narc!/member_04579,0,/application/zukanlist/zkn_data/zukan_enc_pearl.narc,92,4579,,69420,69424,29736,29740,4,df3f619804a92fdb4057192dc43dd748ea778adc52bc498ce80524c014b81119,00000000,,,,,False,,,,,,,,,,False,False
/application/zukanlist/zkn_data/zukan_enc_pearl.narc,/application/zukanlist/zkn_data/zukan_enc_pearl.narc!/member_04580,0,/application/zukanlist/zkn_data/zukan_enc_pearl.narc,92,4580,,69424,69428,29740,29744,4,df3f619804a92fdb4057192dc43dd748ea778adc52bc498ce80524c014b81119,00000000,,,,,False,,,,,,,,,,False,False
/application/zukanlist/zkn_data/zukan_enc_pearl.narc,/application/zukanlist/zkn_data/zukan_enc_pearl.narc!/member_04581,0,/application/zukanlist/zkn_data/zukan_enc_pearl.narc,92,4581,,69428,69432,29744,29748,4,df3f619804a92fdb4057192dc43dd748ea778adc52bc498ce80524c014b81119,00000000,,,,,False,,,,,,,,,,False,False
/application/zukanlist/zkn_data/zukan_enc_pearl.narc,/application/zukanlist/zkn_data/zukan_enc_pearl.narc!/member_04582,0,/application/zukanlist/zkn_data/zukan_enc_pearl.narc,92,4582,,69432,69436,29748,29752,4,df3f619804a92fdb4057192dc43dd748ea778adc52bc498ce80524c014b81119,00000000,,,,,False,,,,,,,,,,False,False
/application/zukanlist/zkn_data/zukan_enc_pearl.narc,/application/zukanlist/zkn_data/zukan_enc_pearl.narc!/member_04583,0,/application/zukanlist/zkn_data/zukan_enc_pearl.narc,92,4583,,69436,69440,29752,29756,4,df3f619804a92fdb4057192dc43dd748ea778adc52bc498ce80524c014b81119,00000000,,,,,False,,,,,,,,,,False,False
/application/zukanlist/zkn_data/zukan_enc_pearl.narc,/application/zukanlist/zkn_data/zukan_enc_pearl.narc!/member_04584,0,/application/zukanlist/zkn_data/zukan_enc_pearl.narc,92,4584,,69440,69444,29756,29760,4,df3f619804a92fdb4057192dc43dd748ea778adc52bc498ce80524c014b81119,00000000,,,,,False,,,,,,,,,,False,False
/application/zukanlist/zkn_data/zukan_enc_pearl.narc,/application/zukanlist/zkn_data/zukan_enc_pearl.narc!/member_04585,0,/application/zukanlist/zkn_data/zukan_enc_pearl.narc,92,4585,,69444,69448,29760,29764,4,df3f619804a92fdb4057192dc43dd748ea778adc52bc498ce80524c014b81119,00000000,,,,,False,,,,,,,,,,False,False
/application/zukanlist/zkn_data/zukan_enc_pearl.narc,/application/zukanlist/zkn_data/zukan_enc_pearl.narc!/member_04586,0,/application/zukanlist/zkn_data/zukan_enc_pearl.narc,92,4586,,69448,69452,29764,29768,4,df3f619804a92fdb4057192dc43dd748ea778adc52bc498ce80524c014b81119,00000000,,,,,False,,,,,,,,,,False,False
/application/zukanlist/zkn_data/zukan_enc_pearl.narc,/application/zukanlist/zkn_data/zukan_enc_pearl.narc!/member_04587,0,/application/zukanlist/zkn_data/zukan_enc_pearl.narc,92,4587,,69452,69464,29768,29780,12,8274d6cd5c457eb9d21d15ef7fc534c460554c75de83491091c05d37d1934bf7,160000001700000000000000,,,,,False,,,,,,,,,,False,False
/application/zukanlist/zkn_data/zukan_enc_pearl.narc,/application/zukanlist/zkn_data/zukan_enc_pearl.narc!/member_04588,0,/application/zukanlist/zkn_data/zukan_enc_pearl.narc,92,4588,,69464,69468,29780,29784,4,df3f619804a92fdb4057192dc43dd748ea778adc52bc498ce80524c014b81119,00000000,,,,,False,,,,,,,,,,False,False
/application/zukanlist/zkn_data/zukan_enc_pearl.narc,/application/zukanlist/zkn_data/zukan_enc_pearl.narc!/member_04589,0,/application/zukanlist/zkn_data/zukan_enc_pearl.narc,92,4589,,69468,69472,29784,29788,4,df3f619804a92fdb4057192dc43dd748ea778adc52bc498ce80524c014b81119,00000000,,,,,False,,,,,,,,,,False,False
/application/zukanlist/zkn_data/zukan_enc_pearl.narc,/application/zukanlist/zkn_data/zukan_enc_pearl.narc!/member_04590,0,/application/zukanlist/zkn_data/zukan_enc_pearl.narc,92,4590,,69472,69476,29788,29792,4,df3f619804a92fdb4057192dc43dd748ea778adc52bc498ce80524c014b81119,00000000,,,,,False,,,,,,,,,,False,False
/application/zukanlist/zkn_data/zukan_enc_pearl.narc,/application/zukanlist/zkn_data/zukan_enc_pearl.narc!/member_04591,0,/application/zukanlist/zkn_data/zukan_enc_pearl.narc,92,4591,,69476,69484,29792,29800,8,280263b8515b99c473d9685d1fca1b992ae0949c742ba11c9ba625d9cd984506,2200000000000000,,,,,False,,,,,,,,,,False,False
/application/zukanlist/zkn_data/zukan_enc_pearl.narc,/application/zukanlist/zkn_data/zukan_enc_pearl.narc!/member_04592,0,/application/zukanlist/zkn_data/zukan_enc_pearl.narc,92,4592,,69484,69488,29800,29804,4,df3f619804a92fdb4057192dc43dd748ea778adc52bc498ce80524c014b81119,00000000,,,,,False,,,,,,,,,,False,False
/application/zukanlist/zkn_data/zukan_enc_pearl.narc,/application/zukanlist/zkn_data/zukan_enc_pearl.narc!/member_04593,0,/application/zukanlist/zkn_data/zukan_enc_pearl.narc,92,4593,,69488,69492,29804,29808,4,df3f619804a92fdb4057192dc43dd748ea778adc52bc498ce80524c014b81119,00000000,,,,,False,,,,,,,,,,False,False
/application/zukanlist/zkn_data/zukan_enc_pearl.narc,/application/zukanlist/zkn_data/zukan_enc_pearl.narc!/member_04594,0,/application/zukanlist/zkn_data/zukan_enc_pearl.narc,92,4594,,69492,69496,29808,29812,4,df3f619804a92fdb4057192dc43dd748ea778adc52bc498ce80524c014b81119,00000000,,,,,False,,,,,,,,,,False,False
/application/zukanlist/zkn_data/zukan_enc_pearl.narc,/application/zukanlist/zkn_data/zukan_enc_pearl.narc!/member_04595,0,/application/zukanlist/zkn_data/zukan_enc_pearl.narc,92,4595,,69496,69500,29812,29816,4,df3f619804a92fdb4057192dc43dd748ea778adc52bc498ce80524c014b81119,00000000,,,,,False,,,,,,,,,,False,False
/application/zukanlist/zkn_data/zukan_enc_pearl.narc,/application/zukanlist/zkn_data/zukan_enc_pearl.narc!/member_04596,0,/application/zukanlist/zkn_data/zukan_enc_pearl.narc,92,4596,,69500,69504,29816,29820,4,df3f619804a92fdb4057192dc43dd748ea778adc52bc498ce80524c014b81119,00000000,,,,,False,,,,,,,,,,False,False
/application/zukanlist/zkn_data/zukan_enc_pearl.narc,/application/zukanlist/zkn_data/zukan_enc_pearl.narc!/member_04597,0,/application/zukanlist/zkn_data/zukan_enc_pearl.narc,92,4597,,69504,69508,29820,29824,4,df3f619804a92fdb4057192dc43dd748ea778adc52bc498ce80524c014b81119,00000000,,,,,False,,,,,,,,,,False,False
/application/zukanlist/zkn_data/zukan_enc_pearl.narc,/application/zukanlist/zkn_data/zukan_enc_pearl.narc!/member_04598,0,/application/zukanlist/zkn_data/zukan_enc_pearl.narc,92,4598,,69508,69512,29824,29828,4,df3f619804a92fdb4057192dc43dd748ea778adc52bc498ce80524c014b81119,00000000,,,,,False,,,,,,,,,,False,False
/application/zukanlist/zkn_data/zukan_enc_pearl.narc,/application/zukanlist/zkn_data/zukan_enc_pearl.narc!/member_04599,0,/application/zukanlist/zkn_data/zukan_enc_pearl.narc,92,4599,,69512,69516,29828,29832,4,df3f619804a92fdb4057192dc43dd748ea778adc52bc498ce80524c014b81119,00000000,,,,,False,,,,,,,,,,False,False
/application/zukanlist/zkn_data/zukan_enc_pearl.narc,/application/zukanlist/zkn_data/zukan_enc_pearl.narc!/member_04600,0,/application/zukanlist/zkn_data/zukan_enc_pearl.narc,92,4600,,69516,69520,29832,29836,4,df3f619804a92fdb4057192dc43dd748ea778adc52bc498ce80524c014b81119,00000000,,,,,False,,,,,,,,,,False,False
/application/zukanlist/zkn_data/zukan_enc_pearl.narc,/application/zukanlist/zkn_data/zukan_enc_pearl.narc!/member_04601,0,/application/zukanlist/zkn_data/zukan_enc_pearl.narc,92,4601,,69520,69524,29836,29840,4,df3f619804a92fdb4057192dc43dd748ea778adc52bc498ce80524c014b81119,00000000,,,,,False,,,,,,,,,,False,False
/application/zukanlist/zkn_data/zukan_enc_pearl.narc,/application/zukanlist/zkn_data/zukan_enc_pearl.narc!/member_04602,0,/application/zukanlist/zkn_data/zukan_enc_pearl.narc,92,4602,,69524,69528,29840,29844,4,df3f619804a92fdb4057192dc43dd748ea778adc52bc498ce80524c014b81119,00000000,,,,,False,,,,,,,,,,False,False
/application/zukanlist/zkn_data/zukan_enc_pearl.narc,/application/zukanlist/zkn_data/zukan_enc_pearl.narc!/member_04603,0,/application/zukanlist/zkn_data/zukan_enc_pearl.narc,92,4603,,69528,69532,29844,29848,4,df3f619804a92fdb4057192dc43dd748ea778adc52bc498ce80524c014b81119,00000000,,,,,False,,,,,,,,,,False,False
/application/zukanlist/zkn_data/zukan_enc_pearl.narc,/application/zukanlist/zkn_data/zukan_enc_pearl.narc!/member_04604,0,/application/zukanlist/zkn_data/zukan_enc_pearl.narc,92,4604,,69532,69536,29848,29852,4,df3f619804a92fdb4057192dc43dd748ea778adc52bc498ce80524c014b81119,00000000,,,,,False,,,,,,,,,,False,False
/application/zukanlist/zkn_data/zukan_enc_pearl.narc,/application/zukanlist/zkn_data/zukan_enc_pearl.narc!/member_04605,0,/application/zukanlist/zkn_data/zukan_enc_pearl.narc,92,4605,,69536,69540,29852,29856,4,df3f619804a92fdb4057192dc43dd748ea778adc52bc498ce80524c014b81119,00000000,,,,,False,,,,,,,,,,False,False
/application/zukanlist/zkn_data/zukan_enc_pearl.narc,/application/zukanlist/zkn_data/zukan_enc_pearl.narc!/member_04606,0,/application/zukanlist/zkn_data/zukan_enc_pearl.narc,92,4606,,69540,69544,29856,29860,4,df3f619804a92fdb4057192dc43dd748ea778adc52bc498ce80524c014b81119,00000000,,,,,False,,,,,,,,,,False,False
/application/zukanlist/zkn_data/zukan_enc_pearl.narc,/application/zukanlist/zkn_data/zukan_enc_pearl.narc!/member_04607,0,/application/zukanlist/zkn_data/zukan_enc_pearl.narc,92,4607,,69544,69548,29860,29864,4,df3f619804a92fdb4057192dc43dd748ea778adc52bc498ce80524c014b81119,00000000,,,,,False,,,,,,,,,,False,False
/application/zukanlist/zkn_data/zukan_enc_pearl.narc,/application/zukanlist/zkn_data/zukan_enc_pearl.narc!/member_04608,0,/application/zukanlist/zkn_data/zukan_enc_pearl.narc,92,4608,,69548,69552,29864,29868,4,df3f619804a92fdb4057192dc43dd748ea778adc52bc498ce80524c014b81119,00000000,,,,,False,,,,,,,,,,False,False
/application/zukanlist/zkn_data/zukan_enc_pearl.narc,/application/zukanlist/zkn_data/zukan_enc_pearl.narc!/member_04609,0,/application/zukanlist/zkn_data/zukan_enc_pearl.narc,92,4609,,69552,69556,29868,29872,4,df3f619804a92fdb4057192dc43dd748ea778adc52bc498ce80524c014b81119,00000000,,,,,False,,,,,,,,,,False,False
/application/zukanlist/zkn_data/zukan_enc_pearl.narc,/application/zukanlist/zkn_data/zukan_enc_pearl.narc!/member_04610,0,/application/zukanlist/zkn_data/zukan_enc_pearl.narc,92,4610,,69556,69560,29872,29876,4,df3f619804a92fdb4057192dc43dd748ea778adc52bc498ce80524c014b81119,00000000,,,,,False,,,,,,,,,,False,False
/application/zukanlist/zkn_data/zukan_enc_pearl.narc,/application/zukanlist/zkn_data/zukan_enc_pearl.narc!/member_04611,0,/application/zukanlist/zkn_data/zukan_enc_pearl.narc,92,4611,,69560,69564,29876,29880,4,df3f619804a92fdb4057192dc43dd748ea778adc52bc498ce80524c014b81119,00000000,,,,,False,,,,,,,,,,False,False
/application/zukanlist/zkn_data/zukan_enc_pearl.narc,/application/zukanlist/zkn_data/zukan_enc_pearl.narc!/member_04612,0,/application/zukanlist/zkn_data/zukan_enc_pearl.narc,92,4612,,69564,69568,29880,29884,4,df3f619804a92fdb4057192dc43dd748ea778adc52bc498ce80524c014b81119,00000000,,,,,False,,,,,,,,,,False,False
/application/zukanlist/zkn_data/zukan_enc_pearl.narc,/application/zukanlist/zkn_data/zukan_enc_pearl.narc!/member_04613,0,/application/zukanlist/zkn_data/zukan_enc_pearl.narc,92,4613,,69568,69572,29884,29888,4,df3f619804a92fdb4057192dc43dd748ea778adc52bc498ce80524c014b81119,00000000,,,,,False,,,,,,,,,,False,False
/application/zukanlist/zkn_data/zukan_enc_pearl.narc,/application/zukanlist/zkn_data/zukan_enc_pearl.narc!/member_04614,0,/application/zukanlist/zkn_data/zukan_enc_pearl.narc,92,4614,,69572,69576,29888,29892,4,df3f619804a92fdb4057192dc43dd748ea778adc52bc498ce80524c014b81119,00000000,,,,,False,,,,,,,,,,False,False
/application/zukanlist/zkn_data/zukan_enc_pearl.narc,/application/zukanlist/zkn_data/zukan_enc_pearl.narc!/member_04615,0,/application/zukanlist/zkn_data/zukan_enc_pearl.narc,92,4615,,69576,69580,29892,29896,4,df3f619804a92fdb4057192dc43dd748ea778adc52bc498ce80524c014b81119,00000000,,,,,False,,,,,,,,,,False,False
/application/zukanlist/zkn_data/zukan_enc_pearl.narc,/application/zukanlist/zkn_data/zukan_enc_pearl.narc!/member_04616,0,/application/zukanlist/zkn_data/zukan_enc_pearl.narc,92,4616,,69580,69584,29896,29900,4,df3f619804a92fdb4057192dc43dd748ea778adc52bc498ce80524c014b81119,00000000,,,,,False,,,,,,,,,,False,False
/application/zukanlist/zkn_data/zukan_enc_pearl.narc,/application/zukanlist/zkn_data/zukan_enc_pearl.narc!/member_04617,0,/application/zukanlist/zkn_data/zukan_enc_pearl.narc,92,4617,,69584,69588,29900,29904,4,df3f619804a92fdb4057192dc43dd748ea778adc52bc498ce80524c014b81119,00000000,,,,,False,,,,,,,,,,False,False
/application/zukanlist/zkn_data/zukan_enc_pearl.narc,/application/zukanlist/zkn_data/zukan_enc_pearl.narc!/member_04618,0,/application/zukanlist/zkn_data/zukan_enc_pearl.narc,92,4618,,69588,69592,29904,29908,4,df3f619804a92fdb4057192dc43dd748ea778adc52bc498ce80524c014b81119,00000000,,,,,False,,,,,,,,,,False,False
/application/zukanlist/zkn_data/zukan_enc_pearl.narc,/application/zukanlist/zkn_data/zukan_enc_pearl.narc!/member_04619,0,/application/zukanlist/zkn_data/zukan_enc_pearl.narc,92,4619,,69592,69596,29908,29912,4,df3f619804a92fdb4057192dc43dd748ea778adc52bc498ce80524c014b81119,00000000,,,,,False,,,,,,,,,,False,False
/application/zukanlist/zkn_data/zukan_enc_pearl.narc,/application/zukanlist/zkn_data/zukan_enc_pearl.narc!/member_04620,0,/application/zukanlist/zkn_data/zukan_enc_pearl.narc,92,4620,,69596,69604,29912,29920,8,b0bd73e6922c0d2496dbcb99eac08eb5870090e59f6e06b1eb477d540002a5cd,0d00000000000000,,,,,False,,,,,,,,,,False,False
/application/zukanlist/zkn_data/zukan_enc_pearl.narc,/application/zukanlist/zkn_data/zukan_enc_pearl.narc!/member_04621,0,/application/zukanlist/zkn_data/zukan_enc_pearl.narc,92,4621,,69604,69608,29920,29924,4,df3f619804a92fdb4057192dc43dd748ea778adc52bc498ce80524c014b81119,00000000,,,,,False,,,,,,,,,,False,False
/application/zukanlist/zkn_data/zukan_enc_pearl.narc,/application/zukanlist/zkn_data/zukan_enc_pearl.narc!/member_04622,0,/application/zukanlist/zkn_data/zukan_enc_pearl.narc,92,4622,,69608,69612,29924,29928,4,df3f619804a92fdb4057192dc43dd748ea778adc52bc498ce80524c014b81119,00000000,,,,,False,,,,,,,,,,False,False
/application/zukanlist/zkn_data/zukan_enc_pearl.narc,/application/zukanlist/zkn_data/zukan_enc_pearl.narc!/member_04623,0,/application/zukanlist/zkn_data/zukan_enc_pearl.narc,92,4623,,69612,69616,29928,29932,4,df3f619804a92fdb4057192dc43dd748ea778adc52bc498ce80524c014b81119,00000000,,,,,False,,,,,,,,,,False,False
/application/zukanlist/zkn_data/zukan_enc_pearl.narc,/application/zukanlist/zkn_data/zukan_enc_pearl.narc!/member_04624,0,/application/zukanlist/zkn_data/zukan_enc_pearl.narc,92,4624,,69616,69620,29932,29936,4,df3f619804a92fdb4057192dc43dd748ea778adc52bc498ce80524c014b81119,00000000,,,,,False,,,,,,,,,,False,False
/application/zukanlist/zkn_data/zukan_enc_pearl.narc,/application/zukanlist/zkn_data/zukan_enc_pearl.narc!/member_04625,0,/application/zukanlist/zkn_data/zukan_enc_pearl.narc,92,4625,,69620,69624,29936,29940,4,df3f619804a92fdb4057192dc43dd748ea778adc52bc498ce80524c014b81119,00000000,,,,,False,,,,,,,,,,False,False
/application/zukanlist/zkn_data/zukan_enc_pearl.narc,/application/zukanlist/zkn_data/zukan_enc_pearl.narc!/member_04626,0,/application/zukanlist/zkn_data/zukan_enc_pearl.narc,92,4626,,69624,69628,29940,29944,4,df3f619804a92fdb4057192dc43dd748ea778adc52bc498ce80524c014b81119,00000000,,,,,False,,,,,,,,,,False,False
/application/zukanlist/zkn_data/zukan_enc_pearl.narc,/application/zukanlist/zkn_data/zukan_enc_pearl.narc!/member_04627,0,/application/zukanlist/zkn_data/zukan_enc_pearl.narc,92,4627,,69628,69632,29944,29948,4,df3f619804a92fdb4057192dc43dd748ea778adc52bc498ce80524c014b81119,00000000,,,,,False,,,,,,,,,,False,False
/application/zukanlist/zkn_data/zukan_enc_pearl.narc,/application/zukanlist/zkn_data/zukan_enc_pearl.narc!/member_04628,0,/application/zukanlist/zkn_data/zukan_enc_pearl.narc,92,4628,,69632,69636,29948,29952,4,df3f619804a92fdb4057192dc43dd748ea778adc52bc498ce80524c014b81119,00000000,,,,,False,,,,,,,,,,False,False
/application/zukanlist/zkn_data/zukan_enc_pearl.narc,/application/zukanlist/zkn_data/zukan_enc_pearl.narc!/member_04629,0,/application/zukanlist/zkn_data/zukan_enc_pearl.narc,92,4629,,69636,69640,29952,29956,4,df3f619804a92fdb4057192dc43dd748ea778adc52bc498ce80524c014b81119,00000000,,,,,False,,,,,,,,,,False,False
/application/zukanlist/zkn_data/zukan_enc_pearl.narc,/application/zukanlist/zkn_data/zukan_enc_pearl.narc!/member_04630,0,/application/zukanlist/zkn_data/zukan_enc_pearl.narc,92,4630,,69640,69644,29956,29960,4,df3f619804a92fdb4057192dc43dd748ea778adc52bc498ce80524c014b81119,00000000,,,,,False,,,,,,,,,,False,False
/application/zukanlist/zkn_data/zukan_enc_pearl.narc,/application/zukanlist/zkn_data/zukan_enc_pearl.narc!/member_04631,0,/application/zukanlist/zkn_data/zukan_enc_pearl.narc,92,4631,,69644,69648,29960,29964,4,df3f619804a92fdb4057192dc43dd748ea778adc52bc498ce80524c014b81119,00000000,,,,,False,,,,,,,,,,False,False
/application/zukanlist/zkn_data/zukan_enc_pearl.narc,/application/zukanlist/zkn_data/zukan_enc_pearl.narc!/member_04632,0,/application/zukanlist/zkn_data/zukan_enc_pearl.narc,92,4632,,69648,69652,29964,29968,4,df3f619804a92fdb4057192dc43dd748ea778adc52bc498ce80524c014b81119,00000000,,,,,False,,,,,,,,,,False,False
/application/zukanlist/zkn_data/zukan_enc_pearl.narc,/application/zukanlist/zkn_data/zukan_enc_pearl.narc!/member_04633,0,/application/zukanlist/zkn_data/zukan_enc_pearl.narc,92,4633,,69652,69656,29968,29972,4,df3f619804a92fdb4057192dc43dd748ea778adc52bc498ce80524c014b81119,00000000,,,,,False,,,,,,,,,,False,False
/application/zukanlist/zkn_data/zukan_enc_pearl.narc,/application/zukanlist/zkn_data/zukan_enc_pearl.narc!/member_04634,0,/application/zukanlist/zkn_data/zukan_enc_pearl.narc,92,4634,,69656,69664,29972,29980,8,703d37e650ac5852ff1027382d58776810b88d1db959d667efa0df97ae156c6b,3100000000000000,,,,,False,,,,,,,,,,False,False
/application/zukanlist/zkn_data/zukan_enc_pearl.narc,/application/zukanlist/zkn_data/zukan_enc_pearl.narc!/member_04635,0,/application/zukanlist/zkn_data/zukan_enc_pearl.narc,92,4635,,69664,69668,29980,29984,4,df3f619804a92fdb4057192dc43dd748ea778adc52bc498ce80524c014b81119,00000000,,,,,False,,,,,,,,,,False,False
/application/zukanlist/zkn_data/zukan_enc_pearl.narc,/application/zukanlist/zkn_data/zukan_enc_pearl.narc!/member_04636,0,/application/zukanlist/zkn_data/zukan_enc_pearl.narc,92,4636,,69668,69672,29984,29988,4,df3f619804a92fdb4057192dc43dd748ea778adc52bc498ce80524c014b81119,00000000,,,,,False,,,,,,,,,,False,False
/application/zukanlist/zkn_data/zukan_enc_pearl.narc,/application/zukanlist/zkn_data/zukan_enc_pearl.narc!/member_04637,0,/application/zukanlist/zkn_data/zukan_enc_pearl.narc,92,4637,,69672,69676,29988,29992,4,df3f619804a92fdb4057192dc43dd748ea778adc52bc498ce80524c014b81119,00000000,,,,,False,,,,,,,,,,False,False
/application/zukanlist/zkn_data/zukan_enc_pearl.narc,/application/zukanlist/zkn_data/zukan_enc_pearl.narc!/member_04638,0,/application/zukanlist/zkn_data/zukan_enc_pearl.narc,92,4638,,69676,69684,29992,30000,8,23d7f42b1cdc1f0d492ebd756ed0fe8003995dda554d99418d47a81813650207,0600000000000000,,,,,False,,,,,,,,,,False,False
/application/zukanlist/zkn_data/zukan_enc_pearl.narc,/application/zukanlist/zkn_data/zukan_enc_pearl.narc!/member_04639,0,/application/zukanlist/zkn_data/zukan_enc_pearl.narc,92,4639,,69684,69692,30000,30008,8,2f717924a0d2847aa264ae9d76457847bbf5916d3298045ab0ffc45be8f4c228,2500000000000000,,,,,False,,,,,,,,,,False,False
/application/zukanlist/zkn_data/zukan_enc_pearl.narc,/application/zukanlist/zkn_data/zukan_enc_pearl.narc!/member_04640,0,/application/zukanlist/zkn_data/zukan_enc_pearl.narc,92,4640,,69692,69696,30008,30012,4,df3f619804a92fdb4057192dc43dd748ea778adc52bc498ce80524c014b81119,00000000,,,,,False,,,,,,,,,,False,False
/application/zukanlist/zkn_data/zukan_enc_pearl.narc,/application/zukanlist/zkn_data/zukan_enc_pearl.narc!/member_04641,0,/application/zukanlist/zkn_data/zukan_enc_pearl.narc,92,4641,,69696,69700,30012,30016,4,df3f619804a92fdb4057192dc43dd748ea778adc52bc498ce80524c014b81119,00000000,,,,,False,,,,,,,,,,False,False
/application/zukanlist/zkn_data/zukan_enc_pearl.narc,/application/zukanlist/zkn_data/zukan_enc_pearl.narc!/member_04642,0,/application/zukanlist/zkn_data/zukan_enc_pearl.narc,92,4642,,69700,69704,30016,30020,4,df3f619804a92fdb4057192dc43dd748ea778adc52bc498ce80524c014b81119,00000000,,,,,False,,,,,,,,,,False,False
/application/zukanlist/zkn_data/zukan_enc_pearl.narc,/application/zukanlist/zkn_data/zukan_enc_pearl.narc!/member_04643,0,/application/zukanlist/zkn_data/zukan_enc_pearl.narc,92,4643,,69704,69708,30020,30024,4,df3f619804a92fdb4057192dc43dd748ea778adc52bc498ce80524c014b81119,00000000,,,,,False,,,,,,,,,,False,False
/application/zukanlist/zkn_data/zukan_enc_pearl.narc,/application/zukanlist/zkn_data/zukan_enc_pearl.narc!/member_04644,0,/application/zukanlist/zkn_data/zukan_enc_pearl.narc,92,4644,,69708,69712,30024,30028,4,df3f619804a92fdb4057192dc43dd748ea778adc52bc498ce80524c014b81119,00000000,,,,,False,,,,,,,,,,False,False
/application/zukanlist/zkn_data/zukan_enc_pearl.narc,/application/zukanlist/zkn_data/zukan_enc_pearl.narc!/member_04645,0,/application/zukanlist/zkn_data/zukan_enc_pearl.narc,92,4645,,69712,69716,30028,30032,4,df3f619804a92fdb4057192dc43dd748ea778adc52bc498ce80524c014b81119,00000000,,,,,False,,,,,,,,,,False,False
/application/zukanlist/zkn_data/zukan_enc_pearl.narc,/application/zukanlist/zkn_data/zukan_enc_pearl.narc!/member_04646,0,/application/zukanlist/zkn_data/zukan_enc_pearl.narc,92,4646,,69716,69728,30032,30044,12,1bea114f0e36df8017f8289c4b48e17f1dd25c225f713121772667b32afef129,070000001100000000000000,,,,,False,,,,,,,,,,False,False
/application/zukanlist/zkn_data/zukan_enc_pearl.narc,/application/zukanlist/zkn_data/zukan_enc_pearl.narc!/member_04647,0,/application/zukanlist/zkn_data/zukan_enc_pearl.narc,92,4647,,69728,69736,30044,30052,8,aae89fc0f03e2959ae4d701a80cc3915918c950b159f6abb6c92c1433b1a8534,0700000000000000,,,,,False,,,,,,,,,,False,False
/application/zukanlist/zkn_data/zukan_enc_pearl.narc,/application/zukanlist/zkn_data/zukan_enc_pearl.narc!/member_04648,0,/application/zukanlist/zkn_data/zukan_enc_pearl.narc,92,4648,,69736,69740,30052,30056,4,df3f619804a92fdb4057192dc43dd748ea778adc52bc498ce80524c014b81119,00000000,,,,,False,,,,,,,,,,False,False
/application/zukanlist/zkn_data/zukan_enc_pearl.narc,/application/zukanlist/zkn_data/zukan_enc_pearl.narc!/member_04649,0,/application/zukanlist/zkn_data/zukan_enc_pearl.narc,92,4649,,69740,69824,30056,30140,84,5d9140735e9373d7d8aabe89a1b6a00e4cf9d3069924b87b07c5656236b73ef2,06000000070000001100000012000000,,,,,False,,,,,,,,,,False,False
/application/zukanlist/zkn_data/zukan_enc_pearl.narc,/application/zukanlist/zkn_data/zukan_enc_pearl.narc!/member_04650,0,/application/zukanlist/zkn_data/zukan_enc_pearl.narc,92,4650,,69824,69832,30140,30148,8,5eb6da0e0e522104c6d50b0748e6893762f7f2c00a7163a46ccbb535bfd61a0d,1000000000000000,,Nintendo LZ10,Probable,,True,Nintendo LZ10,Confirmed,True,0,True,0,e3b0c44298fc1c149afbf4c8996fb92427ae41e4649b934ca495991b7852b855,,,False,False
/application/zukanlist/zkn_data/zukan_enc_pearl.narc,/application/zukanlist/zkn_data/zukan_enc_pearl.narc!/member_04651,0,/application/zukanlist/zkn_data/zukan_enc_pearl.narc,92,4651,,69832,69836,30148,30152,4,df3f619804a92fdb4057192dc43dd748ea778adc52bc498ce80524c014b81119,00000000,,,,,False,,,,,,,,,,False,False
/application/zukanlist/zkn_data/zukan_enc_pearl.narc,/application/zukanlist/zkn_data/zukan_enc_pearl.narc!/member_04652,0,/application/zukanlist/zkn_data/zukan_enc_pearl.narc,92,4652,,69836,69840,30152,30156,4,df3f619804a92fdb4057192dc43dd748ea778adc52bc498ce80524c014b81119,00000000,,,,,False,,,,,,,,,,False,False
/application/zukanlist/zkn_data/zukan_enc_pearl.narc,/application/zukanlist/zkn_data/zukan_enc_pearl.narc!/member_04653,0,/application/zukanlist/zkn_data/zukan_enc_pearl.narc,92,4653,,69840,69844,30156,30160,4,df3f619804a92fdb4057192dc43dd748ea778adc52bc498ce80524c014b81119,00000000,,,,,False,,,,,,,,,,False,False
/application/zukanlist/zkn_data/zukan_enc_pearl.narc,/application/zukanlist/zkn_data/zukan_enc_pearl.narc!/member_04654,0,/application/zukanlist/zkn_data/zukan_enc_pearl.narc,92,4654,,69844,69848,30160,30164,4,df3f619804a92fdb4057192dc43dd748ea778adc52bc498ce80524c014b81119,00000000,,,,,False,,,,,,,,,,False,False
/application/zukanlist/zkn_data/zukan_enc_pearl.narc,/application/zukanlist/zkn_data/zukan_enc_pearl.narc!/member_04655,0,/application/zukanlist/zkn_data/zukan_enc_pearl.narc,92,4655,,69848,69852,30164,30168,4,df3f619804a92fdb4057192dc43dd748ea778adc52bc498ce80524c014b81119,00000000,,,,,False,,,,,,,,,,False,False
/application/zukanlist/zkn_data/zukan_enc_pearl.narc,/application/zukanlist/zkn_data/zukan_enc_pearl.narc!/member_04656,0,/application/zukanlist/zkn_data/zukan_enc_pearl.narc,92,4656,,69852,69856,30168,30172,4,df3f619804a92fdb4057192dc43dd748ea778adc52bc498ce80524c014b81119,00000000,,,,,False,,,,,,,,,,False,False
/application/zukanlist/zkn_data/zukan_enc_pearl.narc,/application/zukanlist/zkn_data/zukan_enc_pearl.narc!/member_04657,0,/application/zukanlist/zkn_data/zukan_enc_pearl.narc,92,4657,,69856,69860,30172,30176,4,df3f619804a92fdb4057192dc43dd748ea778adc52bc498ce80524c014b81119,00000000,,,,,False,,,,,,,,,,False,False
/application/zukanlist/zkn_data/zukan_enc_pearl.narc,/application/zukanlist/zkn_data/zukan_enc_pearl.narc!/member_04658,0,/application/zukanlist/zkn_data/zukan_enc_pearl.narc,92,4658,,69860,69864,30176,30180,4,df3f619804a92fdb4057192dc43dd748ea778adc52bc498ce80524c014b81119,00000000,,,,,False,,,,,,,,,,False,False
/application/zukanlist/zkn_data/zukan_enc_pearl.narc,/application/zukanlist/zkn_data/zukan_enc_pearl.narc!/member_04659,0,/application/zukanlist/zkn_data/zukan_enc_pearl.narc,92,4659,,69864,69868,30180,30184,4,df3f619804a92fdb4057192dc43dd748ea778adc52bc498ce80524c014b81119,00000000,,,,,False,,,,,,,,,,False,False
/application/zukanlist/zkn_data/zukan_enc_pearl.narc,/application/zukanlist/zkn_data/zukan_enc_pearl.narc!/member_04660,0,/application/zukanlist/zkn_data/zukan_enc_pearl.narc,92,4660,,69868,69872,30184,30188,4,df3f619804a92fdb4057192dc43dd748ea778adc52bc498ce80524c014b81119,00000000,,,,,False,,,,,,,,,,False,False
/application/zukanlist/zkn_data/zukan_enc_pearl.narc,/application/zukanlist/zkn_data/zukan_enc_pearl.narc!/member_04661,0,/application/zukanlist/zkn_data/zukan_enc_pearl.narc,92,4661,,69872,69876,30188,30192,4,df3f619804a92fdb4057192dc43dd748ea778adc52bc498ce80524c014b81119,00000000,,,,,False,,,,,,,,,,False,False
/application/zukanlist/zkn_data/zukan_enc_pearl.narc,/application/zukanlist/zkn_data/zukan_enc_pearl.narc!/member_04662,0,/application/zukanlist/zkn_data/zukan_enc_pearl.narc,92,4662,,69876,69880,30192,30196,4,df3f619804a92fdb4057192dc43dd748ea778adc52bc498ce80524c014b81119,00000000,,,,,False,,,,,,,,,,False,False
/application/zukanlist/zkn_data/zukan_enc_pearl.narc,/application/zukanlist/zkn_data/zukan_enc_pearl.narc!/member_04663,0,/application/zukanlist/zkn_data/zukan_enc_pearl.narc,92,4663,,69880,69884,30196,30200,4,df3f619804a92fdb4057192dc43dd748ea778adc52bc498ce80524c014b81119,00000000,,,,,False,,,,,,,,,,False,False
/application/zukanlist/zkn_data/zukan_enc_pearl.narc,/application/zukanlist/zkn_data/zukan_enc_pearl.narc!/member_04664,0,/application/zukanlist/zkn_data/zukan_enc_pearl.narc,92,4664,,69884,69888,30200,30204,4,df3f619804a92fdb4057192dc43dd748ea778adc52bc498ce80524c014b81119,00000000,,,,,False,,,,,,,,,,False,False
/application/zukanlist/zkn_data/zukan_enc_pearl.narc,/application/zukanlist/zkn_data/zukan_enc_pearl.narc!/member_04665,0,/application/zukanlist/zkn_data/zukan_enc_pearl.narc,92,4665,,69888,69892,30204,30208,4,df3f619804a92fdb4057192dc43dd748ea778adc52bc498ce80524c014b81119,00000000,,,,,False,,,,,,,,,,False,False
