container_chain,member_chain,depth,parent_narc_path,parent_file_id,member_index,name,container_relative_offset,container_relative_end,gmif_relative_offset,gmif_relative_end,size,sha256,signature_hex,extension,probable_format,format_evidence,structure_valid,compressed,compression,compression_evidence,decompression_supported,declared_decompressed_size,decompression_valid,decompressed_size,decompressed_sha256,decompressed_format,decompressed_format_evidence,nested_container,nested_after_decompression
/data/demo_climax.narc,/data/demo_climax.narc!/member_00018,0,/data/demo_climax.narc,126,18,,471108,472280,470896,472068,1172,73ca52dbca5e53511f42ce46b4432a4902966f1195a2f15d5de7d4f2c9580513,42544130fffe01009404000010000100,,NSBTA texture animation,Confirmed,True,False,,,,,,,,,,False,False
/data/demo_climax.narc,/data/demo_climax.narc!/member_00019,0,/data/demo_climax.narc,126,19,,472280,472620,472068,472408,340,9f065135a268255e1feca594ea4745ec9f5d7faa71c35e103228219c7764211c,42564130fffe01005401000010000100,,NSBVA visibility animation,Confirmed,True,False,,,,,,,,,,False,False
/data/field_cutin.narc,/data/field_cutin.narc!/member_00000,0,/data/field_cutin.narc,139,0,,204,33036,0,32832,32832,0fd318b0dc719f1f9b44a25e1e6a570f057904e92d132c77e45d58e25aa8a531,5247434efffe01014080000010000200,,NCGR graphics,Confirmed,True,False,,,,,,,,,,False,False
/data/field_cutin.narc,/data/field_cutin.narc!/member_00001,0,/data/field_cutin.narc,139,1,,33036,35120,32832,34916,2084,90a467dfe508113aac074accd6990a50e1e9f4d79392d0dc0758a576ad546224,5243534efffe00012408000010000100,,NSCR screen map,Confirmed,True,False,,,,,,,,,,False,False
/data/field_cutin.narc,/data/field_cutin.narc!/member_00002,0,/data/field_cutin.narc,139,2,,35120,35672,34916,35468,552,5178dad036ec565f816dd6968a435063e90be152bbc34404991e57f98dbeee79,524c434efffe00012802000010000100,,NCLR palette,Confirmed,True,False,,,,,,,,,,False,False
/data/field_cutin.narc,/data/field_cutin.narc!/member_00003,0,/data/field_cutin.narc,139,3,,35672,36224,35468,36020,552,f706197cb1aff2457805221f7a3066c70cb91b63f2d3087844fcc3a48511970e,524c434efffe00012802000010000100,,NCLR palette,Confirmed,True,False,,,,,,,,,,False,False
/data/field_cutin.narc,/data/field_cutin.narc!/member_00004,0,/data/field_cutin.narc,139,4,,36224,36776,36020,36572,552,396061a1fabfc81e8cff0cadbad0da32fbaf18359438c81887e54965bba0b05a,524c434efffe00012802000010000100,,NCLR palette,Confirmed,True,False,,,,,,,,,,False,False
/data/field_cutin.narc,/data/field_cutin.narc!/member_00005,0,/data/field_cutin.narc,139,5,,36776,40024,36572,39820,3248,b7b6c8cb55e14119981fd308dd89a9579a0bf0fbd9cf90b49de0197b2da03adb,5247434efffe0101b00c000010000100,,NCGR graphics,Confirmed,True,False,,,,,,,,,,False,False
/data/field_cutin.narc,/data/field_cutin.narc!/member_00006,0,/data/field_cutin.narc,139,6,,40024,40151,39820,39947,127,79d743c6c1428b5f0c421b12dd2b75b8dd8873d95b3b9cbf5c66716f6faad07f,5245434efffe00017f00000010000300,,NCER cell,Confirmed,True,False,,,,,,,,,,False,False
/data/field_cutin.narc,/data/field_cutin.narc!/member_00007,0,/data/field_cutin.narc,139,7,,40152,41224,39948,41020,1072,803ea9a3c2f075d09c7d5d23bedd67c12428b74e9a7bfcf4d6102be4d4f4acce,5247434efffe01013004000010000100,,NCGR graphics,Confirmed,True,False,,,,,,,,,,False,False
/data/field_cutin.narc,/data/field_cutin.narc!/member_00008,0,/data/field_cutin.narc,139,8,,41224,41323,41020,41119,99,d8c3ccf4755cba08b200d056af4c58fcbdbd05094e7d28adbffe7b3977c27eb1,5245434efffe00016300000010000300,,NCER cell,Confirmed,True,False,,,,,,,,,,False,False
/data/field_cutin.narc,/data/field_cutin.narc!/member_00009,0,/data/field_cutin.narc,139,9,,41324,41435,41120,41231,111,30249884bd91f10bc9d4e13e7b1495f09991b6f488405a0cdbb61cfb402d10ca,524e414efffe00016f00000010000300,,NANR animation,Confirmed,True,False,,,,,,,,,,False,False
/data/field_cutin.narc,/data/field_cutin.narc!/member_00010,0,/data/field_cutin.narc,139,10,,41436,41740,41232,41536,304,c8d9b836fbbb650c0ffe7e5905f3a166491b5443833276de9b432e262b92f956,5247434efffe01013001000010000100,,NCGR graphics,Confirmed,True,False,,,,,,,,,,False,False
/data/field_cutin.narc,/data/field_cutin.narc!/member_00011,0,/data/field_cutin.narc,139,11,,41740,41866,41536,41662,126,f27998e8192eb3b35261090680758366f2f132124f5bee3c0f76fd45edb56fef,5245434efffe00017e00000010000300,,NCER cell,Confirmed,True,False,,,,,,,,,,False,False
/data/field_cutin.narc,/data/field_cutin.narc!/member_00012,0,/data/field_cutin.narc,139,12,,41868,42022,41664,41818,154,53d8003155752aef909e602429463b97160b13b7f7aaabfcc4e799503e41ab86,524e414efffe00019a00000010000300,,NANR animation,Confirmed,True,False,,,,,,,,,,False,False
/data/field_cutin.narc,/data/field_cutin.narc!/member_00013,0,/data/field_cutin.narc,139,13,,42024,47192,41820,46988,5168,b92d0713b22360f980d8619bd83e7b32cce85e1fcfb3203533e0ac40a6482f0e,5247434efffe01013014000010000100,,NCGR graphics,Confirmed,True,False,,,,,,,,,,False,False
/data/field_cutin.narc,/data/field_cutin.narc!/member_00014,0,/data/field_cutin.narc,139,14,,47192,47505,46988,47301,313,cd08f3c8119586a00dd0b15a1954e915ffae43b2d1c1ec8df29e0351a6b498d9,5245434efffe00013901000010000300,,NCER cell,Confirmed,True,False,,,,,,,,,,False,False
/data/field_cutin.narc,/data/field_cutin.narc!/member_00015,0,/data/field_cutin.narc,139,15,,47508,47905,47304,47701,397,0d6ee5486797c085d2c731ff8564f4473038fc67e1b70166b5e53df30c8c9355,524e414efffe00018d01000010000300,,NANR animation,Confirmed,True,False,,,,,,,,,,False,False
/data/field_cutin.narc,/data/field_cutin.narc!/member_00016,0,/data/field_cutin.narc,139,16,,47908,53076,47704,52872,5168,ef65c7c5a9129bc2f9f6a809a9863617bb21eae2a8da843fa206c7c0f19db5c2,5247434efffe01013014000010000100,,NCGR graphics,Confirmed,True,False,,,,,,,,,,False,False
/data/field_cutin.narc,/data/field_cutin.narc!/member_00017,0,/data/field_cutin.narc,139,17,,53076,53389,52872,53185,313,cd08f3c8119586a00dd0b15a1954e915ffae43b2d1c1ec8df29e0351a6b498d9,5245434efffe00013901000010000300,,NCER cell,Confirmed,True,False,,,,,,,,,,False,False
/data/field_cutin.narc,/data/field_cutin.narc!/member_00018,0,/data/field_cutin.narc,139,18,,53392,53789,53188,53585,397,0d6ee5486797c085d2c731ff8564f4473038fc67e1b70166b5e53df30c8c9355,524e414efffe00018d01000010000300,,NANR animation,Confirmed,True,False,,,,,,,,,,False,False
/data/namein.narc,/data/namein.narc!/member_00000,0,/data/namein.narc,162,0,,204,756,0,552,552,e39e24b6963a27f9ecfce1ccc35af0d70b689b35ffeda8923a5fd29f1ec9ee12,524c434efffe00012802000010000100,,NCLR palette,Confirmed,True,False,,,,,,,,,,False,False
/data/namein.narc,/data/namein.narc!/member_00001,0,/data/namein.narc,162,1,,756,1308,552,1104,552,89da2f6969bc08b11bdb2d790825fb9ea16e9bc15fac96bf9ec542c3c291e810,524c434efffe00012802000010000100,,NCLR palette,Confirmed,True,False,,,,,,,,,,False,False
/data/namein.narc,/data/namein.narc!/member_00002,0,/data/namein.narc,162,2,,1308,3061,1104,2857,1753,70ee61c6a029ec08ce95484541cb273193b81e3fab152f2c543c3a455cf387d4,10402000005247434efffe0101004020,,Nintendo LZ10,Probable,,True,Nintendo LZ10,Confirmed,True,8256,True,8256,4918bc29e49975b4b5f0c6204cd424f241e7b66e851c1af1fd5ce3dd01ef24a6,NCGR graphics,Confirmed,False,False
/data/namein.narc,/data/namein.narc!/member_00003,0,/data/namein.narc,162,3,,3064,3663,2860,3459,599,0c5a9911b888e90c45a959fb61770f157682af1ac6f4ed4593d03031187b520d,10400800005247434efffe0101004008,,Nintendo LZ10,Probable,,True,Nintendo LZ10,Confirmed,True,2112,True,2112,c77844564c75615f99818d579c6dc9c1f214c629d3094bce0e46947c8a4a608b,NCGR graphics,Confirmed,False,False
/data/namein.narc,/data/namein.narc!/member_00004,0,/data/namein.narc,162,4,,3664,3950,3460,3746,286,15ebd728061ab19e0783b28a24c755312b796f838d911481adf259d3748e0722,10240600005243534efffe0001002406,,Nintendo LZ10,Probable,,True,Nintendo LZ10,Confirmed,True,1572,True,1572,e109ee820236ff8114aeb0910eec8dc517de62be55a2585aeee970a68f188b98,NSCR screen map,Confirmed,False,False
/data/namein.narc,/data/namein.narc!/member_00005,0,/data/namein.narc,162,5,,3952,4269,3748,4065,317,7a8ddc7bad933e6900560fdb70faa2b678f5f3155a747ef21c9a85df503476c7,10240600005243534efffe0001002406,,Nintendo LZ10,Probable,,True,Nintendo LZ10,Confirmed,True,1572,True,1572,b25c8f7a10acfc97e3b30a89aed52df499593ca58c649744a82fe62ccf5e4ec0,NSCR screen map,Confirmed,False,False
/data/namein.narc,/data/namein.narc!/member_00006,0,/data/namein.narc,162,6,,4272,4479,4068,4275,207,e2c079758dd9d683b8c9b680a3a0a40ea6090a77cddfbed0ccfb98214d769580,10a40300005243534efffe000100a403,,Nintendo LZ10,Probable,,True,Nintendo LZ10,Confirmed,True,932,True,932,7b3b872429d1460bdacf2b2acb46b1976ac447ffd67cb47b6504e8eca131cee7,NSCR screen map,Confirmed,False,False
/data/namein.narc,/data/namein.narc!/member_00007,0,/data/namein.narc,162,7,,4480,4688,4276,4484,208,ca0260d546357ea2c91afc25458ad5e99c9c9a0144791bc17e376cbdd4420346,10a40300005243534efffe000100a403,,Nintendo LZ10,Probable,,True,Nintendo LZ10,Confirmed,True,932,True,932,f3ec8198447273d9ae63feec3131c6a64bfdb8931ea1c6b4691e85ef6f75e9cb,NSCR screen map,Confirmed,False,False
/data/namein.narc,/data/namein.narc!/member_00008,0,/data/namein.narc,162,8,,4688,4896,4484,4692,208,01714467ea476f4388a25d9a22b5e0b442841247063b9d0bc03a215cab1ea68a,10a40300005243534efffe000100a403,,Nintendo LZ10,Probable,,True,Nintendo LZ10,Confirmed,True,932,True,932,400407205624b19ee91cb71a4622aef00759d2e2ce31317e21860f833a0eb229,NSCR screen map,Confirmed,False,False
/data/namein.narc,/data/namein.narc!/member_00009,0,/data/namein.narc,162,9,,4896,5104,4692,4900,208,639968b6c325bbe9c3e06aa0f46e841174e3bc92ba27956838d3cb75a02668ee,10a40300005243534efffe000100a403,,Nintendo LZ10,Probable,,True,Nintendo LZ10,Confirmed,True,932,True,932,b95147cdd59cff569141fcd8cc2608ec063925139f4d85f52448435df94c82c6,NSCR screen map,Confirmed,False,False
/data/namein.narc,/data/namein.narc!/member_00010,0,/data/namein.narc,162,10,,5104,11745,4900,11541,6641,67b5372028abae49943b9c00095ccd8d4773dbd6142418a38d0ece28f702d962,10d06800005247434efffe010100d068,,Nintendo LZ10,Probable,,True,Nintendo LZ10,Confirmed,True,26832,True,26832,b0c968460ed817227435954b620fe13b8ee4534650ed6655a124141c9dd500eb,NCGR graphics,Confirmed,False,False
/data/namein.narc,/data/namein.narc!/member_00011,0,/data/namein.narc,162,11,,11748,12390,11544,12186,642,08f18b5685adae0d8fb54f26ff8303c9895307db0a8a81a232011650362536b0,10b00e00005247434efffe010100b00e,,Nintendo LZ10,Probable,,True,Nintendo LZ10,Confirmed,True,3760,True,3760,3e1bccf22d3bf08ba4eb2aaae9435cc70b6925e5eaf369f26d7d67b3b73972ec,NCGR graphics,Confirmed,False,False
/data/namein.narc,/data/namein.narc!/member_00012,0,/data/namein.narc,162,12,,12392,13517,12188,13313,1125,93f8ec033413fb0a54f86a50df2d0227cee40e216530fe0239edeab3c26eb6ea,10760800005245434efffe0001007608,,Nintendo LZ10,Probable,,True,Nintendo LZ10,Confirmed,True,2166,True,2166,d530c3897b91ea8c8023883b9e5a9e9582d25ef9c0aefc8e1c546cadb3cd0642,NCER cell,Confirmed,False,False
/data/namein.narc,/data/namein.narc!/member_00013,0,/data/namein.narc,162,13,,13520,13847,13316,13643,327,3c43fc30554af2c40ea26843b639e70bbc807c656b9f36aa9dff275f233ea30e,10cd0100005245434efffe000100cd01,,Nintendo LZ10,Probable,,True,Nintendo LZ10,Confirmed,True,461,True,461,804e8006cfec65d51013d110da1b1bab742cfa72ebdaf91010866345b8e90827,NCER cell,Confirmed,False,False
/data/namein.narc,/data/namein.narc!/member_00014,0,/data/namein.narc,162,14,,13848,15168,13644,14964,1320,ace5f3496eac7b29c2ee1d4609993e0be0b823f557dda0d3e44fdb66b0be2324,10f20c0000524e414efffe000100f20c,,Nintendo LZ10,Probable,,True,Nintendo LZ10,Confirmed,True,3314,True,3314,1c665c577ee47b000451b9b0925e314d0dd7dd31454dfc3d0499831dbba7f735,NANR animation,Confirmed,False,False
/data/namein.narc,/data/namein.narc!/member_00015,0,/data/namein.narc,162,15,,15168,15327,14964,15123,159,da3add04f07bed6a3e39abc44436292fe19a0c55b1e79eef8bf05d1247fd2f52,10f9000000524e414efffe000100f900,,Nintendo LZ10,Probable,,True,Nintendo LZ10,Confirmed,True,249,True,249,425d9d0ead5c671d64a0488be63fb67f216bea8ebd4aaea24c6dd666a6d6e11f,NANR animation,Confirmed,False,False
/data/namein.narc,/data/namein.narc!/member_00016,0,/data/namein.narc,162,16,,15328,15595,15124,15391,267,99b117bcb7c376036b4f27142ebfc02acfbeb9c5f40c859c9a11cccd816c193c,10400400005247434efffe0101004004,,Nintendo LZ10,Probable,,True,Nintendo LZ10,Confirmed,True,1088,True,1088,77c93076af6f02cd0cfc77ccfdc08406e1ca81bee0a661ac6279df526a0b8bb6,NCGR graphics,Confirmed,False,False
/data/namein.narc,/data/namein.narc!/member_00017,0,/data/namein.narc,162,17,,15596,15899,15392,15695,303,04c47f8729e20eed1e3a42907dcf371e8f9901d230a2d9c4a87727d727ba321c,10240600005243534efffe0001002406,,Nintendo LZ10,Probable,,True,Nintendo LZ10,Confirmed,True,1572,True,1572,1febb90756b72eb652fa33e5bcf3ac9d033c17ad0148854aff408fcf4b7d1155,NSCR screen map,Confirmed,False,False
/data/namein.narc,/data/namein.narc!/member_00018,0,/data/namein.narc,162,18,,15900,16214,15696,16010,314,4008f9281946697ee7d2c68ffedc0a5e924603a52ea87ad966daf2a283281f69,10240600005243534efffe0001002406,,Nintendo LZ10,Probable,,True,Nintendo LZ10,Confirmed,True,1572,True,1572,c99c1ab1a042c62e0373c5276f5549c0545922fcb471cc4f335ecde47e830e26,NSCR screen map,Confirmed,False,False
/data/slot.narc,/data/slot.narc!/member_00000,0,/data/slot.narc,186,0,,668,6876,0,6208,6208,42b6cc17d502a93d467b24330f3c67a197a3e3b877f6d68f92351a558c0734c0,5247434efffe01014018000010000200,,NCGR graphics,Confirmed,True,False,,,,,,,,,,False,False
/data/slot.narc,/data/slot.narc!/member_00001,0,/data/slot.narc,186,1,,6876,8960,6208,8292,2084,90972d46cdc19f47e44dfe57d99b19739318197d57f3ff521b18d5d79f03d966,5243534efffe00012408000010000100,,NSCR screen map,Confirmed,True,False,,,,,,,,,,False,False
/data/slot.narc,/data/slot.narc!/member_00002,0,/data/slot.narc,186,2,,8960,14464,8292,13796,5504,aa27ba5e9319d18e4ac79c92d1d6299499e3358ca02742f43cc97f2018cf1fec,5247434efffe01018015000010000200,,NCGR graphics,Confirmed,True,False,,,,,,,,,,False,False
/data/slot.narc,/data/slot.narc!/member_00003,0,/data/slot.narc,186,3,,14464,15016,13796,14348,552,f90dfc5091c94e9b8694a66f6e8ffa6a58fb8c71576b752b46859ed5f3d853db,524c434efffe00012802000010000100,,NCLR palette,Confirmed,True,False,,,,,,,,,,False,False
/data/slot.narc,/data/slot.narc!/member_00004,0,/data/slot.narc,186,4,,15016,17100,14348,16432,2084,14e7cf009253d36205226a3344af76ef6ad04f82da012417271d0ea248077a79,5243534efffe00012408000010000100,,NSCR screen map,Confirmed,True,False,,,,,,,,,,False,False
/data/slot.narc,/data/slot.narc!/member_00005,0,/data/slot.narc,186,5,,17100,17652,16432,16984,552,ef2fcc6d4ab81ffe045ae8627f60912e34672f4d31148aac0c0a791f41ea883b,524c434efffe00012802000010000100,,NCLR palette,Confirmed,True,False,,,,,,,,,,False,False
/data/slot.narc,/data/slot.narc!/member_00006,0,/data/slot.narc,186,6,,17652,18204,16984,17536,552,8a77fa86b19a6317e3a04b82cf1374c9c1fc5938149630d01fffdbb7dcdbb40c,524c434efffe00012802000010000100,,NCLR palette,Confirmed,True,False,,,,,,,,,,False,False
/data/slot.narc,/data/slot.narc!/member_00007,0,/data/slot.narc,186,7,,18204,18756,17536,18088,552,74bd89ae33f65192210b8e083a66c4c4b0e5e787ff5432c706aac9f8f506c8d2,524c434efffe00012802000010000100,,NCLR palette,Confirmed,True,False,,,,,,,,,,False,False
/data/slot.narc,/data/slot.narc!/member_00008,0,/data/slot.narc,186,8,,18756,19076,18088,18408,320,0ce4af156788f5dc90ad3510d4f7a48130812f4bfa1cd892659c44f15211b7bd,5247434efffe01014001000010000200,,NCGR graphics,Confirmed,True,False,,,,,,,,,,False,False
/data/slot.narc,/data/slot.narc!/member_00009,0,/data/slot.narc,186,9,,19076,21160,18408,20492,2084,cd808aa47cdee0d9f74432cdccb8a090a05df9a468fd3ece57d6fe52acfc1352,5243534efffe00012408000010000100,,NSCR screen map,Confirmed,True,False,,,,,,,,,,False,False
/data/slot.narc,/data/slot.narc!/member_00010,0,/data/slot.narc,186,10,,21160,21712,20492,21044,552,2ef2f79bccb658a09466e99f42adc5298643f754b70522991b1ff28121d6ed6b,524c434efffe00012802000010000100,,NCLR palette,Confirmed,True,False,,,,,,,,,,False,False
/data/slot.narc,/data/slot.narc!/member_00011,0,/data/slot.narc,186,11,,21712,27904,21044,27236,6192,d455065235722302d625e7b94bd8eb07119d411378cc20b0ff553987312809cd,5247434efffe01013018000010000100,,NCGR graphics,Confirmed,True,False,,,,,,,,,,False,False
/data/slot.narc,/data/slot.narc!/member_00012,0,/data/slot.narc,186,12,,27904,28146,27236,27478,242,8d4efc1dd434545b1b5a68ad73e518c98e69df35a482c63d691f2a986479e220,5245434efffe0001f200000010000300,,NCER cell,Confirmed,True,False,,,,,,,,,,False,False
/data/slot.narc,/data/slot.narc!/member_00013,0,/data/slot.narc,186,13,,28148,28474,27480,27806,326,38b9c07bf8c4b0e12f8f91bc80d1c5118da692e7b46a9cba49065beb681c1d04,524e414efffe00014601000010000300,,NANR animation,Confirmed,True,False,,,,,,,,,,False,False
/data/slot.narc,/data/slot.narc!/member_00014,0,/data/slot.narc,186,14,,28476,29548,27808,28880,1072,c7c91edb83cf8809020c2e994d847e61dca53119fdd1ec58244a209a8e7cba21,5247434efffe01013004000010000100,,NCGR graphics,Confirmed,True,False,,,,,,,,,,False,False
/data/slot.narc,/data/slot.narc!/member_00015,0,/data/slot.narc,186,15,,29548,29647,28880,28979,99,a37ed41dc1ac24de691b1f9deef709c9635f89317e09d3f12fd9babd30edca43,5245434efffe00016300000010000300,,NCER cell,Confirmed,True,False,,,,,,,,,,False,False
/data/slot.narc,/data/slot.narc!/member_00016,0,/data/slot.narc,186,16,,29648,29759,28980,29091,111,ca4fb76f05db368c396eb1886b1de7f86ac9d15577eac9a050aee2d0ddf7492b,524e414efffe00016f00000010000300,,NANR animation,Confirmed,True,False,,,,,,,,,,False,False
/data/slot.narc,/data/slot.narc!/member_00017,0,/data/slot.narc,186,17,,29760,30832,29092,30164,1072,c90eae85a5102efababffe48c40f5cdc6fa0eda8f0e97ca90aa845b5cfefba61,5247434efffe01013004000010000100,,NCGR graphics,Confirmed,True,False,,,,,,,,,,False,False
/data/slot.narc,/data/slot.narc!/member_00018,0,/data/slot.narc,186,18,,30832,30931,30164,30263,99,a37ed41dc1ac24de691b1f9deef709c9635f89317e09d3f12fd9babd30edca43,5245434efffe00016300000010000300,,NCER cell,Confirmed,True,False,,,,,,,,,,False,False
/data/slot.narc,/data/slot.narc!/member_00019,0,/data/slot.narc,186,19,,30932,31043,30264,30375,111,ca4fb76f05db368c396eb1886b1de7f86ac9d15577eac9a050aee2d0ddf7492b,524e414efffe00016f00000010000300,,NANR animation,Confirmed,True,False,,,,,,,,,,False,False
/data/slot.narc,/data/slot.narc!/member_00020,0,/data/slot.narc,186,20,,31044,31596,30376,30928,552,52219bfcea60a7785113d8365f1f3992c99d2cd1dbd8dfb28888b5d008308153,524c434efffe00012802000010000100,,NCLR palette,Confirmed,True,False,,,,,,,,,,False,False
/data/slot.narc,/data/slot.narc!/member_00021,0,/data/slot.narc,186,21,,31596,32924,30928,32256,1328,3f147391931e0d979464b98c436247b6107aabbdb2cfcca3148f2c2450550e8e,5247434efffe01013005000010000100,,NCGR graphics,Confirmed,True,False,,,,,,,,,,False,False
/data/slot.narc,/data/slot.narc!/member_00022,0,/data/slot.narc,186,22,,32924,33282,32256,32614,358,49934b952cc3494e898693ec447c52229c0652a291500d442767e8ef206c89a1,5245434efffe00016601000010000300,,NCER cell,Confirmed,True,False,,,,,,,,,,False,False
/data/slot.narc,/data/slot.narc!/member_00023,0,/data/slot.narc,186,23,,33284,33782,32616,33114,498,6e28089d0398e9c15a5a2b13a3713e57d3a453b43e8897059bd2941bd05fd909,524e414efffe0001f201000010000300,,NANR animation,Confirmed,True,False,,,,,,,,,,False,False
/data/slot.narc,/data/slot.narc!/member_00024,0,/data/slot.narc,186,24,,33784,35240,33116,34572,1456,e7e3aa5c53c468b2d8bca9553098186c501edf40cb61a7766d038e4cf22b2f35,5247434efffe0101b005000010000100,,NCGR graphics,Confirmed,True,False,,,,,,,,,,False,False
/data/slot.narc,/data/slot.narc!/member_00025,0,/data/slot.narc,186,25,,35240,35619,34572,34951,379,82a48ce69b6901a87e6315945bed7077cb2fc0d0433060597472380ec3f0c991,5245434efffe00017b01000010000300,,NCER cell,Confirmed,True,False,,,,,,,,,,False,False
/data/slot.narc,/data/slot.narc!/member_00026,0,/data/slot.narc,186,26,,35620,36075,34952,35407,455,8d6b2b13376bdec54f316aa209a7f79c1f98e9e73e7995ab47634e59666dfc9c,524e414efffe0001c701000010000300,,NANR animation,Confirmed,True,False,,,,,,,,,,False,False
/data/slot.narc,/data/slot.narc!/member_00027,0,/data/slot.narc,186,27,,36076,36628,35408,35960,552,b32fddb2be055609b0db665228acf4c2f4ed8c0b545b030c88adebbdca9ca951,524c434efffe00012802000010000100,,NCLR palette,Confirmed,True,False,,,,,,,,,,False,False
/data/slot.narc,/data/slot.narc!/member_00028,0,/data/slot.narc,186,28,,36628,38084,35960,37416,1456,1c09941d9f6be0370b2f0b4da644bdde055b877697ae925e968f357885d81c9b,5247434efffe0101b005000010000100,,NCGR graphics,Confirmed,True,False,,,,,,,,,,False,False
/data/slot.narc,/data/slot.narc!/member_00029,0,/data/slot.narc,186,29,,38084,38463,37416,37795,379,82a48ce69b6901a87e6315945bed7077cb2fc0d0433060597472380ec3f0c991,5245434efffe00017b01000010000300,,NCER cell,Confirmed,True,False,,,,,,,,,,False,False
/data/slot.narc,/data/slot.narc!/member_00030,0,/data/slot.narc,186,30,,38464,38919,37796,38251,455,8d6b2b13376bdec54f316aa209a7f79c1f98e9e73e7995ab47634e59666dfc9c,524e414efffe0001c701000010000300,,NANR animation,Confirmed,True,False,,,,,,,,,,False,False
/data/slot.narc,/data/slot.narc!/member_00031,0,/data/slot.narc,186,31,,38920,39472,38252,38804,552,95977687d62ddbb4331550c34417ff148bd81fb2c630a1a4ee659675b050f1ca,524c434efffe00012802000010000100,,NCLR palette,Confirmed,True,False,,,,,,,,,,False,False
/data/slot.narc,/data/slot.narc!/member_00032,0,/data/slot.narc,186,32,,39472,40928,38804,40260,1456,bdf82ca8d933578c26364693c3400f4f59b4802a6d89d7fa27c1c91b345e035b,5247434efffe0101b005000010000100,,NCGR graphics,Confirmed,True,False,,,,,,,,,,False,False
/data/slot.narc,/data/slot.narc!/member_00033,0,/data/slot.narc,186,33,,40928,41307,40260,40639,379,82a48ce69b6901a87e6315945bed7077cb2fc0d0433060597472380ec3f0c991,5245434efffe00017b01000010000300,,NCER cell,Confirmed,True,False,,,,,,,,,,False,False
/data/slot.narc,/data/slot.narc!/member_00034,0,/data/slot.narc,186,34,,41308,41763,40640,41095,455,8d6b2b13376bdec54f316aa209a7f79c1f98e9e73e7995ab47634e59666dfc9c,524e414efffe0001c701000010000300,,NANR animation,Confirmed,True,False,,,,,,,,,,False,False
/data/slot.narc,/data/slot.narc!/member_00035,0,/data/slot.narc,186,35,,41764,42316,41096,41648,552,99c41741233f9354fbadc0abd17605e354d781b6581592970b1234ec9e5f7264,524c434efffe00012802000010000100,,NCLR palette,Confirmed,True,False,,,,,,,,,,False,False
/data/slot.narc,/data/slot.narc!/member_00036,0,/data/slot.narc,186,36,,42316,43772,41648,43104,1456,1c3998bbf137e2451e7f3e3721636d90c997fd9c31a8437b2b0f54f9848ebc22,5247434efffe0101b005000010000100,,NCGR graphics,Confirmed,True,False,,,,,,,,,,False,False
/data/slot.narc,/data/slot.narc!/member_00037,0,/data/slot.narc,186,37,,43772,44151,43104,43483,379,82a48ce69b6901a87e6315945bed7077cb2fc0d0433060597472380ec3f0c991,5245434efffe00017b01000010000300,,NCER cell,Confirmed,True,False,,,,,,,,,,False,False
/data/slot.narc,/data/slot.narc!/member_00038,0,/data/slot.narc,186,38,,44152,44607,43484,43939,455,8d6b2b13376bdec54f316aa209a7f79c1f98e9e73e7995ab47634e59666dfc9c,524e414efffe0001c701000010000300,,NANR animation,Confirmed,True,False,,,,,,,,,,False,False
/data/slot.narc,/data/slot.narc!/member_00039,0,/data/slot.narc,186,39,,44608,45160,43940,44492,552,6cb9c5bd29d78c8cfa1b0c8fbcee148b7dc18eb1da15ee0b05a8aa8032c223f9,524c434efffe00012802000010000100,,NCLR palette,Confirmed,True,False,,,,,,,,,,False,False
/data/slot.narc,/data/slot.narc!/member_00040,0,/data/slot.narc,186,40,,45160,46616,44492,45948,1456,65460e3ad32381cb24c2f00f58a42992bbd36b946fc3d01b733b852e0de7ee4c,5247434efffe0101b005000010000100,,NCGR graphics,Confirmed,True,False,,,,,,,,,,False,False
/data/slot.narc,/data/slot.narc!/member_00041,0,/data/slot.narc,186,41,,46616,46995,45948,46327,379,82a48ce69b6901a87e6315945bed7077cb2fc0d0433060597472380ec3f0c991,5245434efffe00017b01000010000300,,NCER cell,Confirmed,True,False,,,,,,,,,,False,False
/data/slot.narc,/data/slot.narc!/member_00042,0,/data/slot.narc,186,42,,46996,47451,46328,46783,455,8d6b2b13376bdec54f316aa209a7f79c1f98e9e73e7995ab47634e59666dfc9c,524e414efffe0001c701000010000300,,NANR animation,Confirmed,True,False,,,,,,,,,,False,False
/data/slot.narc,/data/slot.narc!/member_00043,0,/data/slot.narc,186,43,,47452,48004,46784,47336,552,a09c9ba1c99832691b5b386467c7a7c3a2cb665eb3fa587dc2502c3bc66348b4,524c434efffe00012802000010000100,,NCLR palette,Confirmed,True,False,,,,,,,,,,False,False
/data/slot.narc,/data/slot.narc!/member_00044,0,/data/slot.narc,186,44,,48004,52148,47336,51480,4144,4433b4bf5582b8077ec15831dec6db053f1cb0bf9b4d1d25c9c5f87914978153,5247434efffe01013010000010000100,,NCGR graphics,Confirmed,True,False,,,,,,,,,,False,False
/data/slot.narc,/data/slot.narc!/member_00045,0,/data/slot.narc,186,45,,52148,52283,51480,51615,135,14035221848dc7bce36da64b04e3bd1f21c5ebcae025aca84e0c03c4d5b29adb,5245434efffe00018700000010000300,,NCER cell,Confirmed,True,False,,,,,,,,,,False,False
/data/slot.narc,/data/slot.narc!/member_00046,0,/data/slot.narc,186,46,,52284,52403,51616,51735,119,0ced553540051b820b46a354778bc337ec416a2f6d6fe489d26435f0a1cd278e,524e414efffe00017700000010000300,,NANR animation,Confirmed,True,False,,,,,,,,,,False,False
/data/slot.narc,/data/slot.narc!/member_00047,0,/data/slot.narc,186,47,,52404,52956,51736,52288,552,ad9a8f6123b40f61920488109aa4a5879775cd77887effbfd25b913da3b39ee8,524c434efffe00012802000010000100,,NCLR palette,Confirmed,True,False,,,,,,,,,,False,False
/data/slot.narc,/data/slot.narc!/member_00048,0,/data/slot.narc,186,48,,52956,63244,52288,62576,10288,8f71527dec3f58bf1b92b03338b450323a2cf5ed39ce0b028aba9341908685fc,5247434efffe01013028000010000100,,NCGR graphics,Confirmed,True,False,,,,,,,,,,False,False
/data/slot.narc,/data/slot.narc!/member_00049,0,/data/slot.narc,186,49,,63244,63522,62576,62854,278,4e0ff81060c92dcfac1ae0ab67df01bf11b5c907915af4341df65e2dad5969e8,5245434efffe00011601000010000300,,NCER cell,Confirmed,True,False,,,,,,,,,,False,False
/data/slot.narc,/data/slot.narc!/member_00050,0,/data/slot.narc,186,50,,63524,63890,62856,63222,366,afd5bab9f5366b1910a0d19952a4992d0baf430ced36529743719c0797b1f43b,524e414efffe00016e01000010000300,,NANR animation,Confirmed,True,False,,,,,,,,,,False,False
/data/slot.narc,/data/slot.narc!/member_00051,0,/data/slot.narc,186,51,,63892,64444,63224,63776,552,b2651152a630668313699c1dfd3cca54d5da1c1092720e0eeae10439f25f4a4e,524c434efffe00012802000010000100,,NCLR palette,Confirmed,True,False,,,,,,,,,,False,False
/data/slot.narc,/data/slot.narc!/member_00052,0,/data/slot.narc,186,52,,64444,74732,63776,74064,10288,af00f79e75676bccf76a652f8a70659e9d6351d5fdd23c85f000da31d7cbf657,5247434efffe01013028000010000100,,NCGR graphics,Confirmed,True,False,,,,,,,,,,False,False
/data/slot.narc,/data/slot.narc!/member_00053,0,/data/slot.narc,186,53,,74732,75010,74064,74342,278,4e0ff81060c92dcfac1ae0ab67df01bf11b5c907915af4341df65e2dad5969e8,5245434efffe00011601000010000300,,NCER cell,Confirmed,True,False,,,,,,,,,,False,False
/data/slot.narc,/data/slot.narc!/member_00054,0,/data/slot.narc,186,54,,75012,75378,74344,74710,366,d04c73837aa7fa70c746b8d7afeb3706501343ceaf5ca6ebbc8fa3afd63193a2,524e414efffe00016e01000010000300,,NANR animation,Confirmed,True,False,,,,,,,,,,False,False
/data/slot.narc,/data/slot.narc!/member_00055,0,/data/slot.narc,186,55,,75380,75932,74712,75264,552,bb2a75fdc33e35da1cd7067e5a721580039ac47583b08171c9f3103cfa2d9c05,524c434efffe00012802000010000100,,NCLR palette,Confirmed,True,False,,,,,,,,,,False,False
/data/slot.narc,/data/slot.narc!/member_00056,0,/data/slot.narc,186,56,,75932,78028,75264,77360,2096,c2599f615c832ccfbc5e35831a0c922437e5e0dcb55da86f418982f4a6245b2d,5247434efffe01013008000010000100,,NCGR graphics,Confirmed,True,False,,,,,,,,,,False,False
/data/slot.narc,/data/slot.narc!/member_00057,0,/data/slot.narc,186,57,,78028,78143,77360,77475,115,57233e7636f8a0c0a4cc80f49637597ac890fefb9b905d29af73ba15bcfb4afc,5245434efffe00017300000010000300,,NCER cell,Confirmed,True,False,,,,,,,,,,False,False
/data/slot.narc,/data/slot.narc!/member_00058,0,/data/slot.narc,186,58,,78144,78255,77476,77587,111,ca4fb76f05db368c396eb1886b1de7f86ac9d15577eac9a050aee2d0ddf7492b,524e414efffe00016f00000010000300,,NANR animation,Confirmed,True,False,,,,,,,,,,False,False
/data/slot.narc,/data/slot.narc!/member_00059,0,/data/slot.narc,186,59,,78256,78808,77588,78140,552,187bef1d3ef216dddcb824b55a641d0fce55e24590c6b1943c56077975170a10,524c434efffe00012802000010000100,,NCLR palette,Confirmed,True,False,,,,,,,,,,False,False
/data/slot.narc,/data/slot.narc!/member_00060,0,/data/slot.narc,186,60,,78808,81416,78140,80748,2608,c2d4b02c603cf3ff124ebb6e8c795edf6fa0d727c5225bca518c7f811a6721b9,5247434efffe0101300a000010000100,,NCGR graphics,Confirmed,True,False,,,,,,,,,,False,False
/data/slot.narc,/data/slot.narc!/member_00061,0,/data/slot.narc,186,61,,81416,81774,80748,81106,358,250e3a86c87a8a015500c6085ff35f651501a35b4f7f8f41db8253a65a08ca57,5245434efffe00016601000010000300,,NCER cell,Confirmed,True,False,,,,,,,,,,False,False
/data/slot.narc,/data/slot.narc!/member_00062,0,/data/slot.narc,186,62,,81776,82274,81108,81606,498,6e28089d0398e9c15a5a2b13a3713e57d3a453b43e8897059bd2941bd05fd909,524e414efffe0001f201000010000300,,NANR animation,Confirmed,True,False,,,,,,,,,,False,False
/data/slot.narc,/data/slot.narc!/member_00063,0,/data/slot.narc,186,63,,82276,82828,81608,82160,552,6fbc6b2b498ce91e52e3180b1170987a89f7d3eb6ad3ea05a8a68d92d1502e51,524c434efffe00012802000010000100,,NCLR palette,Confirmed,True,False,,,,,,,,,,False,False
/data/slot.narc,/data/slot.narc!/member_00064,0,/data/slot.narc,186,64,,82828,84156,82160,83488,1328,fdef3a67ac1220b4605db249502cdaece36cf8069d35d9350fa11240afeb5098,5247434efffe01013005000010000100,,NCGR graphics,Confirmed,True,False,,,,,,,,,,False,False
/data/slot.narc,/data/slot.narc!/member_00065,0,/data/slot.narc,186,65,,84156,84514,83488,83846,358,5a15f79a224a960c06d06fdab0e9d62243c0cff825dd20831102f486f243625e,5245434efffe00016601000010000300,,NCER cell,Confirmed,True,False,,,,,,,,,,False,False
/data/slot.narc,/data/slot.narc!/member_00066,0,/data/slot.narc,186,66,,84516,85014,83848,84346,498,6e28089d0398e9c15a5a2b13a3713e57d3a453b43e8897059bd2941bd05fd909,524e414efffe0001f201000010000300,,NANR animation,Confirmed,True,False,,,,,,,,,,False,False
/data/slot.narc,/data/slot.narc!/member_00067,0,/data/slot.narc,186,67,,85016,85568,84348,84900,552,f4075c0005dd175a3c98fb0ca0049ed56b3ca0ab620bd53ab2b827f1afaa9823,524c434efffe00012802000010000100,,NCLR palette,Confirmed,True,False,,,,,,,,,,False,False
/data/slot.narc,/data/slot.narc!/member_00068,0,/data/slot.narc,186,68,,85568,86000,84900,85332,432,d4e9cc7ef7c3e095ec8dc6d10940cd6f6b24956165300a772c4f0c6526186e68,5247434efffe0101b001000010000100,,NCGR graphics,Confirmed,True,False,,,,,,,,,,False,False
/data/slot.narc,/data/slot.narc!/member_00069,0,/data/slot.narc,186,69,,86000,86103,85332,85435,103,26da1933ec74907c1447e725d2a3e9f6ec8daa716483275f896310ab070eb4c7,5245434efffe00016700000010000300,,NCER cell,Confirmed,True,False,,,,,,,,,,False,False
/data/slot.narc,/data/slot.narc!/member_00070,0,/data/slot.narc,186,70,,86104,86215,85436,85547,111,ca4fb76f05db368c396eb1886b1de7f86ac9d15577eac9a050aee2d0ddf7492b,524e414efffe00016f00000010000300,,NANR animation,Confirmed,True,False,,,,,,,,,,False,False
/data/slot.narc,/data/slot.narc!/member_00071,0,/data/slot.narc,186,71,,86216,86520,85548,85852,304,324dc3da278c3a4f5338c09e6c4afd933958e2de268be4afd3993c403b4e4edd,5247434efffe01013001000010000100,,NCGR graphics,Confirmed,True,False,,,,,,,,,,False,False
/data/slot.narc,/data/slot.narc!/member_00072,0,/data/slot.narc,186,72,,86520,86619,85852,85951,99,c972cf91599ebbc54343137defae734024cec7bd569121977c1a851d04209d4b,5245434efffe00016300000010000300,,NCER cell,Confirmed,True,False,,,,,,,,,,False,False
/data/slot.narc,/data/slot.narc!/member_00073,0,/data/slot.narc,186,73,,86620,86731,85952,86063,111,ca4fb76f05db368c396eb1886b1de7f86ac9d15577eac9a050aee2d0ddf7492b,524e414efffe00016f00000010000300,,NANR animation,Confirmed,True,False,,,,,,,,,,False,False
/data/slot.narc,/data/slot.narc!/member_00074,0,/data/slot.narc,186,74,,86732,87284,86064,86616,552,c8e1dec6f127f7ef6e636c25a1171ee3b0cc9b28156f5ba8b6c6574271ede89d,524c434efffe00012802000010000100,,NCLR palette,Confirmed,True,False,,,,,,,,,,False,False
/data/slot.narc,/data/slot.narc!/member_00075,0,/data/slot.narc,186,75,,87284,87836,86616,87168,552,c60b15188b87063e5c38d79aa5b71cc80d3c3da3a2c57903a23ac27ddf8e9ff9,524c434efffe00012802000010000100,,NCLR palette,Confirmed,True,False,,,,,,,,,,False,False
/data/slot.narc,/data/slot.narc!/member_00076,0,/data/slot.narc,186,76,,87836,88388,87168,87720,552,23c7c4334ec89424be04162bec58c91dcc169cde919c276ad64a4b7765f8eac7,524c434efffe00012802000010000100,,NCLR palette,Confirmed,True,False,,,,,,,,,,False,False
/data/tradelist.narc,/data/tradelist.narc!/member_00000,0,/data/tradelist.narc,212,0,,156,708,0,552,552,0e12496b7c332aed26b2b130044be9d2e429fb90cb27d2a811b58adc25ea66e2,524c434efffe00012802000010000100,,NCLR palette,Confirmed,True,False,,,,,,,,,,False,False
/data/tradelist.narc,/data/tradelist.narc!/member_00001,0,/data/tradelist.narc,212,1,,708,1553,552,1397,845,4db271b2a4f6b8afe2902440247063bbb30ce58dd181faea455fe1e65c8c05fc,10400e00005247434efffe010100400e,,Nintendo LZ10,Probable,,True,Nintendo LZ10,Confirmed,True,3648,True,3648,ee83f58123acff63d0c201afabc65b9f96230701bb3250736519dc127294a97c,NCGR graphics,Confirmed,False,False
/data/tradelist.narc,/data/tradelist.narc!/member_00002,0,/data/tradelist.narc,212,2,,1556,2134,1400,1978,578,ade67c4ac0f0671f5e81fd9cd64af9d671c186d8802c9db829752f094178712f,10400700005247434efffe0101004007,,Nintendo LZ10,Probable,,True,Nintendo LZ10,Confirmed,True,1856,True,1856,051da2ea728b1556d425292555a6dce2f3606007c186451aacab0897984e9ff6,NCGR graphics,Confirmed,False,False
/data/tradelist.narc,/data/tradelist.narc!/member_00003,0,/data/tradelist.narc,212,3,,2136,2970,1980,2814,834,97abca2084c6113886ded12534eebd01937b3ee808ee336d765a44ba707ba9ab,10240600005243534efffe0001002406,,Nintendo LZ10,Probable,,True,Nintendo LZ10,Confirmed,True,1572,True,1572,e42ee56a5ff2d90ee277cc7c312b2be96cbad69428d60b7f630a093967ba0743,NSCR screen map,Confirmed,False,False
/data/tradelist.narc,/data/tradelist.narc!/member_00004,0,/data/tradelist.narc,212,4,,2972,3261,2816,3105,289,405f3eeae3a0ae8f1dab904d9d737829a386c4fd7a59321a4de4d597ec767898,10240600005243534efffe0001002406,,Nintendo LZ10,Probable,,True,Nintendo LZ10,Confirmed,True,1572,True,1572,d4061342c427ae686e47cb231377866664611936268edca96a07b5378b080686,NSCR screen map,Confirmed,False,False
/data/tradelist.narc,/data/tradelist.narc!/member_00005,0,/data/tradelist.narc,212,5,,3264,3774,3108,3618,510,7bfd5f665907d0f77d3525687195682b52c4ae037ee55ec081ee6a6f9078358a,10240600005243534efffe0001002406,,Nintendo LZ10,Probable,,True,Nintendo LZ10,Confirmed,True,1572,True,1572,418c173adb5f3d1fe168054dae5c0db749bd38b1507890054ade2c6dd6f4bc33,NSCR screen map,Confirmed,False,False
/data/tradelist.narc,/data/tradelist.narc!/member_00006,0,/data/tradelist.narc,212,6,,3776,4064,3620,3908,288,bc5868352f07cec22a2669381b91dfd55f2fdd39a6ae2bb40521b71d25c4f5b7,10240600005243534efffe0001002406,,Nintendo LZ10,Probable,,True,Nintendo LZ10,Confirmed,True,1572,True,1572,b00f3f0e419bf4fb35ff6f5b34c74f2a117c17924d6345890b98ac6b980ae6bd,NSCR screen map,Confirmed,False,False
/data/tradelist.narc,/data/tradelist.narc!/member_00007,0,/data/tradelist.narc,212,7,,4064,6224,3908,6068,2160,91a7ed750e2318a0953395bdc99aedae63769287ca17226628370c18ece4183f,10902c00005247434efffe010100902c,,Nintendo LZ10,Probable,,True,Nintendo LZ10,Confirmed,True,11408,True,11408,7c214ec2836865997bc512775a45f361c27ac097201992fb4036f21c490c43f1,NCGR graphics,Confirmed,False,False
/data/tradelist.narc,/data/tradelist.narc!/member_00008,0,/data/tradelist.narc,212,8,,6224,6682,6068,6526,458,049f6836a5fb137ea60f79f738106dea1c1fa224fe870629c6d9b56ca7c08534,10d20300005245434efffe000100d203,,Nintendo LZ10,Probable,,True,Nintendo LZ10,Confirmed,True,978,True,978,6df42c61a04fe0cf466776fd959e5801e8f9acad261d99a7259ccaa385e70926,NCER cell,Confirmed,False,False
/data/tradelist.narc,/data/tradelist.narc!/member_00009,0,/data/tradelist.narc,212,9,,6684,7138,6528,6982,454,c7188edbb3c598a0301e1917e611744b889823763f47e46454b77460c6fdf115,100a040000524e414efffe0001000a04,,Nintendo LZ10,Probable,,True,Nintendo LZ10,Confirmed,True,1034,True,1034,a99e1da4e7f4b2dfa4b7eb476cbfe6a8a5409efd318545692ccf475d8ed928bc,NANR animation,Confirmed,False,False
/data/tradelist.narc,/data/tradelist.narc!/member_00010,0,/data/tradelist.narc,212,10,,7140,9608,6984,9452,2468,20522f710ac6520e032e3dfda3dd5327708f994c5a327c0bb94ef2bb7e74e313,10302200005247434efffe0101003022,,Nintendo LZ10,Probable,,True,Nintendo LZ10,Confirmed,True,8752,True,8752,bd6ff6d9fc05c93272f838374ed0d3282b9145096f338f9ea3c85de8daf6c105,NCGR graphics,Confirmed,False,False
/data/tradelist.narc,/data/tradelist.narc!/member_00011,0,/data/tradelist.narc,212,11,,9608,10325,9452,10169,717,044e82a40c020fb192c29531e205b395c95048560e8aabad2939d17e3b6950cc,107a0500005245434efffe0001007a05,,Nintendo LZ10,Probable,,True,Nintendo LZ10,Confirmed,True,1402,True,1402,3520f3b97ef82baf4b1a8465f48a257a97673c51d07a9456c3fecc64b734c7f3,NCER cell,Confirmed,False,False
/data/tradelist.narc,/data/tradelist.narc!/member_00012,0,/data/tradelist.narc,212,12,,10328,10867,10172,10711,539,099c98f6b27b16b304c3477960f075885e44489b557393323aec6b2061aa1946,1062050000524e414efffe0001006205,,Nintendo LZ10,Probable,,True,Nintendo LZ10,Confirmed,True,1378,True,1378,4ad003e7997e5ed9c2f14bffc5b1dc66cf6b01fc2ca02be2389bb89aa4e712c5,NANR animation,Confirmed,False,False
/data/trapmark.narc,/data/trapmark.narc!/member_00000,0,/data/trapmark.narc,213,0,,60,612,0,552,552,489f87af317b3bf9ba040907aa43b0e3e70647755a0f66be27b852dbfdb5f4b3,524c434efffe00012802000010000100,,NCLR palette,Confirmed,True,False,,,,,,,,,,False,False
/data/ug_anim.narc,/data/ug_anim.narc!/member_00000,0,/data/ug_anim.narc,214,0,,116,668,0,552,552,29be10c185d99871938b8c99d85ac893f222ee018f5005dd9b21d9230d8715a7,524c434efffe00012802000010000100,,NCLR palette,Confirmed,True,False,,,,,,,,,,False,False
/data/ug_anim.narc,/data/ug_anim.narc!/member_00001,0,/data/ug_anim.narc,214,1,,668,1013,552,897,345,2d417e44ab95fbe80a5febf66240deda8bdc54a1f33b709c5a760a36345141e4,524e414efffe00015901000010000300,,NANR animation,Confirmed,True,False,,,,,,,,,,False,False
/data/ug_anim.narc,/data/ug_anim.narc!/member_00002,0,/data/ug_anim.narc,214,2,,1016,1225,900,1109,209,52d6757d71e843e8210d2fcee10bf3561d7c9732b3c0245ddbd32737acdb09f7,5245434efffe0001d100000010000300,,NCER cell,Confirmed,True,False,,,,,,,,,,False,False
/data/ug_anim.narc,/data/ug_anim.narc!/member_00003,0,/data/ug_anim.narc,214,3,,1228,4348,1112,4232,3120,ad27f34d0484c660917fb1b43fc74482865cbbaa634ca2a807eb691e11acc84c,5247434efffe0101300c000010000100,,NCGR graphics,Confirmed,True,False,,,,,,,,,,False,False
/data/ug_anim.narc,/data/ug_anim.narc!/member_00004,0,/data/ug_anim.narc,214,4,,4348,5229,4232,5113,881,b9de59322fdb4579c4e316f1152d3d513fadc1f5dd56fa0d0237293bec0d7a45,524e414efffe00017103000010000300,,NANR animation,Confirmed,True,False,,,,,,,,,,False,False
/data/ug_anim.narc,/data/ug_anim.narc!/member_00005,0,/data/ug_anim.narc,214,5,,5232,5797,5116,5681,565,d4360e8bd78ea353e6f9d1050a9f9c515717a9cfaa9edfbbda985da58fa57ed3,5245434efffe00013502000010000300,,NCER cell,Confirmed,True,False,,,,,,,,,,False,False
/data/ug_anim.narc,/data/ug_anim.narc!/member_00006,0,/data/ug_anim.narc,214,6,,5800,23128,5684,23012,17328,d40f5f5e5ed7bd5ba11e8ef4f153d1ade75ffb4d6a1991d6a912d0c9a13dca2e,5247434efffe0101b043000010000100,,NCGR graphics,Confirmed,True,False,,,,,,,,,,False,False
/data/ug_anim.narc,/data/ug_anim.narc!/member_00007,0,/data/ug_anim.narc,214,7,,23128,23680,23012,23564,552,1b780076ce6ca0222ea844b693fcd47a6b8372e130bfa154584acacf598aa32e,524c434efffe00012802000010000100,,NCLR palette,Confirmed,True,False,,,,,,,,,,False,False
/data/ug_fossil.narc,/data/ug_fossil.narc!/member_00000,0,/data/ug_fossil.narc,218,0,,76,13964,0,13888,13888,deeeb2999bfd32c20f6f3caa46991bad7ad9bd45aed41b9cf2eeca929c63fd9e,5247434efffe01014036000010000200,,NCGR graphics,Confirmed,True,False,,,,,,,,,,False,False
/data/ug_fossil.narc,/data/ug_fossil.narc!/member_00001,0,/data/ug_fossil.narc,218,1,,13964,14516,13888,14440,552,29be10c185d99871938b8c99d85ac893f222ee018f5005dd9b21d9230d8715a7,524c434efffe00012802000010000100,,NCLR palette,Confirmed,True,False,,,,,,,,,,False,False
/data/ug_fossil.narc,/data/ug_fossil.narc!/member_00002,0,/data/ug_fossil.narc,218,2,,14516,16088,14440,16012,1572,7aeb4a3715b1dc44f6ad62c3d16d9033f29a2316c6fbbe1dba33265cdbf4a3ce,5243534efffe00012406000010000100,,NSCR screen map,Confirmed,True,False,,,,,,,,,,False,False
/data/ug_parts.narc,/data/ug_parts.narc!/member_00000,0,/data/ug_parts.narc,224,0,,980,1532,0,552,552,304b250050ea2c04b6d497145e21b0244dafe5a117db6b4174d9f1e976b00180,524c434efffe00012802000010000100,,NCLR palette,Confirmed,True,False,,,,,,,,,,False,False
/data/ug_parts.narc,/data/ug_parts.narc!/member_00001,0,/data/ug_parts.narc,224,1,,1532,2748,552,1768,1216,b62f60f5f4c90bf00ce9726efc7dbe5d4849932b5800ba81a1e920c796df1947,5247434efffe0101c004000010000200,,NCGR graphics,Confirmed,True,False,,,,,,,,,,False,False
/data/ug_parts.narc,/data/ug_parts.narc!/member_00002,0,/data/ug_parts.narc,224,2,,2748,3324,1768,2344,576,538fb80e199e7e93e0b1cdf0d708374f56ee8246bfdc0de0f6dc7b88d1bac365,5247434efffe01014002000010000200,,NCGR graphics,Confirmed,True,False,,,,,,,,,,False,False
/data/ug_parts.narc,/data/ug_parts.narc!/member_00003,0,/data/ug_parts.narc,224,3,,3324,3876,2344,2896,552,cac65d6291edede09a05700617ac6e10095e79e17012682cccbc556dd8d624a8,524c434efffe00012802000010000100,,NCLR palette,Confirmed,True,False,,,,,,,,,,False,False
/data/ug_parts.narc,/data/ug_parts.narc!/member_00004,0,/data/ug_parts.narc,224,4,,3876,5092,2896,4112,1216,91befe525d5d683542ec525c54ea91fabd0a5b2b8f192524bf5657e4977ca4c9,5247434efffe0101c004000010000200,,NCGR graphics,Confirmed,True,False,,,,,,,,,,False,False
/data/ug_parts.narc,/data/ug_parts.narc!/member_00005,0,/data/ug_parts.narc,224,5,,5092,5668,4112,4688,576,538fb80e199e7e93e0b1cdf0d708374f56ee8246bfdc0de0f6dc7b88d1bac365,5247434efffe01014002000010000200,,NCGR graphics,Confirmed,True,False,,,,,,,,,,False,False
/data/ug_parts.narc,/data/ug_parts.narc!/member_00006,0,/data/ug_parts.narc,224,6,,5668,6884,4688,5904,1216,83cf83abe597e9b9b815e3e7a6744230e41fc6e435ba6c74ef43f1c36351b61d,5247434efffe0101c004000010000200,,NCGR graphics,Confirmed,True,False,,,,,,,,,,False,False
/data/ug_parts.narc,/data/ug_parts.narc!/member_00007,0,/data/ug_parts.narc,224,7,,6884,7436,5904,6456,552,08bcff81fb721c4e8eda6abf7c953c814f0c018d5d77b71f8836e99a74a3361b,524c434efffe00012802000010000100,,NCLR palette,Confirmed,True,False,,,,,,,,,,False,False
/data/ug_parts.narc,/data/ug_parts.narc!/member_00008,0,/data/ug_parts.narc,224,8,,7436,7988,6456,7008,552,29be10c185d99871938b8c99d85ac893f222ee018f5005dd9b21d9230d8715a7,524c434efffe00012802000010000100,,NCLR palette,Confirmed,True,False,,,,,,,,,,False,False
/data/ug_parts.narc,/data/ug_parts.narc!/member_00009,0,/data/ug_parts.narc,224,9,,7988,9076,7008,8096,1088,de73e404a46515a5ec341b2b85fe7bfcba1053d53544760971ab9dbe1c384d61,5247434efffe01014004000010000200,,NCGR graphics,Confirmed,True,False,,,,,,,,,,False,False
/data/ug_parts.narc,/data/ug_parts.narc!/member_00010,0,/data/ug_parts.narc,224,10,,9076,11444,8096,10464,2368,0d382b1efbedd5baa7c97882541195ff7db853b77a64159b22c708c0831f0746,5247434efffe01014009000010000200,,NCGR graphics,Confirmed,True,False,,,,,,,,,,False,False
/data/ug_parts.narc,/data/ug_parts.narc!/member_00011,0,/data/ug_parts.narc,224,11,,11444,11996,10464,11016,552,c826e1916a13fe1f80b1901cb765fb285e00bdadc6560ca463bb252f26ac6f65,524c434efffe00012802000010000100,,NCLR palette,Confirmed,True,False,,,,,,,,,,False,False
/data/ug_parts.narc,/data/ug_parts.narc!/member_00012,0,/data/ug_parts.narc,224,12,,11996,14364,11016,13384,2368,061aae7cdddca7ac47edc7080aa141c102c684ee4d655555a5644ebce4805baf,5247434efffe01014009000010000200,,NCGR graphics,Confirmed,True,False,,,,,,,,,,False,False
/data/ug_parts.narc,/data/ug_parts.narc!/member_00013,0,/data/ug_parts.narc,224,13,,14364,16476,13384,15496,2112,84780de1280aaa73e9a6d502773ec9139acfb1856603a9fb600dc568e00907a0,5247434efffe01014008000010000200,,NCGR graphics,Confirmed,True,False,,,,,,,,,,False,False
/data/ug_parts.narc,/data/ug_parts.narc!/member_00014,0,/data/ug_parts.narc,224,14,,16476,17028,15496,16048,552,d969450efdc4449b4ece33c9f38406e31530ed89dda918fff9f88b90f3e79f01,524c434efffe00012802000010000100,,NCLR palette,Confirmed,True,False,,,,,,,,,,False,False
/data/ug_parts.narc,/data/ug_parts.narc!/member_00015,0,/data/ug_parts.narc,224,15,,17028,17580,16048,16600,552,de70434a237039365f53d036526c4607d839710ee23fdb09626b007236740146,524c434efffe00012802000010000100,,NCLR palette,Confirmed,True,False,,,,,,,,,,False,False
/data/ug_parts.narc,/data/ug_parts.narc!/member_00016,0,/data/ug_parts.narc,224,16,,17580,18796,16600,17816,1216,05a094fb3ac4c5b59bd01a3e0b1d418383b4cbcffa112e2d0cc1ddfb3bed9c42,5247434efffe0101c004000010000200,,NCGR graphics,Confirmed,True,False,,,,,,,,,,False,False
/data/ug_parts.narc,/data/ug_parts.narc!/member_00017,0,/data/ug_parts.narc,224,17,,18796,20012,17816,19032,1216,56aee6cf59b2f24a07fe0ea514f23f4c3f17f5bd307e059033f02f59fe344ef8,5247434efffe0101c004000010000200,,NCGR graphics,Confirmed,True,False,,,,,,,,,,False,False
/data/ug_parts.narc,/data/ug_parts.narc!/member_00018,0,/data/ug_parts.narc,224,18,,20012,20588,19032,19608,576,aca0d49ea472e58d44a815bd478f025688fb4ecaf5473375206320e388d930e3,5247434efffe01014002000010000200,,NCGR graphics,Confirmed,True,False,,,,,,,,,,False,False
/data/ug_parts.narc,/data/ug_parts.narc!/member_00019,0,/data/ug_parts.narc,224,19,,20588,21140,19608,20160,552,9cdae91fb106e5d6b067adfcc78ce60ff52cfbf544bfe1e88160c8362b33af26,524c434efffe00012802000010000100,,NCLR palette,Confirmed,True,False,,,,,,,,,,False,False
/data/ug_parts.narc,/data/ug_parts.narc!/member_00020,0,/data/ug_parts.narc,224,20,,21140,21716,20160,20736,576,bb2ab3ac79a317a805b9b878f406284f59211366e9849b73adac2657d4398876,5247434efffe01014002000010000200,,NCGR graphics,Confirmed,True,False,,,,,,,,,,False,False
/data/ug_parts.narc,/data/ug_parts.narc!/member_00021,0,/data/ug_parts.narc,224,21,,21716,22268,20736,21288,552,73b18c86fd68d1794f9f7f062df818fc538653560c6a8fdf0167e938ddc329f7,524c434efffe00012802000010000100,,NCLR palette,Confirmed,True,False,,,,,,,,,,False,False
/data/ug_parts.narc,/data/ug_parts.narc!/member_00022,0,/data/ug_parts.narc,224,22,,22268,23868,21288,22888,1600,93d86427676073a910a681dd5a39cb2a717121b623d314c26be3e47c2ea9dce2,5247434efffe01014006000010000200,,NCGR graphics,Confirmed,True,False,,,,,,,,,,False,False
/data/ug_parts.narc,/data/ug_parts.narc!/member_00023,0,/data/ug_parts.narc,224,23,,23868,24420,22888,23440,552,ba240d39809ffdab6c7a93e08704700a471fada7258845baed5e8934d0b6e36a,524c434efffe00012802000010000100,,NCLR palette,Confirmed,True,False,,,,,,,,,,False,False
/data/ug_parts.narc,/data/ug_parts.narc!/member_00024,0,/data/ug_parts.narc,224,24,,24420,25636,23440,24656,1216,4aa7c8ac40522d154072747f61c7b83f24cbbebeb3e2978f3aa17cd79fb3808e,5247434efffe0101c004000010000200,,NCGR graphics,Confirmed,True,False,,,,,,,,,,False,False
/data/ug_parts.narc,/data/ug_parts.narc!/member_00025,0,/data/ug_parts.narc,224,25,,25636,26188,24656,25208,552,403ab308d9b79d3860499763c9c0b82374edd2ea58c47bb6b059e78aaf45e187,524c434efffe00012802000010000100,,NCLR palette,Confirmed,True,False,,,,,,,,,,False,False
/data/ug_parts.narc,/data/ug_parts.narc!/member_00026,0,/data/ug_parts.narc,224,26,,26188,26740,25208,25760,552,46edd61a0a208fc4e98844d82b130558875482f62b7561a964a4ff769521dd46,524c434efffe00012802000010000100,,NCLR palette,Confirmed,True,False,,,,,,,,,,False,False
/data/ug_parts.narc,/data/ug_parts.narc!/member_00027,0,/data/ug_parts.narc,224,27,,26740,27316,25760,26336,576,ec8ed4d1ae00f029467d1bbdb56ab59778965633540b4cbec4b25f36f37813c9,5247434efffe01014002000010000200,,NCGR graphics,Confirmed,True,False,,,,,,,,,,False,False
/data/ug_parts.narc,/data/ug_parts.narc!/member_00028,0,/data/ug_parts.narc,224,28,,27316,27892,26336,26912,576,131a40cb0eb565855bc51a57a111deb79ad9e225fe3605bc87124d394438f112,5247434efffe01014002000010000200,,NCGR graphics,Confirmed,True,False,,,,,,,,,,False,False
/data/ug_parts.narc,/data/ug_parts.narc!/member_00029,0,/data/ug_parts.narc,224,29,,27892,28468,26912,27488,576,97c233a68e98130ab32a55642132e62b33105e48df76c4ef2680d425036986a7,5247434efffe01014002000010000200,,NCGR graphics,Confirmed,True,False,,,,,,,,,,False,False
/data/ug_parts.narc,/data/ug_parts.narc!/member_00030,0,/data/ug_parts.narc,224,30,,28468,29300,27488,28320,832,bc4f5cb1f12a9532f2c696ade7765bcd1bf64c46388d4fe9bdf7ab00fa1442d4,5247434efffe01014003000010000200,,NCGR graphics,Confirmed,True,False,,,,,,,,,,False,False
/data/ug_parts.narc,/data/ug_parts.narc!/member_00031,0,/data/ug_parts.narc,224,31,,29300,30132,28320,29152,832,f4d7079459a00c0fd2f993833e67182577c741135ab93d7929bcb1fd725061d8,5247434efffe01014003000010000200,,NCGR graphics,Confirmed,True,False,,,,,,,,,,False,False
/data/ug_parts.narc,/data/ug_parts.narc!/member_00032,0,/data/ug_parts.narc,224,32,,30132,30964,29152,29984,832,b531245b160c79201385eb2255c62119c8bd8b3b8e91baeddc8eb6727bb56ba2,5247434efffe01014003000010000200,,NCGR graphics,Confirmed,True,False,,,,,,,,,,False,False
/data/ug_parts.narc,/data/ug_parts.narc!/member_00033,0,/data/ug_parts.narc,224,33,,30964,31796,29984,30816,832,6c5914b756143282d79e19cc3effbc026e05033f485d9302eefba45008f19d00,5247434efffe01014003000010000200,,NCGR graphics,Confirmed,True,False,,,,,,,,,,False,False
/data/ug_parts.narc,/data/ug_parts.narc!/member_00034,0,/data/ug_parts.narc,224,34,,31796,32628,30816,31648,832,07bddc2effc43da97835f4a5d9e84c511658196ea83a977715d7798d8186b2a7,5247434efffe01014003000010000200,,NCGR graphics,Confirmed,True,False,,,,,,,,,,False,False
/data/ug_parts.narc,/data/ug_parts.narc!/member_00035,0,/data/ug_parts.narc,224,35,,32628,33460,31648,32480,832,b6b71ce5188aa2a931a749ecbbfc2e0ccae7ff00d4cc92627407a5b276587427,5247434efffe01014003000010000200,,NCGR graphics,Confirmed,True,False,,,,,,,,,,False,False
/data/ug_parts.narc,/data/ug_parts.narc!/member_00036,0,/data/ug_parts.narc,224,36,,33460,34292,32480,33312,832,a05f378bc3964f13ae0e01c721f85faae10189cbdb1ada92b72c849a76e40c3b,5247434efffe01014003000010000200,,NCGR graphics,Confirmed,True,False,,,,,,,,,,False,False
/data/ug_parts.narc,/data/ug_parts.narc!/member_00037,0,/data/ug_parts.narc,224,37,,34292,35124,33312,34144,832,7e1ab4ff6dc1dbea4333ae9488c4b970e12dfd6900126b4ebf6b5f219c696bfe,5247434efffe01014003000010000200,,NCGR graphics,Confirmed,True,False,,,,,,,,,,False,False
/data/ug_parts.narc,/data/ug_parts.narc!/member_00038,0,/data/ug_parts.narc,224,38,,35124,36340,34144,35360,1216,d43788f7cd483e4c1c0fea487aaa69d5f164efaaf6c379dbb2d7c2f70c7dc914,5247434efffe0101c004000010000200,,NCGR graphics,Confirmed,True,False,,,,,,,,,,False,False
/data/ug_parts.narc,/data/ug_parts.narc!/member_00039,0,/data/ug_parts.narc,224,39,,36340,37428,35360,36448,1088,614a5b72bc860f27cde2921cce9368f3c7795f41ada2565bf12208cba30bf88a,5247434efffe01014004000010000200,,NCGR graphics,Confirmed,True,False,,,,,,,,,,False,False
/data/ug_parts.narc,/data/ug_parts.narc!/member_00040,0,/data/ug_parts.narc,224,40,,37428,38516,36448,37536,1088,c570839445f656b07d9c26b34eea8d2cddfc566cbae89977f33de8f0523988ec,5247434efffe01014004000010000200,,NCGR graphics,Confirmed,True,False,,,,,,,,,,False,False
/data/ug_parts.narc,/data/ug_parts.narc!/member_00041,0,/data/ug_parts.narc,224,41,,38516,40628,37536,39648,2112,3aac4af5157c2161260108ade9df373d9b1af7ac08f600367e9452ccdda64bc2,5247434efffe01014008000010000200,,NCGR graphics,Confirmed,True,False,,,,,,,,,,False,False
/data/ug_parts.narc,/data/ug_parts.narc!/member_00042,0,/data/ug_parts.narc,224,42,,40628,42740,39648,41760,2112,fb54ade4d51f2baeeeaefa8805a84e00a8cf98dc8e8fc90be95525873518a741,5247434efffe01014008000010000200,,NCGR graphics,Confirmed,True,False,,,,,,,,,,False,False
/data/ug_parts.narc,/data/ug_parts.narc!/member_00043,0,/data/ug_parts.narc,224,43,,42740,44852,41760,43872,2112,53a6dc8b9a8aa340850ed5b76da74659412652e41f4e2cd83f5b7923f1f7fafd,5247434efffe01014008000010000200,,NCGR graphics,Confirmed,True,False,,,,,,,,,,False,False
/data/ug_parts.narc,/data/ug_parts.narc!/member_00044,0,/data/ug_parts.narc,224,44,,44852,46964,43872,45984,2112,56aac68a039c9332125149c3e97a632eab165c28079905be3d42893158a709d7,5247434efffe01014008000010000200,,NCGR graphics,Confirmed,True,False,,,,,,,,,,False,False
/data/ug_parts.narc,/data/ug_parts.narc!/member_00045,0,/data/ug_parts.narc,224,45,,46964,48180,45984,47200,1216,87dbc0822b4bd02e7bc696caae7b5b466748c710b51f2b059d41e6fe7e933fa7,5247434efffe0101c004000010000200,,NCGR graphics,Confirmed,True,False,,,,,,,,,,False,False
/data/ug_parts.narc,/data/ug_parts.narc!/member_00046,0,/data/ug_parts.narc,224,46,,48180,48732,47200,47752,552,4dbc4c1592ded561797fee2b5683dda49b95085fb2c922f1927818f753db6cf5,524c434efffe00012802000010000100,,NCLR palette,Confirmed,True,False,,,,,,,,,,False,False
/data/ug_parts.narc,/data/ug_parts.narc!/member_00047,0,/data/ug_parts.narc,224,47,,48732,50844,47752,49864,2112,f8bc75e909b48ac35cef985ebb1d3df85d50d357c51072f75cb1ee78af96ca3b,5247434efffe01014008000010000200,,NCGR graphics,Confirmed,True,False,,,,,,,,,,False,False
/data/ug_parts.narc,/data/ug_parts.narc!/member_00048,0,/data/ug_parts.narc,224,48,,50844,51396,49864,50416,552,2d06e041c206e8035bd2994b3fa5fc0ac9c7461b9ebd8af723297efd222632d2,524c434efffe00012802000010000100,,NCLR palette,Confirmed,True,False,,,,,,,,,,False,False
/data/ug_parts.narc,/data/ug_parts.narc!/member_00049,0,/data/ug_parts.narc,224,49,,51396,51948,50416,50968,552,0a37369edf42bcd0cb56e6450b187841087394b71f22a04a4c240256dad372d1,524c434efffe00012802000010000100,,NCLR palette,Confirmed,True,False,,,,,,,,,,False,False
/data/ug_parts.narc,/data/ug_parts.narc!/member_00050,0,/data/ug_parts.narc,224,50,,51948,53036,50968,52056,1088,41738157e50b89f68cb7101ef5367a4a13a67e2757e9bdbad37944a447aae270,5247434efffe01014004000010000200,,NCGR graphics,Confirmed,True,False,,,,,,,,,,False,False
/data/ug_parts.narc,/data/ug_parts.narc!/member_00051,0,/data/ug_parts.narc,224,51,,53036,53588,52056,52608,552,447d7ac2eacde8a6fb8c8554dca280708d29aa7b61ad19b17d1e9648a7774404,524c434efffe00012802000010000100,,NCLR palette,Confirmed,True,False,,,,,,,,,,False,False
/data/ug_parts.narc,/data/ug_parts.narc!/member_00052,0,/data/ug_parts.narc,224,52,,53588,55700,52608,54720,2112,a2167a6af6384499d6cf4919457e6a3a80b916848e3066ba2bcddf196e755255,5247434efffe01014008000010000200,,NCGR graphics,Confirmed,True,False,,,,,,,,,,False,False
/data/ug_parts.narc,/data/ug_parts.narc!/member_00053,0,/data/ug_parts.narc,224,53,,55700,56252,54720,55272,552,83591dc8cb26fd7562442a317c234d0b369c2b04dff5093d4b00130d77a1fe19,524c434efffe00012802000010000100,,NCLR palette,Confirmed,True,False,,,,,,,,,,False,False
/data/ug_parts.narc,/data/ug_parts.narc!/member_00054,0,/data/ug_parts.narc,224,54,,56252,58364,55272,57384,2112,ec4a6e7ec36650cec741d0cebc1d7abc3d2e3582dbfd69c4c7a3badc91c67b86,5247434efffe01014008000010000200,,NCGR graphics,Confirmed,True,False,,,,,,,,,,False,False
/data/ug_parts.narc,/data/ug_parts.narc!/member_00055,0,/data/ug_parts.narc,224,55,,58364,58916,57384,57936,552,5abe7db141dec7623b0e12a264652b16e7cb574e599843dbb617dfa6911061fa,524c434efffe00012802000010000100,,NCLR palette,Confirmed,True,False,,,,,,,,,,False,False
/data/ug_parts.narc,/data/ug_parts.narc!/member_00056,0,/data/ug_parts.narc,224,56,,58916,60132,57936,59152,1216,5852e8633a36ebe4972e42eb98bd433c972b6a58e4f4cb817504c25ba1d224e4,5247434efffe0101c004000010000200,,NCGR graphics,Confirmed,True,False,,,,,,,,,,False,False
/data/ug_parts.narc,/data/ug_parts.narc!/member_00057,0,/data/ug_parts.narc,224,57,,60132,60708,59152,59728,576,cbc056d2b167c4ab351db81a2b8ff5487eceeb6b65ef2fd46a04ea01b498848d,5247434efffe01014002000010000200,,NCGR graphics,Confirmed,True,False,,,,,,,,,,False,False
/data/ug_parts.narc,/data/ug_parts.narc!/member_00058,0,/data/ug_parts.narc,224,58,,60708,63332,59728,62352,2624,547c82ab10a2f78f1b82dccecbf69ed4b54076dc52c0a0f0a4ec598fdc02f50e,5247434efffe0101400a000010000200,,NCGR graphics,Confirmed,True,False,,,,,,,,,,False,False
/data/ug_parts.narc,/data/ug_parts.narc!/member_00059,0,/data/ug_parts.narc,224,59,,63332,64548,62352,63568,1216,4b6e1277cff9d924431ad95784c0647df744d860f493a570f818fdf84e1ee683,5247434efffe0101c004000010000200,,NCGR graphics,Confirmed,True,False,,,,,,,,,,False,False
/data/ug_parts.narc,/data/ug_parts.narc!/member_00060,0,/data/ug_parts.narc,224,60,,64548,65100,63568,64120,552,1591cb4fc95fce8b2dd5236c20ccfd575f5f8899869b7f4face07b26180e40b9,524c434efffe00012802000010000100,,NCLR palette,Confirmed,True,False,,,,,,,,,,False,False
/data/ug_parts.narc,/data/ug_parts.narc!/member_00061,0,/data/ug_parts.narc,224,61,,65100,65652,64120,64672,552,c65370736eb1a5884acffc546039c9b04d03af2fd8645268ae5df5bbb40f8e76,524c434efffe00012802000010000100,,NCLR palette,Confirmed,True,False,,,,,,,,,,False,False
/data/ug_parts.narc,/data/ug_parts.narc!/member_00062,0,/data/ug_parts.narc,224,62,,65652,66868,64672,65888,1216,b62f60f5f4c90bf00ce9726efc7dbe5d4849932b5800ba81a1e920c796df1947,5247434efffe0101c004000010000200,,NCGR graphics,Confirmed,True,False,,,,,,,,,,False,False
/data/ug_parts.narc,/data/ug_parts.narc!/member_00063,0,/data/ug_parts.narc,224,63,,66868,67444,65888,66464,576,538fb80e199e7e93e0b1cdf0d708374f56ee8246bfdc0de0f6dc7b88d1bac365,5247434efffe01014002000010000200,,NCGR graphics,Confirmed,True,False,,,,,,,,,,False,False
/data/ug_parts.narc,/data/ug_parts.narc!/member_00064,0,/data/ug_parts.narc,224,64,,67444,68660,66464,67680,1216,57af9144500888a438969d9fa5a6c1ad179f3702b3986ca5e2b52dadbc161137,5247434efffe0101c004000010000200,,NCGR graphics,Confirmed,True,False,,,,,,,,,,False,False
/data/ug_parts.narc,/data/ug_parts.narc!/member_00065,0,/data/ug_parts.narc,224,65,,68660,69212,67680,68232,552,3b04a5848401843ef5262c76e2ba85edf2b05a417d161d8a65f11091c0fee0ca,524c434efffe00012802000010000100,,NCLR palette,Confirmed,True,False,,,,,,,,,,False,False
/data/ug_parts.narc,/data/ug_parts.narc!/member_00066,0,/data/ug_parts.narc,224,66,,69212,70300,68232,69320,1088,ac7bfe30b9c1580d533f443d9d6de15f7e5a53c637dfd49d5fc84685d046130a,5247434efffe01014004000010000200,,NCGR graphics,Confirmed,True,False,,,,,,,,,,False,False
/data/ug_parts.narc,/data/ug_parts.narc!/member_00067,0,/data/ug_parts.narc,224,67,,70300,70852,69320,69872,552,a03db823bc2d5bcc209167ce024400d3cdc53ecaf64ccc12171bd20f5c12884c,524c434efffe00012802000010000100,,NCLR palette,Confirmed,True,False,,,,,,,,,,False,False
/data/ug_parts.narc,/data/ug_parts.narc!/member_00068,0,/data/ug_parts.narc,224,68,,70852,71940,69872,70960,1088,321b439d4a26731e08c00eedaa25e5e5ffff2b17f9ac9f80ef8dcc69b8ed3b9e,5247434efffe01014004000010000200,,NCGR graphics,Confirmed,True,False,,,,,,,,,,False,False
/data/ug_parts.narc,/data/ug_parts.narc!/member_00069,0,/data/ug_parts.narc,224,69,,71940,75204,70960,74224,3264,fac83ebc0ece1b1161acc9705d79d70002a00aa5778cdfb03628f40c12733887,5247434efffe0101c00c000010000200,,NCGR graphics,Confirmed,True,False,,,,,,,,,,False,False
/data/ug_parts.narc,/data/ug_parts.narc!/member_00070,0,/data/ug_parts.narc,224,70,,75204,78468,74224,77488,3264,978c71b40cfa70df4e2f053341e4be2a6a2a2e5273f6a999d4f2fc947f635a19,5247434efffe0101c00c000010000200,,NCGR graphics,Confirmed,True,False,,,,,,,,,,False,False
/data/ug_parts.narc,/data/ug_parts.narc!/member_00071,0,/data/ug_parts.narc,224,71,,78468,81732,77488,80752,3264,1cd2c57a1afa15ecdef0470a61aa1a4a3274cb607f5ead5bac6e9e7426a2da52,5247434efffe0101c00c000010000200,,NCGR graphics,Confirmed,True,False,,,,,,,,,,False,False
/data/ug_parts.narc,/data/ug_parts.narc!/member_00072,0,/data/ug_parts.narc,224,72,,81732,84996,80752,84016,3264,3ed0495431e6d98f4f795521d10b5be68a7c290d4a194588c7d5004ab1d43c39,5247434efffe0101c00c000010000200,,NCGR graphics,Confirmed,True,False,,,,,,,,,,False,False
/data/ug_parts.narc,/data/ug_parts.narc!/member_00073,0,/data/ug_parts.narc,224,73,,84996,87108,84016,86128,2112,d668902fc5d10e2bc56902108f4d1b2bd277367db080ca04c4641c066c4ef4e7,5247434efffe01014008000010000200,,NCGR graphics,Confirmed,True,False,,,,,,,,,,False,False
/data/ug_parts.narc,/data/ug_parts.narc!/member_00074,0,/data/ug_parts.narc,224,74,,87108,87660,86128,86680,552,d2e0c3715a89186e5e5c1eb9defc9fc1ce1411206be2d227745172729ce5af65,524c434efffe00012802000010000100,,NCLR palette,Confirmed,True,False,,,,,,,,,,False,False
/data/ug_parts.narc,/data/ug_parts.narc!/member_00075,0,/data/ug_parts.narc,224,75,,87660,88876,86680,87896,1216,cce6af3f4edafef833c190ba5f8c5220eafa0b4f91ba133d030a94ac09936bde,5247434efffe0101c004000010000200,,NCGR graphics,Confirmed,True,False,,,,,,,,,,False,False
/data/ug_parts.narc,/data/ug_parts.narc!/member_00076,0,/data/ug_parts.narc,224,76,,88876,89428,87896,88448,552,0482a06ed45fbdfbd17470e297c47fc39b1d67edb9be5c5c466cd232d26046b2,524c434efffe00012802000010000100,,NCLR palette,Confirmed,True,False,,,,,,,,,,False,False
/data/ug_parts.narc,/data/ug_parts.narc!/member_00077,0,/data/ug_parts.narc,224,77,,89428,89980,88448,89000,552,b77e9598ab284ab0cdc8dcadae3648af81e59ec2f29c3688cb1e74da24b3dfa0,524c434efffe00012802000010000100,,NCLR palette,Confirmed,True,False,,,,,,,,,,False,False
/data/ug_parts.narc,/data/ug_parts.narc!/member_00078,0,/data/ug_parts.narc,224,78,,89980,90532,89000,89552,552,0b9bc076d33bd7f2de42b9e0b993d084cfa3fee2538005e910f477efa8151961,524c434efffe00012802000010000100,,NCLR palette,Confirmed,True,False,,,,,,,,,,False,False
/data/ug_parts.narc,/data/ug_parts.narc!/member_00079,0,/data/ug_parts.narc,224,79,,90532,91084,89552,90104,552,25b5493c2a692ea011eaca13665006da1117193d6935265296c0911842f9cf1f,524c434efffe00012802000010000100,,NCLR palette,Confirmed,True,False,,,,,,,,,,False,False
/data/ug_parts.narc,/data/ug_parts.narc!/member_00080,0,/data/ug_parts.narc,224,80,,91084,91636,90104,90656,552,958f942967e8c6428a16fe829474e8a57afc940d0bb406a6a8b0293af1029cc8,524c434efffe00012802000010000100,,NCLR palette,Confirmed,True,False,,,,,,,,,,False,False
/data/ug_parts.narc,/data/ug_parts.narc!/member_00081,0,/data/ug_parts.narc,224,81,,91636,93236,90656,92256,1600,7d783900adc39db6c3dd6c6f9fffdc683b8a73975018623885f8d522d5d9a533,5247434efffe01014006000010000200,,NCGR graphics,Confirmed,True,False,,,,,,,,,,False,False
/data/ug_parts.narc,/data/ug_parts.narc!/member_00082,0,/data/ug_parts.narc,224,82,,93236,93788,92256,92808,552,964006d863ec3ecfc9984566f853daf6cedea43053eef7c29dd1fdc7cb6dce8c,524c434efffe00012802000010000100,,NCLR palette,Confirmed,True,False,,,,,,,,,,False,False
/data/ug_parts.narc,/data/ug_parts.narc!/member_00083,0,/data/ug_parts.narc,224,83,,93788,94340,92808,93360,552,22dfa9f733b7c7de43622e59df06d717daec9218102df42a7bf6a93c35296499,524c434efffe00012802000010000100,,NCLR palette,Confirmed,True,False,,,,,,,,,,False,False
/data/ug_parts.narc,/data/ug_parts.narc!/member_00084,0,/data/ug_parts.narc,224,84,,94340,94892,93360,93912,552,12ef5066c64857ed8d15b1e10dc49f84ee6f2d9e7f7ca3a26072318c5e27fd53,524c434efffe00012802000010000100,,NCLR palette,Confirmed,True,False,,,,,,,,,,False,False
/data/ug_parts.narc,/data/ug_parts.narc!/member_00085,0,/data/ug_parts.narc,224,85,,94892,95444,93912,94464,552,76e1640e068412e0087dfd16a5aa39623fd7d15fcb95634330ddd4c2874c20c5,524c434efffe00012802000010000100,,NCLR palette,Confirmed,True,False,,,,,,,,,,False,False
/data/ug_parts.narc,/data/ug_parts.narc!/member_00086,0,/data/ug_parts.narc,224,86,,95444,97044,94464,96064,1600,d41bd19fd50465a1f72e5a60017cd9434142ee90855dfff2bd4761cef57e9fb2,5247434efffe01014006000010000200,,NCGR graphics,Confirmed,True,False,,,,,,,,,,False,False
/data/ug_parts.narc,/data/ug_parts.narc!/member_00087,0,/data/ug_parts.narc,224,87,,97044,97596,96064,96616,552,b1bb35b0f4d77e17a81b3b0a458f3c79c1a7afffd378b65d3e83a08f0daad7d1,524c434efffe00012802000010000100,,NCLR palette,Confirmed,True,False,,,,,,,,,,False,False
/data/ug_parts.narc,/data/ug_parts.narc!/member_00088,0,/data/ug_parts.narc,224,88,,97596,98812,96616,97832,1216,10296a5088d0f2ebf71d460299dc886b19339b5fb29b15d04afd50c683d1e5ba,5247434efffe0101c004000010000200,,NCGR graphics,Confirmed,True,False,,,,,,,,,,False,False
/data/ug_parts.narc,/data/ug_parts.narc!/member_00089,0,/data/ug_parts.narc,224,89,,98812,99364,97832,98384,552,71de21712b73eeae145e2fef959e2897a7c29e3de4c3aca13a7cac8f0affc1f8,524c434efffe00012802000010000100,,NCLR palette,Confirmed,True,False,,,,,,,,,,False,False
/data/ug_parts.narc,/data/ug_parts.narc!/member_00090,0,/data/ug_parts.narc,224,90,,99364,99916,98384,98936,552,e4fcf71350c701588632c847d11e63f2ad31c6d6081029f2e34748c5f72e7a72,524c434efffe00012802000010000100,,NCLR palette,Confirmed,True,False,,,,,,,,,,False,False
/data/ug_parts.narc,/data/ug_parts.narc!/member_00091,0,/data/ug_parts.narc,224,91,,99916,100468,98936,99488,552,26b0399c630cf581422defa32a32cfce3f0cfd51ef21fce51d7d10cc185b2a6b,524c434efffe00012802000010000100,,NCLR palette,Confirmed,True,False,,,,,,,,,,False,False
/data/ug_parts.narc,/data/ug_parts.narc!/member_00092,0,/data/ug_parts.narc,224,92,,100468,101020,99488,100040,552,5cf91d2a792c581dfa4e2ad7004e5302a90619ec67925141a5db5891e0e363d6,524c434efffe00012802000010000100,,NCLR palette,Confirmed,True,False,,,,,,,,,,False,False
/data/ug_parts.narc,/data/ug_parts.narc!/member_00093,0,/data/ug_parts.narc,224,93,,101020,101572,100040,100592,552,50cf06e5de06c3e97645b08b999df3f2c1a20b9a1ffb9f71d31d2473c08c8c0c,524c434efffe00012802000010000100,,NCLR palette,Confirmed,True,False,,,,,,,,,,False,False
/data/ug_parts.narc,/data/ug_parts.narc!/member_00094,0,/data/ug_parts.narc,224,94,,101572,102124,100592,101144,552,7239fa47182fa95aa160013aa6704644a0d5a9e67d41210f6c837667a0f1d77f,524c434efffe00012802000010000100,,NCLR palette,Confirmed,True,False,,,,,,,,,,False,False
/data/ug_parts.narc,/data/ug_parts.narc!/member_00095,0,/data/ug_parts.narc,224,95,,102124,103724,101144,102744,1600,00abbea1fc0ed811d0bb0a0e523c1504bff22e2db026548953f778e0c41e9844,5247434efffe01014006000010000200,,NCGR graphics,Confirmed,True,False,,,,,,,,,,False,False
/data/ug_parts.narc,/data/ug_parts.narc!/member_00096,0,/data/ug_parts.narc,224,96,,103724,105324,102744,104344,1600,6f6499fc942a05d0ef2bd333bf29801d71823a44dc45c5e15e0204c71d53cc42,5247434efffe01014006000010000200,,NCGR graphics,Confirmed,True,False,,,,,,,,,,False,False
/data/ug_parts.narc,/data/ug_parts.narc!/member_00097,0,/data/ug_parts.narc,224,97,,105324,105876,104344,104896,552,d2cc3f33126abf7960c16efd78ed955a88653d9f1f0916c9feba1eefc1f4ae04,524c434efffe00012802000010000100,,NCLR palette,Confirmed,True,False,,,,,,,,,,False,False
/data/ug_parts.narc,/data/ug_parts.narc!/member_00098,0,/data/ug_parts.narc,224,98,,105876,107476,104896,106496,1600,05dc0f19e1ac5deb9818a63d4931841cfd1e12ceb08b6b29a76a1bea1266c007,5247434efffe01014006000010000200,,NCGR graphics,Confirmed,True,False,,,,,,,,,,False,False
/data/ug_parts.narc,/data/ug_parts.narc!/member_00099,0,/data/ug_parts.narc,224,99,,107476,109588,106496,108608,2112,acb7c1777cd07380d058f22470cf1ca776f35c1462a3c1c2223aa41c27dd09e9,5247434efffe01014008000010000200,,NCGR graphics,Confirmed,True,False,,,,,,,,,,False,False
/data/ug_parts.narc,/data/ug_parts.narc!/member_00100,0,/data/ug_parts.narc,224,100,,109588,110140,108608,109160,552,c5b24584a1e91b4112469262d1d65c54ac566681869f1437664db2e5946f3fbf,524c434efffe00012802000010000100,,NCLR palette,Confirmed,True,False,,,,,,,,,,False,False
/data/ug_parts.narc,/data/ug_parts.narc!/member_00101,0,/data/ug_parts.narc,224,101,,110140,110692,109160,109712,552,2e1ae0a94f8bb3f883f087958d9d7cf0690ec2b00a269f27d58198443c36be5b,524c434efffe00012802000010000100,,NCLR palette,Confirmed,True,False,,,,,,,,,,False,False
/data/ug_parts.narc,/data/ug_parts.narc!/member_00102,0,/data/ug_parts.narc,224,102,,110692,111908,109712,110928,1216,3d9f78be2f559dc0b2d362bdc42e692c1ba9513f73218eb8c0939942133e405e,5247434efffe0101c004000010000200,,NCGR graphics,Confirmed,True,False,,,,,,,,,,False,False
/data/ug_parts.narc,/data/ug_parts.narc!/member_00103,0,/data/ug_parts.narc,224,103,,111908,112484,110928,111504,576,c8fdd3d26125565241a4b158338b51691fd994bc38bb95086eb4d83054fd7cdd,5247434efffe01014002000010000200,,NCGR graphics,Confirmed,True,False,,,,,,,,,,False,False
/data/ug_parts.narc,/data/ug_parts.narc!/member_00104,0,/data/ug_parts.narc,224,104,,112484,113700,111504,112720,1216,fe4890d19b4be6a6db5b61346ecd8e780be1bdb59d504d5f60517194e275b38d,5247434efffe0101c004000010000200,,NCGR graphics,Confirmed,True,False,,,,,,,,,,False,False
/data/ug_parts.narc,/data/ug_parts.narc!/member_00105,0,/data/ug_parts.narc,224,105,,113700,114252,112720,113272,552,19b3eef5389768300a4ab76c2b1a16ca2ee4f15456c33434de5b6cea994c35e7,524c434efffe00012802000010000100,,NCLR palette,Confirmed,True,False,,,,,,,,,,False,False
/data/ug_parts.narc,/data/ug_parts.narc!/member_00106,0,/data/ug_parts.narc,224,106,,114252,115468,113272,114488,1216,673ee0e9cf47bfd9badba76d0e4807116736a9ee0246ef736fff0919adc64048,5247434efffe0101c004000010000200,,NCGR graphics,Confirmed,True,False,,,,,,,,,,False,False
/data/ug_parts.narc,/data/ug_parts.narc!/member_00107,0,/data/ug_parts.narc,224,107,,115468,116020,114488,115040,552,3457460fe01e7567b9e6eb8fa178e506c08d7e1eeb74aa492e1aa426fffdb5bf,524c434efffe00012802000010000100,,NCLR palette,Confirmed,True,False,,,,,,,,,,False,False
/data/ug_parts.narc,/data/ug_parts.narc!/member_00108,0,/data/ug_parts.narc,224,108,,116020,118644,115040,117664,2624,bd440e0cb494759be7d240b621bf3c89c2f6fe336e6f93d44653cbd4095943bb,5247434efffe0101400a000010000200,,NCGR graphics,Confirmed,True,False,,,,,,,,,,False,False
/data/ug_parts.narc,/data/ug_parts.narc!/member_00109,0,/data/ug_parts.narc,224,109,,118644,121268,117664,120288,2624,2453a3a9ffb9fc5a25b4f30d1e1878fb543a2de19ec21be9f19a8257fcb67f8c,5247434efffe0101400a000010000200,,NCGR graphics,Confirmed,True,False,,,,,,,,,,False,False
/data/ug_parts.narc,/data/ug_parts.narc!/member_00110,0,/data/ug_parts.narc,224,110,,121268,123892,120288,122912,2624,670b05cb825de0fe81b91e6f767df3f89dae436cb8ff5abdfe1aacee16ad74f8,5247434efffe0101400a000010000200,,NCGR graphics,Confirmed,True,False,,,,,,,,,,False,False
/data/ug_parts.narc,/data/ug_parts.narc!/member_00111,0,/data/ug_parts.narc,224,111,,123892,126516,122912,125536,2624,ab8e38b11f27db8cb99f630da0f47c5e3f97f945d2f485b118a3966e2167d8b6,5247434efffe0101400a000010000200,,NCGR graphics,Confirmed,True,False,,,,,,,,,,False,False
/data/ug_parts.narc,/data/ug_parts.narc!/member_00112,0,/data/ug_parts.narc,224,112,,126516,129140,125536,128160,2624,8641afcfc2ee1c6f28326fabc835bce929c386aa5943b86d5c91a10e51a2efed,5247434efffe0101400a000010000200,,NCGR graphics,Confirmed,True,False,,,,,,,,,,False,False
/data/ug_parts.narc,/data/ug_parts.narc!/member_00113,0,/data/ug_parts.narc,224,113,,129140,130356,128160,129376,1216,43fc20fca9b0374e0d7fa2d806a0a4ace412da58e40474b0cf6ff05048a49ad4,5247434efffe0101c004000010000200,,NCGR graphics,Confirmed,True,False,,,,,,,,,,False,False
/data/ug_parts.narc,/data/ug_parts.narc!/member_00114,0,/data/ug_parts.narc,224,114,,130356,130908,129376,129928,552,87bb86c8176d9ae27df9d5b3f6b4d07128879572a1de3a833ccb9f0dd1716a93,524c434efffe00012802000010000100,,NCLR palette,Confirmed,True,False,,,,,,,,,,False,False
/data/ug_parts.narc,/data/ug_parts.narc!/member_00115,0,/data/ug_parts.narc,224,115,,130908,133020,129928,132040,2112,a7c54b8dcefcde6f5fb48d3b82c01de11825361da107f484d24bac40733a9567,5247434efffe01014008000010000200,,NCGR graphics,Confirmed,True,False,,,,,,,,,,False,False
/data/ug_radar.narc,/data/ug_radar.narc!/member_00000,0,/data/ug_radar.narc,225,0,,108,660,0,552,552,9c627b9628b95a6b1390b8b500f93425068eb862f406c3f6df92a5d1141b7e22,524c434efffe00012802000010000100,,NCLR palette,Confirmed,True,False,,,,,,,,,,False,False
/data/ug_radar.narc,/data/ug_radar.narc!/member_00001,0,/data/ug_radar.narc,225,1,,660,1212,552,1104,552,979784c77d9359ecbdad523ff2946ae80801cb146db92212f96e2e47dafae38b,524c434efffe00012802000010000100,,NCLR palette,Confirmed,True,False,,,,,,,,,,False,False
/data/ug_radar.narc,/data/ug_radar.narc!/member_00002,0,/data/ug_radar.narc,225,2,,1212,10492,1104,10384,9280,6388df0388a5a929d9ab0d56aea692cd0b75a4e8002e6285d84137c9b38327a3,5247434efffe01014024000010000200,,NCGR graphics,Confirmed,True,False,,,,,,,,,,False,False
/data/ug_radar.narc,/data/ug_radar.narc!/member_00003,0,/data/ug_radar.narc,225,3,,10492,11820,10384,11712,1328,fe5c537d2f6d49d536406191d239d3850cbace1c1ccae31ede92f7bc8bd3c731,5247434efffe01013005000010000100,,NCGR graphics,Confirmed,True,False,,,,,,,,,,False,False
/data/ug_radar.narc,/data/ug_radar.narc!/member_00004,0,/data/ug_radar.narc,225,4,,11820,13904,11712,13796,2084,b11342b4b4fc987d76c00f61978d4c0fddeaab2fc68c7b72d21fdf09ebcc689d,5243534efffe00012408000010000100,,NSCR screen map,Confirmed,True,False,,,,,,,,,,False,False
/data/ug_radar.narc,/data/ug_radar.narc!/member_00005,0,/data/ug_radar.narc,225,5,,13904,14202,13796,14094,298,b1108e94e33881d401b2b3f62ae743fe2a60792e0336510832b5c59e2dc0493a,5245434efffe00012a01000010000300,,NCER cell,Confirmed,True,False,,,,,,,,,,False,False
/data/ug_radar.narc,/data/ug_radar.narc!/member_00006,0,/data/ug_radar.narc,225,6,,14204,14438,14096,14330,234,f0283992addad72ff8e767968519190c0dafb29fae423408a8d14cabdcd1f90e,524e414efffe0001ea00000010000300,,NANR animation,Confirmed,True,False,,,,,,,,,,False,False
/data/ug_trap.narc,/data/ug_trap.narc!/member_00000,0,/data/ug_trap.narc,226,0,,476,587,0,111,111,c9d4fc31b494d129bb71564af96db89275d518a772dd6021715d99b0626c94d9,524e414efffe00016f00000010000300,,NANR animation,Confirmed,True,False,,,,,,,,,,False,False
/data/ug_trap.narc,/data/ug_trap.narc!/member_00001,0,/data/ug_trap.narc,226,1,,588,715,112,239,127,915ffd6a9cebb20653802842fb9942d8a921d2b1dc75062232b3c838c8b1d3bb,5245434efffe00017f00000010000300,,NCER cell,Confirmed,True,False,,,,,,,,,,False,False
/data/ug_trap.narc,/data/ug_trap.narc!/member_00002,0,/data/ug_trap.narc,226,2,,716,1148,240,672,432,b2c99b846de030a59d3ef2e4adc0b4b534fb06cc9a934f47457dab6dbc77cc14,5247434efffe0101b001000010000100,,NCGR graphics,Confirmed,True,False,,,,,,,,,,False,False
/data/ug_trap.narc,/data/ug_trap.narc!/member_00003,0,/data/ug_trap.narc,226,3,,1148,1700,672,1224,552,fe6c3eb218cb7ba5ced80f8e6dbb1676aa25e6fe080fa05dcbc3e5d5befd7c74,524c434efffe00012802000010000100,,NCLR palette,Confirmed,True,False,,,,,,,,,,False,False
/data/ug_trap.narc,/data/ug_trap.narc!/member_00004,0,/data/ug_trap.narc,226,4,,1700,2050,1224,1574,350,682ecdd736d185bcd231b9bdbad94f857b5e2dcc44176f8a3d25809a0a03a220,524e414efffe00015e01000010000300,,NANR animation,Confirmed,True,False,,,,,,,,,,False,False
/data/ug_trap.narc,/data/ug_trap.narc!/member_00005,0,/data/ug_trap.narc,226,5,,2052,2354,1576,1878,302,d16e6e6713b7d3294902d941e3aaf0f466f56bb7be5aeb197559e97182861257,5245434efffe00012e01000010000300,,NCER cell,Confirmed,True,False,,,,,,,,,,False,False
/data/ug_trap.narc,/data/ug_trap.narc!/member_00006,0,/data/ug_trap.narc,226,6,,2356,10980,1880,10504,8624,4fc62471a932ef057f33320a4404bf8f27f6abbf59b654eb94ae86a28282dc55,5247434efffe0101b021000010000100,,NCGR graphics,Confirmed,True,False,,,,,,,,,,False,False
/data/ug_trap.narc,/data/ug_trap.narc!/member_00007,0,/data/ug_trap.narc,226,7,,10980,11532,10504,11056,552,2c46a659b63e25781339566d4ec962aa90253118e1276ee588f47c354a78c89f,524c434efffe00012802000010000100,,NCLR palette,Confirmed,True,False,,,,,,,,,,False,False
/data/ug_trap.narc,/data/ug_trap.narc!/member_00008,0,/data/ug_trap.narc,226,8,,11532,13104,11056,12628,1572,268d3202ec18da7c381ef47acc9214061e3705d8b7b750a612e4a445f9456705,5243534efffe00012406000010000100,,NSCR screen map,Confirmed,True,False,,,,,,,,,,False,False
/data/ug_trap.narc,/data/ug_trap.narc!/member_00009,0,/data/ug_trap.narc,226,9,,13104,45936,12628,45460,32832,271ab3099163a6c6632b50273adf35eed97a723638736dc42c292ce8fa6871ed,5247434efffe01014080000010000200,,NCGR graphics,Confirmed,True,False,,,,,,,,,,False,False
/data/ug_trap.narc,/data/ug_trap.narc!/member_00010,0,/data/ug_trap.narc,226,10,,45936,46488,45460,46012,552,edef1625330d2edbb77b30fcab9bfe01b66e12563dc3c2cfa87cef833e352c16,524c434efffe00012802000010000100,,NCLR palette,Confirmed,True,False,,,,,,,,,,False,False
/data/ug_trap.narc,/data/ug_trap.narc!/member_00011,0,/data/ug_trap.narc,226,11,,46488,48572,46012,48096,2084,d23c00abfd25d8b2f17b941f5e5a66d6f87aecb2ad15571926672f6f15007d22,5243534efffe00012408000010000100,,NSCR screen map,Confirmed,True,False,,,,,,,,,,False,False
/data/ug_trap.narc,/data/ug_trap.narc!/member_00012,0,/data/ug_trap.narc,226,12,,48572,50144,48096,49668,1572,459cd5fd1c3ae85d4e10ba7d8bf06d47191b5e9ffc6b220080f733d0a9d57b05,5243534efffe00012406000010000100,,NSCR screen map,Confirmed,True,False,,,,,,,,,,False,False
/data/ug_trap.narc,/data/ug_trap.narc!/member_00013,0,/data/ug_trap.narc,226,13,,50144,51716,49668,51240,1572,cc3e7ca12d53e61fb9dfd9caca77723a199917db94a6830dd482a429ae6b9d65,5243534efffe00012406000010000100,,NSCR screen map,Confirmed,True,False,,,,,,,,,,False,False
/data/ug_trap.narc,/data/ug_trap.narc!/member_00014,0,/data/ug_trap.narc,226,14,,51716,53288,51240,52812,1572,95ce39a3ee476ab44d12e1f9e79c3dc1be07e6cc461087048842e7b6b18f8f2f,5243534efffe00012406000010000100,,NSCR screen map,Confirmed,True,False,,,,,,,,,,False,False
/data/ug_trap.narc,/data/ug_trap.narc!/member_00015,0,/data/ug_trap.narc,226,15,,53288,53525,52812,53049,237,a94b9d5d50eb1f6b8b360378416d2e3b0d0a46c73c7f72b21cde0d1277e374d0,524e414efffe0001ed00000010000300,,NANR animation,Confirmed,True,False,,,,,,,,,,False,False
/data/ug_trap.narc,/data/ug_trap.narc!/member_00016,0,/data/ug_trap.narc,226,16,,53528,53741,53052,53265,213,974fd807f37b41cbcf9852fa4f538f67366f0b9ae331a57affa76431a0131798,5245434efffe0001d500000010000300,,NCER cell,Confirmed,True,False,,,,,,,,,,False,False
/data/ug_trap.narc,/data/ug_trap.narc!/member_00017,0,/data/ug_trap.narc,226,17,,53744,56032,53268,55556,2288,3af2b108dfcab228b33b6e3dbc92b46c5a4e7fe9759b9b5015d04b3cd448cc6a,5247434efffe0101f008000010000100,,NCGR graphics,Confirmed,True,False,,,,,,,,,,False,False
/data/ug_trap.narc,/data/ug_trap.narc!/member_00018,0,/data/ug_trap.narc,226,18,,56032,56584,55556,56108,552,8a0d3843fbd0ca3170581739006cac6bb8c49364b13cb132b1aedbd79121bb25,524c434efffe00012802000010000100,,NCLR palette,Confirmed,True,False,,,,,,,,,,False,False
/data/ug_trap.narc,/data/ug_trap.narc!/member_00019,0,/data/ug_trap.narc,226,19,,56584,57136,56108,56660,552,0b31d909994bd401744668242f4af643b80d970a1057ecc2051bccbca33819e2,524c434efffe00012802000010000100,,NCLR palette,Confirmed,True,False,,,,,,,,,,False,False
/data/ug_trap.narc,/data/ug_trap.narc!/member_00020,0,/data/ug_trap.narc,226,20,,57136,57330,56660,56854,194,b72abf03058e1f5c6971663c0159d1bb36c4d10fd7d2f5832d86276c34b35db4,524e414efffe0001c200000010000300,,NANR animation,Confirmed,True,False,,,,,,,,,,False,False
/data/ug_trap.narc,/data/ug_trap.narc!/member_00021,0,/data/ug_trap.narc,226,21,,57332,57514,56856,57038,182,871562304bc965edb364033a165aafb8edb37d7225f2462076bf8f1a4f7e2ff3,5245434efffe0001b600000010000300,,NCER cell,Confirmed,True,False,,,,,,,,,,False,False
/data/ug_trap.narc,/data/ug_trap.narc!/member_00022,0,/data/ug_trap.narc,226,22,,57516,69852,57040,69376,12336,fe3fbf293098edbfaf126faaf489c43ada1f8efa5aed29f5f3d28ef736441520,5247434efffe01013030000010000100,,NCGR graphics,Confirmed,True,False,,,,,,,,,,False,False
/data/ug_trap.narc,/data/ug_trap.narc!/member_00023,0,/data/ug_trap.narc,226,23,,69852,70046,69376,69570,194,b72abf03058e1f5c6971663c0159d1bb36c4d10fd7d2f5832d86276c34b35db4,524e414efffe0001c200000010000300,,NANR animation,Confirmed,True,False,,,,,,,,,,False,False
/data/ug_trap.narc,/data/ug_trap.narc!/member_00024,0,/data/ug_trap.narc,226,24,,70048,70230,69572,69754,182,1b85261e11624e62367a67454168d3395f39788fb5786e981bd1db9c2a8038cc,5245434efffe0001b600000010000300,,NCER cell,Confirmed,True,False,,,,,,,,,,False,False
/data/ug_trap.narc,/data/ug_trap.narc!/member_00025,0,/data/ug_trap.narc,226,25,,70232,73352,69756,72876,3120,2e2c33a6903f4a6dde67ed9083ee7f8e190552bb0d7cbd3198acd6a1d15fe0bb,5247434efffe0101300c000010000100,,NCGR graphics,Confirmed,True,False,,,,,,,,,,False,False
/data/ug_trap.narc,/data/ug_trap.narc!/member_00026,0,/data/ug_trap.narc,226,26,,73352,73463,72876,72987,111,30249884bd91f10bc9d4e13e7b1495f09991b6f488405a0cdbb61cfb402d10ca,524e414efffe00016f00000010000300,,NANR animation,Confirmed,True,False,,,,,,,,,,False,False
/data/ug_trap.narc,/data/ug_trap.narc!/member_00027,0,/data/ug_trap.narc,226,27,,73464,73563,72988,73087,99,53e6a0070238fcca769f960c10153c28fdb7c70ed68f0714865550c6edda3af6,5245434efffe00016300000010000300,,NCER cell,Confirmed,True,False,,,,,,,,,,False,False
/data/ug_trap.narc,/data/ug_trap.narc!/member_00028,0,/data/ug_trap.narc,226,28,,73564,73740,73088,73264,176,e2175bb8d6a394101fb15833dd3718ff2a60af6b14eacf30b9abbb2f04c435c5,5247434efffe0101b000000010000100,,NCGR graphics,Confirmed,True,False,,,,,,,,,,False,False
/data/ug_trap.narc,/data/ug_trap.narc!/member_00029,0,/data/ug_trap.narc,226,29,,73740,74292,73264,73816,552,0f7e770bc6212451542ca3e8887fa0c9ec03d36f811fa8c459046a19b602ff79,524c434efffe00012802000010000100,,NCLR palette,Confirmed,True,False,,,,,,,,,,False,False
/data/ug_trap.narc,/data/ug_trap.narc!/member_00030,0,/data/ug_trap.narc,226,30,,74292,74931,73816,74455,639,2c5f1624469a868da7d6133fb4e5be98df99adaf11869fcf206552033954b216,524e414efffe00017f02000010000300,,NANR animation,Confirmed,True,False,,,,,,,,,,False,False
/data/ug_trap.narc,/data/ug_trap.narc!/member_00031,0,/data/ug_trap.narc,226,31,,74932,76563,74456,76087,1631,722768c0ec232e002f8fbd49e74fd749e2c89b359ef33175813d0c7f77120db4,5245434efffe00015f06000010000300,,NCER cell,Confirmed,True,False,,,,,,,,,,False,False
/data/ug_trap.narc,/data/ug_trap.narc!/member_00032,0,/data/ug_trap.narc,226,32,,76564,81380,76088,80904,4816,a385d1c4a74e772cfca26d12fe4ff9565f02daced3a919e758742e8fe677efa8,5247434efffe0101d012000010000100,,NCGR graphics,Confirmed,True,False,,,,,,,,,,False,False
/data/ug_trap.narc,/data/ug_trap.narc!/member_00033,0,/data/ug_trap.narc,226,33,,81380,81620,80904,81144,240,2e7ff85f6b834e300940a7cabad31399c4804b33c0a96bb07787043cbbd857ab,524e414efffe0001f000000010000300,,NANR animation,Confirmed,True,False,,,,,,,,,,False,False
/data/ug_trap.narc,/data/ug_trap.narc!/member_00034,0,/data/ug_trap.narc,226,34,,81620,83112,81144,82636,1492,f98a0c6b2ad1cb56a62be3a5448cd934d5c294eb504aa399754d14030df3fb7b,5245434efffe0001d405000010000300,,NCER cell,Confirmed,True,False,,,,,,,,,,False,False
/data/ug_trap.narc,/data/ug_trap.narc!/member_00035,0,/data/ug_trap.narc,226,35,,83112,87928,82636,87452,4816,598ca478523ddd02021c86c7e6d022251aeb30beb99cd93c183193a31832f0bc,5247434efffe0101d012000010000100,,NCGR graphics,Confirmed,True,False,,,,,,,,,,False,False
/data/ug_trap.narc,/data/ug_trap.narc!/member_00036,0,/data/ug_trap.narc,226,36,,87928,88168,87452,87692,240,2e7ff85f6b834e300940a7cabad31399c4804b33c0a96bb07787043cbbd857ab,524e414efffe0001f000000010000300,,NANR animation,Confirmed,True,False,,,,,,,,,,False,False
/data/ug_trap.narc,/data/ug_trap.narc!/member_00037,0,/data/ug_trap.narc,226,37,,88168,89660,87692,89184,1492,f98a0c6b2ad1cb56a62be3a5448cd934d5c294eb504aa399754d14030df3fb7b,5245434efffe0001d405000010000300,,NCER cell,Confirmed,True,False,,,,,,,,,,False,False
/data/ug_trap.narc,/data/ug_trap.narc!/member_00038,0,/data/ug_trap.narc,226,38,,89660,94476,89184,94000,4816,757bd611253fefdc66258d3919e3840dba94d07d52d5ac9137e060ee64219fca,5247434efffe0101d012000010000100,,NCGR graphics,Confirmed,True,False,,,,,,,,,,False,False
/data/ug_trap.narc,/data/ug_trap.narc!/member_00039,0,/data/ug_trap.narc,226,39,,94476,94716,94000,94240,240,2e7ff85f6b834e300940a7cabad31399c4804b33c0a96bb07787043cbbd857ab,524e414efffe0001f000000010000300,,NANR animation,Confirmed,True,False,,,,,,,,,,False,False
/data/ug_trap.narc,/data/ug_trap.narc!/member_00040,0,/data/ug_trap.narc,226,40,,94716,96208,94240,95732,1492,f98a0c6b2ad1cb56a62be3a5448cd934d5c294eb504aa399754d14030df3fb7b,5245434efffe0001d405000010000300,,NCER cell,Confirmed,True,False,,,,,,,,,,False,False
/data/ug_trap.narc,/data/ug_trap.narc!/member_00041,0,/data/ug_trap.narc,226,41,,96208,101024,95732,100548,4816,af07006604069e4efb82be1d7ca4fd606ab4a5143096399cd5e7ff168c490e3e,5247434efffe0101d012000010000100,,NCGR graphics,Confirmed,True,False,,,,,,,,,,False,False
/data/ug_trap.narc,/data/ug_trap.narc!/member_00042,0,/data/ug_trap.narc,226,42,,101024,101264,100548,100788,240,2e7ff85f6b834e300940a7cabad31399c4804b33c0a96bb07787043cbbd857ab,524e414efffe0001f000000010000300,,NANR animation,Confirmed,True,False,,,,,,,,,,False,False
/data/ug_trap.narc,/data/ug_trap.narc!/member_00043,0,/data/ug_trap.narc,226,43,,101264,102756,100788,102280,1492,f98a0c6b2ad1cb56a62be3a5448cd934d5c294eb504aa399754d14030df3fb7b,5245434efffe0001d405000010000300,,NCER cell,Confirmed,True,False,,,,,,,,,,False,False
/data/ug_trap.narc,/data/ug_trap.narc!/member_00044,0,/data/ug_trap.narc,226,44,,102756,107572,102280,107096,4816,961eb574476802e9dfdf26cdf5d28cad2dd8efbe628e8e411e142f2a8a8c4045,5247434efffe0101d012000010000100,,NCGR graphics,Confirmed,True,False,,,,,,,,,,False,False
/data/ug_trap.narc,/data/ug_trap.narc!/member_00045,0,/data/ug_trap.narc,226,45,,107572,107812,107096,107336,240,2e7ff85f6b834e300940a7cabad31399c4804b33c0a96bb07787043cbbd857ab,524e414efffe0001f000000010000300,,NANR animation,Confirmed,True,False,,,,,,,,,,False,False
/data/ug_trap.narc,/data/ug_trap.narc!/member_00046,0,/data/ug_trap.narc,226,46,,107812,109304,107336,108828,1492,f98a0c6b2ad1cb56a62be3a5448cd934d5c294eb504aa399754d14030df3fb7b,5245434efffe0001d405000010000300,,NCER cell,Confirmed,True,False,,,,,,,,,,False,False
/data/ug_trap.narc,/data/ug_trap.narc!/member_00047,0,/data/ug_trap.narc,226,47,,109304,114120,108828,113644,4816,8b0b2787d40dce091e3a72bad9fa53797dcdeeafbae08f5f7f478854d8f5a074,5247434efffe0101d012000010000100,,NCGR graphics,Confirmed,True,False,,,,,,,,,,False,False
/data/ug_trap.narc,/data/ug_trap.narc!/member_00048,0,/data/ug_trap.narc,226,48,,114120,114360,113644,113884,240,2e7ff85f6b834e300940a7cabad31399c4804b33c0a96bb07787043cbbd857ab,524e414efffe0001f000000010000300,,NANR animation,Confirmed,True,False,,,,,,,,,,False,False
/data/ug_trap.narc,/data/ug_trap.narc!/member_00049,0,/data/ug_trap.narc,226,49,,114360,115852,113884,115376,1492,f98a0c6b2ad1cb56a62be3a5448cd934d5c294eb504aa399754d14030df3fb7b,5245434efffe0001d405000010000300,,NCER cell,Confirmed,True,False,,,,,,,,,,False,False
/data/ug_trap.narc,/data/ug_trap.narc!/member_00050,0,/data/ug_trap.narc,226,50,,115852,120668,115376,120192,4816,8b0b2787d40dce091e3a72bad9fa53797dcdeeafbae08f5f7f478854d8f5a074,5247434efffe0101d012000010000100,,NCGR graphics,Confirmed,True,False,,,,,,,,,,False,False
/data/ug_trap.narc,/data/ug_trap.narc!/member_00051,0,/data/ug_trap.narc,226,51,,120668,121220,120192,120744,552,dcc5bc55a65dc22c84cc1cb7e0d51bbefc03f851cc232d8f79a533d315f91671,524c434efffe00012802000010000100,,NCLR palette,Confirmed,True,False,,,,,,,,,,False,False
/data/ug_trap.narc,/data/ug_trap.narc!/member_00052,0,/data/ug_trap.narc,226,52,,121220,121772,120744,121296,552,3a26c70cdb2d84f01e38c6650283027736eba4e0ca2c1a79cdabc9b14cdb6db6,524c434efffe00012802000010000100,,NCLR palette,Confirmed,True,False,,,,,,,,,,False,False
/data/ugeffect_obj_graphic.narc,/data/ugeffect_obj_graphic.narc!/member_00000,0,/data/ugeffect_obj_graphic.narc,227,0,,124,4780,0,4656,4656,8e7d3c1159c83b9db17a015a92c422f1ceb5b941dbd3dd85ab8dfd571f317b4d,5247434efffe01013012000010000100,,NCGR graphics,Confirmed,True,False,,,,,,,,,,False,False
/data/ugeffect_obj_graphic.narc,/data/ugeffect_obj_graphic.narc!/member_00001,0,/data/ugeffect_obj_graphic.narc,227,1,,4780,5332,4656,5208,552,e3c3e0cf708b17efdbb635913a27e299d91f1619a4dbbea878a9f1a284f71d4b,524c434efffe00012802000010000100,,NCLR palette,Confirmed,True,False,,,,,,,,,,False,False
/data/ugeffect_obj_graphic.narc,/data/ugeffect_obj_graphic.narc!/member_00002,0,/data/ugeffect_obj_graphic.narc,227,2,,5332,9988,5208,9864,4656,e5549eb6ddc8797ae9c4c959817cbca787d2f1806a02dbd03150a991047da038,5247434efffe01013012000010000100,,NCGR graphics,Confirmed,True,False,,,,,,,,,,False,False
/data/ugeffect_obj_graphic.narc,/data/ugeffect_obj_graphic.narc!/member_00003,0,/data/ugeffect_obj_graphic.narc,227,3,,9988,10540,9864,10416,552,81292ac92aab402989cae4c896d488b8ac5d4888d9b492929c3945a9d9f520ce,524c434efffe00012802000010000100,,NCLR palette,Confirmed,True,False,,,,,,,,,,False,False
/data/ugeffect_obj_graphic.narc,/data/ugeffect_obj_graphic.narc!/member_00004,0,/data/ugeffect_obj_graphic.narc,227,4,,10540,10789,10416,10665,249,9082d4c4ec380836f4b632c390b3920d281b0ca5d88400f7a92110e8b192d5e6,524e414efffe0001f900000010000300,,NANR animation,Confirmed,True,False,,,,,,,,,,False,False
/data/ugeffect_obj_graphic.narc,/data/ugeffect_obj_graphic.narc!/member_00005,0,/data/ugeffect_obj_graphic.narc,227,5,,10792,11153,10668,11029,361,495762363eb6458506175d034310a5eeb35d72b6397a6087b2ac58bbd37a77ce,5245434efffe00016901000010000300,,NCER cell,Confirmed,True,False,,,,,,,,,,False,False
/data/ugeffect_obj_graphic.narc,/data/ugeffect_obj_graphic.narc!/member_00006,0,/data/ugeffect_obj_graphic.narc,227,6,,11156,11370,11032,11246,214,1e1401d8e26f9b75c0012cc1b448d33a7fc120cf6044931feb62ef755a555355,524e414efffe0001d600000010000300,,NANR animation,Confirmed,True,False,,,,,,,,,,False,False
/data/ugeffect_obj_graphic.narc,/data/ugeffect_obj_graphic.narc!/member_00007,0,/data/ugeffect_obj_graphic.narc,227,7,,11372,11574,11248,11450,202,87f04af63380d9c8c386ed63320acc9ab90c4ed18368b7b5fdb98475ec36dfc5,5245434efffe0001ca00000010000300,,NCER cell,Confirmed,True,False,,,,,,,,,,False,False
/data/ugeffect_obj_graphic.narc,/data/ugeffect_obj_graphic.narc!/member_00008,0,/data/ugeffect_obj_graphic.narc,227,8,,11576,19816,11452,19692,8240,7e6d1e0c0a3c5701f5f3b462397271837b0bbfa549819ed1ab7dbaed0eb31c21,5247434efffe01013020000010000100,,NCGR graphics,Confirmed,True,False,,,,,,,,,,False,False
/data/underg_radar.narc,/data/underg_radar.narc!/member_00000,0,/data/underg_radar.narc,235,0,,108,660,0,552,552,f203d2d3c2d6e15fd7d860841fb42181f96919edabd5c7792829f5646e0c56a4,524c434efffe00012802000010000100,,NCLR palette,Confirmed,True,False,,,,,,,,,,False,False
/data/underg_radar.narc,/data/underg_radar.narc!/member_00001,0,/data/underg_radar.narc,235,1,,660,33492,552,33384,32832,29c268f78829ef0669bc00941ff588ca5a00ecbe9970aeadad3fedd95c403693,5247434efffe01014080000010000200,,NCGR graphics,Confirmed,True,False,,,,,,,,,,False,False
/data/underg_radar.narc,/data/underg_radar.narc!/member_00002,0,/data/underg_radar.narc,235,2,,33492,35576,33384,35468,2084,9e1c3a5074ac65402eaf0c71f302375e382671da0db827461a40c22cfabf1615,5243534efffe00012408000010000100,,NSCR screen map,Confirmed,True,False,,,,,,,,,,False,False
/data/underg_radar.narc,/data/underg_radar.narc!/member_00003,0,/data/underg_radar.narc,235,3,,35576,36128,35468,36020,552,de84876a3fc1b15b941d633b722e9dde465513e9d4488cbd3bcd819a15aef7b6,524c434efffe00012802000010000100,,NCLR palette,Confirmed,True,False,,,,,,,,,,False,False
/data/underg_radar.narc,/data/underg_radar.narc!/member_00004,0,/data/underg_radar.narc,235,4,,36128,39280,36020,39172,3152,2b4e3a5da0c2b02b331fae551d5a645244c639a3b150717fc47c41f6915839e7,5247434efffe0101500c000010000100,,NCGR graphics,Confirmed,True,False,,,,,,,,,,False,False
/data/underg_radar.narc,/data/underg_radar.narc!/member_00005,0,/data/underg_radar.narc,235,5,,39280,40434,39172,40326,1154,c132fac3330d98cfb6381900196a5186818f15dd218d954dbb372cde30ed8709,5245434efffe00018204000010000300,,NCER cell,Confirmed,True,False,,,,,,,,,,False,False
/data/underg_radar.narc,/data/underg_radar.narc!/member_00006,0,/data/underg_radar.narc,235,6,,40436,41522,40328,41414,1086,00af84d0e25412b35116ba2d278d1d74d68c499ee4600b9495f1660098f61f3b,524e414efffe00013e04000010000300,,NANR animation,Confirmed,True,False,,,,,,,,,,False,False
/data/weather_sys.narc,/data/weather_sys.narc!/member_00000,0,/data/weather_sys.narc,238,0,,524,763,0,239,239,3d35480854ff201cad5460b4e35d5adaa1c7605d7459760526c2969d441695d6,524e414efffe0001ef00000010000300,,NANR animation,Confirmed,True,False,,,,,,,,,,False,False
/data/weather_sys.narc,/data/weather_sys.narc!/member_00001,0,/data/weather_sys.narc,238,1,,764,1043,240,519,279,5e21c80eba861b2995c9b2b70a94fd4a36ab8b04f71fd13d4a2f358b22d51aa2,5245434efffe00011701000010000300,,NCER cell,Confirmed,True,False,,,,,,,,,,False,False
/data/weather_sys.narc,/data/weather_sys.narc!/member_00002,0,/data/weather_sys.narc,238,2,,1044,2884,520,2360,1840,601fb1da46d00eee748d80a73a3ed5fdc618b029b9bb06d67ffd973ea2014334,5247434efffe01013007000010000100,,NCGR graphics,Confirmed,True,False,,,,,,,,,,False,False
/data/weather_sys.narc,/data/weather_sys.narc!/member_00003,0,/data/weather_sys.narc,238,3,,2884,3436,2360,2912,552,17d3d10c2d84d499644d801969375c7cf0056e48e8f1bf3e5da25bf11303e21f,524c434efffe00012802000010000100,,NCLR palette,Confirmed,True,False,,,,,,,,,,False,False
/data/weather_sys.narc,/data/weather_sys.narc!/member_00004,0,/data/weather_sys.narc,238,4,,3436,3575,2912,3051,139,c8dcae17ccd3ff4e1db242f24c4ea88fd865d0c2559116e580bd51bf4cd35b85,524e414efffe00018b00000010000300,,NANR animation,Confirmed,True,False,,,,,,,,,,False,False
/data/weather_sys.narc,/data/weather_sys.narc!/member_00005,0,/data/weather_sys.narc,238,5,,3576,3727,3052,3203,151,3958d1b41179b6809c6c9aa387253087ec5e14c86c219a4ccff7eb3a332f7202,5245434efffe00019700000010000300,,NCER cell,Confirmed,True,False,,,,,,,,,,False,False
/data/weather_sys.narc,/data/weather_sys.narc!/member_00006,0,/data/weather_sys.narc,238,6,,3728,4256,3204,3732,528,8a9318b142e78880e07edfc9c7a6307f00966fefdc19bd6ee5c935a89a8dbfdd,5247434efffe01011002000010000100,,NCGR graphics,Confirmed,True,False,,,,,,,,,,False,False
/data/weather_sys.narc,/data/weather_sys.narc!/member_00007,0,/data/weather_sys.narc,238,7,,4256,4808,3732,4284,552,ea3dbef8d4f3fec49458c8ba0ca465580e598932c7effb2ed27b970632918b2d,524c434efffe00012802000010000100,,NCLR palette,Confirmed,True,False,,,,,,,,,,False,False
/data/weather_sys.narc,/data/weather_sys.narc!/member_00008,0,/data/weather_sys.narc,238,8,,4808,21256,4284,20732,16448,ce4f906532166cf0a18f414b4afb647d940570144bdcd28aabeb7cf901906f2c,5247434efffe01014040000010000200,,NCGR graphics,Confirmed,True,False,,,,,,,,,,False,False
/data/weather_sys.narc,/data/weather_sys.narc!/member_00009,0,/data/weather_sys.narc,238,9,,21256,21808,20732,21284,552,5949774490e3ff50c09ab17d6aa865054fc1e30ff8bb83f294eb40e65ed4bcd1,524c434efffe00012802000010000100,,NCLR palette,Confirmed,True,False,,,,,,,,,,False,False
/data/weather_sys.narc,/data/weather_sys.narc!/member_00010,0,/data/weather_sys.narc,238,10,,21808,23892,21284,23368,2084,535aa7fb6fc9a491f50a1545322e8f29950d8fab1c7854ac2e95ece82925be4d,5243534efffe00012408000010000100,,NSCR screen map,Confirmed,True,False,,,,,,,,,,False,False
/data/weather_sys.narc,/data/weather_sys.narc!/member_00011,0,/data/weather_sys.narc,238,11,,23892,24031,23368,23507,139,c8dcae17ccd3ff4e1db242f24c4ea88fd865d0c2559116e580bd51bf4cd35b85,524e414efffe00018b00000010000300,,NANR animation,Confirmed,True,False,,,,,,,,,,False,False
/data/weather_sys.narc,/data/weather_sys.narc!/member_00012,0,/data/weather_sys.narc,238,12,,24032,24203,23508,23679,171,a69ad7d104bc70cda3e27c9e16e92e82f3b9a6922a0fdb17d20a7b8c203b63b4,5245434efffe0001ab00000010000300,,NCER cell,Confirmed,True,False,,,,,,,,,,False,False
/data/weather_sys.narc,/data/weather_sys.narc!/member_00013,0,/data/weather_sys.narc,238,13,,24204,25852,23680,25328,1648,b87127d15b9479d834007654e08588affb714f9d817f2339b7eb04975a755b5f,5247434efffe01017006000010000100,,NCGR graphics,Confirmed,True,False,,,,,,,,,,False,False
/data/weather_sys.narc,/data/weather_sys.narc!/member_00014,0,/data/weather_sys.narc,238,14,,25852,25991,25328,25467,139,c8dcae17ccd3ff4e1db242f24c4ea88fd865d0c2559116e580bd51bf4cd35b85,524e414efffe00018b00000010000300,,NANR animation,Confirmed,True,False,,,,,,,,,,False,False
/data/weather_sys.narc,/data/weather_sys.narc!/member_00015,0,/data/weather_sys.narc,238,15,,25992,26131,25468,25607,139,a1a4fce4fa9f2c3d8da0cb4f378a263f3e6f6b01fc879f170baf68b18177051e,5245434efffe00018b00000010000300,,NCER cell,Confirmed,True,False,,,,,,,,,,False,False
/data/weather_sys.narc,/data/weather_sys.narc!/member_00016,0,/data/weather_sys.narc,238,16,,26132,26692,25608,26168,560,d92f07d928c12cde18135dc4d72f3e851fb2b35bdbadb54b9675457101a8843d,5247434efffe01013002000010000100,,NCGR graphics,Confirmed,True,False,,,,,,,,,,False,False
/data/weather_sys.narc,/data/weather_sys.narc!/member_00017,0,/data/weather_sys.narc,238,17,,26692,27244,26168,26720,552,634d126e70bac049bcc2c7b92fc07c4876346d9c950bd0f39d1e1b0830499429,524c434efffe00012802000010000100,,NCLR palette,Confirmed,True,False,,,,,,,,,,False,False
/data/weather_sys.narc,/data/weather_sys.narc!/member_00018,0,/data/weather_sys.narc,238,18,,27244,27383,26720,26859,139,c8dcae17ccd3ff4e1db242f24c4ea88fd865d0c2559116e580bd51bf4cd35b85,524e414efffe00018b00000010000300,,NANR animation,Confirmed,True,False,,,,,,,,,,False,False
/data/weather_sys.narc,/data/weather_sys.narc!/member_00019,0,/data/weather_sys.narc,238,19,,27384,27523,26860,26999,139,de4ace348180a6196529d7155159d25e71a5883221ab1b56bd87c84a5b2ede77,5245434efffe00018b00000010000300,,NCER cell,Confirmed,True,False,,,,,,,,,,False,False
/data/weather_sys.narc,/data/weather_sys.narc!/member_00020,0,/data/weather_sys.narc,238,20,,27524,27700,27000,27176,176,505d28054949e135127848ce27351e2b7679203e718d52437982dc01685f7859,5247434efffe0101b000000010000100,,NCGR graphics,Confirmed,True,False,,,,,,,,,,False,False
/data/weather_sys.narc,/data/weather_sys.narc!/member_00021,0,/data/weather_sys.narc,238,21,,27700,28252,27176,27728,552,3910f1c139905408224a13497eb0801e4e24c95c6fd0c030230898e794e3c00d,524c434efffe00012802000010000100,,NCLR palette,Confirmed,True,False,,,,,,,,,,False,False
/data/weather_sys.narc,/data/weather_sys.narc!/member_00022,0,/data/weather_sys.narc,238,22,,28252,28591,27728,28067,339,165475c1a6fffb8301ec840a8070b307dd5df11670dbfb6e044ce0b71a0c2ba9,524e414efffe00015301000010000300,,NANR animation,Confirmed,True,False,,,,,,,,,,False,False
/data/weather_sys.narc,/data/weather_sys.narc!/member_00023,0,/data/weather_sys.narc,238,23,,28592,29011,28068,28487,419,e01869974029fc27e9168e2251b6333a37fa89536db5acd3d215697f79f534e3,5245434efffe0001a301000010000300,,NCER cell,Confirmed,True,False,,,,,,,,,,False,False
/data/weather_sys.narc,/data/weather_sys.narc!/member_00024,0,/data/weather_sys.narc,238,24,,29012,29828,28488,29304,816,6e3464614740321a58fdc4f0dc94bbe9add15db9ad184f9eaf10743847869029,5247434efffe01013003000010000100,,NCGR graphics,Confirmed,True,False,,,,,,,,,,False,False
/data/weather_sys.narc,/data/weather_sys.narc!/member_00025,0,/data/weather_sys.narc,238,25,,29828,30380,29304,29856,552,6b96bb7c41b3b9d703c4274019b4b9202fa394a371b20bb62c42406cd5061e24,524c434efffe00012802000010000100,,NCLR palette,Confirmed,True,False,,,,,,,,,,False,False
/data/weather_sys.narc,/data/weather_sys.narc!/member_00026,0,/data/weather_sys.narc,238,26,,30380,30519,29856,29995,139,c244960363a829b1394881d0d4f332ff8a63169be673939b5a2adbe0666ddb65,524e414efffe00018b00000010000300,,NANR animation,Confirmed,True,False,,,,,,,,,,False,False
/data/weather_sys.narc,/data/weather_sys.narc!/member_00027,0,/data/weather_sys.narc,238,27,,30520,30659,29996,30135,139,de4ace348180a6196529d7155159d25e71a5883221ab1b56bd87c84a5b2ede77,5245434efffe00018b00000010000300,,NCER cell,Confirmed,True,False,,,,,,,,,,False,False
/data/weather_sys.narc,/data/weather_sys.narc!/member_00028,0,/data/weather_sys.narc,238,28,,30660,30836,30136,30312,176,864760c5f7b2258dbf6a3e97a686320de6254ebf2a233922872c81410d928329,5247434efffe0101b000000010000100,,NCGR graphics,Confirmed,True,False,,,,,,,,,,False,False
/data/weather_sys.narc,/data/weather_sys.narc!/member_00029,0,/data/weather_sys.narc,238,29,,30836,30932,30312,30408,96,2597a558b41558cf854806d0809da5a7a8f8bcb7dd912a08cedf31345cf64520,5247434efffe01016000000010000200,,NCGR graphics,Confirmed,True,False,,,,,,,,,,False,False
/data/weather_sys.narc,/data/weather_sys.narc!/member_00030,0,/data/weather_sys.narc,238,30,,30932,31484,30408,30960,552,75733fd5a26b6b0f58df70e1b7891fc7f87da8db172ce65123382d6bb4acf7cd,524c434efffe00012802000010000100,,NCLR palette,Confirmed,True,False,,,,,,,,,,False,False
/data/weather_sys.narc,/data/weather_sys.narc!/member_00031,0,/data/weather_sys.narc,238,31,,31484,33568,30960,33044,2084,2d44d87392bb80505264c328bd682489c27a11849d917a4111dfc54beaa4f421,5243534efffe00012408000010000100,,NSCR screen map,Confirmed,True,False,,,,,,,,,,False,False
/data/weather_sys.narc,/data/weather_sys.narc!/member_00032,0,/data/weather_sys.narc,238,32,,33568,33719,33044,33195,151,365eb01e43fe9b5abd317692d7c5ba86ded51225637284f34f23dd33dc0ea67a,524e414efffe00019700000010000300,,NANR animation,Confirmed,True,False,,,,,,,,,,False,False
/data/weather_sys.narc,/data/weather_sys.narc!/member_00033,0,/data/weather_sys.narc,238,33,,33720,33875,33196,33351,155,1e1f0c4cc3dafa4f5e628a1ec63a5d0ac1c73a352de2be7cbdfcb5c3f26060d2,5245434efffe00019b00000010000300,,NCER cell,Confirmed,True,False,,,,,,,,,,False,False
/data/weather_sys.narc,/data/weather_sys.narc!/member_00034,0,/data/weather_sys.narc,238,34,,33876,34180,33352,33656,304,8d2e9e2f5acdbbeb9e9000ffe92cfc0b900391c78a5da3f6ceec9339a9b511a0,5247434efffe01013001000010000100,,NCGR graphics,Confirmed,True,False,,,,,,,,,,False,False
/data/weather_sys.narc,/data/weather_sys.narc!/member_00035,0,/data/weather_sys.narc,238,35,,34180,34732,33656,34208,552,ccf9538011e79e414d23069111a9333475aeb3b904e7c5b69843cba0bff5ea06,524c434efffe00012802000010000100,,NCLR palette,Confirmed,True,False,,,,,,,,,,False,False
/data/weather_sys.narc,/data/weather_sys.narc!/member_00036,0,/data/weather_sys.narc,238,36,,34732,42988,34208,42464,8256,0f946a6d8e659a988d38eaf6ef9b364f4775f410cc2e094ffe3f83dd7dee3d68,5247434efffe01014020000010000200,,NCGR graphics,Confirmed,True,False,,,,,,,,,,False,False
/data/weather_sys.narc,/data/weather_sys.narc!/member_00037,0,/data/weather_sys.narc,238,37,,42988,43540,42464,43016,552,de6c9a4c3ceb8c01a663da3341f4eef5349e224f5a6db9ecb968c90c2786b009,524c434efffe00012802000010000100,,NCLR palette,Confirmed,True,False,,,,,,,,,,False,False
/data/weather_sys.narc,/data/weather_sys.narc!/member_00038,0,/data/weather_sys.narc,238,38,,43540,45624,43016,45100,2084,5716aae4a8746a7c26e871a218c4784489872120121183d80ed26d90d44531f8,5243534efffe00012408000010000100,,NSCR screen map,Confirmed,True,False,,,,,,,,,,False,False
/data/weather_sys.narc,/data/weather_sys.narc!/member_00039,0,/data/weather_sys.narc,238,39,,45624,45763,45100,45239,139,c8dcae17ccd3ff4e1db242f24c4ea88fd865d0c2559116e580bd51bf4cd35b85,524e414efffe00018b00000010000300,,NANR animation,Confirmed,True,False,,,,,,,,,,False,False
/data/weather_sys.narc,/data/weather_sys.narc!/member_00040,0,/data/weather_sys.narc,238,40,,45764,45903,45240,45379,139,de4ace348180a6196529d7155159d25e71a5883221ab1b56bd87c84a5b2ede77,5245434efffe00018b00000010000300,,NCER cell,Confirmed,True,False,,,,,,,,,,False,False
/data/weather_sys.narc,/data/weather_sys.narc!/member_00041,0,/data/weather_sys.narc,238,41,,45904,46080,45380,45556,176,d74f7bb8a56f74434f7099149d0eaad52b1cdc8c0b45082f7ff9edf4fdc7838a,5247434efffe0101b000000010000100,,NCGR graphics,Confirmed,True,False,,,,,,,,,,False,False
/data/weather_sys.narc,/data/weather_sys.narc!/member_00042,0,/data/weather_sys.narc,238,42,,46080,46632,45556,46108,552,e3aeb9d37cc1ba30ee666446f428f66de48aeaf99e9e92de01028e73f7a640df,524c434efffe00012802000010000100,,NCLR palette,Confirmed,True,False,,,,,,,,,,False,False
/data/weather_sys.narc,/data/weather_sys.narc!/member_00043,0,/data/weather_sys.narc,238,43,,46632,48716,46108,48192,2084,b716074aab1a5408ca10eda97f59c8281002909d4f4d05882a4b20059a7c5d12,5243534efffe00012408000010000100,,NSCR screen map,Confirmed,True,False,,,,,,,,,,False,False
/data/weather_sys.narc,/data/weather_sys.narc!/member_00044,0,/data/weather_sys.narc,238,44,,48716,50828,48192,50304,2112,d56c0f1659faf1014049a73f9125402038f56e1265f76a7119c7d969ac1f7e31,5247434efffe01014008000010000200,,NCGR graphics,Confirmed,True,False,,,,,,,,,,False,False
/data/weather_sys.narc,/data/weather_sys.narc!/member_00045,0,/data/weather_sys.narc,238,45,,50828,50924,50304,50400,96,2597a558b41558cf854806d0809da5a7a8f8bcb7dd912a08cedf31345cf64520,5247434efffe01016000000010000200,,NCGR graphics,Confirmed,True,False,,,,,,,,,,False,False
/data/weather_sys.narc,/data/weather_sys.narc!/member_00046,0,/data/weather_sys.narc,238,46,,50924,51476,50400,50952,552,6daeb9a21e2c4e479076483762452d99fc0d0420adbdd050968fff7aa4194cdb,524c434efffe00012802000010000100,,NCLR palette,Confirmed,True,False,,,,,,,,,,False,False
/data/weather_sys.narc,/data/weather_sys.narc!/member_00047,0,/data/weather_sys.narc,238,47,,51476,53560,50952,53036,2084,2d44d87392bb80505264c328bd682489c27a11849d917a4111dfc54beaa4f421,5243534efffe00012408000010000100,,NSCR screen map,Confirmed,True,False,,,,,,,,,,False,False
/data/weather_sys.narc,/data/weather_sys.narc!/member_00048,0,/data/weather_sys.narc,238,48,,53560,55672,53036,55148,2112,ac21448794ef91d3bf3deb39451bf8bb970a742068002867406bf7693859cc53,5247434efffe01014008000010000200,,NCGR graphics,Confirmed,True,False,,,,,,,,,,False,False
/data/weather_sys.narc,/data/weather_sys.narc!/member_00049,0,/data/weather_sys.narc,238,49,,55672,56224,55148,55700,552,7fa5f0557fb5bdbb7d28c3b74bb25180a0836dccb5e617e20c2ae927faf24988,524c434efffe00012802000010000100,,NCLR palette,Confirmed,True,False,,,,,,,,,,False,False
/data/weather_sys.narc,/data/weather_sys.narc!/member_00050,0,/data/weather_sys.narc,238,50,,56224,58308,55700,57784,2084,56253ea3e7e82f97268b954864208b8f649e8f6f4d1f05aa81ecf869db0521c2,5243534efffe00012408000010000100,,NSCR screen map,Confirmed,True,False,,,,,,,,,,False,False
/data/weather_sys.narc,/data/weather_sys.narc!/member_00051,0,/data/weather_sys.narc,238,51,,58308,58860,57784,58336,552,8478a718e6f32ea9a400fd56420fd11940719e179aea2c31bfcbc6c32f061dc5,524c434efffe00012802000010000100,,NCLR palette,Confirmed,True,False,,,,,,,,,,False,False
/data/weather_sys.narc,/data/weather_sys.narc!/member_00052,0,/data/weather_sys.narc,238,52,,58860,59412,58336,58888,552,897acb15626107ca7503a8ed398d10506dc54ecadec5502a9214fecc157377c1,524c434efffe00012802000010000100,,NCLR palette,Confirmed,True,False,,,,,,,,,,False,False
/data/weather_sys.narc,/data/weather_sys.narc!/member_00053,0,/data/weather_sys.narc,238,53,,59412,60500,58888,59976,1088,5146ea297cba1a793168a778a5a94e769ec58230c1e1fc302aa66cc6233436e9,5247434efffe01014004000010000200,,NCGR graphics,Confirmed,True,False,,,,,,,,,,False,False
/data/weather_sys.narc,/data/weather_sys.narc!/member_00054,0,/data/weather_sys.narc,238,54,,60500,62584,59976,62060,2084,23b6d1f1b57df80363c041e687e1e4c431f866cd567ec45f9406b21d97fcc9c3,5243534efffe00012408000010000100,,NSCR screen map,Confirmed,True,False,,,,,,,,,,False,False
/data/weather_sys.narc,/data/weather_sys.narc!/member_00055,0,/data/weather_sys.narc,238,55,,62584,62852,62060,62328,268,1f6a226505c6dab833fd4ce6e5f5e93b8660db6a2d2674d177312d4e34088171,02000000410000000500000000000000,,,,,False,,,,,,,,,,False,False
/data/weather_sys.narc,/data/weather_sys.narc!/member_00056,0,/data/weather_sys.narc,238,56,,62852,63120,62328,62596,268,2574f4d01198b8460550406ded4f0d3449885b56328876d433b53fa5fcce5374,03000000410000000400000000000000,,,,,False,,,,,,,,,,False,False
/data/weather_sys.narc,/data/weather_sys.narc!/member_00057,0,/data/weather_sys.narc,238,57,,63120,63388,62596,62864,268,c39fbd080470d36e73d86c42efa6a2f6704fdb89e457921e064013b703f37130,00000000410000000600000000000000,,,,,False,,,,,,,,,,False,False
/data/weather_sys.narc,/data/weather_sys.narc!/member_00058,0,/data/weather_sys.narc,238,58,,63388,63656,62864,63132,268,ed390073e662586f42c7c4ee605f6d2b6064185fca6458a6f0a63dbbfb8394a0,01000000410000000700000000000000,,,,,False,,,,,,,,,,False,False
/data/wifinote.narc,/data/wifinote.narc!/member_00000,0,/data/wifinote.narc,240,0,,148,307,0,159,159,a2794c2f8416f5589f5c7507b61b69e4d5ae69dbcb3627729a202284fd7013fa,524e414efffe00019f00000010000300,,NANR animation,Confirmed,True,False,,,,,,,,,,False,False
/data/wifinote.narc,/data/wifinote.narc!/member_00001,0,/data/wifinote.narc,240,1,,308,475,160,327,167,776aaeca979cac0422094ed1efed173a0c87cea48d31d6677cfcf590fc3a8a49,5245434efffe0001a700000010000300,,NCER cell,Confirmed,True,False,,,,,,,,,,False,False
/data/wifinote.narc,/data/wifinote.narc!/member_00002,0,/data/wifinote.narc,240,2,,476,3612,328,3464,3136,648b21d94154fc454e9766c3577db1341409fae3b6f6d7e749711463d7531c8c,5247434efffe0101400c000010000200,,NCGR graphics,Confirmed,True,False,,,,,,,,,,False,False
/data/wifinote.narc,/data/wifinote.narc!/member_00003,0,/data/wifinote.narc,240,3,,3612,4164,3464,4016,552,c06482c87338f11bddc36bd5278e3a54530d7c32bbe15e35a59dee82314f8924,524c434efffe00012802000010000100,,NCLR palette,Confirmed,True,False,,,,,,,,,,False,False
/data/wifinote.narc,/data/wifinote.narc!/member_00004,0,/data/wifinote.narc,240,4,,4164,5736,4016,5588,1572,e6dec8acc5d4c5c00f8e611b75743d470152232c0c4cc0da010079c71a610800,5243534efffe00012406000010000100,,NSCR screen map,Confirmed,True,False,,,,,,,,,,False,False
/data/wifinote.narc,/data/wifinote.narc!/member_00005,0,/data/wifinote.narc,240,5,,5736,7308,5588,7160,1572,5c0d21ee6c6063f014ec9083ff41b6f3ec5a797d8924d691a0cb732411b8babd,5243534efffe00012406000010000100,,NSCR screen map,Confirmed,True,False,,,,,,,,,,False,False
/data/wifinote.narc,/data/wifinote.narc!/member_00006,0,/data/wifinote.narc,240,6,,7308,8880,7160,8732,1572,0b278620613ff6d82d03ea69f842a9ead77ba792c512868c0ee2e4924504a9b7,5243534efffe00012406000010000100,,NSCR screen map,Confirmed,True,False,,,,,,,,,,False,False
/data/wifinote.narc,/data/wifinote.narc!/member_00007,0,/data/wifinote.narc,240,7,,8880,10452,8732,10304,1572,6435cf07256475107cfdb11fb8cf32532d15935af9b7c4a3ae73f758fc2bc4d1,5243534efffe00012406000010000100,,NSCR screen map,Confirmed,True,False,,,,,,,,,,False,False
/data/wifinote.narc,/data/wifinote.narc!/member_00008,0,/data/wifinote.narc,240,8,,10452,12024,10304,11876,1572,5e326f444a2dfe9116413de4520d405f15568905b5ba6ecd08d71ecda801a8a2,5243534efffe00012406000010000100,,NSCR screen map,Confirmed,True,False,,,,,,,,,,False,False
/data/wifinote.narc,/data/wifinote.narc!/member_00009,0,/data/wifinote.narc,240,9,,12024,12136,11876,11988,112,82d3a9a1f7700b7811fe5b3f2dc92b568320b44ac6d60f02926b024324084759,5247434efffe01017000000010000100,,NCGR graphics,Confirmed,True,False,,,,,,,,,,False,False
/data/wifinote.narc,/data/wifinote.narc!/member_00010,0,/data/wifinote.narc,240,10,,12136,13096,11988,12948,960,54e75089be5b1edf0d4f70fc45f4541278cbd3cc6496f192fcd2994de3f95783,5247434efffe0101c003000010000200,,NCGR graphics,Confirmed,True,False,,,,,,,,,,False,False
/data/wifinote.narc,/data/wifinote.narc!/member_00011,0,/data/wifinote.narc,240,11,,13096,14668,12948,14520,1572,0781831ebdcb9a151dc5ee63632846ccef302422009da7aff43da1b7efb8f50a,5243534efffe00012406000010000100,,NSCR screen map,Confirmed,True,False,,,,,,,,,,False,False
/data/wifip2pmatch.narc,/data/wifip2pmatch.narc!/member_00000,0,/data/wifip2pmatch.narc,241,0,,140,454,0,314,314,f1f5f405e204abcb7a27e6752fe4d8fe04d53483ded38d79f6630d217c6202d0,524e414efffe00013a01000010000300,,NANR animation,Confirmed,True,False,,,,,,,,,,False,False
/data/wifip2pmatch.narc,/data/wifip2pmatch.narc!/member_00001,0,/data/wifip2pmatch.narc,241,1,,456,706,316,566,250,30daa5cb4549fd5ce06c776f6e2fd8c3199cfc40d74b5f0ec86ca19329c430ec,5245434efffe0001fa00000010000300,,NCER cell,Confirmed,True,False,,,,,,,,,,False,False
/data/wifip2pmatch.narc,/data/wifip2pmatch.narc!/member_00002,0,/data/wifip2pmatch.narc,241,2,,708,3652,568,3512,2944,c17c99c3ff590952660594aa86bbf1b77131137aa107043984f4db75e760225f,5247434efffe0101800b000010000200,,NCGR graphics,Confirmed,True,False,,,,,,,,,,False,False
/data/wifip2pmatch.narc,/data/wifip2pmatch.narc!/member_00003,0,/data/wifip2pmatch.narc,241,3,,3652,4204,3512,4064,552,323c29971be2c2053fc77800eea729221c8335a23c1106d6c5221573753b8b80,524c434efffe00012802000010000100,,NCLR palette,Confirmed,True,False,,,,,,,,,,False,False
/data/wifip2pmatch.narc,/data/wifip2pmatch.narc!/member_00004,0,/data/wifip2pmatch.narc,241,4,,4204,5776,4064,5636,1572,1269a17f1bee06e4646eff07d2a485bd93c84df67b6675e6e411a7352aac6052,5243534efffe00012406000010000100,,NSCR screen map,Confirmed,True,False,,,,,,,,,,False,False
/data/wifip2pmatch.narc,/data/wifip2pmatch.narc!/member_00005,0,/data/wifip2pmatch.narc,241,5,,5776,7348,5636,7208,1572,e1b6d7c2ea8699bdd8d04d5c1c813c7590a4e7ca26c092098d63b6830e50c138,5243534efffe00012406000010000100,,NSCR screen map,Confirmed,True,False,,,,,,,,,,False,False
/data/wifip2pmatch.narc,/data/wifip2pmatch.narc!/member_00006,0,/data/wifip2pmatch.narc,241,6,,7348,8920,7208,8780,1572,5497b3072b21016e64a628e908a82c8f013856021d9fbd0b8dd2e78af3b1a917,5243534efffe00012406000010000100,,NSCR screen map,Confirmed,True,False,,,,,,,,,,False,False
/data/wifip2pmatch.narc,/data/wifip2pmatch.narc!/member_00007,0,/data/wifip2pmatch.narc,241,7,,8920,9608,8780,9468,688,03cb613130aaee9abe22dd39f514ec32d2e1f7567be934ca3cb882bfab03e040,5247434efffe0101b002000010000100,,NCGR graphics,Confirmed,True,False,,,,,,,,,,False,False
/data/wifip2pmatch.narc,/data/wifip2pmatch.narc!/member_00008,0,/data/wifip2pmatch.narc,241,8,,9608,10160,9468,10020,552,7b5ae48cd7888b42010c42dc151c578ac72bb294ac0a8201f5c061f20bed77e3,524c434efffe00012802000010000100,,NCLR palette,Confirmed,True,False,,,,,,,,,,False,False
/data/wifip2pmatch.narc,/data/wifip2pmatch.narc!/member_00009,0,/data/wifip2pmatch.narc,241,9,,10160,14320,10020,14180,4160,1e7b8c5cd328e1ca4a26b2ab43b309eccc722d53f0bfb3eb72a07a9bd948e7b7,5247434efffe01014010000010000200,,NCGR graphics,Confirmed,True,False,,,,,,,,,,False,False
/data/wifip2pmatch.narc,/data/wifip2pmatch.narc!/member_00010,0,/data/wifip2pmatch.narc,241,10,,14320,15892,14180,15752,1572,3dcccffcb4d9dc70870dd5a3167962b55470fc0b1e2915782304c057adca3bb2,5243534efffe00012406000010000100,,NSCR screen map,Confirmed,True,False,,,,,,,,,,False,False
/data/mmodel/fldeff.narc,/data/mmodel/fldeff.narc!/member_00000,0,/data/mmodel/fldeff.narc,244,0,,1084,3396,0,2312,2312,2ce38063c8a866fe92d5ca31588f6c1e1c800ec1b501471fb5de71c9330fd5bc,42545830fffe01000809000010000100,,NSBTX texture,Confirmed,True,False,,,,,,,,,,False,False
/data/mmodel/fldeff.narc,/data/mmodel/fldeff.narc!/member_00001,0,/data/mmodel/fldeff.narc,244,1,,3396,4032,2312,2948,636,fd0211a6197ffd5f11cf8889deb8724688e612361ec88eb7653fdb5c5d4f401c,42545830fffe01007c02000010000100,,NSBTX texture,Confirmed,True,False,,,,,,,,,,False,False
/data/mmodel/fldeff.narc,/data/mmodel/fldeff.narc!/member_00002,0,/data/mmodel/fldeff.narc,244,2,,4032,4824,2948,3740,792,cad8a93e1ec022e1b9a5b4a58e83b3247b1f6b91e1d94005d379286b5c31ed66,42545830fffe01001803000010000100,,NSBTX texture,Confirmed,True,False,,,,,,,,,,False,False
/data/mmodel/fldeff.narc,/data/mmodel/fldeff.narc!/member_00003,0,/data/mmodel/fldeff.narc,244,3,,4824,5616,3740,4532,792,2bdccbe4355194b4ec2817ad3ec5471fb390449ee8357be60e2e8e45741e41b4,42545830fffe01001803000010000100,,NSBTX texture,Confirmed,True,False,,,,,,,,,,False,False
/data/mmodel/fldeff.narc,/data/mmodel/fldeff.narc!/member_00004,0,/data/mmodel/fldeff.narc,244,4,,5616,5924,4532,4840,308,fe9be13970001705b12a869d5d008ebe25e1dd4ec505a4a2c5035271e16f926d,42545830fffe01003401000010000100,,NSBTX texture,Confirmed,True,False,,,,,,,,,,False,False
/data/mmodel/fldeff.narc,/data/mmodel/fldeff.narc!/member_00005,0,/data/mmodel/fldeff.narc,244,5,,5924,6976,4840,5892,1052,226d804eea4306eceafee72942b79c5566a1102d075323c99b70aa9c951b908b,42545830fffe01001c04000010000100,,NSBTX texture,Confirmed,True,False,,,,,,,,,,False,False
/data/mmodel/fldeff.narc,/data/mmodel/fldeff.narc!/member_00006,0,/data/mmodel/fldeff.narc,244,6,,6976,7172,5892,6088,196,b9af240e6c1d45c831c8726f66c81d901b12f80932b71acd8216e0b24c0aea32,42545830fffe0100c400000010000100,,NSBTX texture,Confirmed,True,False,,,,,,,,,,False,False
/data/mmodel/fldeff.narc,/data/mmodel/fldeff.narc!/member_00007,0,/data/mmodel/fldeff.narc,244,7,,7172,7764,6088,6680,592,8b74f01dd8aee8f0d82f4f53c6671b906f6d29e49b055c9eeb8d6e947cf6e58e,42545830fffe01005002000010000100,,NSBTX texture,Confirmed,True,False,,,,,,,,,,False,False
/data/mmodel/fldeff.narc,/data/mmodel/fldeff.narc!/member_00008,0,/data/mmodel/fldeff.narc,244,8,,7764,8268,6680,7184,504,e335b88b6ab724a56311dd87b808beeb9433a018b8c03b940cb9757379eeca27,42545830fffe0100f801000010000100,,NSBTX texture,Confirmed,True,False,,,,,,,,,,False,False
/data/mmodel/fldeff.narc,/data/mmodel/fldeff.narc!/member_00009,0,/data/mmodel/fldeff.narc,244,9,,8268,8788,7184,7704,520,aa4b72dbd67666b181143fe2038137cc1aec85bf214bebb76d846f7b80c32c76,42545830fffe01000802000010000100,,NSBTX texture,Confirmed,True,False,,,,,,,,,,False,False
/data/mmodel/fldeff.narc,/data/mmodel/fldeff.narc!/member_00010,0,/data/mmodel/fldeff.narc,244,10,,8788,10148,7704,9064,1360,e446b66cc8d6afd812816f42cbd1ddd855873dcb5227c5395ea692c7e8b79fe8,42545830fffe01005005000010000100,,NSBTX texture,Confirmed,True,False,,,,,,,,,,False,False
/data/mmodel/fldeff.narc,/data/mmodel/fldeff.narc!/member_00011,0,/data/mmodel/fldeff.narc,244,11,,10148,11508,9064,10424,1360,908e9e2f66af811deeeebbc349ced20fe74f73809d725c314e4b84c6093d9ea0,42545830fffe01005005000010000100,,NSBTX texture,Confirmed,True,False,,,,,,,,,,False,False
/data/mmodel/fldeff.narc,/data/mmodel/fldeff.narc!/member_00012,0,/data/mmodel/fldeff.narc,244,12,,11508,12868,10424,11784,1360,be97183759d83f92d1dcbffceace40336ce870021bb65973a5cfbc181f5cc746,42545830fffe01005005000010000100,,NSBTX texture,Confirmed,True,False,,,,,,,,,,False,False
/data/mmodel/fldeff.narc,/data/mmodel/fldeff.narc!/member_00013,0,/data/mmodel/fldeff.narc,244,13,,12868,13176,11784,12092,308,5f43e886bfe0e3a05f6e15ecc78c3ee5d501ffb70cdfc27921905989b6c41eec,42545830fffe01003401000010000100,,NSBTX texture,Confirmed,True,False,,,,,,,,,,False,False
/data/mmodel/fldeff.narc,/data/mmodel/fldeff.narc!/member_00014,0,/data/mmodel/fldeff.narc,244,14,,13176,13920,12092,12836,744,2e566fb27c7d90b44553847d63333b47441e37dbceb55b5cddf7feb248041cda,42545830fffe0100e802000010000100,,NSBTX texture,Confirmed,True,False,,,,,,,,,,False,False
/data/mmodel/fldeff.narc,/data/mmodel/fldeff.narc!/member_00015,0,/data/mmodel/fldeff.narc,244,15,,13920,14972,12836,13888,1052,228aa8d7253a4cd7efc336e0baf1e6e808a52020656b67b9f612e553c7e1037f,424d4430fffe02001c04000010000200,,NSBMD model,Confirmed,True,False,,,,,,,,,,False,False
/data/mmodel/fldeff.narc,/data/mmodel/fldeff.narc!/member_00016,0,/data/mmodel/fldeff.narc,244,16,,14972,16040,13888,14956,1068,00b2c7ab15315e39b700931a019eda13bffd5117bf4307b4f436782c6c7cf976,424d4430fffe02002c04000010000200,,NSBMD model,Confirmed,True,False,,,,,,,,,,False,False
/data/mmodel/fldeff.narc,/data/mmodel/fldeff.narc!/member_00017,0,/data/mmodel/fldeff.narc,244,17,,16040,16832,14956,15748,792,f00cd9fbdd952b76e726f3505b07f37a8b48af5e1d653034beb1bd296c6b0b3a,424d4430fffe02001803000010000200,,NSBMD model,Confirmed,True,False,,,,,,,,,,False,False
/data/mmodel/fldeff.narc,/data/mmodel/fldeff.narc!/member_00018,0,/data/mmodel/fldeff.narc,244,18,,16832,17536,15748,16452,704,bbee35d106972dbc32497a94a2eee829988ba3da529eb9ddb97fd904a4b146b0,424d4430fffe0200c002000010000200,,NSBMD model,Confirmed,True,False,,,,,,,,,,False,False
/data/mmodel/fldeff.narc,/data/mmodel/fldeff.narc!/member_00019,0,/data/mmodel/fldeff.narc,244,19,,17536,18240,16452,17156,704,6976f75a54076a93aec31f2db91b950b0379e9cfbd4496ed5ce1b7ff5150b6e2,424d4430fffe0200c002000010000200,,NSBMD model,Confirmed,True,False,,,,,,,,,,False,False
/data/mmodel/fldeff.narc,/data/mmodel/fldeff.narc!/member_00020,0,/data/mmodel/fldeff.narc,244,20,,18240,19408,17156,18324,1168,2d2a3c42b04deb19d3741bd57f20977729317e3f3fa391150b80784f380fa4d4,424d4430fffe02009004000010000200,,NSBMD model,Confirmed,True,False,,,,,,,,,,False,False
/data/mmodel/fldeff.narc,/data/mmodel/fldeff.narc!/member_00021,0,/data/mmodel/fldeff.narc,244,21,,19408,20176,18324,19092,768,4c96d995bf16ccb3632838768763a9d29b79c163a314874a43c0ef8c5107298f,424d4430fffe02000003000010000200,,NSBMD model,Confirmed,True,False,,,,,,,,,,False,False
/data/mmodel/fldeff.narc,/data/mmodel/fldeff.narc!/member_00022,0,/data/mmodel/fldeff.narc,244,22,,20176,20956,19092,19872,780,bb87570fd59fdba1fa40e367f51f9641b73cc3ab9f3c1bb35c3dd8e5eb0aa327,424d4430fffe02000c03000010000200,,NSBMD model,Confirmed,True,False,,,,,,,,,,False,False
/data/mmodel/fldeff.narc,/data/mmodel/fldeff.narc!/member_00023,0,/data/mmodel/fldeff.narc,244,23,,20956,21736,19872,20652,780,7ce706034d624bad112bf34026accbbc3d4e941eacdbe4b00a4bf36b14a1f407,424d4430fffe02000c03000010000200,,NSBMD model,Confirmed,True,False,,,,,,,,,,False,False
/data/mmodel/fldeff.narc,/data/mmodel/fldeff.narc!/member_00024,0,/data/mmodel/fldeff.narc,244,24,,21736,22516,20652,21432,780,c800583a98218d514baa1d4f7eb0c0acf599a18a402703d87179abb3a44a4e1d,424d4430fffe02000c03000010000200,,NSBMD model,Confirmed,True,False,,,,,,,,,,False,False
/data/mmodel/fldeff.narc,/data/mmodel/fldeff.narc!/member_00025,0,/data/mmodel/fldeff.narc,244,25,,22516,23220,21432,22136,704,676ab4ef9be646388ad5ae74e4e045bf0f1de6e9a223bc4f9d3a58f46f072375,424d4430fffe0200c002000010000200,,NSBMD model,Confirmed,True,False,,,,,,,,,,False,False
/data/mmodel/fldeff.narc,/data/mmodel/fldeff.narc!/member_00026,0,/data/mmodel/fldeff.narc,244,26,,23220,24016,22136,22932,796,b17e1055d0def0783f78ad0e44fd8e71f98a138b9e0ffc2baa5018b08ca1b205,424d4430fffe02001c03000010000200,,NSBMD model,Confirmed,True,False,,,,,,,,,,False,False
/data/mmodel/fldeff.narc,/data/mmodel/fldeff.narc!/member_00027,0,/data/mmodel/fldeff.narc,244,27,,24016,24812,22932,23728,796,8b0148896af3dbe34b365480da3ef8b67d1cc68be4a6808a89692180b26b05b4,424d4430fffe02001c03000010000200,,NSBMD model,Confirmed,True,False,,,,,,,,,,False,False
/data/mmodel/fldeff.narc,/data/mmodel/fldeff.narc!/member_00028,0,/data/mmodel/fldeff.narc,244,28,,24812,25608,23728,24524,796,cdee1c1587cf7dd57efabfda4fb0038f16a767cfd5244a228306313e6e451984,424d4430fffe02001c03000010000200,,NSBMD model,Confirmed,True,False,,,,,,,,,,False,False
/data/mmodel/fldeff.narc,/data/mmodel/fldeff.narc!/member_00029,0,/data/mmodel/fldeff.narc,244,29,,25608,26404,24524,25320,796,1f78e3f7a9f42dee4d8ba17456bdcc3b6595e7e1ae6b9755f56f32ad98fcb32c,424d4430fffe02001c03000010000200,,NSBMD model,Confirmed,True,False,,,,,,,,,,False,False
/data/mmodel/fldeff.narc,/data/mmodel/fldeff.narc!/member_00030,0,/data/mmodel/fldeff.narc,244,30,,26404,27200,25320,26116,796,3b622e0d2361be469ebbfe56f9e747b7cbc0fd5d2144acdf17cf7bcfc2d14b80,424d4430fffe02001c03000010000200,,NSBMD model,Confirmed,True,False,,,,,,,,,,False,False
/data/mmodel/fldeff.narc,/data/mmodel/fldeff.narc!/member_00031,0,/data/mmodel/fldeff.narc,244,31,,27200,27996,26116,26912,796,df9722f1ed081fac3ab77c715455c666d55f9f8166ebdbdad4d4910ff31e081e,424d4430fffe02001c03000010000200,,NSBMD model,Confirmed,True,False,,,,,,,,,,False,False
/data/mmodel/fldeff.narc,/data/mmodel/fldeff.narc!/member_00032,0,/data/mmodel/fldeff.narc,244,32,,27996,28792,26912,27708,796,e7afda20da648fb6a2ff16abbb48b02bd63012f70ac686e159bb2e75d7d50b85,424d4430fffe02001c03000010000200,,NSBMD model,Confirmed,True,False,,,,,,,,,,False,False
/data/mmodel/fldeff.narc,/data/mmodel/fldeff.narc!/member_00033,0,/data/mmodel/fldeff.narc,244,33,,28792,29588,27708,28504,796,385cd85d95667a51355dc399556196754c04ef8068cd9b0d5acc4d98a76ab4f4,424d4430fffe02001c03000010000200,,NSBMD model,Confirmed,True,False,,,,,,,,,,False,False
/data/mmodel/fldeff.narc,/data/mmodel/fldeff.narc!/member_00034,0,/data/mmodel/fldeff.narc,244,34,,29588,30384,28504,29300,796,0f2cec37c478f65554bf0c92daf0c92937310cd951276a083f82c6212dbcdbef,424d4430fffe02001c03000010000200,,NSBMD model,Confirmed,True,False,,,,,,,,,,False,False
/data/mmodel/fldeff.narc,/data/mmodel/fldeff.narc!/member_00035,0,/data/mmodel/fldeff.narc,244,35,,30384,31180,29300,30096,796,a9b34f27071cb559aa66b8fc0feea7fe8ee4ff3032ae26ae4009c8a6ccee3865,424d4430fffe02001c03000010000200,,NSBMD model,Confirmed,True,False,,,,,,,,,,False,False
/data/mmodel/fldeff.narc,/data/mmodel/fldeff.narc!/member_00036,0,/data/mmodel/fldeff.narc,244,36,,31180,31976,30096,30892,796,51d998eeab4590676a7975d4eb52e22f53c3c84b6899f396f2e755e44a210ed2,424d4430fffe02001c03000010000200,,NSBMD model,Confirmed,True,False,,,,,,,,,,False,False
/data/mmodel/fldeff.narc,/data/mmodel/fldeff.narc!/member_00037,0,/data/mmodel/fldeff.narc,244,37,,31976,32772,30892,31688,796,11abd5ddb3e08fe141574332cfdec64a182b72618bec0cda485447e317438a5a,424d4430fffe02001c03000010000200,,NSBMD model,Confirmed,True,False,,,,,,,,,,False,False
/data/mmodel/fldeff.narc,/data/mmodel/fldeff.narc!/member_00038,0,/data/mmodel/fldeff.narc,244,38,,32772,33568,31688,32484,796,ac1256fc7d3508e96e6aae6b4b68dca81224e3672c4a4996536d37e92ffa97ea,424d4430fffe02001c03000010000200,,NSBMD model,Confirmed,True,False,,,,,,,,,,False,False
/data/mmodel/fldeff.narc,/data/mmodel/fldeff.narc!/member_00039,0,/data/mmodel/fldeff.narc,244,39,,33568,34364,32484,33280,796,2ee942cc4c4cfdd4e7453353ab9e1e76538d4417a719ca5e418b0c000fc6851a,424d4430fffe02001c03000010000200,,NSBMD model,Confirmed,True,False,,,,,,,,,,False,False
/data/mmodel/fldeff.narc,/data/mmodel/fldeff.narc!/member_00040,0,/data/mmodel/fldeff.narc,244,40,,34364,35160,33280,34076,796,9b64d738e2ba3be18dcca18dd90eb45f80e8466ff525aaf997e3c34002d80dd8,424d4430fffe02001c03000010000200,,NSBMD model,Confirmed,True,False,,,,,,,,,,False,False
/data/mmodel/fldeff.narc,/data/mmodel/fldeff.narc!/member_00041,0,/data/mmodel/fldeff.narc,244,41,,35160,35956,34076,34872,796,14ca9579d8961843cbbe5bb59fcfec083adb20cb3bbed84d04e4e199abec43c8,424d4430fffe02001c03000010000200,,NSBMD model,Confirmed,True,False,,,,,,,,,,False,False
/data/mmodel/fldeff.narc,/data/mmodel/fldeff.narc!/member_00042,0,/data/mmodel/fldeff.narc,244,42,,35956,36752,34872,35668,796,5002d597f36eee4d4247bb3e04e35689cec38939862c3f674595390e0b524b7f,424d4430fffe02001c03000010000200,,NSBMD model,Confirmed,True,False,,,,,,,,,,False,False
/data/mmodel/fldeff.narc,/data/mmodel/fldeff.narc!/member_00043,0,/data/mmodel/fldeff.narc,244,43,,36752,37548,35668,36464,796,5b529da7b801be7492de561674f1e994e749624d7c2258d94f29c18ed743a279,424d4430fffe02001c03000010000200,,NSBMD model,Confirmed,True,False,,,,,,,,,,False,False
/data/mmodel/fldeff.narc,/data/mmodel/fldeff.narc!/member_00044,0,/data/mmodel/fldeff.narc,244,44,,37548,38344,36464,37260,796,61a3ac49634a6b6b42deb28b9dc316ec3f4fabdf5d6c222bb593451e188b1ecb,424d4430fffe02001c03000010000200,,NSBMD model,Confirmed,True,False,,,,,,,,,,False,False
/data/mmodel/fldeff.narc,/data/mmodel/fldeff.narc!/member_00045,0,/data/mmodel/fldeff.narc,244,45,,38344,39140,37260,38056,796,7cb647dbedc74fe97c1c95622635034611ef22f6929fcf377fd5467369a8e2fd,424d4430fffe02001c03000010000200,,NSBMD model,Confirmed,True,False,,,,,,,,,,False,False
/data/mmodel/fldeff.narc,/data/mmodel/fldeff.narc!/member_00046,0,/data/mmodel/fldeff.narc,244,46,,39140,39936,38056,38852,796,41c6aa7bf666f7e736c1aadd107b9cc045661ab5dfa05eb9d36a799386093260,424d4430fffe02001c03000010000200,,NSBMD model,Confirmed,True,False,,,,,,,,,,False,False
/data/mmodel/fldeff.narc,/data/mmodel/fldeff.narc!/member_00047,0,/data/mmodel/fldeff.narc,244,47,,39936,40732,38852,39648,796,e7b53ca2b628448d29aa830522eb2a475ae727de54c2be43a832216ec863b1a8,424d4430fffe02001c03000010000200,,NSBMD model,Confirmed,True,False,,,,,,,,,,False,False
/data/mmodel/fldeff.narc,/data/mmodel/fldeff.narc!/member_00048,0,/data/mmodel/fldeff.narc,244,48,,40732,41528,39648,40444,796,58bd00e3b6c5a1f3afa64517c9ece7a02120b045b56d91eee47b2198d3d39f36,424d4430fffe02001c03000010000200,,NSBMD model,Confirmed,True,False,,,,,,,,,,False,False
/data/mmodel/fldeff.narc,/data/mmodel/fldeff.narc!/member_00049,0,/data/mmodel/fldeff.narc,244,49,,41528,42308,40444,41224,780,69104b74eed201ba221d41eb585f132b8db57b03b1c8822a2dca0fdb71f369da,424d4430fffe02000c03000010000200,,NSBMD model,Confirmed,True,False,,,,,,,,,,False,False
/data/mmodel/fldeff.narc,/data/mmodel/fldeff.narc!/member_00050,0,/data/mmodel/fldeff.narc,244,50,,42308,43088,41224,42004,780,9b5bed29041b57d625a6a254742afe19a3a7fc10676b6f70d2479356cb383acd,424d4430fffe02000c03000010000200,,NSBMD model,Confirmed,True,False,,,,,,,,,,False,False
/data/mmodel/fldeff.narc,/data/mmodel/fldeff.narc!/member_00051,0,/data/mmodel/fldeff.narc,244,51,,43088,43868,42004,42784,780,b6095de0a3b419c292fa4f8c67b41188c4a1179f71f5dac82400f0ac8de22727,424d4430fffe02000c03000010000200,,NSBMD model,Confirmed,True,False,,,,,,,,,,False,False
/data/mmodel/fldeff.narc,/data/mmodel/fldeff.narc!/member_00052,0,/data/mmodel/fldeff.narc,244,52,,43868,44648,42784,43564,780,ab719f1921eb8268cd78a4b5a447dd11631749f1f7a866f50eed452a0fdf50a9,424d4430fffe02000c03000010000200,,NSBMD model,Confirmed,True,False,,,,,,,,,,False,False
/data/mmodel/fldeff.narc,/data/mmodel/fldeff.narc!/member_00053,0,/data/mmodel/fldeff.narc,244,53,,44648,45444,43564,44360,796,6709ac54fa6f439aa3b4599a7fca57d22030cf39a38476c732cbeb08c1653150,424d4430fffe02001c03000010000200,,NSBMD model,Confirmed,True,False,,,,,,,,,,False,False
/data/mmodel/fldeff.narc,/data/mmodel/fldeff.narc!/member_00054,0,/data/mmodel/fldeff.narc,244,54,,45444,46240,44360,45156,796,1762d82830d7727c49c00bebe69e3252a4e1e5362c87dcebf2792551c5aabdcb,424d4430fffe02001c03000010000200,,NSBMD model,Confirmed,True,False,,,,,,,,,,False,False
/data/mmodel/fldeff.narc,/data/mmodel/fldeff.narc!/member_00055,0,/data/mmodel/fldeff.narc,244,55,,46240,47036,45156,45952,796,b8ffdafe4e0e65b554ba8424f8d25a4331e4230ddce68e45ca652889421701fd,424d4430fffe02001c03000010000200,,NSBMD model,Confirmed,True,False,,,,,,,,,,False,False
/data/mmodel/fldeff.narc,/data/mmodel/fldeff.narc!/member_00056,0,/data/mmodel/fldeff.narc,244,56,,47036,47832,45952,46748,796,0ab1f9494deb93fa76c0489f57d9e824138300e21ddef5fa96811d5ade174d69,424d4430fffe02001c03000010000200,,NSBMD model,Confirmed,True,False,,,,,,,,,,False,False
/data/mmodel/fldeff.narc,/data/mmodel/fldeff.narc!/member_00057,0,/data/mmodel/fldeff.narc,244,57,,47832,48628,46748,47544,796,5003f0922b47f58f20483078d60fa480a4cc06648868e4ecc0be0752d4bf26bc,424d4430fffe02001c03000010000200,,NSBMD model,Confirmed,True,False,,,,,,,,,,False,False
/data/mmodel/fldeff.narc,/data/mmodel/fldeff.narc!/member_00058,0,/data/mmodel/fldeff.narc,244,58,,48628,51400,47544,50316,2772,d1ac53d519ed67749e470294630dd23c7e086b2729765d952216b7dbaf11032c,424d4430fffe0200d40a000010000200,,NSBMD model,Confirmed,True,False,,,,,,,,,,False,False
/data/mmodel/fldeff.narc,/data/mmodel/fldeff.narc!/member_00059,0,/data/mmodel/fldeff.narc,244,59,,51400,52104,50316,51020,704,7a734042daa2f069ccb3a9174aaab097c1486c3f887655d737ebecc02930f966,424d4430fffe0200c002000010000200,,NSBMD model,Confirmed,True,False,,,,,,,,,,False,False
/data/mmodel/fldeff.narc,/data/mmodel/fldeff.narc!/member_00060,0,/data/mmodel/fldeff.narc,244,60,,52104,52808,51020,51724,704,d09f9d006dc6034cf8e24b39765336c1f7e635f9d22d9354570b10ec2e78fdf5,424d4430fffe0200c002000010000200,,NSBMD model,Confirmed,True,False,,,,,,,,,,False,False
/data/mmodel/fldeff.narc,/data/mmodel/fldeff.narc!/member_00061,0,/data/mmodel/fldeff.narc,244,61,,52808,53512,51724,52428,704,0c05065d057c77163018a0ecac79672e45e5757f457eb1de8add51e328bece8d,424d4430fffe0200c002000010000200,,NSBMD model,Confirmed,True,False,,,,,,,,,,False,False
/data/mmodel/fldeff.narc,/data/mmodel/fldeff.narc!/member_00062,0,/data/mmodel/fldeff.narc,244,62,,53512,54216,52428,53132,704,3776cf3a34b89518151ca0d25c70b87fb3714b8f6d361f54a2563ec6bc69b1bb,424d4430fffe0200c002000010000200,,NSBMD model,Confirmed,True,False,,,,,,,,,,False,False
/data/mmodel/fldeff.narc,/data/mmodel/fldeff.narc!/member_00063,0,/data/mmodel/fldeff.narc,244,63,,54216,54920,53132,53836,704,50ee61771c6f0304e26ba3384c49d5cbe0c76c8b1a46c1ae7cff3cea7c54193c,424d4430fffe0200c002000010000200,,NSBMD model,Confirmed,True,False,,,,,,,,,,False,False
/data/mmodel/fldeff.narc,/data/mmodel/fldeff.narc!/member_00064,0,/data/mmodel/fldeff.narc,244,64,,54920,55624,53836,54540,704,c703c482156851bd5fa489e73834e9632300c91285b38738494d780cf09845b1,424d4430fffe0200c002000010000200,,NSBMD model,Confirmed,True,False,,,,,,,,,,False,False
/data/mmodel/fldeff.narc,/data/mmodel/fldeff.narc!/member_00065,0,/data/mmodel/fldeff.narc,244,65,,55624,56328,54540,55244,704,bdcb5ae704a65b3cf498c432a0a2aa139c7f44951d37ff8c4d2fd0d2a28e0171,424d4430fffe0200c002000010000200,,NSBMD model,Confirmed,True,False,,,,,,,,,,False,False
/data/mmodel/fldeff.narc,/data/mmodel/fldeff.narc!/member_00066,0,/data/mmodel/fldeff.narc,244,66,,56328,57032,55244,55948,704,35f619221ec9d4925370e07d0970c7492e26016f869586f192ff136c35e0eb87,424d4430fffe0200c002000010000200,,NSBMD model,Confirmed,True,False,,,,,,,,,,False,False
/data/mmodel/fldeff.narc,/data/mmodel/fldeff.narc!/member_00067,0,/data/mmodel/fldeff.narc,244,67,,57032,57736,55948,56652,704,82c03240d33698546b973a284a38b7faf3c08333c73de522bfb6740dce93feab,424d4430fffe0200c002000010000200,,NSBMD model,Confirmed,True,False,,,,,,,,,,False,False
/data/mmodel/fldeff.narc,/data/mmodel/fldeff.narc!/member_00068,0,/data/mmodel/fldeff.narc,244,68,,57736,58440,56652,57356,704,bdddb55bb3392b2befa958e92ea3c175a3a8e261c5f892026544dbdcc19cb168,424d4430fffe0200c002000010000200,,NSBMD model,Confirmed,True,False,,,,,,,,,,False,False
/data/mmodel/fldeff.narc,/data/mmodel/fldeff.narc!/member_00069,0,/data/mmodel/fldeff.narc,244,69,,58440,60440,57356,59356,2000,a89efc498356b5650a9ae46bc29c82f15106c02aed1d91b7d92cfed1e8ff0eb6,424d4430fffe0200d007000010000200,,NSBMD model,Confirmed,True,False,,,,,,,,,,False,False
/data/mmodel/fldeff.narc,/data/mmodel/fldeff.narc!/member_00070,0,/data/mmodel/fldeff.narc,244,70,,60440,62832,59356,61748,2392,786037dbfaca950ffa17fea46031f7772488e8868cb5102424a4fcd04546fef8,424d4430fffe02005809000010000200,,NSBMD model,Confirmed,True,False,,,,,,,,,,False,False
/data/mmodel/fldeff.narc,/data/mmodel/fldeff.narc!/member_00071,0,/data/mmodel/fldeff.narc,244,71,,62832,64708,61748,63624,1876,a12f6a2df635d38260091b34720a5353d3c4db85b4962a0c304adea7f3336731,424d4430fffe02005407000010000200,,NSBMD model,Confirmed,True,False,,,,,,,,,,False,False
/data/mmodel/fldeff.narc,/data/mmodel/fldeff.narc!/member_00072,0,/data/mmodel/fldeff.narc,244,72,,64708,67288,63624,66204,2580,44107a5cc498add2b092b355517bc3fe85af35470b626ab2e6494c308789afad,424d4430fffe0200140a000010000200,,NSBMD model,Confirmed,True,False,,,,,,,,,,False,False
/data/mmodel/fldeff.narc,/data/mmodel/fldeff.narc!/member_00073,0,/data/mmodel/fldeff.narc,244,73,,67288,70032,66204,68948,2744,2270afc7616ff6ff3560a25b418e4fce02365271678a1196fbd4c9fed24abf9a,424d4430fffe0200b80a000010000200,,NSBMD model,Confirmed,True,False,,,,,,,,,,False,False
/data/mmodel/fldeff.narc,/data/mmodel/fldeff.narc!/member_00074,0,/data/mmodel/fldeff.narc,244,74,,70032,72280,68948,71196,2248,ed708ef9e5fa67873bfd004a7031cdf9192d4a8470c72c2a1b2e50999b0d792a,424d4430fffe0200c808000010000200,,NSBMD model,Confirmed,True,False,,,,,,,,,,False,False
/data/mmodel/fldeff.narc,/data/mmodel/fldeff.narc!/member_00075,0,/data/mmodel/fldeff.narc,244,75,,72280,73048,71196,71964,768,e55e2f8a0975e66b9c0b544d33c5a1b438761669bb2dfe8585a716a53f1c0e71,424d4430fffe02000003000010000200,,NSBMD model,Confirmed,True,False,,,,,,,,,,False,False
/data/mmodel/fldeff.narc,/data/mmodel/fldeff.narc!/member_00076,0,/data/mmodel/fldeff.narc,244,76,,73048,73816,71964,72732,768,357390b216751c973d13e027d449a20374fdba481cab24426589a7352ef4685f,424d4430fffe02000003000010000200,,NSBMD model,Confirmed,True,False,,,,,,,,,,False,False
/data/mmodel/fldeff.narc,/data/mmodel/fldeff.narc!/member_00077,0,/data/mmodel/fldeff.narc,244,77,,73816,74584,72732,73500,768,c773a3c01259e26287f41960c1b0615fafcffbac18f74fb21d960e57008881e6,424d4430fffe02000003000010000200,,NSBMD model,Confirmed,True,False,,,,,,,,,,False,False
/data/mmodel/fldeff.narc,/data/mmodel/fldeff.narc!/member_00078,0,/data/mmodel/fldeff.narc,244,78,,74584,77432,73500,76348,2848,a26e9db2f001bc63659068b7373c3df4b84f42603727bb1e2c9a568809ea3516,424d4430fffe0200200b000010000200,,NSBMD model,Confirmed,True,False,,,,,,,,,,False,False
/data/mmodel/fldeff.narc,/data/mmodel/fldeff.narc!/member_00079,0,/data/mmodel/fldeff.narc,244,79,,77432,78200,76348,77116,768,1461f52b8c6ce41ba45b358b7f0e009295706e3c639c5a50b91e4c138922f52f,424d4430fffe02000003000010000200,,NSBMD model,Confirmed,True,False,,,,,,,,,,False,False
/data/mmodel/fldeff.narc,/data/mmodel/fldeff.narc!/member_00080,0,/data/mmodel/fldeff.narc,244,80,,78200,78904,77116,77820,704,2af2893ac72157988c8657192fc287960ae13f537ab440f2635af609c3f18b9b,424d4430fffe0200c002000010000200,,NSBMD model,Confirmed,True,False,,,,,,,,,,False,False
/data/mmodel/fldeff.narc,/data/mmodel/fldeff.narc!/member_00081,0,/data/mmodel/fldeff.narc,244,81,,78904,81728,77820,80644,2824,495d28d3658dcbff506daf8aa822fd736fdec60e4956b976b9b97dab5f1b568f,424d4430fffe0200080b000010000200,,NSBMD model,Confirmed,True,False,,,,,,,,,,False,False
/data/mmodel/fldeff.narc,/data/mmodel/fldeff.narc!/member_00082,0,/data/mmodel/fldeff.narc,244,82,,81728,84388,80644,83304,2660,0b7fc2489da187e5fa3e3a582da17cbcbedbb9160b9216cdec0276459696ab06,424d4430fffe0200640a000010000200,,NSBMD model,Confirmed,True,False,,,,,,,,,,False,False
/data/mmodel/fldeff.narc,/data/mmodel/fldeff.narc!/member_00083,0,/data/mmodel/fldeff.narc,244,83,,84388,87160,83304,86076,2772,277756c3f674c3722ab545a192a6f327eb5ea0d14b7c64603d538f6f70984222,424d4430fffe0200d40a000010000200,,NSBMD model,Confirmed,True,False,,,,,,,,,,False,False
/data/mmodel/fldeff.narc,/data/mmodel/fldeff.narc!/member_00084,0,/data/mmodel/fldeff.narc,244,84,,87160,88256,86076,87172,1096,f89fd4b6c22923021cdeee6c75c2f3b0e7ce765f3cb3fd8fe93a8125618bca70,424d4430fffe02004804000010000200,,NSBMD model,Confirmed,True,False,,,,,,,,,,False,False
/data/mmodel/fldeff.narc,/data/mmodel/fldeff.narc!/member_00085,0,/data/mmodel/fldeff.narc,244,85,,88256,89024,87172,87940,768,c74d6379cbbe3afea52230321c62c7a8a5867e50d27de6bf711542c3eabd63be,424d4430fffe02000003000010000200,,NSBMD model,Confirmed,True,False,,,,,,,,,,False,False
/data/mmodel/fldeff.narc,/data/mmodel/fldeff.narc!/member_00086,0,/data/mmodel/fldeff.narc,244,86,,89024,90536,87940,89452,1512,7df7ab1741ef18220667107a5c10e66e1298be7f9422c20066ce4389d77a0060,424d4430fffe0200e805000010000200,,NSBMD model,Confirmed,True,False,,,,,,,,,,False,False
/data/mmodel/fldeff.narc,/data/mmodel/fldeff.narc!/member_00087,0,/data/mmodel/fldeff.narc,244,87,,90536,91412,89452,90328,876,ecbff42af3d2cbb4c8c6e52e7324b8f3b75469ea1ec65944165af645c8866c21,424d4430fffe02006c03000010000200,,NSBMD model,Confirmed,True,False,,,,,,,,,,False,False
/data/mmodel/fldeff.narc,/data/mmodel/fldeff.narc!/member_00088,0,/data/mmodel/fldeff.narc,244,88,,91412,92484,90328,91400,1072,57aa837573bcdab619b7ce7e036422f134b2ad401b5894dd0172cad9c0b4b0e6,424d4430fffe02003004000010000200,,NSBMD model,Confirmed,True,False,,,,,,,,,,False,False
/data/mmodel/fldeff.narc,/data/mmodel/fldeff.narc!/member_00089,0,/data/mmodel/fldeff.narc,244,89,,92484,93448,91400,92364,964,7fa2e2d1fe2202d348d157927bcc6aedf0117fb8c956a5f8de66251dbe820de2,424d4430fffe0200c403000010000200,,NSBMD model,Confirmed,True,False,,,,,,,,,,False,False
/data/mmodel/fldeff.narc,/data/mmodel/fldeff.narc!/member_00090,0,/data/mmodel/fldeff.narc,244,90,,93448,94428,92364,93344,980,e179e697d2059f1547af208416747c5bc40b5d4eeeb0ce55197aaddbe0a1196f,424d4430fffe0200d403000010000200,,NSBMD model,Confirmed,True,False,,,,,,,,,,False,False
/data/mmodel/fldeff.narc,/data/mmodel/fldeff.narc!/member_00091,0,/data/mmodel/fldeff.narc,244,91,,94428,96660,93344,95576,2232,f5465355ee2b756f2834261e0e35c4a7d82dd4659661c7ffdc02bafed870e560,424d4430fffe0200b808000010000200,,NSBMD model,Confirmed,True,False,,,,,,,,,,False,False
/data/mmodel/fldeff.narc,/data/mmodel/fldeff.narc!/member_00092,0,/data/mmodel/fldeff.narc,244,92,,96660,97740,95576,96656,1080,2e46504cfa5776330ebb722e4c2813ae413f10fe335a4a642abd356294c9b9a9,424d4430fffe02003804000010000200,,NSBMD model,Confirmed,True,False,,,,,,,,,,False,False
/data/mmodel/fldeff.narc,/data/mmodel/fldeff.narc!/member_00093,0,/data/mmodel/fldeff.narc,244,93,,97740,98444,96656,97360,704,a08475142e09d0c5403768c3eed318b956ecf48f9269934cf822eeedac76c9fb,424d4430fffe0200c002000010000200,,NSBMD model,Confirmed,True,False,,,,,,,,,,False,False
/data/mmodel/fldeff.narc,/data/mmodel/fldeff.narc!/member_00094,0,/data/mmodel/fldeff.narc,244,94,,98444,99148,97360,98064,704,5d71a55e5061206b09b5b74bf2b6ae9f45ace80c55c2ced4a0be0767e6e3242d,424d4430fffe0200c002000010000200,,NSBMD model,Confirmed,True,False,,,,,,,,,,False,False
/data/mmodel/fldeff.narc,/data/mmodel/fldeff.narc!/member_00095,0,/data/mmodel/fldeff.narc,244,95,,99148,99852,98064,98768,704,61838ebdfc9467692c7619119e24439508fe089f95956fb8347ed3cdc4e80f20,424d4430fffe0200c002000010000200,,NSBMD model,Confirmed,True,False,,,,,,,,,,False,False
/data/mmodel/fldeff.narc,/data/mmodel/fldeff.narc!/member_00096,0,/data/mmodel/fldeff.narc,244,96,,99852,100556,98768,99472,704,2193c4a39ff2d23f0efb7a7ebcbaf49a22cbbd78f145f84f78437650ea470702,424d4430fffe0200c002000010000200,,NSBMD model,Confirmed,True,False,,,,,,,,,,False,False
/data/mmodel/fldeff.narc,/data/mmodel/fldeff.narc!/member_00097,0,/data/mmodel/fldeff.narc,244,97,,100556,101260,99472,100176,704,f5ce32f2577b0821a33d917526a3daf120f48fdfb33408742095c28d55b0df8f,424d4430fffe0200c002000010000200,,NSBMD model,Confirmed,True,False,,,,,,,,,,False,False
/data/mmodel/fldeff.narc,/data/mmodel/fldeff.narc!/member_00098,0,/data/mmodel/fldeff.narc,244,98,,101260,101964,100176,100880,704,a58e85d92577bf9de878141a97850ef8c1e991d49c29f5f2c8fff0f014f131c1,424d4430fffe0200c002000010000200,,NSBMD model,Confirmed,True,False,,,,,,,,,,False,False
/data/mmodel/fldeff.narc,/data/mmodel/fldeff.narc!/member_00099,0,/data/mmodel/fldeff.narc,244,99,,101964,102668,100880,101584,704,886e354033b383be52e46879e162353ab7b0089421199bb6083837508a34903b,424d4430fffe0200c002000010000200,,NSBMD model,Confirmed,True,False,,,,,,,,,,False,False
/data/mmodel/fldeff.narc,/data/mmodel/fldeff.narc!/member_00100,0,/data/mmodel/fldeff.narc,244,100,,102668,103372,101584,102288,704,ee7fa91c0d9884b5a5c9a4d49a2da039c4cac469082c1e3ffe640694468141b4,424d4430fffe0200c002000010000200,,NSBMD model,Confirmed,True,False,,,,,,,,,,False,False
/data/mmodel/fldeff.narc,/data/mmodel/fldeff.narc!/member_00101,0,/data/mmodel/fldeff.narc,244,101,,103372,104076,102288,102992,704,1b72ef7be90768074e0f2b5c1b0180d2db529bc85b44f1725470a45b23fbe701,424d4430fffe0200c002000010000200,,NSBMD model,Confirmed,True,False,,,,,,,,,,False,False
/data/mmodel/fldeff.narc,/data/mmodel/fldeff.narc!/member_00102,0,/data/mmodel/fldeff.narc,244,102,,104076,104780,102992,103696,704,54b8d9c0d356803efb08d33daeadd546a99614e2b322865957fae1ab84820db7,424d4430fffe0200c002000010000200,,NSBMD model,Confirmed,True,False,,,,,,,,,,False,False
/data/mmodel/fldeff.narc,/data/mmodel/fldeff.narc!/member_00103,0,/data/mmodel/fldeff.narc,244,103,,104780,105484,103696,104400,704,8adf8e105991a0a155a2b0f87a0eb3a831434eca00ad5aad7ae11487dfcd8c72,424d4430fffe0200c002000010000200,,NSBMD model,Confirmed,True,False,,,,,,,,,,False,False
/data/mmodel/fldeff.narc,/data/mmodel/fldeff.narc!/member_00104,0,/data/mmodel/fldeff.narc,244,104,,105484,106188,104400,105104,704,464ecf12f039898890c1211b2da1596875336b5abd2ca18c89645c47157f28bf,424d4430fffe0200c002000010000200,,NSBMD model,Confirmed,True,False,,,,,,,,,,False,False
/data/mmodel/fldeff.narc,/data/mmodel/fldeff.narc!/member_00105,0,/data/mmodel/fldeff.narc,244,105,,106188,106892,105104,105808,704,58e007fb248594031c3a9c3cdd4bb3843f2a6e313748b3b2f5ce995d20608c5b,424d4430fffe0200c002000010000200,,NSBMD model,Confirmed,True,False,,,,,,,,,,False,False
/data/mmodel/fldeff.narc,/data/mmodel/fldeff.narc!/member_00106,0,/data/mmodel/fldeff.narc,244,106,,106892,107596,105808,106512,704,f426782a9cf89d9d939d553cc619bcca4e0bf00fc8447f41757dfc83d7fbe6f7,424d4430fffe0200c002000010000200,,NSBMD model,Confirmed,True,False,,,,,,,,,,False,False
/data/mmodel/fldeff.narc,/data/mmodel/fldeff.narc!/member_00107,0,/data/mmodel/fldeff.narc,244,107,,107596,109416,106512,108332,1820,e7fbf1a88b5a86fdf68535108b077c239d86943a9f009648f36d512c6ec4f2dd,424d4430fffe02001c07000010000200,,NSBMD model,Confirmed,True,False,,,,,,,,,,False,False
/data/mmodel/fldeff.narc,/data/mmodel/fldeff.narc!/member_00108,0,/data/mmodel/fldeff.narc,244,108,,109416,110184,108332,109100,768,d1265931ccddc338bcb18e1e38845092227e0b77b74edae5745e30e02cede11e,424d4430fffe02000003000010000200,,NSBMD model,Confirmed,True,False,,,,,,,,,,False,False
/data/mmodel/fldeff.narc,/data/mmodel/fldeff.narc!/member_00109,0,/data/mmodel/fldeff.narc,244,109,,110184,111388,109100,110304,1204,41bb0267e39887f67c9fcf151b30c6e5650596cc1f8658e4a092d070b7ceb121,424d4430fffe0200b404000010000200,,NSBMD model,Confirmed,True,False,,,,,,,,,,False,False
/data/mmodel/fldeff.narc,/data/mmodel/fldeff.narc!/member_00110,0,/data/mmodel/fldeff.narc,244,110,,111388,112540,110304,111456,1152,16481c1d674ae8944539bf63e573efcbeb16d610fcc9dd07095e5a8af18a8ded,424d4430fffe02008004000010000200,,NSBMD model,Confirmed,True,False,,,,,,,,,,False,False
/data/mmodel/fldeff.narc,/data/mmodel/fldeff.narc!/member_00111,0,/data/mmodel/fldeff.narc,244,111,,112540,112808,111456,111724,268,2af415a2d945de4b5a49b6b2cfdbafda78bf5c1dd108566e48e3f97c1deac80f,42545030fffe01000c01000010000100,,NSBTP texture-pattern animation,Confirmed,True,False,,,,,,,,,,False,False
/data/mmodel/fldeff.narc,/data/mmodel/fldeff.narc!/member_00112,0,/data/mmodel/fldeff.narc,244,112,,112808,113076,111724,111992,268,43e904ba8f284caf8311cba51277ecb88f4e8594fc68d58f6970a1dcc053ca2f,42545030fffe01000c01000010000100,,NSBTP texture-pattern animation,Confirmed,True,False,,,,,,,,,,False,False
/data/mmodel/fldeff.narc,/data/mmodel/fldeff.narc!/member_00113,0,/data/mmodel/fldeff.narc,244,113,,113076,113296,111992,112212,220,385cdf8a511739b4fe3efb60ffdfb3f6412227852bc26083bd2a9d6d27455e6e,42545030fffe0100dc00000010000100,,NSBTP texture-pattern animation,Confirmed,True,False,,,,,,,,,,False,False
/data/mmodel/fldeff.narc,/data/mmodel/fldeff.narc!/member_00114,0,/data/mmodel/fldeff.narc,244,114,,113296,113544,112212,112460,248,8922bf3b84f0e6bf1b15ad43bc0840a1eb416df8ea95a8f788775eb379843386,42545030fffe0100f800000010000100,,NSBTP texture-pattern animation,Confirmed,True,False,,,,,,,,,,False,False
/data/mmodel/fldeff.narc,/data/mmodel/fldeff.narc!/member_00115,0,/data/mmodel/fldeff.narc,244,115,,113544,113744,112460,112660,200,34fc571feb02b9140bf0628706430bda854b82e996c71ee3882acf7ebfb7246c,42545030fffe0100c800000010000100,,NSBTP texture-pattern animation,Confirmed,True,False,,,,,,,,,,False,False
/data/mmodel/fldeff.narc,/data/mmodel/fldeff.narc!/member_00116,0,/data/mmodel/fldeff.narc,244,116,,113744,114012,112660,112928,268,2ea4d84697a0cbb5f2c35815cedf63c99fc3a0ff4efb74ed5999653b5bc91155,42545030fffe01000c01000010000100,,NSBTP texture-pattern animation,Confirmed,True,False,,,,,,,,,,False,False
/data/mmodel/fldeff.narc,/data/mmodel/fldeff.narc!/member_00117,0,/data/mmodel/fldeff.narc,244,117,,114012,114032,112928,112948,20,58527da36cd1f0a87213f61f27f8bc1670c1312459469e1f07ed436e1b735ccf,040000000000040008000c0000010203,,,,,False,,,,,,,,,,False,False
/data/mmodel/fldeff.narc,/data/mmodel/fldeff.narc!/member_00118,0,/data/mmodel/fldeff.narc,244,118,,114032,114080,112948,112996,48,2f134b0ace1ef2163b0a3ceb04ca0aa959179a4f36305a98e63489bb0717164d,0b0000000000040008000c0010001400,,,,,False,,,,,,,,,,False,False
/data/mmodel/fldeff.narc,/data/mmodel/fldeff.narc!/member_00119,0,/data/mmodel/fldeff.narc,244,119,,114080,114120,112996,113036,40,998640316fdc397cb4657ef876f00c047ae4e048384ac766ab4a8fe5f53dd174,0900000000000300060009000c000f00,,,,,False,,,,,,,,,,False,False
/data/mmodel/fldeff.narc,/data/mmodel/fldeff.narc!/member_00120,0,/data/mmodel/fldeff.narc,244,120,,114120,114176,113036,113092,56,b3dfb4058df959ebfc80437d5d06bd5fba7666b5135fdef254e02e88c8357ea1,0d00000000000300060009000c000f00,,,,,False,,,,,,,,,,False,False
/data/mmodel/fldeff.narc,/data/mmodel/fldeff.narc!/member_00121,0,/data/mmodel/fldeff.narc,244,121,,114176,114192,113092,113108,16,340a60620c94f5c7531652a4cfa925928ed1b47da0afb31e1f4b7fdac40bb100,03000000000004000800000102000102,,,,,False,,,,,,,,,,False,False
/data/mmodel/fldeff.narc,/data/mmodel/fldeff.narc!/member_00122,0,/data/mmodel/fldeff.narc,244,122,,114192,114212,113108,113128,20,e985fdcdde6952900c40e69ebb53010e24cbb5d7370a604962dc8104fe3d8f18,04000000000003000600090000010203,,,,,False,,,,,,,,,,False,False
/data/mmodel/fldeff.narc,/data/mmodel/fldeff.narc!/member_00123,0,/data/mmodel/fldeff.narc,244,123,,114212,114244,113128,113160,32,2fdc15b30612f846dd1db2cb259cc466ecdc0502d69b2fb225247743d8b93832,07000000000002000400060008000a00,,,,,False,,,,,,,,,,False,False
/data/mmodel/fldeff.narc,/data/mmodel/fldeff.narc!/member_00124,0,/data/mmodel/fldeff.narc,244,124,,114244,114256,113160,113172,12,001bc196c47fc955632c5d2f37ef6d2e8886295b0c14207dcbfa30d0bfea3d3f,020000000000020000010001,,,,,False,,,,,,,,,,False,False
/data/mmodel/fldeff.narc,/data/mmodel/fldeff.narc!/member_00125,0,/data/mmodel/fldeff.narc,244,125,,114256,114276,113172,113192,20,89be03214ffe6d8336ff42bec8b701b055c0ccaaa04846880e62833a3dfbaf8e,04000000000002000400060000010203,,,,,False,,,,,,,,,,False,False
/data/mmodel/fldeff.narc,/data/mmodel/fldeff.narc!/member_00126,0,/data/mmodel/fldeff.narc,244,126,,114276,114296,113192,113212,20,89be03214ffe6d8336ff42bec8b701b055c0ccaaa04846880e62833a3dfbaf8e,04000000000002000400060000010203,,,,,False,,,,,,,,,,False,False
/data/mmodel/fldeff.narc,/data/mmodel/fldeff.narc!/member_00127,0,/data/mmodel/fldeff.narc,244,127,,114296,114316,113212,113232,20,89be03214ffe6d8336ff42bec8b701b055c0ccaaa04846880e62833a3dfbaf8e,04000000000002000400060000010203,,,,,False,,,,,,,,,,False,False
/data/mmodel/fldeff.narc,/data/mmodel/fldeff.narc!/member_00128,0,/data/mmodel/fldeff.narc,244,128,,114316,114328,113232,113244,12,7c9acd5bec8ad44a2c46414b5f1116b263d5f678b0248981cc3ee4d3d5491f7d,020000000000050000010001,,,,,False,,,,,,,,,,False,False
/data/mmodel/mmodel.narc,/data/mmodel/mmodel.narc!/member_00000,0,/data/mmodel/mmodel.narc,245,0,,3364,10124,0,6760,6760,3b6d24e8643ded4e2f68918e5176c0a94c8ec269eac42b4ac1f05f91178091a2,42545830fffe0100681a000010000100,,NSBTX texture,Confirmed,True,False,,,,,,,,,,False,False
/data/mmodel/mmodel.narc,/data/mmodel/mmodel.narc!/member_00001,0,/data/mmodel/mmodel.narc,245,1,,10124,16884,6760,13520,6760,caa98e68ca23e096c6856372b67d154a7aa5f718c70b7db17c2334bfb497911b,42545830fffe0100681a000010000100,,NSBTX texture,Confirmed,True,False,,,,,,,,,,False,False
/data/mmodel/mmodel.narc,/data/mmodel/mmodel.narc!/member_00002,0,/data/mmodel/mmodel.narc,245,2,,16884,23644,13520,20280,6760,58951e4f29a55a5fb2ef51547deaaa1bce399b27e8a0e8c08e9cdc75652af871,42545830fffe0100681a000010000100,,NSBTX texture,Confirmed,True,False,,,,,,,,,,False,False
/data/mmodel/mmodel.narc,/data/mmodel/mmodel.narc!/member_00003,0,/data/mmodel/mmodel.narc,245,3,,23644,30404,20280,27040,6760,d97ce69ec27fcf31577b17064f0e9c19c872f166e3b83622e7f3c3eb18b3eefc,42545830fffe0100681a000010000100,,NSBTX texture,Confirmed,True,False,,,,,,,,,,False,False
/data/mmodel/mmodel.narc,/data/mmodel/mmodel.narc!/member_00004,0,/data/mmodel/mmodel.narc,245,4,,30404,37164,27040,33800,6760,8b4ae618cfd0f699f56426fd66a1d8a1a47f0ea1df94cedae9a1b44d421ceae3,42545830fffe0100681a000010000100,,NSBTX texture,Confirmed,True,False,,,,,,,,,,False,False
/data/mmodel/mmodel.narc,/data/mmodel/mmodel.narc!/member_00005,0,/data/mmodel/mmodel.narc,245,5,,37164,43924,33800,40560,6760,af577f8d18488a6c51f98dbd34d4dd895274893d669b38dcbc73b6637916781c,42545830fffe0100681a000010000100,,NSBTX texture,Confirmed,True,False,,,,,,,,,,False,False
/data/mmodel/mmodel.narc,/data/mmodel/mmodel.narc!/member_00006,0,/data/mmodel/mmodel.narc,245,6,,43924,50684,40560,47320,6760,a68529c608845f7d6f873625286e2518287d43654f1aa13c578add9ad9e274dd,42545830fffe0100681a000010000100,,NSBTX texture,Confirmed,True,False,,,,,,,,,,False,False
/data/mmodel/mmodel.narc,/data/mmodel/mmodel.narc!/member_00007,0,/data/mmodel/mmodel.narc,245,7,,50684,57444,47320,54080,6760,1ec4f2d187ce15ef50ffb6769ca59d2502180aae575d47bfd74a64cfc9060d74,42545830fffe0100681a000010000100,,NSBTX texture,Confirmed,True,False,,,,,,,,,,False,False
/data/mmodel/mmodel.narc,/data/mmodel/mmodel.narc!/member_00008,0,/data/mmodel/mmodel.narc,245,8,,57444,64204,54080,60840,6760,7a6c62dd3c0ace65b91bcf103aaaae6d6d06b1c27929fdaa9a27c95eb5b585d5,42545830fffe0100681a000010000100,,NSBTX texture,Confirmed,True,False,,,,,,,,,,False,False
/data/mmodel/mmodel.narc,/data/mmodel/mmodel.narc!/member_00009,0,/data/mmodel/mmodel.narc,245,9,,64204,70964,60840,67600,6760,17a56685a18a67922821f02c726d71c5ec36821bc6460e6c3b96fadd25dbc875,42545830fffe0100681a000010000100,,NSBTX texture,Confirmed,True,False,,,,,,,,,,False,False
/data/mmodel/mmodel.narc,/data/mmodel/mmodel.narc!/member_00010,0,/data/mmodel/mmodel.narc,245,10,,70964,77724,67600,74360,6760,807d4b12948b0cfc1fde73a03e0da844564b789f1fd207428a5f2a6f4bb27e91,42545830fffe0100681a000010000100,,NSBTX texture,Confirmed,True,False,,,,,,,,,,False,False
/data/mmodel/mmodel.narc,/data/mmodel/mmodel.narc!/member_00011,0,/data/mmodel/mmodel.narc,245,11,,77724,84484,74360,81120,6760,57b299e777eff9b153a8116cccc42f6b71b7da680bf010d9798cd2ba3c857baf,42545830fffe0100681a000010000100,,NSBTX texture,Confirmed,True,False,,,,,,,,,,False,False
/data/mmodel/mmodel.narc,/data/mmodel/mmodel.narc!/member_00012,0,/data/mmodel/mmodel.narc,245,12,,84484,91244,81120,87880,6760,52712c2199348532cfb8eefd7007caa588145f5b1e3ae44bb798c7433cf44c35,42545830fffe0100681a000010000100,,NSBTX texture,Confirmed,True,False,,,,,,,,,,False,False
/data/mmodel/mmodel.narc,/data/mmodel/mmodel.narc!/member_00013,0,/data/mmodel/mmodel.narc,245,13,,91244,98004,87880,94640,6760,18df8d039317ef03da32937f8ae669d0adf4b2fb3a89396e2455307d029a646e,42545830fffe0100681a000010000100,,NSBTX texture,Confirmed,True,False,,,,,,,,,,False,False
/data/mmodel/mmodel.narc,/data/mmodel/mmodel.narc!/member_00014,0,/data/mmodel/mmodel.narc,245,14,,98004,104764,94640,101400,6760,94261085f31a075a4848b8bebebcd8f2e39676914098fe7249062c7e2b111572,42545830fffe0100681a000010000100,,NSBTX texture,Confirmed,True,False,,,,,,,,,,False,False
/data/mmodel/mmodel.narc,/data/mmodel/mmodel.narc!/member_00015,0,/data/mmodel/mmodel.narc,245,15,,104764,111524,101400,108160,6760,8e4a1db54d3dc10eeb28e06720b40ecdd25d1502b15a60c95096af7fa2ead017,42545830fffe0100681a000010000100,,NSBTX texture,Confirmed,True,False,,,,,,,,,,False,False
/data/mmodel/mmodel.narc,/data/mmodel/mmodel.narc!/member_00016,0,/data/mmodel/mmodel.narc,245,16,,111524,118284,108160,114920,6760,9b0f9f8a3bfd8fbd0e77e6315f14c5c2199c8c40957e0445fa152f0be79fd495,42545830fffe0100681a000010000100,,NSBTX texture,Confirmed,True,False,,,,,,,,,,False,False
/data/mmodel/mmodel.narc,/data/mmodel/mmodel.narc!/member_00017,0,/data/mmodel/mmodel.narc,245,17,,118284,125044,114920,121680,6760,dbaaf441c80fcbe7af73cfb145cfa7f24592d07c7a701e79a9e98f6f985e6bd1,42545830fffe0100681a000010000100,,NSBTX texture,Confirmed,True,False,,,,,,,,,,False,False
/data/mmodel/mmodel.narc,/data/mmodel/mmodel.narc!/member_00018,0,/data/mmodel/mmodel.narc,245,18,,125044,131804,121680,128440,6760,f60bb320c398ad7054f8ac06683228956496a6cfff905616595b67c7890f976a,42545830fffe0100681a000010000100,,NSBTX texture,Confirmed,True,False,,,,,,,,,,False,False
/data/mmodel/mmodel.narc,/data/mmodel/mmodel.narc!/member_00019,0,/data/mmodel/mmodel.narc,245,19,,131804,138564,128440,135200,6760,b641923beda5a8056bb92da8f2271d2ed53a21ba114ea3a17d0616c5fc9c4920,42545830fffe0100681a000010000100,,NSBTX texture,Confirmed,True,False,,,,,,,,,,False,False
/data/mmodel/mmodel.narc,/data/mmodel/mmodel.narc!/member_00020,0,/data/mmodel/mmodel.narc,245,20,,138564,145324,135200,141960,6760,b61b9522ed93b25671e36c2d2e55dcaca5b15ffa789d106d70a0177da0e731ab,42545830fffe0100681a000010000100,,NSBTX texture,Confirmed,True,False,,,,,,,,,,False,False
/data/mmodel/mmodel.narc,/data/mmodel/mmodel.narc!/member_00021,0,/data/mmodel/mmodel.narc,245,21,,145324,152084,141960,148720,6760,40628d921b980fbb84b2ee03980e9b11f330c23bab6be03436cd88d97b54aa9f,42545830fffe0100681a000010000100,,NSBTX texture,Confirmed,True,False,,,,,,,,,,False,False
/data/mmodel/mmodel.narc,/data/mmodel/mmodel.narc!/member_00022,0,/data/mmodel/mmodel.narc,245,22,,152084,158844,148720,155480,6760,1b809d13d7f84e0c877d8288ff46e60189b4ba83fd5052ca738c23a8c9f56535,42545830fffe0100681a000010000100,,NSBTX texture,Confirmed,True,False,,,,,,,,,,False,False
/data/mmodel/mmodel.narc,/data/mmodel/mmodel.narc!/member_00023,0,/data/mmodel/mmodel.narc,245,23,,158844,165604,155480,162240,6760,3cafe721a565f5739f08bce083eacefd8da155144293042b4466633a12b2d7b4,42545830fffe0100681a000010000100,,NSBTX texture,Confirmed,True,False,,,,,,,,,,False,False
/data/mmodel/mmodel.narc,/data/mmodel/mmodel.narc!/member_00024,0,/data/mmodel/mmodel.narc,245,24,,165604,172904,162240,169540,7300,db7c7b60dd5d82c871b05a4fb14f86e0dbfa9e7e97be04a8c2c417fe0418aa37,42545830fffe0100841c000010000100,,NSBTX texture,Confirmed,True,False,,,,,,,,,,False,False
/data/mmodel/mmodel.narc,/data/mmodel/mmodel.narc!/member_00025,0,/data/mmodel/mmodel.narc,245,25,,172904,179664,169540,176300,6760,e73de07902d27d7a1525191f78a9495c20881bfec1314a6ae058415720dea53a,42545830fffe0100681a000010000100,,NSBTX texture,Confirmed,True,False,,,,,,,,,,False,False
/data/mmodel/mmodel.narc,/data/mmodel/mmodel.narc!/member_00026,0,/data/mmodel/mmodel.narc,245,26,,179664,186424,176300,183060,6760,a65a5d06af704fb851e3f86817a0e9d02fd05a3bf7ef900ac09ca3e32e78440b,42545830fffe0100681a000010000100,,NSBTX texture,Confirmed,True,False,,,,,,,,,,False,False
/data/mmodel/mmodel.narc,/data/mmodel/mmodel.narc!/member_00027,0,/data/mmodel/mmodel.narc,245,27,,186424,193184,183060,189820,6760,6672eb7394d77aa39847ab1ccd4e042c6bee6eece8e40f68d6a90a097bd67704,42545830fffe0100681a000010000100,,NSBTX texture,Confirmed,True,False,,,,,,,,,,False,False
/data/mmodel/mmodel.narc,/data/mmodel/mmodel.narc!/member_00028,0,/data/mmodel/mmodel.narc,245,28,,193184,199944,189820,196580,6760,f7c515bb69778938661b80989d5cdac6b0148deba678ee0d99ff4f547d62cff5,42545830fffe0100681a000010000100,,NSBTX texture,Confirmed,True,False,,,,,,,,,,False,False
/data/mmodel/mmodel.narc,/data/mmodel/mmodel.narc!/member_00029,0,/data/mmodel/mmodel.narc,245,29,,199944,206704,196580,203340,6760,aae37aecc249003579042364e6ffcf9a8c5cc611c4fe8984f48f13f691c22617,42545830fffe0100681a000010000100,,NSBTX texture,Confirmed,True,False,,,,,,,,,,False,False
/data/mmodel/mmodel.narc,/data/mmodel/mmodel.narc!/member_00030,0,/data/mmodel/mmodel.narc,245,30,,206704,213464,203340,210100,6760,064d9898a6ee864a4d1ee69a70b092dcf3115d45f40a52e3f683ad1fef19fc51,42545830fffe0100681a000010000100,,NSBTX texture,Confirmed,True,False,,,,,,,,,,False,False
/data/mmodel/mmodel.narc,/data/mmodel/mmodel.narc!/member_00031,0,/data/mmodel/mmodel.narc,245,31,,213464,220224,210100,216860,6760,70bd51bb04acbeaf7ff8f8fe1e610f8cdaec1bfcf8304befa57b3f7e2747f704,42545830fffe0100681a000010000100,,NSBTX texture,Confirmed,True,False,,,,,,,,,,False,False
/data/mmodel/mmodel.narc,/data/mmodel/mmodel.narc!/member_00032,0,/data/mmodel/mmodel.narc,245,32,,220224,226984,216860,223620,6760,9e69bf9414690a63c2482d5ddaa46e872f4af7fa1ae45b902ed60a6c93aeb4f7,42545830fffe0100681a000010000100,,NSBTX texture,Confirmed,True,False,,,,,,,,,,False,False
/data/mmodel/mmodel.narc,/data/mmodel/mmodel.narc!/member_00033,0,/data/mmodel/mmodel.narc,245,33,,226984,233744,223620,230380,6760,e078a063d475b27b7adf07a08aad88d6bfebcb3077e7b499ceeb2b47c1afe091,42545830fffe0100681a000010000100,,NSBTX texture,Confirmed,True,False,,,,,,,,,,False,False
/data/mmodel/mmodel.narc,/data/mmodel/mmodel.narc!/member_00034,0,/data/mmodel/mmodel.narc,245,34,,233744,240504,230380,237140,6760,18923a8aca6c2e81abd49b2ef819538c948edc26a4c5cb4a860e14a9b8abd988,42545830fffe0100681a000010000100,,NSBTX texture,Confirmed,True,False,,,,,,,,,,False,False
/data/mmodel/mmodel.narc,/data/mmodel/mmodel.narc!/member_00035,0,/data/mmodel/mmodel.narc,245,35,,240504,247264,237140,243900,6760,5761b7a15034fe6e40b79ec85f83f6980cb11beba64926ff5936cab896114387,42545830fffe0100681a000010000100,,NSBTX texture,Confirmed,True,False,,,,,,,,,,False,False
/data/mmodel/mmodel.narc,/data/mmodel/mmodel.narc!/member_00036,0,/data/mmodel/mmodel.narc,245,36,,247264,254024,243900,250660,6760,5a392b7b4876aa876cb9af0912e3a01e5feedeeefff7e83f237c27d0600ee555,42545830fffe0100681a000010000100,,NSBTX texture,Confirmed,True,False,,,,,,,,,,False,False
/data/mmodel/mmodel.narc,/data/mmodel/mmodel.narc!/member_00037,0,/data/mmodel/mmodel.narc,245,37,,254024,260784,250660,257420,6760,714527aca02541263c4c205984042d509fe1f777dba5c41fa489b1a2853ad5ce,42545830fffe0100681a000010000100,,NSBTX texture,Confirmed,True,False,,,,,,,,,,False,False
/data/mmodel/mmodel.narc,/data/mmodel/mmodel.narc!/member_00038,0,/data/mmodel/mmodel.narc,245,38,,260784,267544,257420,264180,6760,925fc554cc7a8de2f7a9fa4248bbc2c268633bc5790231b04bfc6a6eef8c9ffc,42545830fffe0100681a000010000100,,NSBTX texture,Confirmed,True,False,,,,,,,,,,False,False
/data/mmodel/mmodel.narc,/data/mmodel/mmodel.narc!/member_00039,0,/data/mmodel/mmodel.narc,245,39,,267544,274304,264180,270940,6760,25aaba18501122b5842343c5871fcc7701a0e4eb4291bf0982863df9c9e0ae62,42545830fffe0100681a000010000100,,NSBTX texture,Confirmed,True,False,,,,,,,,,,False,False
/data/mmodel/mmodel.narc,/data/mmodel/mmodel.narc!/member_00040,0,/data/mmodel/mmodel.narc,245,40,,274304,281064,270940,277700,6760,47cd1998e52febbe5c292dc55da0262aaf6731efb19b3055f670f8d175562600,42545830fffe0100681a000010000100,,NSBTX texture,Confirmed,True,False,,,,,,,,,,False,False
/data/mmodel/mmodel.narc,/data/mmodel/mmodel.narc!/member_00041,0,/data/mmodel/mmodel.narc,245,41,,281064,287824,277700,284460,6760,98520cbc43bfbc940418226241ecfde964fb1b26e7ad976c1c4f9fa427ca51b2,42545830fffe0100681a000010000100,,NSBTX texture,Confirmed,True,False,,,,,,,,,,False,False
/data/mmodel/mmodel.narc,/data/mmodel/mmodel.narc!/member_00042,0,/data/mmodel/mmodel.narc,245,42,,287824,294584,284460,291220,6760,b6b786bc42dd2a686de0e07c0a3605c5323054cf630c7aa5589fbf4ee7147a78,42545830fffe0100681a000010000100,,NSBTX texture,Confirmed,True,False,,,,,,,,,,False,False
/data/mmodel/mmodel.narc,/data/mmodel/mmodel.narc!/member_00043,0,/data/mmodel/mmodel.narc,245,43,,294584,301344,291220,297980,6760,0c6ba1ac33bb67882e94502481f8e99e21981cd6fe905d2a6d55d500d5e22852,42545830fffe0100681a000010000100,,NSBTX texture,Confirmed,True,False,,,,,,,,,,False,False
/data/mmodel/mmodel.narc,/data/mmodel/mmodel.narc!/member_00044,0,/data/mmodel/mmodel.narc,245,44,,301344,308104,297980,304740,6760,a75fb590e4f39f83b18ac960496ebedb577ac35c8f5d0a95b0784af519503db1,42545830fffe0100681a000010000100,,NSBTX texture,Confirmed,True,False,,,,,,,,,,False,False
/data/mmodel/mmodel.narc,/data/mmodel/mmodel.narc!/member_00045,0,/data/mmodel/mmodel.narc,245,45,,308104,314864,304740,311500,6760,533a4a05f16caa22b2acaae1f40a79930822bc8d33a8c1e9653fa5062ebd4fd3,42545830fffe0100681a000010000100,,NSBTX texture,Confirmed,True,False,,,,,,,,,,False,False
/data/mmodel/mmodel.narc,/data/mmodel/mmodel.narc!/member_00046,0,/data/mmodel/mmodel.narc,245,46,,314864,321624,311500,318260,6760,b3c398d0e55bf4b733447b130f421f9aacd2cc333960987191e81dce41784e92,42545830fffe0100681a000010000100,,NSBTX texture,Confirmed,True,False,,,,,,,,,,False,False
/data/mmodel/mmodel.narc,/data/mmodel/mmodel.narc!/member_00047,0,/data/mmodel/mmodel.narc,245,47,,321624,328384,318260,325020,6760,fc2a50a7bf73fbad7c60d997e54754fe892b9c96b61c789f56b66633ea611825,42545830fffe0100681a000010000100,,NSBTX texture,Confirmed,True,False,,,,,,,,,,False,False
/data/mmodel/mmodel.narc,/data/mmodel/mmodel.narc!/member_00048,0,/data/mmodel/mmodel.narc,245,48,,328384,335144,325020,331780,6760,6a66641eb83a6d66ff83c987b8f10ecdf6e172da24b013ffc2d9dd94fa987bf9,42545830fffe0100681a000010000100,,NSBTX texture,Confirmed,True,False,,,,,,,,,,False,False
/data/mmodel/mmodel.narc,/data/mmodel/mmodel.narc!/member_00049,0,/data/mmodel/mmodel.narc,245,49,,335144,341904,331780,338540,6760,1254d7ffec947ef606cf9e508b0ee7bd2c2c337325768c785e0379484c9e0938,42545830fffe0100681a000010000100,,NSBTX texture,Confirmed,True,False,,,,,,,,,,False,False
/data/mmodel/mmodel.narc,/data/mmodel/mmodel.narc!/member_00050,0,/data/mmodel/mmodel.narc,245,50,,341904,348664,338540,345300,6760,d6583b98de6725499d469a7917bc7d5dc0a7dbf3a5b7ac15bc90e17e5c0da0aa,42545830fffe0100681a000010000100,,NSBTX texture,Confirmed,True,False,,,,,,,,,,False,False
/data/mmodel/mmodel.narc,/data/mmodel/mmodel.narc!/member_00051,0,/data/mmodel/mmodel.narc,245,51,,348664,355424,345300,352060,6760,c332711a3025ed3a16d76686224fc07cca6563ca5a47f3da929574acb8208b9b,42545830fffe0100681a000010000100,,NSBTX texture,Confirmed,True,False,,,,,,,,,,False,False
/data/mmodel/mmodel.narc,/data/mmodel/mmodel.narc!/member_00052,0,/data/mmodel/mmodel.narc,245,52,,355424,362184,352060,358820,6760,60add2e6aeaa75576bcb4de62138e4dff83f40d9e88f33c4090f7816f55e2a88,42545830fffe0100681a000010000100,,NSBTX texture,Confirmed,True,False,,,,,,,,,,False,False
/data/mmodel/mmodel.narc,/data/mmodel/mmodel.narc!/member_00053,0,/data/mmodel/mmodel.narc,245,53,,362184,368944,358820,365580,6760,aab0443b9bc6dce80a6a8a95d4054fe7e523774f1f8c11bc89ebb2c7ee108cb8,42545830fffe0100681a000010000100,,NSBTX texture,Confirmed,True,False,,,,,,,,,,False,False
/data/mmodel/mmodel.narc,/data/mmodel/mmodel.narc!/member_00054,0,/data/mmodel/mmodel.narc,245,54,,368944,375704,365580,372340,6760,ada4491451e2960583217fb990d156e2a34c411e8306ba279d14738fa15ce979,42545830fffe0100681a000010000100,,NSBTX texture,Confirmed,True,False,,,,,,,,,,False,False
/data/mmodel/mmodel.narc,/data/mmodel/mmodel.narc!/member_00055,0,/data/mmodel/mmodel.narc,245,55,,375704,377344,372340,373980,1640,a92d80a8b431bc70e3a5d5c0260fce30389c60d7d50b89e1f22bbb99786ddb64,42545830fffe01006806000010000100,,NSBTX texture,Confirmed,True,False,,,,,,,,,,False,False
/data/mmodel/mmodel.narc,/data/mmodel/mmodel.narc!/member_00056,0,/data/mmodel/mmodel.narc,245,56,,377344,378984,373980,375620,1640,a92d80a8b431bc70e3a5d5c0260fce30389c60d7d50b89e1f22bbb99786ddb64,42545830fffe01006806000010000100,,NSBTX texture,Confirmed,True,False,,,,,,,,,,False,False
/data/mmodel/mmodel.narc,/data/mmodel/mmodel.narc!/member_00057,0,/data/mmodel/mmodel.narc,245,57,,378984,385744,375620,382380,6760,f89b4b6cf092b470ca89780a18d92301624fc82b979d1cd4cdbcacfae04661e7,42545830fffe0100681a000010000100,,NSBTX texture,Confirmed,True,False,,,,,,,,,,False,False
/data/mmodel/mmodel.narc,/data/mmodel/mmodel.narc!/member_00058,0,/data/mmodel/mmodel.narc,245,58,,385744,392504,382380,389140,6760,65287772769f1822df958b5031c3171162b87e4690d4243ed3b0ad5f326c892b,42545830fffe0100681a000010000100,,NSBTX texture,Confirmed,True,False,,,,,,,,,,False,False
/data/mmodel/mmodel.narc,/data/mmodel/mmodel.narc!/member_00059,0,/data/mmodel/mmodel.narc,245,59,,392504,394144,389140,390780,1640,a92d80a8b431bc70e3a5d5c0260fce30389c60d7d50b89e1f22bbb99786ddb64,42545830fffe01006806000010000100,,NSBTX texture,Confirmed,True,False,,,,,,,,,,False,False
/data/mmodel/mmodel.narc,/data/mmodel/mmodel.narc!/member_00060,0,/data/mmodel/mmodel.narc,245,60,,394144,400904,390780,397540,6760,c96205b015f3f3dc00d900044f4657308f7ebd3ce63f16f63eac97192c00ba2d,42545830fffe0100681a000010000100,,NSBTX texture,Confirmed,True,False,,,,,,,,,,False,False
/data/mmodel/mmodel.narc,/data/mmodel/mmodel.narc!/member_00061,0,/data/mmodel/mmodel.narc,245,61,,400904,407664,397540,404300,6760,34a9d7751786041570050f3241fdfaa577e55196b3231a4b1a5397739dad4ddd,42545830fffe0100681a000010000100,,NSBTX texture,Confirmed,True,False,,,,,,,,,,False,False
/data/mmodel/mmodel.narc,/data/mmodel/mmodel.narc!/member_00062,0,/data/mmodel/mmodel.narc,245,62,,407664,414424,404300,411060,6760,0f8b620c4f65e978625a668072b9f1617e0bb6ba45d05a22ae8d2c3bba43de46,42545830fffe0100681a000010000100,,NSBTX texture,Confirmed,True,False,,,,,,,,,,False,False
/data/mmodel/mmodel.narc,/data/mmodel/mmodel.narc!/member_00063,0,/data/mmodel/mmodel.narc,245,63,,414424,421184,411060,417820,6760,aa0753f536088bed38b0b76e7046c3269bf33372c56276caf625954d7b2dde83,42545830fffe0100681a000010000100,,NSBTX texture,Confirmed,True,False,,,,,,,,,,False,False
/data/mmodel/mmodel.narc,/data/mmodel/mmodel.narc!/member_00064,0,/data/mmodel/mmodel.narc,245,64,,421184,422824,417820,419460,1640,a92d80a8b431bc70e3a5d5c0260fce30389c60d7d50b89e1f22bbb99786ddb64,42545830fffe01006806000010000100,,NSBTX texture,Confirmed,True,False,,,,,,,,,,False,False
/data/mmodel/mmodel.narc,/data/mmodel/mmodel.narc!/member_00065,0,/data/mmodel/mmodel.narc,245,65,,422824,424464,419460,421100,1640,a92d80a8b431bc70e3a5d5c0260fce30389c60d7d50b89e1f22bbb99786ddb64,42545830fffe01006806000010000100,,NSBTX texture,Confirmed,True,False,,,,,,,,,,False,False
/data/mmodel/mmodel.narc,/data/mmodel/mmodel.narc!/member_00066,0,/data/mmodel/mmodel.narc,245,66,,424464,431224,421100,427860,6760,de12fe4bb6f380962843ee121cb75b6a6677efa0c32277f275d48b68613eb16d,42545830fffe0100681a000010000100,,NSBTX texture,Confirmed,True,False,,,,,,,,,,False,False
/data/mmodel/mmodel.narc,/data/mmodel/mmodel.narc!/member_00067,0,/data/mmodel/mmodel.narc,245,67,,431224,437984,427860,434620,6760,1d1d16f79d5ffb86a4fca406e418b79b88123f228524272a6ab1192adc7ad761,42545830fffe0100681a000010000100,,NSBTX texture,Confirmed,True,False,,,,,,,,,,False,False
/data/mmodel/mmodel.narc,/data/mmodel/mmodel.narc!/member_00068,0,/data/mmodel/mmodel.narc,245,68,,437984,444744,434620,441380,6760,83d9c6e9ea54b7ea4c233df147006b5bf1068872c9d7e88931535f11a6c146b6,42545830fffe0100681a000010000100,,NSBTX texture,Confirmed,True,False,,,,,,,,,,False,False
/data/mmodel/mmodel.narc,/data/mmodel/mmodel.narc!/member_00069,0,/data/mmodel/mmodel.narc,245,69,,444744,451504,441380,448140,6760,c4e674bb5d1cdff0c0db06d6ccc4f423d18e13d3fd6fc8a844d7a80c4aecf925,42545830fffe0100681a000010000100,,NSBTX texture,Confirmed,True,False,,,,,,,,,,False,False
/data/mmodel/mmodel.narc,/data/mmodel/mmodel.narc!/member_00070,0,/data/mmodel/mmodel.narc,245,70,,451504,458264,448140,454900,6760,8381c4742f051dac4787c88389b16b4421eb263e06695a674566ca3fef2ec8de,42545830fffe0100681a000010000100,,NSBTX texture,Confirmed,True,False,,,,,,,,,,False,False
/data/mmodel/mmodel.narc,/data/mmodel/mmodel.narc!/member_00071,0,/data/mmodel/mmodel.narc,245,71,,458264,465024,454900,461660,6760,f2c44f0fee718ed172980a504800e3d323981ea2c5e62a2239aaf83c2eb72bd9,42545830fffe0100681a000010000100,,NSBTX texture,Confirmed,True,False,,,,,,,,,,False,False
/data/mmodel/mmodel.narc,/data/mmodel/mmodel.narc!/member_00072,0,/data/mmodel/mmodel.narc,245,72,,465024,471784,461660,468420,6760,159ccdf92f3cc4a49710d1391f0995ddc17b49a866b4773f041e492dc24e4e61,42545830fffe0100681a000010000100,,NSBTX texture,Confirmed,True,False,,,,,,,,,,False,False
/data/mmodel/mmodel.narc,/data/mmodel/mmodel.narc!/member_00073,0,/data/mmodel/mmodel.narc,245,73,,471784,473424,468420,470060,1640,a92d80a8b431bc70e3a5d5c0260fce30389c60d7d50b89e1f22bbb99786ddb64,42545830fffe01006806000010000100,,NSBTX texture,Confirmed,True,False,,,,,,,,,,False,False
/data/mmodel/mmodel.narc,/data/mmodel/mmodel.narc!/member_00074,0,/data/mmodel/mmodel.narc,245,74,,473424,475064,470060,471700,1640,a92d80a8b431bc70e3a5d5c0260fce30389c60d7d50b89e1f22bbb99786ddb64,42545830fffe01006806000010000100,,NSBTX texture,Confirmed,True,False,,,,,,,,,,False,False
/data/mmodel/mmodel.narc,/data/mmodel/mmodel.narc!/member_00075,0,/data/mmodel/mmodel.narc,245,75,,475064,476704,471700,473340,1640,a92d80a8b431bc70e3a5d5c0260fce30389c60d7d50b89e1f22bbb99786ddb64,42545830fffe01006806000010000100,,NSBTX texture,Confirmed,True,False,,,,,,,,,,False,False
/data/mmodel/mmodel.narc,/data/mmodel/mmodel.narc!/member_00076,0,/data/mmodel/mmodel.narc,245,76,,476704,483464,473340,480100,6760,a9395a48b1a25a57e00ac128eee54f349178336f2b5cbccbcc8bb65e5dff5984,42545830fffe0100681a000010000100,,NSBTX texture,Confirmed,True,False,,,,,,,,,,False,False
/data/mmodel/mmodel.narc,/data/mmodel/mmodel.narc!/member_00077,0,/data/mmodel/mmodel.narc,245,77,,483464,490224,480100,486860,6760,fac69d9f74a4c088f4f72a61d11e29eb59a0545cb8e3aabbf262c70c296592dc,42545830fffe0100681a000010000100,,NSBTX texture,Confirmed,True,False,,,,,,,,,,False,False
/data/mmodel/mmodel.narc,/data/mmodel/mmodel.narc!/member_00078,0,/data/mmodel/mmodel.narc,245,78,,490224,491864,486860,488500,1640,a92d80a8b431bc70e3a5d5c0260fce30389c60d7d50b89e1f22bbb99786ddb64,42545830fffe01006806000010000100,,NSBTX texture,Confirmed,True,False,,,,,,,,,,False,False
/data/mmodel/mmodel.narc,/data/mmodel/mmodel.narc!/member_00079,0,/data/mmodel/mmodel.narc,245,79,,491864,496576,488500,493212,4712,9f94efdf72ad3acd10f9ca0b58ef1209b18b3967267a3fe1bdeb5036e968b4b6,42545830fffe01006812000010000100,,NSBTX texture,Confirmed,True,False,,,,,,,,,,False,False
/data/mmodel/mmodel.narc,/data/mmodel/mmodel.narc!/member_00080,0,/data/mmodel/mmodel.narc,245,80,,496576,503336,493212,499972,6760,d98e19b591de15f1e7531e3b857ce1e1b14c889946c115257c4dbba9c6ede885,42545830fffe0100681a000010000100,,NSBTX texture,Confirmed,True,False,,,,,,,,,,False,False
/data/mmodel/mmodel.narc,/data/mmodel/mmodel.narc!/member_00081,0,/data/mmodel/mmodel.narc,245,81,,503336,510096,499972,506732,6760,b4e5386271b6d6e8c982971a69e8a7b6fd395b8f490ba599947502441f890e0f,42545830fffe0100681a000010000100,,NSBTX texture,Confirmed,True,False,,,,,,,,,,False,False
/data/mmodel/mmodel.narc,/data/mmodel/mmodel.narc!/member_00082,0,/data/mmodel/mmodel.narc,245,82,,510096,510404,506732,507040,308,d1baddb76a5916ceaad41e67725c54a16ea2e03e4ceff010c7c204093a7c291d,42545830fffe01003401000010000100,,NSBTX texture,Confirmed,True,False,,,,,,,,,,False,False
/data/mmodel/mmodel.narc,/data/mmodel/mmodel.narc!/member_00083,0,/data/mmodel/mmodel.narc,245,83,,510404,510712,507040,507348,308,3142e9291ca1609720443cf0bc52ba68dd5424ea6b725a844bcc19cc13280182,42545830fffe01003401000010000100,,NSBTX texture,Confirmed,True,False,,,,,,,,,,False,False
/data/mmodel/mmodel.narc,/data/mmodel/mmodel.narc!/member_00084,0,/data/mmodel/mmodel.narc,245,84,,510712,511404,507348,508040,692,edb0eda32de784e209ea208723f4d89546350244b0b4cd06a038ced9a2f4c76f,42545830fffe0100b402000010000100,,NSBTX texture,Confirmed,True,False,,,,,,,,,,False,False
/data/mmodel/mmodel.narc,/data/mmodel/mmodel.narc!/member_00085,0,/data/mmodel/mmodel.narc,245,85,,511404,511712,508040,508348,308,de798fd77fb8a67e233848c06d17b95dd04dc29a1abc995dca03f07a42d35f0a,42545830fffe01003401000010000100,,NSBTX texture,Confirmed,True,False,,,,,,,,,,False,False
/data/mmodel/mmodel.narc,/data/mmodel/mmodel.narc!/member_00086,0,/data/mmodel/mmodel.narc,245,86,,511712,518472,508348,515108,6760,c62b9ecffd5af07580260d6187dba31753a31fd6a29bc18c38e0cbf592e8ca89,42545830fffe0100681a000010000100,,NSBTX texture,Confirmed,True,False,,,,,,,,,,False,False
/data/mmodel/mmodel.narc,/data/mmodel/mmodel.narc!/member_00087,0,/data/mmodel/mmodel.narc,245,87,,518472,525232,515108,521868,6760,c62b9ecffd5af07580260d6187dba31753a31fd6a29bc18c38e0cbf592e8ca89,42545830fffe0100681a000010000100,,NSBTX texture,Confirmed,True,False,,,,,,,,,,False,False
/data/mmodel/mmodel.narc,/data/mmodel/mmodel.narc!/member_00088,0,/data/mmodel/mmodel.narc,245,88,,525232,531992,521868,528628,6760,c62b9ecffd5af07580260d6187dba31753a31fd6a29bc18c38e0cbf592e8ca89,42545830fffe0100681a000010000100,,NSBTX texture,Confirmed,True,False,,,,,,,,,,False,False
/data/mmodel/mmodel.narc,/data/mmodel/mmodel.narc!/member_00089,0,/data/mmodel/mmodel.narc,245,89,,531992,533044,528628,529680,1052,226d804eea4306eceafee72942b79c5566a1102d075323c99b70aa9c951b908b,42545830fffe01001c04000010000100,,NSBTX texture,Confirmed,True,False,,,,,,,,,,False,False
/data/mmodel/mmodel.narc,/data/mmodel/mmodel.narc!/member_00090,0,/data/mmodel/mmodel.narc,245,90,,533044,546396,529680,543032,13352,eac2d01fc5ae4bc01a80b6d31113163080d8ac22b8aac9b7ff51c2eb90b5018f,42545830fffe01002834000010000100,,NSBTX texture,Confirmed,True,False,,,,,,,,,,False,False
/data/mmodel/mmodel.narc,/data/mmodel/mmodel.narc!/member_00091,0,/data/mmodel/mmodel.narc,245,91,,546396,559748,543032,556384,13352,398a60fec4971267ecbad45e4feeaf54072070eda09e486aa603633f23bf04e7,42545830fffe01002834000010000100,,NSBTX texture,Confirmed,True,False,,,,,,,,,,False,False
/data/mmodel/mmodel.narc,/data/mmodel/mmodel.narc!/member_00092,0,/data/mmodel/mmodel.narc,245,92,,559748,570828,556384,567464,11080,f8dde3efc057ae85db0be150dd247ebe53dcf07a1ecffad0f2e570e25d4ef007,42545830fffe0100482b000010000100,,NSBTX texture,Confirmed,True,False,,,,,,,,,,False,False
/data/mmodel/mmodel.narc,/data/mmodel/mmodel.narc!/member_00093,0,/data/mmodel/mmodel.narc,245,93,,570828,581908,567464,578544,11080,a56fdbe7ee82367a801086da93ef2ad1a6624679b4c99de4965f3398671af5d1,42545830fffe0100482b000010000100,,NSBTX texture,Confirmed,True,False,,,,,,,,,,False,False
/data/mmodel/mmodel.narc,/data/mmodel/mmodel.narc!/member_00094,0,/data/mmodel/mmodel.narc,245,94,,581908,588668,578544,585304,6760,6bdad536419da043ac411f8fc1d7994494575e4aa480a9a1178efaa32643f729,42545830fffe0100681a000010000100,,NSBTX texture,Confirmed,True,False,,,,,,,,,,False,False
/data/mmodel/mmodel.narc,/data/mmodel/mmodel.narc!/member_00095,0,/data/mmodel/mmodel.narc,245,95,,588668,589156,585304,585792,488,256c31656bc86d96a1b15ecc19090c3be7c5c26b957a2c0fd0358d20db49d859,42545830fffe0100e801000010000100,,NSBTX texture,Confirmed,True,False,,,,,,,,,,False,False
/data/mmodel/mmodel.narc,/data/mmodel/mmodel.narc!/member_00096,0,/data/mmodel/mmodel.narc,245,96,,589156,589900,585792,586536,744,fd5e77b79f1f2e0ca256030d36789e03f7e0148c7696676c6b4f49ca505aa583,42545830fffe0100e802000010000100,,NSBTX texture,Confirmed,True,False,,,,,,,,,,False,False
/data/mmodel/mmodel.narc,/data/mmodel/mmodel.narc!/member_00097,0,/data/mmodel/mmodel.narc,245,97,,589900,590660,586536,587296,760,1adc0669621dafb84920db55d978e61ad2c516659ca2a36c7275f0099dd94e01,42545830fffe0100f802000010000100,,NSBTX texture,Confirmed,True,False,,,,,,,,,,False,False
/data/mmodel/mmodel.narc,/data/mmodel/mmodel.narc!/member_00098,0,/data/mmodel/mmodel.narc,245,98,,590660,591420,587296,588056,760,daaa39661e483f064ff67e033525f8efd98194244f577bf5977ecfcfa571b451,42545830fffe0100f802000010000100,,NSBTX texture,Confirmed,True,False,,,,,,,,,,False,False
/data/mmodel/mmodel.narc,/data/mmodel/mmodel.narc!/member_00099,0,/data/mmodel/mmodel.narc,245,99,,591420,598180,588056,594816,6760,9a0d90e643e2e2cc960644940801d49422040a14527689c5a0837309629a7941,42545830fffe0100681a000010000100,,NSBTX texture,Confirmed,True,False,,,,,,,,,,False,False
/data/mmodel/mmodel.narc,/data/mmodel/mmodel.narc!/member_00100,0,/data/mmodel/mmodel.narc,245,100,,598180,604940,594816,601576,6760,5d7e693c4374182a71fb60e1b5a714b74a7b03316602ec97fd4030ffb8745f15,42545830fffe0100681a000010000100,,NSBTX texture,Confirmed,True,False,,,,,,,,,,False,False
/data/mmodel/mmodel.narc,/data/mmodel/mmodel.narc!/member_00101,0,/data/mmodel/mmodel.narc,245,101,,604940,611700,601576,608336,6760,0840b5492c32b519ae76c8cc40da23b863800466673582b1699e2bde9f2651cb,42545830fffe0100681a000010000100,,NSBTX texture,Confirmed,True,False,,,,,,,,,,False,False
/data/mmodel/mmodel.narc,/data/mmodel/mmodel.narc!/member_00102,0,/data/mmodel/mmodel.narc,245,102,,611700,618460,608336,615096,6760,6cb3e8d8f6568d6c7a6817be473d2d8c3f78012dc5ad13b0beed6c87059e340d,42545830fffe0100681a000010000100,,NSBTX texture,Confirmed,True,False,,,,,,,,,,False,False
/data/mmodel/mmodel.narc,/data/mmodel/mmodel.narc!/member_00103,0,/data/mmodel/mmodel.narc,245,103,,618460,625220,615096,621856,6760,650f3879e34b3e3107b41a159c36ba53fca2da41b59431554dcd71a46c509c48,42545830fffe0100681a000010000100,,NSBTX texture,Confirmed,True,False,,,,,,,,,,False,False
/data/mmodel/mmodel.narc,/data/mmodel/mmodel.narc!/member_00104,0,/data/mmodel/mmodel.narc,245,104,,625220,631980,621856,628616,6760,6df0da23e45407e77534ca9ea56e348a10f656eaa0eea773c0b91a4cdfca877e,42545830fffe0100681a000010000100,,NSBTX texture,Confirmed,True,False,,,,,,,,,,False,False
/data/mmodel/mmodel.narc,/data/mmodel/mmodel.narc!/member_00105,0,/data/mmodel/mmodel.narc,245,105,,631980,638740,628616,635376,6760,97fa1d33e46325239de0bd8624b785ec6f9e4860d7adf861ab06fc49b41d3b2b,42545830fffe0100681a000010000100,,NSBTX texture,Confirmed,True,False,,,,,,,,,,False,False
/data/mmodel/mmodel.narc,/data/mmodel/mmodel.narc!/member_00106,0,/data/mmodel/mmodel.narc,245,106,,638740,645500,635376,642136,6760,a650a3b15d8d10f90d76ba80c04bbb57052ab47bd5bbf8b323aa62a59e70ffa8,42545830fffe0100681a000010000100,,NSBTX texture,Confirmed,True,False,,,,,,,,,,False,False
/data/mmodel/mmodel.narc,/data/mmodel/mmodel.narc!/member_00107,0,/data/mmodel/mmodel.narc,245,107,,645500,652260,642136,648896,6760,a9cef6385347eee2d086154d0ae93dfd77901710376d690817f554513576b821,42545830fffe0100681a000010000100,,NSBTX texture,Confirmed,True,False,,,,,,,,,,False,False
/data/mmodel/mmodel.narc,/data/mmodel/mmodel.narc!/member_00108,0,/data/mmodel/mmodel.narc,245,108,,652260,659020,648896,655656,6760,2602254f1dd5524db81ee715f875e92f7abb6db17b5aaa26d17c2209854c783e,42545830fffe0100681a000010000100,,NSBTX texture,Confirmed,True,False,,,,,,,,,,False,False
/data/mmodel/mmodel.narc,/data/mmodel/mmodel.narc!/member_00109,0,/data/mmodel/mmodel.narc,245,109,,659020,665780,655656,662416,6760,5ab62da25b4ebd2758d92c7ebbe63ff799238a7b217b7984deb6d2dd9d6b3a21,42545830fffe0100681a000010000100,,NSBTX texture,Confirmed,True,False,,,,,,,,,,False,False
/data/mmodel/mmodel.narc,/data/mmodel/mmodel.narc!/member_00110,0,/data/mmodel/mmodel.narc,245,110,,665780,672540,662416,669176,6760,550f32e861c4fb104bbbf7c4cb6cea8fe2c56757ff10426a88ee08e4ccbd88a5,42545830fffe0100681a000010000100,,NSBTX texture,Confirmed,True,False,,,,,,,,,,False,False
/data/mmodel/mmodel.narc,/data/mmodel/mmodel.narc!/member_00111,0,/data/mmodel/mmodel.narc,245,111,,672540,679300,669176,675936,6760,300eeb46d58be5b592e03fdbc350c0ecb88e0ed92408c247d7151c6516c6dc00,42545830fffe0100681a000010000100,,NSBTX texture,Confirmed,True,False,,,,,,,,,,False,False
/data/mmodel/mmodel.narc,/data/mmodel/mmodel.narc!/member_00112,0,/data/mmodel/mmodel.narc,245,112,,679300,686060,675936,682696,6760,5119302eeee6e872a85faf3064098b1b2b7c670d96320e2a32f4322604243258,42545830fffe0100681a000010000100,,NSBTX texture,Confirmed,True,False,,,,,,,,,,False,False
/data/mmodel/mmodel.narc,/data/mmodel/mmodel.narc!/member_00113,0,/data/mmodel/mmodel.narc,245,113,,686060,692820,682696,689456,6760,40a251a67b673cb5d9a2209cc69cb971dfdf03e011e31d4ea705a4e3fcc74599,42545830fffe0100681a000010000100,,NSBTX texture,Confirmed,True,False,,,,,,,,,,False,False
/data/mmodel/mmodel.narc,/data/mmodel/mmodel.narc!/member_00114,0,/data/mmodel/mmodel.narc,245,114,,692820,699580,689456,696216,6760,2f922f257f152a6ac6ab13fd68c88bfdff54f93ca47d0b2a5577a982a4df56c1,42545830fffe0100681a000010000100,,NSBTX texture,Confirmed,True,False,,,,,,,,,,False,False
/data/mmodel/mmodel.narc,/data/mmodel/mmodel.narc!/member_00115,0,/data/mmodel/mmodel.narc,245,115,,699580,706340,696216,702976,6760,81917afeb4fe192b2b67f5e47aba716485e60930fe0b1aee1cce319e3622a695,42545830fffe0100681a000010000100,,NSBTX texture,Confirmed,True,False,,,,,,,,,,False,False
/data/mmodel/mmodel.narc,/data/mmodel/mmodel.narc!/member_00116,0,/data/mmodel/mmodel.narc,245,116,,706340,713100,702976,709736,6760,2a691af271ea15d7aa59a4be08bcbc65dda431149f984175ef31f840ac4d486e,42545830fffe0100681a000010000100,,NSBTX texture,Confirmed,True,False,,,,,,,,,,False,False
/data/mmodel/mmodel.narc,/data/mmodel/mmodel.narc!/member_00117,0,/data/mmodel/mmodel.narc,245,117,,713100,719860,709736,716496,6760,d6d3c39f6c1f30e42668a34106ab498eba2f16c3f1aa69134dac00b68eb1d89f,42545830fffe0100681a000010000100,,NSBTX texture,Confirmed,True,False,,,,,,,,,,False,False
/data/mmodel/mmodel.narc,/data/mmodel/mmodel.narc!/member_00118,0,/data/mmodel/mmodel.narc,245,118,,719860,726620,716496,723256,6760,4989c3cb5a9d613821b379efe68c66058ac4f657a1518bac9a5ea8da08309ee1,42545830fffe0100681a000010000100,,NSBTX texture,Confirmed,True,False,,,,,,,,,,False,False
/data/mmodel/mmodel.narc,/data/mmodel/mmodel.narc!/member_00119,0,/data/mmodel/mmodel.narc,245,119,,726620,733380,723256,730016,6760,d3fccebeb37ed9d1daf8ee647dbbf175b1e0fbe67cedcbcff23979822ff04bf0,42545830fffe0100681a000010000100,,NSBTX texture,Confirmed,True,False,,,,,,,,,,False,False
/data/mmodel/mmodel.narc,/data/mmodel/mmodel.narc!/member_00120,0,/data/mmodel/mmodel.narc,245,120,,733380,740140,730016,736776,6760,39eb1c4e9e842a2a795a323e498fa142d4b5bfb9cfcad6074e78dd348e16c870,42545830fffe0100681a000010000100,,NSBTX texture,Confirmed,True,False,,,,,,,,,,False,False
/data/mmodel/mmodel.narc,/data/mmodel/mmodel.narc!/member_00121,0,/data/mmodel/mmodel.narc,245,121,,740140,746900,736776,743536,6760,1828fa6c7f5e70f6af13cdf0c9929c1a8138f4c893401cd634a028c2fbe50c01,42545830fffe0100681a000010000100,,NSBTX texture,Confirmed,True,False,,,,,,,,,,False,False
/data/mmodel/mmodel.narc,/data/mmodel/mmodel.narc!/member_00122,0,/data/mmodel/mmodel.narc,245,122,,746900,753660,743536,750296,6760,8737e5f9ef381021501e02478de4884401251d9779d3c64907c409d3743fbdcf,42545830fffe0100681a000010000100,,NSBTX texture,Confirmed,True,False,,,,,,,,,,False,False
/data/mmodel/mmodel.narc,/data/mmodel/mmodel.narc!/member_00123,0,/data/mmodel/mmodel.narc,245,123,,753660,760420,750296,757056,6760,a6b65d7b85e55260a88d98df2875db7e65186abf1ecc7260fe5c322839b677ce,42545830fffe0100681a000010000100,,NSBTX texture,Confirmed,True,False,,,,,,,,,,False,False
/data/mmodel/mmodel.narc,/data/mmodel/mmodel.narc!/member_00124,0,/data/mmodel/mmodel.narc,245,124,,760420,768716,757056,765352,8296,e1e349c02603c8dc3059afcbc7358ee1553ba5a3bf02ba9411054a5836030968,42545830fffe01006820000010000100,,NSBTX texture,Confirmed,True,False,,,,,,,,,,False,False
/data/mmodel/mmodel.narc,/data/mmodel/mmodel.narc!/member_00125,0,/data/mmodel/mmodel.narc,245,125,,768716,770356,765352,766992,1640,a92d80a8b431bc70e3a5d5c0260fce30389c60d7d50b89e1f22bbb99786ddb64,42545830fffe01006806000010000100,,NSBTX texture,Confirmed,True,False,,,,,,,,,,False,False
/data/mmodel/mmodel.narc,/data/mmodel/mmodel.narc!/member_00126,0,/data/mmodel/mmodel.narc,245,126,,770356,771996,766992,768632,1640,a92d80a8b431bc70e3a5d5c0260fce30389c60d7d50b89e1f22bbb99786ddb64,42545830fffe01006806000010000100,,NSBTX texture,Confirmed,True,False,,,,,,,,,,False,False
/data/mmodel/mmodel.narc,/data/mmodel/mmodel.narc!/member_00127,0,/data/mmodel/mmodel.narc,245,127,,771996,778756,768632,775392,6760,685c9a3850babefff966ddfd6efb17346c2abb6232aaeaf9f155640a9fcd698f,42545830fffe0100681a000010000100,,NSBTX texture,Confirmed,True,False,,,,,,,,,,False,False
/data/mmodel/mmodel.narc,/data/mmodel/mmodel.narc!/member_00128,0,/data/mmodel/mmodel.narc,245,128,,778756,785516,775392,782152,6760,3dfe17c5f49ed632be9c772eab2dcacc679497441654757474a3c4db033740bd,42545830fffe0100681a000010000100,,NSBTX texture,Confirmed,True,False,,,,,,,,,,False,False
/data/mmodel/mmodel.narc,/data/mmodel/mmodel.narc!/member_00129,0,/data/mmodel/mmodel.narc,245,129,,785516,792276,782152,788912,6760,3dfe17c5f49ed632be9c772eab2dcacc679497441654757474a3c4db033740bd,42545830fffe0100681a000010000100,,NSBTX texture,Confirmed,True,False,,,,,,,,,,False,False
/data/mmodel/mmodel.narc,/data/mmodel/mmodel.narc!/member_00130,0,/data/mmodel/mmodel.narc,245,130,,792276,793524,788912,790160,1248,2bb3ceddfa64f9a62893db49160b9e4f0e8e150f3467a873a144e80d9f46c098,42545830fffe0100e004000010000100,,NSBTX texture,Confirmed,True,False,,,,,,,,,,False,False
/data/mmodel/mmodel.narc,/data/mmodel/mmodel.narc!/member_00131,0,/data/mmodel/mmodel.narc,245,131,,793524,794772,790160,791408,1248,3fb466b0a52fe18795af8a087407c9509564ddf486e12eb3a924cd8447ec4450,42545830fffe0100e004000010000100,,NSBTX texture,Confirmed,True,False,,,,,,,,,,False,False
/data/mmodel/mmodel.narc,/data/mmodel/mmodel.narc!/member_00132,0,/data/mmodel/mmodel.narc,245,132,,794772,796020,791408,792656,1248,018f4f92d8b7a2c20d36b9899bd840f5e0ca61c0e58f389ed1d468d009a9b3df,42545830fffe0100e004000010000100,,NSBTX texture,Confirmed,True,False,,,,,,,,,,False,False
/data/mmodel/mmodel.narc,/data/mmodel/mmodel.narc!/member_00133,0,/data/mmodel/mmodel.narc,245,133,,796020,800340,792656,796976,4320,bacdee82a636d0f5aef3924cff864022139d8ce6da0c948743fd205667440f20,42545830fffe0100e010000010000100,,NSBTX texture,Confirmed,True,False,,,,,,,,,,False,False
/data/mmodel/mmodel.narc,/data/mmodel/mmodel.narc!/member_00134,0,/data/mmodel/mmodel.narc,245,134,,800340,804660,796976,801296,4320,f5fbaec748c96809085803013b5fc913f1fbc45f6a30b89ac630031e2bb9e844,42545830fffe0100e010000010000100,,NSBTX texture,Confirmed,True,False,,,,,,,,,,False,False
/data/mmodel/mmodel.narc,/data/mmodel/mmodel.narc!/member_00135,0,/data/mmodel/mmodel.narc,245,135,,804660,808980,801296,805616,4320,3edd6f61994c562ec960cbd799a490d27c74e29d62a31805100f5f6cd4872c56,42545830fffe0100e010000010000100,,NSBTX texture,Confirmed,True,False,,,,,,,,,,False,False
/data/mmodel/mmodel.narc,/data/mmodel/mmodel.narc!/member_00136,0,/data/mmodel/mmodel.narc,245,136,,808980,810228,805616,806864,1248,8a893629adb62833639e8b92bb7e21e82d7f240ed2ddfe418dacf60354d86f52,42545830fffe0100e004000010000100,,NSBTX texture,Confirmed,True,False,,,,,,,,,,False,False
/data/mmodel/mmodel.narc,/data/mmodel/mmodel.narc!/member_00137,0,/data/mmodel/mmodel.narc,245,137,,810228,814940,806864,811576,4712,85c145627f6a86d51b4b1f564f449d74962ec6befd39b477ef82bca03175f4da,42545830fffe01006812000010000100,,NSBTX texture,Confirmed,True,False,,,,,,,,,,False,False
/data/mmodel/mmodel.narc,/data/mmodel/mmodel.narc!/member_00138,0,/data/mmodel/mmodel.narc,245,138,,814940,816188,811576,812824,1248,9a35816cfd12630d332af39c255a9e1de0ee3f6dff403efde5405454af463a01,42545830fffe0100e004000010000100,,NSBTX texture,Confirmed,True,False,,,,,,,,,,False,False
/data/mmodel/mmodel.narc,/data/mmodel/mmodel.narc!/member_00139,0,/data/mmodel/mmodel.narc,245,139,,816188,820508,812824,817144,4320,00eb69c0e1ae0d73df8e9e017620b39ab9f7e7128e12008fef2a27a7f2358b5f,42545830fffe0100e010000010000100,,NSBTX texture,Confirmed,True,False,,,,,,,,,,False,False
/data/mmodel/mmodel.narc,/data/mmodel/mmodel.narc!/member_00140,0,/data/mmodel/mmodel.narc,245,140,,820508,821756,817144,818392,1248,a92076761b85f827775cc1b718aa8ca7f9c7f3e0a7bd071570e5bd34dfef90b3,42545830fffe0100e004000010000100,,NSBTX texture,Confirmed,True,False,,,,,,,,,,False,False
/data/mmodel/mmodel.narc,/data/mmodel/mmodel.narc!/member_00141,0,/data/mmodel/mmodel.narc,245,141,,821756,823396,818392,820032,1640,a92d80a8b431bc70e3a5d5c0260fce30389c60d7d50b89e1f22bbb99786ddb64,42545830fffe01006806000010000100,,NSBTX texture,Confirmed,True,False,,,,,,,,,,False,False
/data/mmodel/mmodel.narc,/data/mmodel/mmodel.narc!/member_00142,0,/data/mmodel/mmodel.narc,245,142,,823396,830156,820032,826792,6760,f43b1a048c7e9101bc6433b3f9c7499c337f7fd59986fac48b2237a628e27c97,42545830fffe0100681a000010000100,,NSBTX texture,Confirmed,True,False,,,,,,,,,,False,False
/data/mmodel/mmodel.narc,/data/mmodel/mmodel.narc!/member_00143,0,/data/mmodel/mmodel.narc,245,143,,830156,836916,826792,833552,6760,e7072e8db5a17c262b8f084fc37863d65f4c752335eb8ed9af2a92b239e85fae,42545830fffe0100681a000010000100,,NSBTX texture,Confirmed,True,False,,,,,,,,,,False,False
/data/mmodel/mmodel.narc,/data/mmodel/mmodel.narc!/member_00144,0,/data/mmodel/mmodel.narc,245,144,,836916,843676,833552,840312,6760,40ff4756ef3ee817600b100565f6a3e73962bda3ccf796d4364610bc1948cab6,42545830fffe0100681a000010000100,,NSBTX texture,Confirmed,True,False,,,,,,,,,,False,False
/data/mmodel/mmodel.narc,/data/mmodel/mmodel.narc!/member_00145,0,/data/mmodel/mmodel.narc,245,145,,843676,850436,840312,847072,6760,c38e0ffbb671071790251178fa8b3d4c81da2b1f274138037c670184ae2e2b0a,42545830fffe0100681a000010000100,,NSBTX texture,Confirmed,True,False,,,,,,,,,,False,False
/data/mmodel/mmodel.narc,/data/mmodel/mmodel.narc!/member_00146,0,/data/mmodel/mmodel.narc,245,146,,850436,857196,847072,853832,6760,95be6fb06431852ba6c7cf2d932393fedeca089b42fb128cbec120046a404236,42545830fffe0100681a000010000100,,NSBTX texture,Confirmed,True,False,,,,,,,,,,False,False
/data/mmodel/mmodel.narc,/data/mmodel/mmodel.narc!/member_00147,0,/data/mmodel/mmodel.narc,245,147,,857196,863956,853832,860592,6760,9efc8fe94bb477483b997e625270fdb05d088fba426f151f67be1f3824453232,42545830fffe0100681a000010000100,,NSBTX texture,Confirmed,True,False,,,,,,,,,,False,False
/data/mmodel/mmodel.narc,/data/mmodel/mmodel.narc!/member_00148,0,/data/mmodel/mmodel.narc,245,148,,863956,870716,860592,867352,6760,eca33e4c7efa415fb17e1a926654eda97a95d1665baf8d9917322fcd14e42b73,42545830fffe0100681a000010000100,,NSBTX texture,Confirmed,True,False,,,,,,,,,,False,False
/data/mmodel/mmodel.narc,/data/mmodel/mmodel.narc!/member_00149,0,/data/mmodel/mmodel.narc,245,149,,870716,877476,867352,874112,6760,3dfe17c5f49ed632be9c772eab2dcacc679497441654757474a3c4db033740bd,42545830fffe0100681a000010000100,,NSBTX texture,Confirmed,True,False,,,,,,,,,,False,False
/data/mmodel/mmodel.narc,/data/mmodel/mmodel.narc!/member_00150,0,/data/mmodel/mmodel.narc,245,150,,877476,884236,874112,880872,6760,3dfe17c5f49ed632be9c772eab2dcacc679497441654757474a3c4db033740bd,42545830fffe0100681a000010000100,,NSBTX texture,Confirmed,True,False,,,,,,,,,,False,False
/data/mmodel/mmodel.narc,/data/mmodel/mmodel.narc!/member_00151,0,/data/mmodel/mmodel.narc,245,151,,884236,890996,880872,887632,6760,3dfe17c5f49ed632be9c772eab2dcacc679497441654757474a3c4db033740bd,42545830fffe0100681a000010000100,,NSBTX texture,Confirmed,True,False,,,,,,,,,,False,False
/data/mmodel/mmodel.narc,/data/mmodel/mmodel.narc!/member_00152,0,/data/mmodel/mmodel.narc,245,152,,890996,893324,887632,889960,2328,f1e10a26b63432ce65e5a1ceb0c3ea1b301583bb9eced7213731e57bcb87d01d,42545830fffe01001809000010000100,,NSBTX texture,Confirmed,True,False,,,,,,,,,,False,False
/data/mmodel/mmodel.narc,/data/mmodel/mmodel.narc!/member_00153,0,/data/mmodel/mmodel.narc,245,153,,893324,894032,889960,890668,708,9e15f1d3bf345011aafa3e08fdfd7b4550abba1fdc94f78567858c3c66bed977,42545830fffe0100c402000010000100,,NSBTX texture,Confirmed,True,False,,,,,,,,,,False,False
/data/mmodel/mmodel.narc,/data/mmodel/mmodel.narc!/member_00154,0,/data/mmodel/mmodel.narc,245,154,,894032,900792,890668,897428,6760,507c707be361257967ef4112505b7c5ad297b6bb66588b607cf4df15bcf4fbe0,42545830fffe0100681a000010000100,,NSBTX texture,Confirmed,True,False,,,,,,,,,,False,False
/data/mmodel/mmodel.narc,/data/mmodel/mmodel.narc!/member_00155,0,/data/mmodel/mmodel.narc,245,155,,900792,903120,897428,899756,2328,0016eef8cb9ecb91ea98d8670103d2b86d48adefab4896ea0e6c0766940cd94d,42545830fffe01001809000010000100,,NSBTX texture,Confirmed,True,False,,,,,,,,,,False,False
/data/mmodel/mmodel.narc,/data/mmodel/mmodel.narc!/member_00156,0,/data/mmodel/mmodel.narc,245,156,,903120,905448,899756,902084,2328,d7c61df1864cb558754b625c723cf83ba8a879c6ac8f4150e11feb9ac5c73907,42545830fffe01001809000010000100,,NSBTX texture,Confirmed,True,False,,,,,,,,,,False,False
/data/mmodel/mmodel.narc,/data/mmodel/mmodel.narc!/member_00157,0,/data/mmodel/mmodel.narc,245,157,,905448,908372,902084,905008,2924,4e59cf281219ec43d1356864b31a89b881aab0d0a52c7acfaa52ce6941fb22d7,42545830fffe01006c0b000010000100,,NSBTX texture,Confirmed,True,False,,,,,,,,,,False,False
/data/mmodel/mmodel.narc,/data/mmodel/mmodel.narc!/member_00158,0,/data/mmodel/mmodel.narc,245,158,,908372,911296,905008,907932,2924,44b6dafc408e948df9f9de2011e91e45786bd2254cac0386e4de6b6912c4de99,42545830fffe01006c0b000010000100,,NSBTX texture,Confirmed,True,False,,,,,,,,,,False,False
/data/mmodel/mmodel.narc,/data/mmodel/mmodel.narc!/member_00159,0,/data/mmodel/mmodel.narc,245,159,,911296,913624,907932,910260,2328,1d49e6d2bdfdebdc76530709963af5b4a5574e88f9b8e91e3cfe6b3198c1c2a5,42545830fffe01001809000010000100,,NSBTX texture,Confirmed,True,False,,,,,,,,,,False,False
/data/mmodel/mmodel.narc,/data/mmodel/mmodel.narc!/member_00160,0,/data/mmodel/mmodel.narc,245,160,,913624,915952,910260,912588,2328,707756f53c6d55be499bade0e75e631bb81b334105df7612acbd1755bef53385,42545830fffe01001809000010000100,,NSBTX texture,Confirmed,True,False,,,,,,,,,,False,False
/data/mmodel/mmodel.narc,/data/mmodel/mmodel.narc!/member_00161,0,/data/mmodel/mmodel.narc,245,161,,915952,916660,912588,913296,708,b7717b42cd6ea641da12ae574d1627e39aaba3a825b0f844e922f9fa179a5b17,42545830fffe0100c402000010000100,,NSBTX texture,Confirmed,True,False,,,,,,,,,,False,False
/data/mmodel/mmodel.narc,/data/mmodel/mmodel.narc!/member_00162,0,/data/mmodel/mmodel.narc,245,162,,916660,918904,913296,915540,2244,e87e56f6ac4e710ada2a5ab5c17582a03d185c41374686e3d789d3406c8339a7,42545830fffe0100c408000010000100,,NSBTX texture,Confirmed,True,False,,,,,,,,,,False,False
/data/mmodel/mmodel.narc,/data/mmodel/mmodel.narc!/member_00163,0,/data/mmodel/mmodel.narc,245,163,,918904,925664,915540,922300,6760,0503085db7051d9f6140128c259976f5f86cdb699dcadbfd5225384d39e979e6,42545830fffe0100681a000010000100,,NSBTX texture,Confirmed,True,False,,,,,,,,,,False,False
/data/mmodel/mmodel.narc,/data/mmodel/mmodel.narc!/member_00164,0,/data/mmodel/mmodel.narc,245,164,,925664,932424,922300,929060,6760,d12d1e5735532c4e4a1006fb689da5b4eb216e2be17825374b11f256b640d228,42545830fffe0100681a000010000100,,NSBTX texture,Confirmed,True,False,,,,,,,,,,False,False
/data/mmodel/mmodel.narc,/data/mmodel/mmodel.narc!/member_00165,0,/data/mmodel/mmodel.narc,245,165,,932424,939184,929060,935820,6760,685be70ab94209be7b5726accfd48064dabe18754a13962fd1f4d89329b4050d,42545830fffe0100681a000010000100,,NSBTX texture,Confirmed,True,False,,,,,,,,,,False,False
/data/mmodel/mmodel.narc,/data/mmodel/mmodel.narc!/member_00166,0,/data/mmodel/mmodel.narc,245,166,,939184,947992,935820,944628,8808,4e3fd8ddd668661ee5c79010ddb22234111ae59107e19036ad72a6657250a86d,42545830fffe01006822000010000100,,NSBTX texture,Confirmed,True,False,,,,,,,,,,False,False
/data/mmodel/mmodel.narc,/data/mmodel/mmodel.narc!/member_00167,0,/data/mmodel/mmodel.narc,245,167,,947992,956800,944628,953436,8808,11d33d7de11ea8dafd3867efef77eb5db11ad736a6beff6fa5c13ff629d48742,42545830fffe01006822000010000100,,NSBTX texture,Confirmed,True,False,,,,,,,,,,False,False
/data/mmodel/mmodel.narc,/data/mmodel/mmodel.narc!/member_00168,0,/data/mmodel/mmodel.narc,245,168,,956800,957124,953436,953760,324,d47b890a09b0b878fff4baf9817ae0c7414a26b871b4a6af9daed3baa3da3964,42545830fffe01004401000010000100,,NSBTX texture,Confirmed,True,False,,,,,,,,,,False,False
/data/mmodel/mmodel.narc,/data/mmodel/mmodel.narc!/member_00169,0,/data/mmodel/mmodel.narc,245,169,,957124,957432,953760,954068,308,a40b12ef28359c48a1c37be0c601faaaf1272bcc6b7e94502ad8727ec2453ca5,42545830fffe01003401000010000100,,NSBTX texture,Confirmed,True,False,,,,,,,,,,False,False
/data/mmodel/mmodel.narc,/data/mmodel/mmodel.narc!/member_00170,0,/data/mmodel/mmodel.narc,245,170,,957432,958124,954068,954760,692,1729c789391a64510c046ebaed725879fa5fa0407bdaccb471ace268982dfbdc,42545830fffe0100b402000010000100,,NSBTX texture,Confirmed,True,False,,,,,,,,,,False,False
/data/mmodel/mmodel.narc,/data/mmodel/mmodel.narc!/member_00171,0,/data/mmodel/mmodel.narc,245,171,,958124,958884,954760,955520,760,94c89a999743642280befa7d03a28cae30a67215a0a4c1a9d926cfbff352a574,42545830fffe0100f802000010000100,,NSBTX texture,Confirmed,True,False,,,,,,,,,,False,False
/data/mmodel/mmodel.narc,/data/mmodel/mmodel.narc!/member_00172,0,/data/mmodel/mmodel.narc,245,172,,958884,959644,955520,956280,760,40b7dbfc45ffdf01a01821c3b7350ee4f9b4ee683d2a2800c7ed05acc3f0f71e,42545830fffe0100f802000010000100,,NSBTX texture,Confirmed,True,False,,,,,,,,,,False,False
/data/mmodel/mmodel.narc,/data/mmodel/mmodel.narc!/member_00173,0,/data/mmodel/mmodel.narc,245,173,,959644,960404,956280,957040,760,114e52f19e3f80313392fb8c8b7f53120c2009afd2b61c4367541e468c0181a5,42545830fffe0100f802000010000100,,NSBTX texture,Confirmed,True,False,,,,,,,,,,False,False
/data/mmodel/mmodel.narc,/data/mmodel/mmodel.narc!/member_00174,0,/data/mmodel/mmodel.narc,245,174,,960404,961148,957040,957784,744,97b1676143ed2ae7507dfa068011e0e38a5746ed51af801f520a6c824cac435d,42545830fffe0100e802000010000100,,NSBTX texture,Confirmed,True,False,,,,,,,,,,False,False
/data/mmodel/mmodel.narc,/data/mmodel/mmodel.narc!/member_00175,0,/data/mmodel/mmodel.narc,245,175,,961148,961908,957784,958544,760,852b3ea0c8068b8f82929318a0bfaf7b88b73bd5183c08b2d5a48b4b2462bf32,42545830fffe0100f802000010000100,,NSBTX texture,Confirmed,True,False,,,,,,,,,,False,False
/data/mmodel/mmodel.narc,/data/mmodel/mmodel.narc!/member_00176,0,/data/mmodel/mmodel.narc,245,176,,961908,962668,958544,959304,760,87339f840dfc53bd6b6415222d0222340425d9fabb749a20e1c9810118407d61,42545830fffe0100f802000010000100,,NSBTX texture,Confirmed,True,False,,,,,,,,,,False,False
/data/mmodel/mmodel.narc,/data/mmodel/mmodel.narc!/member_00177,0,/data/mmodel/mmodel.narc,245,177,,962668,963412,959304,960048,744,ced7676b699e32d08f5b2ad9b6a86d2a5628a56569f48bd7efa526e6b5f2db01,42545830fffe0100e802000010000100,,NSBTX texture,Confirmed,True,False,,,,,,,,,,False,False
/data/mmodel/mmodel.narc,/data/mmodel/mmodel.narc!/member_00178,0,/data/mmodel/mmodel.narc,245,178,,963412,964172,960048,960808,760,cbff2615faf9c4f08a1ecceea544bc3d8d49b31aa574641e21da537edbdf62f0,42545830fffe0100f802000010000100,,NSBTX texture,Confirmed,True,False,,,,,,,,,,False,False
/data/mmodel/mmodel.narc,/data/mmodel/mmodel.narc!/member_00179,0,/data/mmodel/mmodel.narc,245,179,,964172,964932,960808,961568,760,cd64213dc076a8bb14a1918a41b5b7e2e56a482eb2a501d7c55a697f6e715a37,42545830fffe0100f802000010000100,,NSBTX texture,Confirmed,True,False,,,,,,,,,,False,False
/data/mmodel/mmodel.narc,/data/mmodel/mmodel.narc!/member_00180,0,/data/mmodel/mmodel.narc,245,180,,964932,965692,961568,962328,760,b1eed7dd4c172cfc73be55e5d46a5732610077f1eae2e032d740d77584bba5cd,42545830fffe0100f802000010000100,,NSBTX texture,Confirmed,True,False,,,,,,,,,,False,False
/data/mmodel/mmodel.narc,/data/mmodel/mmodel.narc!/member_00181,0,/data/mmodel/mmodel.narc,245,181,,965692,966452,962328,963088,760,9effce883ca7792c27d0034a62f2d200ef463b7dfe15add8de5c926c8ea63c98,42545830fffe0100f802000010000100,,NSBTX texture,Confirmed,True,False,,,,,,,,,,False,False
/data/mmodel/mmodel.narc,/data/mmodel/mmodel.narc!/member_00182,0,/data/mmodel/mmodel.narc,245,182,,966452,967212,963088,963848,760,f2db98d52d4595e631a5480523e386f73447d67ca196e8bbd26a1ffba59674ce,42545830fffe0100f802000010000100,,NSBTX texture,Confirmed,True,False,,,,,,,,,,False,False
/data/mmodel/mmodel.narc,/data/mmodel/mmodel.narc!/member_00183,0,/data/mmodel/mmodel.narc,245,183,,967212,967956,963848,964592,744,3455536fbeabd907c30348ce80df9f26144ecc67b8f0ceb0dbd8bf37bed0cfee,42545830fffe0100e802000010000100,,NSBTX texture,Confirmed,True,False,,,,,,,,,,False,False
/data/mmodel/mmodel.narc,/data/mmodel/mmodel.narc!/member_00184,0,/data/mmodel/mmodel.narc,245,184,,967956,968716,964592,965352,760,50b75cb25f51ed763650ecf1844edec915a6e16eacc3fa3d74e485efebf35a40,42545830fffe0100f802000010000100,,NSBTX texture,Confirmed,True,False,,,,,,,,,,False,False
/data/mmodel/mmodel.narc,/data/mmodel/mmodel.narc!/member_00185,0,/data/mmodel/mmodel.narc,245,185,,968716,969476,965352,966112,760,f5dcb31293f09e4f0614244597852112d7c12bfb9b152073eefe1035ad1b4d5d,42545830fffe0100f802000010000100,,NSBTX texture,Confirmed,True,False,,,,,,,,,,False,False
/data/mmodel/mmodel.narc,/data/mmodel/mmodel.narc!/member_00186,0,/data/mmodel/mmodel.narc,245,186,,969476,970236,966112,966872,760,81f6983465a0e16835a1e172769f5b6fcfcb34e9c933882649ccca2f52d2999b,42545830fffe0100f802000010000100,,NSBTX texture,Confirmed,True,False,,,,,,,,,,False,False
/data/mmodel/mmodel.narc,/data/mmodel/mmodel.narc!/member_00187,0,/data/mmodel/mmodel.narc,245,187,,970236,970996,966872,967632,760,ec80fd8f04eaaa0bba368b0045e290a90cdbf26655e03135a921953ce3d25e97,42545830fffe0100f802000010000100,,NSBTX texture,Confirmed,True,False,,,,,,,,,,False,False
/data/mmodel/mmodel.narc,/data/mmodel/mmodel.narc!/member_00188,0,/data/mmodel/mmodel.narc,245,188,,970996,971756,967632,968392,760,e2d7e8dd37ca875ae7a7ef42c9eb1bba92e9c61ab8172a8570694139b2ce9d5f,42545830fffe0100f802000010000100,,NSBTX texture,Confirmed,True,False,,,,,,,,,,False,False
/data/mmodel/mmodel.narc,/data/mmodel/mmodel.narc!/member_00189,0,/data/mmodel/mmodel.narc,245,189,,971756,972516,968392,969152,760,fb84999d7b6a83c93d2a0dd436401d1cfe0d7f0d62b401210754184a6d3b27d2,42545830fffe0100f802000010000100,,NSBTX texture,Confirmed,True,False,,,,,,,,,,False,False
/data/mmodel/mmodel.narc,/data/mmodel/mmodel.narc!/member_00190,0,/data/mmodel/mmodel.narc,245,190,,972516,973276,969152,969912,760,658b4e7f43636d488cd56bb7bcc8fd8dc6463c983e7fbb03e37479559696f7a5,42545830fffe0100f802000010000100,,NSBTX texture,Confirmed,True,False,,,,,,,,,,False,False
/data/mmodel/mmodel.narc,/data/mmodel/mmodel.narc!/member_00191,0,/data/mmodel/mmodel.narc,245,191,,973276,974036,969912,970672,760,c992bd217e0fd76a2d86b97d35e16fe7a763d562616bcdf93689a3cdc001e6e6,42545830fffe0100f802000010000100,,NSBTX texture,Confirmed,True,False,,,,,,,,,,False,False
/data/mmodel/mmodel.narc,/data/mmodel/mmodel.narc!/member_00192,0,/data/mmodel/mmodel.narc,245,192,,974036,974796,970672,971432,760,643e5a697fb2ce2b5b81e7ae9aaf0b06e733654c85e381a9b4558889dab57074,42545830fffe0100f802000010000100,,NSBTX texture,Confirmed,True,False,,,,,,,,,,False,False
/data/mmodel/mmodel.narc,/data/mmodel/mmodel.narc!/member_00193,0,/data/mmodel/mmodel.narc,245,193,,974796,975556,971432,972192,760,7182114671a6bea4a4b0840f0d49cbfa31bf235e2de29b2f436272e121f9c298,42545830fffe0100f802000010000100,,NSBTX texture,Confirmed,True,False,,,,,,,,,,False,False
/data/mmodel/mmodel.narc,/data/mmodel/mmodel.narc!/member_00194,0,/data/mmodel/mmodel.narc,245,194,,975556,976316,972192,972952,760,17522bcf4b328aebe3d250b7cc1436d50270ce921a24b7d37851c2553657b1ef,42545830fffe0100f802000010000100,,NSBTX texture,Confirmed,True,False,,,,,,,,,,False,False
/data/mmodel/mmodel.narc,/data/mmodel/mmodel.narc!/member_00195,0,/data/mmodel/mmodel.narc,245,195,,976316,977108,972952,973744,792,2b839dea1a4b04608f15812cf78957a88bdd1479bceb350c0be42426a9f35648,42545830fffe01001803000010000100,,NSBTX texture,Confirmed,True,False,,,,,,,,,,False,False
/data/mmodel/mmodel.narc,/data/mmodel/mmodel.narc!/member_00196,0,/data/mmodel/mmodel.narc,245,196,,977108,977868,973744,974504,760,2a5919c59e114fd9c3de3d6179cc7c0faa6e82a597a9e31531a28c3ecc8fc7fd,42545830fffe0100f802000010000100,,NSBTX texture,Confirmed,True,False,,,,,,,,,,False,False
/data/mmodel/mmodel.narc,/data/mmodel/mmodel.narc!/member_00197,0,/data/mmodel/mmodel.narc,245,197,,977868,978628,974504,975264,760,efa45dbb277968908d0f0567e092fee980dd3f822bdbb9591ee8ff07cc051956,42545830fffe0100f802000010000100,,NSBTX texture,Confirmed,True,False,,,,,,,,,,False,False
/data/mmodel/mmodel.narc,/data/mmodel/mmodel.narc!/member_00198,0,/data/mmodel/mmodel.narc,245,198,,978628,979388,975264,976024,760,ec512684fd3ba117064c222736903748d978a4b21b487774eb8435656db01909,42545830fffe0100f802000010000100,,NSBTX texture,Confirmed,True,False,,,,,,,,,,False,False
/data/mmodel/mmodel.narc,/data/mmodel/mmodel.narc!/member_00199,0,/data/mmodel/mmodel.narc,245,199,,979388,980148,976024,976784,760,52eab1d74b4e8bf442ac1b02d97a519d65213a5f70e81728e7b78112c759bd73,42545830fffe0100f802000010000100,,NSBTX texture,Confirmed,True,False,,,,,,,,,,False,False
/data/mmodel/mmodel.narc,/data/mmodel/mmodel.narc!/member_00200,0,/data/mmodel/mmodel.narc,245,200,,980148,980908,976784,977544,760,5acc7b8f21423e3b9b7264f53a91b2d1ea74aef740214996e437d9fa3f79346f,42545830fffe0100f802000010000100,,NSBTX texture,Confirmed,True,False,,,,,,,,,,False,False
/data/mmodel/mmodel.narc,/data/mmodel/mmodel.narc!/member_00201,0,/data/mmodel/mmodel.narc,245,201,,980908,981668,977544,978304,760,0174ee099d1e9439a82d8291ead82b585b56ffc7b969ee8b3facd1f87859d3d9,42545830fffe0100f802000010000100,,NSBTX texture,Confirmed,True,False,,,,,,,,,,False,False
/data/mmodel/mmodel.narc,/data/mmodel/mmodel.narc!/member_00202,0,/data/mmodel/mmodel.narc,245,202,,981668,982428,978304,979064,760,b70c53b97a310b51f830bc8f6157a57ae72eebd0f3dd4ab6b6d748e5768ea577,42545830fffe0100f802000010000100,,NSBTX texture,Confirmed,True,False,,,,,,,,,,False,False
/data/mmodel/mmodel.narc,/data/mmodel/mmodel.narc!/member_00203,0,/data/mmodel/mmodel.narc,245,203,,982428,983188,979064,979824,760,80159a79dc8fa5a703635ebe3aad7a2f2f5a58a9aabb48ab78e50bb4814a68ed,42545830fffe0100f802000010000100,,NSBTX texture,Confirmed,True,False,,,,,,,,,,False,False
/data/mmodel/mmodel.narc,/data/mmodel/mmodel.narc!/member_00204,0,/data/mmodel/mmodel.narc,245,204,,983188,983932,979824,980568,744,6b5d587dcd5e593114a1abe789790c568cadfb7c3304c84508d793116526c50f,42545830fffe0100e802000010000100,,NSBTX texture,Confirmed,True,False,,,,,,,,,,False,False
/data/mmodel/mmodel.narc,/data/mmodel/mmodel.narc!/member_00205,0,/data/mmodel/mmodel.narc,245,205,,983932,984692,980568,981328,760,44a06a0a3e2f02c5dd886c42ac1cee9ce5c61d6d5a43001031d0da3ed526504c,42545830fffe0100f802000010000100,,NSBTX texture,Confirmed,True,False,,,,,,,,,,False,False
/data/mmodel/mmodel.narc,/data/mmodel/mmodel.narc!/member_00206,0,/data/mmodel/mmodel.narc,245,206,,984692,985452,981328,982088,760,4f32eb7037a66214fb81bb3730ca46e26a7b96c4541d52f5583fe9db8c60ff9a,42545830fffe0100f802000010000100,,NSBTX texture,Confirmed,True,False,,,,,,,,,,False,False
/data/mmodel/mmodel.narc,/data/mmodel/mmodel.narc!/member_00207,0,/data/mmodel/mmodel.narc,245,207,,985452,986212,982088,982848,760,72002adb76876f4d243dc4fc9b0d83420703b4f4a4f6c57c31c10b0788edde34,42545830fffe0100f802000010000100,,NSBTX texture,Confirmed,True,False,,,,,,,,,,False,False
/data/mmodel/mmodel.narc,/data/mmodel/mmodel.narc!/member_00208,0,/data/mmodel/mmodel.narc,245,208,,986212,986972,982848,983608,760,2ff3239012ef52bc0c50347adcd2788c7665dcef525f916d449a45e33e95f908,42545830fffe0100f802000010000100,,NSBTX texture,Confirmed,True,False,,,,,,,,,,False,False
/data/mmodel/mmodel.narc,/data/mmodel/mmodel.narc!/member_00209,0,/data/mmodel/mmodel.narc,245,209,,986972,987732,983608,984368,760,01db9465c698cc0a06c60620bb3d59f0a81e749be40bd25323e1d54d34bac137,42545830fffe0100f802000010000100,,NSBTX texture,Confirmed,True,False,,,,,,,,,,False,False
/data/mmodel/mmodel.narc,/data/mmodel/mmodel.narc!/member_00210,0,/data/mmodel/mmodel.narc,245,210,,987732,988476,984368,985112,744,f917e2465e9754f1d143bf476bcf1047f495fb5d5259c420e6917d2ab3081f45,42545830fffe0100e802000010000100,,NSBTX texture,Confirmed,True,False,,,,,,,,,,False,False
/data/mmodel/mmodel.narc,/data/mmodel/mmodel.narc!/member_00211,0,/data/mmodel/mmodel.narc,245,211,,988476,989236,985112,985872,760,641c4cf00c0cc5e648d796d502cda47fe4819d4e937c82f10311ae9ba40b2428,42545830fffe0100f802000010000100,,NSBTX texture,Confirmed,True,False,,,,,,,,,,False,False
/data/mmodel/mmodel.narc,/data/mmodel/mmodel.narc!/member_00212,0,/data/mmodel/mmodel.narc,245,212,,989236,989996,985872,986632,760,cac5ba81e4a9ec41efa883ded12dba4f24a0c11a39814524922b3e47f3a36bbc,42545830fffe0100f802000010000100,,NSBTX texture,Confirmed,True,False,,,,,,,,,,False,False
/data/mmodel/mmodel.narc,/data/mmodel/mmodel.narc!/member_00213,0,/data/mmodel/mmodel.narc,245,213,,989996,990740,986632,987376,744,cb2cb9583e9622ef28310f7b151e806c511e7a1015769bddf03127199e03d926,42545830fffe0100e802000010000100,,NSBTX texture,Confirmed,True,False,,,,,,,,,,False,False
/data/mmodel/mmodel.narc,/data/mmodel/mmodel.narc!/member_00214,0,/data/mmodel/mmodel.narc,245,214,,990740,991484,987376,988120,744,5eb67c43c676b4d20240d169e5961e08875a952f79bf88a3b401180ca21def04,42545830fffe0100e802000010000100,,NSBTX texture,Confirmed,True,False,,,,,,,,,,False,False
/data/mmodel/mmodel.narc,/data/mmodel/mmodel.narc!/member_00215,0,/data/mmodel/mmodel.narc,245,215,,991484,992244,988120,988880,760,a9ef4c37ea5663a5cce95c7b742bb3186dbb83a422585706d16be4195f4e22f2,42545830fffe0100f802000010000100,,NSBTX texture,Confirmed,True,False,,,,,,,,,,False,False
/data/mmodel/mmodel.narc,/data/mmodel/mmodel.narc!/member_00216,0,/data/mmodel/mmodel.narc,245,216,,992244,992988,988880,989624,744,92a93721d60857270ac9d22c1c312cfce32564ee6baac72f6e699c5269eebcff,42545830fffe0100e802000010000100,,NSBTX texture,Confirmed,True,False,,,,,,,,,,False,False
/data/mmodel/mmodel.narc,/data/mmodel/mmodel.narc!/member_00217,0,/data/mmodel/mmodel.narc,245,217,,992988,993732,989624,990368,744,c4566ae0df2cd2fdba4394ee7c1602a4a69c89b24ed7bde8be6256b78e85799d,42545830fffe0100e802000010000100,,NSBTX texture,Confirmed,True,False,,,,,,,,,,False,False
/data/mmodel/mmodel.narc,/data/mmodel/mmodel.narc!/member_00218,0,/data/mmodel/mmodel.narc,245,218,,993732,994492,990368,991128,760,fc3c74a6b592578d0ab91b3df6ddf918da168085236f8eb1c0f11d941f1d96e3,42545830fffe0100f802000010000100,,NSBTX texture,Confirmed,True,False,,,,,,,,,,False,False
/data/mmodel/mmodel.narc,/data/mmodel/mmodel.narc!/member_00219,0,/data/mmodel/mmodel.narc,245,219,,994492,995236,991128,991872,744,3b2cb9638c2f48b57e47d3dbe9a30e48ac7366be919fa5170c06e19f7f352b30,42545830fffe0100e802000010000100,,NSBTX texture,Confirmed,True,False,,,,,,,,,,False,False
/data/mmodel/mmodel.narc,/data/mmodel/mmodel.narc!/member_00220,0,/data/mmodel/mmodel.narc,245,220,,995236,995996,991872,992632,760,fef7fef609f653b360c84c4cc3a32a917214da323e317012ebb9952f56c27d30,42545830fffe0100f802000010000100,,NSBTX texture,Confirmed,True,False,,,,,,,,,,False,False
/data/mmodel/mmodel.narc,/data/mmodel/mmodel.narc!/member_00221,0,/data/mmodel/mmodel.narc,245,221,,995996,996756,992632,993392,760,da4ecd6571409c31a92a6feb3f187f762a5cdb12dd283e96c7cd908cece314c6,42545830fffe0100f802000010000100,,NSBTX texture,Confirmed,True,False,,,,,,,,,,False,False
/data/mmodel/mmodel.narc,/data/mmodel/mmodel.narc!/member_00222,0,/data/mmodel/mmodel.narc,245,222,,996756,997500,993392,994136,744,fcd698bffa5c6806e8af2d5740941894de212112c287bf0faa81426ef94cc22b,42545830fffe0100e802000010000100,,NSBTX texture,Confirmed,True,False,,,,,,,,,,False,False
/data/mmodel/mmodel.narc,/data/mmodel/mmodel.narc!/member_00223,0,/data/mmodel/mmodel.narc,245,223,,997500,998260,994136,994896,760,7f641d79600beea5226c2240660e4eeaa0b4e59be978b2f546aaf8d80ba33511,42545830fffe0100f802000010000100,,NSBTX texture,Confirmed,True,False,,,,,,,,,,False,False
/data/mmodel/mmodel.narc,/data/mmodel/mmodel.narc!/member_00224,0,/data/mmodel/mmodel.narc,245,224,,998260,999020,994896,995656,760,37f0511482fbc93ce982660d702d804b9fbc972cfefcb3ff4d8b917f6f07aeab,42545830fffe0100f802000010000100,,NSBTX texture,Confirmed,True,False,,,,,,,,,,False,False
/data/mmodel/mmodel.narc,/data/mmodel/mmodel.narc!/member_00225,0,/data/mmodel/mmodel.narc,245,225,,999020,999764,995656,996400,744,697478e3559ab8c2488e4217d3b65a52518c925bbe19a5cf95c974eebe848ae5,42545830fffe0100e802000010000100,,NSBTX texture,Confirmed,True,False,,,,,,,,,,False,False
/data/mmodel/mmodel.narc,/data/mmodel/mmodel.narc!/member_00226,0,/data/mmodel/mmodel.narc,245,226,,999764,1000524,996400,997160,760,052ca5268d247843e16ab9e90879f84b211cb78cf2c53f80878062a0f12f4d5d,42545830fffe0100f802000010000100,,NSBTX texture,Confirmed,True,False,,,,,,,,,,False,False
/data/mmodel/mmodel.narc,/data/mmodel/mmodel.narc!/member_00227,0,/data/mmodel/mmodel.narc,245,227,,1000524,1001316,997160,997952,792,76902eb84268078d9f8f41cbe85c79254825d76001e609dfd53f88b5baf96ba8,42545830fffe01001803000010000100,,NSBTX texture,Confirmed,True,False,,,,,,,,,,False,False
/data/mmodel/mmodel.narc,/data/mmodel/mmodel.narc!/member_00228,0,/data/mmodel/mmodel.narc,245,228,,1001316,1002108,997952,998744,792,f8b4d71d35beac4f7ee362d57bfcc3f946c9cd6485319512e5271193fe3ca590,42545830fffe01001803000010000100,,NSBTX texture,Confirmed,True,False,,,,,,,,,,False,False
/data/mmodel/mmodel.narc,/data/mmodel/mmodel.narc!/member_00229,0,/data/mmodel/mmodel.narc,245,229,,1002108,1002868,998744,999504,760,3a3457b5520799c04baa93552a854931106a1f3d352474d7ddbd6479fb4d2219,42545830fffe0100f802000010000100,,NSBTX texture,Confirmed,True,False,,,,,,,,,,False,False
/data/mmodel/mmodel.narc,/data/mmodel/mmodel.narc!/member_00230,0,/data/mmodel/mmodel.narc,245,230,,1002868,1003628,999504,1000264,760,d35cf666c45551c5160b7293b3bf31800e97d7730ba0db41d00de69538c8662f,42545830fffe0100f802000010000100,,NSBTX texture,Confirmed,True,False,,,,,,,,,,False,False
/data/mmodel/mmodel.narc,/data/mmodel/mmodel.narc!/member_00231,0,/data/mmodel/mmodel.narc,245,231,,1003628,1004372,1000264,1001008,744,a84c03c2b62ef3b5fbf4d04be02e3661b3c63941ce6a258af07dd4e8ca32a0a1,42545830fffe0100e802000010000100,,NSBTX texture,Confirmed,True,False,,,,,,,,,,False,False
/data/mmodel/mmodel.narc,/data/mmodel/mmodel.narc!/member_00232,0,/data/mmodel/mmodel.narc,245,232,,1004372,1005132,1001008,1001768,760,665ba778fb6a33c0b35b9ae2637405bce672177dd421d7c44070b3b346ccaf58,42545830fffe0100f802000010000100,,NSBTX texture,Confirmed,True,False,,,,,,,,,,False,False
/data/mmodel/mmodel.narc,/data/mmodel/mmodel.narc!/member_00233,0,/data/mmodel/mmodel.narc,245,233,,1005132,1005892,1001768,1002528,760,0cbec405575621843a30a69d33598fe02c1b293bd5b240dc8f3ef79343c6a3a7,42545830fffe0100f802000010000100,,NSBTX texture,Confirmed,True,False,,,,,,,,,,False,False
/data/mmodel/mmodel.narc,/data/mmodel/mmodel.narc!/member_00234,0,/data/mmodel/mmodel.narc,245,234,,1005892,1006636,1002528,1003272,744,592a3f8bb968535a75e57416ae29f95fc06d7df2881b9a4d89719e02bef6016e,42545830fffe0100e802000010000100,,NSBTX texture,Confirmed,True,False,,,,,,,,,,False,False
/data/mmodel/mmodel.narc,/data/mmodel/mmodel.narc!/member_00235,0,/data/mmodel/mmodel.narc,245,235,,1006636,1007396,1003272,1004032,760,b900d1e2f3777746ac957288aacf7e6c2fc2b53d639e37ab9007d0e4bfcb0efe,42545830fffe0100f802000010000100,,NSBTX texture,Confirmed,True,False,,,,,,,,,,False,False
/data/mmodel/mmodel.narc,/data/mmodel/mmodel.narc!/member_00236,0,/data/mmodel/mmodel.narc,245,236,,1007396,1008156,1004032,1004792,760,4587c8b57f0f10f49bc144369135b71b58a1855cf812d551ad4071c0f06b92dd,42545830fffe0100f802000010000100,,NSBTX texture,Confirmed,True,False,,,,,,,,,,False,False
/data/mmodel/mmodel.narc,/data/mmodel/mmodel.narc!/member_00237,0,/data/mmodel/mmodel.narc,245,237,,1008156,1008900,1004792,1005536,744,3483edcb40d42049c82bbed02c9b8ad16388ce46a037b0587c168519de7c6738,42545830fffe0100e802000010000100,,NSBTX texture,Confirmed,True,False,,,,,,,,,,False,False
/data/mmodel/mmodel.narc,/data/mmodel/mmodel.narc!/member_00238,0,/data/mmodel/mmodel.narc,245,238,,1008900,1009660,1005536,1006296,760,a5d03d5c2bb6299e749875b0804a4d48e6b23d56874fe4830cc09d38d420d2cc,42545830fffe0100f802000010000100,,NSBTX texture,Confirmed,True,False,,,,,,,,,,False,False
/data/mmodel/mmodel.narc,/data/mmodel/mmodel.narc!/member_00239,0,/data/mmodel/mmodel.narc,245,239,,1009660,1010420,1006296,1007056,760,db2c49e567f93fdeba0746fb3dc8e066f4807205ec00b7e83c10d407a9d7b8ed,42545830fffe0100f802000010000100,,NSBTX texture,Confirmed,True,False,,,,,,,,,,False,False
/data/mmodel/mmodel.narc,/data/mmodel/mmodel.narc!/member_00240,0,/data/mmodel/mmodel.narc,245,240,,1010420,1011164,1007056,1007800,744,6265d6fefce8aa9cc189b3398e66b400321b44ef821efb4ee4a53dbe117416c1,42545830fffe0100e802000010000100,,NSBTX texture,Confirmed,True,False,,,,,,,,,,False,False
/data/mmodel/mmodel.narc,/data/mmodel/mmodel.narc!/member_00241,0,/data/mmodel/mmodel.narc,245,241,,1011164,1011940,1007800,1008576,776,539ac3f56f4feeba319032946cc48bbe4a1413db07fc65f8318b7c7da795f2fe,42545830fffe01000803000010000100,,NSBTX texture,Confirmed,True,False,,,,,,,,,,False,False
/data/mmodel/mmodel.narc,/data/mmodel/mmodel.narc!/member_00242,0,/data/mmodel/mmodel.narc,245,242,,1011940,1012700,1008576,1009336,760,0c8c44e4091656a5bf816c723ec96a5fb2ecd900987187c127c23bed5ed786c4,42545830fffe0100f802000010000100,,NSBTX texture,Confirmed,True,False,,,,,,,,,,False,False
/data/mmodel/mmodel.narc,/data/mmodel/mmodel.narc!/member_00243,0,/data/mmodel/mmodel.narc,245,243,,1012700,1013460,1009336,1010096,760,48a8724ff01928c8f6d8b4f64de40ec8fff842bcbade82a536d3258d53ebab5c,42545830fffe0100f802000010000100,,NSBTX texture,Confirmed,True,False,,,,,,,,,,False,False
/data/mmodel/mmodel.narc,/data/mmodel/mmodel.narc!/member_00244,0,/data/mmodel/mmodel.narc,245,244,,1013460,1014220,1010096,1010856,760,d89cd7f9b67e149dc8cd979fa2b8d2765758dc721e244ee1790c665d881871d8,42545830fffe0100f802000010000100,,NSBTX texture,Confirmed,True,False,,,,,,,,,,False,False
/data/mmodel/mmodel.narc,/data/mmodel/mmodel.narc!/member_00245,0,/data/mmodel/mmodel.narc,245,245,,1014220,1014980,1010856,1011616,760,db0c9d54d6b71bfdc4e8bd4136500b50ebcc46971187854021a89900c1ebae6f,42545830fffe0100f802000010000100,,NSBTX texture,Confirmed,True,False,,,,,,,,,,False,False
/data/mmodel/mmodel.narc,/data/mmodel/mmodel.narc!/member_00246,0,/data/mmodel/mmodel.narc,245,246,,1014980,1015724,1011616,1012360,744,56b76f9d41c8d48971395c45dee92d9c35f3043f925c5f4dd5950b919613d6f9,42545830fffe0100e802000010000100,,NSBTX texture,Confirmed,True,False,,,,,,,,,,False,False
/data/mmodel/mmodel.narc,/data/mmodel/mmodel.narc!/member_00247,0,/data/mmodel/mmodel.narc,245,247,,1015724,1016484,1012360,1013120,760,ec196fef6a664ce956499e674d34bc5b7cf11f1a3c374dbe42ff5f0ba09f3647,42545830fffe0100f802000010000100,,NSBTX texture,Confirmed,True,False,,,,,,,,,,False,False
/data/mmodel/mmodel.narc,/data/mmodel/mmodel.narc!/member_00248,0,/data/mmodel/mmodel.narc,245,248,,1016484,1017244,1013120,1013880,760,78d235d063b0feddfed49324cda7a61ad70e88de6ebbaa8bb8ea682e8f958dbe,42545830fffe0100f802000010000100,,NSBTX texture,Confirmed,True,False,,,,,,,,,,False,False
/data/mmodel/mmodel.narc,/data/mmodel/mmodel.narc!/member_00249,0,/data/mmodel/mmodel.narc,245,249,,1017244,1018036,1013880,1014672,792,caec0dd40bcb6d4d9730c4413af1c44be5be0262c0261a4c6c8fe62add8eb6be,42545830fffe01001803000010000100,,NSBTX texture,Confirmed,True,False,,,,,,,,,,False,False
/data/mmodel/mmodel.narc,/data/mmodel/mmodel.narc!/member_00250,0,/data/mmodel/mmodel.narc,245,250,,1018036,1018796,1014672,1015432,760,cdd9b51bc616cd821b23e749d36ee14b1385a47be1855f644bf3609b6e8864aa,42545830fffe0100f802000010000100,,NSBTX texture,Confirmed,True,False,,,,,,,,,,False,False
/data/mmodel/mmodel.narc,/data/mmodel/mmodel.narc!/member_00251,0,/data/mmodel/mmodel.narc,245,251,,1018796,1019556,1015432,1016192,760,98e50e218012a23992c13e30c3bb4b5a4d5ec3ad61ecfa3117dca430f207e1f7,42545830fffe0100f802000010000100,,NSBTX texture,Confirmed,True,False,,,,,,,,,,False,False
/data/mmodel/mmodel.narc,/data/mmodel/mmodel.narc!/member_00252,0,/data/mmodel/mmodel.narc,245,252,,1019556,1020316,1016192,1016952,760,adfda675a363cb9add955eb66921760ba3ec283ccea4b6728d0ac1794e97e6cd,42545830fffe0100f802000010000100,,NSBTX texture,Confirmed,True,False,,,,,,,,,,False,False
/data/mmodel/mmodel.narc,/data/mmodel/mmodel.narc!/member_00253,0,/data/mmodel/mmodel.narc,245,253,,1020316,1021076,1016952,1017712,760,93e5aa9738a7b999e92b17b7d8b0c8e2c72bd28eb4094c2f46a321619f2f987e,42545830fffe0100f802000010000100,,NSBTX texture,Confirmed,True,False,,,,,,,,,,False,False
/data/mmodel/mmodel.narc,/data/mmodel/mmodel.narc!/member_00254,0,/data/mmodel/mmodel.narc,245,254,,1021076,1021836,1017712,1018472,760,f71d8ac88498070e1a03caa81490ec368a2d017889eaf46415cf95f573143df1,42545830fffe0100f802000010000100,,NSBTX texture,Confirmed,True,False,,,,,,,,,,False,False
/data/mmodel/mmodel.narc,/data/mmodel/mmodel.narc!/member_00255,0,/data/mmodel/mmodel.narc,245,255,,1021836,1022596,1018472,1019232,760,eb13868f6a03c686b2c905b0910edb7b0381249a15aa348f01329d9b8047d458,42545830fffe0100f802000010000100,,NSBTX texture,Confirmed,True,False,,,,,,,,,,False,False
/data/mmodel/mmodel.narc,/data/mmodel/mmodel.narc!/member_00256,0,/data/mmodel/mmodel.narc,245,256,,1022596,1023356,1019232,1019992,760,8dd63ccf5c908356e8b88ff9a29982d784a54de1dd2f979281045bd7409bb283,42545830fffe0100f802000010000100,,NSBTX texture,Confirmed,True,False,,,,,,,,,,False,False
/data/mmodel/mmodel.narc,/data/mmodel/mmodel.narc!/member_00257,0,/data/mmodel/mmodel.narc,245,257,,1023356,1024116,1019992,1020752,760,601a1765cc1bb8e315c51ac87b4b2ee7aa86065fe70114d4d86f677d778cc7ba,42545830fffe0100f802000010000100,,NSBTX texture,Confirmed,True,False,,,,,,,,,,False,False
/data/mmodel/mmodel.narc,/data/mmodel/mmodel.narc!/member_00258,0,/data/mmodel/mmodel.narc,245,258,,1024116,1024876,1020752,1021512,760,2c046da9f0de13e1221305e4576e548f01a5cab080401eb66370ca4beccb4ed4,42545830fffe0100f802000010000100,,NSBTX texture,Confirmed,True,False,,,,,,,,,,False,False
/data/mmodel/mmodel.narc,/data/mmodel/mmodel.narc!/member_00259,0,/data/mmodel/mmodel.narc,245,259,,1024876,1025636,1021512,1022272,760,b82de0277da2ee6eaacd9d801cc79a79b4abba10d9f3fd865a4308f6493025a0,42545830fffe0100f802000010000100,,NSBTX texture,Confirmed,True,False,,,,,,,,,,False,False
/data/mmodel/mmodel.narc,/data/mmodel/mmodel.narc!/member_00260,0,/data/mmodel/mmodel.narc,245,260,,1025636,1026428,1022272,1023064,792,c35570c9cc5a76f56a2cec88cf6f814a3d59802bdbda515c40a0f5e3806e0396,42545830fffe01001803000010000100,,NSBTX texture,Confirmed,True,False,,,,,,,,,,False,False
/data/mmodel/mmodel.narc,/data/mmodel/mmodel.narc!/member_00261,0,/data/mmodel/mmodel.narc,245,261,,1026428,1027188,1023064,1023824,760,2b370ed75a369428c31978d67f4a41fa17a5ccaed0d4ae263bbd5fe9932ccef1,42545830fffe0100f802000010000100,,NSBTX texture,Confirmed,True,False,,,,,,,,,,False,False
/data/mmodel/mmodel.narc,/data/mmodel/mmodel.narc!/member_00262,0,/data/mmodel/mmodel.narc,245,262,,1027188,1027948,1023824,1024584,760,465992dc58590a0de7b5fef1ebe65c5d06283f1de4929fba14d837a5dd585700,42545830fffe0100f802000010000100,,NSBTX texture,Confirmed,True,False,,,,,,,,,,False,False
/data/mmodel/mmodel.narc,/data/mmodel/mmodel.narc!/member_00263,0,/data/mmodel/mmodel.narc,245,263,,1027948,1028708,1024584,1025344,760,f34193648eb9192387f2bcaea6b86d19ecf3178136e304cf4290a8ccab7e43a3,42545830fffe0100f802000010000100,,NSBTX texture,Confirmed,True,False,,,,,,,,,,False,False
/data/mmodel/mmodel.narc,/data/mmodel/mmodel.narc!/member_00264,0,/data/mmodel/mmodel.narc,245,264,,1028708,1029468,1025344,1026104,760,cf9b50043a538026fc0e7fbfc0e838f31718b625b115898c7fb3b20f3a4c6571,42545830fffe0100f802000010000100,,NSBTX texture,Confirmed,True,False,,,,,,,,,,False,False
/data/mmodel/mmodel.narc,/data/mmodel/mmodel.narc!/member_00265,0,/data/mmodel/mmodel.narc,245,265,,1029468,1030228,1026104,1026864,760,700083d480864e43f36c18fe87269c768e2c8526b29346f3cd38293c35eb688b,42545830fffe0100f802000010000100,,NSBTX texture,Confirmed,True,False,,,,,,,,,,False,False
/data/mmodel/mmodel.narc,/data/mmodel/mmodel.narc!/member_00266,0,/data/mmodel/mmodel.narc,245,266,,1030228,1030988,1026864,1027624,760,41c52cbab08a5b49e40f9b1d515ff3b29c0a3368f70008d3bce052a7e62588b5,42545830fffe0100f802000010000100,,NSBTX texture,Confirmed,True,False,,,,,,,,,,False,False
/data/mmodel/mmodel.narc,/data/mmodel/mmodel.narc!/member_00267,0,/data/mmodel/mmodel.narc,245,267,,1030988,1031748,1027624,1028384,760,efd98826b2e93d2dccc12040aa9793a9df54cbf78f15e94d5e852a88fe18d261,42545830fffe0100f802000010000100,,NSBTX texture,Confirmed,True,False,,,,,,,,,,False,False
/data/mmodel/mmodel.narc,/data/mmodel/mmodel.narc!/member_00268,0,/data/mmodel/mmodel.narc,245,268,,1031748,1032508,1028384,1029144,760,1da2920e442a50d0cb88a60010c40beb3fd2eee3a4f28b66ff353edd7d812846,42545830fffe0100f802000010000100,,NSBTX texture,Confirmed,True,False,,,,,,,,,,False,False
/data/mmodel/mmodel.narc,/data/mmodel/mmodel.narc!/member_00269,0,/data/mmodel/mmodel.narc,245,269,,1032508,1033268,1029144,1029904,760,4164a8c6d3bb1c13c4cfd8d8c60efd6f9933713fe8908b017728c202bb4c18d0,42545830fffe0100f802000010000100,,NSBTX texture,Confirmed,True,False,,,,,,,,,,False,False
/data/mmodel/mmodel.narc,/data/mmodel/mmodel.narc!/member_00270,0,/data/mmodel/mmodel.narc,245,270,,1033268,1034012,1029904,1030648,744,c57bccadd7f99a94468ef28f28a56e5e47ada202215fcd62f1e76ae16084fe66,42545830fffe0100e802000010000100,,NSBTX texture,Confirmed,True,False,,,,,,,,,,False,False
/data/mmodel/mmodel.narc,/data/mmodel/mmodel.narc!/member_00271,0,/data/mmodel/mmodel.narc,245,271,,1034012,1034772,1030648,1031408,760,a3b2815b7666d181ac4039dc7e97a35333f4f5a232bd2fbd7bd13364fc52ea55,42545830fffe0100f802000010000100,,NSBTX texture,Confirmed,True,False,,,,,,,,,,False,False
/data/mmodel/mmodel.narc,/data/mmodel/mmodel.narc!/member_00272,0,/data/mmodel/mmodel.narc,245,272,,1034772,1035532,1031408,1032168,760,cee2e2af2632828e1bf9b119c070ecd734c441fc16b1b5b47184d371150e03fd,42545830fffe0100f802000010000100,,NSBTX texture,Confirmed,True,False,,,,,,,,,,False,False
/data/mmodel/mmodel.narc,/data/mmodel/mmodel.narc!/member_00273,0,/data/mmodel/mmodel.narc,245,273,,1035532,1036292,1032168,1032928,760,58eebc9c0cd36513fa57093c77328313f48169304d720ab4b5f88132660a2ae0,42545830fffe0100f802000010000100,,NSBTX texture,Confirmed,True,False,,,,,,,,,,False,False
/data/mmodel/mmodel.narc,/data/mmodel/mmodel.narc!/member_00274,0,/data/mmodel/mmodel.narc,245,274,,1036292,1037052,1032928,1033688,760,a1be894889be0f90f4e6d8093433decfaee0179881f215354f2f7f447745a546,42545830fffe0100f802000010000100,,NSBTX texture,Confirmed,True,False,,,,,,,,,,False,False
/data/mmodel/mmodel.narc,/data/mmodel/mmodel.narc!/member_00275,0,/data/mmodel/mmodel.narc,245,275,,1037052,1037812,1033688,1034448,760,397e2b82c1a573bd3c2f451a9101e78a12c82551585ad4a0cef3900ab7647884,42545830fffe0100f802000010000100,,NSBTX texture,Confirmed,True,False,,,,,,,,,,False,False
/data/mmodel/mmodel.narc,/data/mmodel/mmodel.narc!/member_00276,0,/data/mmodel/mmodel.narc,245,276,,1037812,1038572,1034448,1035208,760,19654a5c8c1717546898d52ae71357883fd3d5a450388352957f57e71eb53bae,42545830fffe0100f802000010000100,,NSBTX texture,Confirmed,True,False,,,,,,,,,,False,False
/data/mmodel/mmodel.narc,/data/mmodel/mmodel.narc!/member_00277,0,/data/mmodel/mmodel.narc,245,277,,1038572,1039332,1035208,1035968,760,7d406324699de0d24c3924d4ab1c30fd03328d7a0e59301e813d06e7c147853d,42545830fffe0100f802000010000100,,NSBTX texture,Confirmed,True,False,,,,,,,,,,False,False
/data/mmodel/mmodel.narc,/data/mmodel/mmodel.narc!/member_00278,0,/data/mmodel/mmodel.narc,245,278,,1039332,1040092,1035968,1036728,760,057779c570f9bbf31f9c4a61f1efdd8b3206e0f2b2ecb0cb101b3cca1460c441,42545830fffe0100f802000010000100,,NSBTX texture,Confirmed,True,False,,,,,,,,,,False,False
/data/mmodel/mmodel.narc,/data/mmodel/mmodel.narc!/member_00279,0,/data/mmodel/mmodel.narc,245,279,,1040092,1040836,1036728,1037472,744,6d81c72605b6c601f67e5fe4bc022cb2fe54eb75f7264b3646423470acc1b8f5,42545830fffe0100e802000010000100,,NSBTX texture,Confirmed,True,False,,,,,,,,,,False,False
/data/mmodel/mmodel.narc,/data/mmodel/mmodel.narc!/member_00280,0,/data/mmodel/mmodel.narc,245,280,,1040836,1041580,1037472,1038216,744,78bc3b707bd8e4ecf9a063dffc6afa86e27ab438af20d38bb9cd92d96ddb5f06,42545830fffe0100e802000010000100,,NSBTX texture,Confirmed,True,False,,,,,,,,,,False,False
/data/mmodel/mmodel.narc,/data/mmodel/mmodel.narc!/member_00281,0,/data/mmodel/mmodel.narc,245,281,,1041580,1042340,1038216,1038976,760,61e95b014ecc85a29dd0746d5e0b5175d86403abc4f996db910c7628d857a642,42545830fffe0100f802000010000100,,NSBTX texture,Confirmed,True,False,,,,,,,,,,False,False
/data/mmodel/mmodel.narc,/data/mmodel/mmodel.narc!/member_00282,0,/data/mmodel/mmodel.narc,245,282,,1042340,1043100,1038976,1039736,760,da935e2d0d4b78750af51f62db69adb365a8ba12cd2aa043d5ab39de9f074ebd,42545830fffe0100f802000010000100,,NSBTX texture,Confirmed,True,False,,,,,,,,,,False,False
/data/mmodel/mmodel.narc,/data/mmodel/mmodel.narc!/member_00283,0,/data/mmodel/mmodel.narc,245,283,,1043100,1043860,1039736,1040496,760,f1f51e33753bb8aece20e7210a03b9073b2eecf0f292108e057d717fd0f82362,42545830fffe0100f802000010000100,,NSBTX texture,Confirmed,True,False,,,,,,,,,,False,False
/data/mmodel/mmodel.narc,/data/mmodel/mmodel.narc!/member_00284,0,/data/mmodel/mmodel.narc,245,284,,1043860,1044620,1040496,1041256,760,97b8332cea96b8dbd3c95a6e267c06de690471ccfd6083336dbfd4a3a5555d20,42545830fffe0100f802000010000100,,NSBTX texture,Confirmed,True,False,,,,,,,,,,False,False
/data/mmodel/mmodel.narc,/data/mmodel/mmodel.narc!/member_00285,0,/data/mmodel/mmodel.narc,245,285,,1044620,1045364,1041256,1042000,744,fc7b59801752ce0158a133fb0f184380a6f9c40247b2ccbf2a7fce5f6f66d32a,42545830fffe0100e802000010000100,,NSBTX texture,Confirmed,True,False,,,,,,,,,,False,False
/data/mmodel/mmodel.narc,/data/mmodel/mmodel.narc!/member_00286,0,/data/mmodel/mmodel.narc,245,286,,1045364,1046156,1042000,1042792,792,c576caf69bfd0458a5e4ddebb98c192eb82b7fcda518f470f90fdf48acb5394a,42545830fffe01001803000010000100,,NSBTX texture,Confirmed,True,False,,,,,,,,,,False,False
/data/mmodel/mmodel.narc,/data/mmodel/mmodel.narc!/member_00287,0,/data/mmodel/mmodel.narc,245,287,,1046156,1046916,1042792,1043552,760,17ad4dee93eb7e6c0d18361f908e0bad7f3d9af472c11890c1d4c4a29da8d978,42545830fffe0100f802000010000100,,NSBTX texture,Confirmed,True,False,,,,,,,,,,False,False
/data/mmodel/mmodel.narc,/data/mmodel/mmodel.narc!/member_00288,0,/data/mmodel/mmodel.narc,245,288,,1046916,1047660,1043552,1044296,744,41d68275f7eaf5aa19c51a8c20f3c56db9e30d0ab929151058a5ebfbc96f4bf3,42545830fffe0100e802000010000100,,NSBTX texture,Confirmed,True,False,,,,,,,,,,False,False
/data/mmodel/mmodel.narc,/data/mmodel/mmodel.narc!/member_00289,0,/data/mmodel/mmodel.narc,245,289,,1047660,1048420,1044296,1045056,760,4fc3e4d16c2136d9357e317b62deb0b5a5041a009eb24f9354ec21a39945fb96,42545830fffe0100f802000010000100,,NSBTX texture,Confirmed,True,False,,,,,,,,,,False,False
/data/mmodel/mmodel.narc,/data/mmodel/mmodel.narc!/member_00290,0,/data/mmodel/mmodel.narc,245,290,,1048420,1049180,1045056,1045816,760,3ce9b0f540ea2475a8e1d872329dd330b06ae691a1159c08091a4910e45745a7,42545830fffe0100f802000010000100,,NSBTX texture,Confirmed,True,False,,,,,,,,,,False,False
/data/mmodel/mmodel.narc,/data/mmodel/mmodel.narc!/member_00291,0,/data/mmodel/mmodel.narc,245,291,,1049180,1049924,1045816,1046560,744,6a4864a4bd883c07eeac0a52b2fe1cba9b06dcd03224435e16bfa70cc6edc69d,42545830fffe0100e802000010000100,,NSBTX texture,Confirmed,True,False,,,,,,,,,,False,False
/data/mmodel/mmodel.narc,/data/mmodel/mmodel.narc!/member_00292,0,/data/mmodel/mmodel.narc,245,292,,1049924,1050716,1046560,1047352,792,9ed15251175b85ce1d497149c99b3a6c1e7ff46e6c792313432f66afa64bf90c,42545830fffe01001803000010000100,,NSBTX texture,Confirmed,True,False,,,,,,,,,,False,False
/data/mmodel/mmodel.narc,/data/mmodel/mmodel.narc!/member_00293,0,/data/mmodel/mmodel.narc,245,293,,1050716,1051476,1047352,1048112,760,6d7da0617939afc27b0deb6496a78fbc9231ce0ca67456e8a8c009c39b17fe34,42545830fffe0100f802000010000100,,NSBTX texture,Confirmed,True,False,,,,,,,,,,False,False
/data/mmodel/mmodel.narc,/data/mmodel/mmodel.narc!/member_00294,0,/data/mmodel/mmodel.narc,245,294,,1051476,1052236,1048112,1048872,760,b7bcdfe1c48dcbfc37490aab6d81cab0886b226f905a86315255a380bc923c64,42545830fffe0100f802000010000100,,NSBTX texture,Confirmed,True,False,,,,,,,,,,False,False
/data/mmodel/mmodel.narc,/data/mmodel/mmodel.narc!/member_00295,0,/data/mmodel/mmodel.narc,245,295,,1052236,1052996,1048872,1049632,760,c7786c3d98e6d1143d7d0e06cf38496d89ff79683ae200d73ccb07f21b61c258,42545830fffe0100f802000010000100,,NSBTX texture,Confirmed,True,False,,,,,,,,,,False,False
/data/mmodel/mmodel.narc,/data/mmodel/mmodel.narc!/member_00296,0,/data/mmodel/mmodel.narc,245,296,,1052996,1053756,1049632,1050392,760,e94f94e9a7b87251fae6be2ddba993592b2d7ff8b3616e280a9e5f3e04965f67,42545830fffe0100f802000010000100,,NSBTX texture,Confirmed,True,False,,,,,,,,,,False,False
/data/mmodel/mmodel.narc,/data/mmodel/mmodel.narc!/member_00297,0,/data/mmodel/mmodel.narc,245,297,,1053756,1054500,1050392,1051136,744,99cec75532637e7b37a70196e3b9405b9e7ddd2d4ce65a588f67798c42849c5f,42545830fffe0100e802000010000100,,NSBTX texture,Confirmed,True,False,,,,,,,,,,False,False
/data/mmodel/mmodel.narc,/data/mmodel/mmodel.narc!/member_00298,0,/data/mmodel/mmodel.narc,245,298,,1054500,1055260,1051136,1051896,760,c3c9610254e97c5a8da01b8dba5c40144d9b387903b36ad0278b3186abc40c58,42545830fffe0100f802000010000100,,NSBTX texture,Confirmed,True,False,,,,,,,,,,False,False
/data/mmodel/mmodel.narc,/data/mmodel/mmodel.narc!/member_00299,0,/data/mmodel/mmodel.narc,245,299,,1055260,1056020,1051896,1052656,760,89d1c677f8b71bdc1e77eafb466619d84fdaab333d4b32da41b1b8daad950152,42545830fffe0100f802000010000100,,NSBTX texture,Confirmed,True,False,,,,,,,,,,False,False
/data/mmodel/mmodel.narc,/data/mmodel/mmodel.narc!/member_00300,0,/data/mmodel/mmodel.narc,245,300,,1056020,1056780,1052656,1053416,760,0a830ec626e4a1751be5e60862f60d583ea4f63ed3ea5feb7fa2f610981da0d5,42545830fffe0100f802000010000100,,NSBTX texture,Confirmed,True,False,,,,,,,,,,False,False
/data/mmodel/mmodel.narc,/data/mmodel/mmodel.narc!/member_00301,0,/data/mmodel/mmodel.narc,245,301,,1056780,1057540,1053416,1054176,760,bcf5f0b7b02a2341164231a768251c42cd55c9eaa1b242188b344d9b0a0cb762,42545830fffe0100f802000010000100,,NSBTX texture,Confirmed,True,False,,,,,,,,,,False,False
/data/mmodel/mmodel.narc,/data/mmodel/mmodel.narc!/member_00302,0,/data/mmodel/mmodel.narc,245,302,,1057540,1058300,1054176,1054936,760,dfd3ac0bf3ba8644b014eca8b7a761dd389f3776c5622e5420895130f11ae7ec,42545830fffe0100f802000010000100,,NSBTX texture,Confirmed,True,False,,,,,,,,,,False,False
/data/mmodel/mmodel.narc,/data/mmodel/mmodel.narc!/member_00303,0,/data/mmodel/mmodel.narc,245,303,,1058300,1059044,1054936,1055680,744,1e8131906dfee72833a5ddba1779406038239a0b5eb4608482e4cea017fc5ce7,42545830fffe0100e802000010000100,,NSBTX texture,Confirmed,True,False,,,,,,,,,,False,False
/data/mmodel/mmodel.narc,/data/mmodel/mmodel.narc!/member_00304,0,/data/mmodel/mmodel.narc,245,304,,1059044,1059804,1055680,1056440,760,aadabd25f37958ac94efcea01de8dd4550684dce56a0ee88b3bffd4fb8058a73,42545830fffe0100f802000010000100,,NSBTX texture,Confirmed,True,False,,,,,,,,,,False,False
/data/mmodel/mmodel.narc,/data/mmodel/mmodel.narc!/member_00305,0,/data/mmodel/mmodel.narc,245,305,,1059804,1060564,1056440,1057200,760,5d631bf05d6a261ce2832c4a45157be6b5eb7375227bd898af21de0d6a7b6bf6,42545830fffe0100f802000010000100,,NSBTX texture,Confirmed,True,False,,,,,,,,,,False,False
/data/mmodel/mmodel.narc,/data/mmodel/mmodel.narc!/member_00306,0,/data/mmodel/mmodel.narc,245,306,,1060564,1061324,1057200,1057960,760,8d5fd4a07e71cf0f13a2fcf5023b664eed280bceba1621445e194fdabf82be22,42545830fffe0100f802000010000100,,NSBTX texture,Confirmed,True,False,,,,,,,,,,False,False
/data/mmodel/mmodel.narc,/data/mmodel/mmodel.narc!/member_00307,0,/data/mmodel/mmodel.narc,245,307,,1061324,1062084,1057960,1058720,760,2eb4021690a36bc9b27c0c1131447a5620d18453302ac2dddbb624101619562f,42545830fffe0100f802000010000100,,NSBTX texture,Confirmed,True,False,,,,,,,,,,False,False
/data/mmodel/mmodel.narc,/data/mmodel/mmodel.narc!/member_00308,0,/data/mmodel/mmodel.narc,245,308,,1062084,1062844,1058720,1059480,760,4a0d3c034a9fac14c1fae0b96c7b5d684d716fafd0344b1827e96257e56044a3,42545830fffe0100f802000010000100,,NSBTX texture,Confirmed,True,False,,,,,,,,,,False,False
/data/mmodel/mmodel.narc,/data/mmodel/mmodel.narc!/member_00309,0,/data/mmodel/mmodel.narc,245,309,,1062844,1063588,1059480,1060224,744,7160e3c9bf8aa675cad8803845584e9c7e64496d85ffa2c9c7e47483ebee4a83,42545830fffe0100e802000010000100,,NSBTX texture,Confirmed,True,False,,,,,,,,,,False,False
/data/mmodel/mmodel.narc,/data/mmodel/mmodel.narc!/member_00310,0,/data/mmodel/mmodel.narc,245,310,,1063588,1064332,1060224,1060968,744,4ff2f971aa5ee476228f5729bf99918a89ea3bdd5fe6a345d9d83759e9c67cdd,42545830fffe0100e802000010000100,,NSBTX texture,Confirmed,True,False,,,,,,,,,,False,False
/data/mmodel/mmodel.narc,/data/mmodel/mmodel.narc!/member_00311,0,/data/mmodel/mmodel.narc,245,311,,1064332,1065092,1060968,1061728,760,5ec3439e02bbb71d7d064607d2bf00d4ce29194b632a6ab5c2d174b07041aa02,42545830fffe0100f802000010000100,,NSBTX texture,Confirmed,True,False,,,,,,,,,,False,False
/data/mmodel/mmodel.narc,/data/mmodel/mmodel.narc!/member_00312,0,/data/mmodel/mmodel.narc,245,312,,1065092,1065852,1061728,1062488,760,f7a9d1f94aeeeadadf5ccd09eb250c6ee66ca8298ec08470c0a562e5e65683a7,42545830fffe0100f802000010000100,,NSBTX texture,Confirmed,True,False,,,,,,,,,,False,False
/data/mmodel/mmodel.narc,/data/mmodel/mmodel.narc!/member_00313,0,/data/mmodel/mmodel.narc,245,313,,1065852,1066612,1062488,1063248,760,ea328d6e0c1c542fb5153f12f988401d468b9810c3159d5633e5ca613ed8b643,42545830fffe0100f802000010000100,,NSBTX texture,Confirmed,True,False,,,,,,,,,,False,False
/data/mmodel/mmodel.narc,/data/mmodel/mmodel.narc!/member_00314,0,/data/mmodel/mmodel.narc,245,314,,1066612,1067372,1063248,1064008,760,373d7ca169bfabe9a4d9172ce6b82e08ce46f5095ab97bc7dac97e8bc13abca3,42545830fffe0100f802000010000100,,NSBTX texture,Confirmed,True,False,,,,,,,,,,False,False
/data/mmodel/mmodel.narc,/data/mmodel/mmodel.narc!/member_00315,0,/data/mmodel/mmodel.narc,245,315,,1067372,1068116,1064008,1064752,744,131c3fa1a3c2189653c39dce6d4e7a98819fe4eb5d289870a8b2f050d250f813,42545830fffe0100e802000010000100,,NSBTX texture,Confirmed,True,False,,,,,,,,,,False,False
/data/mmodel/mmodel.narc,/data/mmodel/mmodel.narc!/member_00316,0,/data/mmodel/mmodel.narc,245,316,,1068116,1068876,1064752,1065512,760,b94824285a912bc708f9ce3ddd1c941c4f5477686b68e187fae25a280ee3f9b5,42545830fffe0100f802000010000100,,NSBTX texture,Confirmed,True,False,,,,,,,,,,False,False
/data/mmodel/mmodel.narc,/data/mmodel/mmodel.narc!/member_00317,0,/data/mmodel/mmodel.narc,245,317,,1068876,1069636,1065512,1066272,760,66163489a6bd92869b86e60aa351fbdc508b314b128d218a983c4effd11f5d18,42545830fffe0100f802000010000100,,NSBTX texture,Confirmed,True,False,,,,,,,,,,False,False
/data/mmodel/mmodel.narc,/data/mmodel/mmodel.narc!/member_00318,0,/data/mmodel/mmodel.narc,245,318,,1069636,1070380,1066272,1067016,744,426052499a84c550ff0657abc3c578d3a54b8d0e4c21d61b9cd2c4db7fb4e3bd,42545830fffe0100e802000010000100,,NSBTX texture,Confirmed,True,False,,,,,,,,,,False,False
/data/mmodel/mmodel.narc,/data/mmodel/mmodel.narc!/member_00319,0,/data/mmodel/mmodel.narc,245,319,,1070380,1071124,1067016,1067760,744,2fe2f3d1017bfcb6787e02954bddcbc4a65aa09936cf89f4a2f0535612ce6b2a,42545830fffe0100e802000010000100,,NSBTX texture,Confirmed,True,False,,,,,,,,,,False,False
/data/mmodel/mmodel.narc,/data/mmodel/mmodel.narc!/member_00320,0,/data/mmodel/mmodel.narc,245,320,,1071124,1071884,1067760,1068520,760,7650b805d48424f9be3de337bd3bec3eb90d135e3b279a7a8de3326acae45ed8,42545830fffe0100f802000010000100,,NSBTX texture,Confirmed,True,False,,,,,,,,,,False,False
/data/mmodel/mmodel.narc,/data/mmodel/mmodel.narc!/member_00321,0,/data/mmodel/mmodel.narc,245,321,,1071884,1072628,1068520,1069264,744,c72ce84576c44e6bb9610e85f16ca71fce831433b7043fdde511f3bceda8f77c,42545830fffe0100e802000010000100,,NSBTX texture,Confirmed,True,False,,,,,,,,,,False,False
/data/mmodel/mmodel.narc,/data/mmodel/mmodel.narc!/member_00322,0,/data/mmodel/mmodel.narc,245,322,,1072628,1073420,1069264,1070056,792,6390d28995f88dfb953105477c10935519984f78ede55279400b5079a71d7a18,42545830fffe01001803000010000100,,NSBTX texture,Confirmed,True,False,,,,,,,,,,False,False
/data/mmodel/mmodel.narc,/data/mmodel/mmodel.narc!/member_00323,0,/data/mmodel/mmodel.narc,245,323,,1073420,1074180,1070056,1070816,760,c3efaaf58b4da89f7e7b59274ca1cf8093c4c095112f78c563a199a811a82250,42545830fffe0100f802000010000100,,NSBTX texture,Confirmed,True,False,,,,,,,,,,False,False
/data/mmodel/mmodel.narc,/data/mmodel/mmodel.narc!/member_00324,0,/data/mmodel/mmodel.narc,245,324,,1074180,1074924,1070816,1071560,744,ced68975075cca30dda47d8dbb8d6470926835b92eb33346ae900b294f5e49ad,42545830fffe0100e802000010000100,,NSBTX texture,Confirmed,True,False,,,,,,,,,,False,False
/data/mmodel/mmodel.narc,/data/mmodel/mmodel.narc!/member_00325,0,/data/mmodel/mmodel.narc,245,325,,1074924,1075668,1071560,1072304,744,1b5cc4dfa365d91553f33dad7f0a7496369aed7accb4a6c13848089e2836669a,42545830fffe0100e802000010000100,,NSBTX texture,Confirmed,True,False,,,,,,,,,,False,False
/data/mmodel/mmodel.narc,/data/mmodel/mmodel.narc!/member_00326,0,/data/mmodel/mmodel.narc,245,326,,1075668,1076428,1072304,1073064,760,934deaa2b98f1c67eade7dae98b69379043f894f7b0539723555c94024d3277c,42545830fffe0100f802000010000100,,NSBTX texture,Confirmed,True,False,,,,,,,,,,False,False
/data/mmodel/mmodel.narc,/data/mmodel/mmodel.narc!/member_00327,0,/data/mmodel/mmodel.narc,245,327,,1076428,1077172,1073064,1073808,744,c5439959401a454f172bf1dc32f5c7baaeab047d37008e6d70f61a361d6c831a,42545830fffe0100e802000010000100,,NSBTX texture,Confirmed,True,False,,,,,,,,,,False,False
/data/mmodel/mmodel.narc,/data/mmodel/mmodel.narc!/member_00328,0,/data/mmodel/mmodel.narc,245,328,,1077172,1077932,1073808,1074568,760,3693e27954a3153bc3181abdbf2ab18eba78d8f49df1ab3f133d40b957029921,42545830fffe0100f802000010000100,,NSBTX texture,Confirmed,True,False,,,,,,,,,,False,False
/data/mmodel/mmodel.narc,/data/mmodel/mmodel.narc!/member_00329,0,/data/mmodel/mmodel.narc,245,329,,1077932,1078692,1074568,1075328,760,52508d85f59385e33530db84af870d6d318b5d8fca0348bee7c1865c2dbd53f7,42545830fffe0100f802000010000100,,NSBTX texture,Confirmed,True,False,,,,,,,,,,False,False
/data/mmodel/mmodel.narc,/data/mmodel/mmodel.narc!/member_00330,0,/data/mmodel/mmodel.narc,245,330,,1078692,1079452,1075328,1076088,760,3367d5a2ff680e6a6f26a12bfa7459919a148d75a5bce78b17bc89be376982b7,42545830fffe0100f802000010000100,,NSBTX texture,Confirmed,True,False,,,,,,,,,,False,False
/data/mmodel/mmodel.narc,/data/mmodel/mmodel.narc!/member_00331,0,/data/mmodel/mmodel.narc,245,331,,1079452,1080212,1076088,1076848,760,95cdbc0b92c49b6abaf707d071bb425d1b769864176855a0de153ef50b66d6a0,42545830fffe0100f802000010000100,,NSBTX texture,Confirmed,True,False,,,,,,,,,,False,False
/data/mmodel/mmodel.narc,/data/mmodel/mmodel.narc!/member_00332,0,/data/mmodel/mmodel.narc,245,332,,1080212,1080972,1076848,1077608,760,595e5e1430c0dd8a04ec16a1789716be57bbdea08397dd49961b0d2d8830bc56,42545830fffe0100f802000010000100,,NSBTX texture,Confirmed,True,False,,,,,,,,,,False,False
/data/mmodel/mmodel.narc,/data/mmodel/mmodel.narc!/member_00333,0,/data/mmodel/mmodel.narc,245,333,,1080972,1081764,1077608,1078400,792,cd2bfde6cc6cd2e9b2f79678f1b7287fea08591cbf5b587e66ca130f5699c4f8,42545830fffe01001803000010000100,,NSBTX texture,Confirmed,True,False,,,,,,,,,,False,False
/data/mmodel/mmodel.narc,/data/mmodel/mmodel.narc!/member_00334,0,/data/mmodel/mmodel.narc,245,334,,1081764,1082524,1078400,1079160,760,a77b8c57fb183260f729355776f5d3055bbc286bac1757411c29804f978d0d88,42545830fffe0100f802000010000100,,NSBTX texture,Confirmed,True,False,,,,,,,,,,False,False
/data/mmodel/mmodel.narc,/data/mmodel/mmodel.narc!/member_00335,0,/data/mmodel/mmodel.narc,245,335,,1082524,1083284,1079160,1079920,760,63a05f1f3f435bfe52f8b47fbecf71357ff0e3df2bff757defdfe750a0a2a248,42545830fffe0100f802000010000100,,NSBTX texture,Confirmed,True,False,,,,,,,,,,False,False
/data/mmodel/mmodel.narc,/data/mmodel/mmodel.narc!/member_00336,0,/data/mmodel/mmodel.narc,245,336,,1083284,1084028,1079920,1080664,744,2e3a3256d827b54c9c141f24f68505f6fd63ad0f2d5522357c74a3c4eb10b6fe,42545830fffe0100e802000010000100,,NSBTX texture,Confirmed,True,False,,,,,,,,,,False,False
/data/mmodel/mmodel.narc,/data/mmodel/mmodel.narc!/member_00337,0,/data/mmodel/mmodel.narc,245,337,,1084028,1084804,1080664,1081440,776,29041f2403138de0468430673405244920e37f72ced3ea50d595b745d7152999,42545830fffe01000803000010000100,,NSBTX texture,Confirmed,True,False,,,,,,,,,,False,False
/data/mmodel/mmodel.narc,/data/mmodel/mmodel.narc!/member_00338,0,/data/mmodel/mmodel.narc,245,338,,1084804,1085564,1081440,1082200,760,9ed3528d2bb6d2b2deabca949c229e7fb2b95d05fde3b7c61c409228ce485124,42545830fffe0100f802000010000100,,NSBTX texture,Confirmed,True,False,,,,,,,,,,False,False
/data/mmodel/mmodel.narc,/data/mmodel/mmodel.narc!/member_00339,0,/data/mmodel/mmodel.narc,245,339,,1085564,1086324,1082200,1082960,760,64da477e3c8b810d2391ba1b0a253263c83e8fed1d9af5654bdbb201132176ab,42545830fffe0100f802000010000100,,NSBTX texture,Confirmed,True,False,,,,,,,,,,False,False
/data/mmodel/mmodel.narc,/data/mmodel/mmodel.narc!/member_00340,0,/data/mmodel/mmodel.narc,245,340,,1086324,1087084,1082960,1083720,760,a0ce126b46e5d9b37f5df84b3f350e5c5ec07ebd29ddce455f6bef19c7386b69,42545830fffe0100f802000010000100,,NSBTX texture,Confirmed,True,False,,,,,,,,,,False,False
/data/mmodel/mmodel.narc,/data/mmodel/mmodel.narc!/member_00341,0,/data/mmodel/mmodel.narc,245,341,,1087084,1087844,1083720,1084480,760,487abe3577aaff13f344d804970c6500ca435b28cd3543023479c1dc29b6f164,42545830fffe0100f802000010000100,,NSBTX texture,Confirmed,True,False,,,,,,,,,,False,False
/data/mmodel/mmodel.narc,/data/mmodel/mmodel.narc!/member_00342,0,/data/mmodel/mmodel.narc,245,342,,1087844,1088588,1084480,1085224,744,2f2cb411ccafb2bc7f2401ef063981eebdac42d18ccb725b9546e234a29f62a0,42545830fffe0100e802000010000100,,NSBTX texture,Confirmed,True,False,,,,,,,,,,False,False
/data/mmodel/mmodel.narc,/data/mmodel/mmodel.narc!/member_00343,0,/data/mmodel/mmodel.narc,245,343,,1088588,1089348,1085224,1085984,760,b842c88d1bcf3015aa89f75ed1b35a6864fbab8baec27a9c7bce3f4044a057b7,42545830fffe0100f802000010000100,,NSBTX texture,Confirmed,True,False,,,,,,,,,,False,False
/data/mmodel/mmodel.narc,/data/mmodel/mmodel.narc!/member_00344,0,/data/mmodel/mmodel.narc,245,344,,1089348,1090108,1085984,1086744,760,9d64fe58c0301f91b560b263fe437291c3e4ab5e77899a00d371bd6a92476154,42545830fffe0100f802000010000100,,NSBTX texture,Confirmed,True,False,,,,,,,,,,False,False
/data/mmodel/mmodel.narc,/data/mmodel/mmodel.narc!/member_00345,0,/data/mmodel/mmodel.narc,245,345,,1090108,1090868,1086744,1087504,760,7522a4606f83c8a77befde69e59dbc096f8cbf437b84452d40d365d252778ce2,42545830fffe0100f802000010000100,,NSBTX texture,Confirmed,True,False,,,,,,,,,,False,False
/data/mmodel/mmodel.narc,/data/mmodel/mmodel.narc!/member_00346,0,/data/mmodel/mmodel.narc,245,346,,1090868,1091628,1087504,1088264,760,bc9d0732e6a937ab3827ec32d05d2c89c3c97a4d15687a960b70194987b53ade,42545830fffe0100f802000010000100,,NSBTX texture,Confirmed,True,False,,,,,,,,,,False,False
/data/mmodel/mmodel.narc,/data/mmodel/mmodel.narc!/member_00347,0,/data/mmodel/mmodel.narc,245,347,,1091628,1092388,1088264,1089024,760,bdbae49342dac2db8f5e47980accd1be95df70b7a703eada2ad9b856f5cc1205,42545830fffe0100f802000010000100,,NSBTX texture,Confirmed,True,False,,,,,,,,,,False,False
/data/mmodel/mmodel.narc,/data/mmodel/mmodel.narc!/member_00348,0,/data/mmodel/mmodel.narc,245,348,,1092388,1093132,1089024,1089768,744,b7fcff58c4f5efea97d91e9729feb014e2c80d6d4210f8f5874700e83dbd0398,42545830fffe0100e802000010000100,,NSBTX texture,Confirmed,True,False,,,,,,,,,,False,False
/data/mmodel/mmodel.narc,/data/mmodel/mmodel.narc!/member_00349,0,/data/mmodel/mmodel.narc,245,349,,1093132,1093892,1089768,1090528,760,5e33b0b0952234b40a9f0e007d9098c72ef819c6c02e478ba9b7d552b547df7f,42545830fffe0100f802000010000100,,NSBTX texture,Confirmed,True,False,,,,,,,,,,False,False
/data/mmodel/mmodel.narc,/data/mmodel/mmodel.narc!/member_00350,0,/data/mmodel/mmodel.narc,245,350,,1093892,1094652,1090528,1091288,760,e2d9675bd91a2eb3def0a5a94ce8d979ee36b665ee676e9f77cf6afe2a81fcd3,42545830fffe0100f802000010000100,,NSBTX texture,Confirmed,True,False,,,,,,,,,,False,False
/data/mmodel/mmodel.narc,/data/mmodel/mmodel.narc!/member_00351,0,/data/mmodel/mmodel.narc,245,351,,1094652,1095396,1091288,1092032,744,5811ee508828dd7396c2e50c283bf2c7752b2fcdd4588e595841ea22924642ba,42545830fffe0100e802000010000100,,NSBTX texture,Confirmed,True,False,,,,,,,,,,False,False
/data/mmodel/mmodel.narc,/data/mmodel/mmodel.narc!/member_00352,0,/data/mmodel/mmodel.narc,245,352,,1095396,1096140,1092032,1092776,744,509629693c0fa7cf0596d1f20d39aa84359b2bf452227b28cfc6e7625481a3cc,42545830fffe0100e802000010000100,,NSBTX texture,Confirmed,True,False,,,,,,,,,,False,False
/data/mmodel/mmodel.narc,/data/mmodel/mmodel.narc!/member_00353,0,/data/mmodel/mmodel.narc,245,353,,1096140,1096900,1092776,1093536,760,7435aec2b749438c1f68448bb569bc47483a91af6682a854ac2c5ffda573741d,42545830fffe0100f802000010000100,,NSBTX texture,Confirmed,True,False,,,,,,,,,,False,False
/data/mmodel/mmodel.narc,/data/mmodel/mmodel.narc!/member_00354,0,/data/mmodel/mmodel.narc,245,354,,1096900,1097644,1093536,1094280,744,4462de853c06907797ab65e51d4ebe823206d7d1d172bee8fa7c5fd9e426d7b8,42545830fffe0100e802000010000100,,NSBTX texture,Confirmed,True,False,,,,,,,,,,False,False
/data/mmodel/mmodel.narc,/data/mmodel/mmodel.narc!/member_00355,0,/data/mmodel/mmodel.narc,245,355,,1097644,1098404,1094280,1095040,760,01458d12cc65b017c63b5601aa0e28cd6c284c5991730db75f0d3c3fd4e31157,42545830fffe0100f802000010000100,,NSBTX texture,Confirmed,True,False,,,,,,,,,,False,False
/data/mmodel/mmodel.narc,/data/mmodel/mmodel.narc!/member_00356,0,/data/mmodel/mmodel.narc,245,356,,1098404,1099164,1095040,1095800,760,394ea8a259b08a62c65b0838f14229bc1b407aa0a4575db193d83214bdc0e1e9,42545830fffe0100f802000010000100,,NSBTX texture,Confirmed,True,False,,,,,,,,,,False,False
/data/mmodel/mmodel.narc,/data/mmodel/mmodel.narc!/member_00357,0,/data/mmodel/mmodel.narc,245,357,,1099164,1099908,1095800,1096544,744,9a257292e3b859807e1f4b4fdaef659f3538021718a558bbb7ab3a535e51b0e7,42545830fffe0100e802000010000100,,NSBTX texture,Confirmed,True,False,,,,,,,,,,False,False
/data/mmodel/mmodel.narc,/data/mmodel/mmodel.narc!/member_00358,0,/data/mmodel/mmodel.narc,245,358,,1099908,1100668,1096544,1097304,760,e5ee114f9f436de5fd03622118aa60cf86dbbdffb3ebfdb593ead529e82dc16c,42545830fffe0100f802000010000100,,NSBTX texture,Confirmed,True,False,,,,,,,,,,False,False
/data/mmodel/mmodel.narc,/data/mmodel/mmodel.narc!/member_00359,0,/data/mmodel/mmodel.narc,245,359,,1100668,1101428,1097304,1098064,760,9e267f1d978960db4e4b63b2a0c5b9dac80230f61170f5dcc77a851bbee99f67,42545830fffe0100f802000010000100,,NSBTX texture,Confirmed,True,False,,,,,,,,,,False,False
/data/mmodel/mmodel.narc,/data/mmodel/mmodel.narc!/member_00360,0,/data/mmodel/mmodel.narc,245,360,,1101428,1104092,1098064,1100728,2664,ab0b97ebb66bcb04b7b0ba22dc1dd923cebcac045e6b96d604ce922f0887e5b1,42545830fffe0100680a000010000100,,NSBTX texture,Confirmed,True,False,,,,,,,,,,False,False
/data/mmodel/mmodel.narc,/data/mmodel/mmodel.narc!/member_00361,0,/data/mmodel/mmodel.narc,245,361,,1104092,1110852,1100728,1107488,6760,8553e8c87e65b20cb06b36a4148a76f245a7dd629a5bca10b63fc7d1a31a293f,42545830fffe0100681a000010000100,,NSBTX texture,Confirmed,True,False,,,,,,,,,,False,False
/data/mmodel/mmodel.narc,/data/mmodel/mmodel.narc!/member_00362,0,/data/mmodel/mmodel.narc,245,362,,1110852,1112100,1107488,1108736,1248,725d3c025a8cdf9301feb85425a17394eed315d24ecc5f7cc525bc07414728df,42545830fffe0100e004000010000100,,NSBTX texture,Confirmed,True,False,,,,,,,,,,False,False
/data/mmodel/mmodel.narc,/data/mmodel/mmodel.narc!/member_00363,0,/data/mmodel/mmodel.narc,245,363,,1112100,1118748,1108736,1115384,6648,51ce929b5aa1c4e71c6e53a0024679499d1f047404451e6eddcccdca8015577a,42545830fffe0100f819000010000100,,NSBTX texture,Confirmed,True,False,,,,,,,,,,False,False
/data/mmodel/mmodel.narc,/data/mmodel/mmodel.narc!/member_00364,0,/data/mmodel/mmodel.narc,245,364,,1118748,1125396,1115384,1122032,6648,0efa4366c5e769eddef59a6c3a478b2a55d413484dc93d786902687f6691ec6f,42545830fffe0100f819000010000100,,NSBTX texture,Confirmed,True,False,,,,,,,,,,False,False
/data/mmodel/mmodel.narc,/data/mmodel/mmodel.narc!/member_00365,0,/data/mmodel/mmodel.narc,245,365,,1125396,1126644,1122032,1123280,1248,986f5e9bbf01f721059898fd476904f4fcece610359ee6778957a4d2f39264f7,42545830fffe0100e004000010000100,,NSBTX texture,Confirmed,True,False,,,,,,,,,,False,False
/data/mmodel/mmodel.narc,/data/mmodel/mmodel.narc!/member_00366,0,/data/mmodel/mmodel.narc,245,366,,1126644,1127892,1123280,1124528,1248,6189e98ab4b260f68c64e730c2a15ad536a44776a2d53cbd0383ab582a8e8a34,42545830fffe0100e004000010000100,,NSBTX texture,Confirmed,True,False,,,,,,,,,,False,False
/data/mmodel/mmodel.narc,/data/mmodel/mmodel.narc!/member_00367,0,/data/mmodel/mmodel.narc,245,367,,1127892,1131468,1124528,1128104,3576,7a1cf8d37ad3731e89499892ce291bfcff243fbeb230ceccd0474123718a29c2,42545830fffe0100f80d000010000100,,NSBTX texture,Confirmed,True,False,,,,,,,,,,False,False
/data/mmodel/mmodel.narc,/data/mmodel/mmodel.narc!/member_00368,0,/data/mmodel/mmodel.narc,245,368,,1131468,1135044,1128104,1131680,3576,b65f0657796fb881fbfa963255493710784c3c61d16c12287d35c6a12aeee8a0,42545830fffe0100f80d000010000100,,NSBTX texture,Confirmed,True,False,,,,,,,,,,False,False
/data/mmodel/mmodel.narc,/data/mmodel/mmodel.narc!/member_00369,0,/data/mmodel/mmodel.narc,245,369,,1135044,1135496,1131680,1132132,452,985432ef2cc30a519e7cd0f92f036a8bef0f85b4cc520ab8573b0e6c5ba71f32,42545830fffe0100c401000010000100,,NSBTX texture,Confirmed,True,False,,,,,,,,,,False,False
/data/mmodel/mmodel.narc,/data/mmodel/mmodel.narc!/member_00370,0,/data/mmodel/mmodel.narc,245,370,,1135496,1137792,1132132,1134428,2296,e1ac2da8224615325dc5c7f0fce21e1b4d998e24abcc3d17c14dee9f98dc4116,42545830fffe0100f808000010000100,,NSBTX texture,Confirmed,True,False,,,,,,,,,,False,False
/data/mmodel/mmodel.narc,/data/mmodel/mmodel.narc!/member_00371,0,/data/mmodel/mmodel.narc,245,371,,1137792,1144552,1134428,1141188,6760,064ea5ac2f91cb049fe266c0dad5b6dc5546441d5499d996c2e5978b8b17315e,42545830fffe0100681a000010000100,,NSBTX texture,Confirmed,True,False,,,,,,,,,,False,False
/data/mmodel/mmodel.narc,/data/mmodel/mmodel.narc!/member_00372,0,/data/mmodel/mmodel.narc,245,372,,1144552,1151312,1141188,1147948,6760,47fa169d02315d1ba1bb74dc8d6a41e89c988f692d4a9dbe047ec372218be8bb,42545830fffe0100681a000010000100,,NSBTX texture,Confirmed,True,False,,,,,,,,,,False,False
/data/mmodel/mmodel.narc,/data/mmodel/mmodel.narc!/member_00373,0,/data/mmodel/mmodel.narc,245,373,,1151312,1158072,1147948,1154708,6760,3bdc9831c6b0cfda6d66e578d0b987a8966c3ff9e62e705fba5138cb48c28cde,42545830fffe0100681a000010000100,,NSBTX texture,Confirmed,True,False,,,,,,,,,,False,False
/data/mmodel/mmodel.narc,/data/mmodel/mmodel.narc!/member_00374,0,/data/mmodel/mmodel.narc,245,374,,1158072,1164832,1154708,1161468,6760,cd6bf72f2c765e1bd5ff615e3b848e6621343e95296596e83022c1348687c888,42545830fffe0100681a000010000100,,NSBTX texture,Confirmed,True,False,,,,,,,,,,False,False
/data/mmodel/mmodel.narc,/data/mmodel/mmodel.narc!/member_00375,0,/data/mmodel/mmodel.narc,245,375,,1164832,1171592,1161468,1168228,6760,aba99f73f9312e3d0adf77c6ee001d9a2b626a128e3147186ff7d02daf7d1035,42545830fffe0100681a000010000100,,NSBTX texture,Confirmed,True,False,,,,,,,,,,False,False
/data/mmodel/mmodel.narc,/data/mmodel/mmodel.narc!/member_00376,0,/data/mmodel/mmodel.narc,245,376,,1171592,1172760,1168228,1169396,1168,2cb601aa761ecd2553c80782ea8b50aabd409c285470e54a79df83010d1d17d3,424d4430fffe02009004000010000200,,NSBMD model,Confirmed,True,False,,,,,,,,,,False,False
/data/mmodel/mmodel.narc,/data/mmodel/mmodel.narc!/member_00377,0,/data/mmodel/mmodel.narc,245,377,,1172760,1173528,1169396,1170164,768,2cf8412bab976fce038a50a3458056eeef404900e69fc065807b0dd7c4e23063,424d4430fffe02000003000010000200,,NSBMD model,Confirmed,True,False,,,,,,,,,,False,False
/data/mmodel/mmodel.narc,/data/mmodel/mmodel.narc!/member_00378,0,/data/mmodel/mmodel.narc,245,378,,1173528,1174296,1170164,1170932,768,572db7a97a5ab56748941ca6937a5419fcdb8e4e7996c5047c8ca2338b5e543a,424d4430fffe02000003000010000200,,NSBMD model,Confirmed,True,False,,,,,,,,,,False,False
/data/mmodel/mmodel.narc,/data/mmodel/mmodel.narc!/member_00379,0,/data/mmodel/mmodel.narc,245,379,,1174296,1175244,1170932,1171880,948,1b648c4725d0e4ecf645684fe2edc05c4ffdf22c9f8775038f9bd6afcb1aa59e,424d4430fffe0200b403000010000200,,NSBMD model,Confirmed,True,False,,,,,,,,,,False,False
/data/mmodel/mmodel.narc,/data/mmodel/mmodel.narc!/member_00380,0,/data/mmodel/mmodel.narc,245,380,,1175244,1176448,1171880,1173084,1204,9dede62c9872c97b11a67f9262914eb55c6389e420a8d730515c0d1673c21a60,424d4430fffe0200b404000010000200,,NSBMD model,Confirmed,True,False,,,,,,,,,,False,False
/data/mmodel/mmodel.narc,/data/mmodel/mmodel.narc!/member_00381,0,/data/mmodel/mmodel.narc,245,381,,1176448,1179296,1173084,1175932,2848,a26e9db2f001bc63659068b7373c3df4b84f42603727bb1e2c9a568809ea3516,424d4430fffe0200200b000010000200,,NSBMD model,Confirmed,True,False,,,,,,,,,,False,False
/data/mmodel/mmodel.narc,/data/mmodel/mmodel.narc!/member_00382,0,/data/mmodel/mmodel.narc,245,382,,1179296,1180064,1175932,1176700,768,1461f52b8c6ce41ba45b358b7f0e009295706e3c639c5a50b91e4c138922f52f,424d4430fffe02000003000010000200,,NSBMD model,Confirmed,True,False,,,,,,,,,,False,False
/data/mmodel/mmodel.narc,/data/mmodel/mmodel.narc!/member_00383,0,/data/mmodel/mmodel.narc,245,383,,1180064,1184844,1176700,1181480,4780,f28fa75e1fba247352d011f6d76fdfbb111c3789052224f66bddf2a86e6af2bc,424d4430fffe0200ac12000010000200,,NSBMD model,Confirmed,True,False,,,,,,,,,,False,False
/data/mmodel/mmodel.narc,/data/mmodel/mmodel.narc!/member_00384,0,/data/mmodel/mmodel.narc,245,384,,1184844,1186844,1181480,1183480,2000,a89efc498356b5650a9ae46bc29c82f15106c02aed1d91b7d92cfed1e8ff0eb6,424d4430fffe0200d007000010000200,,NSBMD model,Confirmed,True,False,,,,,,,,,,False,False
/data/mmodel/mmodel.narc,/data/mmodel/mmodel.narc!/member_00385,0,/data/mmodel/mmodel.narc,245,385,,1186844,1189236,1183480,1185872,2392,786037dbfaca950ffa17fea46031f7772488e8868cb5102424a4fcd04546fef8,424d4430fffe02005809000010000200,,NSBMD model,Confirmed,True,False,,,,,,,,,,False,False
/data/mmodel/mmodel.narc,/data/mmodel/mmodel.narc!/member_00386,0,/data/mmodel/mmodel.narc,245,386,,1189236,1191112,1185872,1187748,1876,a12f6a2df635d38260091b34720a5353d3c4db85b4962a0c304adea7f3336731,424d4430fffe02005407000010000200,,NSBMD model,Confirmed,True,False,,,,,,,,,,False,False
/data/mmodel/mmodel.narc,/data/mmodel/mmodel.narc!/member_00387,0,/data/mmodel/mmodel.narc,245,387,,1191112,1193692,1187748,1190328,2580,44107a5cc498add2b092b355517bc3fe85af35470b626ab2e6494c308789afad,424d4430fffe0200140a000010000200,,NSBMD model,Confirmed,True,False,,,,,,,,,,False,False
/data/mmodel/mmodel.narc,/data/mmodel/mmodel.narc!/member_00388,0,/data/mmodel/mmodel.narc,245,388,,1193692,1196436,1190328,1193072,2744,2270afc7616ff6ff3560a25b418e4fce02365271678a1196fbd4c9fed24abf9a,424d4430fffe0200b80a000010000200,,NSBMD model,Confirmed,True,False,,,,,,,,,,False,False
/data/mmodel/mmodel.narc,/data/mmodel/mmodel.narc!/member_00389,0,/data/mmodel/mmodel.narc,245,389,,1196436,1198684,1193072,1195320,2248,ed708ef9e5fa67873bfd004a7031cdf9192d4a8470c72c2a1b2e50999b0d792a,424d4430fffe0200c808000010000200,,NSBMD model,Confirmed,True,False,,,,,,,,,,False,False
/data/mmodel/mmodel.narc,/data/mmodel/mmodel.narc!/member_00390,0,/data/mmodel/mmodel.narc,245,390,,1198684,1207952,1195320,1204588,9268,43877466f35f0a5819c3f48747578b26c0c58237e1336e72cec42adfa27936b0,424d4430fffe02003424000010000200,,NSBMD model,Confirmed,True,False,,,,,,,,,,False,False
/data/mmodel/mmodel.narc,/data/mmodel/mmodel.narc!/member_00391,0,/data/mmodel/mmodel.narc,245,391,,1207952,1208864,1204588,1205500,912,4722dd921b205935817e280de6e72a02b2070f97e8e66f3e2fbc97e239a41f84,424d4430fffe02009003000010000200,,NSBMD model,Confirmed,True,False,,,,,,,,,,False,False
/data/mmodel/mmodel.narc,/data/mmodel/mmodel.narc!/member_00392,0,/data/mmodel/mmodel.narc,245,392,,1208864,1212716,1205500,1209352,3852,0491281cc2cc7a4ea8e6168c4d9784a1785ebb1c6e9a6c5c40908e9b86ff47f9,424d4430fffe02000c0f000010000200,,NSBMD model,Confirmed,True,False,,,,,,,,,,False,False
/data/mmodel/mmodel.narc,/data/mmodel/mmodel.narc!/member_00393,0,/data/mmodel/mmodel.narc,245,393,,1212716,1212784,1209352,1209420,68,057bc9ff5b21dd45a97cef53074df7aa5307c221f978d455656c0c7eef194b3b,100000000000040008000c0010001400,,Nintendo LZ10,Probable,,True,Nintendo LZ10,Probable,True,262144,False,,,,,False,False
/data/mmodel/mmodel.narc,/data/mmodel/mmodel.narc!/member_00394,0,/data/mmodel/mmodel.narc,245,394,,1212784,1212916,1209420,1209552,132,f781433b3f562eb8737fb8eb4e59fe6c86d6bfc3e23bfab752aef4fc60366d0a,200000000000040008000c0010001400,,Nintendo Huffman,Probable,,True,Nintendo Huffman,Probable,False,262144,,,,,,False,False
/data/mmodel/mmodel.narc,/data/mmodel/mmodel.narc!/member_00395,0,/data/mmodel/mmodel.narc,245,395,,1212916,1212928,1209552,1209564,12,088d04aa42ac03742b779448e05d2f2c074cd6e6629609f640027ace1e841920,0200000000001e0000010001,,,,,False,,,,,,,,,,False,False
/data/mmodel/mmodel.narc,/data/mmodel/mmodel.narc!/member_00396,0,/data/mmodel/mmodel.narc,245,396,,1212928,1213028,1209564,1209664,100,fe1dbde3c2f700240b64fbf932b6d481cf9eea6eeaa11951a168925b83a181fb,180000000000040008000c0010001400,,,,,False,,,,,,,,,,False,False
/data/mmodel/mmodel.narc,/data/mmodel/mmodel.narc!/member_00397,0,/data/mmodel/mmodel.narc,245,397,,1213028,1213048,1209664,1209684,20,5f5eb44ad4a324afcc6c5960c882f9f82b4b6bce145630f8ff8894c98889e447,040000000000030006000a0000010203,,,,,False,,,,,,,,,,False,False
/data/mmodel/mmodel.narc,/data/mmodel/mmodel.narc!/member_00398,0,/data/mmodel/mmodel.narc,245,398,,1213048,1213080,1209684,1209716,32,93373c84c86e1a9374178a9af8e6e74b87fe30f8351191c4112feeeacdedff87,070000000000040008000c0010001400,,,,,False,,,,,,,,,,False,False
/data/mmodel/mmodel.narc,/data/mmodel/mmodel.narc!/member_00399,0,/data/mmodel/mmodel.narc,245,399,,1213080,1213100,1209716,1209736,20,5f5eb44ad4a324afcc6c5960c882f9f82b4b6bce145630f8ff8894c98889e447,040000000000030006000a0000010203,,,,,False,,,,,,,,,,False,False
/data/mmodel/mmodel.narc,/data/mmodel/mmodel.narc!/member_00400,0,/data/mmodel/mmodel.narc,245,400,,1213100,1213120,1209736,1209756,20,58527da36cd1f0a87213f61f27f8bc1670c1312459469e1f07ed436e1b735ccf,040000000000040008000c0000010203,,,,,False,,,,,,,,,,False,False
/data/mmodel/mmodel.narc,/data/mmodel/mmodel.narc!/member_00401,0,/data/mmodel/mmodel.narc,245,401,,1213120,1213132,1209756,1209768,12,3027f3509f0b703f2e0e0bd1fee599d033f26e54e163e4d5020e774f0c4c8dfc,020000000000080000010000,,,,,False,,,,,,,,,,False,False
/data/mmodel/mmodel.narc,/data/mmodel/mmodel.narc!/member_00402,0,/data/mmodel/mmodel.narc,245,402,,1213132,1213200,1209768,1209836,68,057bc9ff5b21dd45a97cef53074df7aa5307c221f978d455656c0c7eef194b3b,100000000000040008000c0010001400,,Nintendo LZ10,Probable,,True,Nintendo LZ10,Probable,True,262144,False,,,,,False,False
/data/mmodel/mmodel.narc,/data/mmodel/mmodel.narc!/member_00403,0,/data/mmodel/mmodel.narc,245,403,,1213200,1213268,1209836,1209904,68,057bc9ff5b21dd45a97cef53074df7aa5307c221f978d455656c0c7eef194b3b,100000000000040008000c0010001400,,Nintendo LZ10,Probable,,True,Nintendo LZ10,Probable,True,262144,False,,,,,False,False
/data/mmodel/mmodel.narc,/data/mmodel/mmodel.narc!/member_00404,0,/data/mmodel/mmodel.narc,245,404,,1213268,1213340,1209904,1209976,72,90d3a31bb4c6623fd8de3c6a3454d37864e7eff636e98258e35027db91405c2a,110000000000040008000c0010001400,,Nintendo LZ11,Probable,,True,Nintendo LZ11,Probable,True,262144,False,,,,,False,False
/data/mmodel/mmodel.narc,/data/mmodel/mmodel.narc!/member_00405,0,/data/mmodel/mmodel.narc,245,405,,1213340,1213356,1209976,1209992,16,37742dde583acd13f454b552b4ef7b16dee94a2d8a4b50578850f05dda05dd38,03000000000008001000000100000000,,,,,False,,,,,,,,,,False,False
/data/mmodel/mmodel.narc,/data/mmodel/mmodel.narc!/member_00406,0,/data/mmodel/mmodel.narc,245,406,,1213356,1213408,1209992,1210044,52,d6ad4a18da1fdac4e405e90c907aa03f32e2d537354bc4afb3d576eaf1142092,0c0000000000040008000c0010001400,,,,,False,,,,,,,,,,False,False
/data/mmodel/mmodel.narc,/data/mmodel/mmodel.narc!/member_00407,0,/data/mmodel/mmodel.narc,245,407,,1213408,1213420,1210044,1210056,12,c00621dc5734aba62981f0cf38bcac7a864ce9f997ac820b234fb19e7bc65ff0,020000000000040000010000,,,,,False,,,,,,,,,,False,False
/data/mmodel/mmodel.narc,/data/mmodel/mmodel.narc!/member_00408,0,/data/mmodel/mmodel.narc,245,408,,1213420,1213472,1210056,1210108,52,8fff0576da833e5bfca085009d957f5932af991ed7ac4b736cdabad46109912b,0c0000000000040008000c0010001400,,,,,False,,,,,,,,,,False,False
/data/mmodel/mmodel.narc,/data/mmodel/mmodel.narc!/member_00409,0,/data/mmodel/mmodel.narc,245,409,,1213472,1213484,1210108,1210120,12,5270708491a0b86676ef1a8a1c65a42d63cee508912f836ac52461d2a875e287,0200000000000a0000010000,,,,,False,,,,,,,,,,False,False
/data/mmodel/mmodel.narc,/data/mmodel/mmodel.narc!/member_00410,0,/data/mmodel/mmodel.narc,245,410,,1213484,1213496,1210120,1210132,12,5270708491a0b86676ef1a8a1c65a42d63cee508912f836ac52461d2a875e287,0200000000000a0000010000,,,,,False,,,,,,,,,,False,False
/data/mmodel/mmodel.narc,/data/mmodel/mmodel.narc!/member_00411,0,/data/mmodel/mmodel.narc,245,411,,1213496,1213508,1210132,1210144,12,5270708491a0b86676ef1a8a1c65a42d63cee508912f836ac52461d2a875e287,0200000000000a0000010000,,,,,False,,,,,,,,,,False,False
/data/mmodel/mmodel.narc,/data/mmodel/mmodel.narc!/member_00412,0,/data/mmodel/mmodel.narc,245,412,,1213508,1213520,1210144,1210156,12,5270708491a0b86676ef1a8a1c65a42d63cee508912f836ac52461d2a875e287,0200000000000a0000010000,,,,,False,,,,,,,,,,False,False
/data/mmodel/mmodel.narc,/data/mmodel/mmodel.narc!/member_00413,0,/data/mmodel/mmodel.narc,245,413,,1213520,1213532,1210156,1210168,12,5270708491a0b86676ef1a8a1c65a42d63cee508912f836ac52461d2a875e287,0200000000000a0000010000,,,,,False,,,,,,,,,,False,False
/demo/egg/data/egg_data.narc,/demo/egg/data/egg_data.narc!/member_00000,0,/demo/egg/data/egg_data.narc,247,0,,140,6660,0,6520,6520,c7ca59f23774529d31361199762accac69853f32288598f18fb1bab09b131805,10308000005247434efffe0001003080,,Nintendo LZ10,Probable,,True,Nintendo LZ10,Confirmed,True,32816,True,32816,3da591560a2dac1b3b1cbf2131deac7ec6258ee7c4c0d75c3c77b86e69ec114b,NCGR graphics,Confirmed,False,False
/demo/egg/data/egg_data.narc,/demo/egg/data/egg_data.narc!/member_00001,0,/demo/egg/data/egg_data.narc,247,1,,6660,8036,6520,7896,1376,4b0705ea675c9e8def362fcce4820513e25ff2c4fd40c1c136884b6e9f31fd33,10240800005243534efffe0001002408,,Nintendo LZ10,Probable,,True,Nintendo LZ10,Confirmed,True,2084,True,2084,e3bc81d134f8bb1e65263e17b5bde1c1562ccfa3ea100345f7574ecd2ff5fb64,NSCR screen map,Confirmed,False,False
/demo/egg/data/egg_data.narc,/demo/egg/data/egg_data.narc!/member_00002,0,/demo/egg/data/egg_data.narc,247,2,,8036,8152,7896,8012,116,3bec8641a186a283642eabe1fab30acd3ce8dc1bde5a07a0693242a1c931d530,109f000000524e414efffe0001009f00,,Nintendo LZ10,Probable,,True,Nintendo LZ10,Confirmed,True,159,True,159,95696e9be559b1140c0d89b25eb72825ee937793db993f6809c9c454863dc444,NANR animation,Confirmed,False,False
/demo/egg/data/egg_data.narc,/demo/egg/data/egg_data.narc!/member_00003,0,/demo/egg/data/egg_data.narc,247,3,,8152,8284,8012,8144,132,e894bafe2ba61a08a50415c49b71dfa0ebf45a924383a60792486561913738ed,10d70000005245434efffe000100d700,,Nintendo LZ10,Probable,,True,Nintendo LZ10,Confirmed,True,215,True,215,dc3197696eac1a8bf639f962ebaea3ab6bb69152d169a3ec0d276291d6692d67,NCER cell,Confirmed,False,False
/demo/egg/data/egg_data.narc,/demo/egg/data/egg_data.narc!/member_00004,0,/demo/egg/data/egg_data.narc,247,4,,8284,9216,8144,9076,932,a01dffff1ad7d0cf05ac98978f8ed6e84df309fe1f2cd6f91f78d517463f63ad,10300c00005247434efffe000100300c,,Nintendo LZ10,Probable,,True,Nintendo LZ10,Confirmed,True,3120,True,3120,67ecf7ba33a70cef7f8563bad1626493adb3e8781455fed03967697000408b33,NCGR graphics,Confirmed,False,False
/demo/egg/data/egg_data.narc,/demo/egg/data/egg_data.narc!/member_00005,0,/demo/egg/data/egg_data.narc,247,5,,9216,9308,9076,9168,92,56cebe0323cfe1115a7c3041be0f8cf0bd9fe9ae15fa7999766cda2df6367f33,106f000000524e414efffe0001006f00,,Nintendo LZ10,Probable,,True,Nintendo LZ10,Confirmed,True,111,True,111,30249884bd91f10bc9d4e13e7b1495f09991b6f488405a0cdbb61cfb402d10ca,NANR animation,Confirmed,False,False
/demo/egg/data/egg_data.narc,/demo/egg/data/egg_data.narc!/member_00006,0,/demo/egg/data/egg_data.narc,247,6,,9308,9456,9168,9316,148,5d11aff8b31efe295bee3f7a26b82082006b4275bcdc2777ed06ec8b2b5af525,10ab0000005245434efffe000100ab00,,Nintendo LZ10,Probable,,True,Nintendo LZ10,Confirmed,True,171,True,171,1d461edefc0348eb1002203c323bfc1eeba5cf0782b2b981184f1799ad8bddc3,NCER cell,Confirmed,False,False
/demo/egg/data/egg_data.narc,/demo/egg/data/egg_data.narc!/member_00007,0,/demo/egg/data/egg_data.narc,247,7,,9456,10236,9316,10096,780,5a868b9d3087c7fc2a26957c63e53c86c4f80a276fc2161237e887b6bfc06163,10301800005247434efffe0001003018,,Nintendo LZ10,Probable,,True,Nintendo LZ10,Confirmed,True,6192,True,6192,733fe03fb264bd04d23671067fe8944983e4cdaa776f002b9fd230cb062c020a,NCGR graphics,Confirmed,False,False
/demo/egg/data/egg_data.narc,/demo/egg/data/egg_data.narc!/member_00008,0,/demo/egg/data/egg_data.narc,247,8,,10236,10360,10096,10220,124,4731cd3e3732164b342f8623daa154d58ae4acac5b7a316d1a9171e68ea95a78,524c434efffe00017c00000010000200,,NCLR palette,Confirmed,True,False,,,,,,,,,,False,False
/demo/egg/data/egg_data.narc,/demo/egg/data/egg_data.narc!/member_00009,0,/demo/egg/data/egg_data.narc,247,9,,10360,10450,10220,10310,90,4e7624c0fed29a5d93da08e185b83efdaf74d2253b534058cd5872b4f6c30b66,524c434efffe00015a00000010000200,,NCLR palette,Confirmed,True,False,,,,,,,,,,False,False
/demo/egg/data/egg_data.narc,/demo/egg/data/egg_data.narc!/member_00010,0,/demo/egg/data/egg_data.narc,247,10,,10452,11004,10312,10864,552,94aa4bac188ac4a927a2b7ad7fb00ee0a598df29418bc7e040d9f3eda517dc79,524c434efffe00012802000010000100,,NCLR palette,Confirmed,True,False,,,,,,,,,,False,False
/demo/egg/data/particle/egg_demo_particle.narc,/demo/egg/data/particle/egg_demo_particle.narc!/member_00000,0,/demo/egg/data/particle/egg_demo_particle.narc,248,0,,68,5392,0,5324,5324,44561adb8ea08f1f5f9de8c54f642a25746b821e882fee3994593b5a72dc8f71,2041505331325f310400030000000000,,Nintendo Huffman,Probable,,True,Nintendo Huffman,Probable,False,5460033,,,,,,False,False
/demo/egg/data/particle/egg_demo_particle.narc,/demo/egg/data/particle/egg_demo_particle.narc!/member_00001,0,/demo/egg/data/particle/egg_demo_particle.narc,248,1,,5392,9708,5324,9640,4316,f6d7f0e3a88c1efbd795aa70d9b36a9c872a27f5aea25ff20e719abfb3bb6042,2041505331325f310400050000000000,,Nintendo Huffman,Probable,,True,Nintendo Huffman,Probable,False,5460033,,,,,,False,False
/demo/intro/intro.narc,/demo/intro/intro.narc!/member_00000,0,/demo/intro/intro.narc,249,0,,436,4596,0,4160,4160,6009472765fb25579e8ed8dce0c93693246d58508cf7ebb32ee305b4236a66af,5247434efffe01014010000010000200,,NCGR graphics,Confirmed,True,False,,,,,,,,,,False,False
/demo/intro/intro.narc,/demo/intro/intro.narc!/member_00001,0,/demo/intro/intro.narc,249,1,,4596,5148,4160,4712,552,11a609708ca6fa20e6749ee4598a3f188ac2cf8402dd325e4974239e55f0f157,524c434efffe00012802000010000100,,NCLR palette,Confirmed,True,False,,,,,,,,,,False,False
/demo/intro/intro.narc,/demo/intro/intro.narc!/member_00002,0,/demo/intro/intro.narc,249,2,,5148,5700,4712,5264,552,f42bce6fdb0346fc2f466dfd8db21896643e0fb8f5d3b5c996dc282bf55633b2,524c434efffe00012802000010000100,,NCLR palette,Confirmed,True,False,,,,,,,,,,False,False
/demo/intro/intro.narc,/demo/intro/intro.narc!/member_00003,0,/demo/intro/intro.narc,249,3,,5700,7272,5264,6836,1572,6b06e8b12f4b2be949b732adce117c8fa9aaf20a3f0f030ef40408b57133f346,5243534efffe00012406000010000100,,NSCR screen map,Confirmed,True,False,,,,,,,,,,False,False
/demo/intro/intro.narc,/demo/intro/intro.narc!/member_00004,0,/demo/intro/intro.narc,249,4,,7272,8844,6836,8408,1572,4bdc6ed6419a47fe977e764d0c87d5d84ed830de662f40ee9a172e8f99d44536,5243534efffe00012406000010000100,,NSCR screen map,Confirmed,True,False,,,,,,,,,,False,False
/demo/intro/intro.narc,/demo/intro/intro.narc!/member_00005,0,/demo/intro/intro.narc,249,5,,8844,10416,8408,9980,1572,c4200cd947135ffeaae7c9bb7961d1fbfbe0ceedaca9e385130ebf2da10cdff7,5243534efffe00012406000010000100,,NSCR screen map,Confirmed,True,False,,,,,,,,,,False,False
/demo/intro/intro.narc,/demo/intro/intro.narc!/member_00006,0,/demo/intro/intro.narc,249,6,,10416,11988,9980,11552,1572,3d35537d40419e5f0b61eb3a369b0f6048973b6f7346de6449935ac7f4b2dfb7,5243534efffe00012406000010000100,,NSCR screen map,Confirmed,True,False,,,,,,,,,,False,False
/demo/intro/intro.narc,/demo/intro/intro.narc!/member_00007,0,/demo/intro/intro.narc,249,7,,11988,13560,11552,13124,1572,5e1bc2e82f6657d970f6f177ff1588720b6533a135846e916ed8c646b753894e,5243534efffe00012406000010000100,,NSCR screen map,Confirmed,True,False,,,,,,,,,,False,False
/demo/intro/intro.narc,/demo/intro/intro.narc!/member_00008,0,/demo/intro/intro.narc,249,8,,13560,17720,13124,17284,4160,2638ef5b3b45e18d95c105f4540485c5193f88ad40f4ea86d1c51a1041ef877c,5247434efffe01014010000010000200,,NCGR graphics,Confirmed,True,False,,,,,,,,,,False,False
/demo/intro/intro.narc,/demo/intro/intro.narc!/member_00009,0,/demo/intro/intro.narc,249,9,,17720,21880,17284,21444,4160,0586839f57f7c240a994b8cff7ec6e3428e9baf3fbc776e17a1e15ee3ae672a5,5247434efffe01014010000010000200,,NCGR graphics,Confirmed,True,False,,,,,,,,,,False,False
/demo/intro/intro.narc,/demo/intro/intro.narc!/member_00010,0,/demo/intro/intro.narc,249,10,,21880,26040,21444,25604,4160,99abb371d06ca28c4c9954f1abba3f42aeed371a0a055731203a3e9ca9ae5c33,5247434efffe01014010000010000200,,NCGR graphics,Confirmed,True,False,,,,,,,,,,False,False
/demo/intro/intro.narc,/demo/intro/intro.narc!/member_00011,0,/demo/intro/intro.narc,249,11,,26040,30200,25604,29764,4160,b5a7d9b9b83687bbc96de097ea66c18b8f9fce78ee7eba85af0654c4d69088af,5247434efffe01014010000010000200,,NCGR graphics,Confirmed,True,False,,,,,,,,,,False,False
/demo/intro/intro.narc,/demo/intro/intro.narc!/member_00012,0,/demo/intro/intro.narc,249,12,,30200,30752,29764,30316,552,79721ae7f0d42f3fb605e29ece5fb382bf4ae1c418dcaf56daa1229e0f120d4d,524c434efffe00012802000010000100,,NCLR palette,Confirmed,True,False,,,,,,,,,,False,False
/demo/intro/intro.narc,/demo/intro/intro.narc!/member_00013,0,/demo/intro/intro.narc,249,13,,30752,34912,30316,34476,4160,7f085aa66481b67529ce5b1672be9554a97824fe150ad95a799a49f982d6e293,5247434efffe01014010000010000200,,NCGR graphics,Confirmed,True,False,,,,,,,,,,False,False
/demo/intro/intro.narc,/demo/intro/intro.narc!/member_00014,0,/demo/intro/intro.narc,249,14,,34912,39072,34476,38636,4160,e945db833ae428757883d8df8868c8de8df121ff283ed404a7cec468c37c248e,5247434efffe01014010000010000200,,NCGR graphics,Confirmed,True,False,,,,,,,,,,False,False
/demo/intro/intro.narc,/demo/intro/intro.narc!/member_00015,0,/demo/intro/intro.narc,249,15,,39072,43232,38636,42796,4160,cc538695bce8b4c7a08e490d9ee2f90cf9ab90e378285ec433de5a7bef0b0432,5247434efffe01014010000010000200,,NCGR graphics,Confirmed,True,False,,,,,,,,,,False,False
/demo/intro/intro.narc,/demo/intro/intro.narc!/member_00016,0,/demo/intro/intro.narc,249,16,,43232,47392,42796,46956,4160,fe771dafb0a3839c55824075047b0ca8b23d6d76958ed2589216fe2dd93f7fa5,5247434efffe01014010000010000200,,NCGR graphics,Confirmed,True,False,,,,,,,,,,False,False
/demo/intro/intro.narc,/demo/intro/intro.narc!/member_00017,0,/demo/intro/intro.narc,249,17,,47392,47944,46956,47508,552,a1db983e6bdc1ada2667d44a70a25642667d620e4cd5541c174d603075ceb0ba,524c434efffe00012802000010000100,,NCLR palette,Confirmed,True,False,,,,,,,,,,False,False
/demo/intro/intro.narc,/demo/intro/intro.narc!/member_00018,0,/demo/intro/intro.narc,249,18,,47944,52104,47508,51668,4160,bda651193463dc1ab46d7e3b88136b137b3023a6cb63573140338cd03dbf7135,5247434efffe01014010000010000200,,NCGR graphics,Confirmed,True,False,,,,,,,,,,False,False
/demo/intro/intro.narc,/demo/intro/intro.narc!/member_00019,0,/demo/intro/intro.narc,249,19,,52104,52656,51668,52220,552,2230775c04949e802a6721d51f192d7a7378f006b6acae12eb5886b5352a99d8,524c434efffe00012802000010000100,,NCLR palette,Confirmed,True,False,,,,,,,,,,False,False
/demo/intro/intro.narc,/demo/intro/intro.narc!/member_00020,0,/demo/intro/intro.narc,249,20,,52656,56816,52220,56380,4160,c8d9063dd747c8f698f09927017ea15975f6ae2c780b2c84f571524a829d3ebb,5247434efffe01014010000010000200,,NCGR graphics,Confirmed,True,False,,,,,,,,,,False,False
/demo/intro/intro.narc,/demo/intro/intro.narc!/member_00021,0,/demo/intro/intro.narc,249,21,,56816,57368,56380,56932,552,0b07d16bba28ea05d808b2dfa49c63a19dd50e7cd999aeb9397eb9157c479a6f,524c434efffe00012802000010000100,,NCLR palette,Confirmed,True,False,,,,,,,,,,False,False
/demo/intro/intro.narc,/demo/intro/intro.narc!/member_00022,0,/demo/intro/intro.narc,249,22,,57368,58940,56932,58504,1572,f6f7028d1d9d360d5af2d25660f781ccae3931f71117df4eecb65cea2fb8165b,5243534efffe00012406000010000100,,NSCR screen map,Confirmed,True,False,,,,,,,,,,False,False
/demo/intro/intro.narc,/demo/intro/intro.narc!/member_00023,0,/demo/intro/intro.narc,249,23,,58940,64124,58504,63688,5184,cf00ddb7054f7c4ce0cc6d0285b8b6302ff6921c13137f6b326ac79cb96fb5c1,5247434efffe01014014000010000200,,NCGR graphics,Confirmed,True,False,,,,,,,,,,False,False
/demo/intro/intro.narc,/demo/intro/intro.narc!/member_00024,0,/demo/intro/intro.narc,249,24,,64124,64676,63688,64240,552,7399e785983b5647d9e025c6a5d1997a2d38adb1fa085b814f10d89aaad6fc17,524c434efffe00012802000010000100,,NCLR palette,Confirmed,True,False,,,,,,,,,,False,False
/demo/intro/intro.narc,/demo/intro/intro.narc!/member_00025,0,/demo/intro/intro.narc,249,25,,64676,65228,64240,64792,552,1a3739e872731028f053bdf002abf71910e2e7fe48fd1773d069d07e5ebc85e0,524c434efffe00012802000010000100,,NCLR palette,Confirmed,True,False,,,,,,,,,,False,False
/demo/intro/intro.narc,/demo/intro/intro.narc!/member_00026,0,/demo/intro/intro.narc,249,26,,65228,66800,64792,66364,1572,c5fe20ef6ba07598ca6265cffc232a815de71918396b7d8de68c04ba527cf30e,5243534efffe00012406000010000100,,NSCR screen map,Confirmed,True,False,,,,,,,,,,False,False
/demo/intro/intro.narc,/demo/intro/intro.narc!/member_00027,0,/demo/intro/intro.narc,249,27,,66800,68372,66364,67936,1572,5931c1601fdd94a68106bb1aaf0f1550ee5275fe4758a13244801c19479d76fe,5243534efffe00012406000010000100,,NSCR screen map,Confirmed,True,False,,,,,,,,,,False,False
/demo/intro/intro.narc,/demo/intro/intro.narc!/member_00028,0,/demo/intro/intro.narc,249,28,,68372,69944,67936,69508,1572,db6dbaae86406cbf0c1154281e2bbd74db24ebde42b2595e6962ef8d49d2ef00,5243534efffe00012406000010000100,,NSCR screen map,Confirmed,True,False,,,,,,,,,,False,False
/demo/intro/intro.narc,/demo/intro/intro.narc!/member_00029,0,/demo/intro/intro.narc,249,29,,69944,71516,69508,71080,1572,d9c36feb96e28fcd53e6a23571961c41e0db428027aabd9579f4c45358bcb4ef,5243534efffe00012406000010000100,,NSCR screen map,Confirmed,True,False,,,,,,,,,,False,False
/demo/intro/intro.narc,/demo/intro/intro.narc!/member_00030,0,/demo/intro/intro.narc,249,30,,71516,72092,71080,71656,576,0fb924bb14a47b460deba2fce306ed869653c3ecaacf1654ffcd0f8bafa0ef7c,5247434efffe01014002000010000200,,NCGR graphics,Confirmed,True,False,,,,,,,,,,False,False
/demo/intro/intro.narc,/demo/intro/intro.narc!/member_00031,0,/demo/intro/intro.narc,249,31,,72092,72668,71656,72232,576,f10ae139828fd66c378f296248f36e862e53af0dd315c074db827588e6e6c4cc,5247434efffe01014002000010000200,,NCGR graphics,Confirmed,True,False,,,,,,,,,,False,False
/demo/intro/intro.narc,/demo/intro/intro.narc!/member_00032,0,/demo/intro/intro.narc,249,32,,72668,73244,72232,72808,576,47eca653f3fed08653fe58e2d2886ecae8d0c37960a1a3344169d179ef7e69ac,5247434efffe01014002000010000200,,NCGR graphics,Confirmed,True,False,,,,,,,,,,False,False
/demo/intro/intro.narc,/demo/intro/intro.narc!/member_00033,0,/demo/intro/intro.narc,249,33,,73244,73564,72808,73128,320,81003fa86b5572f111f310fc792ece84d7f497c246b481e0e72afb615f4bd910,5247434efffe01014001000010000200,,NCGR graphics,Confirmed,True,False,,,,,,,,,,False,False
/demo/intro/intro.narc,/demo/intro/intro.narc!/member_00034,0,/demo/intro/intro.narc,249,34,,73564,73884,73128,73448,320,0101325a419df0f7ace07e4c86a18f1c6a177cf86778fbc27b0dea68fcc7a447,5247434efffe01014001000010000200,,NCGR graphics,Confirmed,True,False,,,,,,,,,,False,False
/demo/intro/intro.narc,/demo/intro/intro.narc!/member_00035,0,/demo/intro/intro.narc,249,35,,73884,74204,73448,73768,320,81e266d2d085f123648f301c2730eded20ee0e2776f22ad37b2f9ce45af75c13,5247434efffe01014001000010000200,,NCGR graphics,Confirmed,True,False,,,,,,,,,,False,False
/demo/intro/intro.narc,/demo/intro/intro.narc!/member_00036,0,/demo/intro/intro.narc,249,36,,74204,74524,73768,74088,320,0101325a419df0f7ace07e4c86a18f1c6a177cf86778fbc27b0dea68fcc7a447,5247434efffe01014001000010000200,,NCGR graphics,Confirmed,True,False,,,,,,,,,,False,False
/demo/intro/intro.narc,/demo/intro/intro.narc!/member_00037,0,/demo/intro/intro.narc,249,37,,74524,76096,74088,75660,1572,c30b6f6e0608d595f90cc5dad0d660b985c8aa805e7e55b0f30fa347f9263007,5243534efffe00012406000010000100,,NSCR screen map,Confirmed,True,False,,,,,,,,,,False,False
/demo/intro/intro.narc,/demo/intro/intro.narc!/member_00038,0,/demo/intro/intro.narc,249,38,,76096,77668,75660,77232,1572,345e5663429d20475d92fe045802eabc5069c9d52c742b88d3a8c31b7c867b30,5243534efffe00012406000010000100,,NSCR screen map,Confirmed,True,False,,,,,,,,,,False,False
/demo/intro/intro.narc,/demo/intro/intro.narc!/member_00039,0,/demo/intro/intro.narc,249,39,,77668,78220,77232,77784,552,f3ede88526c044f43fcd31c0893ba67c6be66d6e68ddb34dbed1ecc2e2106c8a,524c434efffe00012802000010000100,,NCLR palette,Confirmed,True,False,,,,,,,,,,False,False
/demo/intro/intro.narc,/demo/intro/intro.narc!/member_00040,0,/demo/intro/intro.narc,249,40,,78220,82380,77784,81944,4160,b155b255f69103fae9a80acdb2a7fc014d1f23953dca5954975ca68d721187c1,5247434efffe01014010000010000200,,NCGR graphics,Confirmed,True,False,,,,,,,,,,False,False
/demo/intro/intro.narc,/demo/intro/intro.narc!/member_00041,0,/demo/intro/intro.narc,249,41,,82380,86540,81944,86104,4160,b4d4f3f87b35d4637f749fd8b5ca413863c3c024f4db024786fe26cff3e94acd,5247434efffe01014010000010000200,,NCGR graphics,Confirmed,True,False,,,,,,,,,,False,False
/demo/intro/intro.narc,/demo/intro/intro.narc!/member_00042,0,/demo/intro/intro.narc,249,42,,86540,90700,86104,90264,4160,dbf1db86039264bb53f8d5fe12a2a2fc7990de3e03c0f32167921aa5749635c8,5247434efffe01014010000010000200,,NCGR graphics,Confirmed,True,False,,,,,,,,,,False,False
/demo/intro/intro.narc,/demo/intro/intro.narc!/member_00043,0,/demo/intro/intro.narc,249,43,,90700,94860,90264,94424,4160,d461735402c3d517e5e2ed2dc8137e2f0696e3f591b31d3ce137b0927189bb44,5247434efffe01014010000010000200,,NCGR graphics,Confirmed,True,False,,,,,,,,,,False,False
/demo/intro/intro.narc,/demo/intro/intro.narc!/member_00044,0,/demo/intro/intro.narc,249,44,,94860,99020,94424,98584,4160,47844e203a2203992182c8365f86affd11fa7c40495f4cd338655f85a31d20ea,5247434efffe01014010000010000200,,NCGR graphics,Confirmed,True,False,,,,,,,,,,False,False
/demo/intro/intro.narc,/demo/intro/intro.narc!/member_00045,0,/demo/intro/intro.narc,249,45,,99020,103180,98584,102744,4160,52f29278cdd1bf594bfd410208ed85aefae4bfe915ec3c32b5704fa5058611dc,5247434efffe01014010000010000200,,NCGR graphics,Confirmed,True,False,,,,,,,,,,False,False
/demo/intro/intro.narc,/demo/intro/intro.narc!/member_00046,0,/demo/intro/intro.narc,249,46,,103180,107340,102744,106904,4160,086668059db5552a907fe8a8f867347fe611a5a562f3acf0569bcb12cbbed5f6,5247434efffe01014010000010000200,,NCGR graphics,Confirmed,True,False,,,,,,,,,,False,False
/demo/intro/intro.narc,/demo/intro/intro.narc!/member_00047,0,/demo/intro/intro.narc,249,47,,107340,111500,106904,111064,4160,32264e7bec3f35680c99a22d352f06eb040befeee4de4ef31732ba328466b711,5247434efffe01014010000010000200,,NCGR graphics,Confirmed,True,False,,,,,,,,,,False,False
/demo/intro/intro_tv.narc,/demo/intro/intro_tv.narc!/member_00000,0,/demo/intro/intro_tv.narc,250,0,,108,49324,0,49216,49216,f1db9690dfe6528658dc7f607c73218a953809f833dd2412c47ec239b18761e7,5247434efffe010140c0000010000200,,NCGR graphics,Confirmed,True,False,,,,,,,,,,False,False
/demo/intro/intro_tv.narc,/demo/intro/intro_tv.narc!/member_00001,0,/demo/intro/intro_tv.narc,250,1,,49324,50412,49216,50304,1088,0eb41dbb54335ca18069ece6bcf885f79af897bc546a9478e915703b507eb197,5247434efffe01014004000010000200,,NCGR graphics,Confirmed,True,False,,,,,,,,,,False,False
/demo/intro/intro_tv.narc,/demo/intro/intro_tv.narc!/member_00002,0,/demo/intro/intro_tv.narc,250,2,,50412,50508,50304,50400,96,08f63f645fae17671148f4a0d46c71b81537f03dd35745305235bcf1fb53910f,5247434efffe01016000000010000200,,NCGR graphics,Confirmed,True,False,,,,,,,,,,False,False
/demo/intro/intro_tv.narc,/demo/intro/intro_tv.narc!/member_00003,0,/demo/intro/intro_tv.narc,250,3,,50508,52592,50400,52484,2084,70a988e851de3bde0c71d4c29469b60524ecfbab52aa66e0013ac93e6ff7c7fc,5243534efffe00012408000010000100,,NSCR screen map,Confirmed,True,False,,,,,,,,,,False,False
/demo/intro/intro_tv.narc,/demo/intro/intro_tv.narc!/member_00004,0,/demo/intro/intro_tv.narc,250,4,,52592,54676,52484,54568,2084,c60f77cd4226ff1989693a84bc8c252e11bee3dad76f466fea80940fb5f99ede,5243534efffe00012408000010000100,,NSCR screen map,Confirmed,True,False,,,,,,,,,,False,False
/demo/intro/intro_tv.narc,/demo/intro/intro_tv.narc!/member_00005,0,/demo/intro/intro_tv.narc,250,5,,54676,56760,54568,56652,2084,2d44d87392bb80505264c328bd682489c27a11849d917a4111dfc54beaa4f421,5243534efffe00012408000010000100,,NSCR screen map,Confirmed,True,False,,,,,,,,,,False,False
/demo/intro/intro_tv.narc,/demo/intro/intro_tv.narc!/member_00006,0,/demo/intro/intro_tv.narc,250,6,,56760,57312,56652,57204,552,a008adc5975b8a6c87a23544cf106d1b34d445fda7cbfa15ee87c2254fba24ed,524c434efffe00012802000010000100,,NCLR palette,Confirmed,True,False,,,,,,,,,,False,False
/demo/shinka/data/particle/shinka_demo_particle.narc,/demo/shinka/data/particle/shinka_demo_particle.narc!/member_00000,0,/demo/shinka/data/particle/shinka_demo_particle.narc,251,0,,68,8896,0,8828,8828,8224d1bd59cb699380ef9556971605f1308cef7da1eb18730fa5b506101dc0f1,2041505331325f310d00050000000000,,Nintendo Huffman,Probable,,True,Nintendo Huffman,Probable,False,5460033,,,,,,False,False
/demo/shinka/data/particle/shinka_demo_particle.narc,/demo/shinka/data/particle/shinka_demo_particle.narc!/member_00001,0,/demo/shinka/data/particle/shinka_demo_particle.narc,251,1,,8896,9364,8828,9296,468,8ba74ff9e590cdbf8f476991332e65d8084ec461a5defd6f41f7035d53c05040,2041505331325f310100010000000000,,Nintendo Huffman,Probable,,True,Nintendo Huffman,Probable,False,5460033,,,,,,False,False
/demo/syoujyou/syoujyou.narc,/demo/syoujyou/syoujyou.narc!/member_00000,0,/demo/syoujyou/syoujyou.narc,252,0,,148,4692,0,4544,4544,cae1cd67bee40470a8c2ab3878933abd298341ca627b8c8b47b2b9618540ac72,5247434efffe0101c011000010000200,,NCGR graphics,Confirmed,True,False,,,,,,,,,,False,False
/demo/syoujyou/syoujyou.narc,/demo/syoujyou/syoujyou.narc!/member_00001,0,/demo/syoujyou/syoujyou.narc,252,1,,4692,10900,4544,10752,6208,04a813a6387bc6b2be5c7eb8e76ab06392e3fc65fdfa628228bb2f5dd9b83a23,5247434efffe01014018000010000200,,NCGR graphics,Confirmed,True,False,,,,,,,,,,False,False
/demo/syoujyou/syoujyou.narc,/demo/syoujyou/syoujyou.narc!/member_00002,0,/demo/syoujyou/syoujyou.narc,252,2,,10900,11028,10752,10880,128,95642f5600ccae88a8d1630b8daa080a3c3c0bf53f6a3c64e3fe70f05f6f0d89,5247434efffe01018000000010000200,,NCGR graphics,Confirmed,True,False,,,,,,,,,,False,False
/demo/syoujyou/syoujyou.narc,/demo/syoujyou/syoujyou.narc!/member_00003,0,/demo/syoujyou/syoujyou.narc,252,3,,11028,11156,10880,11008,128,95642f5600ccae88a8d1630b8daa080a3c3c0bf53f6a3c64e3fe70f05f6f0d89,5247434efffe01018000000010000200,,NCGR graphics,Confirmed,True,False,,,,,,,,,,False,False
/demo/syoujyou/syoujyou.narc,/demo/syoujyou/syoujyou.narc!/member_00004,0,/demo/syoujyou/syoujyou.narc,252,4,,11156,11708,11008,11560,552,c5fa8f749c0512f83d512106003d38662a42c05ca5239cebe9f440ef529ab5fa,524c434efffe00012802000010000100,,NCLR palette,Confirmed,True,False,,,,,,,,,,False,False
/demo/syoujyou/syoujyou.narc,/demo/syoujyou/syoujyou.narc!/member_00005,0,/demo/syoujyou/syoujyou.narc,252,5,,11708,12260,11560,12112,552,b9d918a0a1f62823a3663726656cb0fa3ffe4157790f4309741023469fe59897,524c434efffe00012802000010000100,,NCLR palette,Confirmed,True,False,,,,,,,,,,False,False
/demo/syoujyou/syoujyou.narc,/demo/syoujyou/syoujyou.narc!/member_00006,0,/demo/syoujyou/syoujyou.narc,252,6,,12260,12812,12112,12664,552,cf24aef38ceca7263adf58f44b0d2ab4d2724c03937a86f84ea96927a331fd1c,524c434efffe00012802000010000100,,NCLR palette,Confirmed,True,False,,,,,,,,,,False,False
/demo/syoujyou/syoujyou.narc,/demo/syoujyou/syoujyou.narc!/member_00007,0,/demo/syoujyou/syoujyou.narc,252,7,,12812,13364,12664,13216,552,3c4c282388ecd103be027efcac17fa7daea22dbbe911149dd585477fc7dd3d47,524c434efffe00012802000010000100,,NCLR palette,Confirmed,True,False,,,,,,,,,,False,False
/demo/syoujyou/syoujyou.narc,/demo/syoujyou/syoujyou.narc!/member_00008,0,/demo/syoujyou/syoujyou.narc,252,8,,13364,17496,13216,17348,4132,061caa02533a27204ce0f081d5172f8020909a98e5a80fe47557fa2699d05e31,5243534efffe00012410000010000100,,NSCR screen map,Confirmed,True,False,,,,,,,,,,False,False
/demo/syoujyou/syoujyou.narc,/demo/syoujyou/syoujyou.narc!/member_00009,0,/demo/syoujyou/syoujyou.narc,252,9,,17496,21628,17348,21480,4132,15799321f8cb21af4efae989ad6a45dc3ba8b3f83e550167865053658c808ee6,5243534efffe00012410000010000100,,NSCR screen map,Confirmed,True,False,,,,,,,,,,False,False
/demo/syoujyou/syoujyou.narc,/demo/syoujyou/syoujyou.narc!/member_00010,0,/demo/syoujyou/syoujyou.narc,252,10,,21628,23712,21480,23564,2084,a6d0c3f75b15309a97ee30b93d1275474ec0509c1c4d95b2e9b913699cc04148,5243534efffe00012408000010000100,,NSCR screen map,Confirmed,True,False,,,,,,,,,,False,False
/demo/syoujyou/syoujyou.narc,/demo/syoujyou/syoujyou.narc!/member_00011,0,/demo/syoujyou/syoujyou.narc,252,11,,23712,25796,23564,25648,2084,a6d0c3f75b15309a97ee30b93d1275474ec0509c1c4d95b2e9b913699cc04148,5243534efffe00012408000010000100,,NSCR screen map,Confirmed,True,False,,,,,,,,,,False,False
/demo/title/op_demo.narc,/demo/title/op_demo.narc!/member_00000,0,/demo/title/op_demo.narc,253,0,,644,1196,0,552,552,7fad7f2825a767a881237b2efd317845024bb31516cae8eb07dd71cd1c72bfe1,524c434efffe00012802000010000100,,NCLR palette,Confirmed,True,False,,,,,,,,,,False,False
/demo/title/op_demo.narc,/demo/title/op_demo.narc!/member_00001,0,/demo/title/op_demo.narc,253,1,,1196,3308,552,2664,2112,b874205fc8f94f80d4fb9972da89fc9f0bdde255e9465bf9e780f0f8de9d03a5,5247434efffe01014008000010000200,,NCGR graphics,Confirmed,True,False,,,,,,,,,,False,False
/demo/title/op_demo.narc,/demo/title/op_demo.narc!/member_00002,0,/demo/title/op_demo.narc,253,2,,3308,5392,2664,4748,2084,f0c46b5c29a26bad338f02bf4e49e6aae97265fd6fb4fc34448cc23f6fea0b87,5243534efffe00012408000010000100,,NSCR screen map,Confirmed,True,False,,,,,,,,,,False,False
/demo/title/op_demo.narc,/demo/title/op_demo.narc!/member_00003,0,/demo/title/op_demo.narc,253,3,,5392,5944,4748,5300,552,ba5689363693c0a5c1fd47d497bc39c682c5aa62f33669b5826372f7837587fd,524c434efffe00012802000010000100,,NCLR palette,Confirmed,True,False,,,,,,,,,,False,False
/demo/title/op_demo.narc,/demo/title/op_demo.narc!/member_00004,0,/demo/title/op_demo.narc,253,4,,5944,6632,5300,5988,688,d74289c135945e4ba00b1e9b91f01c6f6b29c89b9049f95770791c0145b06419,5247434efffe0101b002000010000100,,NCGR graphics,Confirmed,True,False,,,,,,,,,,False,False
/demo/title/op_demo.narc,/demo/title/op_demo.narc!/member_00005,0,/demo/title/op_demo.narc,253,5,,6632,6789,5988,6145,157,7a2f24518935cc54cf1e4e16d4a8981b6156908dfd94cb67fc657e664cbfc2ab,5245434efffe00019d00000010000300,,NCER cell,Confirmed,True,False,,,,,,,,,,False,False
/demo/title/op_demo.narc,/demo/title/op_demo.narc!/member_00006,0,/demo/title/op_demo.narc,253,6,,6792,6945,6148,6301,153,ff774452fd19141ba672eac16ad636f5b0fd4d071e7200e30faa93dec4a5474e,524e414efffe00019900000010000300,,NANR animation,Confirmed,True,False,,,,,,,,,,False,False
/demo/title/op_demo.narc,/demo/title/op_demo.narc!/member_00007,0,/demo/title/op_demo.narc,253,7,,6948,7500,6304,6856,552,2edc8c659d84c8b6bc3cb20e524b8d4c7b4389aba36a9ee7f4a4019f478f95fd,524c434efffe00012802000010000100,,NCLR palette,Confirmed,True,False,,,,,,,,,,False,False
/demo/title/op_demo.narc,/demo/title/op_demo.narc!/member_00008,0,/demo/title/op_demo.narc,253,8,,7500,40332,6856,39688,32832,fd0a601fe7f4573d3faa09d855a285f44cfb541fbe23d3ce7704523d69f2330d,5247434efffe01014080000010000200,,NCGR graphics,Confirmed,True,False,,,,,,,,,,False,False
/demo/title/op_demo.narc,/demo/title/op_demo.narc!/member_00009,0,/demo/title/op_demo.narc,253,9,,40332,42416,39688,41772,2084,754688b23f443203e92e18a3336552ffc01a13b58e9ac20ed8bc6641858dd352,5243534efffe00012408000010000100,,NSCR screen map,Confirmed,True,False,,,,,,,,,,False,False
/demo/title/op_demo.narc,/demo/title/op_demo.narc!/member_00010,0,/demo/title/op_demo.narc,253,10,,42416,42968,41772,42324,552,2edc8c659d84c8b6bc3cb20e524b8d4c7b4389aba36a9ee7f4a4019f478f95fd,524c434efffe00012802000010000100,,NCLR palette,Confirmed,True,False,,,,,,,,,,False,False
/demo/title/op_demo.narc,/demo/title/op_demo.narc!/member_00011,0,/demo/title/op_demo.narc,253,11,,42968,75800,42324,75156,32832,fd0a601fe7f4573d3faa09d855a285f44cfb541fbe23d3ce7704523d69f2330d,5247434efffe01014080000010000200,,NCGR graphics,Confirmed,True,False,,,,,,,,,,False,False
/demo/title/op_demo.narc,/demo/title/op_demo.narc!/member_00012,0,/demo/title/op_demo.narc,253,12,,75800,77884,75156,77240,2084,754688b23f443203e92e18a3336552ffc01a13b58e9ac20ed8bc6641858dd352,5243534efffe00012408000010000100,,NSCR screen map,Confirmed,True,False,,,,,,,,,,False,False
/demo/title/op_demo.narc,/demo/title/op_demo.narc!/member_00013,0,/demo/title/op_demo.narc,253,13,,77884,78436,77240,77792,552,de4fa64ae6bd95ab35c40cdf6492eae765667d3c9446931c287f19729696ac6f,524c434efffe00012802000010000100,,NCLR palette,Confirmed,True,False,,,,,,,,,,False,False
/demo/title/op_demo.narc,/demo/title/op_demo.narc!/member_00014,0,/demo/title/op_demo.narc,253,14,,78436,111268,77792,110624,32832,33143c2bfbb1c18e6b0e051c18b390eb8daf15ae738915dc42319b79afa68fc6,5247434efffe01014080000010000200,,NCGR graphics,Confirmed,True,False,,,,,,,,,,False,False
/demo/title/op_demo.narc,/demo/title/op_demo.narc!/member_00015,0,/demo/title/op_demo.narc,253,15,,111268,113352,110624,112708,2084,754688b23f443203e92e18a3336552ffc01a13b58e9ac20ed8bc6641858dd352,5243534efffe00012408000010000100,,NSCR screen map,Confirmed,True,False,,,,,,,,,,False,False
/demo/title/op_demo.narc,/demo/title/op_demo.narc!/member_00016,0,/demo/title/op_demo.narc,253,16,,113352,113904,112708,113260,552,de4fa64ae6bd95ab35c40cdf6492eae765667d3c9446931c287f19729696ac6f,524c434efffe00012802000010000100,,NCLR palette,Confirmed,True,False,,,,,,,,,,False,False
/demo/title/op_demo.narc,/demo/title/op_demo.narc!/member_00017,0,/demo/title/op_demo.narc,253,17,,113904,146736,113260,146092,32832,b91f7262be104092830ef0c4d0b943d57fb0edff24265b03a87b0742d27b448f,5247434efffe01014080000010000200,,NCGR graphics,Confirmed,True,False,,,,,,,,,,False,False
/demo/title/op_demo.narc,/demo/title/op_demo.narc!/member_00018,0,/demo/title/op_demo.narc,253,18,,146736,147288,146092,146644,552,2291e61f2bed3ad48b21684829005dc768987dcec75c1296e63976ed52fac3f0,524c434efffe00012802000010000100,,NCLR palette,Confirmed,True,False,,,,,,,,,,False,False
/demo/title/op_demo.narc,/demo/title/op_demo.narc!/member_00019,0,/demo/title/op_demo.narc,253,19,,147288,153336,146644,152692,6048,730c7f22167f28497c5ffaec0e7b13153c64c03a79fdeff7d7cf001067fb9fde,5247434efffe0101a017000010000200,,NCGR graphics,Confirmed,True,False,,,,,,,,,,False,False
/demo/title/op_demo.narc,/demo/title/op_demo.narc!/member_00020,0,/demo/title/op_demo.narc,253,20,,153336,154908,152692,154264,1572,b33af9e322e78082a4ea067c3519dbda327ef9ec8670226f33619e5c09a34541,5243534efffe00012406000010000100,,NSCR screen map,Confirmed,True,False,,,,,,,,,,False,False
/demo/title/op_demo.narc,/demo/title/op_demo.narc!/member_00021,0,/demo/title/op_demo.narc,253,21,,154908,156480,154264,155836,1572,f757cefd20822d3fb7b424b9e4f73b14236dee60f9b4405037d759aa94dbb2ba,5243534efffe00012406000010000100,,NSCR screen map,Confirmed,True,False,,,,,,,,,,False,False
/demo/title/op_demo.narc,/demo/title/op_demo.narc!/member_00022,0,/demo/title/op_demo.narc,253,22,,156480,158052,155836,157408,1572,ed2d6cb4e361d24915eb0713a4e9293394d63b997df2af3eb519d8ab3ac53033,5243534efffe00012406000010000100,,NSCR screen map,Confirmed,True,False,,,,,,,,,,False,False
/demo/title/op_demo.narc,/demo/title/op_demo.narc!/member_00023,0,/demo/title/op_demo.narc,253,23,,158052,158604,157408,157960,552,9c857e95044e605643cbc2b4a34e7406900ed8cbeddbf6d63d6689e7ce694f7c,524c434efffe00012802000010000100,,NCLR palette,Confirmed,True,False,,,,,,,,,,False,False
/demo/title/op_demo.narc,/demo/title/op_demo.narc!/member_00024,0,/demo/title/op_demo.narc,253,24,,158604,160176,157960,159532,1572,77aef2b36378efafe4e82cd3b4e6289f0c46d5b4248b8d753aa23932ee6f5600,5243534efffe00012406000010000100,,NSCR screen map,Confirmed,True,False,,,,,,,,,,False,False
/demo/title/op_demo.narc,/demo/title/op_demo.narc!/member_00025,0,/demo/title/op_demo.narc,253,25,,160176,161748,159532,161104,1572,d43905d9fa208cac2adc30f89f1bc855a311ce1993671914dcfe92b7c71e1e2d,5243534efffe00012406000010000100,,NSCR screen map,Confirmed,True,False,,,,,,,,,,False,False
/demo/title/op_demo.narc,/demo/title/op_demo.narc!/member_00026,0,/demo/title/op_demo.narc,253,26,,161748,165880,161104,165236,4132,08498187d70286a2dd50a8fd2e0dab1d4fde760fdbc95439d7a7c181a88f2aa1,5243534efffe00012410000010000100,,NSCR screen map,Confirmed,True,False,,,,,,,,,,False,False
/demo/title/op_demo.narc,/demo/title/op_demo.narc!/member_00027,0,/demo/title/op_demo.narc,253,27,,165880,172088,165236,171444,6208,10272ac668058f20fa31d17159795b35921af75463cd6c629bd984b8f494e768,5247434efffe01014018000010000200,,NCGR graphics,Confirmed,True,False,,,,,,,,,,False,False
/demo/title/op_demo.narc,/demo/title/op_demo.narc!/member_00028,0,/demo/title/op_demo.narc,253,28,,172088,237688,171444,237044,65600,085f1e64ae1fdce928ceaceda9b3f748f36993e11fea3bdf9762fa4a6242e9bf,5247434efffe01014000010010000200,,NCGR graphics,Confirmed,True,False,,,,,,,,,,False,False
/demo/title/op_demo.narc,/demo/title/op_demo.narc!/member_00029,0,/demo/title/op_demo.narc,253,29,,237688,238240,237044,237596,552,f894cbf7aee74526bdd7db5a2d9cf572d5238ff10681d6bcd96089258e3cd9e2,524c434efffe00012802000010000100,,NCLR palette,Confirmed,True,False,,,,,,,,,,False,False
/demo/title/op_demo.narc,/demo/title/op_demo.narc!/member_00030,0,/demo/title/op_demo.narc,253,30,,238240,238792,237596,238148,552,7e6629f1c6e1f7d5380f437b089ae7dc7d75be9fb9dd76cf31bbde8217ede4e7,524c434efffe00012802000010000100,,NCLR palette,Confirmed,True,False,,,,,,,,,,False,False
/demo/title/op_demo.narc,/demo/title/op_demo.narc!/member_00031,0,/demo/title/op_demo.narc,253,31,,238792,239344,238148,238700,552,c6d82673d74ff735162569c87a23e2b7469c884f60d1a19a4263a0ada2a7a37a,524c434efffe00012802000010000100,,NCLR palette,Confirmed,True,False,,,,,,,,,,False,False
/demo/title/op_demo.narc,/demo/title/op_demo.narc!/member_00032,0,/demo/title/op_demo.narc,253,32,,239344,239896,238700,239252,552,0d7819fc0868597f077f2101d070c90a73e0700af1f655b9bee67bf9261beea2,524c434efffe00012802000010000100,,NCLR palette,Confirmed,True,False,,,,,,,,,,False,False
/demo/title/op_demo.narc,/demo/title/op_demo.narc!/member_00033,0,/demo/title/op_demo.narc,253,33,,239896,240448,239252,239804,552,c387269e122767a95e86a1654402166202b5045a8edec161d5cb1d6d579d42b8,524c434efffe00012802000010000100,,NCLR palette,Confirmed,True,False,,,,,,,,,,False,False
/demo/title/op_demo.narc,/demo/title/op_demo.narc!/member_00034,0,/demo/title/op_demo.narc,253,34,,240448,241000,239804,240356,552,a1db983e6bdc1ada2667d44a70a25642667d620e4cd5541c174d603075ceb0ba,524c434efffe00012802000010000100,,NCLR palette,Confirmed,True,False,,,,,,,,,,False,False
/demo/title/op_demo.narc,/demo/title/op_demo.narc!/member_00035,0,/demo/title/op_demo.narc,253,35,,241000,241552,240356,240908,552,0bc212ff2059a63466a449e967f4ef34b700dbd878bb4e2f720baf0ccf665e98,524c434efffe00012802000010000100,,NCLR palette,Confirmed,True,False,,,,,,,,,,False,False
/demo/title/op_demo.narc,/demo/title/op_demo.narc!/member_00036,0,/demo/title/op_demo.narc,253,36,,241552,242104,240908,241460,552,fd69d2cd7a6fc2addd69cca8cecdc011f5aa6cb66bd1b037cf4d881f547adf10,524c434efffe00012802000010000100,,NCLR palette,Confirmed,True,False,,,,,,,,,,False,False
/demo/title/op_demo.narc,/demo/title/op_demo.narc!/member_00037,0,/demo/title/op_demo.narc,253,37,,242104,242656,241460,242012,552,97396081eb0b2e03df4646130bd7e7dd054109910af2223f7025cec9ea8a86ec,524c434efffe00012802000010000100,,NCLR palette,Confirmed,True,False,,,,,,,,,,False,False
/demo/title/op_demo.narc,/demo/title/op_demo.narc!/member_00038,0,/demo/title/op_demo.narc,253,38,,242656,253456,242012,252812,10800,e5465d3878fcf4fc237d4fae43a6b4647573f6f7eb4da412f2caf215b0c5c33e,5247434efffe0101302a000010000100,,NCGR graphics,Confirmed,True,False,,,,,,,,,,False,False
/demo/title/op_demo.narc,/demo/title/op_demo.narc!/member_00039,0,/demo/title/op_demo.narc,253,39,,253456,265152,252812,264508,11696,53017ba04a5539663bc21032d3445f5646907106cff1580600744d0ac23c5783,5247434efffe0101b02d000010000100,,NCGR graphics,Confirmed,True,False,,,,,,,,,,False,False
/demo/title/op_demo.narc,/demo/title/op_demo.narc!/member_00040,0,/demo/title/op_demo.narc,253,40,,265152,267088,264508,266444,1936,4698867565be56193c731fd771a5276e60b2f78dea1008d4c9324dc9030794e7,5247434efffe01019007000010000100,,NCGR graphics,Confirmed,True,False,,,,,,,,,,False,False
/demo/title/op_demo.narc,/demo/title/op_demo.narc!/member_00041,0,/demo/title/op_demo.narc,253,41,,267088,267904,266444,267260,816,d1d56605b35b7d1726c2ed39a8ea8c5758e5bb40eea03bb4ae5673cb49fb6c40,5247434efffe01013003000010000100,,NCGR graphics,Confirmed,True,False,,,,,,,,,,False,False
/demo/title/op_demo.narc,/demo/title/op_demo.narc!/member_00042,0,/demo/title/op_demo.narc,253,42,,267904,268720,267260,268076,816,a1b3ee6260bebfee29f2ed86d2f254e3607ffb8742b4b602940e959ea67765e4,5247434efffe01013003000010000100,,NCGR graphics,Confirmed,True,False,,,,,,,,,,False,False
/demo/title/op_demo.narc,/demo/title/op_demo.narc!/member_00043,0,/demo/title/op_demo.narc,253,43,,268720,269052,268076,268408,332,0f5d63a1cf2bd595e2cad03ef5f227c191177a0a53ebf54d4c70c6db8160ce20,5245434efffe00014c01000010000300,,NCER cell,Confirmed,True,False,,,,,,,,,,False,False
/demo/title/op_demo.narc,/demo/title/op_demo.narc!/member_00044,0,/demo/title/op_demo.narc,253,44,,269052,269432,268408,268788,380,098f9faa9168b69723f006b42c363e901cb0da89b9edfae9a4c2ae7cf06ce114,5245434efffe00017c01000010000300,,NCER cell,Confirmed,True,False,,,,,,,,,,False,False
/demo/title/op_demo.narc,/demo/title/op_demo.narc!/member_00045,0,/demo/title/op_demo.narc,253,45,,269432,269643,268788,268999,211,7550fc458fc53c05dbaebc48847b1d0143e0d0d9b109b2942dcbb4c41c4febc2,5245434efffe0001d300000010000300,,NCER cell,Confirmed,True,False,,,,,,,,,,False,False
/demo/title/op_demo.narc,/demo/title/op_demo.narc!/member_00046,0,/demo/title/op_demo.narc,253,46,,269644,269767,269000,269123,123,38ee89e0ee838171d88c3e7846797bcd221a6e5f1c8e1f3553d008c2ed882721,5245434efffe00017b00000010000300,,NCER cell,Confirmed,True,False,,,,,,,,,,False,False
/demo/title/op_demo.narc,/demo/title/op_demo.narc!/member_00047,0,/demo/title/op_demo.narc,253,47,,269768,269935,269124,269291,167,7aebd0e786bbe2c8f5783784fc71ad05e788fb43af1ce07efa48da43f815a45f,5245434efffe0001a700000010000300,,NCER cell,Confirmed,True,False,,,,,,,,,,False,False
/demo/title/op_demo.narc,/demo/title/op_demo.narc!/member_00048,0,/demo/title/op_demo.narc,253,48,,269936,270460,269292,269816,524,31d66eaf5a24b4c5864e47c1589c85f4924ee409deda4182eb7211260f5e2104,524e414efffe00010c02000010000300,,NANR animation,Confirmed,True,False,,,,,,,,,,False,False
/demo/title/op_demo.narc,/demo/title/op_demo.narc!/member_00049,0,/demo/title/op_demo.narc,253,49,,270460,270984,269816,270340,524,31d66eaf5a24b4c5864e47c1589c85f4924ee409deda4182eb7211260f5e2104,524e414efffe00010c02000010000300,,NANR animation,Confirmed,True,False,,,,,,,,,,False,False
/demo/title/op_demo.narc,/demo/title/op_demo.narc!/member_00050,0,/demo/title/op_demo.narc,253,50,,270984,271095,270340,270451,111,30249884bd91f10bc9d4e13e7b1495f09991b6f488405a0cdbb61cfb402d10ca,524e414efffe00016f00000010000300,,NANR animation,Confirmed,True,False,,,,,,,,,,False,False
/demo/title/op_demo.narc,/demo/title/op_demo.narc!/member_00051,0,/demo/title/op_demo.narc,253,51,,271096,271215,270452,270571,119,1413f1d3976ac42ad4677646238e4f9484d1bdc4ec1a3b0bd4eb1102c7770cac,524e414efffe00017700000010000300,,NANR animation,Confirmed,True,False,,,,,,,,,,False,False
/demo/title/op_demo.narc,/demo/title/op_demo.narc!/member_00052,0,/demo/title/op_demo.narc,253,52,,271216,271375,270572,270731,159,b3336992a24cc89f35c62c8390385befb99ea6d92a4f07e9b2efd9c7152f300c,524e414efffe00019f00000010000300,,NANR animation,Confirmed,True,False,,,,,,,,,,False,False
/demo/title/op_demo.narc,/demo/title/op_demo.narc!/member_00053,0,/demo/title/op_demo.narc,253,53,,271376,271928,270732,271284,552,1cbe851dfa188b32b3a8654d20bc445e98eddd598e13bfb3d35947db9aa03389,524c434efffe00012802000010000100,,NCLR palette,Confirmed,True,False,,,,,,,,,,False,False
/demo/title/op_demo.narc,/demo/title/op_demo.narc!/member_00054,0,/demo/title/op_demo.narc,253,54,,271928,277112,271284,276468,5184,f700f702bb49ca7723d71597e1f898c26c20863b7a62a0d846eedc6fe3747763,5247434efffe01014014000010000200,,NCGR graphics,Confirmed,True,False,,,,,,,,,,False,False
/demo/title/op_demo.narc,/demo/title/op_demo.narc!/member_00055,0,/demo/title/op_demo.narc,253,55,,277112,280248,276468,279604,3136,b51ba1404a23770ee9becf82994494a9f5739b1df5996b8008ba7e25c5fcd8e8,5247434efffe0101400c000010000200,,NCGR graphics,Confirmed,True,False,,,,,,,,,,False,False
/demo/title/op_demo.narc,/demo/title/op_demo.narc!/member_00056,0,/demo/title/op_demo.narc,253,56,,280248,288504,279604,287860,8256,ad517eada5d35d037b21d5bf4eda1645bce90e8a9960d27a7b15f11567ac26a9,5247434efffe01014020000010000200,,NCGR graphics,Confirmed,True,False,,,,,,,,,,False,False
/demo/title/op_demo.narc,/demo/title/op_demo.narc!/member_00057,0,/demo/title/op_demo.narc,253,57,,288504,307000,287860,306356,18496,90cfd25429f388c385c9fa516b1ca6a95d89585bf98b38e32945876b82f8c5a5,5247434efffe01014048000010000200,,NCGR graphics,Confirmed,True,False,,,,,,,,,,False,False
/demo/title/op_demo.narc,/demo/title/op_demo.narc!/member_00058,0,/demo/title/op_demo.narc,253,58,,307000,311160,306356,310516,4160,02d97b9bee76db97c316efde453e1e520e914095a23aa4362935ccdb1bdfe764,5247434efffe01014010000010000200,,NCGR graphics,Confirmed,True,False,,,,,,,,,,False,False
/demo/title/op_demo.narc,/demo/title/op_demo.narc!/member_00059,0,/demo/title/op_demo.narc,253,59,,311160,312732,310516,312088,1572,96ab8a3a5a6858b6950019fb186498bf9a37ad632ecfbf5bd1bd39f792efcc98,5243534efffe00012406000010000100,,NSCR screen map,Confirmed,True,False,,,,,,,,,,False,False
/demo/title/op_demo.narc,/demo/title/op_demo.narc!/member_00060,0,/demo/title/op_demo.narc,253,60,,312732,314304,312088,313660,1572,ec380ecf6ad88d8511efc825b3986bba548031ba4798d73068384927b657301f,5243534efffe00012406000010000100,,NSCR screen map,Confirmed,True,False,,,,,,,,,,False,False
/demo/title/op_demo.narc,/demo/title/op_demo.narc!/member_00061,0,/demo/title/op_demo.narc,253,61,,314304,315364,313660,314720,1060,84030a4635b986e6929cc3cd4b6d32a0f50a1f7b1119537d5049895e8059d4e3,5243534efffe00012404000010000100,,NSCR screen map,Confirmed,True,False,,,,,,,,,,False,False
/demo/title/op_demo.narc,/demo/title/op_demo.narc!/member_00062,0,/demo/title/op_demo.narc,253,62,,315364,319496,314720,318852,4132,340cf0bcff5672523419e3efe65b0427bf8766fa8d567503d0d884e08a1efcb2,5243534efffe00012410000010000100,,NSCR screen map,Confirmed,True,False,,,,,,,,,,False,False
/demo/title/op_demo.narc,/demo/title/op_demo.narc!/member_00063,0,/demo/title/op_demo.narc,253,63,,319496,321068,318852,320424,1572,594b53eee0f8188525086fce8800d25164decf138849f5f902de0c18fef17972,5243534efffe00012406000010000100,,NSCR screen map,Confirmed,True,False,,,,,,,,,,False,False
/demo/title/op_demo.narc,/demo/title/op_demo.narc!/member_00064,0,/demo/title/op_demo.narc,253,64,,321068,359804,320424,359160,38736,b633a3c2643729aefd1187bccd7832931799220a51841c75d8bf560eff6f25c1,424d4430fffe02005097000010000100,,NSBMD model,Confirmed,True,False,,,,,,,,,,False,False
/demo/title/op_demo.narc,/demo/title/op_demo.narc!/member_00065,0,/demo/title/op_demo.narc,253,65,,359804,403352,359160,402708,43548,a23c706e9667e08c5176d69efe04f4622e05fa2eb20873a5265220c621ed0a8e,424d4430fffe02001caa000010000100,,NSBMD model,Confirmed,True,False,,,,,,,,,,False,False
/demo/title/op_demo.narc,/demo/title/op_demo.narc!/member_00066,0,/demo/title/op_demo.narc,253,66,,403352,446312,402708,445668,42960,7a74d6d0109d5bb9a2bd2ab1c00e927902108d8ecabcbb42f9d094df43fbd6cb,424d4430fffe0200d0a7000010000100,,NSBMD model,Confirmed,True,False,,,,,,,,,,False,False
/demo/title/op_demo.narc,/demo/title/op_demo.narc!/member_00067,0,/demo/title/op_demo.narc,253,67,,446312,501132,445668,500488,54820,013e33cab3aefac232a6aa9fb59a87bee711a6f85c69326725949128bbf72270,424d4430fffe020024d6000010000100,,NSBMD model,Confirmed,True,False,,,,,,,,,,False,False
/demo/title/op_demo.narc,/demo/title/op_demo.narc!/member_00068,0,/demo/title/op_demo.narc,253,68,,501132,547292,500488,546648,46160,b97ad598b08877701e615f96c0c59022852c9f97ef857aee98f7c48a66ef8775,424d4430fffe020050b4000010000100,,NSBMD model,Confirmed,True,False,,,,,,,,,,False,False
/demo/title/op_demo.narc,/demo/title/op_demo.narc!/member_00069,0,/demo/title/op_demo.narc,253,69,,547292,561408,546648,560764,14116,cbfbfe7b9b93b4a81b03c3629a5cdd95ae34c748ad5df01ec5e3b6d848e6dfe3,424d4430fffe02002437000010000100,,NSBMD model,Confirmed,True,False,,,,,,,,,,False,False
/demo/title/op_demo.narc,/demo/title/op_demo.narc!/member_00070,0,/demo/title/op_demo.narc,253,70,,561408,608508,560764,607864,47100,299826470b25a3c16a5ebbd8aab97e83bdeb842b335bc251c511cfb6b12b9241,42545830fffe0100fcb7000010000100,,NSBTX texture,Confirmed,True,False,,,,,,,,,,False,False
/demo/title/op_demo.narc,/demo/title/op_demo.narc!/member_00071,0,/demo/title/op_demo.narc,253,71,,608508,609060,607864,608416,552,2e577f01313e21a41948246a13e6a6c51d75cf278f152f149a9e54feb8654b3a,524c434efffe00012802000010000100,,NCLR palette,Confirmed,True,False,,,,,,,,,,False,False
/demo/title/op_demo.narc,/demo/title/op_demo.narc!/member_00072,0,/demo/title/op_demo.narc,253,72,,609060,617316,608416,616672,8256,291ba3eed218031165c70f85305c451a32a4cebeef0b8201f3ada9e206d598e9,5247434efffe01014020000010000200,,NCGR graphics,Confirmed,True,False,,,,,,,,,,False,False
/demo/title/op_demo.narc,/demo/title/op_demo.narc!/member_00073,0,/demo/title/op_demo.narc,253,73,,617316,618888,616672,618244,1572,501c58d2daee526bcbde026585557600451b3b2d284811862895065dc319266e,5243534efffe00012406000010000100,,NSCR screen map,Confirmed,True,False,,,,,,,,,,False,False
/demo/title/titledemo.narc,/demo/title/titledemo.narc!/member_00000,0,/demo/title/titledemo.narc,254,0,,212,2296,0,2084,2084,754688b23f443203e92e18a3336552ffc01a13b58e9ac20ed8bc6641858dd352,5243534efffe00012408000010000100,,NSCR screen map,Confirmed,True,False,,,,,,,,,,False,False
/demo/title/titledemo.narc,/demo/title/titledemo.narc!/member_00001,0,/demo/title/titledemo.narc,254,1,,2296,35128,2084,34916,32832,cc53b8587a462e5759e99d8ad82e9d545e1e0861dfb65f0b58bfaa831c58af0c,5247434efffe01014080000010000200,,NCGR graphics,Confirmed,True,False,,,,,,,,,,False,False
/demo/title/titledemo.narc,/demo/title/titledemo.narc!/member_00002,0,/demo/title/titledemo.narc,254,2,,35128,35680,34916,35468,552,9e4123443a3036d518328ea857f0c561c5a8fc23239de92886e4caf28eb96b99,524c434efffe00012802000010000100,,NCLR palette,Confirmed,True,False,,,,,,,,,,False,False
/demo/title/titledemo.narc,/demo/title/titledemo.narc!/member_00003,0,/demo/title/titledemo.narc,254,3,,35680,68512,35468,68300,32832,c00bbb4f72cdaf0c3271b712cfd3aea93ac0e4707769c32dd35db7eb86989311,5247434efffe01014080000010000200,,NCGR graphics,Confirmed,True,False,,,,,,,,,,False,False
/demo/title/titledemo.narc,/demo/title/titledemo.narc!/member_00004,0,/demo/title/titledemo.narc,254,4,,68512,69064,68300,68852,552,10f13470f7d0f57e53c6aaa891defc0472f5c55c17ca47f55f7a33fdf76c9b0f,524c434efffe00012802000010000100,,NCLR palette,Confirmed,True,False,,,,,,,,,,False,False
/demo/title/titledemo.narc,/demo/title/titledemo.narc!/member_00005,0,/demo/title/titledemo.narc,254,5,,69064,134648,68852,134436,65584,9ab5580960d0071620772c5717b7c3521b37a7672c1721ecaf944bf5206958b5,424d4430fffe02003000010010000200,,NSBMD model,Confirmed,True,False,,,,,,,,,,False,False
/demo/title/titledemo.narc,/demo/title/titledemo.narc!/member_00006,0,/demo/title/titledemo.narc,254,6,,134648,186220,134436,186008,51572,2334b078228289fe84e7ea1737ac1f476cdbd19b25e53b864b89af981c73c9b1,424d4430fffe020074c9000010000200,,NSBMD model,Confirmed,True,False,,,,,,,,,,False,False
/demo/title/titledemo.narc,/demo/title/titledemo.narc!/member_00007,0,/demo/title/titledemo.narc,254,7,,186220,186540,186008,186328,320,86eb46e5e90d7bae180b78c39042ac518a7f5ce4f10c6581a654351a4e937652,5247434efffe01014001000010000200,,NCGR graphics,Confirmed,True,False,,,,,,,,,,False,False
/demo/title/titledemo.narc,/demo/title/titledemo.narc!/member_00008,0,/demo/title/titledemo.narc,254,8,,186540,188112,186328,187900,1572,0a907e5ac543d22c3069f7fdded984622458023a5807daa1645cd16ba084a0a3,5243534efffe00012406000010000100,,NSCR screen map,Confirmed,True,False,,,,,,,,,,False,False
/demo/title/titledemo.narc,/demo/title/titledemo.narc!/member_00009,0,/demo/title/titledemo.narc,254,9,,188112,188664,187900,188452,552,831eb4cc44ad8d85e748f55f54362258092940d68341e1ca6d4f7da1c9657da6,524c434efffe00012802000010000100,,NCLR palette,Confirmed,True,False,,,,,,,,,,False,False
/demo/title/titledemo.narc,/demo/title/titledemo.narc!/member_00010,0,/demo/title/titledemo.narc,254,10,,188664,189216,188452,189004,552,6eab33eaa8f1ccb0457f728a00ba9cd367d6b1d827e4de2edde6513359c38550,524c434efffe00012802000010000100,,NCLR palette,Confirmed,True,False,,,,,,,,,,False,False
/demo/title/titledemo.narc,/demo/title/titledemo.narc!/member_00011,0,/demo/title/titledemo.narc,254,11,,189216,189536,189004,189324,320,86eb46e5e90d7bae180b78c39042ac518a7f5ce4f10c6581a654351a4e937652,5247434efffe01014001000010000200,,NCGR graphics,Confirmed,True,False,,,,,,,,,,False,False
/demo/title/titledemo.narc,/demo/title/titledemo.narc!/member_00012,0,/demo/title/titledemo.narc,254,12,,189536,191108,189324,190896,1572,78782755186e1d1cc7994546a429681c4ae817d741fc13518025c564685477a4,5243534efffe00012406000010000100,,NSCR screen map,Confirmed,True,False,,,,,,,,,,False,False
/demo/title/titledemo.narc,/demo/title/titledemo.narc!/member_00013,0,/demo/title/titledemo.narc,254,13,,191108,191660,190896,191448,552,8923202320888a155fefacd5e467e798d9948c727c4de8faf89aa6275314a3ec,524c434efffe00012802000010000100,,NCLR palette,Confirmed,True,False,,,,,,,,,,False,False
/demo/title/titledemo.narc,/demo/title/titledemo.narc!/member_00014,0,/demo/title/titledemo.narc,254,14,,191660,192212,191448,192000,552,588837650f7ee2fc193cf86477035bb54f2301e252583eaf6b86056d570c48c4,524c434efffe00012802000010000100,,NCLR palette,Confirmed,True,False,,,,,,,,,,False,False
/demo/title/titledemo.narc,/demo/title/titledemo.narc!/member_00015,0,/demo/title/titledemo.narc,254,15,,192212,225044,192000,224832,32832,46fa53a5b80a25d89a7d8ad3f065c3d40ae2499525ba90dba93548b9d1b70fb6,5247434efffe01014080000010000200,,NCGR graphics,Confirmed,True,False,,,,,,,,,,False,False
/demo/title/titledemo.narc,/demo/title/titledemo.narc!/member_00016,0,/demo/title/titledemo.narc,254,16,,225044,225596,224832,225384,552,59796ac202e84ad0cbb8212b7e3f54aa89f8971e935736edc7730700952f0243,524c434efffe00012802000010000100,,NCLR palette,Confirmed,True,False,,,,,,,,,,False,False
/demo/title/titledemo.narc,/demo/title/titledemo.narc!/member_00017,0,/demo/title/titledemo.narc,254,17,,225596,227168,225384,226956,1572,5dda934c23b6c7fc795afa4faf38f4b63186531ef57b15c4cd7c96ef0a24a3e7,5243534efffe00012406000010000100,,NSCR screen map,Confirmed,True,False,,,,,,,,,,False,False
/demo/title/titledemo.narc,/demo/title/titledemo.narc!/member_00018,0,/demo/title/titledemo.narc,254,18,,227168,227640,226956,227428,472,eb1e9e8c1760d51af583c7bf85e466a86849b7108dd3a6afe52aef7f6859eea6,42544130fffe0100d801000010000100,,NSBTA texture animation,Confirmed,True,False,,,,,,,,,,False,False
/demo/title/titledemo.narc,/demo/title/titledemo.narc!/member_00019,0,/demo/title/titledemo.narc,254,19,,227640,228112,227428,227900,472,3d54433c0e36e48a8276e8b9e285f777fcd6addd3f703ef9f18c9585752a969b,42544130fffe0100d801000010000100,,NSBTA texture animation,Confirmed,True,False,,,,,,,,,,False,False
/fielddata/areadata/area_data.narc,/fielddata/areadata/area_data.narc!/member_00000,0,/fielddata/areadata/area_data.narc,256,0,,524,532,0,8,8,30e06038fb18a7cfda688d7bfe8de1ca8fee6002c5b4a498e6993a3592e88893,0000000000000100,,,,,False,,,,,,,,,,False,False
/fielddata/areadata/area_data.narc,/fielddata/areadata/area_data.narc!/member_00001,0,/fielddata/areadata/area_data.narc,256,1,,532,540,8,16,8,e7416d13eb6e700f34181669425e25e2591aa33c517b38796b391c75b6de3971,0100010001000000,,,,,False,,,,,,,,,,False,False
/fielddata/areadata/area_data.narc,/fielddata/areadata/area_data.narc!/member_00002,0,/fielddata/areadata/area_data.narc,256,2,,540,548,16,24,8,349a1b38df968b3f5964d59316ef1e6098f5ebd8a5f077d974addcebb0e0dbf9,0200020002000000,,,,,False,,,,,,,,,,False,False
/fielddata/areadata/area_data.narc,/fielddata/areadata/area_data.narc!/member_00003,0,/fielddata/areadata/area_data.narc,256,3,,548,556,24,32,8,0e3b1539401f8dd42b50601b8c336f17a06c34280045fafcd32891353e077cb8,0100030003000000,,,,,False,,,,,,,,,,False,False
/fielddata/areadata/area_data.narc,/fielddata/areadata/area_data.narc!/member_00004,0,/fielddata/areadata/area_data.narc,256,4,,556,564,32,40,8,ceae9390405fa457d0a49be45ed3b507a7a4c7877cf8d7b1b49e0a65707a7ff0,0300040003000000,,,,,False,,,,,,,,,,False,False
/fielddata/areadata/area_data.narc,/fielddata/areadata/area_data.narc!/member_00005,0,/fielddata/areadata/area_data.narc,256,5,,564,572,40,48,8,b25b00e4a776c2058868ee5a59cc2ea1877ee9eb10356a98244068ac9dc4f4e9,0100050001000000,,,,,False,,,,,,,,,,False,False
/fielddata/areadata/area_data.narc,/fielddata/areadata/area_data.narc!/member_00006,0,/fielddata/areadata/area_data.narc,256,6,,572,580,48,56,8,30ff6813901652a29987dd88fa089c67ec0293f9a7dcfcb05ef70a80ded49b38,0000060000000100,,,,,False,,,,,,,,,,False,False
/fielddata/areadata/area_data.narc,/fielddata/areadata/area_data.narc!/member_00007,0,/fielddata/areadata/area_data.narc,256,7,,580,588,56,64,8,ac9eb325880e047cb54a838ada6a9c87ff40ef293a65edcc4abf56b5a04ca68b,0300070000000100,,,,,False,,,,,,,,,,False,False
/fielddata/areadata/area_data.narc,/fielddata/areadata/area_data.narc!/member_00008,0,/fielddata/areadata/area_data.narc,256,8,,588,596,64,72,8,500ba02520d6f6458a540babac77f4226e86cd44ac955e226e88999585b40f0b,0400080000000100,,,,,False,,,,,,,,,,False,False
/fielddata/areadata/area_data.narc,/fielddata/areadata/area_data.narc!/member_00009,0,/fielddata/areadata/area_data.narc,256,9,,596,604,72,80,8,cf74d21544a699d2afbe83f729c4975d914ef5ffdee90a7eb7e17f94c340b490,0500090000000100,,,,,False,,,,,,,,,,False,False
/fielddata/areadata/area_data.narc,/fielddata/areadata/area_data.narc!/member_00010,0,/fielddata/areadata/area_data.narc,256,10,,604,612,80,88,8,028495344daf6bb6a4a52fc1780c6b9e5e52bc187150860de62b5a451c7dea6e,06000a0004000100,,,,,False,,,,,,,,,,False,False
/fielddata/areadata/area_data.narc,/fielddata/areadata/area_data.narc!/member_00011,0,/fielddata/areadata/area_data.narc,256,11,,612,620,88,96,8,4e3d75352549b71e7d76b54da244bda7d34b2bc80104ca15accce03617536be7,07000b0005000100,,,,,False,,,,,,,,,,False,False
/fielddata/areadata/area_data.narc,/fielddata/areadata/area_data.narc!/member_00012,0,/fielddata/areadata/area_data.narc,256,12,,620,628,96,104,8,b4d49603b87490f6b088b8ec685f6f3fec66a85ee1726c9f87c759f4b8b05273,08000c0006000100,,,,,False,,,,,,,,,,False,False
/fielddata/areadata/area_data.narc,/fielddata/areadata/area_data.narc!/member_00013,0,/fielddata/areadata/area_data.narc,256,13,,628,636,104,112,8,ac3f7256ee804a08bd113b797c71581e51ea3f41217d0589b236255e50bdca99,09000d0007000100,,,,,False,,,,,,,,,,False,False
/fielddata/areadata/area_data.narc,/fielddata/areadata/area_data.narc!/member_00014,0,/fielddata/areadata/area_data.narc,256,14,,636,644,112,120,8,cec110004b643d767aca52b52b1b04d2b906d02b73bc602d43e4b75a0a2f3a4a,0a000e0008000100,,,,,False,,,,,,,,,,False,False
/fielddata/areadata/area_data.narc,/fielddata/areadata/area_data.narc!/member_00015,0,/fielddata/areadata/area_data.narc,256,15,,644,652,120,128,8,3ba69e1fddb4d77afec271174ecf9e08c30d2b4c836cae3cfd09537264e37f6b,0b000f0000000100,,,,,False,,,,,,,,,,False,False
/fielddata/areadata/area_data.narc,/fielddata/areadata/area_data.narc!/member_00016,0,/fielddata/areadata/area_data.narc,256,16,,652,660,128,136,8,c5a9ca5bd7abb842f61090b2e56d1e1d6f02471b35b7911fd5d06ac2f0820cd2,0c00100006000100,,,,,False,,,,,,,,,,False,False
/fielddata/areadata/area_data.narc,/fielddata/areadata/area_data.narc!/member_00017,0,/fielddata/areadata/area_data.narc,256,17,,660,668,136,144,8,7d2bd7a1468ef693f4d9a24863c7841524cf968e5552076a53834d3d4ee6bd80,0d00110007000100,,,,,False,,,,,,,,,,False,False
/fielddata/areadata/area_data.narc,/fielddata/areadata/area_data.narc!/member_00018,0,/fielddata/areadata/area_data.narc,256,18,,668,676,144,152,8,395b70cb3b4169c5b74447cdb30636f9b92c17f88a146bbf826c0d3691cfd55e,0e00120008000100,,,,,False,,,,,,,,,,False,False
/fielddata/areadata/area_data.narc,/fielddata/areadata/area_data.narc!/member_00019,0,/fielddata/areadata/area_data.narc,256,19,,676,684,152,160,8,d0fe98b4afc54be4379f7dcdd253e002593aa66a2b31413a179f31f5f184cb38,0f00130009000100,,,,,False,,,,,,,,,,False,False
/fielddata/areadata/area_data.narc,/fielddata/areadata/area_data.narc!/member_00020,0,/fielddata/areadata/area_data.narc,256,20,,684,692,160,168,8,a252e9b147372fc6925457032739b06949eb0ec8c50a90136e7664c9534d1249,1000140003000000,,Nintendo LZ10,Probable,,True,Nintendo LZ10,Probable,True,5120,False,,,,,False,False
/fielddata/areadata/area_data.narc,/fielddata/areadata/area_data.narc!/member_00021,0,/fielddata/areadata/area_data.narc,256,21,,692,700,168,176,8,de8274eb26fe8972b6a9fa7d3aac86d107e79e4808bf5f5c690b3c6c51932b75,1100050003000000,,Nintendo LZ11,Probable,,True,Nintendo LZ11,Probable,True,1280,False,,,,,False,False
/fielddata/areadata/area_data.narc,/fielddata/areadata/area_data.narc!/member_00022,0,/fielddata/areadata/area_data.narc,256,22,,700,708,176,184,8,c8ae1fba920403ac553be8c38cfb22a4e38c2c5d1a494899ac666df237f06465,1200150003000000,,,,,False,,,,,,,,,,False,False
/fielddata/areadata/area_data.narc,/fielddata/areadata/area_data.narc!/member_00023,0,/fielddata/areadata/area_data.narc,256,23,,708,716,184,192,8,007ac8229f11096d84229d4e9bc1760a81147041846daa92e6b699eb84ee5c9b,1300160003000000,,,,,False,,,,,,,,,,False,False
/fielddata/areadata/area_data.narc,/fielddata/areadata/area_data.narc!/member_00024,0,/fielddata/areadata/area_data.narc,256,24,,716,724,192,200,8,0bd450ea319432cb679943a20ff9b45d94a162b6396a983db6e7a809a7fc5025,1400170003000000,,,,,False,,,,,,,,,,False,False
/fielddata/areadata/area_data.narc,/fielddata/areadata/area_data.narc!/member_00025,0,/fielddata/areadata/area_data.narc,256,25,,724,732,200,208,8,13e4f00c290e376bb0c49f129bb62a96fbb1dfdb2af508c3eb08d1d94521fdc5,1500180003000000,,,,,False,,,,,,,,,,False,False
/fielddata/areadata/area_data.narc,/fielddata/areadata/area_data.narc!/member_00026,0,/fielddata/areadata/area_data.narc,256,26,,732,740,208,216,8,d57aef1cf3f80999a0ccacb9f818feed2b7c9f80fef585de6934d13851428cf9,1600190003000000,,,,,False,,,,,,,,,,False,False
/fielddata/areadata/area_data.narc,/fielddata/areadata/area_data.narc!/member_00027,0,/fielddata/areadata/area_data.narc,256,27,,740,748,216,224,8,9cd95ba07564f18d24c7897a38fc3e2b96741665b4d6a1a3ddd540d8c19bb022,17001a0003000000,,,,,False,,,,,,,,,,False,False
/fielddata/areadata/area_data.narc,/fielddata/areadata/area_data.narc!/member_00028,0,/fielddata/areadata/area_data.narc,256,28,,748,756,224,232,8,e431ff1da7a591a9cc74df6ddc0363b26d9e0d58136262964e5930c1ccf2644e,18001b0003000000,,,,,False,,,,,,,,,,False,False
/fielddata/areadata/area_data.narc,/fielddata/areadata/area_data.narc!/member_00029,0,/fielddata/areadata/area_data.narc,256,29,,756,764,232,240,8,a6d707f6d0aae935099baa26dfd4d81d984e1d54b674ef52dfef0529ef393b3b,19001c0003000000,,,,,False,,,,,,,,,,False,False
/fielddata/areadata/area_data.narc,/fielddata/areadata/area_data.narc!/member_00030,0,/fielddata/areadata/area_data.narc,256,30,,764,772,240,248,8,1061fc145b344c4f9dcfe9f0e0bbd1348745e24f0837d8a67a590bf05f469915,1a001d0003000000,,,,,False,,,,,,,,,,False,False
/fielddata/areadata/area_data.narc,/fielddata/areadata/area_data.narc!/member_00031,0,/fielddata/areadata/area_data.narc,256,31,,772,780,248,256,8,d8d1c6ccb3b31c72c09240dc6ddce59d23894d881202e76bf30028e3f6b67243,1b001e0003000000,,,,,False,,,,,,,,,,False,False
/fielddata/areadata/area_data.narc,/fielddata/areadata/area_data.narc!/member_00032,0,/fielddata/areadata/area_data.narc,256,32,,780,788,256,264,8,8cb74bf2ea32f849181182eb759d3badad46d8a8622883663c3ca4d901c7c5ba,1c001f0003000000,,,,,False,,,,,,,,,,False,False
/fielddata/areadata/area_data.narc,/fielddata/areadata/area_data.narc!/member_00033,0,/fielddata/areadata/area_data.narc,256,33,,788,796,264,272,8,42481f4a3249612ba342457dfa97c3e26c8ea7dc2632e993725114e086c97d61,1d00200003000000,,,,,False,,,,,,,,,,False,False
/fielddata/areadata/area_data.narc,/fielddata/areadata/area_data.narc!/member_00034,0,/fielddata/areadata/area_data.narc,256,34,,796,804,272,280,8,fea0dd7eae27d9f60843bbe4975acc9c00e23289f7f4364ed397b5a2e8ac5682,1e00210003000000,,,,,False,,,,,,,,,,False,False
/fielddata/areadata/area_data.narc,/fielddata/areadata/area_data.narc!/member_00035,0,/fielddata/areadata/area_data.narc,256,35,,804,812,280,288,8,4948493f502ed905206601ca121e02ae77a30b4c062aaaabf88fd4cdcda6fe55,1f00220003000000,,,,,False,,,,,,,,,,False,False
/fielddata/areadata/area_data.narc,/fielddata/areadata/area_data.narc!/member_00036,0,/fielddata/areadata/area_data.narc,256,36,,812,820,288,296,8,d3eb47ebecdca02744cd1de21705a95672020cf4728bd889c0d28b875ddc9e39,2000230003000000,,Nintendo Huffman,Probable,,True,Nintendo Huffman,Probable,False,8960,,,,,,False,False
/fielddata/areadata/area_data.narc,/fielddata/areadata/area_data.narc!/member_00037,0,/fielddata/areadata/area_data.narc,256,37,,820,828,296,304,8,5faba307afcb595716c28d4c8819b6f230d5bf4bcac801b940a771668397d4a3,2100240003000000,,,,,False,,,,,,,,,,False,False
/fielddata/areadata/area_data.narc,/fielddata/areadata/area_data.narc!/member_00038,0,/fielddata/areadata/area_data.narc,256,38,,828,836,304,312,8,1097673b35a75f83551bbf48040c61c7975880c24673240bec88c10ececbdfe8,2200250003000000,,,,,False,,,,,,,,,,False,False
/fielddata/areadata/area_data.narc,/fielddata/areadata/area_data.narc!/member_00039,0,/fielddata/areadata/area_data.narc,256,39,,836,844,312,320,8,ab5135552f9ff14489a351b2954e4899ee8ff5719802b5c3c42574a41414ab6b,2300260003000000,,,,,False,,,,,,,,,,False,False
/fielddata/areadata/area_data.narc,/fielddata/areadata/area_data.narc!/member_00040,0,/fielddata/areadata/area_data.narc,256,40,,844,852,320,328,8,a498373979911d20df06cdccf4aecfcb096e611b7818064e555657dd96aa6938,2400270003000000,,,,,True,Nintendo Huffman 4-bit,Probable,False,9984,,,,,,False,False
/fielddata/areadata/area_data.narc,/fielddata/areadata/area_data.narc!/member_00041,0,/fielddata/areadata/area_data.narc,256,41,,852,860,328,336,8,ba9d2adda978dd4260f5474202f53e764dc0d6ddccef2226236ba8510a360b9b,2500280003000000,,,,,False,,,,,,,,,,False,False
/fielddata/areadata/area_data.narc,/fielddata/areadata/area_data.narc!/member_00042,0,/fielddata/areadata/area_data.narc,256,42,,860,868,336,344,8,41ad95520d57eac66ede465eeac2ca024cb3a7f3020b144c98d61dcca0bd2e6d,2600290003000000,,,,,False,,,,,,,,,,False,False
/fielddata/areadata/area_data.narc,/fielddata/areadata/area_data.narc!/member_00043,0,/fielddata/areadata/area_data.narc,256,43,,868,876,344,352,8,fbda34022ffe9e9fac6383dfea0a98395c368dd27886c67a4b631c199d2997eb,27002a0000000000,,,,,False,,,,,,,,,,False,False
/fielddata/areadata/area_data.narc,/fielddata/areadata/area_data.narc!/member_00044,0,/fielddata/areadata/area_data.narc,256,44,,876,884,352,360,8,fba0fc06573d2811123c77cdfed645e51b974bccb68d54814d260b00e170909d,28002b0000000100,,,,,True,Nintendo Huffman 8-bit,Probable,False,11008,,,,,,False,False
/fielddata/areadata/area_data.narc,/fielddata/areadata/area_data.narc!/member_00045,0,/fielddata/areadata/area_data.narc,256,45,,884,892,360,368,8,5abe6d40b0fda2045753c95941bf6d07f664cb9873194abb058cbb3456fe0759,29002c0000000000,,,,,False,,,,,,,,,,False,False
/fielddata/areadata/area_data.narc,/fielddata/areadata/area_data.narc!/member_00046,0,/fielddata/areadata/area_data.narc,256,46,,892,900,368,376,8,106d35b4bdbbc3cc3daa0ef29ef5c9eddce951d869dd2fd61abedab8c71a06ca,2a002d0000000000,,,,,False,,,,,,,,,,False,False
/fielddata/areadata/area_data.narc,/fielddata/areadata/area_data.narc!/member_00047,0,/fielddata/areadata/area_data.narc,256,47,,900,908,376,384,8,00e4a6191e657a8f23fb439b1db40eb8bfc2f4a5d1de1154bdbc5ffe3aadfaf8,2b002e0000000000,,,,,False,,,,,,,,,,False,False
/fielddata/areadata/area_data.narc,/fielddata/areadata/area_data.narc!/member_00048,0,/fielddata/areadata/area_data.narc,256,48,,908,916,384,392,8,2f4d60df8dfeade30b43573e294b08b9a10cefcfb7b765f45216db10f03ba911,2c002f0000000000,,,,,False,,,,,,,,,,False,False
/fielddata/areadata/area_data.narc,/fielddata/areadata/area_data.narc!/member_00049,0,/fielddata/areadata/area_data.narc,256,49,,916,924,392,400,8,9e97d4a1484d75ea4c37a4142ed48c2a0b4238f2f1a56ee112df8ec35fed5470,2d00300000000100,,,,,False,,,,,,,,,,False,False
/fielddata/areadata/area_data.narc,/fielddata/areadata/area_data.narc!/member_00050,0,/fielddata/areadata/area_data.narc,256,50,,924,932,400,408,8,3adf3342cec1664288ced362f77bb410eaac9c3877f58908a0d7dc5c782f518f,2e00310000000000,,,,,False,,,,,,,,,,False,False
/fielddata/areadata/area_data.narc,/fielddata/areadata/area_data.narc!/member_00051,0,/fielddata/areadata/area_data.narc,256,51,,932,940,408,416,8,e4dbd1f88d31c85a10bd3564a339c868540be003f99382104eca2b5c53dab948,2f00320000000100,,,,,False,,,,,,,,,,False,False
/fielddata/areadata/area_data.narc,/fielddata/areadata/area_data.narc!/member_00052,0,/fielddata/areadata/area_data.narc,256,52,,940,948,416,424,8,4de90b3d49ed99252bdb1012e83c603d76b71c6389e626a78d3c262905e8630d,3000330000000100,,Nintendo RLE,Probable,,True,Nintendo RLE,Probable,False,13056,,,,,,False,False
/fielddata/areadata/area_data.narc,/fielddata/areadata/area_data.narc!/member_00053,0,/fielddata/areadata/area_data.narc,256,53,,948,956,424,432,8,2195e5278a2ad776dd424729e4a86cf17d7cc20e9401a6f7f6539efc3fdbb5bc,3100340000000100,,,,,False,,,,,,,,,,False,False
/fielddata/areadata/area_data.narc,/fielddata/areadata/area_data.narc!/member_00054,0,/fielddata/areadata/area_data.narc,256,54,,956,964,432,440,8,c0e371ab4c4ac43f2ad724826f7a763d2291d6d4e7fe2456c9d5995f3adefcf6,3200350000000100,,,,,False,,,,,,,,,,False,False
/fielddata/areadata/area_data.narc,/fielddata/areadata/area_data.narc!/member_00055,0,/fielddata/areadata/area_data.narc,256,55,,964,972,440,448,8,90dde1d6c78bc1e16f765de35386c3a32f87178a1acfa44dd82c82c2116fa2b2,3300360000000000,,,,,False,,,,,,,,,,False,False
/fielddata/areadata/area_data.narc,/fielddata/areadata/area_data.narc!/member_00056,0,/fielddata/areadata/area_data.narc,256,56,,972,980,448,456,8,edd8450646254e9fac6b797502a33cbef41181de5357cc2df1e14cf45fc5e310,3400370000000000,,,,,False,,,,,,,,,,False,False
/fielddata/areadata/area_data.narc,/fielddata/areadata/area_data.narc!/member_00057,0,/fielddata/areadata/area_data.narc,256,57,,980,988,456,464,8,9bbb44780e3c11005abfa6b7b26ac0b585df4cb5fe8506e117e78d86eda30ce6,3500380000000000,,,,,False,,,,,,,,,,False,False
/fielddata/areadata/area_data.narc,/fielddata/areadata/area_data.narc!/member_00058,0,/fielddata/areadata/area_data.narc,256,58,,988,996,464,472,8,0df4ab79d91d883a093d87cb5413e0078b4006809a7cb1fa93c752fcfc7772b5,3600390000000000,,,,,False,,,,,,,,,,False,False
/fielddata/areadata/area_build_model/area_build.narc,/fielddata/areadata/area_build_model/area_build.narc!/member_00000,0,/fielddata/areadata/area_build_model/area_build.narc,257,0,,492,558,0,66,66,6afc8b570212f83350b62c81d753b4ea1bfdf48346e1ecca898818f9496405f2,2000040005000800270028001a000300,,Nintendo Huffman,Probable,,True,Nintendo Huffman,Probable,False,1024,,,,,,False,False
/fielddata/areadata/area_build_model/area_build.narc,/fielddata/areadata/area_build_model/area_build.narc!/member_00001,0,/fielddata/areadata/area_build_model/area_build.narc,257,1,,560,734,68,242,174,6ccc96b2425e1172156ad59106b86db3d0cf991282e5beee3f1edfd88970c60d,56004e004f0050005100520053005400,,,,,False,,,,,,,,,,False,False
/fielddata/areadata/area_build_model/area_build.narc,/fielddata/areadata/area_build_model/area_build.narc!/member_00002,0,/fielddata/areadata/area_build_model/area_build.narc,257,2,,736,1014,244,522,278,4c2161f12d4bf23ad56dba13fe8fb51084ccf47a5587793df452b37a70e4b1df,8a003c013d013e013f01400110017500,,,,,False,,,,,,,,,,False,False
/fielddata/areadata/area_build_model/area_build.narc,/fielddata/areadata/area_build_model/area_build.narc!/member_00003,0,/fielddata/areadata/area_build_model/area_build.narc,257,3,,1016,1060,524,568,44,1be2e05510165b8f93703676156f7080720aa0ea560f558d3b164e3e4e55f2a5,1500040005000800270028001a002f00,,,,,False,,,,,,,,,,False,False
/fielddata/areadata/area_build_model/area_build.narc,/fielddata/areadata/area_build_model/area_build.narc!/member_00004,0,/fielddata/areadata/area_build_model/area_build.narc,257,4,,1060,1118,568,626,58,06e44ef4f7b6c0b2223ccf3216e25196e0b34fbf282e28fff3d83804c6850a8b,1c00040005000800270028001a002500,,,,,False,,,,,,,,,,False,False
/fielddata/areadata/area_build_model/area_build.narc,/fielddata/areadata/area_build_model/area_build.narc!/member_00005,0,/fielddata/areadata/area_build_model/area_build.narc,257,5,,1120,1164,628,672,44,bb9bcbf57fcbf0fbffb962bcb9414225505591a3d97a66d0dd69f6ebc10a2039,1500040005000800270028001a004600,,,,,False,,,,,,,,,,False,False
/fielddata/areadata/area_build_model/area_build.narc,/fielddata/areadata/area_build_model/area_build.narc!/member_00006,0,/fielddata/areadata/area_build_model/area_build.narc,257,6,,1164,1212,672,720,48,1157037575aad534d55b7a64e3a70ef051fa94d226af2984e5402042badb7c1c,1700040005000800270028001a004600,,,,,False,,,,,,,,,,False,False
/fielddata/areadata/area_build_model/area_build.narc,/fielddata/areadata/area_build_model/area_build.narc!/member_00007,0,/fielddata/areadata/area_build_model/area_build.narc,257,7,,1212,1252,720,760,40,200b47b792b967689c6245faa6b8cd27286c5699410321d981c2bc7add8768ab,1300040005000800270028001a004600,,,,,False,,,,,,,,,,False,False
/fielddata/areadata/area_build_model/area_build.narc,/fielddata/areadata/area_build_model/area_build.narc!/member_00008,0,/fielddata/areadata/area_build_model/area_build.narc,257,8,,1252,1288,760,796,36,14feb1646dc38765a01933d571fa986d9fb670a1d5c3df22f9e1b797ff5e94b1,1100040005000800270028001a004600,,Nintendo LZ11,Probable,,True,Nintendo LZ11,Probable,True,1024,False,,,,,False,False
/fielddata/areadata/area_build_model/area_build.narc,/fielddata/areadata/area_build_model/area_build.narc!/member_00009,0,/fielddata/areadata/area_build_model/area_build.narc,257,9,,1288,1328,796,836,40,c5053a3de0ae0d92d89326256f9ed33c9164741bc6cef7bb6688f0dae52a0a28,1300040005000800270028001a004600,,,,,False,,,,,,,,,,False,False
/fielddata/areadata/area_build_model/area_build.narc,/fielddata/areadata/area_build_model/area_build.narc!/member_00010,0,/fielddata/areadata/area_build_model/area_build.narc,257,10,,1328,1364,836,872,36,741ae09250d08fa7ea85454fb862d7744da1a0f6c0650d10f2343cecc9dfcbc7,11000800270028001a004600e200e300,,Nintendo LZ11,Probable,,True,Nintendo LZ11,Probable,True,2048,False,,,,,False,False
/fielddata/areadata/area_build_model/area_build.narc,/fielddata/areadata/area_build_model/area_build.narc!/member_00011,0,/fielddata/areadata/area_build_model/area_build.narc,257,11,,1364,1408,872,916,44,3e60edb089aec40e9418f381830752cd5e11b12c6bed76d745e7cace9bca63fe,1500040005000800270028001a001b00,,,,,False,,,,,,,,,,False,False
/fielddata/areadata/area_build_model/area_build.narc,/fielddata/areadata/area_build_model/area_build.narc!/member_00012,0,/fielddata/areadata/area_build_model/area_build.narc,257,12,,1408,1436,916,944,28,499dc963299b59a303605123bcd24f8c9969d4f3bd12e810e08738b68cdc0841,0d00040005000800270028001a004600,,,,,False,,,,,,,,,,False,False
/fielddata/areadata/area_build_model/area_build.narc,/fielddata/areadata/area_build_model/area_build.narc!/member_00013,0,/fielddata/areadata/area_build_model/area_build.narc,257,13,,1436,1460,944,968,24,0a8f66263c7fbf17280d324ebc5f146b9ac0f555c9eae7498c2f71b1b68001ce,0b00040005000800270028001a004600,,,,,False,,,,,,,,,,False,False
/fielddata/areadata/area_build_model/area_build.narc,/fielddata/areadata/area_build_model/area_build.narc!/member_00014,0,/fielddata/areadata/area_build_model/area_build.narc,257,14,,1460,1496,968,1004,36,0612c26c9c99c0898ea161eebac9aa4f5c68f3c0f76ce562fec5c723f755a877,1100040005000800270028001a004600,,Nintendo LZ11,Probable,,True,Nintendo LZ11,Probable,True,1024,False,,,,,False,False
/fielddata/areadata/area_build_model/area_build.narc,/fielddata/areadata/area_build_model/area_build.narc!/member_00015,0,/fielddata/areadata/area_build_model/area_build.narc,257,15,,1496,1530,1004,1038,34,b183fefdd9612b5704e8fff38790d88b8c85a8f7259257f84ef2b9df2e738566,1000040005000800270028001a004600,,Nintendo LZ10,Probable,,True,Nintendo LZ10,Probable,True,1024,False,,,,,False,False
/fielddata/areadata/area_build_model/area_build.narc,/fielddata/areadata/area_build_model/area_build.narc!/member_00016,0,/fielddata/areadata/area_build_model/area_build.narc,257,16,,1532,1680,1040,1188,148,7561eb954ce3d505be77aaf0447b809ba5a880ed894b16f6a9d8287a9587c2b3,49004e004f0050005100520053005400,,,,,False,,,,,,,,,,False,False
/fielddata/areadata/area_build_model/area_build.narc,/fielddata/areadata/area_build_model/area_build.narc!/member_00017,0,/fielddata/areadata/area_build_model/area_build.narc,257,17,,1680,1754,1188,1262,74,3ebfc0a4f6a3fc31fa2a34dd29937005ad6160855ebcf14c5a8bb493e4414ec8,2400740075007600770079007a007b00,,,,,True,Nintendo Huffman 4-bit,Probable,False,29696,,,,,,False,False
/fielddata/areadata/area_build_model/area_build.narc,/fielddata/areadata/area_build_model/area_build.narc!/member_00018,0,/fielddata/areadata/area_build_model/area_build.narc,257,18,,1756,1860,1264,1368,104,e9d0af9750d8b33a2fbfde905b9e54d409b516bd744caf1525443f242d809e5e,3300550084009f0087008800a000a100,,,,,False,,,,,,,,,,False,False
/fielddata/areadata/area_build_model/area_build.narc,/fielddata/areadata/area_build_model/area_build.narc!/member_00019,0,/fielddata/areadata/area_build_model/area_build.narc,257,19,,1860,1874,1368,1382,14,7134fe65fb37ba1f487596a91570f0c225326866e39b1edbcf5e2b786ce1d38e,06004e00ef00f000f100f2009800,,,,,False,,,,,,,,,,False,False
/fielddata/areadata/area_build_model/area_build.narc,/fielddata/areadata/area_build_model/area_build.narc!/member_00020,0,/fielddata/areadata/area_build_model/area_build.narc,257,20,,1876,1896,1384,1404,20,bc896d50d01171711cd0cd76f732eb4855792ceb08eb3c552561ce79270aa93b,09004e00980026012701280129012c01,,,,,False,,,,,,,,,,False,False
/fielddata/areadata/area_build_model/area_build.narc,/fielddata/areadata/area_build_model/area_build.narc!/member_00021,0,/fielddata/areadata/area_build_model/area_build.narc,257,21,,1896,1902,1404,1410,6,b9def12a18a0c7005f8d166508ecbb2369b918903181b674cfb49d0d1434efa7,02004e009800,,,,,False,,,,,,,,,,False,False
/fielddata/areadata/area_build_model/area_build.narc,/fielddata/areadata/area_build_model/area_build.narc!/member_00022,0,/fielddata/areadata/area_build_model/area_build.narc,257,22,,1904,1910,1412,1418,6,b9def12a18a0c7005f8d166508ecbb2369b918903181b674cfb49d0d1434efa7,02004e009800,,,,,False,,,,,,,,,,False,False
/fielddata/areadata/area_build_model/area_build.narc,/fielddata/areadata/area_build_model/area_build.narc!/member_00023,0,/fielddata/areadata/area_build_model/area_build.narc,257,23,,1912,1926,1420,1434,14,4edcde7dcb2fc712c54b7f66727c77457bfac0d67a3dbb1d9c0b169f740a0603,06004e0002010301040105019800,,,,,False,,,,,,,,,,False,False
/fielddata/areadata/area_build_model/area_build.narc,/fielddata/areadata/area_build_model/area_build.narc!/member_00024,0,/fielddata/areadata/area_build_model/area_build.narc,257,24,,1928,1936,1436,1444,8,6742f5c8c1d6bc94a69ceb12398d06081dfacb65ab3daeeefa5385b1d13cfe0e,03004e00f7009800,,,,,False,,,,,,,,,,False,False
/fielddata/areadata/area_build_model/area_build.narc,/fielddata/areadata/area_build_model/area_build.narc!/member_00025,0,/fielddata/areadata/area_build_model/area_build.narc,257,25,,1936,1958,1444,1466,22,bfe77778ee4cf2ef54b5dbe5a82687653f6d136dcd95725b037bca11072dcf6e,0a004e0098001e011f01200121012201,,,,,False,,,,,,,,,,False,False
/fielddata/areadata/area_build_model/area_build.narc,/fielddata/areadata/area_build_model/area_build.narc!/member_00026,0,/fielddata/areadata/area_build_model/area_build.narc,257,26,,1960,1994,1468,1502,34,8ea7fe72108e8cb8eec5a73f98d36ac30c117c4f160ca1d1cfed1e26a6804908,10004e009800c901ca01cb01cc01cd01,,Nintendo LZ10,Probable,,True,Nintendo LZ10,Probable,True,19968,False,,,,,False,False
/fielddata/areadata/area_build_model/area_build.narc,/fielddata/areadata/area_build_model/area_build.narc!/member_00027,0,/fielddata/areadata/area_build_model/area_build.narc,257,27,,1996,2160,1504,1668,164,f5af1bb3e5abb282bcd0f0fe384c527aa349dffde54b0c2a75db4d99c39d7836,51004e0067009a009d0055004f006000,,,,,False,,,,,,,,,,False,False
/fielddata/areadata/area_build_model/area_build.narc,/fielddata/areadata/area_build_model/area_build.narc!/member_00028,0,/fielddata/areadata/area_build_model/area_build.narc,257,28,,2160,2344,1668,1852,184,faafa1e5a2898e7dae477a08c2cf7bab867497e548e76fc719b4160b34174d14,5b004e004f0050005100520053005400,,,,,False,,,,,,,,,,False,False
/fielddata/areadata/area_build_model/area_build.narc,/fielddata/areadata/area_build_model/area_build.narc!/member_00029,0,/fielddata/areadata/area_build_model/area_build.narc,257,29,,2344,2534,1852,2042,190,847a44489ece9393218efdeae3646032d447c9aaed15f52d50980fb058e8543c,5e004e004f0050005100520053005400,,,,,False,,,,,,,,,,False,False
/fielddata/areadata/area_build_model/area_build.narc,/fielddata/areadata/area_build_model/area_build.narc!/member_00030,0,/fielddata/areadata/area_build_model/area_build.narc,257,30,,2536,2734,2044,2242,198,62539e11a0cd4189fef784d045721cf823894d4a6a7e7b37f1fb3ae9d9792a7f,62004e004f0050005100520053005400,,,,,False,,,,,,,,,,False,False
/fielddata/areadata/area_build_model/area_build.narc,/fielddata/areadata/area_build_model/area_build.narc!/member_00031,0,/fielddata/areadata/area_build_model/area_build.narc,257,31,,2736,2920,2244,2428,184,faafa1e5a2898e7dae477a08c2cf7bab867497e548e76fc719b4160b34174d14,5b004e004f0050005100520053005400,,,,,False,,,,,,,,,,False,False
/fielddata/areadata/area_build_model/area_build.narc,/fielddata/areadata/area_build_model/area_build.narc!/member_00032,0,/fielddata/areadata/area_build_model/area_build.narc,257,32,,2920,2946,2428,2454,26,6dd483186d23ca9ca980662989095de166309ecb8cb4587b1c00536f646fa289,0c009800f601f701f801f901fa01fb01,,,,,False,,,,,,,,,,False,False
/fielddata/areadata/area_build_model/area_build.narc,/fielddata/areadata/area_build_model/area_build.narc!/member_00033,0,/fielddata/areadata/area_build_model/area_build.narc,257,33,,2948,3134,2456,2642,186,6ad44b3f360c49246bf9ad00597871dc96cd9dd7a38ed4b110aaac21582e919a,5c004e004f0050005100520053005400,,,,,False,,,,,,,,,,False,False
/fielddata/areadata/area_build_model/area_build.narc,/fielddata/areadata/area_build_model/area_build.narc!/member_00034,0,/fielddata/areadata/area_build_model/area_build.narc,257,34,,3136,3322,2644,2830,186,138609997876749af8d12f8e7be93e351860704ee158f1b5eab7199ed5e03c9c,5c004e004f0050005100520053005400,,,,,False,,,,,,,,,,False,False
/fielddata/areadata/area_build_model/area_build.narc,/fielddata/areadata/area_build_model/area_build.narc!/member_00035,0,/fielddata/areadata/area_build_model/area_build.narc,257,35,,3324,3522,2832,3030,198,4caa753c9c5c6c1d4d1f6fffaf35a60ff8704dd4c53d93e70e35e79b23b56379,62004e004f0050005100520053005400,,,,,False,,,,,,,,,,False,False
/fielddata/areadata/area_build_model/area_build.narc,/fielddata/areadata/area_build_model/area_build.narc!/member_00036,0,/fielddata/areadata/area_build_model/area_build.narc,257,36,,3524,3552,3032,3060,28,f22a1549bee25f3463389aa41e1dc37d2412933e7185d630234f3a665ab52466,0d00740075007600770055004e000c01,,,,,False,,,,,,,,,,False,False
/fielddata/areadata/area_build_model/area_build.narc,/fielddata/areadata/area_build_model/area_build.narc!/member_00037,0,/fielddata/areadata/area_build_model/area_build.narc,257,37,,3552,3736,3060,3244,184,faafa1e5a2898e7dae477a08c2cf7bab867497e548e76fc719b4160b34174d14,5b004e004f0050005100520053005400,,,,,False,,,,,,,,,,False,False
/fielddata/areadata/area_build_model/area_build.narc,/fielddata/areadata/area_build_model/area_build.narc!/member_00038,0,/fielddata/areadata/area_build_model/area_build.narc,257,38,,3736,3924,3244,3432,188,2cc6dc02e83bf0d8201b8c9a499e72506a67b089a4edbce73a88af3d038637b2,5d004e004f0050005100520053005400,,,,,False,,,,,,,,,,False,False
/fielddata/areadata/area_build_model/area_build.narc,/fielddata/areadata/area_build_model/area_build.narc!/member_00039,0,/fielddata/areadata/area_build_model/area_build.narc,257,39,,3924,3932,3432,3440,8,a35d50f2121afab39cebc1ef0930dd9c0653dd2868db9ae7ee3ce8754e6abc40,0300300135013601,,,,,False,,,,,,,,,,False,False
/fielddata/areadata/area_build_model/area_build.narc,/fielddata/areadata/area_build_model/area_build.narc!/member_00040,0,/fielddata/areadata/area_build_model/area_build.narc,257,40,,3932,3938,3440,3446,6,323dfdda47cec2594b49a94f98b0d419bcc8dd01c11a67cc226e6871ce4eab76,02009300b901,,,,,False,,,,,,,,,,False,False
/fielddata/areadata/area_build_model/area_build.narc,/fielddata/areadata/area_build_model/area_build.narc!/member_00041,0,/fielddata/areadata/area_build_model/area_build.narc,257,41,,3940,3956,3448,3464,16,0075b475d2afced220d63239a59d2e6ab2bc9255366aecac94c8a581254d9f0c,0700fa00fc0001013b01ee010201fd00,,,,,False,,,,,,,,,,False,False
/fielddata/areadata/area_build_model/area_build.narc,/fielddata/areadata/area_build_model/area_build.narc!/member_00042,0,/fielddata/areadata/area_build_model/area_build.narc,257,42,,3956,3970,3464,3478,14,67872d66685146bc37b7176c83d009ae0bb7949fb8cfb0c321d25298eeb1124c,0600d501d601df01e00104024c00,,,,,False,,,,,,,,,,False,False
/fielddata/areadata/area_build_model/area_build.narc,/fielddata/areadata/area_build_model/area_build.narc!/member_00043,0,/fielddata/areadata/area_build_model/area_build.narc,257,43,,3972,3974,3480,3482,2,96a296d224f285c67bee93c30f8a309157f0daa35dc5b87e410b78630a09cfc7,0000,,,,,False,,,,,,,,,,False,False
/fielddata/areadata/area_build_model/area_build.narc,/fielddata/areadata/area_build_model/area_build.narc!/member_00044,0,/fielddata/areadata/area_build_model/area_build.narc,257,44,,3976,4186,3484,3694,210,e8c3e190a69dbbcc980fc2786a5f859b48498b6655ccda0983c7dc3eafb583eb,68004e004f0050005100520053005400,,,,,False,,,,,,,,,,False,False
/fielddata/areadata/area_build_model/area_build.narc,/fielddata/areadata/area_build_model/area_build.narc!/member_00045,0,/fielddata/areadata/area_build_model/area_build.narc,257,45,,4188,4206,3696,3714,18,c578afb94238b0d9785867e824be73cb2c5d5de4f7972bc806cef196d3955636,0800c300c100d701d801e101e2012700,,,,,False,,,,,,,,,,False,False
/fielddata/areadata/area_build_model/area_build.narc,/fielddata/areadata/area_build_model/area_build.narc!/member_00046,0,/fielddata/areadata/area_build_model/area_build.narc,257,46,,4208,4238,3716,3746,30,bccc36ec742cece122a3883b8f7d81ba9686dd51d95ad695190038f66a8c1e0b,0e00fc01fd01fe01ff01000201020202,,,,,False,,,,,,,,,,False,False
/fielddata/areadata/area_build_model/area_build.narc,/fielddata/areadata/area_build_model/area_build.narc!/member_00047,0,/fielddata/areadata/area_build_model/area_build.narc,257,47,,4240,4244,3748,3752,4,53f9326e60896a2a688e0082ab3e0bb8ffc7335583cdd37ecf59173407bcc3d9,01000601,,,,,False,,,,,,,,,,False,False
/fielddata/areadata/area_build_model/area_build.narc,/fielddata/areadata/area_build_model/area_build.narc!/member_00048,0,/fielddata/areadata/area_build_model/area_build.narc,257,48,,4244,4252,3752,3760,8,5b44a960d95612fb270ee6681a70b8090ce0fc68e1b5b54e7076ed9b8cf2b74b,0300370148004a00,,,,,False,,,,,,,,,,False,False
/fielddata/areadata/area_build_model/area_build.narc,/fielddata/areadata/area_build_model/area_build.narc!/member_00049,0,/fielddata/areadata/area_build_model/area_build.narc,257,49,,4252,4262,3760,3770,10,510238e348b84b5b88b00b37db74f68004edfe361ec4ae192a6bc253f1ab3a5d,0400c001d901da01db01,,,,,False,,,,,,,,,,False,False
/fielddata/areadata/area_build_model/area_build.narc,/fielddata/areadata/area_build_model/area_build.narc!/member_00050,0,/fielddata/areadata/area_build_model/area_build.narc,257,50,,4264,4280,3772,3788,16,95c8b73a439e52c5c1cb95a64f66c0fbb7293f3524c26195fef71b926a96ae56,0700c100dc01dd01de01270028002a01,,,,,False,,,,,,,,,,False,False
/fielddata/areadata/area_build_model/area_build.narc,/fielddata/areadata/area_build_model/area_build.narc!/member_00051,0,/fielddata/areadata/area_build_model/area_build.narc,257,51,,4280,4288,3788,3796,8,afc8ccd6c1a65158fb45d597e1a0cb5a6a1d6ba47f4c13d3cc03a0c96d53b07f,0300d501df01d601,,,,,False,,,,,,,,,,False,False
/fielddata/areadata/area_build_model/area_build.narc,/fielddata/areadata/area_build_model/area_build.narc!/member_00052,0,/fielddata/areadata/area_build_model/area_build.narc,257,52,,4288,4496,3796,4004,208,234f4f4f1c7343f116df661c901ebbea6dce82501b48d4158397357e38debc6b,67004e004f0050005100520053005400,,,,,False,,,,,,,,,,False,False
/fielddata/areadata/area_build_model/area_build.narc,/fielddata/areadata/area_build_model/area_build.narc!/member_00053,0,/fielddata/areadata/area_build_model/area_build.narc,257,53,,4496,4510,4004,4018,14,30c2170f4bf70fcfa3528fa3f8e94f7e57be5c6bb8e9c97fe743bf6d94f9c6f2,06004e00fa00fb00fc00fd000c02,,,,,False,,,,,,,,,,False,False
/fielddata/areadata/area_build_model/area_build.narc,/fielddata/areadata/area_build_model/area_build.narc!/member_00054,0,/fielddata/areadata/area_build_model/area_build.narc,257,54,,4512,4722,4020,4230,210,e8c3e190a69dbbcc980fc2786a5f859b48498b6655ccda0983c7dc3eafb583eb,68004e004f0050005100520053005400,,,,,False,,,,,,,,,,False,False
/fielddata/areadata/area_build_model/areabm_texset.narc,/fielddata/areadata/area_build_model/areabm_texset.narc!/member_00000,0,/fielddata/areadata/area_build_model/areabm_texset.narc,258,0,,492,66268,0,65776,65776,f2c19a51dc6a586b6038a8235080137f104ae2f45e85eb0a6d47049f517670f3,42545830fffe0100f000010010000100,,NSBTX texture,Confirmed,True,False,,,,,,,,,,False,False
/fielddata/areadata/area_build_model/areabm_texset.narc,/fielddata/areadata/area_build_model/areabm_texset.narc!/member_00001,0,/fielddata/areadata/area_build_model/areabm_texset.narc,258,1,,66268,91424,65776,90932,25156,d2e3c635c53d71d6675b9af0e02a88102336b03243f86a6c3f996cc9163d1971,42545830fffe01004462000010000100,,NSBTX texture,Confirmed,True,False,,,,,,,,,,False,False
/fielddata/areadata/area_build_model/areabm_texset.narc,/fielddata/areadata/area_build_model/areabm_texset.narc!/member_00002,0,/fielddata/areadata/area_build_model/areabm_texset.narc,258,2,,91424,165732,90932,165240,74308,b90d15ac34f486bc56b8e6e54455352ae1901c7e3e4d6a94558396180aed94db,42545830fffe01004422010010000100,,NSBTX texture,Confirmed,True,False,,,,,,,,,,False,False
/fielddata/areadata/area_build_model/areabm_texset.narc,/fielddata/areadata/area_build_model/areabm_texset.narc!/member_00003,0,/fielddata/areadata/area_build_model/areabm_texset.narc,258,3,,165732,200180,165240,199688,34448,c1ce586bb220ba4a9a33a7d704259cc0160c11ee5d479f1dcb2c8d074dd1b4db,42545830fffe01009086000010000100,,NSBTX texture,Confirmed,True,False,,,,,,,,,,False,False
/fielddata/areadata/area_build_model/areabm_texset.narc,/fielddata/areadata/area_build_model/areabm_texset.narc!/member_00004,0,/fielddata/areadata/area_build_model/areabm_texset.narc,258,4,,200180,247088,199688,246596,46908,9e9327a55572870e78103004a048120f1c67d720c2730a20cf6424ef144da12e,42545830fffe01003cb7000010000100,,NSBTX texture,Confirmed,True,False,,,,,,,,,,False,False
/fielddata/areadata/area_build_model/areabm_texset.narc,/fielddata/areadata/area_build_model/areabm_texset.narc!/member_00005,0,/fielddata/areadata/area_build_model/areabm_texset.narc,258,5,,247088,285928,246596,285436,38840,87c1b36fefcb3e8a844c617889002df10b2e315f64c0eea20dd6c0dcb34ec7e8,42545830fffe0100b897000010000100,,NSBTX texture,Confirmed,True,False,,,,,,,,,,False,False
/fielddata/areadata/area_build_model/areabm_texset.narc,/fielddata/areadata/area_build_model/areabm_texset.narc!/member_00006,0,/fielddata/areadata/area_build_model/areabm_texset.narc,258,6,,285928,324304,285436,323812,38376,6ed77fb563cd2ddc2f68417c8debf26715a282a390419796a79e581770814674,42545830fffe0100e895000010000100,,NSBTX texture,Confirmed,True,False,,,,,,,,,,False,False
/fielddata/areadata/area_build_model/areabm_texset.narc,/fielddata/areadata/area_build_model/areabm_texset.narc!/member_00007,0,/fielddata/areadata/area_build_model/areabm_texset.narc,258,7,,324304,362196,323812,361704,37892,118041cd2f4d032718695418acfc0b8ef61ed05f56587cd381041d03d0df4c21,42545830fffe01000494000010000100,,NSBTX texture,Confirmed,True,False,,,,,,,,,,False,False
/fielddata/areadata/area_build_model/areabm_texset.narc,/fielddata/areadata/area_build_model/areabm_texset.narc!/member_00008,0,/fielddata/areadata/area_build_model/areabm_texset.narc,258,8,,362196,394936,361704,394444,32740,9c7faa0b084039584b68fceb724e8b05eb2d1b0aed02bb84821ab3d42ed76ce7,42545830fffe0100e47f000010000100,,NSBTX texture,Confirmed,True,False,,,,,,,,,,False,False
/fielddata/areadata/area_build_model/areabm_texset.narc,/fielddata/areadata/area_build_model/areabm_texset.narc!/member_00009,0,/fielddata/areadata/area_build_model/areabm_texset.narc,258,9,,394936,431584,394444,431092,36648,dc8d23af8f8e2eb61b8b54fe3b46cb1274727b018bb6912a82f2be7921c3bee3,42545830fffe0100288f000010000100,,NSBTX texture,Confirmed,True,False,,,,,,,,,,False,False
/fielddata/areadata/area_build_model/areabm_texset.narc,/fielddata/areadata/area_build_model/areabm_texset.narc!/member_00010,0,/fielddata/areadata/area_build_model/areabm_texset.narc,258,10,,431584,465144,431092,464652,33560,56a2fbed53745f53c27f19018c7d87035f261b6a72be78a62405bca052f8e1c7,42545830fffe01001883000010000100,,NSBTX texture,Confirmed,True,False,,,,,,,,,,False,False
/fielddata/areadata/area_build_model/areabm_texset.narc,/fielddata/areadata/area_build_model/areabm_texset.narc!/member_00011,0,/fielddata/areadata/area_build_model/areabm_texset.narc,258,11,,465144,492700,464652,492208,27556,27c50ef25783561ec80d3ff1c1272d1e42d208063bac17ee39267d46700be820,42545830fffe0100a46b000010000100,,NSBTX texture,Confirmed,True,False,,,,,,,,,,False,False
/fielddata/areadata/area_build_model/areabm_texset.narc,/fielddata/areadata/area_build_model/areabm_texset.narc!/member_00012,0,/fielddata/areadata/area_build_model/areabm_texset.narc,258,12,,492700,516428,492208,515936,23728,170be6cb5778bc033b3e66df1f811edefacd927b9a53a840a3ed09c30220ee0d,42545830fffe0100b05c000010000100,,NSBTX texture,Confirmed,True,False,,,,,,,,,,False,False
/fielddata/areadata/area_build_model/areabm_texset.narc,/fielddata/areadata/area_build_model/areabm_texset.narc!/member_00013,0,/fielddata/areadata/area_build_model/areabm_texset.narc,258,13,,516428,536704,515936,536212,20276,f5f873e7f4dea5a6c629cf342c97b62563ff635e19b70e49bc370e14a07fc1cf,42545830fffe0100344f000010000100,,NSBTX texture,Confirmed,True,False,,,,,,,,,,False,False
/fielddata/areadata/area_build_model/areabm_texset.narc,/fielddata/areadata/area_build_model/areabm_texset.narc!/member_00014,0,/fielddata/areadata/area_build_model/areabm_texset.narc,258,14,,536704,567572,536212,567080,30868,59fe46d8507cc88b3b7fe79f72df526ebad304036b14d217f7ac8789d0ff857e,42545830fffe01009478000010000100,,NSBTX texture,Confirmed,True,False,,,,,,,,,,False,False
/fielddata/areadata/area_build_model/areabm_texset.narc,/fielddata/areadata/area_build_model/areabm_texset.narc!/member_00015,0,/fielddata/areadata/area_build_model/areabm_texset.narc,258,15,,567572,597424,567080,596932,29852,611a54bce44635f7844b1c0df0026f678643c501d711a4a2f64c342311f19eb0,42545830fffe01009c74000010000100,,NSBTX texture,Confirmed,True,False,,,,,,,,,,False,False
/fielddata/areadata/area_build_model/areabm_texset.narc,/fielddata/areadata/area_build_model/areabm_texset.narc!/member_00016,0,/fielddata/areadata/area_build_model/areabm_texset.narc,258,16,,597424,616464,596932,615972,19040,d5f50a7ea342bdcb1d341f38291aa0bbb090ae274f8f4fc80fb959a5af165e7c,42545830fffe0100604a000010000100,,NSBTX texture,Confirmed,True,False,,,,,,,,,,False,False
/fielddata/areadata/area_build_model/areabm_texset.narc,/fielddata/areadata/area_build_model/areabm_texset.narc!/member_00017,0,/fielddata/areadata/area_build_model/areabm_texset.narc,258,17,,616464,633400,615972,632908,16936,5996e607111614ead3de724869e341222c0306a37f1aa125f51e265bffe2d6dd,42545830fffe01002842000010000100,,NSBTX texture,Confirmed,True,False,,,,,,,,,,False,False
/fielddata/areadata/area_build_model/areabm_texset.narc,/fielddata/areadata/area_build_model/areabm_texset.narc!/member_00018,0,/fielddata/areadata/area_build_model/areabm_texset.narc,258,18,,633400,651580,632908,651088,18180,65255468ce4f12e355f19da588cbe2e72bfc635f9acf1488ae559f7dfff06225,42545830fffe01000447000010000100,,NSBTX texture,Confirmed,True,False,,,,,,,,,,False,False
/fielddata/areadata/area_build_model/areabm_texset.narc,/fielddata/areadata/area_build_model/areabm_texset.narc!/member_00019,0,/fielddata/areadata/area_build_model/areabm_texset.narc,258,19,,651580,655216,651088,654724,3636,f2347c86016b3ec5427b5ce3aa49c97e309a026219663a7685ff9f199cf87332,42545830fffe0100340e000010000100,,NSBTX texture,Confirmed,True,False,,,,,,,,,,False,False
/fielddata/areadata/area_build_model/areabm_texset.narc,/fielddata/areadata/area_build_model/areabm_texset.narc!/member_00020,0,/fielddata/areadata/area_build_model/areabm_texset.narc,258,20,,655216,659080,654724,658588,3864,22b3945d3695f005c95e11adee0e6e849f685284770b1472b441b2771995bb7e,42545830fffe0100180f000010000100,,NSBTX texture,Confirmed,True,False,,,,,,,,,,False,False
/fielddata/areadata/area_build_model/areabm_texset.narc,/fielddata/areadata/area_build_model/areabm_texset.narc!/member_00021,0,/fielddata/areadata/area_build_model/areabm_texset.narc,258,21,,659080,660168,658588,659676,1088,a8165c0c4c7104caaca707abe9cba643f249a47cc8f6cab0a34a7d9eeba78116,42545830fffe01004004000010000100,,NSBTX texture,Confirmed,True,False,,,,,,,,,,False,False
/fielddata/areadata/area_build_model/areabm_texset.narc,/fielddata/areadata/area_build_model/areabm_texset.narc!/member_00022,0,/fielddata/areadata/area_build_model/areabm_texset.narc,258,22,,660168,661256,659676,660764,1088,a8165c0c4c7104caaca707abe9cba643f249a47cc8f6cab0a34a7d9eeba78116,42545830fffe01004004000010000100,,NSBTX texture,Confirmed,True,False,,,,,,,,,,False,False
/fielddata/areadata/area_build_model/areabm_texset.narc,/fielddata/areadata/area_build_model/areabm_texset.narc!/member_00023,0,/fielddata/areadata/area_build_model/areabm_texset.narc,258,23,,661256,664780,660764,664288,3524,c3bef1f57910ec414349a758d04ed9c040ee9b396f87637458b298940ff24693,42545830fffe0100c40d000010000100,,NSBTX texture,Confirmed,True,False,,,,,,,,,,False,False
/fielddata/areadata/area_build_model/areabm_texset.narc,/fielddata/areadata/area_build_model/areabm_texset.narc!/member_00024,0,/fielddata/areadata/area_build_model/areabm_texset.narc,258,24,,664780,668140,664288,667648,3360,dfff1db82f3fb60c9c22a79763a89f06317ca07d120dbfa64920525d126714f1,42545830fffe0100200d000010000100,,NSBTX texture,Confirmed,True,False,,,,,,,,,,False,False
/fielddata/areadata/area_build_model/areabm_texset.narc,/fielddata/areadata/area_build_model/areabm_texset.narc!/member_00025,0,/fielddata/areadata/area_build_model/areabm_texset.narc,258,25,,668140,669764,667648,669272,1624,5f4413d3edb62821802907cb13567b4cb7709f2bc10b40e8cb17d80656f03fac,42545830fffe01005806000010000100,,NSBTX texture,Confirmed,True,False,,,,,,,,,,False,False
/fielddata/areadata/area_build_model/areabm_texset.narc,/fielddata/areadata/area_build_model/areabm_texset.narc!/member_00026,0,/fielddata/areadata/area_build_model/areabm_texset.narc,258,26,,669764,675012,669272,674520,5248,e8565b9d320d88e33d6dabdab11de27a3b930bfd83cec8ce85ba71a15a4f1518,42545830fffe01008014000010000100,,NSBTX texture,Confirmed,True,False,,,,,,,,,,False,False
/fielddata/areadata/area_build_model/areabm_texset.narc,/fielddata/areadata/area_build_model/areabm_texset.narc!/member_00027,0,/fielddata/areadata/area_build_model/areabm_texset.narc,258,27,,675012,698560,674520,698068,23548,dcc739f8ab78af650fb51997285cfd38ef7f34206e77ec93dba4f5d810abe4cd,42545830fffe0100fc5b000010000100,,NSBTX texture,Confirmed,True,False,,,,,,,,,,False,False
/fielddata/areadata/area_build_model/areabm_texset.narc,/fielddata/areadata/area_build_model/areabm_texset.narc!/member_00028,0,/fielddata/areadata/area_build_model/areabm_texset.narc,258,28,,698560,730112,698068,729620,31552,870fbfd68b78c80b0cfd2743bcd7b3d7fdd583eb792cd76879858dde29dcf068,42545830fffe0100407b000010000100,,NSBTX texture,Confirmed,True,False,,,,,,,,,,False,False
/fielddata/areadata/area_build_model/areabm_texset.narc,/fielddata/areadata/area_build_model/areabm_texset.narc!/member_00029,0,/fielddata/areadata/area_build_model/areabm_texset.narc,258,29,,730112,763624,729620,763132,33512,fc06588b4c6ad476d0edd79c6e5807fc1250dbc24c8377ef4e5b2e024ffa6fc1,42545830fffe0100e882000010000100,,NSBTX texture,Confirmed,True,False,,,,,,,,,,False,False
/fielddata/areadata/area_build_model/areabm_texset.narc,/fielddata/areadata/area_build_model/areabm_texset.narc!/member_00030,0,/fielddata/areadata/area_build_model/areabm_texset.narc,258,30,,763624,798184,763132,797692,34560,a362ab0bd90bfd41f2264121e3fcaad6dfed978a11dd06f7aaf30f3c2fe1e753,42545830fffe01000087000010000100,,NSBTX texture,Confirmed,True,False,,,,,,,,,,False,False
/fielddata/areadata/area_build_model/areabm_texset.narc,/fielddata/areadata/area_build_model/areabm_texset.narc!/member_00031,0,/fielddata/areadata/area_build_model/areabm_texset.narc,258,31,,798184,829736,797692,829244,31552,870fbfd68b78c80b0cfd2743bcd7b3d7fdd583eb792cd76879858dde29dcf068,42545830fffe0100407b000010000100,,NSBTX texture,Confirmed,True,False,,,,,,,,,,False,False
/fielddata/areadata/area_build_model/areabm_texset.narc,/fielddata/areadata/area_build_model/areabm_texset.narc!/member_00032,0,/fielddata/areadata/area_build_model/areabm_texset.narc,258,32,,829736,838348,829244,837856,8612,7bf12829e05f37bc4b9c8c3a0455e213c9eeb918fe9d43c8cdce570b507c84d2,42545830fffe0100a421000010000100,,NSBTX texture,Confirmed,True,False,,,,,,,,,,False,False
/fielddata/areadata/area_build_model/areabm_texset.narc,/fielddata/areadata/area_build_model/areabm_texset.narc!/member_00033,0,/fielddata/areadata/area_build_model/areabm_texset.narc,258,33,,838348,870496,837856,870004,32148,c95303d8cf8157847f7e830ae53013e7b1a3bba0a6f5ecf1b22b5235bd141f31,42545830fffe0100947d000010000100,,NSBTX texture,Confirmed,True,False,,,,,,,,,,False,False
/fielddata/areadata/area_build_model/areabm_texset.narc,/fielddata/areadata/area_build_model/areabm_texset.narc!/member_00034,0,/fielddata/areadata/area_build_model/areabm_texset.narc,258,34,,870496,902832,870004,902340,32336,6dd5f279b49054ebae837d6e4ff17f3873d4195c6cb93bd14b3ed9d1f8623845,42545830fffe0100507e000010000100,,NSBTX texture,Confirmed,True,False,,,,,,,,,,False,False
/fielddata/areadata/area_build_model/areabm_texset.narc,/fielddata/areadata/area_build_model/areabm_texset.narc!/member_00035,0,/fielddata/areadata/area_build_model/areabm_texset.narc,258,35,,902832,937072,902340,936580,34240,5e6ed4cabc3a1bec05eb746d003e3d6e34451972309a5e2d27c326f5d1cc8c5e,42545830fffe0100c085000010000100,,NSBTX texture,Confirmed,True,False,,,,,,,,,,False,False
/fielddata/areadata/area_build_model/areabm_texset.narc,/fielddata/areadata/area_build_model/areabm_texset.narc!/member_00036,0,/fielddata/areadata/area_build_model/areabm_texset.narc,258,36,,937072,944416,936580,943924,7344,bf6f1e07c2b1806c71bac3d8b0913ff493041629ad37e037f518edfb4db979cf,42545830fffe0100b01c000010000100,,NSBTX texture,Confirmed,True,False,,,,,,,,,,False,False
/fielddata/areadata/area_build_model/areabm_texset.narc,/fielddata/areadata/area_build_model/areabm_texset.narc!/member_00037,0,/fielddata/areadata/area_build_model/areabm_texset.narc,258,37,,944416,975968,943924,975476,31552,870fbfd68b78c80b0cfd2743bcd7b3d7fdd583eb792cd76879858dde29dcf068,42545830fffe0100407b000010000100,,NSBTX texture,Confirmed,True,False,,,,,,,,,,False,False
/fielddata/areadata/area_build_model/areabm_texset.narc,/fielddata/areadata/area_build_model/areabm_texset.narc!/member_00038,0,/fielddata/areadata/area_build_model/areabm_texset.narc,258,38,,975968,1008040,975476,1007548,32072,cdc8cd985095fb1137285b102330e45a68aafc9274d919baf89193630f8017e7,42545830fffe0100487d000010000100,,NSBTX texture,Confirmed,True,False,,,,,,,,,,False,False
/fielddata/areadata/area_build_model/areabm_texset.narc,/fielddata/areadata/area_build_model/areabm_texset.narc!/member_00039,0,/fielddata/areadata/area_build_model/areabm_texset.narc,258,39,,1008040,1010344,1007548,1009852,2304,6d617119fe783a6d16d68e6bd2ffa629b8b6d8592817a4f4ae53e764ffee2f02,42545830fffe01000009000010000100,,NSBTX texture,Confirmed,True,False,,,,,,,,,,False,False
/fielddata/areadata/area_build_model/areabm_texset.narc,/fielddata/areadata/area_build_model/areabm_texset.narc!/member_00040,0,/fielddata/areadata/area_build_model/areabm_texset.narc,258,40,,1010344,1015432,1009852,1014940,5088,0ed5ab573037786fffb15ed06b97d569bc0400a384d4ce71e69338f885c638aa,42545830fffe0100e013000010000100,,NSBTX texture,Confirmed,True,False,,,,,,,,,,False,False
/fielddata/areadata/area_build_model/areabm_texset.narc,/fielddata/areadata/area_build_model/areabm_texset.narc!/member_00041,0,/fielddata/areadata/area_build_model/areabm_texset.narc,258,41,,1015432,1020024,1014940,1019532,4592,2b4c04b3560e67be3cd04167cf709fd7d729a002e8701528017e2f7b7fba3fe1,42545830fffe0100f011000010000100,,NSBTX texture,Confirmed,True,False,,,,,,,,,,False,False
/fielddata/areadata/area_build_model/areabm_texset.narc,/fielddata/areadata/area_build_model/areabm_texset.narc!/member_00042,0,/fielddata/areadata/area_build_model/areabm_texset.narc,258,42,,1020024,1034100,1019532,1033608,14076,1517cf1ac01a7d5e4856cc6fa7cc94c68d7b9916c42433c9a205e8b4863e06a5,42545830fffe0100fc36000010000100,,NSBTX texture,Confirmed,True,False,,,,,,,,,,False,False
/fielddata/areadata/area_build_model/areabm_texset.narc,/fielddata/areadata/area_build_model/areabm_texset.narc!/member_00043,0,/fielddata/areadata/area_build_model/areabm_texset.narc,258,43,,1034100,1034104,1033608,1033612,4,df3f619804a92fdb4057192dc43dd748ea778adc52bc498ce80524c014b81119,00000000,,,,,False,,,,,,,,,,False,False
/fielddata/areadata/area_build_model/areabm_texset.narc,/fielddata/areadata/area_build_model/areabm_texset.narc!/member_00044,0,/fielddata/areadata/area_build_model/areabm_texset.narc,258,44,,1034104,1076972,1033612,1076480,42868,153a703df96384e32f2ab97628528c85a9e12019db4de8397817392716fc08c3,42545830fffe010074a7000010000100,,NSBTX texture,Confirmed,True,False,,,,,,,,,,False,False
/fielddata/areadata/area_build_model/areabm_texset.narc,/fielddata/areadata/area_build_model/areabm_texset.narc!/member_00045,0,/fielddata/areadata/area_build_model/areabm_texset.narc,258,45,,1076972,1087496,1076480,1087004,10524,205f1f4c0850cdcb78ac0ffb9e4d11d0745ad4ec08a5a42dff66e751b5440261,42545830fffe01001c29000010000100,,NSBTX texture,Confirmed,True,False,,,,,,,,,,False,False
/fielddata/areadata/area_build_model/areabm_texset.narc,/fielddata/areadata/area_build_model/areabm_texset.narc!/member_00046,0,/fielddata/areadata/area_build_model/areabm_texset.narc,258,46,,1087496,1090516,1087004,1090024,3020,a524bd686ecc704810ae15fee6526c454720ebe80c1de880a3417cd87fa4e5ba,42545830fffe0100cc0b000010000100,,NSBTX texture,Confirmed,True,False,,,,,,,,,,False,False
/fielddata/areadata/area_build_model/areabm_texset.narc,/fielddata/areadata/area_build_model/areabm_texset.narc!/member_00047,0,/fielddata/areadata/area_build_model/areabm_texset.narc,258,47,,1090516,1091868,1090024,1091376,1352,aef3b8a2fe2194f31538bdf4da967674f9c0963381fc6b3afdd1ecf0b4b2b673,42545830fffe01004805000010000100,,NSBTX texture,Confirmed,True,False,,,,,,,,,,False,False
/fielddata/areadata/area_build_model/areabm_texset.narc,/fielddata/areadata/area_build_model/areabm_texset.narc!/member_00048,0,/fielddata/areadata/area_build_model/areabm_texset.narc,258,48,,1091868,1095204,1091376,1094712,3336,68cf2ed6a85778e6ade0c557db869717db7af8de94108ec4bc94bd8a85d5e475,42545830fffe0100080d000010000100,,NSBTX texture,Confirmed,True,False,,,,,,,,,,False,False
/fielddata/areadata/area_build_model/areabm_texset.narc,/fielddata/areadata/area_build_model/areabm_texset.narc!/member_00049,0,/fielddata/areadata/area_build_model/areabm_texset.narc,258,49,,1095204,1099312,1094712,1098820,4108,dbaa53f8d9c88469f0721786cade1fa7956adc6043ae79bcea4d0054149af05f,42545830fffe01000c10000010000100,,NSBTX texture,Confirmed,True,False,,,,,,,,,,False,False
/fielddata/areadata/area_build_model/areabm_texset.narc,/fielddata/areadata/area_build_model/areabm_texset.narc!/member_00050,0,/fielddata/areadata/area_build_model/areabm_texset.narc,258,50,,1099312,1109128,1098820,1108636,9816,e911bb50580d73fe947366a85e73f494afa17e0cfe4c81f27b9b83856c2045f5,42545830fffe01005826000010000100,,NSBTX texture,Confirmed,True,False,,,,,,,,,,False,False
/fielddata/areadata/area_build_model/areabm_texset.narc,/fielddata/areadata/area_build_model/areabm_texset.narc!/member_00051,0,/fielddata/areadata/area_build_model/areabm_texset.narc,258,51,,1109128,1119896,1108636,1119404,10768,ae6e69e1a8d84bf60a417894d1c1679b079a5d55d68cb0709cfae39f47b32c3e,42545830fffe0100102a000010000100,,NSBTX texture,Confirmed,True,False,,,,,,,,,,False,False
/fielddata/areadata/area_build_model/areabm_texset.narc,/fielddata/areadata/area_build_model/areabm_texset.narc!/member_00052,0,/fielddata/areadata/area_build_model/areabm_texset.narc,258,52,,1119896,1155500,1119404,1155008,35604,9b9383bd7283192c06d1e1ad18d8754f9184bd7c2e03e7a6c5f02c729b836f46,42545830fffe0100148b000010000100,,NSBTX texture,Confirmed,True,False,,,,,,,,,,False,False
/fielddata/areadata/area_build_model/areabm_texset.narc,/fielddata/areadata/area_build_model/areabm_texset.narc!/member_00053,0,/fielddata/areadata/area_build_model/areabm_texset.narc,258,53,,1155500,1158464,1155008,1157972,2964,d6cf7cd751261b3dd396c17046ac7b81602306cc692346eb2e7531d3eeddeefa,42545830fffe0100940b000010000100,,NSBTX texture,Confirmed,True,False,,,,,,,,,,False,False
/fielddata/areadata/area_build_model/areabm_texset.narc,/fielddata/areadata/area_build_model/areabm_texset.narc!/member_00054,0,/fielddata/areadata/area_build_model/areabm_texset.narc,258,54,,1158464,1201332,1157972,1200840,42868,153a703df96384e32f2ab97628528c85a9e12019db4de8397817392716fc08c3,42545830fffe010074a7000010000100,,NSBTX texture,Confirmed,True,False,,,,,,,,,,False,False
/fielddata/areadata/area_map_tex/map_tex_set.narc,/fielddata/areadata/area_map_tex/map_tex_set.narc!/member_00000,0,/fielddata/areadata/area_map_tex/map_tex_set.narc,259,0,,516,23964,0,23448,23448,97a29db017a86fef4ae7a21ca5a7199d77a5b4940d4858185bd1e69e07ac5c2a,42545830fffe0100985b000010000100,,NSBTX texture,Confirmed,True,False,,,,,,,,,,False,False
/fielddata/areadata/area_map_tex/map_tex_set.narc,/fielddata/areadata/area_map_tex/map_tex_set.narc!/member_00001,0,/fielddata/areadata/area_map_tex/map_tex_set.narc,259,1,,23964,32168,23448,31652,8204,8ee05ffcc7f3e7a505aca6bb9b12ae64243463a637132fa59271512a9dbbda03,42545830fffe01000c20000010000100,,NSBTX texture,Confirmed,True,False,,,,,,,,,,False,False
/fielddata/areadata/area_map_tex/map_tex_set.narc,/fielddata/areadata/area_map_tex/map_tex_set.narc!/member_00002,0,/fielddata/areadata/area_map_tex/map_tex_set.narc,259,2,,32168,48440,31652,47924,16272,1d686a057a4749ee25bf3045e317675b74cd9a4a79316572d89b574f8cadb9f3,42545830fffe0100903f000010000100,,NSBTX texture,Confirmed,True,False,,,,,,,,,,False,False
/fielddata/areadata/area_map_tex/map_tex_set.narc,/fielddata/areadata/area_map_tex/map_tex_set.narc!/member_00003,0,/fielddata/areadata/area_map_tex/map_tex_set.narc,259,3,,48440,50468,47924,49952,2028,059428b382b7965e0cc852b45e23685b33869a99e878deccb3a5aaf1cc7b03c3,42545830fffe0100ec07000010000100,,NSBTX texture,Confirmed,True,False,,,,,,,,,,False,False
/fielddata/areadata/area_map_tex/map_tex_set.narc,/fielddata/areadata/area_map_tex/map_tex_set.narc!/member_00004,0,/fielddata/areadata/area_map_tex/map_tex_set.narc,259,4,,50468,53268,49952,52752,2800,ae87ff0a06fc0284811c7c961a86e1f9344300d04903d692f8717190cc43e716,42545830fffe0100f00a000010000100,,NSBTX texture,Confirmed,True,False,,,,,,,,,,False,False
/fielddata/areadata/area_map_tex/map_tex_set.narc,/fielddata/areadata/area_map_tex/map_tex_set.narc!/member_00005,0,/fielddata/areadata/area_map_tex/map_tex_set.narc,259,5,,53268,70320,52752,69804,17052,556ade24f5ed63abc25a0a7166a6c7172084cdebbdfe3f5d569b1c4badaaeaba,42545830fffe01009c42000010000100,,NSBTX texture,Confirmed,True,False,,,,,,,,,,False,False
/fielddata/areadata/area_map_tex/map_tex_set.narc,/fielddata/areadata/area_map_tex/map_tex_set.narc!/member_00006,0,/fielddata/areadata/area_map_tex/map_tex_set.narc,259,6,,70320,115864,69804,115348,45544,4654824a2d80d38a68c03b3f1c816d6bb550cc25991c5ec5dcaf61f8de1eafb0,42545830fffe0100e8b1000010000100,,NSBTX texture,Confirmed,True,False,,,,,,,,,,False,False
/fielddata/areadata/area_map_tex/map_tex_set.narc,/fielddata/areadata/area_map_tex/map_tex_set.narc!/member_00007,0,/fielddata/areadata/area_map_tex/map_tex_set.narc,259,7,,115864,160772,115348,160256,44908,90db9ea8ef1fa2f6bcb23cc5e0f51e3c3035cc8e4b994d5fe394a3a0fb0fa1aa,42545830fffe01006caf000010000100,,NSBTX texture,Confirmed,True,False,,,,,,,,,,False,False
/fielddata/areadata/area_map_tex/map_tex_set.narc,/fielddata/areadata/area_map_tex/map_tex_set.narc!/member_00008,0,/fielddata/areadata/area_map_tex/map_tex_set.narc,259,8,,160772,204308,160256,203792,43536,15409737a478c5a04db191f23b7818421f36c6ffd4e8d199620efb7e284327fb,42545830fffe010010aa000010000100,,NSBTX texture,Confirmed,True,False,,,,,,,,,,False,False
/fielddata/areadata/area_map_tex/map_tex_set.narc,/fielddata/areadata/area_map_tex/map_tex_set.narc!/member_00009,0,/fielddata/areadata/area_map_tex/map_tex_set.narc,259,9,,204308,247084,203792,246568,42776,eaf3e8674dd4bae21ef39cb1fe77e76cf0d822dc50c4f185c3c8477f21263a5e,42545830fffe010018a7000010000100,,NSBTX texture,Confirmed,True,False,,,,,,,,,,False,False
/fielddata/areadata/area_map_tex/map_tex_set.narc,/fielddata/areadata/area_map_tex/map_tex_set.narc!/member_00010,0,/fielddata/areadata/area_map_tex/map_tex_set.narc,259,10,,247084,288488,246568,287972,41404,c2eb26871443236bac91e86bb8c7d5da92d06e163bbd33d9af5744b629e2d5cb,42545830fffe0100bca1000010000100,,NSBTX texture,Confirmed,True,False,,,,,,,,,,False,False
/fielddata/areadata/area_map_tex/map_tex_set.narc,/fielddata/areadata/area_map_tex/map_tex_set.narc!/member_00011,0,/fielddata/areadata/area_map_tex/map_tex_set.narc,259,11,,288488,334020,287972,333504,45532,b547d4472ca3de0a476e061283438ed58cbbba57da117606c5e94f90fdf87b3b,42545830fffe0100dcb1000010000100,,NSBTX texture,Confirmed,True,False,,,,,,,,,,False,False
/fielddata/areadata/area_map_tex/map_tex_set.narc,/fielddata/areadata/area_map_tex/map_tex_set.narc!/member_00012,0,/fielddata/areadata/area_map_tex/map_tex_set.narc,259,12,,334020,377040,333504,376524,43020,b5bc573a5e64db3d990008fa7cbff2a7876f18244d7994879e85a51d721ffdd2,42545830fffe01000ca8000010000100,,NSBTX texture,Confirmed,True,False,,,,,,,,,,False,False
/fielddata/areadata/area_map_tex/map_tex_set.narc,/fielddata/areadata/area_map_tex/map_tex_set.narc!/member_00013,0,/fielddata/areadata/area_map_tex/map_tex_set.narc,259,13,,377040,421976,376524,421460,44936,5f55bcb35b72be5d964fc08f94f01606e90d23900e3eaec616db9abccea487b6,42545830fffe010088af000010000100,,NSBTX texture,Confirmed,True,False,,,,,,,,,,False,False
/fielddata/areadata/area_map_tex/map_tex_set.narc,/fielddata/areadata/area_map_tex/map_tex_set.narc!/member_00014,0,/fielddata/areadata/area_map_tex/map_tex_set.narc,259,14,,421976,459308,421460,458792,37332,8be2e6bd861056623b4378137b4e4cf38e228cec75da827ac89476c0289dba58,42545830fffe0100d491000010000100,,NSBTX texture,Confirmed,True,False,,,,,,,,,,False,False
/fielddata/areadata/area_map_tex/map_tex_set.narc,/fielddata/areadata/area_map_tex/map_tex_set.narc!/member_00015,0,/fielddata/areadata/area_map_tex/map_tex_set.narc,259,15,,459308,503980,458792,503464,44672,d6de5ef4d7e493fb712860cf27416c25425011b0550a6c267e054a4bc44a1e7e,42545830fffe010080ae000010000100,,NSBTX texture,Confirmed,True,False,,,,,,,,,,False,False
/fielddata/areadata/area_map_tex/map_tex_set.narc,/fielddata/areadata/area_map_tex/map_tex_set.narc!/member_00016,0,/fielddata/areadata/area_map_tex/map_tex_set.narc,259,16,,503980,545700,503464,545184,41720,c172dbe0293fd3e53fff5b08c59e2882345af4bcbb92ae9f5745dbe1d4375e13,42545830fffe0100f8a2000010000100,,NSBTX texture,Confirmed,True,False,,,,,,,,,,False,False
/fielddata/areadata/area_map_tex/map_tex_set.narc,/fielddata/areadata/area_map_tex/map_tex_set.narc!/member_00017,0,/fielddata/areadata/area_map_tex/map_tex_set.narc,259,17,,545700,587700,545184,587184,42000,9103f182d11cad410825c5ce4f21cfc0cd3d627d0350977cdce800a094550d7a,42545830fffe010010a4000010000100,,NSBTX texture,Confirmed,True,False,,,,,,,,,,False,False
/fielddata/areadata/area_map_tex/map_tex_set.narc,/fielddata/areadata/area_map_tex/map_tex_set.narc!/member_00018,0,/fielddata/areadata/area_map_tex/map_tex_set.narc,259,18,,587700,631100,587184,630584,43400,308dc899c43b237e12a248d62a7f589313881eac919c2ac9cc35cd1820b4bdb8,42545830fffe010088a9000010000100,,NSBTX texture,Confirmed,True,False,,,,,,,,,,False,False
/fielddata/areadata/area_map_tex/map_tex_set.narc,/fielddata/areadata/area_map_tex/map_tex_set.narc!/member_00019,0,/fielddata/areadata/area_map_tex/map_tex_set.narc,259,19,,631100,673100,630584,672584,42000,9103f182d11cad410825c5ce4f21cfc0cd3d627d0350977cdce800a094550d7a,42545830fffe010010a4000010000100,,NSBTX texture,Confirmed,True,False,,,,,,,,,,False,False
/fielddata/areadata/area_map_tex/map_tex_set.narc,/fielddata/areadata/area_map_tex/map_tex_set.narc!/member_00020,0,/fielddata/areadata/area_map_tex/map_tex_set.narc,259,20,,673100,679644,672584,679128,6544,a36febe3781955938adc19b6a6b79d1c0b6f7a03fb7a48642f9641db46c6c740,42545830fffe01009019000010000100,,NSBTX texture,Confirmed,True,False,,,,,,,,,,False,False
/fielddata/areadata/area_map_tex/map_tex_set.narc,/fielddata/areadata/area_map_tex/map_tex_set.narc!/member_00021,0,/fielddata/areadata/area_map_tex/map_tex_set.narc,259,21,,679644,693376,679128,692860,13732,915de1140005fada3589275e86d4d4d2b34ce88116590a10980d546273588acc,42545830fffe0100a435000010000100,,NSBTX texture,Confirmed,True,False,,,,,,,,,,False,False
/fielddata/areadata/area_map_tex/map_tex_set.narc,/fielddata/areadata/area_map_tex/map_tex_set.narc!/member_00022,0,/fielddata/areadata/area_map_tex/map_tex_set.narc,259,22,,693376,695860,692860,695344,2484,f159baaa56ca907843ab95a77e2ecc07fb15bcf1f357a859edf93b6641d2f010,42545830fffe0100b409000010000100,,NSBTX texture,Confirmed,True,False,,,,,,,,,,False,False
/fielddata/areadata/area_map_tex/map_tex_set.narc,/fielddata/areadata/area_map_tex/map_tex_set.narc!/member_00023,0,/fielddata/areadata/area_map_tex/map_tex_set.narc,259,23,,695860,698488,695344,697972,2628,a6c236bc6dd71f16a81ce291de98f5ca1e8db2fcf0cca5a4c60a693b1e4ca47f,42545830fffe0100440a000010000100,,NSBTX texture,Confirmed,True,False,,,,,,,,,,False,False
/fielddata/areadata/area_map_tex/map_tex_set.narc,/fielddata/areadata/area_map_tex/map_tex_set.narc!/member_00024,0,/fielddata/areadata/area_map_tex/map_tex_set.narc,259,24,,698488,700652,697972,700136,2164,8b2d204fb9b0d2c7ae16b3b7bbdc96af477d2dc4b51ba17a6a3251c0589f0de4,42545830fffe01007408000010000100,,NSBTX texture,Confirmed,True,False,,,,,,,,,,False,False
/fielddata/areadata/area_map_tex/map_tex_set.narc,/fielddata/areadata/area_map_tex/map_tex_set.narc!/member_00025,0,/fielddata/areadata/area_map_tex/map_tex_set.narc,259,25,,700652,714700,700136,714184,14048,c466e8790189fc8df58b758e78c88cd479985ab92975d370502333a15c39c68d,42545830fffe0100e036000010000100,,NSBTX texture,Confirmed,True,False,,,,,,,,,,False,False
/fielddata/areadata/area_map_tex/map_tex_set.narc,/fielddata/areadata/area_map_tex/map_tex_set.narc!/member_00026,0,/fielddata/areadata/area_map_tex/map_tex_set.narc,259,26,,714700,717116,714184,716600,2416,e410128ff0e7bfbd93c894c6a88cd42c6cd367892dc41ef3bcb5f5f4519465cc,42545830fffe01007009000010000100,,NSBTX texture,Confirmed,True,False,,,,,,,,,,False,False
/fielddata/areadata/area_map_tex/map_tex_set.narc,/fielddata/areadata/area_map_tex/map_tex_set.narc!/member_00027,0,/fielddata/areadata/area_map_tex/map_tex_set.narc,259,27,,717116,719752,716600,719236,2636,8f3bc3cdf864eda9facc589f542871123709528f26fff5021ac4b4428fa20c03,42545830fffe01004c0a000010000100,,NSBTX texture,Confirmed,True,False,,,,,,,,,,False,False
/fielddata/areadata/area_map_tex/map_tex_set.narc,/fielddata/areadata/area_map_tex/map_tex_set.narc!/member_00028,0,/fielddata/areadata/area_map_tex/map_tex_set.narc,259,28,,719752,723396,719236,722880,3644,fc36f82f1357f970eee40a2dbfb6505f6e2ac2db2add91a8e7de4cf086ab9a67,42545830fffe01003c0e000010000100,,NSBTX texture,Confirmed,True,False,,,,,,,,,,False,False
/fielddata/areadata/area_map_tex/map_tex_set.narc,/fielddata/areadata/area_map_tex/map_tex_set.narc!/member_00029,0,/fielddata/areadata/area_map_tex/map_tex_set.narc,259,29,,723396,731360,722880,730844,7964,149e933ce53b5d63fbaa9ae9b2aefd658ae19a6bbf82c321fad9dd03cc1d54b6,42545830fffe01001c1f000010000100,,NSBTX texture,Confirmed,True,False,,,,,,,,,,False,False
/fielddata/areadata/area_map_tex/map_tex_set.narc,/fielddata/areadata/area_map_tex/map_tex_set.narc!/member_00030,0,/fielddata/areadata/area_map_tex/map_tex_set.narc,259,30,,731360,738684,730844,738168,7324,170ef27a3b5b37cce202f706acae1cdaceeeaa8935b3fbe3c0cfb4486e8f1ec1,42545830fffe01009c1c000010000100,,NSBTX texture,Confirmed,True,False,,,,,,,,,,False,False
/fielddata/areadata/area_map_tex/map_tex_set.narc,/fielddata/areadata/area_map_tex/map_tex_set.narc!/member_00031,0,/fielddata/areadata/area_map_tex/map_tex_set.narc,259,31,,738684,755524,738168,755008,16840,a11e5f2604ce708f6a57e6105d24079fb4751f1c4d432bb4efb05d25df9a3d18,42545830fffe0100c841000010000100,,NSBTX texture,Confirmed,True,False,,,,,,,,,,False,False
/fielddata/areadata/area_map_tex/map_tex_set.narc,/fielddata/areadata/area_map_tex/map_tex_set.narc!/member_00032,0,/fielddata/areadata/area_map_tex/map_tex_set.narc,259,32,,755524,761272,755008,760756,5748,1997ebfbff18c43645a6429c26919029a1a5adf894515de33ca98d8844b7c105,42545830fffe01007416000010000100,,NSBTX texture,Confirmed,True,False,,,,,,,,,,False,False
/fielddata/areadata/area_map_tex/map_tex_set.narc,/fielddata/areadata/area_map_tex/map_tex_set.narc!/member_00033,0,/fielddata/areadata/area_map_tex/map_tex_set.narc,259,33,,761272,766716,760756,766200,5444,3254ce30643d98e464e487c8aeff8d744f05b4f6e2aed825c2862f27dd6bc62f,42545830fffe01004415000010000100,,NSBTX texture,Confirmed,True,False,,,,,,,,,,False,False
/fielddata/areadata/area_map_tex/map_tex_set.narc,/fielddata/areadata/area_map_tex/map_tex_set.narc!/member_00034,0,/fielddata/areadata/area_map_tex/map_tex_set.narc,259,34,,766716,791256,766200,790740,24540,867e65232eb962c0d9ae6d5ead2884b68ab1beccb54f423dc0b7aa8df7021a7e,42545830fffe0100dc5f000010000100,,NSBTX texture,Confirmed,True,False,,,,,,,,,,False,False
/fielddata/areadata/area_map_tex/map_tex_set.narc,/fielddata/areadata/area_map_tex/map_tex_set.narc!/member_00035,0,/fielddata/areadata/area_map_tex/map_tex_set.narc,259,35,,791256,795184,790740,794668,3928,b20bef2a39ce2d5ad01c6b1a03211e8be61f9fa452edf3aac68739c45df6e115,42545830fffe0100580f000010000100,,NSBTX texture,Confirmed,True,False,,,,,,,,,,False,False
/fielddata/areadata/area_map_tex/map_tex_set.narc,/fielddata/areadata/area_map_tex/map_tex_set.narc!/member_00036,0,/fielddata/areadata/area_map_tex/map_tex_set.narc,259,36,,795184,802488,794668,801972,7304,29fd7b0bc0d81f86f6ae4cbb8634ff26229d33536578f2c8dbeaab83142dadf2,42545830fffe0100881c000010000100,,NSBTX texture,Confirmed,True,False,,,,,,,,,,False,False
/fielddata/areadata/area_map_tex/map_tex_set.narc,/fielddata/areadata/area_map_tex/map_tex_set.narc!/member_00037,0,/fielddata/areadata/area_map_tex/map_tex_set.narc,259,37,,802488,817272,801972,816756,14784,a0ff9793ebf196b661e0afbafd00d519ae9d317b34825d06050f1088de872a13,42545830fffe0100c039000010000100,,NSBTX texture,Confirmed,True,False,,,,,,,,,,False,False
/fielddata/areadata/area_map_tex/map_tex_set.narc,/fielddata/areadata/area_map_tex/map_tex_set.narc!/member_00038,0,/fielddata/areadata/area_map_tex/map_tex_set.narc,259,38,,817272,820452,816756,819936,3180,795447c5ac2a6d259486e40034f4b845c30ef50fb67631e5ffec193b9eacd318,42545830fffe01006c0c000010000100,,NSBTX texture,Confirmed,True,False,,,,,,,,,,False,False
/fielddata/areadata/area_map_tex/map_tex_set.narc,/fielddata/areadata/area_map_tex/map_tex_set.narc!/member_00039,0,/fielddata/areadata/area_map_tex/map_tex_set.narc,259,39,,820452,822784,819936,822268,2332,18d8924aa3c8c9895aacac59a49ae3588e2d87975e239a51807956df564a2709,42545830fffe01001c09000010000100,,NSBTX texture,Confirmed,True,False,,,,,,,,,,False,False
/fielddata/areadata/area_map_tex/map_tex_set.narc,/fielddata/areadata/area_map_tex/map_tex_set.narc!/member_00040,0,/fielddata/areadata/area_map_tex/map_tex_set.narc,259,40,,822784,827700,822268,827184,4916,8e16b2304af75fe433c3b113662c387c2908618a9ae8b32eec049bbf63ba85e6,42545830fffe01003413000010000100,,NSBTX texture,Confirmed,True,False,,,,,,,,,,False,False
/fielddata/areadata/area_map_tex/map_tex_set.narc,/fielddata/areadata/area_map_tex/map_tex_set.narc!/member_00041,0,/fielddata/areadata/area_map_tex/map_tex_set.narc,259,41,,827700,832500,827184,831984,4800,b8036c62c6fbe83330cfbbf0ad4f758d53b0eb75b5bf5905a57a82a3963b9754,42545830fffe0100c012000010000100,,NSBTX texture,Confirmed,True,False,,,,,,,,,,False,False
/fielddata/areadata/area_map_tex/map_tex_set.narc,/fielddata/areadata/area_map_tex/map_tex_set.narc!/member_00042,0,/fielddata/areadata/area_map_tex/map_tex_set.narc,259,42,,832500,852624,831984,852108,20124,e82d826a0c08bcd3a2cc0b27de8e6e6d8545057da5b73672f9f810be2f70f26c,42545830fffe01009c4e000010000100,,NSBTX texture,Confirmed,True,False,,,,,,,,,,False,False
/fielddata/areadata/area_map_tex/map_tex_set.narc,/fielddata/areadata/area_map_tex/map_tex_set.narc!/member_00043,0,/fielddata/areadata/area_map_tex/map_tex_set.narc,259,43,,852624,894004,852108,893488,41380,fad0abe8a0ba5dde329057beec48584be8d4bc4b2132b37c5e430d2820e0662f,42545830fffe0100a4a1000010000100,,NSBTX texture,Confirmed,True,False,,,,,,,,,,False,False
/fielddata/areadata/area_map_tex/map_tex_set.narc,/fielddata/areadata/area_map_tex/map_tex_set.narc!/member_00044,0,/fielddata/areadata/area_map_tex/map_tex_set.narc,259,44,,894004,914188,893488,913672,20184,195d6df2e41043ce600076277b13b698687f84891cd5cca0c0daddf5f973cdf2,42545830fffe0100d84e000010000100,,NSBTX texture,Confirmed,True,False,,,,,,,,,,False,False
/fielddata/areadata/area_map_tex/map_tex_set.narc,/fielddata/areadata/area_map_tex/map_tex_set.narc!/member_00045,0,/fielddata/areadata/area_map_tex/map_tex_set.narc,259,45,,914188,929700,913672,929184,15512,7a2c9dce50547596e15166927e3b8dc6681189cad6b6eb7ad17a3fd2fbfeffaf,42545830fffe0100983c000010000100,,NSBTX texture,Confirmed,True,False,,,,,,,,,,False,False
/fielddata/areadata/area_map_tex/map_tex_set.narc,/fielddata/areadata/area_map_tex/map_tex_set.narc!/member_00046,0,/fielddata/areadata/area_map_tex/map_tex_set.narc,259,46,,929700,946640,929184,946124,16940,358eba11bf0a6dd5f2eaaf3454ca0c166ca33ec4fb766b452300650806722053,42545830fffe01002c42000010000100,,NSBTX texture,Confirmed,True,False,,,,,,,,,,False,False
/fielddata/areadata/area_map_tex/map_tex_set.narc,/fielddata/areadata/area_map_tex/map_tex_set.narc!/member_00047,0,/fielddata/areadata/area_map_tex/map_tex_set.narc,259,47,,946640,958068,946124,957552,11428,ee589f825bb920eb0335f38bb8eb36ff252ebbe4f56f8c045af17f1ab9414c5b,42545830fffe0100a42c000010000100,,NSBTX texture,Confirmed,True,False,,,,,,,,,,False,False
/fielddata/areadata/area_map_tex/map_tex_set.narc,/fielddata/areadata/area_map_tex/map_tex_set.narc!/member_00048,0,/fielddata/areadata/area_map_tex/map_tex_set.narc,259,48,,958068,998416,957552,997900,40348,0677d849c74328782237e5ec050b9f2b3e73c627c53657c40f9615207cf971e2,42545830fffe01009c9d000010000100,,NSBTX texture,Confirmed,True,False,,,,,,,,,,False,False
/fielddata/areadata/area_map_tex/map_tex_set.narc,/fielddata/areadata/area_map_tex/map_tex_set.narc!/member_00049,0,/fielddata/areadata/area_map_tex/map_tex_set.narc,259,49,,998416,1043908,997900,1043392,45492,e7299605bd4cbe89a24f2d8e985511adef1f62d546b7fb59f02229a4f3450b1e,42545830fffe0100b4b1000010000100,,NSBTX texture,Confirmed,True,False,,,,,,,,,,False,False
/fielddata/areadata/area_map_tex/map_tex_set.narc,/fielddata/areadata/area_map_tex/map_tex_set.narc!/member_00050,0,/fielddata/areadata/area_map_tex/map_tex_set.narc,259,50,,1043908,1084256,1043392,1083740,40348,0677d849c74328782237e5ec050b9f2b3e73c627c53657c40f9615207cf971e2,42545830fffe01009c9d000010000100,,NSBTX texture,Confirmed,True,False,,,,,,,,,,False,False
/fielddata/areadata/area_map_tex/map_tex_set.narc,/fielddata/areadata/area_map_tex/map_tex_set.narc!/member_00051,0,/fielddata/areadata/area_map_tex/map_tex_set.narc,259,51,,1084256,1126744,1083740,1126228,42488,0a4b9a654776f5d64eeb49e63994fd2cceea49146848aa32197ae527eb3a8963,42545830fffe0100f8a5000010000100,,NSBTX texture,Confirmed,True,False,,,,,,,,,,False,False
/fielddata/areadata/area_map_tex/map_tex_set.narc,/fielddata/areadata/area_map_tex/map_tex_set.narc!/member_00052,0,/fielddata/areadata/area_map_tex/map_tex_set.narc,259,52,,1126744,1173064,1126228,1172548,46320,2ea595f7757f6e3c3f6dbe55153e13812772df027db5e5ffba13a8c68985c2b0,42545830fffe0100f0b4000010000100,,NSBTX texture,Confirmed,True,False,,,,,,,,,,False,False
/fielddata/areadata/area_map_tex/map_tex_set.narc,/fielddata/areadata/area_map_tex/map_tex_set.narc!/member_00053,0,/fielddata/areadata/area_map_tex/map_tex_set.narc,259,53,,1173064,1213412,1172548,1212896,40348,0677d849c74328782237e5ec050b9f2b3e73c627c53657c40f9615207cf971e2,42545830fffe01009c9d000010000100,,NSBTX texture,Confirmed,True,False,,,,,,,,,,False,False
/fielddata/areadata/area_map_tex/map_tex_set.narc,/fielddata/areadata/area_map_tex/map_tex_set.narc!/member_00054,0,/fielddata/areadata/area_map_tex/map_tex_set.narc,259,54,,1213412,1233300,1212896,1232784,19888,f97f3ccfad7d21ef286c36386a9ebe2e8ac207540ecb00a19c7e86a050d9b173,42545830fffe0100b04d000010000100,,NSBTX texture,Confirmed,True,False,,,,,,,,,,False,False
/fielddata/areadata/area_map_tex/map_tex_set.narc,/fielddata/areadata/area_map_tex/map_tex_set.narc!/member_00055,0,/fielddata/areadata/area_map_tex/map_tex_set.narc,259,55,,1233300,1248132,1232784,1247616,14832,c88c1441df9fedda5ec038350182b16297793c65d42c398e195f67a3e82ac4b0,42545830fffe0100f039000010000100,,NSBTX texture,Confirmed,True,False,,,,,,,,,,False,False
/fielddata/areadata/area_map_tex/map_tex_set.narc,/fielddata/areadata/area_map_tex/map_tex_set.narc!/member_00056,0,/fielddata/areadata/area_map_tex/map_tex_set.narc,259,56,,1248132,1250112,1247616,1249596,1980,c23bc9cf769adbc38d26a5dec05dab696a3b188054d871b67bc9a4e8b2a18893,42545830fffe0100bc07000010000100,,NSBTX texture,Confirmed,True,False,,,,,,,,,,False,False
/fielddata/areadata/area_map_tex/map_tex_set.narc,/fielddata/areadata/area_map_tex/map_tex_set.narc!/member_00057,0,/fielddata/areadata/area_map_tex/map_tex_set.narc,259,57,,1250112,1256784,1249596,1256268,6672,cfaafc1cdf0d1a2d0f8f358f0c995f36f36502d52c870773251cd21f794fe00f,42545830fffe0100101a000010000100,,NSBTX texture,Confirmed,True,False,,,,,,,,,,False,False
/fielddata/areadata/area_move_model/move_model_list.narc,/fielddata/areadata/area_move_model/move_model_list.narc!/member_00000,0,/fielddata/areadata/area_move_model/move_model_list.narc,260,0,,524,528,0,4,4,08efea1c0957a5a1fe019e6edb21fdc9fbe5de2213487eab7a05e06eca1c9784,ffff0000,,,,,False,,,,,,,,,,False,False
/fielddata/areadata/area_move_model/move_model_list.narc,/fielddata/areadata/area_move_model/move_model_list.narc!/member_00001,0,/fielddata/areadata/area_move_model/move_model_list.narc,260,1,,528,532,4,8,4,08efea1c0957a5a1fe019e6edb21fdc9fbe5de2213487eab7a05e06eca1c9784,ffff0000,,,,,False,,,,,,,,,,False,False
/fielddata/areadata/area_move_model/move_model_list.narc,/fielddata/areadata/area_move_model/move_model_list.narc!/member_00002,0,/fielddata/areadata/area_move_model/move_model_list.narc,260,2,,532,536,8,12,4,08efea1c0957a5a1fe019e6edb21fdc9fbe5de2213487eab7a05e06eca1c9784,ffff0000,,,,,False,,,,,,,,,,False,False
/fielddata/areadata/area_move_model/move_model_list.narc,/fielddata/areadata/area_move_model/move_model_list.narc!/member_00003,0,/fielddata/areadata/area_move_model/move_model_list.narc,260,3,,536,540,12,16,4,08efea1c0957a5a1fe019e6edb21fdc9fbe5de2213487eab7a05e06eca1c9784,ffff0000,,,,,False,,,,,,,,,,False,False
/fielddata/areadata/area_move_model/move_model_list.narc,/fielddata/areadata/area_move_model/move_model_list.narc!/member_00004,0,/fielddata/areadata/area_move_model/move_model_list.narc,260,4,,540,544,16,20,4,08efea1c0957a5a1fe019e6edb21fdc9fbe5de2213487eab7a05e06eca1c9784,ffff0000,,,,,False,,,,,,,,,,False,False
/fielddata/areadata/area_move_model/move_model_list.narc,/fielddata/areadata/area_move_model/move_model_list.narc!/member_00005,0,/fielddata/areadata/area_move_model/move_model_list.narc,260,5,,544,588,20,64,44,63750c74b6f9b34bac60bda2b42b4f90db9a41946300223955144d2e109f746b,01000200030004000500060007000800,,,,,False,,,,,,,,,,False,False
/fielddata/areadata/area_move_model/move_model_list.narc,/fielddata/areadata/area_move_model/move_model_list.narc!/member_00006,0,/fielddata/areadata/area_move_model/move_model_list.narc,260,6,,588,632,64,108,44,63750c74b6f9b34bac60bda2b42b4f90db9a41946300223955144d2e109f746b,01000200030004000500060007000800,,,,,False,,,,,,,,,,False,False
/fielddata/areadata/area_move_model/move_model_list.narc,/fielddata/areadata/area_move_model/move_model_list.narc!/member_00007,0,/fielddata/areadata/area_move_model/move_model_list.narc,260,7,,632,676,108,152,44,63750c74b6f9b34bac60bda2b42b4f90db9a41946300223955144d2e109f746b,01000200030004000500060007000800,,,,,False,,,,,,,,,,False,False
/fielddata/areadata/area_move_model/move_model_list.narc,/fielddata/areadata/area_move_model/move_model_list.narc!/member_00008,0,/fielddata/areadata/area_move_model/move_model_list.narc,260,8,,676,720,152,196,44,63750c74b6f9b34bac60bda2b42b4f90db9a41946300223955144d2e109f746b,01000200030004000500060007000800,,,,,False,,,,,,,,,,False,False
/fielddata/areadata/area_move_model/move_model_list.narc,/fielddata/areadata/area_move_model/move_model_list.narc!/member_00009,0,/fielddata/areadata/area_move_model/move_model_list.narc,260,9,,720,764,196,240,44,63750c74b6f9b34bac60bda2b42b4f90db9a41946300223955144d2e109f746b,01000200030004000500060007000800,,,,,False,,,,,,,,,,False,False
/fielddata/areadata/area_move_model/move_model_list.narc,/fielddata/areadata/area_move_model/move_model_list.narc!/member_00010,0,/fielddata/areadata/area_move_model/move_model_list.narc,260,10,,764,808,240,284,44,63750c74b6f9b34bac60bda2b42b4f90db9a41946300223955144d2e109f746b,01000200030004000500060007000800,,,,,False,,,,,,,,,,False,False
/fielddata/areadata/area_move_model/move_model_list.narc,/fielddata/areadata/area_move_model/move_model_list.narc!/member_00011,0,/fielddata/areadata/area_move_model/move_model_list.narc,260,11,,808,852,284,328,44,63750c74b6f9b34bac60bda2b42b4f90db9a41946300223955144d2e109f746b,01000200030004000500060007000800,,,,,False,,,,,,,,,,False,False
/fielddata/areadata/area_move_model/move_model_list.narc,/fielddata/areadata/area_move_model/move_model_list.narc!/member_00012,0,/fielddata/areadata/area_move_model/move_model_list.narc,260,12,,852,896,328,372,44,63750c74b6f9b34bac60bda2b42b4f90db9a41946300223955144d2e109f746b,01000200030004000500060007000800,,,,,False,,,,,,,,,,False,False
/fielddata/areadata/area_move_model/move_model_list.narc,/fielddata/areadata/area_move_model/move_model_list.narc!/member_00013,0,/fielddata/areadata/area_move_model/move_model_list.narc,260,13,,896,940,372,416,44,63750c74b6f9b34bac60bda2b42b4f90db9a41946300223955144d2e109f746b,01000200030004000500060007000800,,,,,False,,,,,,,,,,False,False
/fielddata/areadata/area_move_model/move_model_list.narc,/fielddata/areadata/area_move_model/move_model_list.narc!/member_00014,0,/fielddata/areadata/area_move_model/move_model_list.narc,260,14,,940,984,416,460,44,63750c74b6f9b34bac60bda2b42b4f90db9a41946300223955144d2e109f746b,01000200030004000500060007000800,,,,,False,,,,,,,,,,False,False
/fielddata/areadata/area_move_model/move_model_list.narc,/fielddata/areadata/area_move_model/move_model_list.narc!/member_00015,0,/fielddata/areadata/area_move_model/move_model_list.narc,260,15,,984,1028,460,504,44,63750c74b6f9b34bac60bda2b42b4f90db9a41946300223955144d2e109f746b,01000200030004000500060007000800,,,,,False,,,,,,,,,,False,False
/fielddata/areadata/area_move_model/move_model_list.narc,/fielddata/areadata/area_move_model/move_model_list.narc!/member_00016,0,/fielddata/areadata/area_move_model/move_model_list.narc,260,16,,1028,1072,504,548,44,63750c74b6f9b34bac60bda2b42b4f90db9a41946300223955144d2e109f746b,01000200030004000500060007000800,,,,,False,,,,,,,,,,False,False
/fielddata/areadata/area_move_model/move_model_list.narc,/fielddata/areadata/area_move_model/move_model_list.narc!/member_00017,0,/fielddata/areadata/area_move_model/move_model_list.narc,260,17,,1072,1076,548,552,4,08efea1c0957a5a1fe019e6edb21fdc9fbe5de2213487eab7a05e06eca1c9784,ffff0000,,,,,False,,,,,,,,,,False,False
/fielddata/areadata/area_move_model/move_model_list.narc,/fielddata/areadata/area_move_model/move_model_list.narc!/member_00018,0,/fielddata/areadata/area_move_model/move_model_list.narc,260,18,,1076,1080,552,556,4,08efea1c0957a5a1fe019e6edb21fdc9fbe5de2213487eab7a05e06eca1c9784,ffff0000,,,,,False,,,,,,,,,,False,False
/fielddata/areadata/area_move_model/move_model_list.narc,/fielddata/areadata/area_move_model/move_model_list.narc!/member_00019,0,/fielddata/areadata/area_move_model/move_model_list.narc,260,19,,1080,1084,556,560,4,08efea1c0957a5a1fe019e6edb21fdc9fbe5de2213487eab7a05e06eca1c9784,ffff0000,,,,,False,,,,,,,,,,False,False
/fielddata/areadata/area_move_model/move_model_list.narc,/fielddata/areadata/area_move_model/move_model_list.narc!/member_00020,0,/fielddata/areadata/area_move_model/move_model_list.narc,260,20,,1084,1088,560,564,4,08efea1c0957a5a1fe019e6edb21fdc9fbe5de2213487eab7a05e06eca1c9784,ffff0000,,,,,False,,,,,,,,,,False,False
/fielddata/areadata/area_move_model/move_model_list.narc,/fielddata/areadata/area_move_model/move_model_list.narc!/member_00021,0,/fielddata/areadata/area_move_model/move_model_list.narc,260,21,,1088,1092,564,568,4,08efea1c0957a5a1fe019e6edb21fdc9fbe5de2213487eab7a05e06eca1c9784,ffff0000,,,,,False,,,,,,,,,,False,False
/fielddata/areadata/area_move_model/move_model_list.narc,/fielddata/areadata/area_move_model/move_model_list.narc!/member_00022,0,/fielddata/areadata/area_move_model/move_model_list.narc,260,22,,1092,1096,568,572,4,08efea1c0957a5a1fe019e6edb21fdc9fbe5de2213487eab7a05e06eca1c9784,ffff0000,,,,,False,,,,,,,,,,False,False
/fielddata/areadata/area_move_model/move_model_list.narc,/fielddata/areadata/area_move_model/move_model_list.narc!/member_00023,0,/fielddata/areadata/area_move_model/move_model_list.narc,260,23,,1096,1100,572,576,4,08efea1c0957a5a1fe019e6edb21fdc9fbe5de2213487eab7a05e06eca1c9784,ffff0000,,,,,False,,,,,,,,,,False,False
/fielddata/areadata/area_move_model/move_model_list.narc,/fielddata/areadata/area_move_model/move_model_list.narc!/member_00024,0,/fielddata/areadata/area_move_model/move_model_list.narc,260,24,,1100,1104,576,580,4,08efea1c0957a5a1fe019e6edb21fdc9fbe5de2213487eab7a05e06eca1c9784,ffff0000,,,,,False,,,,,,,,,,False,False
/fielddata/areadata/area_move_model/move_model_list.narc,/fielddata/areadata/area_move_model/move_model_list.narc!/member_00025,0,/fielddata/areadata/area_move_model/move_model_list.narc,260,25,,1104,1108,580,584,4,08efea1c0957a5a1fe019e6edb21fdc9fbe5de2213487eab7a05e06eca1c9784,ffff0000,,,,,False,,,,,,,,,,False,False
/fielddata/areadata/area_move_model/move_model_list.narc,/fielddata/areadata/area_move_model/move_model_list.narc!/member_00026,0,/fielddata/areadata/area_move_model/move_model_list.narc,260,26,,1108,1112,584,588,4,08efea1c0957a5a1fe019e6edb21fdc9fbe5de2213487eab7a05e06eca1c9784,ffff0000,,,,,False,,,,,,,,,,False,False
/fielddata/areadata/area_move_model/move_model_list.narc,/fielddata/areadata/area_move_model/move_model_list.narc!/member_00027,0,/fielddata/areadata/area_move_model/move_model_list.narc,260,27,,1112,1116,588,592,4,08efea1c0957a5a1fe019e6edb21fdc9fbe5de2213487eab7a05e06eca1c9784,ffff0000,,,,,False,,,,,,,,,,False,False
/fielddata/areadata/area_move_model/move_model_list.narc,/fielddata/areadata/area_move_model/move_model_list.narc!/member_00028,0,/fielddata/areadata/area_move_model/move_model_list.narc,260,28,,1116,1120,592,596,4,08efea1c0957a5a1fe019e6edb21fdc9fbe5de2213487eab7a05e06eca1c9784,ffff0000,,,,,False,,,,,,,,,,False,False
/fielddata/areadata/area_move_model/move_model_list.narc,/fielddata/areadata/area_move_model/move_model_list.narc!/member_00029,0,/fielddata/areadata/area_move_model/move_model_list.narc,260,29,,1120,1124,596,600,4,08efea1c0957a5a1fe019e6edb21fdc9fbe5de2213487eab7a05e06eca1c9784,ffff0000,,,,,False,,,,,,,,,,False,False
/fielddata/areadata/area_move_model/move_model_list.narc,/fielddata/areadata/area_move_model/move_model_list.narc!/member_00030,0,/fielddata/areadata/area_move_model/move_model_list.narc,260,30,,1124,1128,600,604,4,08efea1c0957a5a1fe019e6edb21fdc9fbe5de2213487eab7a05e06eca1c9784,ffff0000,,,,,False,,,,,,,,,,False,False
/fielddata/areadata/area_move_model/move_model_list.narc,/fielddata/areadata/area_move_model/move_model_list.narc!/member_00031,0,/fielddata/areadata/area_move_model/move_model_list.narc,260,31,,1128,1132,604,608,4,08efea1c0957a5a1fe019e6edb21fdc9fbe5de2213487eab7a05e06eca1c9784,ffff0000,,,,,False,,,,,,,,,,False,False
/fielddata/areadata/area_move_model/move_model_list.narc,/fielddata/areadata/area_move_model/move_model_list.narc!/member_00032,0,/fielddata/areadata/area_move_model/move_model_list.narc,260,32,,1132,1136,608,612,4,08efea1c0957a5a1fe019e6edb21fdc9fbe5de2213487eab7a05e06eca1c9784,ffff0000,,,,,False,,,,,,,,,,False,False
/fielddata/areadata/area_move_model/move_model_list.narc,/fielddata/areadata/area_move_model/move_model_list.narc!/member_00033,0,/fielddata/areadata/area_move_model/move_model_list.narc,260,33,,1136,1140,612,616,4,08efea1c0957a5a1fe019e6edb21fdc9fbe5de2213487eab7a05e06eca1c9784,ffff0000,,,,,False,,,,,,,,,,False,False
/fielddata/areadata/area_move_model/move_model_list.narc,/fielddata/areadata/area_move_model/move_model_list.narc!/member_00034,0,/fielddata/areadata/area_move_model/move_model_list.narc,260,34,,1140,1144,616,620,4,08efea1c0957a5a1fe019e6edb21fdc9fbe5de2213487eab7a05e06eca1c9784,ffff0000,,,,,False,,,,,,,,,,False,False
/fielddata/areadata/area_move_model/move_model_list.narc,/fielddata/areadata/area_move_model/move_model_list.narc!/member_00035,0,/fielddata/areadata/area_move_model/move_model_list.narc,260,35,,1144,1148,620,624,4,08efea1c0957a5a1fe019e6edb21fdc9fbe5de2213487eab7a05e06eca1c9784,ffff0000,,,,,False,,,,,,,,,,False,False
/fielddata/areadata/area_move_model/move_model_list.narc,/fielddata/areadata/area_move_model/move_model_list.narc!/member_00036,0,/fielddata/areadata/area_move_model/move_model_list.narc,260,36,,1148,1152,624,628,4,08efea1c0957a5a1fe019e6edb21fdc9fbe5de2213487eab7a05e06eca1c9784,ffff0000,,,,,False,,,,,,,,,,False,False
/fielddata/areadata/area_move_model/move_model_list.narc,/fielddata/areadata/area_move_model/move_model_list.narc!/member_00037,0,/fielddata/areadata/area_move_model/move_model_list.narc,260,37,,1152,1156,628,632,4,08efea1c0957a5a1fe019e6edb21fdc9fbe5de2213487eab7a05e06eca1c9784,ffff0000,,,,,False,,,,,,,,,,False,False
/fielddata/areadata/area_move_model/move_model_list.narc,/fielddata/areadata/area_move_model/move_model_list.narc!/member_00038,0,/fielddata/areadata/area_move_model/move_model_list.narc,260,38,,1156,1160,632,636,4,08efea1c0957a5a1fe019e6edb21fdc9fbe5de2213487eab7a05e06eca1c9784,ffff0000,,,,,False,,,,,,,,,,False,False
/fielddata/areadata/area_move_model/move_model_list.narc,/fielddata/areadata/area_move_model/move_model_list.narc!/member_00039,0,/fielddata/areadata/area_move_model/move_model_list.narc,260,39,,1160,1164,636,640,4,08efea1c0957a5a1fe019e6edb21fdc9fbe5de2213487eab7a05e06eca1c9784,ffff0000,,,,,False,,,,,,,,,,False,False
/fielddata/areadata/area_move_model/move_model_list.narc,/fielddata/areadata/area_move_model/move_model_list.narc!/member_00040,0,/fielddata/areadata/area_move_model/move_model_list.narc,260,40,,1164,1168,640,644,4,08efea1c0957a5a1fe019e6edb21fdc9fbe5de2213487eab7a05e06eca1c9784,ffff0000,,,,,False,,,,,,,,,,False,False
/fielddata/areadata/area_move_model/move_model_list.narc,/fielddata/areadata/area_move_model/move_model_list.narc!/member_00041,0,/fielddata/areadata/area_move_model/move_model_list.narc,260,41,,1168,1172,644,648,4,08efea1c0957a5a1fe019e6edb21fdc9fbe5de2213487eab7a05e06eca1c9784,ffff0000,,,,,False,,,,,,,,,,False,False
/fielddata/areadata/area_move_model/move_model_list.narc,/fielddata/areadata/area_move_model/move_model_list.narc!/member_00042,0,/fielddata/areadata/area_move_model/move_model_list.narc,260,42,,1172,1176,648,652,4,08efea1c0957a5a1fe019e6edb21fdc9fbe5de2213487eab7a05e06eca1c9784,ffff0000,,,,,False,,,,,,,,,,False,False
/fielddata/areadata/area_move_model/move_model_list.narc,/fielddata/areadata/area_move_model/move_model_list.narc!/member_00043,0,/fielddata/areadata/area_move_model/move_model_list.narc,260,43,,1176,1180,652,656,4,08efea1c0957a5a1fe019e6edb21fdc9fbe5de2213487eab7a05e06eca1c9784,ffff0000,,,,,False,,,,,,,,,,False,False
/fielddata/areadata/area_move_model/move_model_list.narc,/fielddata/areadata/area_move_model/move_model_list.narc!/member_00044,0,/fielddata/areadata/area_move_model/move_model_list.narc,260,44,,1180,1184,656,660,4,08efea1c0957a5a1fe019e6edb21fdc9fbe5de2213487eab7a05e06eca1c9784,ffff0000,,,,,False,,,,,,,,,,False,False
/fielddata/areadata/area_move_model/move_model_list.narc,/fielddata/areadata/area_move_model/move_model_list.narc!/member_00045,0,/fielddata/areadata/area_move_model/move_model_list.narc,260,45,,1184,1188,660,664,4,08efea1c0957a5a1fe019e6edb21fdc9fbe5de2213487eab7a05e06eca1c9784,ffff0000,,,,,False,,,,,,,,,,False,False
/fielddata/areadata/area_move_model/move_model_list.narc,/fielddata/areadata/area_move_model/move_model_list.narc!/member_00046,0,/fielddata/areadata/area_move_model/move_model_list.narc,260,46,,1188,1192,664,668,4,08efea1c0957a5a1fe019e6edb21fdc9fbe5de2213487eab7a05e06eca1c9784,ffff0000,,,,,False,,,,,,,,,,False,False
/fielddata/areadata/area_move_model/move_model_list.narc,/fielddata/areadata/area_move_model/move_model_list.narc!/member_00047,0,/fielddata/areadata/area_move_model/move_model_list.narc,260,47,,1192,1196,668,672,4,08efea1c0957a5a1fe019e6edb21fdc9fbe5de2213487eab7a05e06eca1c9784,ffff0000,,,,,False,,,,,,,,,,False,False
/fielddata/areadata/area_move_model/move_model_list.narc,/fielddata/areadata/area_move_model/move_model_list.narc!/member_00048,0,/fielddata/areadata/area_move_model/move_model_list.narc,260,48,,1196,1200,672,676,4,08efea1c0957a5a1fe019e6edb21fdc9fbe5de2213487eab7a05e06eca1c9784,ffff0000,,,,,False,,,,,,,,,,False,False
/fielddata/areadata/area_move_model/move_model_list.narc,/fielddata/areadata/area_move_model/move_model_list.narc!/member_00049,0,/fielddata/areadata/area_move_model/move_model_list.narc,260,49,,1200,1204,676,680,4,08efea1c0957a5a1fe019e6edb21fdc9fbe5de2213487eab7a05e06eca1c9784,ffff0000,,,,,False,,,,,,,,,,False,False
/fielddata/areadata/area_move_model/move_model_list.narc,/fielddata/areadata/area_move_model/move_model_list.narc!/member_00050,0,/fielddata/areadata/area_move_model/move_model_list.narc,260,50,,1204,1208,680,684,4,08efea1c0957a5a1fe019e6edb21fdc9fbe5de2213487eab7a05e06eca1c9784,ffff0000,,,,,False,,,,,,,,,,False,False
/fielddata/areadata/area_move_model/move_model_list.narc,/fielddata/areadata/area_move_model/move_model_list.narc!/member_00051,0,/fielddata/areadata/area_move_model/move_model_list.narc,260,51,,1208,1212,684,688,4,08efea1c0957a5a1fe019e6edb21fdc9fbe5de2213487eab7a05e06eca1c9784,ffff0000,,,,,False,,,,,,,,,,False,False
/fielddata/areadata/area_move_model/move_model_list.narc,/fielddata/areadata/area_move_model/move_model_list.narc!/member_00052,0,/fielddata/areadata/area_move_model/move_model_list.narc,260,52,,1212,1216,688,692,4,08efea1c0957a5a1fe019e6edb21fdc9fbe5de2213487eab7a05e06eca1c9784,ffff0000,,,,,False,,,,,,,,,,False,False
/fielddata/areadata/area_move_model/move_model_list.narc,/fielddata/areadata/area_move_model/move_model_list.narc!/member_00053,0,/fielddata/areadata/area_move_model/move_model_list.narc,260,53,,1216,1220,692,696,4,08efea1c0957a5a1fe019e6edb21fdc9fbe5de2213487eab7a05e06eca1c9784,ffff0000,,,,,False,,,,,,,,,,False,False
/fielddata/areadata/area_move_model/move_model_list.narc,/fielddata/areadata/area_move_model/move_model_list.narc!/member_00054,0,/fielddata/areadata/area_move_model/move_model_list.narc,260,54,,1220,1224,696,700,4,08efea1c0957a5a1fe019e6edb21fdc9fbe5de2213487eab7a05e06eca1c9784,ffff0000,,,,,False,,,,,,,,,,False,False
/fielddata/areadata/area_move_model/move_model_list.narc,/fielddata/areadata/area_move_model/move_model_list.narc!/member_00055,0,/fielddata/areadata/area_move_model/move_model_list.narc,260,55,,1224,1228,700,704,4,08efea1c0957a5a1fe019e6edb21fdc9fbe5de2213487eab7a05e06eca1c9784,ffff0000,,,,,False,,,,,,,,,,False,False
/fielddata/areadata/area_move_model/move_model_list.narc,/fielddata/areadata/area_move_model/move_model_list.narc!/member_00056,0,/fielddata/areadata/area_move_model/move_model_list.narc,260,56,,1228,1232,704,708,4,08efea1c0957a5a1fe019e6edb21fdc9fbe5de2213487eab7a05e06eca1c9784,ffff0000,,,,,False,,,,,,,,,,False,False
/fielddata/areadata/area_move_model/move_model_list.narc,/fielddata/areadata/area_move_model/move_model_list.narc!/member_00057,0,/fielddata/areadata/area_move_model/move_model_list.narc,260,57,,1232,1236,708,712,4,08efea1c0957a5a1fe019e6edb21fdc9fbe5de2213487eab7a05e06eca1c9784,ffff0000,,,,,False,,,,,,,,,,False,False
/fielddata/areadata/area_move_model/move_model_list.narc,/fielddata/areadata/area_move_model/move_model_list.narc!/member_00058,0,/fielddata/areadata/area_move_model/move_model_list.narc,260,58,,1236,1240,712,716,4,08efea1c0957a5a1fe019e6edb21fdc9fbe5de2213487eab7a05e06eca1c9784,ffff0000,,,,,False,,,,,,,,,,False,False
/fielddata/build_model/build_model.narc,/fielddata/build_model/build_model.narc!/member_00000,0,/fielddata/build_model/build_model.narc,261,0,,4332,6232,0,1900,1900,8b2aaf318eb94bc2800c286e4ded39c15817626c40b67faa2507d85a5edec4da,424d4430fffe02006c07000010000200,,NSBMD model,Confirmed,True,False,,,,,,,,,,False,False
/fielddata/build_model/build_model.narc,/fielddata/build_model/build_model.narc!/member_00001,0,/fielddata/build_model/build_model.narc,261,1,,6232,9068,1900,4736,2836,6c3b80ec14fa20e9a1b6706417197e9dbebc1afbf33d163901d522de72e9584e,424d4430fffe0200140b000010000200,,NSBMD model,Confirmed,True,False,,,,,,,,,,False,False
/fielddata/build_model/build_model.narc,/fielddata/build_model/build_model.narc!/member_00002,0,/fielddata/build_model/build_model.narc,261,2,,9068,9852,4736,5520,784,7ff244a72083d33009553c120d600fb44744ed90d3c569edae35ee3442ac2051,424d4430fffe02001003000010000200,,NSBMD model,Confirmed,True,False,,,,,,,,,,False,False
/fielddata/build_model/build_model.narc,/fielddata/build_model/build_model.narc!/member_00003,0,/fielddata/build_model/build_model.narc,261,3,,9852,14488,5520,10156,4636,87d2040367c34016bf4772a754e14ad17a9425b3a22152d5cf7cd2d6b605dcd7,424d4430fffe02001c12000010000200,,NSBMD model,Confirmed,True,False,,,,,,,,,,False,False
/fielddata/build_model/build_model.narc,/fielddata/build_model/build_model.narc!/member_00004,0,/fielddata/build_model/build_model.narc,261,4,,14488,24304,10156,19972,9816,61da257e3d493d029a052125181f59bc13e08a61073b645886e7e3a427268c51,424d4430fffe02005826000010000200,,NSBMD model,Confirmed,True,False,,,,,,,,,,False,False
/fielddata/build_model/build_model.narc,/fielddata/build_model/build_model.narc!/member_00005,0,/fielddata/build_model/build_model.narc,261,5,,24304,32596,19972,28264,8292,6983f5c3405f4405ed8b713db9b1e84dd8dae82ad82f17abe7ae47296a70b75d,424d4430fffe02006420000010000200,,NSBMD model,Confirmed,True,False,,,,,,,,,,False,False
/fielddata/build_model/build_model.narc,/fielddata/build_model/build_model.narc!/member_00006,0,/fielddata/build_model/build_model.narc,261,6,,32596,35368,28264,31036,2772,e69251252c2d3abf487e6e7664a8ea603709f7525c04f45a35317e539a852440,424d4430fffe0200d40a000010000200,,NSBMD model,Confirmed,True,False,,,,,,,,,,False,False
/fielddata/build_model/build_model.narc,/fielddata/build_model/build_model.narc!/member_00007,0,/fielddata/build_model/build_model.narc,261,7,,35368,37524,31036,33192,2156,19f2df010be53058f8ae60c2cc2f02ebca4f3237d65256f54019933518fb7c8f,424d4430fffe02006c08000010000200,,NSBMD model,Confirmed,True,False,,,,,,,,,,False,False
/fielddata/build_model/build_model.narc,/fielddata/build_model/build_model.narc!/member_00008,0,/fielddata/build_model/build_model.narc,261,8,,37524,50960,33192,46628,13436,21d0c8e270f717355552ec05c1749093c15a3446abc25cf4d627f093f0950ad9,424d4430fffe02007c34000010000200,,NSBMD model,Confirmed,True,False,,,,,,,,,,False,False
/fielddata/build_model/build_model.narc,/fielddata/build_model/build_model.narc!/member_00009,0,/fielddata/build_model/build_model.narc,261,9,,50960,61232,46628,56900,10272,5b77e9edcd49f887cc48ab3d0bf0edb12a1fd374239c2bf900dc97b5afd85280,424d4430fffe02002028000010000200,,NSBMD model,Confirmed,True,False,,,,,,,,,,False,False
/fielddata/build_model/build_model.narc,/fielddata/build_model/build_model.narc!/member_00010,0,/fielddata/build_model/build_model.narc,261,10,,61232,71488,56900,67156,10256,2c61a62daeac25e92d5655c2d2c79db8124c90a1477113910c4facd82238ed4d,424d4430fffe02001028000010000200,,NSBMD model,Confirmed,True,False,,,,,,,,,,False,False
/fielddata/build_model/build_model.narc,/fielddata/build_model/build_model.narc!/member_00011,0,/fielddata/build_model/build_model.narc,261,11,,71488,79828,67156,75496,8340,715fd0b1f3e4a68762a444f2a82c16e99de84892068a1c79fc71e8327957a844,424d4430fffe02009420000010000200,,NSBMD model,Confirmed,True,False,,,,,,,,,,False,False
/fielddata/build_model/build_model.narc,/fielddata/build_model/build_model.narc!/member_00012,0,/fielddata/build_model/build_model.narc,261,12,,79828,92256,75496,87924,12428,00b1f8f2c10f3ed4f06cf63efd3500546c910caa6997bb5c39a4c6528a9771e0,424d4430fffe02008c30000010000200,,NSBMD model,Confirmed,True,False,,,,,,,,,,False,False
/fielddata/build_model/build_model.narc,/fielddata/build_model/build_model.narc!/member_00013,0,/fielddata/build_model/build_model.narc,261,13,,92256,107500,87924,103168,15244,2f56e4160b7594c12f4085d40597eb9c824e99a07b3ee83ad28052d555507cdb,424d4430fffe02008c3b000010000200,,NSBMD model,Confirmed,True,False,,,,,,,,,,False,False
/fielddata/build_model/build_model.narc,/fielddata/build_model/build_model.narc!/member_00014,0,/fielddata/build_model/build_model.narc,261,14,,107500,119084,103168,114752,11584,b3ac6ff6d2ab7bdeaccf058bf62d1d27b5b471f41b33c3f6290ef877afaceded,424d4430fffe0200402d000010000200,,NSBMD model,Confirmed,True,False,,,,,,,,,,False,False
/fielddata/build_model/build_model.narc,/fielddata/build_model/build_model.narc!/member_00015,0,/fielddata/build_model/build_model.narc,261,15,,119084,120340,114752,116008,1256,24c7be408bdd77f40f1d7338b264ed0405c51889cc8c4ae868c571511fd3dcdc,424d4430fffe0200e804000010000200,,NSBMD model,Confirmed,True,False,,,,,,,,,,False,False
/fielddata/build_model/build_model.narc,/fielddata/build_model/build_model.narc!/member_00016,0,/fielddata/build_model/build_model.narc,261,16,,120340,122448,116008,118116,2108,07b6678e294209b77c519db4c42e08402d91a6d05c209a73bfb75a377e22a4e8,424d4430fffe02003c08000010000200,,NSBMD model,Confirmed,True,False,,,,,,,,,,False,False
/fielddata/build_model/build_model.narc,/fielddata/build_model/build_model.narc!/member_00017,0,/fielddata/build_model/build_model.narc,261,17,,122448,133832,118116,129500,11384,a8b13a0f9d8850e14f0483c7942d14bd137307f2545aa138b7f874a56dbdc17c,424d4430fffe0200782c000010000200,,NSBMD model,Confirmed,True,False,,,,,,,,,,False,False
/fielddata/build_model/build_model.narc,/fielddata/build_model/build_model.narc!/member_00018,0,/fielddata/build_model/build_model.narc,261,18,,133832,139536,129500,135204,5704,f260f6d392f16acbd545158a9c0939098970949fdcfe6aa3795491f41e75cf44,424d4430fffe02004816000010000200,,NSBMD model,Confirmed,True,False,,,,,,,,,,False,False
/fielddata/build_model/build_model.narc,/fielddata/build_model/build_model.narc!/member_00019,0,/fielddata/build_model/build_model.narc,261,19,,139536,144868,135204,140536,5332,25968488ff8ebc401123b4a73b0434ec8b3a0516d506080e483706875c8b296d,424d4430fffe0200d414000010000200,,NSBMD model,Confirmed,True,False,,,,,,,,,,False,False
/fielddata/build_model/build_model.narc,/fielddata/build_model/build_model.narc!/member_00020,0,/fielddata/build_model/build_model.narc,261,20,,144868,154756,140536,150424,9888,70d74dde4034abf44185aaa39fd30e17f244a53d6f8a38d04a47bb02b1d58ca7,424d4430fffe0200a026000010000200,,NSBMD model,Confirmed,True,False,,,,,,,,,,False,False
/fielddata/build_model/build_model.narc,/fielddata/build_model/build_model.narc!/member_00021,0,/fielddata/build_model/build_model.narc,261,21,,154756,163580,150424,159248,8824,196131408de47e8df58cc27b79daebf44d3228ad7a840b350be22655e88007c4,424d4430fffe02007822000010000200,,NSBMD model,Confirmed,True,False,,,,,,,,,,False,False
/fielddata/build_model/build_model.narc,/fielddata/build_model/build_model.narc!/member_00022,0,/fielddata/build_model/build_model.narc,261,22,,163580,170020,159248,165688,6440,2e6097102d0e725b4af4ae39bff580baeb5731cc5b032d80a35a2d11b39f7870,424d4430fffe02002819000010000200,,NSBMD model,Confirmed,True,False,,,,,,,,,,False,False
/fielddata/build_model/build_model.narc,/fielddata/build_model/build_model.narc!/member_00023,0,/fielddata/build_model/build_model.narc,261,23,,170020,179824,165688,175492,9804,42c23d34c75e1cab2f28b61f47f9fe3bd1c1c8671287619a6ca4dd18129b2099,424d4430fffe02004c26000010000200,,NSBMD model,Confirmed,True,False,,,,,,,,,,False,False
/fielddata/build_model/build_model.narc,/fielddata/build_model/build_model.narc!/member_00024,0,/fielddata/build_model/build_model.narc,261,24,,179824,190500,175492,186168,10676,e78b770302258cc9821f6fae20b0a5a226b2c112c2374bcbcf2cd13a27505fc7,424d4430fffe0200b429000010000200,,NSBMD model,Confirmed,True,False,,,,,,,,,,False,False
/fielddata/build_model/build_model.narc,/fielddata/build_model/build_model.narc!/member_00025,0,/fielddata/build_model/build_model.narc,261,25,,190500,200008,186168,195676,9508,09b53f7a2a90ef0b293735fb9b92121f6ca565690533283f89549596a05d1182,424d4430fffe02002425000010000200,,NSBMD model,Confirmed,True,False,,,,,,,,,,False,False
/fielddata/build_model/build_model.narc,/fielddata/build_model/build_model.narc!/member_00026,0,/fielddata/build_model/build_model.narc,261,26,,200008,203140,195676,198808,3132,96ccd97730823628d85eb4ddb59baa9343fd4726e95e68b4aa3383cf952a07d7,424d4430fffe02003c0c000010000200,,NSBMD model,Confirmed,True,False,,,,,,,,,,False,False
/fielddata/build_model/build_model.narc,/fielddata/build_model/build_model.narc!/member_00027,0,/fielddata/build_model/build_model.narc,261,27,,203140,210008,198808,205676,6868,42d9f2d70f0e5ed7eb94f556f9c94cd2f16b27948fce243430305a767a2aa3f2,424d4430fffe0200d41a000010000200,,NSBMD model,Confirmed,True,False,,,,,,,,,,False,False
/fielddata/build_model/build_model.narc,/fielddata/build_model/build_model.narc!/member_00028,0,/fielddata/build_model/build_model.narc,261,28,,210008,210872,205676,206540,864,5bfca3c84f91dbde41cfde665d4940f2d2ecc6aa28ad1aca6b828aa26f649f4c,424d4430fffe02006003000010000100,,NSBMD model,Confirmed,True,False,,,,,,,,,,False,False
/fielddata/build_model/build_model.narc,/fielddata/build_model/build_model.narc!/member_00029,0,/fielddata/build_model/build_model.narc,261,29,,210872,211708,206540,207376,836,0c9b72645b3d403647db0fa44ddfec7c68c9bbee5ba53ab68f3cc8f50592cf20,424d4430fffe02004403000010000100,,NSBMD model,Confirmed,True,False,,,,,,,,,,False,False
/fielddata/build_model/build_model.narc,/fielddata/build_model/build_model.narc!/member_00030,0,/fielddata/build_model/build_model.narc,261,30,,211708,220344,207376,216012,8636,b6da3ea951fb23fca253610b8f39be7d4836951d8b199d3d6af3d2f34bb1c6bc,424d4430fffe0200bc21000010000200,,NSBMD model,Confirmed,True,False,,,,,,,,,,False,False
/fielddata/build_model/build_model.narc,/fielddata/build_model/build_model.narc!/member_00031,0,/fielddata/build_model/build_model.narc,261,31,,220344,225848,216012,221516,5504,cc3162e7e9e2bab38f965c95362e1840ded293d3c7d9e95cefa7ba4e7724f405,424d4430fffe02008015000010000200,,NSBMD model,Confirmed,True,False,,,,,,,,,,False,False
/fielddata/build_model/build_model.narc,/fielddata/build_model/build_model.narc!/member_00032,0,/fielddata/build_model/build_model.narc,261,32,,225848,231296,221516,226964,5448,233fc94f01f4a2d9700991cab0b9aa4ab6f14ade3f23fd12d044eb49fa8cfc0d,424d4430fffe02004815000010000200,,NSBMD model,Confirmed,True,False,,,,,,,,,,False,False
/fielddata/build_model/build_model.narc,/fielddata/build_model/build_model.narc!/member_00033,0,/fielddata/build_model/build_model.narc,261,33,,231296,231932,226964,227600,636,6bf8af8e141861ad28c5230455bf964cfabba6882b235356d29d6b323f0aa8c7,424d4430fffe02007c02000010000100,,NSBMD model,Confirmed,True,False,,,,,,,,,,False,False
/fielddata/build_model/build_model.narc,/fielddata/build_model/build_model.narc!/member_00034,0,/fielddata/build_model/build_model.narc,261,34,,231932,242272,227600,237940,10340,30c1b7abe112b33eeca881a686c3f1f119311c38baab4aafc270ff9a77beb86c,424d4430fffe02006428000010000200,,NSBMD model,Confirmed,True,False,,,,,,,,,,False,False
/fielddata/build_model/build_model.narc,/fielddata/build_model/build_model.narc!/member_00035,0,/fielddata/build_model/build_model.narc,261,35,,242272,242968,237940,238636,696,f86be9348a25b2c05e3ff6a33d3cc54b6976bc1cbee0ff3e7ffd9775a526a356,424d4430fffe0200b802000010000100,,NSBMD model,Confirmed,True,False,,,,,,,,,,False,False
/fielddata/build_model/build_model.narc,/fielddata/build_model/build_model.narc!/member_00036,0,/fielddata/build_model/build_model.narc,261,36,,242968,244120,238636,239788,1152,7a141fba08c6450394c47df2812510976eb770125ea1a26470b3e18b599a2f69,424d4430fffe02008004000010000200,,NSBMD model,Confirmed,True,False,,,,,,,,,,False,False
/fielddata/build_model/build_model.narc,/fielddata/build_model/build_model.narc!/member_00037,0,/fielddata/build_model/build_model.narc,261,37,,244120,252504,239788,248172,8384,725e5a0e20f273d997d9803cb62067cdc345035380212707a3f938eca8c36ab0,424d4430fffe0200c020000010000200,,NSBMD model,Confirmed,True,False,,,,,,,,,,False,False
/fielddata/build_model/build_model.narc,/fielddata/build_model/build_model.narc!/member_00038,0,/fielddata/build_model/build_model.narc,261,38,,252504,259372,248172,255040,6868,f239df3faaedf643707cf3f9142ba79a870e09c3552eda96cba38166c6944c31,424d4430fffe0200d41a000010000200,,NSBMD model,Confirmed,True,False,,,,,,,,,,False,False
/fielddata/build_model/build_model.narc,/fielddata/build_model/build_model.narc!/member_00039,0,/fielddata/build_model/build_model.narc,261,39,,259372,267224,255040,262892,7852,f0827b6e61d2999bd72dfc79df9043e09990dc966adac422fa1d4898421bb932,424d4430fffe0200ac1e000010000200,,NSBMD model,Confirmed,True,False,,,,,,,,,,False,False
/fielddata/build_model/build_model.narc,/fielddata/build_model/build_model.narc!/member_00040,0,/fielddata/build_model/build_model.narc,261,40,,267224,275424,262892,271092,8200,f4bb48a57b0e02c10f614a3938a219033f56f27ad49ad7651276315526afc06f,424d4430fffe02000820000010000200,,NSBMD model,Confirmed,True,False,,,,,,,,,,False,False
/fielddata/build_model/build_model.narc,/fielddata/build_model/build_model.narc!/member_00041,0,/fielddata/build_model/build_model.narc,261,41,,275424,277424,271092,273092,2000,a89efc498356b5650a9ae46bc29c82f15106c02aed1d91b7d92cfed1e8ff0eb6,424d4430fffe0200d007000010000200,,NSBMD model,Confirmed,True,False,,,,,,,,,,False,False
/fielddata/build_model/build_model.narc,/fielddata/build_model/build_model.narc!/member_00042,0,/fielddata/build_model/build_model.narc,261,42,,277424,279816,273092,275484,2392,786037dbfaca950ffa17fea46031f7772488e8868cb5102424a4fcd04546fef8,424d4430fffe02005809000010000200,,NSBMD model,Confirmed,True,False,,,,,,,,,,False,False
/fielddata/build_model/build_model.narc,/fielddata/build_model/build_model.narc!/member_00043,0,/fielddata/build_model/build_model.narc,261,43,,279816,281692,275484,277360,1876,a12f6a2df635d38260091b34720a5353d3c4db85b4962a0c304adea7f3336731,424d4430fffe02005407000010000200,,NSBMD model,Confirmed,True,False,,,,,,,,,,False,False
/fielddata/build_model/build_model.narc,/fielddata/build_model/build_model.narc!/member_00044,0,/fielddata/build_model/build_model.narc,261,44,,281692,284272,277360,279940,2580,44107a5cc498add2b092b355517bc3fe85af35470b626ab2e6494c308789afad,424d4430fffe0200140a000010000200,,NSBMD model,Confirmed,True,False,,,,,,,,,,False,False
/fielddata/build_model/build_model.narc,/fielddata/build_model/build_model.narc!/member_00045,0,/fielddata/build_model/build_model.narc,261,45,,284272,287016,279940,282684,2744,2270afc7616ff6ff3560a25b418e4fce02365271678a1196fbd4c9fed24abf9a,424d4430fffe0200b80a000010000200,,NSBMD model,Confirmed,True,False,,,,,,,,,,False,False
/fielddata/build_model/build_model.narc,/fielddata/build_model/build_model.narc!/member_00046,0,/fielddata/build_model/build_model.narc,261,46,,287016,289264,282684,284932,2248,ed708ef9e5fa67873bfd004a7031cdf9192d4a8470c72c2a1b2e50999b0d792a,424d4430fffe0200c808000010000200,,NSBMD model,Confirmed,True,False,,,,,,,,,,False,False
/fielddata/build_model/build_model.narc,/fielddata/build_model/build_model.narc!/member_00047,0,/fielddata/build_model/build_model.narc,261,47,,289264,296132,284932,291800,6868,0be0a3a3ad87c0e3e6b35162fec749fb7ad53a221726002078b9fe8d7bd407b3,424d4430fffe0200d41a000010000200,,NSBMD model,Confirmed,True,False,,,,,,,,,,False,False
/fielddata/build_model/build_model.narc,/fielddata/build_model/build_model.narc!/member_00048,0,/fielddata/build_model/build_model.narc,261,48,,296132,302804,291800,298472,6672,fa86bd698b6909113eb9744d6b19747fdd8b85f54cc2d38086d8e3834ccf33b2,424d4430fffe0200101a000010000200,,NSBMD model,Confirmed,True,False,,,,,,,,,,False,False
/fielddata/build_model/build_model.narc,/fielddata/build_model/build_model.narc!/member_00049,0,/fielddata/build_model/build_model.narc,261,49,,302804,311352,298472,307020,8548,bea128fe497e36a98f912c0b403fb29076f80d4ab3b7409ab354c10c0a7c36b8,424d4430fffe02006421000010000200,,NSBMD model,Confirmed,True,False,,,,,,,,,,False,False
/fielddata/build_model/build_model.narc,/fielddata/build_model/build_model.narc!/member_00050,0,/fielddata/build_model/build_model.narc,261,50,,311352,312060,307020,307728,708,9c3c7ae9bfdd89dd9ca10824722860ecacf341b60eb4c3f8e56ce8108fb03b97,424d4430fffe0200c402000010000100,,NSBMD model,Confirmed,True,False,,,,,,,,,,False,False
/fielddata/build_model/build_model.narc,/fielddata/build_model/build_model.narc!/member_00051,0,/fielddata/build_model/build_model.narc,261,51,,312060,318708,307728,314376,6648,180f3a1e8e82e89c6e91a674ae649d616ecddd4350a30e3e104f0f9ddfa1f78d,424d4430fffe0200f819000010000200,,NSBMD model,Confirmed,True,False,,,,,,,,,,False,False
/fielddata/build_model/build_model.narc,/fielddata/build_model/build_model.narc!/member_00052,0,/fielddata/build_model/build_model.narc,261,52,,318708,324880,314376,320548,6172,e701d601b9bd8b2794b6ddecdf21ba7a0ec74ea5d62316136f115b5876edd410,424d4430fffe02001c18000010000200,,NSBMD model,Confirmed,True,False,,,,,,,,,,False,False
/fielddata/build_model/build_model.narc,/fielddata/build_model/build_model.narc!/member_00053,0,/fielddata/build_model/build_model.narc,261,53,,324880,329436,320548,325104,4556,34f7886ab8bf4e33a1482578ced7cc46c6c32cc496d192192c8959dcd10027ea,424d4430fffe0200cc11000010000200,,NSBMD model,Confirmed,True,False,,,,,,,,,,False,False
/fielddata/build_model/build_model.narc,/fielddata/build_model/build_model.narc!/member_00054,0,/fielddata/build_model/build_model.narc,261,54,,329436,342112,325104,337780,12676,b8bb68a8c7c2f2da0e24b250e321cf46ee40d1370474de8206cccbc3fcfb4bf1,424d4430fffe02008431000010000200,,NSBMD model,Confirmed,True,False,,,,,,,,,,False,False
/fielddata/build_model/build_model.narc,/fielddata/build_model/build_model.narc!/member_00055,0,/fielddata/build_model/build_model.narc,261,55,,342112,349360,337780,345028,7248,033534dd4e9c33cdf039dd3dcdf4306504187963dc518ee62d87618d8a1a410d,424d4430fffe0200501c000010000200,,NSBMD model,Confirmed,True,False,,,,,,,,,,False,False
/fielddata/build_model/build_model.narc,/fielddata/build_model/build_model.narc!/member_00056,0,/fielddata/build_model/build_model.narc,261,56,,349360,356136,345028,351804,6776,3f2baf36871c838ccda0440e28945fd40264f929cd6bd477c0f18275d7598afe,424d4430fffe0200781a000010000200,,NSBMD model,Confirmed,True,False,,,,,,,,,,False,False
/fielddata/build_model/build_model.narc,/fielddata/build_model/build_model.narc!/member_00057,0,/fielddata/build_model/build_model.narc,261,57,,356136,356948,351804,352616,812,edbc0ab04dcb248d801da2eccaf2c0fb64c1069422ab86c4ac04443f8e9e0bad,424d4430fffe02002c03000010000100,,NSBMD model,Confirmed,True,False,,,,,,,,,,False,False
/fielddata/build_model/build_model.narc,/fielddata/build_model/build_model.narc!/member_00058,0,/fielddata/build_model/build_model.narc,261,58,,356948,357656,352616,353324,708,5132d81a3a9ad008ff1b5160bf2ebc9fe64aab8814a4053e19b6927cf2bb2969,424d4430fffe0200c402000010000100,,NSBMD model,Confirmed,True,False,,,,,,,,,,False,False
/fielddata/build_model/build_model.narc,/fielddata/build_model/build_model.narc!/member_00059,0,/fielddata/build_model/build_model.narc,261,59,,357656,358364,353324,354032,708,865ad31617bb7ef03332bb5e0fb816f7bf6940579edf4560d197ba16a89352c6,424d4430fffe0200c402000010000100,,NSBMD model,Confirmed,True,False,,,,,,,,,,False,False
/fielddata/build_model/build_model.narc,/fielddata/build_model/build_model.narc!/member_00060,0,/fielddata/build_model/build_model.narc,261,60,,358364,358868,354032,354536,504,6ad01adb14996859b57d3c5060583a0146406280e887f364d743bfe8263a237f,424d4430fffe0200f801000010000100,,NSBMD model,Confirmed,True,False,,,,,,,,,,False,False
/fielddata/build_model/build_model.narc,/fielddata/build_model/build_model.narc!/member_00061,0,/fielddata/build_model/build_model.narc,261,61,,358868,360036,354536,355704,1168,8d7b0cd0b494190ee3e0eb2cbb6d4f0d9fec1f3ad162f3ca452d68754219bbaf,424d4430fffe02009004000010000200,,NSBMD model,Confirmed,True,False,,,,,,,,,,False,False
/fielddata/build_model/build_model.narc,/fielddata/build_model/build_model.narc!/member_00062,0,/fielddata/build_model/build_model.narc,261,62,,360036,368088,355704,363756,8052,f035cbbeeaf9f8883a07729d2307ba3f194f4d205c07be6488456e6e1d16c1b8,424d4430fffe0200741f000010000200,,NSBMD model,Confirmed,True,False,,,,,,,,,,False,False
/fielddata/build_model/build_model.narc,/fielddata/build_model/build_model.narc!/member_00063,0,/fielddata/build_model/build_model.narc,261,63,,368088,375908,363756,371576,7820,6c5f8ebd7e6c59cae00a6f7b3d929ae6b89c56df193b7d4267f8a6ce1c26b7d0,424d4430fffe02008c1e000010000200,,NSBMD model,Confirmed,True,False,,,,,,,,,,False,False
/fielddata/build_model/build_model.narc,/fielddata/build_model/build_model.narc!/member_00064,0,/fielddata/build_model/build_model.narc,261,64,,375908,380120,371576,375788,4212,cc4d2dfeb9b6244b06ffef321fccd0a9aad6e79a6013eacda6f026b13c25024d,424d4430fffe02007410000010000200,,NSBMD model,Confirmed,True,False,,,,,,,,,,False,False
/fielddata/build_model/build_model.narc,/fielddata/build_model/build_model.narc!/member_00065,0,/fielddata/build_model/build_model.narc,261,65,,380120,391216,375788,386884,11096,243c25ddbbe6674dc087dd35a2f33d26c934bbb890b5f67d25649549b2fe1f03,424d4430fffe0200582b000010000200,,NSBMD model,Confirmed,True,False,,,,,,,,,,False,False
/fielddata/build_model/build_model.narc,/fielddata/build_model/build_model.narc!/member_00066,0,/fielddata/build_model/build_model.narc,261,66,,391216,392464,386884,388132,1248,6c29eca71963ff2e62b5c5b5642a660eff13ee619f894b1b470b904bde92bae1,424d4430fffe0200e004000010000200,,NSBMD model,Confirmed,True,False,,,,,,,,,,False,False
/fielddata/build_model/build_model.narc,/fielddata/build_model/build_model.narc!/member_00067,0,/fielddata/build_model/build_model.narc,261,67,,392464,393660,388132,389328,1196,200207e430ccb5dc985237a7185f3afd0c1dcae0f17e9fac3e35f2db9718f658,424d4430fffe0200ac04000010000200,,NSBMD model,Confirmed,True,False,,,,,,,,,,False,False
/fielddata/build_model/build_model.narc,/fielddata/build_model/build_model.narc!/member_00068,0,/fielddata/build_model/build_model.narc,261,68,,393660,394856,389328,390524,1196,1de45703f1c5157125b3d838b7c491b611b2c0754ff8c08248b3d7ae546b6e25,424d4430fffe0200ac04000010000200,,NSBMD model,Confirmed,True,False,,,,,,,,,,False,False
/fielddata/build_model/build_model.narc,/fielddata/build_model/build_model.narc!/member_00069,0,/fielddata/build_model/build_model.narc,261,69,,394856,396068,390524,391736,1212,0a691d5fe59317b79eb5cc4dcbc2b29a6bb546e8a7492702f04d44119ac27bee,424d4430fffe0200bc04000010000200,,NSBMD model,Confirmed,True,False,,,,,,,,,,False,False
/fielddata/build_model/build_model.narc,/fielddata/build_model/build_model.narc!/member_00070,0,/fielddata/build_model/build_model.narc,261,70,,396068,398772,391736,394440,2704,1ef4a30fb9c73771c4f0581f520b118e60825323d33f705ae031e8ccaef79b7f,424d4430fffe0200900a000010000200,,NSBMD model,Confirmed,True,False,,,,,,,,,,False,False
/fielddata/build_model/build_model.narc,/fielddata/build_model/build_model.narc!/member_00071,0,/fielddata/build_model/build_model.narc,261,71,,398772,405184,394440,400852,6412,7d957535acbdade2ad9cfa078de18748f527a4985cf6d06d32790ce3fd2c32d8,424d4430fffe02000c19000010000200,,NSBMD model,Confirmed,True,False,,,,,,,,,,False,False
/fielddata/build_model/build_model.narc,/fielddata/build_model/build_model.narc!/member_00072,0,/fielddata/build_model/build_model.narc,261,72,,405184,407888,400852,403556,2704,34ba8d07b7c4ef88fd7f95aa31ba6d0a0fd6185f73ddb61af33b1830be5840e3,424d4430fffe0200900a000010000200,,NSBMD model,Confirmed,True,False,,,,,,,,,,False,False
/fielddata/build_model/build_model.narc,/fielddata/build_model/build_model.narc!/member_00073,0,/fielddata/build_model/build_model.narc,261,73,,407888,410816,403556,406484,2928,6debc8c37579b5458541dc2f7441b51927e08cb16424973cfff5806bf49f8f80,424d4430fffe0200700b000010000200,,NSBMD model,Confirmed,True,False,,,,,,,,,,False,False
/fielddata/build_model/build_model.narc,/fielddata/build_model/build_model.narc!/member_00074,0,/fielddata/build_model/build_model.narc,261,74,,410816,412648,406484,408316,1832,c4f7a461950e4521f94c91c1c82098d914f2eaabdd1aea084217cfad5fc81fdf,424d4430fffe02002807000010000200,,NSBMD model,Confirmed,True,False,,,,,,,,,,False,False
/fielddata/build_model/build_model.narc,/fielddata/build_model/build_model.narc!/member_00075,0,/fielddata/build_model/build_model.narc,261,75,,412648,414068,408316,409736,1420,553b0a5da98add5340b8f6ccd724504049de5751cb5daeeb8da2970d69752f3d,424d4430fffe02008c05000010000200,,NSBMD model,Confirmed,True,False,,,,,,,,,,False,False
/fielddata/build_model/build_model.narc,/fielddata/build_model/build_model.narc!/member_00076,0,/fielddata/build_model/build_model.narc,261,76,,414068,416232,409736,411900,2164,2843aff4d887a3daf4a2a7e00d54f9aa3148f54988ac19095227db1575b59434,424d4430fffe02007408000010000200,,NSBMD model,Confirmed,True,False,,,,,,,,,,False,False
/fielddata/build_model/build_model.narc,/fielddata/build_model/build_model.narc!/member_00077,0,/fielddata/build_model/build_model.narc,261,77,,416232,417404,411900,413072,1172,99c15438a5ce409988d2f0de369409c123310295e3a6e8569caca736be846525,424d4430fffe02009404000010000200,,NSBMD model,Confirmed,True,False,,,,,,,,,,False,False
/fielddata/build_model/build_model.narc,/fielddata/build_model/build_model.narc!/member_00078,0,/fielddata/build_model/build_model.narc,261,78,,417404,418148,413072,413816,744,7b6d1656645ee20c888c160ac87ecc3e39a0eadb8399b095bd172b24ecd54ea2,424d4430fffe0200e802000010000200,,NSBMD model,Confirmed,True,False,,,,,,,,,,False,False
/fielddata/build_model/build_model.narc,/fielddata/build_model/build_model.narc!/member_00079,0,/fielddata/build_model/build_model.narc,261,79,,418148,419864,413816,415532,1716,b65dc7e0431143a77fde852948fa54d81cc3aca39c4acf24f4010debba340e56,424d4430fffe0200b406000010000200,,NSBMD model,Confirmed,True,False,,,,,,,,,,False,False
/fielddata/build_model/build_model.narc,/fielddata/build_model/build_model.narc!/member_00080,0,/fielddata/build_model/build_model.narc,261,80,,419864,422292,415532,417960,2428,574c322806cf71f482f4226b335218fa228bc0aeedc63fd9f2da3c21c53f00ea,424d4430fffe02007c09000010000200,,NSBMD model,Confirmed,True,False,,,,,,,,,,False,False
/fielddata/build_model/build_model.narc,/fielddata/build_model/build_model.narc!/member_00081,0,/fielddata/build_model/build_model.narc,261,81,,422292,424736,417960,420404,2444,ee18df1af38fb35ba83a7ad6a12bd9bd651d2d5a82bf76bf6c59c2794048b465,424d4430fffe02008c09000010000200,,NSBMD model,Confirmed,True,False,,,,,,,,,,False,False
/fielddata/build_model/build_model.narc,/fielddata/build_model/build_model.narc!/member_00082,0,/fielddata/build_model/build_model.narc,261,82,,424736,427376,420404,423044,2640,5304733cf76347f8d417bb32f46bc49f6bfa07f7e317b0024a1e1c10ddf55e8b,424d4430fffe0200500a000010000200,,NSBMD model,Confirmed,True,False,,,,,,,,,,False,False
/fielddata/build_model/build_model.narc,/fielddata/build_model/build_model.narc!/member_00083,0,/fielddata/build_model/build_model.narc,261,83,,427376,429564,423044,425232,2188,498006b3f7155b417c077bf62fed713301b62b94f70f818e4b811973a3eb364a,424d4430fffe02008c08000010000200,,NSBMD model,Confirmed,True,False,,,,,,,,,,False,False
/fielddata/build_model/build_model.narc,/fielddata/build_model/build_model.narc!/member_00084,0,/fielddata/build_model/build_model.narc,261,84,,429564,431380,425232,427048,1816,23c5ad7b1686c10bfa740e70a5c66ce22e22ca906701e2d7a57ab985a08ab43c,424d4430fffe02001807000010000200,,NSBMD model,Confirmed,True,False,,,,,,,,,,False,False
/fielddata/build_model/build_model.narc,/fielddata/build_model/build_model.narc!/member_00085,0,/fielddata/build_model/build_model.narc,261,85,,431380,433692,427048,429360,2312,862edd40072565b8f9edcf6957d5e3dea8bd181727483724faad1d4490e7fbd1,424d4430fffe02000809000010000200,,NSBMD model,Confirmed,True,False,,,,,,,,,,False,False
/fielddata/build_model/build_model.narc,/fielddata/build_model/build_model.narc!/member_00086,0,/fielddata/build_model/build_model.narc,261,86,,433692,435868,429360,431536,2176,d70af41372135cd2710f2e7738d5331233722540ff585d0782428c9f52200916,424d4430fffe02008008000010000200,,NSBMD model,Confirmed,True,False,,,,,,,,,,False,False
/fielddata/build_model/build_model.narc,/fielddata/build_model/build_model.narc!/member_00087,0,/fielddata/build_model/build_model.narc,261,87,,435868,438524,431536,434192,2656,b6b5d7bb4f2965805f95cb04a77f6956e1fb373f78b4108d6eafd700a4c1a225,424d4430fffe0200600a000010000200,,NSBMD model,Confirmed,True,False,,,,,,,,,,False,False
/fielddata/build_model/build_model.narc,/fielddata/build_model/build_model.narc!/member_00088,0,/fielddata/build_model/build_model.narc,261,88,,438524,439460,434192,435128,936,ba82a0a3e0a46b0a5f54560d2a7087b0a669b3d3eeae8e44a50158ea166b62e0,424d4430fffe0200a803000010000200,,NSBMD model,Confirmed,True,False,,,,,,,,,,False,False
/fielddata/build_model/build_model.narc,/fielddata/build_model/build_model.narc!/member_00089,0,/fielddata/build_model/build_model.narc,261,89,,439460,441904,435128,437572,2444,b80723ae1b417fcf69a63a6269a5e1b098e84ce2bfada4c28caebb71a148cd30,424d4430fffe02008c09000010000200,,NSBMD model,Confirmed,True,False,,,,,,,,,,False,False
/fielddata/build_model/build_model.narc,/fielddata/build_model/build_model.narc!/member_00090,0,/fielddata/build_model/build_model.narc,261,90,,441904,442676,437572,438344,772,8e2e0fb960b6894f2bd7db0579d7de5afa61285ec74819fb94861b2af03eb1c3,424d4430fffe02000403000010000200,,NSBMD model,Confirmed,True,False,,,,,,,,,,False,False
/fielddata/build_model/build_model.narc,/fielddata/build_model/build_model.narc!/member_00091,0,/fielddata/build_model/build_model.narc,261,91,,442676,443808,438344,439476,1132,180d4c02803da359e9ac571abf9aa895b40e17cb65a8f02182eefb6772308d73,424d4430fffe02006c04000010000200,,NSBMD model,Confirmed,True,False,,,,,,,,,,False,False
/fielddata/build_model/build_model.narc,/fielddata/build_model/build_model.narc!/member_00092,0,/fielddata/build_model/build_model.narc,261,92,,443808,444744,439476,440412,936,977af359072903c9f2764347b2f5b890cb334a6c595947c09fab73c0b7574eee,424d4430fffe0200a803000010000200,,NSBMD model,Confirmed,True,False,,,,,,,,,,False,False
/fielddata/build_model/build_model.narc,/fielddata/build_model/build_model.narc!/member_00093,0,/fielddata/build_model/build_model.narc,261,93,,444744,447436,440412,443104,2692,8c11c7e6a79d4ffa92b3dcbb55cde319c575d34057e73ea15de029c84af5be62,424d4430fffe0200840a000010000200,,NSBMD model,Confirmed,True,False,,,,,,,,,,False,False
/fielddata/build_model/build_model.narc,/fielddata/build_model/build_model.narc!/member_00094,0,/fielddata/build_model/build_model.narc,261,94,,447436,448372,443104,444040,936,2657a79d36aba2055bbd727e9399d09c64c97576cbdf030a199acb97e61a46b5,424d4430fffe0200a803000010000200,,NSBMD model,Confirmed,True,False,,,,,,,,,,False,False
/fielddata/build_model/build_model.narc,/fielddata/build_model/build_model.narc!/member_00095,0,/fielddata/build_model/build_model.narc,261,95,,448372,449272,444040,444940,900,cfba3eefd7df3b4b8f09920a6ff66fa35051f391781f36485f5c60a58320e4c9,424d4430fffe02008403000010000200,,NSBMD model,Confirmed,True,False,,,,,,,,,,False,False
/fielddata/build_model/build_model.narc,/fielddata/build_model/build_model.narc!/member_00096,0,/fielddata/build_model/build_model.narc,261,96,,449272,450044,444940,445712,772,8cbfae27b83256c60e418c0452df4946fa321b43d89a93d6c7a88339c7ee994a,424d4430fffe02000403000010000200,,NSBMD model,Confirmed,True,False,,,,,,,,,,False,False
/fielddata/build_model/build_model.narc,/fielddata/build_model/build_model.narc!/member_00097,0,/fielddata/build_model/build_model.narc,261,97,,450044,451720,445712,447388,1676,ef203cbb4ae7f39f855099494e213b3231daa9cc1b6d7e1b545c16764932a1db,424d4430fffe02008c06000010000200,,NSBMD model,Confirmed,True,False,,,,,,,,,,False,False
/fielddata/build_model/build_model.narc,/fielddata/build_model/build_model.narc!/member_00098,0,/fielddata/build_model/build_model.narc,261,98,,451720,453396,447388,449064,1676,bf8f9f28748f54df61f7d608e348faf2a09d0e4d4e5b3368b36857a02434da26,424d4430fffe02008c06000010000200,,NSBMD model,Confirmed,True,False,,,,,,,,,,False,False
/fielddata/build_model/build_model.narc,/fielddata/build_model/build_model.narc!/member_00099,0,/fielddata/build_model/build_model.narc,261,99,,453396,455072,449064,450740,1676,eea63e85bd12bbbeaa060c0e460e0a7fb55eeb1d6337c7452e1b0c8700410c95,424d4430fffe02008c06000010000200,,NSBMD model,Confirmed,True,False,,,,,,,,,,False,False
/fielddata/build_model/build_model.narc,/fielddata/build_model/build_model.narc!/member_00100,0,/fielddata/build_model/build_model.narc,261,100,,455072,456240,450740,451908,1168,df76cce12c5e96035958b0f2fa534b19b57ce9e7f7cc3530a827a618124e6c55,424d4430fffe02009004000010000200,,NSBMD model,Confirmed,True,False,,,,,,,,,,False,False
/fielddata/build_model/build_model.narc,/fielddata/build_model/build_model.narc!/member_00101,0,/fielddata/build_model/build_model.narc,261,101,,456240,459336,451908,455004,3096,9098dc0d4d38df10dc787f4374a0dedf75a22b48dff302cd7854c73b742b0315,424d4430fffe0200180c000010000200,,NSBMD model,Confirmed,True,False,,,,,,,,,,False,False
/fielddata/build_model/build_model.narc,/fielddata/build_model/build_model.narc!/member_00102,0,/fielddata/build_model/build_model.narc,261,102,,459336,459860,455004,455528,524,a5f479be16dbe0309406859ca6158915b9ebe5351c82b622398454c735607d47,424d4430fffe02000c02000010000100,,NSBMD model,Confirmed,True,False,,,,,,,,,,False,False
/fielddata/build_model/build_model.narc,/fielddata/build_model/build_model.narc!/member_00103,0,/fielddata/build_model/build_model.narc,261,103,,459860,460604,455528,456272,744,d59cee2ae07cc7d3ac52d1c62c7a2cbeb4df14ba9c4ab4570aec34eaf54dc63e,424d4430fffe0200e802000010000200,,NSBMD model,Confirmed,True,False,,,,,,,,,,False,False
/fielddata/build_model/build_model.narc,/fielddata/build_model/build_model.narc!/member_00104,0,/fielddata/build_model/build_model.narc,261,104,,460604,462868,456272,458536,2264,4809d6064af68c18c1984706037eff765a08b08745c973089a7f987f3e509b1e,424d4430fffe0200d808000010000200,,NSBMD model,Confirmed,True,False,,,,,,,,,,False,False
/fielddata/build_model/build_model.narc,/fielddata/build_model/build_model.narc!/member_00105,0,/fielddata/build_model/build_model.narc,261,105,,462868,466024,458536,461692,3156,16c080fe9d9672792952bd85c8141fca26558c357e5dd11762c8d672d2be138f,424d4430fffe0200540c000010000200,,NSBMD model,Confirmed,True,False,,,,,,,,,,False,False
/fielddata/build_model/build_model.narc,/fielddata/build_model/build_model.narc!/member_00106,0,/fielddata/build_model/build_model.narc,261,106,,466024,469548,461692,465216,3524,308f3d31cfc7ee2c3c681d235784d873c74a1f7a05c2a3ea25a51adfe53bdb6f,424d4430fffe0200c40d000010000200,,NSBMD model,Confirmed,True,False,,,,,,,,,,False,False
/fielddata/build_model/build_model.narc,/fielddata/build_model/build_model.narc!/member_00107,0,/fielddata/build_model/build_model.narc,261,107,,469548,470296,465216,465964,748,02523f373ace7e4ff816aa9364a99873c7d2cb7ec87af17d03098cd141a5faf1,424d4430fffe0200ec02000010000200,,NSBMD model,Confirmed,True,False,,,,,,,,,,False,False
/fielddata/build_model/build_model.narc,/fielddata/build_model/build_model.narc!/member_00108,0,/fielddata/build_model/build_model.narc,261,108,,470296,471448,465964,467116,1152,6f0c68a2870f0d10b699bdba6f71a52113a40515f57c5911b7f38a1c58c5562c,424d4430fffe02008004000010000200,,NSBMD model,Confirmed,True,False,,,,,,,,,,False,False
/fielddata/build_model/build_model.narc,/fielddata/build_model/build_model.narc!/member_00109,0,/fielddata/build_model/build_model.narc,261,109,,471448,472528,467116,468196,1080,491598a93030d90bcbbfab253cfcdb530d13bafec41d6fbb54f6d1c282b4d086,424d4430fffe02003804000010000200,,NSBMD model,Confirmed,True,False,,,,,,,,,,False,False
/fielddata/build_model/build_model.narc,/fielddata/build_model/build_model.narc!/member_00110,0,/fielddata/build_model/build_model.narc,261,110,,472528,486012,468196,481680,13484,851dcf8ff6e5a54a756dbeb23f9843045790986cb2257b7d3bd1c761f2b6292b,424d4430fffe0200ac34000010000200,,NSBMD model,Confirmed,True,False,,,,,,,,,,False,False
/fielddata/build_model/build_model.narc,/fielddata/build_model/build_model.narc!/member_00111,0,/fielddata/build_model/build_model.narc,261,111,,486012,486948,481680,482616,936,c6548ce3ab0781fbcbeae658de9244c3debfa901000f5ed5cc9b4e1b46b22938,424d4430fffe0200a803000010000200,,NSBMD model,Confirmed,True,False,,,,,,,,,,False,False
/fielddata/build_model/build_model.narc,/fielddata/build_model/build_model.narc!/member_00112,0,/fielddata/build_model/build_model.narc,261,112,,486948,490360,482616,486028,3412,012658f2d92b187142e0828d133880d8b1e1b6c32a8eacb615dd5aa3b4d05937,424d4430fffe0200540d000010000200,,NSBMD model,Confirmed,True,False,,,,,,,,,,False,False
/fielddata/build_model/build_model.narc,/fielddata/build_model/build_model.narc!/member_00113,0,/fielddata/build_model/build_model.narc,261,113,,490360,492688,486028,488356,2328,cce2bd0d8fa3857c5008de65a85a3a71ab7d9b6ce9c11a3c0de928db579244d8,424d4430fffe02001809000010000200,,NSBMD model,Confirmed,True,False,,,,,,,,,,False,False
/fielddata/build_model/build_model.narc,/fielddata/build_model/build_model.narc!/member_00114,0,/fielddata/build_model/build_model.narc,261,114,,492688,500144,488356,495812,7456,409f3d1911d8535bd09428e74d0df45a6ff642c29dcdd0b65707bf750d01189f,424d4430fffe0200201d000010000200,,NSBMD model,Confirmed,True,False,,,,,,,,,,False,False
/fielddata/build_model/build_model.narc,/fielddata/build_model/build_model.narc!/member_00115,0,/fielddata/build_model/build_model.narc,261,115,,500144,503576,495812,499244,3432,923eae5c612db5df3b05ee621d19d427f3f55434db104a38806d6242e0725f5b,424d4430fffe0200680d000010000200,,NSBMD model,Confirmed,True,False,,,,,,,,,,False,False
/fielddata/build_model/build_model.narc,/fielddata/build_model/build_model.narc!/member_00116,0,/fielddata/build_model/build_model.narc,261,116,,503576,508548,499244,504216,4972,8ad003951a6d67759e7b41d9e4be04ba76203acb1e28c451e884c9084f4fbfd2,424d4430fffe02006c13000010000200,,NSBMD model,Confirmed,True,False,,,,,,,,,,False,False
/fielddata/build_model/build_model.narc,/fielddata/build_model/build_model.narc!/member_00117,0,/fielddata/build_model/build_model.narc,261,117,,508548,509316,504216,504984,768,ed249ad4997e77435ac0a2ce2526dc5d4f8ccd73f9904c4b756281149d5dfbf1,424d4430fffe02000003000010000200,,NSBMD model,Confirmed,True,False,,,,,,,,,,False,False
/fielddata/build_model/build_model.narc,/fielddata/build_model/build_model.narc!/member_00118,0,/fielddata/build_model/build_model.narc,261,118,,509316,510084,504984,505752,768,670dc8eea0242b82f32fc73c335fbaaa7063368642e39c250a89f7d039c75a13,424d4430fffe02000003000010000200,,NSBMD model,Confirmed,True,False,,,,,,,,,,False,False
/fielddata/build_model/build_model.narc,/fielddata/build_model/build_model.narc!/member_00119,0,/fielddata/build_model/build_model.narc,261,119,,510084,513792,505752,509460,3708,159a0418cbb973754b634c5cf330bbb8c967b2a100d3b344ad51661d550f494b,424d4430fffe02007c0e000010000200,,NSBMD model,Confirmed,True,False,,,,,,,,,,False,False
/fielddata/build_model/build_model.narc,/fielddata/build_model/build_model.narc!/member_00120,0,/fielddata/build_model/build_model.narc,261,120,,513792,516916,509460,512584,3124,9042f88af4e3c17d3e7b7ad755c27a653a102c057f606829d4db251265856e02,424d4430fffe0200340c000010000200,,NSBMD model,Confirmed,True,False,,,,,,,,,,False,False
/fielddata/build_model/build_model.narc,/fielddata/build_model/build_model.narc!/member_00121,0,/fielddata/build_model/build_model.narc,261,121,,516916,519220,512584,514888,2304,787c9daaeff53ad5881c6debdebb274cfad011107917f3c0ec87461613c4e139,424d4430fffe02000009000010000200,,NSBMD model,Confirmed,True,False,,,,,,,,,,False,False
/fielddata/build_model/build_model.narc,/fielddata/build_model/build_model.narc!/member_00122,0,/fielddata/build_model/build_model.narc,261,122,,519220,522816,514888,518484,3596,8c1c33d24468e78f2f876455fc4e296d40cc3c121bf16298f993b144df6d0e89,424d4430fffe02000c0e000010000200,,NSBMD model,Confirmed,True,False,,,,,,,,,,False,False
/fielddata/build_model/build_model.narc,/fielddata/build_model/build_model.narc!/member_00123,0,/fielddata/build_model/build_model.narc,261,123,,522816,530360,518484,526028,7544,7688fccb7fb1b508dd331ef848cda4d886d77c47a3a33aa3bb72f8a7d8b3a3cf,424d4430fffe0200781d000010000200,,NSBMD model,Confirmed,True,False,,,,,,,,,,False,False
/fielddata/build_model/build_model.narc,/fielddata/build_model/build_model.narc!/member_00124,0,/fielddata/build_model/build_model.narc,261,124,,530360,532376,526028,528044,2016,c42c8f17808023fdb635aa7234678224c47d1f8d75723ae369d9ce839d800e1f,424d4430fffe0200e007000010000200,,NSBMD model,Confirmed,True,False,,,,,,,,,,False,False
/fielddata/build_model/build_model.narc,/fielddata/build_model/build_model.narc!/member_00125,0,/fielddata/build_model/build_model.narc,261,125,,532376,532900,528044,528568,524,8275a1430f527847aabafad1ab35c87764904dc91c0e332834a9a18ebc5143b5,424d4430fffe02000c02000010000100,,NSBMD model,Confirmed,True,False,,,,,,,,,,False,False
/fielddata/build_model/build_model.narc,/fielddata/build_model/build_model.narc!/member_00126,0,/fielddata/build_model/build_model.narc,261,126,,532900,533424,528568,529092,524,f39a3ae90ea7d97e1b56bb2382573227cb55edbf272ef65a1d90b330784efe37,424d4430fffe02000c02000010000100,,NSBMD model,Confirmed,True,False,,,,,,,,,,False,False
/fielddata/build_model/build_model.narc,/fielddata/build_model/build_model.narc!/member_00127,0,/fielddata/build_model/build_model.narc,261,127,,533424,533948,529092,529616,524,a23d230bea0a106a44717aacbe4eae0cb3859a2cbc48b6d18b21b844cdb8186f,424d4430fffe02000c02000010000100,,NSBMD model,Confirmed,True,False,,,,,,,,,,False,False
/fielddata/build_model/build_model.narc,/fielddata/build_model/build_model.narc!/member_00128,0,/fielddata/build_model/build_model.narc,261,128,,533948,535020,529616,530688,1072,3e45c76e72289acc95730d4019c6f850e2a5397c92fc448820cc650a321d9e43,424d4430fffe02003004000010000200,,NSBMD model,Confirmed,True,False,,,,,,,,,,False,False
/fielddata/build_model/build_model.narc,/fielddata/build_model/build_model.narc!/member_00129,0,/fielddata/build_model/build_model.narc,261,129,,535020,535544,530688,531212,524,6b607077153aca8032cfbf7110f4cdbbb23660045cdee0a4dbce52097998d777,424d4430fffe02000c02000010000100,,NSBMD model,Confirmed,True,False,,,,,,,,,,False,False
/fielddata/build_model/build_model.narc,/fielddata/build_model/build_model.narc!/member_00130,0,/fielddata/build_model/build_model.narc,261,130,,535544,541284,531212,536952,5740,64e72a3ed5d0deabbbc572647ff3d63344f6441e66b3721df490ae8554368c23,424d4430fffe02006c16000010000200,,NSBMD model,Confirmed,True,False,,,,,,,,,,False,False
/fielddata/build_model/build_model.narc,/fielddata/build_model/build_model.narc!/member_00131,0,/fielddata/build_model/build_model.narc,261,131,,541284,547188,536952,542856,5904,da7c52e677d37e431cc4d238e02c59506b8962afc240d18fc6da5b23f2c8a444,424d4430fffe02001017000010000200,,NSBMD model,Confirmed,True,False,,,,,,,,,,False,False
/fielddata/build_model/build_model.narc,/fielddata/build_model/build_model.narc!/member_00132,0,/fielddata/build_model/build_model.narc,261,132,,547188,549256,542856,544924,2068,6af0a02d435741bf58937e5be9c23b55814c556e20951ca9ecd3a1211fc34ae6,424d4430fffe02001408000010000200,,NSBMD model,Confirmed,True,False,,,,,,,,,,False,False
/fielddata/build_model/build_model.narc,/fielddata/build_model/build_model.narc!/member_00133,0,/fielddata/build_model/build_model.narc,261,133,,549256,549780,544924,545448,524,0dfa0e6ba80bb6e983bcb6988d933cd96131a32016c4a23e5160586a68b03941,424d4430fffe02000c02000010000100,,NSBMD model,Confirmed,True,False,,,,,,,,,,False,False
/fielddata/build_model/build_model.narc,/fielddata/build_model/build_model.narc!/member_00134,0,/fielddata/build_model/build_model.narc,261,134,,549780,550304,545448,545972,524,d9a686555d5c0b1cf910ded5f33d2f71e2b7c4aa4148510baf38ca6b5f3541fc,424d4430fffe02000c02000010000100,,NSBMD model,Confirmed,True,False,,,,,,,,,,False,False
/fielddata/build_model/build_model.narc,/fielddata/build_model/build_model.narc!/member_00135,0,/fielddata/build_model/build_model.narc,261,135,,550304,553824,545972,549492,3520,5d2354958325e87c633db422dcaab3f01ea3aa634967f09279ba4a0622e5f292,424d4430fffe0200c00d000010000200,,NSBMD model,Confirmed,True,False,,,,,,,,,,False,False
/fielddata/build_model/build_model.narc,/fielddata/build_model/build_model.narc!/member_00136,0,/fielddata/build_model/build_model.narc,261,136,,553824,557344,549492,553012,3520,bdaebba807de3eaff380aef96cf505cb0cbc180db9e4e0bd6e4b793501e09d07,424d4430fffe0200c00d000010000200,,NSBMD model,Confirmed,True,False,,,,,,,,,,False,False
/fielddata/build_model/build_model.narc,/fielddata/build_model/build_model.narc!/member_00137,0,/fielddata/build_model/build_model.narc,261,137,,557344,558156,553012,553824,812,1f253b052d026245638a1081aee69ec14370da7fd9e2913b5023bb745dda8aac,424d4430fffe02002c03000010000200,,NSBMD model,Confirmed,True,False,,,,,,,,,,False,False
/fielddata/build_model/build_model.narc,/fielddata/build_model/build_model.narc!/member_00138,0,/fielddata/build_model/build_model.narc,261,138,,558156,559092,553824,554760,936,95be155df683eda98e6135f580a53ef90de90ec95edb83300b8c8708faa68d67,424d4430fffe0200a803000010000200,,NSBMD model,Confirmed,True,False,,,,,,,,,,False,False
/fielddata/build_model/build_model.narc,/fielddata/build_model/build_model.narc!/member_00139,0,/fielddata/build_model/build_model.narc,261,139,,559092,560028,554760,555696,936,b1e406d425e25fce764a47c52f235d3305f9fd26662f83e8765c8d3f4227c5e0,424d4430fffe0200a803000010000200,,NSBMD model,Confirmed,True,False,,,,,,,,,,False,False
/fielddata/build_model/build_model.narc,/fielddata/build_model/build_model.narc!/member_00140,0,/fielddata/build_model/build_model.narc,261,140,,560028,560964,555696,556632,936,cddea63f0d6c16b8d7a3ab212a21d1ffbcdf9c1fcc5d716e1fa65e5ac20a70b0,424d4430fffe0200a803000010000200,,NSBMD model,Confirmed,True,False,,,,,,,,,,False,False
/fielddata/build_model/build_model.narc,/fielddata/build_model/build_model.narc!/member_00141,0,/fielddata/build_model/build_model.narc,261,141,,560964,561488,556632,557156,524,6264669f8ba3664a37544afc34bb98b3309dd499f2297b1440b1b4918f24abca,424d4430fffe02000c02000010000100,,NSBMD model,Confirmed,True,False,,,,,,,,,,False,False
/fielddata/build_model/build_model.narc,/fielddata/build_model/build_model.narc!/member_00142,0,/fielddata/build_model/build_model.narc,261,142,,561488,562012,557156,557680,524,91a5a44ee68157d0cb9c69f92b1f94412d816a433733ab679f53c3b56e01eb2c,424d4430fffe02000c02000010000100,,NSBMD model,Confirmed,True,False,,,,,,,,,,False,False
/fielddata/build_model/build_model.narc,/fielddata/build_model/build_model.narc!/member_00143,0,/fielddata/build_model/build_model.narc,261,143,,562012,562536,557680,558204,524,bfee46c84f12c465ae3651f4a52b3779fbab82d358972b7f555767abaf8e6cc1,424d4430fffe02000c02000010000100,,NSBMD model,Confirmed,True,False,,,,,,,,,,False,False
/fielddata/build_model/build_model.narc,/fielddata/build_model/build_model.narc!/member_00144,0,/fielddata/build_model/build_model.narc,261,144,,562536,563060,558204,558728,524,0695b1c66f68d21e99b651a83a381d1c6f974652ec107a2a92f0bffd119f8c63,424d4430fffe02000c02000010000100,,NSBMD model,Confirmed,True,False,,,,,,,,,,False,False
/fielddata/build_model/build_model.narc,/fielddata/build_model/build_model.narc!/member_00145,0,/fielddata/build_model/build_model.narc,261,145,,563060,563888,558728,559556,828,bf883e2f80077a3463379979e044cf890ab0a84dc99087e239dc7491381829b6,424d4430fffe02003c03000010000100,,NSBMD model,Confirmed,True,False,,,,,,,,,,False,False
/fielddata/build_model/build_model.narc,/fielddata/build_model/build_model.narc!/member_00146,0,/fielddata/build_model/build_model.narc,261,146,,563888,570900,559556,566568,7012,10d341c75c917cea7186bcfabf2107c8bfdde910764a66c55b8722c0a3e86425,424d4430fffe0200641b000010000200,,NSBMD model,Confirmed,True,False,,,,,,,,,,False,False
/fielddata/build_model/build_model.narc,/fielddata/build_model/build_model.narc!/member_00147,0,/fielddata/build_model/build_model.narc,261,147,,570900,581936,566568,577604,11036,970a1e4661067405113537e7bce4d38d9cd8cf3b277ea49fe12c9426335a4e98,424d4430fffe02001c2b000010000200,,NSBMD model,Confirmed,True,False,,,,,,,,,,False,False
/fielddata/build_model/build_model.narc,/fielddata/build_model/build_model.narc!/member_00148,0,/fielddata/build_model/build_model.narc,261,148,,581936,591104,577604,586772,9168,d9af0fe0a348942274792fe1cbd1825e4f668819602dd1923dfd71d6375b623d,424d4430fffe0200d023000010000200,,NSBMD model,Confirmed,True,False,,,,,,,,,,False,False
/fielddata/build_model/build_model.narc,/fielddata/build_model/build_model.narc!/member_00149,0,/fielddata/build_model/build_model.narc,261,149,,591104,593532,586772,589200,2428,49e82bcfcfa709f0efa2a403675affea4258b09a36e6dc1b41402d120c878d14,424d4430fffe02007c09000010000200,,NSBMD model,Confirmed,True,False,,,,,,,,,,False,False
/fielddata/build_model/build_model.narc,/fielddata/build_model/build_model.narc!/member_00150,0,/fielddata/build_model/build_model.narc,261,150,,593532,594484,589200,590152,952,188eed2106bb5a408425a73f7c8f72ea276fefb29eb70a20d860ce248e0e0407,424d4430fffe0200b803000010000200,,NSBMD model,Confirmed,True,False,,,,,,,,,,False,False
/fielddata/build_model/build_model.narc,/fielddata/build_model/build_model.narc!/member_00151,0,/fielddata/build_model/build_model.narc,261,151,,594484,595272,590152,590940,788,79bdbeeaf5e245908cac6de03fae85f0e505049a80286b9daac31be3f3aeb872,424d4430fffe02001403000010000200,,NSBMD model,Confirmed,True,False,,,,,,,,,,False,False
/fielddata/build_model/build_model.narc,/fielddata/build_model/build_model.narc!/member_00152,0,/fielddata/build_model/build_model.narc,261,152,,595272,598704,590940,594372,3432,18c90f385d4f28b142200d287e63e3ee73ff1333a324b26d81c70c593fcc60c6,424d4430fffe0200680d000010000200,,NSBMD model,Confirmed,True,False,,,,,,,,,,False,False
/fielddata/build_model/build_model.narc,/fielddata/build_model/build_model.narc!/member_00153,0,/fielddata/build_model/build_model.narc,261,153,,598704,599228,594372,594896,524,f0ead8be5f1542be25401b79f83c3aa2f2bd708ee58e7abb587476e2ff7a11a1,424d4430fffe02000c02000010000100,,NSBMD model,Confirmed,True,False,,,,,,,,,,False,False
/fielddata/build_model/build_model.narc,/fielddata/build_model/build_model.narc!/member_00154,0,/fielddata/build_model/build_model.narc,261,154,,599228,600012,594896,595680,784,a55f41b4123e71a4eb7076fc39f36b3b24b344e9c1f7524098281b06e5ddea39,424d4430fffe02001003000010000200,,NSBMD model,Confirmed,True,False,,,,,,,,,,False,False
/fielddata/build_model/build_model.narc,/fielddata/build_model/build_model.narc!/member_00155,0,/fielddata/build_model/build_model.narc,261,155,,600012,602288,595680,597956,2276,b119b66865d746e8f5633f61af834ed074f50c54e66a6cfab587576eb368e9f5,424d4430fffe0200e408000010000200,,NSBMD model,Confirmed,True,False,,,,,,,,,,False,False
/fielddata/build_model/build_model.narc,/fielddata/build_model/build_model.narc!/member_00156,0,/fielddata/build_model/build_model.narc,261,156,,602288,605452,597956,601120,3164,2fd8974f986e2318a73c47f579161295c69f44ffba7a2f7d0d47c566ea7862fe,424d4430fffe02005c0c000010000200,,NSBMD model,Confirmed,True,False,,,,,,,,,,False,False
/fielddata/build_model/build_model.narc,/fielddata/build_model/build_model.narc!/member_00157,0,/fielddata/build_model/build_model.narc,261,157,,605452,606176,601120,601844,724,bbe138d28c29aa10a287fa60ebcc06ba7999d7b425232225803f0f1c1b56de0a,424d4430fffe0200d402000010000200,,NSBMD model,Confirmed,True,False,,,,,,,,,,False,False
/fielddata/build_model/build_model.narc,/fielddata/build_model/build_model.narc!/member_00158,0,/fielddata/build_model/build_model.narc,261,158,,606176,608848,601844,604516,2672,460cf43acbfd07ecc3b80e89fcdc08c84bf6c5fe2234d42e88f139d6e588f34f,424d4430fffe0200700a000010000200,,NSBMD model,Confirmed,True,False,,,,,,,,,,False,False
/fielddata/build_model/build_model.narc,/fielddata/build_model/build_model.narc!/member_00159,0,/fielddata/build_model/build_model.narc,261,159,,608848,610892,604516,606560,2044,843b95013d1fb9ed1423c292ef345b6d08963e7f0865b123d3fde79496fa7682,424d4430fffe0200fc07000010000200,,NSBMD model,Confirmed,True,False,,,,,,,,,,False,False
/fielddata/build_model/build_model.narc,/fielddata/build_model/build_model.narc!/member_00160,0,/fielddata/build_model/build_model.narc,261,160,,610892,614412,606560,610080,3520,b9dc83a88c692c4244932fb51cd8176584ac60a24d5b15eeb25d234026238aa5,424d4430fffe0200c00d000010000200,,NSBMD model,Confirmed,True,False,,,,,,,,,,False,False
/fielddata/build_model/build_model.narc,/fielddata/build_model/build_model.narc!/member_00161,0,/fielddata/build_model/build_model.narc,261,161,,614412,617460,610080,613128,3048,91afe7fe85df82abe0f86e5abb76a3ea945b206fab3b4283df65146cc61cdd90,424d4430fffe0200e80b000010000200,,NSBMD model,Confirmed,True,False,,,,,,,,,,False,False
/fielddata/build_model/build_model.narc,/fielddata/build_model/build_model.narc!/member_00162,0,/fielddata/build_model/build_model.narc,261,162,,617460,618228,613128,613896,768,fda2cfb1fe7ec8b9e946fc6bd225cdcb3ec856c38d84b3ccd1e431ff05451615,424d4430fffe02000003000010000200,,NSBMD model,Confirmed,True,False,,,,,,,,,,False,False
/fielddata/build_model/build_model.narc,/fielddata/build_model/build_model.narc!/member_00163,0,/fielddata/build_model/build_model.narc,261,163,,618228,620832,613896,616500,2604,92754f24011e8be1b7e40712f4cd0cafb4e91a3c0e04223e56891efc4472a18b,424d4430fffe02002c0a000010000200,,NSBMD model,Confirmed,True,False,,,,,,,,,,False,False
/fielddata/build_model/build_model.narc,/fielddata/build_model/build_model.narc!/member_00164,0,/fielddata/build_model/build_model.narc,261,164,,620832,623436,616500,619104,2604,03119ba72f39b058f325c6b734e74c99afa5043a50176c5fa6c35caa41a8c2cf,424d4430fffe02002c0a000010000200,,NSBMD model,Confirmed,True,False,,,,,,,,,,False,False
/fielddata/build_model/build_model.narc,/fielddata/build_model/build_model.narc!/member_00165,0,/fielddata/build_model/build_model.narc,261,165,,623436,626040,619104,621708,2604,7e01a542bf942c142ebfbff57588fc57a8609d607f76867637beb9fb046f0043,424d4430fffe02002c0a000010000200,,NSBMD model,Confirmed,True,False,,,,,,,,,,False,False
/fielddata/build_model/build_model.narc,/fielddata/build_model/build_model.narc!/member_00166,0,/fielddata/build_model/build_model.narc,261,166,,626040,628644,621708,624312,2604,41fc3d014e3d65dfb2fd7ab6b146310bb8ce2b5d8dfae019e45a84086fb1a401,424d4430fffe02002c0a000010000200,,NSBMD model,Confirmed,True,False,,,,,,,,,,False,False
/fielddata/build_model/build_model.narc,/fielddata/build_model/build_model.narc!/member_00167,0,/fielddata/build_model/build_model.narc,261,167,,628644,631248,624312,626916,2604,3a0f9a901c4760f4963b2ae1818045e24cbf1797639f7de3630404ad5cb5ae1e,424d4430fffe02002c0a000010000200,,NSBMD model,Confirmed,True,False,,,,,,,,,,False,False
/fielddata/build_model/build_model.narc,/fielddata/build_model/build_model.narc!/member_00168,0,/fielddata/build_model/build_model.narc,261,168,,631248,633852,626916,629520,2604,c10fe0773733e8803c1b7059a26dcc56b2cef75e1eb0ed5f45694fcf9c2d01e0,424d4430fffe02002c0a000010000200,,NSBMD model,Confirmed,True,False,,,,,,,,,,False,False
/fielddata/build_model/build_model.narc,/fielddata/build_model/build_model.narc!/member_00169,0,/fielddata/build_model/build_model.narc,261,169,,633852,636456,629520,632124,2604,e658f9614b2642ab25734d10aa9fbfab843e19d47e974170aa9c087d080db727,424d4430fffe02002c0a000010000200,,NSBMD model,Confirmed,True,False,,,,,,,,,,False,False
/fielddata/build_model/build_model.narc,/fielddata/build_model/build_model.narc!/member_00170,0,/fielddata/build_model/build_model.narc,261,170,,636456,639060,632124,634728,2604,1717dd1b7291709197b8460b608c1c6b9c29fca87c4a9fe458ad623d8455836d,424d4430fffe02002c0a000010000200,,NSBMD model,Confirmed,True,False,,,,,,,,,,False,False
/fielddata/build_model/build_model.narc,/fielddata/build_model/build_model.narc!/member_00171,0,/fielddata/build_model/build_model.narc,261,171,,639060,641664,634728,637332,2604,9c9ca8e32d96f1886934fecd859c1a9917d7cb4dd604ff096ea0df1e01b10885,424d4430fffe02002c0a000010000200,,NSBMD model,Confirmed,True,False,,,,,,,,,,False,False
/fielddata/build_model/build_model.narc,/fielddata/build_model/build_model.narc!/member_00172,0,/fielddata/build_model/build_model.narc,261,172,,641664,644268,637332,639936,2604,027d7bc53fa6b3fa239d86bb0f4ae9deacf931a06ae14546a5681cbebefa4967,424d4430fffe02002c0a000010000200,,NSBMD model,Confirmed,True,False,,,,,,,,,,False,False
/fielddata/build_model/build_model.narc,/fielddata/build_model/build_model.narc!/member_00173,0,/fielddata/build_model/build_model.narc,261,173,,644268,646872,639936,642540,2604,e7b1636cf8b4cc2d338986abe40cbf3688474088fd8005d5f0ab8508e68cdfde,424d4430fffe02002c0a000010000200,,NSBMD model,Confirmed,True,False,,,,,,,,,,False,False
/fielddata/build_model/build_model.narc,/fielddata/build_model/build_model.narc!/member_00174,0,/fielddata/build_model/build_model.narc,261,174,,646872,649476,642540,645144,2604,28bb1273b57ee2197fc057bee4aca5b147dcc5f64b1740f409b8aad79cd2c188,424d4430fffe02002c0a000010000200,,NSBMD model,Confirmed,True,False,,,,,,,,,,False,False
/fielddata/build_model/build_model.narc,/fielddata/build_model/build_model.narc!/member_00175,0,/fielddata/build_model/build_model.narc,261,175,,649476,652576,645144,648244,3100,d1ae5f38bec31360def4ecda5cc31bdc482f2d24203402364799f975cebe604f,424d4430fffe02001c0c000010000200,,NSBMD model,Confirmed,True,False,,,,,,,,,,False,False
/fielddata/build_model/build_model.narc,/fielddata/build_model/build_model.narc!/member_00176,0,/fielddata/build_model/build_model.narc,261,176,,652576,655064,648244,650732,2488,34935783b9b488d461a28aae2c403fc78dc86ba96e0e513d9c48cc0b5361ae91,424d4430fffe0200b809000010000200,,NSBMD model,Confirmed,True,False,,,,,,,,,,False,False
/fielddata/build_model/build_model.narc,/fielddata/build_model/build_model.narc!/member_00177,0,/fielddata/build_model/build_model.narc,261,177,,655064,658112,650732,653780,3048,d7203adbcecf7f0de481e55b746f6f2d90ee7c59547049a11ed6cd3ae8663b68,424d4430fffe0200e80b000010000200,,NSBMD model,Confirmed,True,False,,,,,,,,,,False,False
/fielddata/build_model/build_model.narc,/fielddata/build_model/build_model.narc!/member_00178,0,/fielddata/build_model/build_model.narc,261,178,,658112,658816,653780,654484,704,11321544a26892f6409f0026e0bf798baaefa7ed7feed9604734bfc49c312207,424d4430fffe0200c002000010000200,,NSBMD model,Confirmed,True,False,,,,,,,,,,False,False
/fielddata/build_model/build_model.narc,/fielddata/build_model/build_model.narc!/member_00179,0,/fielddata/build_model/build_model.narc,261,179,,658816,663624,654484,659292,4808,61b284afcb9f97297491cb3c4e1c378fc2891476259fa25dde16e6c70f9a3df7,424d4430fffe0200c812000010000200,,NSBMD model,Confirmed,True,False,,,,,,,,,,False,False
/fielddata/build_model/build_model.narc,/fielddata/build_model/build_model.narc!/member_00180,0,/fielddata/build_model/build_model.narc,261,180,,663624,664408,659292,660076,784,a735bfc96bc59741d084824dae75b2832a1bb78e3d36020ffbed8f99aa7cbd10,424d4430fffe02001003000010000200,,NSBMD model,Confirmed,True,False,,,,,,,,,,False,False
/fielddata/build_model/build_model.narc,/fielddata/build_model/build_model.narc!/member_00181,0,/fielddata/build_model/build_model.narc,261,181,,664408,665192,660076,660860,784,9fa65bc57737e9d799676b3283141f82019b1ed572e43111c2df3edb67791492,424d4430fffe02001003000010000200,,NSBMD model,Confirmed,True,False,,,,,,,,,,False,False
/fielddata/build_model/build_model.narc,/fielddata/build_model/build_model.narc!/member_00182,0,/fielddata/build_model/build_model.narc,261,182,,665192,667636,660860,663304,2444,671670cf37f3785f6b08b37fb2fb23b94ca0060796f32157e29b0d4a0a2d76fb,424d4430fffe02008c09000010000200,,NSBMD model,Confirmed,True,False,,,,,,,,,,False,False
/fielddata/build_model/build_model.narc,/fielddata/build_model/build_model.narc!/member_00183,0,/fielddata/build_model/build_model.narc,261,183,,667636,670064,663304,665732,2428,32a32d0ea5156967b529f9eb850c01c0a3481678a26e98e6f68f6e8362198c91,424d4430fffe02007c09000010000200,,NSBMD model,Confirmed,True,False,,,,,,,,,,False,False
/fielddata/build_model/build_model.narc,/fielddata/build_model/build_model.narc!/member_00184,0,/fielddata/build_model/build_model.narc,261,184,,670064,672508,665732,668176,2444,f3f54e9d1520e1473c3d8f06e4676e7855c8a3fc7d6ba3158bdab63162a9a2c7,424d4430fffe02008c09000010000200,,NSBMD model,Confirmed,True,False,,,,,,,,,,False,False
/fielddata/build_model/build_model.narc,/fielddata/build_model/build_model.narc!/member_00185,0,/fielddata/build_model/build_model.narc,261,185,,672508,674936,668176,670604,2428,417339448b9086c75d0808b83e3359e689cc34b4dbb288619f6dcbe3766d85b8,424d4430fffe02007c09000010000200,,NSBMD model,Confirmed,True,False,,,,,,,,,,False,False
/fielddata/build_model/build_model.narc,/fielddata/build_model/build_model.narc!/member_00186,0,/fielddata/build_model/build_model.narc,261,186,,674936,685300,670604,680968,10364,0bd23c4b71ae5307ad38c30326a9301548a42ce64c407363792b0e4bf2b1e418,424d4430fffe02007c28000010000200,,NSBMD model,Confirmed,True,False,,,,,,,,,,False,False
/fielddata/build_model/build_model.narc,/fielddata/build_model/build_model.narc!/member_00187,0,/fielddata/build_model/build_model.narc,261,187,,685300,686468,680968,682136,1168,de3d29ef85fc1b22c9e67c6b831833f4a3ee8beae9d3f5af3948b9c0e631f2be,424d4430fffe02009004000010000200,,NSBMD model,Confirmed,True,False,,,,,,,,,,False,False
/fielddata/build_model/build_model.narc,/fielddata/build_model/build_model.narc!/member_00188,0,/fielddata/build_model/build_model.narc,261,188,,686468,694116,682136,689784,7648,9c6857aef1077a0822f17dd7730a78bee752b7778b6ffd635331fe86c33fcf69,424d4430fffe0200e01d000010000200,,NSBMD model,Confirmed,True,False,,,,,,,,,,False,False
/fielddata/build_model/build_model.narc,/fielddata/build_model/build_model.narc!/member_00189,0,/fielddata/build_model/build_model.narc,261,189,,694116,701276,689784,696944,7160,f88012530c149ad4479a112b83f1dffe276eb863c134751d128ecb8161060857,424d4430fffe0200f81b000010000200,,NSBMD model,Confirmed,True,False,,,,,,,,,,False,False
/fielddata/build_model/build_model.narc,/fielddata/build_model/build_model.narc!/member_00190,0,/fielddata/build_model/build_model.narc,261,190,,701276,710180,696944,705848,8904,a21c18e33225b9540d6021661bc16b7f7e2683a23da8566033a843a50628db18,424d4430fffe0200c822000010000200,,NSBMD model,Confirmed,True,False,,,,,,,,,,False,False
/fielddata/build_model/build_model.narc,/fielddata/build_model/build_model.narc!/member_00191,0,/fielddata/build_model/build_model.narc,261,191,,710180,712304,705848,707972,2124,12d1fc4e4f69ae17de19e736232e6931c6c1fd20942550db7d4a24a947b63661,424d4430fffe02004c08000010000200,,NSBMD model,Confirmed,True,False,,,,,,,,,,False,False
/fielddata/build_model/build_model.narc,/fielddata/build_model/build_model.narc!/member_00192,0,/fielddata/build_model/build_model.narc,261,192,,712304,715188,707972,710856,2884,e79f004e3b6f528793520b3806775e01a8c1ea55699050ed3aa52df5b34c4f19,424d4430fffe0200440b000010000200,,NSBMD model,Confirmed,True,False,,,,,,,,,,False,False
/fielddata/build_model/build_model.narc,/fielddata/build_model/build_model.narc!/member_00193,0,/fielddata/build_model/build_model.narc,261,193,,715188,719824,710856,715492,4636,d38dd3f6ef65af4dd9ebc227de3773d7b965ca8c96d8ee9890d82a7465c58156,424d4430fffe02001c12000010000200,,NSBMD model,Confirmed,True,False,,,,,,,,,,False,False
/fielddata/build_model/build_model.narc,/fielddata/build_model/build_model.narc!/member_00194,0,/fielddata/build_model/build_model.narc,261,194,,719824,732996,715492,728664,13172,8459c487e1adb0549a4addd4420b3f0702ecebe3fade72bee2dd75bf9047d3d1,424d4430fffe02007433000010000200,,NSBMD model,Confirmed,True,False,,,,,,,,,,False,False
/fielddata/build_model/build_model.narc,/fielddata/build_model/build_model.narc!/member_00195,0,/fielddata/build_model/build_model.narc,261,195,,732996,744640,728664,740308,11644,8e10d9e9d6ede553860e8bc24d2a5a85894dbf1976802c83177f608f044c7130,424d4430fffe02007c2d000010000200,,NSBMD model,Confirmed,True,False,,,,,,,,,,False,False
/fielddata/build_model/build_model.narc,/fielddata/build_model/build_model.narc!/member_00196,0,/fielddata/build_model/build_model.narc,261,196,,744640,748052,740308,743720,3412,14cf9040c9281bc4488724af13fbb67d21e775939fffff7751d6d0e3be0ad81e,424d4430fffe0200540d000010000200,,NSBMD model,Confirmed,True,False,,,,,,,,,,False,False
/fielddata/build_model/build_model.narc,/fielddata/build_model/build_model.narc!/member_00197,0,/fielddata/build_model/build_model.narc,261,197,,748052,756448,743720,752116,8396,0d45852299fa1c5a0041f9ade3559407f6f19924fe873a9a90fb6120f9d53c47,424d4430fffe0200cc20000010000200,,NSBMD model,Confirmed,True,False,,,,,,,,,,False,False
/fielddata/build_model/build_model.narc,/fielddata/build_model/build_model.narc!/member_00198,0,/fielddata/build_model/build_model.narc,261,198,,756448,763844,752116,759512,7396,6a6737dfbb4a5548a54841b8804455f1471ba3fa74a48495bbad91d25a6ddbf2,424d4430fffe0200e41c000010000200,,NSBMD model,Confirmed,True,False,,,,,,,,,,False,False
/fielddata/build_model/build_model.narc,/fielddata/build_model/build_model.narc!/member_00199,0,/fielddata/build_model/build_model.narc,261,199,,763844,767256,759512,762924,3412,dab4c3881f632ad7f46fa84190f3e27ca44517130ccf74469bb0f3acc72ef9a7,424d4430fffe0200540d000010000200,,NSBMD model,Confirmed,True,False,,,,,,,,,,False,False
/fielddata/build_model/build_model.narc,/fielddata/build_model/build_model.narc!/member_00200,0,/fielddata/build_model/build_model.narc,261,200,,767256,770684,762924,766352,3428,8f65343b28178650054a928646a8ad1ff2b8983f2cafbe4deddc8eab9dcd3116,424d4430fffe0200640d000010000200,,NSBMD model,Confirmed,True,False,,,,,,,,,,False,False
/fielddata/build_model/build_model.narc,/fielddata/build_model/build_model.narc!/member_00201,0,/fielddata/build_model/build_model.narc,261,201,,770684,774096,766352,769764,3412,59f59356417a806cb29c2ba074ef1e4a97a9fe32f4a0dbd9c651641f29a3d0e5,424d4430fffe0200540d000010000200,,NSBMD model,Confirmed,True,False,,,,,,,,,,False,False
/fielddata/build_model/build_model.narc,/fielddata/build_model/build_model.narc!/member_00202,0,/fielddata/build_model/build_model.narc,261,202,,774096,781220,769764,776888,7124,1d7a8e9ce32ee19444054f68985081ef8331a140f0e0c8a874889d1e7260b7d5,424d4430fffe0200d41b000010000200,,NSBMD model,Confirmed,True,False,,,,,,,,,,False,False
/fielddata/build_model/build_model.narc,/fielddata/build_model/build_model.narc!/member_00203,0,/fielddata/build_model/build_model.narc,261,203,,781220,787156,776888,782824,5936,76135ae6af023f1b524c684afe9203ed0f0b5bdf60073568fe001ca0e34cfeed,424d4430fffe02003017000010000200,,NSBMD model,Confirmed,True,False,,,,,,,,,,False,False
/fielddata/build_model/build_model.narc,/fielddata/build_model/build_model.narc!/member_00204,0,/fielddata/build_model/build_model.narc,261,204,,787156,790568,782824,786236,3412,dcf61d88c97d6244f9b58148837155356414a1dce2b3cabe5b092a810454fe86,424d4430fffe0200540d000010000200,,NSBMD model,Confirmed,True,False,,,,,,,,,,False,False
/fielddata/build_model/build_model.narc,/fielddata/build_model/build_model.narc!/member_00205,0,/fielddata/build_model/build_model.narc,261,205,,790568,798652,786236,794320,8084,a7896649dd64ef7c8141dfd15e3accccd11263d07eedd57b7387dc81921f8211,424d4430fffe0200941f000010000200,,NSBMD model,Confirmed,True,False,,,,,,,,,,False,False
/fielddata/build_model/build_model.narc,/fielddata/build_model/build_model.narc!/member_00206,0,/fielddata/build_model/build_model.narc,261,206,,798652,806832,794320,802500,8180,ad74434baf4579f8a0bd62804159c3bf142658fb384ca94bb00b676960627f4b,424d4430fffe0200f41f000010000200,,NSBMD model,Confirmed,True,False,,,,,,,,,,False,False
/fielddata/build_model/build_model.narc,/fielddata/build_model/build_model.narc!/member_00207,0,/fielddata/build_model/build_model.narc,261,207,,806832,816716,802500,812384,9884,5b43659f8c812ff8dd451a9fafd4d1d0a4f2a57d6b965c9d233516460f33a2b5,424d4430fffe02009c26000010000200,,NSBMD model,Confirmed,True,False,,,,,,,,,,False,False
/fielddata/build_model/build_model.narc,/fielddata/build_model/build_model.narc!/member_00208,0,/fielddata/build_model/build_model.narc,261,208,,816716,822808,812384,818476,6092,9d84ca313b255e971734f5bb21e34ccf190172d8305c40107d2d20c1986ff05a,424d4430fffe0200cc17000010000200,,NSBMD model,Confirmed,True,False,,,,,,,,,,False,False
/fielddata/build_model/build_model.narc,/fielddata/build_model/build_model.narc!/member_00209,0,/fielddata/build_model/build_model.narc,261,209,,822808,827580,818476,823248,4772,7bc0cc499ac0079362f226c057b2f9289135e496b4d75a58f9016b7b3bcb8d5b,424d4430fffe0200a412000010000200,,NSBMD model,Confirmed,True,False,,,,,,,,,,False,False
/fielddata/build_model/build_model.narc,/fielddata/build_model/build_model.narc!/member_00210,0,/fielddata/build_model/build_model.narc,261,210,,827580,830240,823248,825908,2660,536e940670b539e8c34e4ce1b2c0d06a9d9abffaab19f786da83159387006e24,424d4430fffe0200640a000010000200,,NSBMD model,Confirmed,True,False,,,,,,,,,,False,False
/fielddata/build_model/build_model.narc,/fielddata/build_model/build_model.narc!/member_00211,0,/fielddata/build_model/build_model.narc,261,211,,830240,833128,825908,828796,2888,0735c77f4c72f8238760c9252bf38ca0bc734244cb53fe0ac3d8189e9436aeb8,424d4430fffe0200480b000010000200,,NSBMD model,Confirmed,True,False,,,,,,,,,,False,False
/fielddata/build_model/build_model.narc,/fielddata/build_model/build_model.narc!/member_00212,0,/fielddata/build_model/build_model.narc,261,212,,833128,849908,828796,845576,16780,6e6a3019f8943a78311b42515729ad354407b4ca705bd0945a00549b64f4f09e,424d4430fffe02008c41000010000200,,NSBMD model,Confirmed,True,False,,,,,,,,,,False,False
/fielddata/build_model/build_model.narc,/fielddata/build_model/build_model.narc!/member_00213,0,/fielddata/build_model/build_model.narc,261,213,,849908,857724,845576,853392,7816,0ca24b89ca04a9415f643c3e0c1aa064de8df544c221353813281ddb6db6b54b,424d4430fffe0200881e000010000200,,NSBMD model,Confirmed,True,False,,,,,,,,,,False,False
/fielddata/build_model/build_model.narc,/fielddata/build_model/build_model.narc!/member_00214,0,/fielddata/build_model/build_model.narc,261,214,,857724,870820,853392,866488,13096,5070e94e6593165d246fa1f4495bf6b824adafa448d414571be1dcd20d2308ab,424d4430fffe02002833000010000200,,NSBMD model,Confirmed,True,False,,,,,,,,,,False,False
/fielddata/build_model/build_model.narc,/fielddata/build_model/build_model.narc!/member_00215,0,/fielddata/build_model/build_model.narc,261,215,,870820,874232,866488,869900,3412,4cba422d47020729fe460ef4237073715f84a3d8bdda76138430e48fd6c4ef24,424d4430fffe0200540d000010000200,,NSBMD model,Confirmed,True,False,,,,,,,,,,False,False
/fielddata/build_model/build_model.narc,/fielddata/build_model/build_model.narc!/member_00216,0,/fielddata/build_model/build_model.narc,261,216,,874232,885268,869900,880936,11036,13519b6bd0986419b5f6bf7f7b5074da1d9c1a796bdfeafec8156c0b929abbc8,424d4430fffe02001c2b000010000200,,NSBMD model,Confirmed,True,False,,,,,,,,,,False,False
/fielddata/build_model/build_model.narc,/fielddata/build_model/build_model.narc!/member_00217,0,/fielddata/build_model/build_model.narc,261,217,,885268,892916,880936,888584,7648,ba7b10f9178cd158d6624ac54f9678c55e6fdee4db03551cb0de26bf5987cfad,424d4430fffe0200e01d000010000200,,NSBMD model,Confirmed,True,False,,,,,,,,,,False,False
/fielddata/build_model/build_model.narc,/fielddata/build_model/build_model.narc!/member_00218,0,/fielddata/build_model/build_model.narc,261,218,,892916,895804,888584,891472,2888,4f0971ef2aa3b1eda6bc1219c62cf04c488bcd3ee2e85273b174003f008b28f6,424d4430fffe0200480b000010000200,,NSBMD model,Confirmed,True,False,,,,,,,,,,False,False
/fielddata/build_model/build_model.narc,/fielddata/build_model/build_model.narc!/member_00219,0,/fielddata/build_model/build_model.narc,261,219,,895804,904200,891472,899868,8396,a91653893abff3a23567dc1cd70737b7d66a936ba70f0cdb036eaa8fab242824,424d4430fffe0200cc20000010000200,,NSBMD model,Confirmed,True,False,,,,,,,,,,False,False
/fielddata/build_model/build_model.narc,/fielddata/build_model/build_model.narc!/member_00220,0,/fielddata/build_model/build_model.narc,261,220,,904200,907612,899868,903280,3412,98346469acdafecc2faa608a9a38367223636670b5e7066c66724d7fa01b4db3,424d4430fffe0200540d000010000200,,NSBMD model,Confirmed,True,False,,,,,,,,,,False,False
/fielddata/build_model/build_model.narc,/fielddata/build_model/build_model.narc!/member_00221,0,/fielddata/build_model/build_model.narc,261,221,,907612,914800,903280,910468,7188,aa1f5aa98e83dfb7fb64e40676f60301f7ff620d428bc12d1e53e0a3ee447908,424d4430fffe0200141c000010000200,,NSBMD model,Confirmed,True,False,,,,,,,,,,False,False
/fielddata/build_model/build_model.narc,/fielddata/build_model/build_model.narc!/member_00222,0,/fielddata/build_model/build_model.narc,261,222,,914800,917684,910468,913352,2884,0a61bec65520a60d1f8687ba5c227b643683a487b9a6ee1a6e962c58b1b44467,424d4430fffe0200440b000010000200,,NSBMD model,Confirmed,True,False,,,,,,,,,,False,False
/fielddata/build_model/build_model.narc,/fielddata/build_model/build_model.narc!/member_00223,0,/fielddata/build_model/build_model.narc,261,223,,917684,926004,913352,921672,8320,cfb13ab58fb973cdb7fe238d8f3d14ff3f2df14e501132254621e3bd629de099,424d4430fffe02008020000010000200,,NSBMD model,Confirmed,True,False,,,,,,,,,,False,False
/fielddata/build_model/build_model.narc,/fielddata/build_model/build_model.narc!/member_00224,0,/fielddata/build_model/build_model.narc,261,224,,926004,939980,921672,935648,13976,030161baa5637eaee10aae812755706c776540e96e5758b571337b6cd153c317,424d4430fffe02009836000010000200,,NSBMD model,Confirmed,True,False,,,,,,,,,,False,False
/fielddata/build_model/build_model.narc,/fielddata/build_model/build_model.narc!/member_00225,0,/fielddata/build_model/build_model.narc,261,225,,939980,943204,935648,938872,3224,7bb0931c4f889214fb8cce1384b9266249f4faec001f53b6a5102327a0821d39,424d4430fffe0200980c000010000200,,NSBMD model,Confirmed,True,False,,,,,,,,,,False,False
/fielddata/build_model/build_model.narc,/fielddata/build_model/build_model.narc!/member_00226,0,/fielddata/build_model/build_model.narc,261,226,,943204,951508,938872,947176,8304,4bd30a8fdcf60605bdd5cea1b6b93e8196de6e61864cd7f3e23c18acb4f640d4,424d4430fffe02007020000010000200,,NSBMD model,Confirmed,True,False,,,,,,,,,,False,False
/fielddata/build_model/build_model.narc,/fielddata/build_model/build_model.narc!/member_00227,0,/fielddata/build_model/build_model.narc,261,227,,951508,960248,947176,955916,8740,c804d1d9fb1071c292f1026010376a68d239880dad5fc03874cbd39f0cf3d7d3,424d4430fffe02002422000010000200,,NSBMD model,Confirmed,True,False,,,,,,,,,,False,False
/fielddata/build_model/build_model.narc,/fielddata/build_model/build_model.narc!/member_00228,0,/fielddata/build_model/build_model.narc,261,228,,960248,973948,955916,969616,13700,cc9c4cf706df208e5ab162eb9dca3e5f09e4888ae4293deff9c8e9932fec3c80,424d4430fffe02008435000010000200,,NSBMD model,Confirmed,True,False,,,,,,,,,,False,False
/fielddata/build_model/build_model.narc,/fielddata/build_model/build_model.narc!/member_00229,0,/fielddata/build_model/build_model.narc,261,229,,973948,977404,969616,973072,3456,f1c46dbffd7464e40015827da07b9ae0f6f8a27f4ca96ed07b6efb0b34301044,424d4430fffe0200800d000010000200,,NSBMD model,Confirmed,True,False,,,,,,,,,,False,False
/fielddata/build_model/build_model.narc,/fielddata/build_model/build_model.narc!/member_00230,0,/fielddata/build_model/build_model.narc,261,230,,977404,978556,973072,974224,1152,a0ac0f19cb78b9dbeb3188ee85ebebc27e177971c3fbdf7c672d2d0ae3bfe6b6,424d4430fffe02008004000010000200,,NSBMD model,Confirmed,True,False,,,,,,,,,,False,False
/fielddata/build_model/build_model.narc,/fielddata/build_model/build_model.narc!/member_00231,0,/fielddata/build_model/build_model.narc,261,231,,978556,981968,974224,977636,3412,2f116ce3e0f3bd10af8732b5a8448931846b9bedde252e0d3a3a8782f01d30a7,424d4430fffe0200540d000010000200,,NSBMD model,Confirmed,True,False,,,,,,,,,,False,False
/fielddata/build_model/build_model.narc,/fielddata/build_model/build_model.narc!/member_00232,0,/fielddata/build_model/build_model.narc,261,232,,981968,985380,977636,981048,3412,46f916e0017032e9fa1f6cc4cc29d31b42b85563036559edef6f161e1032c315,424d4430fffe0200540d000010000200,,NSBMD model,Confirmed,True,False,,,,,,,,,,False,False
/fielddata/build_model/build_model.narc,/fielddata/build_model/build_model.narc!/member_00233,0,/fielddata/build_model/build_model.narc,261,233,,985380,992784,981048,988452,7404,f5bbccc15b98fa97aaff4acdfbc38034a80ac95361caf9a0a7b065a8318252c6,424d4430fffe0200ec1c000010000200,,NSBMD model,Confirmed,True,False,,,,,,,,,,False,False
/fielddata/build_model/build_model.narc,/fielddata/build_model/build_model.narc!/member_00234,0,/fielddata/build_model/build_model.narc,261,234,,992784,1000680,988452,996348,7896,0d67b903a3c81bd2b302d46925263e51af14bc799aee0ea46135b8a20072943c,424d4430fffe0200d81e000010000200,,NSBMD model,Confirmed,True,False,,,,,,,,,,False,False
/fielddata/build_model/build_model.narc,/fielddata/build_model/build_model.narc!/member_00235,0,/fielddata/build_model/build_model.narc,261,235,,1000680,1003904,996348,999572,3224,20223b6c33a63eb08c6acbbb14f19ac168948716a89d11734a26750e4af289ee,424d4430fffe0200980c000010000200,,NSBMD model,Confirmed,True,False,,,,,,,,,,False,False
/fielddata/build_model/build_model.narc,/fielddata/build_model/build_model.narc!/member_00236,0,/fielddata/build_model/build_model.narc,261,236,,1003904,1013708,999572,1009376,9804,21e2cd7375983a45f420d532cc39314c5550249a28bfcc89ca815006695eacf6,424d4430fffe02004c26000010000200,,NSBMD model,Confirmed,True,False,,,,,,,,,,False,False
/fielddata/build_model/build_model.narc,/fielddata/build_model/build_model.narc!/member_00237,0,/fielddata/build_model/build_model.narc,261,237,,1013708,1016860,1009376,1012528,3152,ef57ca46e6b1b46147475eb6ca131541022775625d9261917aca76196f498d2c,424d4430fffe0200500c000010000200,,NSBMD model,Confirmed,True,False,,,,,,,,,,False,False
/fielddata/build_model/build_model.narc,/fielddata/build_model/build_model.narc!/member_00238,0,/fielddata/build_model/build_model.narc,261,238,,1016860,1020716,1012528,1016384,3856,c183d9bea060f7c1ccf6886261287490c65b695e7eaa623b5e5d50f28f54ee01,424d4430fffe0200100f000010000200,,NSBMD model,Confirmed,True,False,,,,,,,,,,False,False
/fielddata/build_model/build_model.narc,/fielddata/build_model/build_model.narc!/member_00239,0,/fielddata/build_model/build_model.narc,261,239,,1020716,1021680,1016384,1017348,964,4f4f902d48e7dbb7dfb6b47de3592a093f00c618c22a8cd67630336de66c256e,424d4430fffe0200c403000010000200,,NSBMD model,Confirmed,True,False,,,,,,,,,,False,False
/fielddata/build_model/build_model.narc,/fielddata/build_model/build_model.narc!/member_00240,0,/fielddata/build_model/build_model.narc,261,240,,1021680,1022644,1017348,1018312,964,1792c7e25fe0b0c7b2063102585fe56e940bdc1f77c209e5a9cb4c8b3358d501,424d4430fffe0200c403000010000200,,NSBMD model,Confirmed,True,False,,,,,,,,,,False,False
/fielddata/build_model/build_model.narc,/fielddata/build_model/build_model.narc!/member_00241,0,/fielddata/build_model/build_model.narc,261,241,,1022644,1023608,1018312,1019276,964,fe1cfc20bf0eec860f027e9b6786206da0cb46292d42fb6f6517f4d78ff3393b,424d4430fffe0200c403000010000200,,NSBMD model,Confirmed,True,False,,,,,,,,,,False,False
/fielddata/build_model/build_model.narc,/fielddata/build_model/build_model.narc!/member_00242,0,/fielddata/build_model/build_model.narc,261,242,,1023608,1029928,1019276,1025596,6320,7c6f48783700ade368ef3b4c5ded7a3e7c94dbebfcf4222552d7ad59b87db74f,424d4430fffe0200b018000010000200,,NSBMD model,Confirmed,True,False,,,,,,,,,,False,False
/fielddata/build_model/build_model.narc,/fielddata/build_model/build_model.narc!/member_00243,0,/fielddata/build_model/build_model.narc,261,243,,1029928,1033616,1025596,1029284,3688,779937b98910024e03bed28d46d493588ba6f6b5dc0a7bd9bba5f93ac0f1dfd2,424d4430fffe0200680e000010000200,,NSBMD model,Confirmed,True,False,,,,,,,,,,False,False
/fielddata/build_model/build_model.narc,/fielddata/build_model/build_model.narc!/member_00244,0,/fielddata/build_model/build_model.narc,261,244,,1033616,1039056,1029284,1034724,5440,6d30db33c97245a09c5672598f66f95d3dfccf75e61f6eb7f07d9a4bf2672ca1,424d4430fffe02004015000010000200,,NSBMD model,Confirmed,True,False,,,,,,,,,,False,False
/fielddata/build_model/build_model.narc,/fielddata/build_model/build_model.narc!/member_00245,0,/fielddata/build_model/build_model.narc,261,245,,1039056,1047248,1034724,1042916,8192,4eb1d19c5f3fd87390e4023db990d81babc4801508267c234c3a6942edcfd1a4,424d4430fffe02000020000010000200,,NSBMD model,Confirmed,True,False,,,,,,,,,,False,False
/fielddata/build_model/build_model.narc,/fielddata/build_model/build_model.narc!/member_00246,0,/fielddata/build_model/build_model.narc,261,246,,1047248,1048460,1042916,1044128,1212,76d7311be55aa3a3ad4e8f21ae921d3a34813e2563ab5766240d81cebd6d11c4,424d4430fffe0200bc04000010000200,,NSBMD model,Confirmed,True,False,,,,,,,,,,False,False
/fielddata/build_model/build_model.narc,/fielddata/build_model/build_model.narc!/member_00247,0,/fielddata/build_model/build_model.narc,261,247,,1048460,1051308,1044128,1046976,2848,a26e9db2f001bc63659068b7373c3df4b84f42603727bb1e2c9a568809ea3516,424d4430fffe0200200b000010000200,,NSBMD model,Confirmed,True,False,,,,,,,,,,False,False
/fielddata/build_model/build_model.narc,/fielddata/build_model/build_model.narc!/member_00248,0,/fielddata/build_model/build_model.narc,261,248,,1051308,1054776,1046976,1050444,3468,e5c716b85cae2cc5b8338f9e3c9ddf4361e662c91ce8914b4e93429988b778db,424d4430fffe02008c0d000010000200,,NSBMD model,Confirmed,True,False,,,,,,,,,,False,False
/fielddata/build_model/build_model.narc,/fielddata/build_model/build_model.narc!/member_00249,0,/fielddata/build_model/build_model.narc,261,249,,1054776,1055480,1050444,1051148,704,09a2451589fdea9f8a18f0b963790d0766834db38f74eb2a8da96a5fb7143fc2,424d4430fffe0200c002000010000200,,NSBMD model,Confirmed,True,False,,,,,,,,,,False,False
/fielddata/build_model/build_model.narc,/fielddata/build_model/build_model.narc!/member_00250,0,/fielddata/build_model/build_model.narc,261,250,,1055480,1057080,1051148,1052748,1600,f4e2397cd3fe9e816f3bb8d94b52c890571d41c1cc2ba704ff2490b8f6ae4e8f,424d4430fffe02004006000010000200,,NSBMD model,Confirmed,True,False,,,,,,,,,,False,False
/fielddata/build_model/build_model.narc,/fielddata/build_model/build_model.narc!/member_00251,0,/fielddata/build_model/build_model.narc,261,251,,1057080,1059068,1052748,1054736,1988,4997311d84a5fe36f026bbfde1058623f02c7bd6ddb89cbc39efca986eef14a6,424d4430fffe0200c407000010000200,,NSBMD model,Confirmed,True,False,,,,,,,,,,False,False
/fielddata/build_model/build_model.narc,/fielddata/build_model/build_model.narc!/member_00252,0,/fielddata/build_model/build_model.narc,261,252,,1059068,1063944,1054736,1059612,4876,3d57a1203844d4b3b9e5fd20fe9e2f18b4f097e482eaff60e6e24b303f66cd0f,424d4430fffe02000c13000010000200,,NSBMD model,Confirmed,True,False,,,,,,,,,,False,False
/fielddata/build_model/build_model.narc,/fielddata/build_model/build_model.narc!/member_00253,0,/fielddata/build_model/build_model.narc,261,253,,1063944,1066048,1059612,1061716,2104,8a1321d5c4ddde30259bc2393dc3b63c33ea8dbb8ddb2537c1c36ee730a3e545,424d4430fffe02003808000010000200,,NSBMD model,Confirmed,True,False,,,,,,,,,,False,False
/fielddata/build_model/build_model.narc,/fielddata/build_model/build_model.narc!/member_00254,0,/fielddata/build_model/build_model.narc,261,254,,1066048,1067216,1061716,1062884,1168,096986341cb33c93b636f0643093b5a97508e807d3c2f1603b52313c98aae83f,424d4430fffe02009004000010000200,,NSBMD model,Confirmed,True,False,,,,,,,,,,False,False
/fielddata/build_model/build_model.narc,/fielddata/build_model/build_model.narc!/member_00255,0,/fielddata/build_model/build_model.narc,261,255,,1067216,1068384,1062884,1064052,1168,8da95c3fc18845f0b6adf1f931713781993dc4c52f78f46485ca1934bc24a2d8,424d4430fffe02009004000010000200,,NSBMD model,Confirmed,True,False,,,,,,,,,,False,False
/fielddata/build_model/build_model.narc,/fielddata/build_model/build_model.narc!/member_00256,0,/fielddata/build_model/build_model.narc,261,256,,1068384,1070928,1064052,1066596,2544,4793a50863d62087363df9480a5a5482e65d6bc2a2188e52fd5fdc637e104202,424d4430fffe0200f009000010000200,,NSBMD model,Confirmed,True,False,,,,,,,,,,False,False
/fielddata/build_model/build_model.narc,/fielddata/build_model/build_model.narc!/member_00257,0,/fielddata/build_model/build_model.narc,261,257,,1070928,1074092,1066596,1069760,3164,f304c8af8c717fee339599b8d1fb0a64a9bc0f0667009f6d747785b994b15f17,424d4430fffe02005c0c000010000200,,NSBMD model,Confirmed,True,False,,,,,,,,,,False,False
/fielddata/build_model/build_model.narc,/fielddata/build_model/build_model.narc!/member_00258,0,/fielddata/build_model/build_model.narc,261,258,,1074092,1075636,1069760,1071304,1544,fc281d02b4a9eccf29e74b72af561319e91253d8c41d54384e94618e502f4dcd,424d4430fffe02000806000010000200,,NSBMD model,Confirmed,True,False,,,,,,,,,,False,False
/fielddata/build_model/build_model.narc,/fielddata/build_model/build_model.narc!/member_00259,0,/fielddata/build_model/build_model.narc,261,259,,1075636,1077556,1071304,1073224,1920,e74f4e9c70e93b725ed1fee875ab05966da687d9d3e55ab97f8993d818163873,424d4430fffe02008007000010000200,,NSBMD model,Confirmed,True,False,,,,,,,,,,False,False
/fielddata/build_model/build_model.narc,/fielddata/build_model/build_model.narc!/member_00260,0,/fielddata/build_model/build_model.narc,261,260,,1077556,1079260,1073224,1074928,1704,b1b9c8ed0736941f12dcaed641c0c787555c855d84698e5d18221a053e22968e,424d4430fffe0200a806000010000200,,NSBMD model,Confirmed,True,False,,,,,,,,,,False,False
/fielddata/build_model/build_model.narc,/fielddata/build_model/build_model.narc!/member_00261,0,/fielddata/build_model/build_model.narc,261,261,,1079260,1080568,1074928,1076236,1308,f396c8ec810ab77976a985aba6ab580edd9c0dff59f72a26c636a6c6a6cd0a8e,424d4430fffe02001c05000010000200,,NSBMD model,Confirmed,True,False,,,,,,,,,,False,False
/fielddata/build_model/build_model.narc,/fielddata/build_model/build_model.narc!/member_00262,0,/fielddata/build_model/build_model.narc,261,262,,1080568,1087036,1076236,1082704,6468,ad0ff75dbb57eab5158042f796acd56253b4e747f6a9ad840f6a880bb8df18e4,424d4430fffe02004419000010000200,,NSBMD model,Confirmed,True,False,,,,,,,,,,False,False
/fielddata/build_model/build_model.narc,/fielddata/build_model/build_model.narc!/member_00263,0,/fielddata/build_model/build_model.narc,261,263,,1087036,1095164,1082704,1090832,8128,54c73660203c71bc0b08da9d0e48f1c400e6488a93f37fc6ba42aba9fd657bf3,424d4430fffe0200c01f000010000200,,NSBMD model,Confirmed,True,False,,,,,,,,,,False,False
/fielddata/build_model/build_model.narc,/fielddata/build_model/build_model.narc!/member_00264,0,/fielddata/build_model/build_model.narc,261,264,,1095164,1097304,1090832,1092972,2140,df0bde90aeb3fb8158cfe1cf47687412ad25f41bf43c26b62136bc1d37e76b5c,424d4430fffe02005c08000010000200,,NSBMD model,Confirmed,True,False,,,,,,,,,,False,False
/fielddata/build_model/build_model.narc,/fielddata/build_model/build_model.narc!/member_00265,0,/fielddata/build_model/build_model.narc,261,265,,1097304,1108236,1092972,1103904,10932,5783b5a13b851463ded8201fd2ec17766885eac9d3e1cd455ae8c117aba86c23,424d4430fffe0200b42a000010000200,,NSBMD model,Confirmed,True,False,,,,,,,,,,False,False
/fielddata/build_model/build_model.narc,/fielddata/build_model/build_model.narc!/member_00266,0,/fielddata/build_model/build_model.narc,261,266,,1108236,1110224,1103904,1105892,1988,787d3c810e6f399b6c9aaf166e2edd9888babc94b34a4ae84ad7deb92260f49d,424d4430fffe0200c407000010000200,,NSBMD model,Confirmed,True,False,,,,,,,,,,False,False
/fielddata/build_model/build_model.narc,/fielddata/build_model/build_model.narc!/member_00267,0,/fielddata/build_model/build_model.narc,261,267,,1110224,1113332,1105892,1109000,3108,7a77a92a93e0b8ac31c4d05d229af76179ae32f5608e80fc12229dbcb089bf84,424d4430fffe0200240c000010000200,,NSBMD model,Confirmed,True,False,,,,,,,,,,False,False
/fielddata/build_model/build_model.narc,/fielddata/build_model/build_model.narc!/member_00268,0,/fielddata/build_model/build_model.narc,261,268,,1113332,1116216,1109000,1111884,2884,e4ecc97ada145bef848d7237a20e03a44b93f71f768e92b2c0eb472f34ebca01,424d4430fffe0200440b000010000200,,NSBMD model,Confirmed,True,False,,,,,,,,,,False,False
/fielddata/build_model/build_model.narc,/fielddata/build_model/build_model.narc!/member_00269,0,/fielddata/build_model/build_model.narc,261,269,,1116216,1119100,1111884,1114768,2884,43a89824e19d791459fd9349133c5cb6ed6bd97e5f2c547b788186fd5e00c348,424d4430fffe0200440b000010000200,,NSBMD model,Confirmed,True,False,,,,,,,,,,False,False
/fielddata/build_model/build_model.narc,/fielddata/build_model/build_model.narc!/member_00270,0,/fielddata/build_model/build_model.narc,261,270,,1119100,1122208,1114768,1117876,3108,6aee4d715a12d79e84a8fec4eefa64c50cff1de43e563ef0411be844ee4fcd26,424d4430fffe0200240c000010000200,,NSBMD model,Confirmed,True,False,,,,,,,,,,False,False
/fielddata/build_model/build_model.narc,/fielddata/build_model/build_model.narc!/member_00271,0,/fielddata/build_model/build_model.narc,261,271,,1122208,1123944,1117876,1119612,1736,e41fdbf29d2299cdf9b0a50be3372444b14671fee45d548a00500869f238f454,424d4430fffe0200c806000010000200,,NSBMD model,Confirmed,True,False,,,,,,,,,,False,False
/fielddata/build_model/build_model.narc,/fielddata/build_model/build_model.narc!/member_00272,0,/fielddata/build_model/build_model.narc,261,272,,1123944,1125112,1119612,1120780,1168,a292c01bd8984408d2a18da46f291b61ffe88c901cd9d065ca84d673184106b5,424d4430fffe02009004000010000200,,NSBMD model,Confirmed,True,False,,,,,,,,,,False,False
/fielddata/build_model/build_model.narc,/fielddata/build_model/build_model.narc!/member_00273,0,/fielddata/build_model/build_model.narc,261,273,,1125112,1127996,1120780,1123664,2884,79d883e6045fafd78a5e020d9dd58add374692d19f53adbb47c6ec1929af2362,424d4430fffe0200440b000010000200,,NSBMD model,Confirmed,True,False,,,,,,,,,,False,False
/fielddata/build_model/build_model.narc,/fielddata/build_model/build_model.narc!/member_00274,0,/fielddata/build_model/build_model.narc,261,274,,1127996,1130880,1123664,1126548,2884,a69fa42cb0c012e30f2f8bdb46aba346d4573218ccc1a49258469d759a443379,424d4430fffe0200440b000010000200,,NSBMD model,Confirmed,True,False,,,,,,,,,,False,False
/fielddata/build_model/build_model.narc,/fielddata/build_model/build_model.narc!/member_00275,0,/fielddata/build_model/build_model.narc,261,275,,1130880,1134872,1126548,1130540,3992,1da6c8cdf8f555bb2ec4938ea3a2bf6873857eaf6b1a01d178370ef5d830da69,424d4430fffe0200980f000010000200,,NSBMD model,Confirmed,True,False,,,,,,,,,,False,False
/fielddata/build_model/build_model.narc,/fielddata/build_model/build_model.narc!/member_00276,0,/fielddata/build_model/build_model.narc,261,276,,1134872,1138500,1130540,1134168,3628,10c2fafc34bab6cffc4b9538aae1bdcc576d063469bdd0ae9554577b72f7d3ee,424d4430fffe02002c0e000010000200,,NSBMD model,Confirmed,True,False,,,,,,,,,,False,False
/fielddata/build_model/build_model.narc,/fielddata/build_model/build_model.narc!/member_00277,0,/fielddata/build_model/build_model.narc,261,277,,1138500,1141056,1134168,1136724,2556,71b716d8a4874739793c502d14d635b74c8b131f8c5632cf4e372f722874d2d7,424d4430fffe0200fc09000010000200,,NSBMD model,Confirmed,True,False,,,,,,,,,,False,False
/fielddata/build_model/build_model.narc,/fielddata/build_model/build_model.narc!/member_00278,0,/fielddata/build_model/build_model.narc,261,278,,1141056,1144208,1136724,1139876,3152,6bd97b0f96694047383e7de351a1a219db094fb6de9a9904c0ec069d202059b9,424d4430fffe0200500c000010000200,,NSBMD model,Confirmed,True,False,,,,,,,,,,False,False
/fielddata/build_model/build_model.narc,/fielddata/build_model/build_model.narc!/member_00279,0,/fielddata/build_model/build_model.narc,261,279,,1144208,1147960,1139876,1143628,3752,489ff3acdbd30ecd8ce998ea442873855f2e9cf542821b528d71e7f97d121b9f,424d4430fffe0200a80e000010000200,,NSBMD model,Confirmed,True,False,,,,,,,,,,False,False
/fielddata/build_model/build_model.narc,/fielddata/build_model/build_model.narc!/member_00280,0,/fielddata/build_model/build_model.narc,261,280,,1147960,1151992,1143628,1147660,4032,b62b11a45b581e87702ad3d8c9e7c264a84a9aa53172b5973631e6f4bf882e23,424d4430fffe0200c00f000010000200,,NSBMD model,Confirmed,True,False,,,,,,,,,,False,False
/fielddata/build_model/build_model.narc,/fielddata/build_model/build_model.narc!/member_00281,0,/fielddata/build_model/build_model.narc,261,281,,1151992,1153716,1147660,1149384,1724,2801406196b81c99d690ee3e512bbabe06720fac4857266410f01da9fba7326e,424d4430fffe0200bc06000010000200,,NSBMD model,Confirmed,True,False,,,,,,,,,,False,False
/fielddata/build_model/build_model.narc,/fielddata/build_model/build_model.narc!/member_00282,0,/fielddata/build_model/build_model.narc,261,282,,1153716,1154500,1149384,1150168,784,b86cec557d96a277c7159f038cc42c8e611272f3595189558de31592e80dbc48,424d4430fffe02001003000010000200,,NSBMD model,Confirmed,True,False,,,,,,,,,,False,False
/fielddata/build_model/build_model.narc,/fielddata/build_model/build_model.narc!/member_00283,0,/fielddata/build_model/build_model.narc,261,283,,1154500,1155312,1150168,1150980,812,b474df13e1822ee9ec3609271e47df9c64825de8ee7f4181c4294934365ebfa3,424d4430fffe02002c03000010000200,,NSBMD model,Confirmed,True,False,,,,,,,,,,False,False
/fielddata/build_model/build_model.narc,/fielddata/build_model/build_model.narc!/member_00284,0,/fielddata/build_model/build_model.narc,261,284,,1155312,1156080,1150980,1151748,768,ad7c0ffa6a11bd6ac466bb00cef747ef4ffbfab77f407cfc6f3f85cc75842fab,424d4430fffe02000003000010000200,,NSBMD model,Confirmed,True,False,,,,,,,,,,False,False
/fielddata/build_model/build_model.narc,/fielddata/build_model/build_model.narc!/member_00285,0,/fielddata/build_model/build_model.narc,261,285,,1156080,1157768,1151748,1153436,1688,8aa88a82452b825d105239d6a2f9c4dcdff0eb6ccc92501dd77c73880ea73764,424d4430fffe02009806000010000200,,NSBMD model,Confirmed,True,False,,,,,,,,,,False,False
/fielddata/build_model/build_model.narc,/fielddata/build_model/build_model.narc!/member_00286,0,/fielddata/build_model/build_model.narc,261,286,,1157768,1158552,1153436,1154220,784,b883cdd51062a9b80d926825e4e13e02cd909788a3495f5022f034fa725b846a,424d4430fffe02001003000010000200,,NSBMD model,Confirmed,True,False,,,,,,,,,,False,False
/fielddata/build_model/build_model.narc,/fielddata/build_model/build_model.narc!/member_00287,0,/fielddata/build_model/build_model.narc,261,287,,1158552,1160008,1154220,1155676,1456,d16180ad017b9f5e9b01f9d55b4848babc4dfc9aed950159711ce63ea90f6659,424d4430fffe0200b005000010000200,,NSBMD model,Confirmed,True,False,,,,,,,,,,False,False
/fielddata/build_model/build_model.narc,/fielddata/build_model/build_model.narc!/member_00288,0,/fielddata/build_model/build_model.narc,261,288,,1160008,1161520,1155676,1157188,1512,b07e41e0aa11abd1662bf5538f537c5e6fdfec4fc7359d494e6dd4a506381fd7,424d4430fffe0200e805000010000200,,NSBMD model,Confirmed,True,False,,,,,,,,,,False,False
/fielddata/build_model/build_model.narc,/fielddata/build_model/build_model.narc!/member_00289,0,/fielddata/build_model/build_model.narc,261,289,,1161520,1162940,1157188,1158608,1420,2929fff57031ab909f8c67008cb72809542772068c6af0467d5bf4fa53b416e1,424d4430fffe02008c05000010000200,,NSBMD model,Confirmed,True,False,,,,,,,,,,False,False
/fielddata/build_model/build_model.narc,/fielddata/build_model/build_model.narc!/member_00290,0,/fielddata/build_model/build_model.narc,261,290,,1162940,1164424,1158608,1160092,1484,eb912cd14be4ddf23ad45afe3cc766e5fd650ef17afeffa9dfaa14b170e3f738,424d4430fffe0200cc05000010000200,,NSBMD model,Confirmed,True,False,,,,,,,,,,False,False
/fielddata/build_model/build_model.narc,/fielddata/build_model/build_model.narc!/member_00291,0,/fielddata/build_model/build_model.narc,261,291,,1164424,1165924,1160092,1161592,1500,55ac7e0d0c6e6e553eff1ab83a05f30ed7ae7939885ebaa702ba856579c297b3,424d4430fffe0200dc05000010000200,,NSBMD model,Confirmed,True,False,,,,,,,,,,False,False
/fielddata/build_model/build_model.narc,/fielddata/build_model/build_model.narc!/member_00292,0,/fielddata/build_model/build_model.narc,261,292,,1165924,1167440,1161592,1163108,1516,4e6b05c067773370d36696a7799a25f02c7111f8c40084eaefc0ce2b46d8763a,424d4430fffe0200ec05000010000200,,NSBMD model,Confirmed,True,False,,,,,,,,,,False,False
/fielddata/build_model/build_model.narc,/fielddata/build_model/build_model.narc!/member_00293,0,/fielddata/build_model/build_model.narc,261,293,,1167440,1168852,1163108,1164520,1412,1368f043b27d65d8dd5289c757fd0a6951dd614f3ed1d51d0fec65efc5c24aa2,424d4430fffe02008405000010000200,,NSBMD model,Confirmed,True,False,,,,,,,,,,False,False
/fielddata/build_model/build_model.narc,/fielddata/build_model/build_model.narc!/member_00294,0,/fielddata/build_model/build_model.narc,261,294,,1168852,1170452,1164520,1166120,1600,ac1a6e825ae6435630203336487f9a56d735895c3c70e0e1d887a55d6e781293,424d4430fffe02004006000010000200,,NSBMD model,Confirmed,True,False,,,,,,,,,,False,False
/fielddata/build_model/build_model.narc,/fielddata/build_model/build_model.narc!/member_00295,0,/fielddata/build_model/build_model.narc,261,295,,1170452,1172052,1166120,1167720,1600,8c034aff8ba2aca0dbe577d6451ee4e8525993b0bd9bb0e2a48316db978baf86,424d4430fffe02004006000010000200,,NSBMD model,Confirmed,True,False,,,,,,,,,,False,False
/fielddata/build_model/build_model.narc,/fielddata/build_model/build_model.narc!/member_00296,0,/fielddata/build_model/build_model.narc,261,296,,1172052,1173652,1167720,1169320,1600,f31fee667a2d77d4479db30fa1566bf853c7486c8507e37c20348752779aac36,424d4430fffe02004006000010000200,,NSBMD model,Confirmed,True,False,,,,,,,,,,False,False
/fielddata/build_model/build_model.narc,/fielddata/build_model/build_model.narc!/member_00297,0,/fielddata/build_model/build_model.narc,261,297,,1173652,1175252,1169320,1170920,1600,029918db56b58a39e6403005a9682a2e7076ddcd4ceda3b180339c5b7f1babbc,424d4430fffe02004006000010000200,,NSBMD model,Confirmed,True,False,,,,,,,,,,False,False
/fielddata/build_model/build_model.narc,/fielddata/build_model/build_model.narc!/member_00298,0,/fielddata/build_model/build_model.narc,261,298,,1175252,1176128,1170920,1171796,876,ac3af2fc9a7af76148d3eb4cc996d50fdeea5e0d0230db783c87e38c654af26d,424d4430fffe02006c03000010000200,,NSBMD model,Confirmed,True,False,,,,,,,,,,False,False
/fielddata/build_model/build_model.narc,/fielddata/build_model/build_model.narc!/member_00299,0,/fielddata/build_model/build_model.narc,261,299,,1176128,1188184,1171796,1183852,12056,07d148b1d3c74f8fe5a688c7552acd57d2bc8e582f3091fb2f92f53a49605d03,424d4430fffe0200182f000010000200,,NSBMD model,Confirmed,True,False,,,,,,,,,,False,False
/fielddata/build_model/build_model.narc,/fielddata/build_model/build_model.narc!/member_00300,0,/fielddata/build_model/build_model.narc,261,300,,1188184,1198628,1183852,1194296,10444,4c2a9cf3e66babf0a59d69582984019e5f69157813566634f0c377c6b3993afd,424d4430fffe0200cc28000010000200,,NSBMD model,Confirmed,True,False,,,,,,,,,,False,False
/fielddata/build_model/build_model.narc,/fielddata/build_model/build_model.narc!/member_00301,0,/fielddata/build_model/build_model.narc,261,301,,1198628,1207228,1194296,1202896,8600,a1b2dab5e3ab9a853141f90404192896baa7d136cbfeca6902475efe1f5772f0,424d4430fffe02009821000010000200,,NSBMD model,Confirmed,True,False,,,,,,,,,,False,False
/fielddata/build_model/build_model.narc,/fielddata/build_model/build_model.narc!/member_00302,0,/fielddata/build_model/build_model.narc,261,302,,1207228,1213676,1202896,1209344,6448,c688e3134e176e545f8ec712acbd92c20791b1795e598612158cda0eaca9e994,424d4430fffe02003019000010000200,,NSBMD model,Confirmed,True,False,,,,,,,,,,False,False
/fielddata/build_model/build_model.narc,/fielddata/build_model/build_model.narc!/member_00303,0,/fielddata/build_model/build_model.narc,261,303,,1213676,1215100,1209344,1210768,1424,39611bdfb23f28ef34c8f9d2245e67751da4b9772bcd6d230a63198b1ba411f9,424d4430fffe02009005000010000200,,NSBMD model,Confirmed,True,False,,,,,,,,,,False,False
/fielddata/build_model/build_model.narc,/fielddata/build_model/build_model.narc!/member_00304,0,/fielddata/build_model/build_model.narc,261,304,,1215100,1216596,1210768,1212264,1496,55e302b61687dd44e4e15eee38e5ed67f022e28e188af160a5b8f8b8dcf4ec56,424d4430fffe0200d805000010000200,,NSBMD model,Confirmed,True,False,,,,,,,,,,False,False
/fielddata/build_model/build_model.narc,/fielddata/build_model/build_model.narc!/member_00305,0,/fielddata/build_model/build_model.narc,261,305,,1216596,1219368,1212264,1215036,2772,d79071782470e7eb28389823fb20a9a3dd5204d0a131db76fed80f0e364e640c,424d4430fffe0200d40a000010000200,,NSBMD model,Confirmed,True,False,,,,,,,,,,False,False
/fielddata/build_model/build_model.narc,/fielddata/build_model/build_model.narc!/member_00306,0,/fielddata/build_model/build_model.narc,261,306,,1219368,1222140,1215036,1217808,2772,7c6283679976bcf4247843b97da4ea34ad9596fb22720fe4c7a1fc1d7494427b,424d4430fffe0200d40a000010000200,,NSBMD model,Confirmed,True,False,,,,,,,,,,False,False
/fielddata/build_model/build_model.narc,/fielddata/build_model/build_model.narc!/member_00307,0,/fielddata/build_model/build_model.narc,261,307,,1222140,1225192,1217808,1220860,3052,7c3c42520c38f3c88b86cbc66d7bdffecca8eeb80c234c1fc25a689869cd6420,424d4430fffe0200ec0b000010000200,,NSBMD model,Confirmed,True,False,,,,,,,,,,False,False
/fielddata/build_model/build_model.narc,/fielddata/build_model/build_model.narc!/member_00308,0,/fielddata/build_model/build_model.narc,261,308,,1225192,1228292,1220860,1223960,3100,ec0ffc39842922e53b216db2f7bb303124f2df8adb799117f4aea2ebe42190c1,424d4430fffe02001c0c000010000200,,NSBMD model,Confirmed,True,False,,,,,,,,,,False,False
/fielddata/build_model/build_model.narc,/fielddata/build_model/build_model.narc!/member_00309,0,/fielddata/build_model/build_model.narc,261,309,,1228292,1231044,1223960,1226712,2752,4cb1a3444dd778158869946f4b8ca5171d0d19879e86cd6e787943bf504d3400,424d4430fffe0200c00a000010000200,,NSBMD model,Confirmed,True,False,,,,,,,,,,False,False
/fielddata/build_model/build_model.narc,/fielddata/build_model/build_model.narc!/member_00310,0,/fielddata/build_model/build_model.narc,261,310,,1231044,1233796,1226712,1229464,2752,d474ae90b443e704589fcd0a1582a38fe4dc2e985316ed5d9eb2a5f27f1305f2,424d4430fffe0200c00a000010000200,,NSBMD model,Confirmed,True,False,,,,,,,,,,False,False
/fielddata/build_model/build_model.narc,/fielddata/build_model/build_model.narc!/member_00311,0,/fielddata/build_model/build_model.narc,261,311,,1233796,1235840,1229464,1231508,2044,67edc909cd97511a5fa3247a7966e9bcc92d4358e7c51c043e50bd9b9eb5eadc,424d4430fffe0200fc07000010000200,,NSBMD model,Confirmed,True,False,,,,,,,,,,False,False
/fielddata/build_model/build_model.narc,/fielddata/build_model/build_model.narc!/member_00312,0,/fielddata/build_model/build_model.narc,261,312,,1235840,1237036,1231508,1232704,1196,c917f463b5b7570fe06dcbf5707196cba0d76d886e1e3b92a649d8f319269f29,424d4430fffe0200ac04000010000200,,NSBMD model,Confirmed,True,False,,,,,,,,,,False,False
/fielddata/build_model/build_model.narc,/fielddata/build_model/build_model.narc!/member_00313,0,/fielddata/build_model/build_model.narc,261,313,,1237036,1238248,1232704,1233916,1212,ad6e2ae8a72c5cd36eafc7fcc8d653bdecf5ebc504914a854fe98f001e33ab90,424d4430fffe0200bc04000010000200,,NSBMD model,Confirmed,True,False,,,,,,,,,,False,False
/fielddata/build_model/build_model.narc,/fielddata/build_model/build_model.narc!/member_00314,0,/fielddata/build_model/build_model.narc,261,314,,1238248,1243812,1233916,1239480,5564,f747aaae54ea0ee4284077911bc3a066b65f5ba38047bc2811673ddfe1fa9ebf,424d4430fffe0200bc15000010000200,,NSBMD model,Confirmed,True,False,,,,,,,,,,False,False
/fielddata/build_model/build_model.narc,/fielddata/build_model/build_model.narc!/member_00315,0,/fielddata/build_model/build_model.narc,261,315,,1243812,1252608,1239480,1248276,8796,7bead582c95b8db20a5dece64ecd8dae21277a6dc9b0be16c3ddca2065a136fe,424d4430fffe02005c22000010000200,,NSBMD model,Confirmed,True,False,,,,,,,,,,False,False
/fielddata/build_model/build_model.narc,/fielddata/build_model/build_model.narc!/member_00316,0,/fielddata/build_model/build_model.narc,261,316,,1252608,1255432,1248276,1251100,2824,6699e937d879c378b87f666aa00eac5516cce4e61ba64699e36b4fe4bd2cf4da,424d4430fffe0200080b000010000200,,NSBMD model,Confirmed,True,False,,,,,,,,,,False,False
/fielddata/build_model/build_model.narc,/fielddata/build_model/build_model.narc!/member_00317,0,/fielddata/build_model/build_model.narc,261,317,,1255432,1258256,1251100,1253924,2824,489aa5bc91e5b127d0c84995e335786a78a6ebfad8734002335ae9cb4aefddef,424d4430fffe0200080b000010000200,,NSBMD model,Confirmed,True,False,,,,,,,,,,False,False
/fielddata/build_model/build_model.narc,/fielddata/build_model/build_model.narc!/member_00318,0,/fielddata/build_model/build_model.narc,261,318,,1258256,1261080,1253924,1256748,2824,42ea2f957ebdcfe6a0bb1ac28ee549859d75bea3bb75c091bc06f4b0f9f3154f,424d4430fffe0200080b000010000200,,NSBMD model,Confirmed,True,False,,,,,,,,,,False,False
/fielddata/build_model/build_model.narc,/fielddata/build_model/build_model.narc!/member_00319,0,/fielddata/build_model/build_model.narc,261,319,,1261080,1263904,1256748,1259572,2824,1eebf447eef9e25a5ba75fd40ed0ff784ab39e64438c24d0eadfadff8913f7f4,424d4430fffe0200080b000010000200,,NSBMD model,Confirmed,True,False,,,,,,,,,,False,False
/fielddata/build_model/build_model.narc,/fielddata/build_model/build_model.narc!/member_00320,0,/fielddata/build_model/build_model.narc,261,320,,1263904,1266728,1259572,1262396,2824,4fa1f224fd4034986c5e2d43224766cad9043963e3a8bc9b016ecb7b13e8a833,424d4430fffe0200080b000010000200,,NSBMD model,Confirmed,True,False,,,,,,,,,,False,False
/fielddata/build_model/build_model.narc,/fielddata/build_model/build_model.narc!/member_00321,0,/fielddata/build_model/build_model.narc,261,321,,1266728,1272164,1262396,1267832,5436,f37e72ffbf891326af90e686d9b2ec5fcce6a11097cacf32b81900180ab5bf62,424d4430fffe02003c15000010000200,,NSBMD model,Confirmed,True,False,,,,,,,,,,False,False
/fielddata/build_model/build_model.narc,/fielddata/build_model/build_model.narc!/member_00322,0,/fielddata/build_model/build_model.narc,261,322,,1272164,1277600,1267832,1273268,5436,180e7e35ea0e66590306f206d946531add867138c8346062b44af46c4635fafe,424d4430fffe02003c15000010000200,,NSBMD model,Confirmed,True,False,,,,,,,,,,False,False
/fielddata/build_model/build_model.narc,/fielddata/build_model/build_model.narc!/member_00323,0,/fielddata/build_model/build_model.narc,261,323,,1277600,1283036,1273268,1278704,5436,8e812ebb0fb137cf0338abbe7d974cd378e8661b524f0af5bbc444359561e179,424d4430fffe02003c15000010000200,,NSBMD model,Confirmed,True,False,,,,,,,,,,False,False
/fielddata/build_model/build_model.narc,/fielddata/build_model/build_model.narc!/member_00324,0,/fielddata/build_model/build_model.narc,261,324,,1283036,1288472,1278704,1284140,5436,55df940772b3b60f7a1347e08a35a2aff2aa3abd1e9255a8a157a2f9c695ea0d,424d4430fffe02003c15000010000200,,NSBMD model,Confirmed,True,False,,,,,,,,,,False,False
/fielddata/build_model/build_model.narc,/fielddata/build_model/build_model.narc!/member_00325,0,/fielddata/build_model/build_model.narc,261,325,,1288472,1293908,1284140,1289576,5436,a19573f1cc401aa2d763edf5be8862c2f246f39cb57a98c4f872652b084ddc6c,424d4430fffe02003c15000010000200,,NSBMD model,Confirmed,True,False,,,,,,,,,,False,False
/fielddata/build_model/build_model.narc,/fielddata/build_model/build_model.narc!/member_00326,0,/fielddata/build_model/build_model.narc,261,326,,1293908,1299344,1289576,1295012,5436,e93ceff9dca1cc9bab14a917bbbedd703c0eeb60749f95a74d8f4281f8d57d9c,424d4430fffe02003c15000010000200,,NSBMD model,Confirmed,True,False,,,,,,,,,,False,False
/fielddata/build_model/build_model.narc,/fielddata/build_model/build_model.narc!/member_00327,0,/fielddata/build_model/build_model.narc,261,327,,1299344,1304780,1295012,1300448,5436,70115d17bf01512e6ad323a40e22d1bf5eaf3181ec168a9cb89a13d46871ef55,424d4430fffe02003c15000010000200,,NSBMD model,Confirmed,True,False,,,,,,,,,,False,False
/fielddata/build_model/build_model.narc,/fielddata/build_model/build_model.narc!/member_00328,0,/fielddata/build_model/build_model.narc,261,328,,1304780,1310216,1300448,1305884,5436,a947d604749ae25cea892a9ff609fd8cf25c517358afdade47ce9a1e825e3a6d,424d4430fffe02003c15000010000200,,NSBMD model,Confirmed,True,False,,,,,,,,,,False,False
/fielddata/build_model/build_model.narc,/fielddata/build_model/build_model.narc!/member_00329,0,/fielddata/build_model/build_model.narc,261,329,,1310216,1313524,1305884,1309192,3308,572629098c3b4e0bcae120e5274de4b21e6bc19ed33a2d5a4fa0448e97540c3f,424d4430fffe0200ec0c000010000200,,NSBMD model,Confirmed,True,False,,,,,,,,,,False,False
/fielddata/build_model/build_model.narc,/fielddata/build_model/build_model.narc!/member_00330,0,/fielddata/build_model/build_model.narc,261,330,,1313524,1316832,1309192,1312500,3308,b296a9deb4593d7cac3a02c75e911924fb560055c9aa2b2b5cfc3a3e9395de55,424d4430fffe0200ec0c000010000200,,NSBMD model,Confirmed,True,False,,,,,,,,,,False,False
/fielddata/build_model/build_model.narc,/fielddata/build_model/build_model.narc!/member_00331,0,/fielddata/build_model/build_model.narc,261,331,,1316832,1322188,1312500,1317856,5356,18ad816f375cc4ef9349ffd8282a09ff13d167f66c67c270c6ec073b1e431338,424d4430fffe0200ec14000010000200,,NSBMD model,Confirmed,True,False,,,,,,,,,,False,False
/fielddata/build_model/build_model.narc,/fielddata/build_model/build_model.narc!/member_00332,0,/fielddata/build_model/build_model.narc,261,332,,1322188,1325176,1317856,1320844,2988,e016d3a1914ad617189fc80ae1ece15d997a16e111afb8e4c3ac1806e2923e5a,424d4430fffe0200ac0b000010000200,,NSBMD model,Confirmed,True,False,,,,,,,,,,False,False
/fielddata/build_model/build_model.narc,/fielddata/build_model/build_model.narc!/member_00333,0,/fielddata/build_model/build_model.narc,261,333,,1325176,1328184,1320844,1323852,3008,f8bdc5fdbba34523b6bd0f7b255de7c4a306cb3695c660fbc3776b65d698828e,424d4430fffe0200c00b000010000200,,NSBMD model,Confirmed,True,False,,,,,,,,,,False,False
/fielddata/build_model/build_model.narc,/fielddata/build_model/build_model.narc!/member_00334,0,/fielddata/build_model/build_model.narc,261,334,,1328184,1331192,1323852,1326860,3008,7cc06a52ca7a5b130101fd552617c530c2fdf941c9513a942b41a77661fa465e,424d4430fffe0200c00b000010000200,,NSBMD model,Confirmed,True,False,,,,,,,,,,False,False
/fielddata/build_model/build_model.narc,/fielddata/build_model/build_model.narc!/member_00335,0,/fielddata/build_model/build_model.narc,261,335,,1331192,1334200,1326860,1329868,3008,32a21bf14542c5bcd209ad87ae4fc41ffbd93f50a434123c8e60e8929165e67d,424d4430fffe0200c00b000010000200,,NSBMD model,Confirmed,True,False,,,,,,,,,,False,False
/fielddata/build_model/build_model.narc,/fielddata/build_model/build_model.narc!/member_00336,0,/fielddata/build_model/build_model.narc,261,336,,1334200,1337208,1329868,1332876,3008,1186d268f04c004aeec9bb4953bc677e6364a9e96775843bf69358301fbf629b,424d4430fffe0200c00b000010000200,,NSBMD model,Confirmed,True,False,,,,,,,,,,False,False
/fielddata/build_model/build_model.narc,/fielddata/build_model/build_model.narc!/member_00337,0,/fielddata/build_model/build_model.narc,261,337,,1337208,1338004,1332876,1333672,796,1281be6234530bdcc97e5aeae9ec34d7232c6aabae60a9fa79ec395cb82b0e9d,424d4430fffe02001c03000010000200,,NSBMD model,Confirmed,True,False,,,,,,,,,,False,False
/fielddata/build_model/build_model.narc,/fielddata/build_model/build_model.narc!/member_00338,0,/fielddata/build_model/build_model.narc,261,338,,1338004,1338800,1333672,1334468,796,0a52648d7a0e68a055d87256d64ce119879024cde30c6d6430981a6e838677b5,424d4430fffe02001c03000010000200,,NSBMD model,Confirmed,True,False,,,,,,,,,,False,False
/fielddata/build_model/build_model.narc,/fielddata/build_model/build_model.narc!/member_00339,0,/fielddata/build_model/build_model.narc,261,339,,1338800,1339596,1334468,1335264,796,e077c74c3803b63658584221193ebfb84ce9f1bcf6b81080771368ae5bf5ac8f,424d4430fffe02001c03000010000200,,NSBMD model,Confirmed,True,False,,,,,,,,,,False,False
/fielddata/build_model/build_model.narc,/fielddata/build_model/build_model.narc!/member_00340,0,/fielddata/build_model/build_model.narc,261,340,,1339596,1340392,1335264,1336060,796,ef5669ab75942e5738910bd6bbf1ad861367ba032a2096c970cde42564091f1d,424d4430fffe02001c03000010000200,,NSBMD model,Confirmed,True,False,,,,,,,,,,False,False
/fielddata/build_model/build_model.narc,/fielddata/build_model/build_model.narc!/member_00341,0,/fielddata/build_model/build_model.narc,261,341,,1340392,1341188,1336060,1336856,796,2bd44f59caeff12844f56685806ce3b8f376ddb321246440decc3537756fb87e,424d4430fffe02001c03000010000200,,NSBMD model,Confirmed,True,False,,,,,,,,,,False,False
/fielddata/build_model/build_model.narc,/fielddata/build_model/build_model.narc!/member_00342,0,/fielddata/build_model/build_model.narc,261,342,,1341188,1341984,1336856,1337652,796,d8f0ff759421916f138caa3a42907f9bbcc977996bd489f6f25e8b8caa3da959,424d4430fffe02001c03000010000200,,NSBMD model,Confirmed,True,False,,,,,,,,,,False,False
/fielddata/build_model/build_model.narc,/fielddata/build_model/build_model.narc!/member_00343,0,/fielddata/build_model/build_model.narc,261,343,,1341984,1342780,1337652,1338448,796,a824984583dcf14f67837aee3fbed1f51792b75536e523d2e49a8a61d046012e,424d4430fffe02001c03000010000200,,NSBMD model,Confirmed,True,False,,,,,,,,,,False,False
/fielddata/build_model/build_model.narc,/fielddata/build_model/build_model.narc!/member_00344,0,/fielddata/build_model/build_model.narc,261,344,,1342780,1343576,1338448,1339244,796,fcf674c262b931b0d6f49659aacc3577bef40602d6e7b197c95e8cc379aefb2d,424d4430fffe02001c03000010000200,,NSBMD model,Confirmed,True,False,,,,,,,,,,False,False
/fielddata/build_model/build_model.narc,/fielddata/build_model/build_model.narc!/member_00345,0,/fielddata/build_model/build_model.narc,261,345,,1343576,1344372,1339244,1340040,796,f5a7a6930b83a48a614840fc4523511146273fecec23c7cde1012600e3ca1549,424d4430fffe02001c03000010000200,,NSBMD model,Confirmed,True,False,,,,,,,,,,False,False
/fielddata/build_model/build_model.narc,/fielddata/build_model/build_model.narc!/member_00346,0,/fielddata/build_model/build_model.narc,261,346,,1344372,1345168,1340040,1340836,796,fcdc2182b29646eb93f76c9eeb2390e13a499dc700e1fc3bb8bc0a68fd703885,424d4430fffe02001c03000010000200,,NSBMD model,Confirmed,True,False,,,,,,,,,,False,False
/fielddata/build_model/build_model.narc,/fielddata/build_model/build_model.narc!/member_00347,0,/fielddata/build_model/build_model.narc,261,347,,1345168,1345964,1340836,1341632,796,b3b8c9f164bac0fcfe6629dc4c68eab98aa13ca54c8f614cda1960cde50783a2,424d4430fffe02001c03000010000200,,NSBMD model,Confirmed,True,False,,,,,,,,,,False,False
/fielddata/build_model/build_model.narc,/fielddata/build_model/build_model.narc!/member_00348,0,/fielddata/build_model/build_model.narc,261,348,,1345964,1346760,1341632,1342428,796,6b55345da56d7b48c9ba1883de0f028c0d6e1b6b4f560e97090ac7ba18236dd5,424d4430fffe02001c03000010000200,,NSBMD model,Confirmed,True,False,,,,,,,,,,False,False
/fielddata/build_model/build_model.narc,/fielddata/build_model/build_model.narc!/member_00349,0,/fielddata/build_model/build_model.narc,261,349,,1346760,1347556,1342428,1343224,796,d71accb36faf6aa2faaca550e091098063c612b14fc3d889799ced39d9d34f23,424d4430fffe02001c03000010000200,,NSBMD model,Confirmed,True,False,,,,,,,,,,False,False
/fielddata/build_model/build_model.narc,/fielddata/build_model/build_model.narc!/member_00350,0,/fielddata/build_model/build_model.narc,261,350,,1347556,1348352,1343224,1344020,796,f8ba18561620e342187faae1c1943ac19ab71d2124ab44f50748fe3a192862e8,424d4430fffe02001c03000010000200,,NSBMD model,Confirmed,True,False,,,,,,,,,,False,False
/fielddata/build_model/build_model.narc,/fielddata/build_model/build_model.narc!/member_00351,0,/fielddata/build_model/build_model.narc,261,351,,1348352,1349148,1344020,1344816,796,4cd08793661055201e89a9bb41abdefe5bfa461b1d94c889e952722228202b8d,424d4430fffe02001c03000010000200,,NSBMD model,Confirmed,True,False,,,,,,,,,,False,False
/fielddata/build_model/build_model.narc,/fielddata/build_model/build_model.narc!/member_00352,0,/fielddata/build_model/build_model.narc,261,352,,1349148,1349944,1344816,1345612,796,27240d64724436468fa176f2b5dfaed42f677c113a0354303fbaba587953f2df,424d4430fffe02001c03000010000200,,NSBMD model,Confirmed,True,False,,,,,,,,,,False,False
/fielddata/build_model/build_model.narc,/fielddata/build_model/build_model.narc!/member_00353,0,/fielddata/build_model/build_model.narc,261,353,,1349944,1350740,1345612,1346408,796,bb6d4bb6e95072949a295787dc9628b95155436b436bed1d3aa392d7b4da2b26,424d4430fffe02001c03000010000200,,NSBMD model,Confirmed,True,False,,,,,,,,,,False,False
/fielddata/build_model/build_model.narc,/fielddata/build_model/build_model.narc!/member_00354,0,/fielddata/build_model/build_model.narc,261,354,,1350740,1351536,1346408,1347204,796,a17b426d21eeda4dc63996a847b297e7901e40ff16b94256d7627374af7709f8,424d4430fffe02001c03000010000200,,NSBMD model,Confirmed,True,False,,,,,,,,,,False,False
/fielddata/build_model/build_model.narc,/fielddata/build_model/build_model.narc!/member_00355,0,/fielddata/build_model/build_model.narc,261,355,,1351536,1352332,1347204,1348000,796,243c406a8d07b151cc1b8d6ea42d968cc7d0f299e176c05b6e3639e8a841c526,424d4430fffe02001c03000010000200,,NSBMD model,Confirmed,True,False,,,,,,,,,,False,False
/fielddata/build_model/build_model.narc,/fielddata/build_model/build_model.narc!/member_00356,0,/fielddata/build_model/build_model.narc,261,356,,1352332,1353128,1348000,1348796,796,b74656f88635d7e1a218f629fc97b419f8fc6dc8cc21ff2ac49f519694117a8e,424d4430fffe02001c03000010000200,,NSBMD model,Confirmed,True,False,,,,,,,,,,False,False
/fielddata/build_model/build_model.narc,/fielddata/build_model/build_model.narc!/member_00357,0,/fielddata/build_model/build_model.narc,261,357,,1353128,1353924,1348796,1349592,796,2ab30b19e1dce92de78f56e4bee04bc0a85f39d37070a35c42d7adb19c8bc893,424d4430fffe02001c03000010000200,,NSBMD model,Confirmed,True,False,,,,,,,,,,False,False
/fielddata/build_model/build_model.narc,/fielddata/build_model/build_model.narc!/member_00358,0,/fielddata/build_model/build_model.narc,261,358,,1353924,1354720,1349592,1350388,796,27a6ebb17b15febcba20cfce1a4ed3fe027e0781205443de69bd4c4843ce4b0f,424d4430fffe02001c03000010000200,,NSBMD model,Confirmed,True,False,,,,,,,,,,False,False
/fielddata/build_model/build_model.narc,/fielddata/build_model/build_model.narc!/member_00359,0,/fielddata/build_model/build_model.narc,261,359,,1354720,1355516,1350388,1351184,796,28d1f365176ebcf338a13d246dc02dc0cc58798b7e23b23cabe7dad4d102f3f3,424d4430fffe02001c03000010000200,,NSBMD model,Confirmed,True,False,,,,,,,,,,False,False
/fielddata/build_model/build_model.narc,/fielddata/build_model/build_model.narc!/member_00360,0,/fielddata/build_model/build_model.narc,261,360,,1355516,1356312,1351184,1351980,796,9100f34c94d5034655c04579632301ca1187dee44f753ac1eee3bd72bb713702,424d4430fffe02001c03000010000200,,NSBMD model,Confirmed,True,False,,,,,,,,,,False,False
/fielddata/build_model/build_model.narc,/fielddata/build_model/build_model.narc!/member_00361,0,/fielddata/build_model/build_model.narc,261,361,,1356312,1357112,1351980,1352780,800,189e1155f6e5f7444e7fcbcb238b231aa7ae586f953e790f1a46acb8f21557ec,424d4430fffe02002003000010000200,,NSBMD model,Confirmed,True,False,,,,,,,,,,False,False
/fielddata/build_model/build_model.narc,/fielddata/build_model/build_model.narc!/member_00362,0,/fielddata/build_model/build_model.narc,261,362,,1357112,1357912,1352780,1353580,800,38caaafac7a4a8a7bbb0177809e1029b8f4fe6b81ecc9caa81344ba37f413903,424d4430fffe02002003000010000200,,NSBMD model,Confirmed,True,False,,,,,,,,,,False,False
/fielddata/build_model/build_model.narc,/fielddata/build_model/build_model.narc!/member_00363,0,/fielddata/build_model/build_model.narc,261,363,,1357912,1358712,1353580,1354380,800,152408b6d034cc86cca3663e929cb275e08b9a22292848e75fab09f1e438b8aa,424d4430fffe02002003000010000200,,NSBMD model,Confirmed,True,False,,,,,,,,,,False,False
/fielddata/build_model/build_model.narc,/fielddata/build_model/build_model.narc!/member_00364,0,/fielddata/build_model/build_model.narc,261,364,,1358712,1359512,1354380,1355180,800,d3fb7fc60ae6c30ab34c0830ac1dd3f3e29a90927bbb6bbbfab6cb27f0908f90,424d4430fffe02002003000010000200,,NSBMD model,Confirmed,True,False,,,,,,,,,,False,False
/fielddata/build_model/build_model.narc,/fielddata/build_model/build_model.narc!/member_00365,0,/fielddata/build_model/build_model.narc,261,365,,1359512,1360312,1355180,1355980,800,c98e5cb66d7963c4a635161623088ddd01fae0e8c5ce896cb9376a00f04598f2,424d4430fffe02002003000010000200,,NSBMD model,Confirmed,True,False,,,,,,,,,,False,False
/fielddata/build_model/build_model.narc,/fielddata/build_model/build_model.narc!/member_00366,0,/fielddata/build_model/build_model.narc,261,366,,1360312,1363656,1355980,1359324,3344,525f4097bf3ab50dbac4bd1a2e68c3890206cee0b7fabc74025c6684556a24cf,424d4430fffe0200100d000010000200,,NSBMD model,Confirmed,True,False,,,,,,,,,,False,False
/fielddata/build_model/build_model.narc,/fielddata/build_model/build_model.narc!/member_00367,0,/fielddata/build_model/build_model.narc,261,367,,1363656,1367000,1359324,1362668,3344,bec6cf8b7e5f3b2a5c20862306ff14f1e243aefb2ce44a2d3423e718eb3bea64,424d4430fffe0200100d000010000200,,NSBMD model,Confirmed,True,False,,,,,,,,,,False,False
/fielddata/build_model/build_model.narc,/fielddata/build_model/build_model.narc!/member_00368,0,/fielddata/build_model/build_model.narc,261,368,,1367000,1370344,1362668,1366012,3344,d4ceb9e84f237d8c5a1434b604bb6785980813d8fbc710362b8099285b4d0eb8,424d4430fffe0200100d000010000200,,NSBMD model,Confirmed,True,False,,,,,,,,,,False,False
/fielddata/build_model/build_model.narc,/fielddata/build_model/build_model.narc!/member_00369,0,/fielddata/build_model/build_model.narc,261,369,,1370344,1373688,1366012,1369356,3344,22459557a98cea19f7b7b82b46b2047bc84808a7fd97b317525e20f0ada19378,424d4430fffe0200100d000010000200,,NSBMD model,Confirmed,True,False,,,,,,,,,,False,False
/fielddata/build_model/build_model.narc,/fielddata/build_model/build_model.narc!/member_00370,0,/fielddata/build_model/build_model.narc,261,370,,1373688,1375820,1369356,1371488,2132,6dc2a228e0edd5f665b7ffc1a1ff057ab8cce079b9399c5ec7237f2a9e26462f,424d4430fffe02005408000010000200,,NSBMD model,Confirmed,True,False,,,,,,,,,,False,False
/fielddata/build_model/build_model.narc,/fielddata/build_model/build_model.narc!/member_00371,0,/fielddata/build_model/build_model.narc,261,371,,1375820,1377940,1371488,1373608,2120,68ecbce8dc41a04bf5a365148528a1b2899da2e31af77d7cf7fbc7e0baabd498,424d4430fffe02004808000010000200,,NSBMD model,Confirmed,True,False,,,,,,,,,,False,False
/fielddata/build_model/build_model.narc,/fielddata/build_model/build_model.narc!/member_00372,0,/fielddata/build_model/build_model.narc,261,372,,1377940,1380056,1373608,1375724,2116,b694af3dd2029d3bff88799373992cf071a3c92b6aa3f82dd8fec503f8bc946d,424d4430fffe02004408000010000200,,NSBMD model,Confirmed,True,False,,,,,,,,,,False,False
/fielddata/build_model/build_model.narc,/fielddata/build_model/build_model.narc!/member_00373,0,/fielddata/build_model/build_model.narc,261,373,,1380056,1382176,1375724,1377844,2120,e7ef0adba84d7c586910e2b939836a4a5035e849e18f2ff02531184e3cfdeaca,424d4430fffe02004808000010000200,,NSBMD model,Confirmed,True,False,,,,,,,,,,False,False
/fielddata/build_model/build_model.narc,/fielddata/build_model/build_model.narc!/member_00374,0,/fielddata/build_model/build_model.narc,261,374,,1382176,1382976,1377844,1378644,800,c2113a0e282fa81c1e9662504963d106f6285e5a7cc2563dabde1fc9863b1d0d,424d4430fffe02002003000010000200,,NSBMD model,Confirmed,True,False,,,,,,,,,,False,False
/fielddata/build_model/build_model.narc,/fielddata/build_model/build_model.narc!/member_00375,0,/fielddata/build_model/build_model.narc,261,375,,1382976,1383776,1378644,1379444,800,fbd17f03a6c5ad673d062913e99e741fc0f4b7e5b2e8c390f88d3668be139d87,424d4430fffe02002003000010000200,,NSBMD model,Confirmed,True,False,,,,,,,,,,False,False
/fielddata/build_model/build_model.narc,/fielddata/build_model/build_model.narc!/member_00376,0,/fielddata/build_model/build_model.narc,261,376,,1383776,1384576,1379444,1380244,800,9b1e5e16143b06412f1290e56a0fe6f0056e438342a03f2bdabeeaf9daf0cffc,424d4430fffe02002003000010000200,,NSBMD model,Confirmed,True,False,,,,,,,,,,False,False
/fielddata/build_model/build_model.narc,/fielddata/build_model/build_model.narc!/member_00377,0,/fielddata/build_model/build_model.narc,261,377,,1384576,1385376,1380244,1381044,800,f0686eaccfc83bb6da4020bcdffdceb9de41748017ac341d8e6422767affe12c,424d4430fffe02002003000010000200,,NSBMD model,Confirmed,True,False,,,,,,,,,,False,False
/fielddata/build_model/build_model.narc,/fielddata/build_model/build_model.narc!/member_00378,0,/fielddata/build_model/build_model.narc,261,378,,1385376,1387480,1381044,1383148,2104,82c8c447ee97aa479942b559b386d5b2ace5a39061af87f7cf9c7eb986640b28,424d4430fffe02003808000010000200,,NSBMD model,Confirmed,True,False,,,,,,,,,,False,False
/fielddata/build_model/build_model.narc,/fielddata/build_model/build_model.narc!/member_00379,0,/fielddata/build_model/build_model.narc,261,379,,1387480,1389636,1383148,1385304,2156,38cb452c155539a14923b72186dfb0a074a776422674cb3f6628612ca519dedc,424d4430fffe02006c08000010000200,,NSBMD model,Confirmed,True,False,,,,,,,,,,False,False
/fielddata/build_model/build_model.narc,/fielddata/build_model/build_model.narc!/member_00380,0,/fielddata/build_model/build_model.narc,261,380,,1389636,1393732,1385304,1389400,4096,2201be79f72ac96c97c9bbc0af379b95c8952aa80981f32a5f07f0245a589a10,424d4430fffe02000010000010000200,,NSBMD model,Confirmed,True,False,,,,,,,,,,False,False
/fielddata/build_model/build_model.narc,/fielddata/build_model/build_model.narc!/member_00381,0,/fielddata/build_model/build_model.narc,261,381,,1393732,1394884,1389400,1390552,1152,06b133c4937ef27a617b139563c4644b9aef435d579ee9860c598ef38d3cfb36,424d4430fffe02008004000010000200,,NSBMD model,Confirmed,True,False,,,,,,,,,,False,False
/fielddata/build_model/build_model.narc,/fielddata/build_model/build_model.narc!/member_00382,0,/fielddata/build_model/build_model.narc,261,382,,1394884,1396036,1390552,1391704,1152,e26c3d67e5ec6e16dbf8436efc508298b70516b40990e0570bf0ad613fa24ac2,424d4430fffe02008004000010000200,,NSBMD model,Confirmed,True,False,,,,,,,,,,False,False
/fielddata/build_model/build_model.narc,/fielddata/build_model/build_model.narc!/member_00383,0,/fielddata/build_model/build_model.narc,261,383,,1396036,1397188,1391704,1392856,1152,4ee5f504b5b419a8807442f39c12e78bb98af9045ce84f811d6bad7c62fb8181,424d4430fffe02008004000010000200,,NSBMD model,Confirmed,True,False,,,,,,,,,,False,False
/fielddata/build_model/build_model.narc,/fielddata/build_model/build_model.narc!/member_00384,0,/fielddata/build_model/build_model.narc,261,384,,1397188,1398356,1392856,1394024,1168,b5d938325b676dbf1fe43b025286b500a4d3b7e3de4601583f4ad09360e0dce3,424d4430fffe02009004000010000200,,NSBMD model,Confirmed,True,False,,,,,,,,,,False,False
/fielddata/build_model/build_model.narc,/fielddata/build_model/build_model.narc!/member_00385,0,/fielddata/build_model/build_model.narc,261,385,,1398356,1399508,1394024,1395176,1152,07e3d409658fd50cd9657ebef9d10632f9835250d046e5979243740e6aca5ae7,424d4430fffe02008004000010000200,,NSBMD model,Confirmed,True,False,,,,,,,,,,False,False
/fielddata/build_model/build_model.narc,/fielddata/build_model/build_model.narc!/member_00386,0,/fielddata/build_model/build_model.narc,261,386,,1399508,1400676,1395176,1396344,1168,fd7189614764631c37659902d81526964b2c50e138ae9c496852975ccc6d7acc,424d4430fffe02009004000010000200,,NSBMD model,Confirmed,True,False,,,,,,,,,,False,False
/fielddata/build_model/build_model.narc,/fielddata/build_model/build_model.narc!/member_00387,0,/fielddata/build_model/build_model.narc,261,387,,1400676,1401828,1396344,1397496,1152,8a4a91041786bda7ce068825c21884824a0792626a89de8cd27617d230ce66a5,424d4430fffe02008004000010000200,,NSBMD model,Confirmed,True,False,,,,,,,,,,False,False
/fielddata/build_model/build_model.narc,/fielddata/build_model/build_model.narc!/member_00388,0,/fielddata/build_model/build_model.narc,261,388,,1401828,1402980,1397496,1398648,1152,774bdb8fedf3342429db0f2c74ee25a18021025dc52537017a6571b945c1308b,424d4430fffe02008004000010000200,,NSBMD model,Confirmed,True,False,,,,,,,,,,False,False
/fielddata/build_model/build_model.narc,/fielddata/build_model/build_model.narc!/member_00389,0,/fielddata/build_model/build_model.narc,261,389,,1402980,1404148,1398648,1399816,1168,7d5b4434be65bdaa8a4038fc2be322eaf87c83e6707171e683296c35aa6ded0c,424d4430fffe02009004000010000200,,NSBMD model,Confirmed,True,False,,,,,,,,,,False,False
/fielddata/build_model/build_model.narc,/fielddata/build_model/build_model.narc!/member_00390,0,/fielddata/build_model/build_model.narc,261,390,,1404148,1405316,1399816,1400984,1168,240e845807051a9d958965981e88c431804e5e97f1daeb7e29f246adbbb8ebc4,424d4430fffe02009004000010000200,,NSBMD model,Confirmed,True,False,,,,,,,,,,False,False
/fielddata/build_model/build_model.narc,/fielddata/build_model/build_model.narc!/member_00391,0,/fielddata/build_model/build_model.narc,261,391,,1405316,1406484,1400984,1402152,1168,e3c3b07eb5dae7da3afb9a20c4bc56f31769be1e3b6efcd475a607b9156b42e7,424d4430fffe02009004000010000200,,NSBMD model,Confirmed,True,False,,,,,,,,,,False,False
/fielddata/build_model/build_model.narc,/fielddata/build_model/build_model.narc!/member_00392,0,/fielddata/build_model/build_model.narc,261,392,,1406484,1407652,1402152,1403320,1168,4134f652391e177d838b409131e74e160e1f073daaee4aa215226861299c02e0,424d4430fffe02009004000010000200,,NSBMD model,Confirmed,True,False,,,,,,,,,,False,False
/fielddata/build_model/build_model.narc,/fielddata/build_model/build_model.narc!/member_00393,0,/fielddata/build_model/build_model.narc,261,393,,1407652,1408804,1403320,1404472,1152,bd231256a7ec320d9c92e5b5d403f8631f992fcce435ae39c9afe998ac24629f,424d4430fffe02008004000010000200,,NSBMD model,Confirmed,True,False,,,,,,,,,,False,False
/fielddata/build_model/build_model.narc,/fielddata/build_model/build_model.narc!/member_00394,0,/fielddata/build_model/build_model.narc,261,394,,1408804,1409972,1404472,1405640,1168,b46adc9de02a40ce5766248a9288eb31a71ddc900e9701fdaec28bbe819ee3b4,424d4430fffe02009004000010000200,,NSBMD model,Confirmed,True,False,,,,,,,,,,False,False
/fielddata/build_model/build_model.narc,/fielddata/build_model/build_model.narc!/member_00395,0,/fielddata/build_model/build_model.narc,261,395,,1409972,1411140,1405640,1406808,1168,ed862d53df84d2e58b4d49c8b093e831d98b529cf6ce6ecfe336f4da58f176e8,424d4430fffe02009004000010000200,,NSBMD model,Confirmed,True,False,,,,,,,,,,False,False
/fielddata/build_model/build_model.narc,/fielddata/build_model/build_model.narc!/member_00396,0,/fielddata/build_model/build_model.narc,261,396,,1411140,1412292,1406808,1407960,1152,91ec66483ae2bd09e37ce2de6e522d7fcc9073d17e48b51f8a9ba9ebecbe85f4,424d4430fffe02008004000010000200,,NSBMD model,Confirmed,True,False,,,,,,,,,,False,False
/fielddata/build_model/build_model.narc,/fielddata/build_model/build_model.narc!/member_00397,0,/fielddata/build_model/build_model.narc,261,397,,1412292,1413444,1407960,1409112,1152,b3e0ae5a3c5e3c888842d16065f4eb706bedad1e5189d83e6cb78f9e7820d35e,424d4430fffe02008004000010000200,,NSBMD model,Confirmed,True,False,,,,,,,,,,False,False
/fielddata/build_model/build_model.narc,/fielddata/build_model/build_model.narc!/member_00398,0,/fielddata/build_model/build_model.narc,261,398,,1413444,1414596,1409112,1410264,1152,b5b12312694cff7f068675cb4d9802a777971c12ec24eb0ccdff7674f86b1e18,424d4430fffe02008004000010000200,,NSBMD model,Confirmed,True,False,,,,,,,,,,False,False
/fielddata/build_model/build_model.narc,/fielddata/build_model/build_model.narc!/member_00399,0,/fielddata/build_model/build_model.narc,261,399,,1414596,1415748,1410264,1411416,1152,3d46764c93bdab557c15f42bd244199801f5d6940125c256c663c5ee4a6ad237,424d4430fffe02008004000010000200,,NSBMD model,Confirmed,True,False,,,,,,,,,,False,False
/fielddata/build_model/build_model.narc,/fielddata/build_model/build_model.narc!/member_00400,0,/fielddata/build_model/build_model.narc,261,400,,1415748,1416916,1411416,1412584,1168,f344016a84de6eafdd068b5bd1ccc129a79a6518ebb6baa403ebe16f1f480bcc,424d4430fffe02009004000010000200,,NSBMD model,Confirmed,True,False,,,,,,,,,,False,False
/fielddata/build_model/build_model.narc,/fielddata/build_model/build_model.narc!/member_00401,0,/fielddata/build_model/build_model.narc,261,401,,1416916,1418068,1412584,1413736,1152,272c8637fa83babc89b15ddd6d90fce13ba9e88d210ba42f6d9a00016094f40b,424d4430fffe02008004000010000200,,NSBMD model,Confirmed,True,False,,,,,,,,,,False,False
/fielddata/build_model/build_model.narc,/fielddata/build_model/build_model.narc!/member_00402,0,/fielddata/build_model/build_model.narc,261,402,,1418068,1419236,1413736,1414904,1168,5a315b9e2a2277189c2ec1c6fb6f2a987e13f472a398893a006ed75ed4e3f613,424d4430fffe02009004000010000200,,NSBMD model,Confirmed,True,False,,,,,,,,,,False,False
/fielddata/build_model/build_model.narc,/fielddata/build_model/build_model.narc!/member_00403,0,/fielddata/build_model/build_model.narc,261,403,,1419236,1420388,1414904,1416056,1152,04b77c7b3050050e158f6329f59c342943b516bc9e5371d1441b498bd406c9d4,424d4430fffe02008004000010000200,,NSBMD model,Confirmed,True,False,,,,,,,,,,False,False
/fielddata/build_model/build_model.narc,/fielddata/build_model/build_model.narc!/member_00404,0,/fielddata/build_model/build_model.narc,261,404,,1420388,1421540,1416056,1417208,1152,6669d6a76e1620326548bea5c3ed31b114576d4ac9adb77196d1d7063194d5e0,424d4430fffe02008004000010000200,,NSBMD model,Confirmed,True,False,,,,,,,,,,False,False
/fielddata/build_model/build_model.narc,/fielddata/build_model/build_model.narc!/member_00405,0,/fielddata/build_model/build_model.narc,261,405,,1421540,1422708,1417208,1418376,1168,6bd5dc7a08d70574798198034814452e0949ddb0dfcbb69ec5fa5275672de2d0,424d4430fffe02009004000010000200,,NSBMD model,Confirmed,True,False,,,,,,,,,,False,False
/fielddata/build_model/build_model.narc,/fielddata/build_model/build_model.narc!/member_00406,0,/fielddata/build_model/build_model.narc,261,406,,1422708,1423876,1418376,1419544,1168,f45a4f503ee40c334170e48a234c287e2e500d6c0e90f707d14f0593b4447cc6,424d4430fffe02009004000010000200,,NSBMD model,Confirmed,True,False,,,,,,,,,,False,False
/fielddata/build_model/build_model.narc,/fielddata/build_model/build_model.narc!/member_00407,0,/fielddata/build_model/build_model.narc,261,407,,1423876,1425044,1419544,1420712,1168,ac581c1503f9a01444c50d675ecb684e19e8d5a7b0b7fc424c90a2f9578a7f6a,424d4430fffe02009004000010000200,,NSBMD model,Confirmed,True,False,,,,,,,,,,False,False
/fielddata/build_model/build_model.narc,/fielddata/build_model/build_model.narc!/member_00408,0,/fielddata/build_model/build_model.narc,261,408,,1425044,1426196,1420712,1421864,1152,a8813f437106876ee404253ec2af285f77245d4f61a9b8699c8ae7cf21c1b5ec,424d4430fffe02008004000010000200,,NSBMD model,Confirmed,True,False,,,,,,,,,,False,False
/fielddata/build_model/build_model.narc,/fielddata/build_model/build_model.narc!/member_00409,0,/fielddata/build_model/build_model.narc,261,409,,1426196,1427348,1421864,1423016,1152,173df2b8669677eed4f94131b5b892ef2d5d89ec65e08ba58a469444ddbef688,424d4430fffe02008004000010000200,,NSBMD model,Confirmed,True,False,,,,,,,,,,False,False
/fielddata/build_model/build_model.narc,/fielddata/build_model/build_model.narc!/member_00410,0,/fielddata/build_model/build_model.narc,261,410,,1427348,1428516,1423016,1424184,1168,f706f2143aaa1923547db643697225bb5652aeee006a57a5e29f8c5ac550491a,424d4430fffe02009004000010000200,,NSBMD model,Confirmed,True,False,,,,,,,,,,False,False
/fielddata/build_model/build_model.narc,/fielddata/build_model/build_model.narc!/member_00411,0,/fielddata/build_model/build_model.narc,261,411,,1428516,1429668,1424184,1425336,1152,76047726360821da591cfba5c5349ac9220a7808a53091972c0f429ee226b2d0,424d4430fffe02008004000010000200,,NSBMD model,Confirmed,True,False,,,,,,,,,,False,False
/fielddata/build_model/build_model.narc,/fielddata/build_model/build_model.narc!/member_00412,0,/fielddata/build_model/build_model.narc,261,412,,1429668,1430836,1425336,1426504,1168,28e133f6a8e159e8f4c3189008265a32a608c51f3e186a222b626ba82f3b4286,424d4430fffe02009004000010000200,,NSBMD model,Confirmed,True,False,,,,,,,,,,False,False
/fielddata/build_model/build_model.narc,/fielddata/build_model/build_model.narc!/member_00413,0,/fielddata/build_model/build_model.narc,261,413,,1430836,1431988,1426504,1427656,1152,d1990326412ef6376639ea31aefdcf21024c9c951e17f2d724e008a107333718,424d4430fffe02008004000010000200,,NSBMD model,Confirmed,True,False,,,,,,,,,,False,False
/fielddata/build_model/build_model.narc,/fielddata/build_model/build_model.narc!/member_00414,0,/fielddata/build_model/build_model.narc,261,414,,1431988,1433156,1427656,1428824,1168,36c90115fd191b41a340b918a90e08b3592813b524c5be10ac89737b6113d57e,424d4430fffe02009004000010000200,,NSBMD model,Confirmed,True,False,,,,,,,,,,False,False
/fielddata/build_model/build_model.narc,/fielddata/build_model/build_model.narc!/member_00415,0,/fielddata/build_model/build_model.narc,261,415,,1433156,1434324,1428824,1429992,1168,029102fc299776392a54581a007c220fb6a9e0cbcf9f4fc8a19eccc9391ed5fa,424d4430fffe02009004000010000200,,NSBMD model,Confirmed,True,False,,,,,,,,,,False,False
/fielddata/build_model/build_model.narc,/fielddata/build_model/build_model.narc!/member_00416,0,/fielddata/build_model/build_model.narc,261,416,,1434324,1435476,1429992,1431144,1152,263d2d80aa612ffbdbe12285b624aa1294b00a9a5aa33716db08211fd6776154,424d4430fffe02008004000010000200,,NSBMD model,Confirmed,True,False,,,,,,,,,,False,False
/fielddata/build_model/build_model.narc,/fielddata/build_model/build_model.narc!/member_00417,0,/fielddata/build_model/build_model.narc,261,417,,1435476,1436644,1431144,1432312,1168,356cc94549f32438289643c5472c8b70c38c4235dc3dd23199ea2db819dd63db,424d4430fffe02009004000010000200,,NSBMD model,Confirmed,True,False,,,,,,,,,,False,False
/fielddata/build_model/build_model.narc,/fielddata/build_model/build_model.narc!/member_00418,0,/fielddata/build_model/build_model.narc,261,418,,1436644,1442080,1432312,1437748,5436,8ecd725284ac31a21ef67784524f393a85bd027491bd4146f381d8cedc60c4e2,424d4430fffe02003c15000010000200,,NSBMD model,Confirmed,True,False,,,,,,,,,,False,False
/fielddata/build_model/build_model.narc,/fielddata/build_model/build_model.narc!/member_00419,0,/fielddata/build_model/build_model.narc,261,419,,1442080,1443684,1437748,1439352,1604,7c2978f22ce206d9f980f12e519762d943f88b6779dc6f3d496335a3a6cd5826,424d4430fffe02004406000010000200,,NSBMD model,Confirmed,True,False,,,,,,,,,,False,False
/fielddata/build_model/build_model.narc,/fielddata/build_model/build_model.narc!/member_00420,0,/fielddata/build_model/build_model.narc,261,420,,1443684,1449120,1439352,1444788,5436,db7d9d97158570613ed9dd2a8ad10dd035fe011109e6449d872136c16a3fc870,424d4430fffe02003c15000010000200,,NSBMD model,Confirmed,True,False,,,,,,,,,,False,False
/fielddata/build_model/build_model.narc,/fielddata/build_model/build_model.narc!/member_00421,0,/fielddata/build_model/build_model.narc,261,421,,1449120,1450288,1444788,1445956,1168,ce70a7aa664ec4b26e8150bc4f5cb27915fb2b3e851f7bc7b9bc888e4c813a3c,424d4430fffe02009004000010000200,,NSBMD model,Confirmed,True,False,,,,,,,,,,False,False
/fielddata/build_model/build_model.narc,/fielddata/build_model/build_model.narc!/member_00422,0,/fielddata/build_model/build_model.narc,261,422,,1450288,1453720,1445956,1449388,3432,9d63d943fa0f978d7219bba31cad38d3b1191d70e4eab256ba203a2e86f24c5d,424d4430fffe0200680d000010000200,,NSBMD model,Confirmed,True,False,,,,,,,,,,False,False
/fielddata/build_model/build_model.narc,/fielddata/build_model/build_model.narc!/member_00423,0,/fielddata/build_model/build_model.narc,261,423,,1453720,1455756,1449388,1451424,2036,2d29f8e92a097bbd6086a74e0bd39eb1a47b977a97ff91b67efb7961a79848c7,424d4430fffe0200f407000010000200,,NSBMD model,Confirmed,True,False,,,,,,,,,,False,False
/fielddata/build_model/build_model.narc,/fielddata/build_model/build_model.narc!/member_00424,0,/fielddata/build_model/build_model.narc,261,424,,1455756,1463776,1451424,1459444,8020,b60ed3eee993d2ac56801401458b1824511919ba7b831f1b533e7507f87e80d2,424d4430fffe0200541f000010000200,,NSBMD model,Confirmed,True,False,,,,,,,,,,False,False
/fielddata/build_model/build_model.narc,/fielddata/build_model/build_model.narc!/member_00425,0,/fielddata/build_model/build_model.narc,261,425,,1463776,1469540,1459444,1465208,5764,b268cb6137357108fa70a9c803ccb858f3c104d1fca9f50eb7cab46bc33d6318,424d4430fffe02008416000010000200,,NSBMD model,Confirmed,True,False,,,,,,,,,,False,False
/fielddata/build_model/build_model.narc,/fielddata/build_model/build_model.narc!/member_00426,0,/fielddata/build_model/build_model.narc,261,426,,1469540,1475444,1465208,1471112,5904,887d7c507c16fa509c8c616e0b4cce2fb6ee3ca332c61e714af027c62b4fb1d0,424d4430fffe02001017000010000200,,NSBMD model,Confirmed,True,False,,,,,,,,,,False,False
/fielddata/build_model/build_model.narc,/fielddata/build_model/build_model.narc!/member_00427,0,/fielddata/build_model/build_model.narc,261,427,,1475444,1476596,1471112,1472264,1152,c362fc843d1a7fda3cfc685df1c1fba7180a20fa7fda114320e8210e29c48799,424d4430fffe02008004000010000200,,NSBMD model,Confirmed,True,False,,,,,,,,,,False,False
/fielddata/build_model/build_model.narc,/fielddata/build_model/build_model.narc!/member_00428,0,/fielddata/build_model/build_model.narc,261,428,,1476596,1477300,1472264,1472968,704,f8266e62e83c1ddd06c4a10957208f76094a1e325c3f8d63533fcd08eafe6173,424d4430fffe0200c002000010000200,,NSBMD model,Confirmed,True,False,,,,,,,,,,False,False
/fielddata/build_model/build_model.narc,/fielddata/build_model/build_model.narc!/member_00429,0,/fielddata/build_model/build_model.narc,261,429,,1477300,1478088,1472968,1473756,788,9fe857c6d3c7e0c597d78a7e7fceb271c7cc15e40b1c27ce07a34806dd99b129,424d4430fffe02001403000010000200,,NSBMD model,Confirmed,True,False,,,,,,,,,,False,False
/fielddata/build_model/build_model.narc,/fielddata/build_model/build_model.narc!/member_00430,0,/fielddata/build_model/build_model.narc,261,430,,1478088,1478876,1473756,1474544,788,ed7e844b4048d86a145df76ca50e1f7937f3b771290553a8674fc3b956b6a5cf,424d4430fffe02001403000010000200,,NSBMD model,Confirmed,True,False,,,,,,,,,,False,False
/fielddata/build_model/build_model.narc,/fielddata/build_model/build_model.narc!/member_00431,0,/fielddata/build_model/build_model.narc,261,431,,1478876,1479664,1474544,1475332,788,ae5c267c5749ecd0856b2b8e72aef6be2e460f15e7256a4652afaacb788abfa4,424d4430fffe02001403000010000200,,NSBMD model,Confirmed,True,False,,,,,,,,,,False,False
/fielddata/build_model/build_model.narc,/fielddata/build_model/build_model.narc!/member_00432,0,/fielddata/build_model/build_model.narc,261,432,,1479664,1480452,1475332,1476120,788,c1d8adb8e0d56ef5d166fe7d73c35bbea8afef1c4c1d8a1fded65e13525919d1,424d4430fffe02001403000010000200,,NSBMD model,Confirmed,True,False,,,,,,,,,,False,False
/fielddata/build_model/build_model.narc,/fielddata/build_model/build_model.narc!/member_00433,0,/fielddata/build_model/build_model.narc,261,433,,1480452,1484476,1476120,1480144,4024,ac8de6f893c91f635dced4d5b37a9a1d8783ddbc4d836c7b1932934dc749235a,424d4430fffe0200b80f000010000200,,NSBMD model,Confirmed,True,False,,,,,,,,,,False,False
/fielddata/build_model/build_model.narc,/fielddata/build_model/build_model.narc!/member_00434,0,/fielddata/build_model/build_model.narc,261,434,,1484476,1488656,1480144,1484324,4180,c8b235970ad45abfcbde1172bf9abb0031c87f54fc0811753e7af97ff84dd0bc,424d4430fffe02005410000010000200,,NSBMD model,Confirmed,True,False,,,,,,,,,,False,False
/fielddata/build_model/build_model.narc,/fielddata/build_model/build_model.narc!/member_00435,0,/fielddata/build_model/build_model.narc,261,435,,1488656,1493492,1484324,1489160,4836,7451a781c7818b3f3b2b53e571f00749d3f9e4d963cfe7796c9062ec691cd597,424d4430fffe0200e412000010000200,,NSBMD model,Confirmed,True,False,,,,,,,,,,False,False
/fielddata/build_model/build_model.narc,/fielddata/build_model/build_model.narc!/member_00436,0,/fielddata/build_model/build_model.narc,261,436,,1493492,1496080,1489160,1491748,2588,df5ac7cbf8b62afd33af2df2b6b20797cb8af4d94d8b2b405288447ce3fade81,424d4430fffe02001c0a000010000200,,NSBMD model,Confirmed,True,False,,,,,,,,,,False,False
/fielddata/build_model/build_model.narc,/fielddata/build_model/build_model.narc!/member_00437,0,/fielddata/build_model/build_model.narc,261,437,,1496080,1496736,1491748,1492404,656,9f8684db82c61a865eb1892facdf9da5d9d0fbcf631cc40b37fee6a25458655f,424d4430fffe02009002000010000200,,NSBMD model,Confirmed,True,False,,,,,,,,,,False,False
/fielddata/build_model/build_model.narc,/fielddata/build_model/build_model.narc!/member_00438,0,/fielddata/build_model/build_model.narc,261,438,,1496736,1497932,1492404,1493600,1196,be49c7c292e08b5e608f43f83efff1312f2e58d2bda36717092b35ba8957bd7d,424d4430fffe0200ac04000010000200,,NSBMD model,Confirmed,True,False,,,,,,,,,,False,False
/fielddata/build_model/build_model.narc,/fielddata/build_model/build_model.narc!/member_00439,0,/fielddata/build_model/build_model.narc,261,439,,1497932,1504996,1493600,1500664,7064,c5442fc585889cd6aaf5269e3b18dd6c8c2796ecebe8d029ef59ec3768fceff4,424d4430fffe0200981b000010000200,,NSBMD model,Confirmed,True,False,,,,,,,,,,False,False
/fielddata/build_model/build_model.narc,/fielddata/build_model/build_model.narc!/member_00440,0,/fielddata/build_model/build_model.narc,261,440,,1504996,1512008,1500664,1507676,7012,ad7a61eb207dba215f06b78030ff93e01c3ed797060a7c8160507f4301ac4747,424d4430fffe0200641b000010000200,,NSBMD model,Confirmed,True,False,,,,,,,,,,False,False
/fielddata/build_model/build_model.narc,/fielddata/build_model/build_model.narc!/member_00441,0,/fielddata/build_model/build_model.narc,261,441,,1512008,1513628,1507676,1509296,1620,11a8a9322d078be16a02fd65a7ea647aeba4aab18372c3c1268dff3116d1b64f,424d4430fffe02005406000010000200,,NSBMD model,Confirmed,True,False,,,,,,,,,,False,False
/fielddata/build_model/build_model.narc,/fielddata/build_model/build_model.narc!/member_00442,0,/fielddata/build_model/build_model.narc,261,442,,1513628,1514992,1509296,1510660,1364,a01841a115f64c45c6f2747318e50495cd4d6cc13926a88e2bb87777f5a545ed,424d4430fffe02005405000010000200,,NSBMD model,Confirmed,True,False,,,,,,,,,,False,False
/fielddata/build_model/build_model.narc,/fielddata/build_model/build_model.narc!/member_00443,0,/fielddata/build_model/build_model.narc,261,443,,1514992,1526540,1510660,1522208,11548,f7ad85aecc339bb7303b9e9aa9694549b42c140f277786d4d7a20775028391e2,424d4430fffe02001c2d000010000200,,NSBMD model,Confirmed,True,False,,,,,,,,,,False,False
/fielddata/build_model/build_model.narc,/fielddata/build_model/build_model.narc!/member_00444,0,/fielddata/build_model/build_model.narc,261,444,,1526540,1527736,1522208,1523404,1196,6a4e3107263eb4fffdf82f8e0d4c58cc12f4d321ee925c29a0121b3f5dd46804,424d4430fffe0200ac04000010000200,,NSBMD model,Confirmed,True,False,,,,,,,,,,False,False
/fielddata/build_model/build_model.narc,/fielddata/build_model/build_model.narc!/member_00445,0,/fielddata/build_model/build_model.narc,261,445,,1527736,1532732,1523404,1528400,4996,16a919f74d5bf6f31ef361bcf291fe003991bd1dff952f6789a5a5116b8753ff,424d4430fffe02008413000010000200,,NSBMD model,Confirmed,True,False,,,,,,,,,,False,False
/fielddata/build_model/build_model.narc,/fielddata/build_model/build_model.narc!/member_00446,0,/fielddata/build_model/build_model.narc,261,446,,1532732,1534412,1528400,1530080,1680,d486a5154c35d88f8cfed78caf6948178ec39a7efc8f6b580f118abcc43867e7,424d4430fffe02009006000010000200,,NSBMD model,Confirmed,True,False,,,,,,,,,,False,False
/fielddata/build_model/build_model.narc,/fielddata/build_model/build_model.narc!/member_00447,0,/fielddata/build_model/build_model.narc,261,447,,1534412,1537720,1530080,1533388,3308,8db67d42be70a87e93c2d9eecc363ba9fd91c4dba10b62061abe3646dcae26b1,424d4430fffe0200ec0c000010000200,,NSBMD model,Confirmed,True,False,,,,,,,,,,False,False
/fielddata/build_model/build_model.narc,/fielddata/build_model/build_model.narc!/member_00448,0,/fielddata/build_model/build_model.narc,261,448,,1537720,1546576,1533388,1542244,8856,0c5e596541e857328bb1b81c5ecc07fc1ce6074684f082e6f5b645fc60b27692,424d4430fffe02009822000010000200,,NSBMD model,Confirmed,True,False,,,,,,,,,,False,False
/fielddata/build_model/build_model.narc,/fielddata/build_model/build_model.narc!/member_00449,0,/fielddata/build_model/build_model.narc,261,449,,1546576,1555484,1542244,1551152,8908,415c34ef100f83352b47b22df724fa593891444f4dfc2281527e38a83ed7be0a,424d4430fffe0200cc22000010000200,,NSBMD model,Confirmed,True,False,,,,,,,,,,False,False
/fielddata/build_model/build_model.narc,/fielddata/build_model/build_model.narc!/member_00450,0,/fielddata/build_model/build_model.narc,261,450,,1555484,1565300,1551152,1560968,9816,702cde9e18e56c6d3a7eaeff7f171ca8c6d600eb56cbeeac3850cca47ea32989,424d4430fffe02005826000010000200,,NSBMD model,Confirmed,True,False,,,,,,,,,,False,False
/fielddata/build_model/build_model.narc,/fielddata/build_model/build_model.narc!/member_00451,0,/fielddata/build_model/build_model.narc,261,451,,1565300,1573592,1560968,1569260,8292,140b46b2bd7b1e17086da912b3f794ca29c5da7e511cafdb91e2a8290941585f,424d4430fffe02006420000010000200,,NSBMD model,Confirmed,True,False,,,,,,,,,,False,False
/fielddata/build_model/build_model.narc,/fielddata/build_model/build_model.narc!/member_00452,0,/fielddata/build_model/build_model.narc,261,452,,1573592,1585136,1569260,1580804,11544,230b52b03e7a3bf98470a66a8fbeca72801632a0d26883d5348c8f9ef6242da3,424d4430fffe0200182d000010000200,,NSBMD model,Confirmed,True,False,,,,,,,,,,False,False
/fielddata/build_model/build_model.narc,/fielddata/build_model/build_model.narc!/member_00453,0,/fielddata/build_model/build_model.narc,261,453,,1585136,1588460,1580804,1584128,3324,f27621fbeb182de7396aa26b8719bc1d6ca1ef2ee69a0e2957a28a2d8d6feb7b,424d4430fffe0200fc0c000010000200,,NSBMD model,Confirmed,True,False,,,,,,,,,,False,False
/fielddata/build_model/build_model.narc,/fielddata/build_model/build_model.narc!/member_00454,0,/fielddata/build_model/build_model.narc,261,454,,1588460,1594628,1584128,1590296,6168,262322de428f911696765e6dd9fceb07d6902867ee3c0e3d7010c5e6917de114,424d4430fffe02001818000010000200,,NSBMD model,Confirmed,True,False,,,,,,,,,,False,False
/fielddata/build_model/build_model.narc,/fielddata/build_model/build_model.narc!/member_00455,0,/fielddata/build_model/build_model.narc,261,455,,1594628,1601928,1590296,1597596,7300,0fca4ed12e24beb496faa7741bbe330e479f2e5c77dfb71721923899401574cd,424d4430fffe0200841c000010000200,,NSBMD model,Confirmed,True,False,,,,,,,,,,False,False
/fielddata/build_model/build_model.narc,/fielddata/build_model/build_model.narc!/member_00456,0,/fielddata/build_model/build_model.narc,261,456,,1601928,1603080,1597596,1598748,1152,b7e69e5e008e618a8b0738707a4850413bfbc9fdf223839d26701d8581c38482,424d4430fffe02008004000010000200,,NSBMD model,Confirmed,True,False,,,,,,,,,,False,False
/fielddata/build_model/build_model.narc,/fielddata/build_model/build_model.narc!/member_00457,0,/fielddata/build_model/build_model.narc,261,457,,1603080,1609896,1598748,1605564,6816,d814c96e5ee005b99135e84ff03a16f1a24d0cb997b0a1988bf29554a7f16867,424d4430fffe0200a01a000010000200,,NSBMD model,Confirmed,True,False,,,,,,,,,,False,False
/fielddata/build_model/build_model.narc,/fielddata/build_model/build_model.narc!/member_00458,0,/fielddata/build_model/build_model.narc,261,458,,1609896,1616712,1605564,1612380,6816,11523e0b9def039c245fefc381276ff4a7a6f12c8377991e09a1ddce936819ec,424d4430fffe0200a01a000010000200,,NSBMD model,Confirmed,True,False,,,,,,,,,,False,False
/fielddata/build_model/build_model.narc,/fielddata/build_model/build_model.narc!/member_00459,0,/fielddata/build_model/build_model.narc,261,459,,1616712,1623584,1612380,1619252,6872,6786297c7f3c4a1f7f4d7142f48abb409e1c051c009d65d31ad0fb9229e419b8,424d4430fffe0200d81a000010000200,,NSBMD model,Confirmed,True,False,,,,,,,,,,False,False
/fielddata/build_model/build_model.narc,/fielddata/build_model/build_model.narc!/member_00460,0,/fielddata/build_model/build_model.narc,261,460,,1623584,1630456,1619252,1626124,6872,7a4cbc1347d394639ec78ea4d921c6f234e8c837696dbef1cb70650b4a260639,424d4430fffe0200d81a000010000200,,NSBMD model,Confirmed,True,False,,,,,,,,,,False,False
/fielddata/build_model/build_model.narc,/fielddata/build_model/build_model.narc!/member_00461,0,/fielddata/build_model/build_model.narc,261,461,,1630456,1637396,1626124,1633064,6940,1f6dce64361526766ea6bf26cadcd99fabfe6d9099a6a163d2e66d32abdd019e,424d4430fffe02001c1b000010000200,,NSBMD model,Confirmed,True,False,,,,,,,,,,False,False
/fielddata/build_model/build_model.narc,/fielddata/build_model/build_model.narc!/member_00462,0,/fielddata/build_model/build_model.narc,261,462,,1637396,1644336,1633064,1640004,6940,d80655161b9db1e76d53959d49c5ab9b04486057bb6a0c937271c83ec2fa6e67,424d4430fffe02001c1b000010000200,,NSBMD model,Confirmed,True,False,,,,,,,,,,False,False
/fielddata/build_model/build_model.narc,/fielddata/build_model/build_model.narc!/member_00463,0,/fielddata/build_model/build_model.narc,261,463,,1644336,1655224,1640004,1650892,10888,07dda02adfe3be5eb2cd0fba208fb0cc9da83832b32dc2bfa740d87a76383078,424d4430fffe0200882a000010000200,,NSBMD model,Confirmed,True,False,,,,,,,,,,False,False
/fielddata/build_model/build_model.narc,/fielddata/build_model/build_model.narc!/member_00464,0,/fielddata/build_model/build_model.narc,261,464,,1655224,1666104,1650892,1661772,10880,1c120c8df708b556a199b8bb52da2223a5ee833be6e48e6fd7ef7313fdf5f7f9,424d4430fffe0200802a000010000200,,NSBMD model,Confirmed,True,False,,,,,,,,,,False,False
/fielddata/build_model/build_model.narc,/fielddata/build_model/build_model.narc!/member_00465,0,/fielddata/build_model/build_model.narc,261,465,,1666104,1666872,1661772,1662540,768,42e0faac44fcc4138a27a9745a65ec5ad1dfea098c4301e08125b88fc05fe037,424d4430fffe02000003000010000200,,NSBMD model,Confirmed,True,False,,,,,,,,,,False,False
/fielddata/build_model/build_model.narc,/fielddata/build_model/build_model.narc!/member_00466,0,/fielddata/build_model/build_model.narc,261,466,,1666872,1667640,1662540,1663308,768,ba9516e4a9fb07610664e75eca14abd69d158e742793ac24c3f1dfa5a95ea46b,424d4430fffe02000003000010000200,,NSBMD model,Confirmed,True,False,,,,,,,,,,False,False
/fielddata/build_model/build_model.narc,/fielddata/build_model/build_model.narc!/member_00467,0,/fielddata/build_model/build_model.narc,261,467,,1667640,1668408,1663308,1664076,768,638ee9a8b75b0a1c3525a245ccd409e9aea2ee47b9d125a60565cf4eb7a960b1,424d4430fffe02000003000010000200,,NSBMD model,Confirmed,True,False,,,,,,,,,,False,False
/fielddata/build_model/build_model.narc,/fielddata/build_model/build_model.narc!/member_00468,0,/fielddata/build_model/build_model.narc,261,468,,1668408,1670944,1664076,1666612,2536,c430e8d18d73b9fd4baac81459962bb55937773ca4d2a20ff01430d94a2a9517,424d4430fffe0200e809000010000200,,NSBMD model,Confirmed,True,False,,,,,,,,,,False,False
/fielddata/build_model/build_model.narc,/fielddata/build_model/build_model.narc!/member_00469,0,/fielddata/build_model/build_model.narc,261,469,,1670944,1673168,1666612,1668836,2224,286ff4d9e15bb8fb9192af317672f5badc7860a5403b131ea915836304657587,424d4430fffe0200b008000010000200,,NSBMD model,Confirmed,True,False,,,,,,,,,,False,False
/fielddata/build_model/build_model.narc,/fielddata/build_model/build_model.narc!/member_00470,0,/fielddata/build_model/build_model.narc,261,470,,1673168,1691340,1668836,1687008,18172,b3cffd5b58d9d4d6b608df75e8e882685a1ff525c85cde5e6f3a4d95db0cef3f,424d4430fffe0200fc46000010000200,,NSBMD model,Confirmed,True,False,,,,,,,,,,False,False
/fielddata/build_model/build_model.narc,/fielddata/build_model/build_model.narc!/member_00471,0,/fielddata/build_model/build_model.narc,261,471,,1691340,1693464,1687008,1689132,2124,94cecbfb40c20be0add95286773efa903cfc5ac8cc99cc6ec6705d6cf6329c23,424d4430fffe02004c08000010000200,,NSBMD model,Confirmed,True,False,,,,,,,,,,False,False
/fielddata/build_model/build_model.narc,/fielddata/build_model/build_model.narc!/member_00472,0,/fielddata/build_model/build_model.narc,261,472,,1693464,1695604,1689132,1691272,2140,4025f2330199fc89b81807215b455bf42f580c31963208f5ddf55cce9958188d,424d4430fffe02005c08000010000200,,NSBMD model,Confirmed,True,False,,,,,,,,,,False,False
/fielddata/build_model/build_model.narc,/fielddata/build_model/build_model.narc!/member_00473,0,/fielddata/build_model/build_model.narc,261,473,,1695604,1697904,1691272,1693572,2300,1e17c988a1d4e2d78e2a014dbae88f413d965086d6ef9a5ea184252fb4769f17,424d4430fffe0200fc08000010000200,,NSBMD model,Confirmed,True,False,,,,,,,,,,False,False
/fielddata/build_model/build_model.narc,/fielddata/build_model/build_model.narc!/member_00474,0,/fielddata/build_model/build_model.narc,261,474,,1697904,1699132,1693572,1694800,1228,0a3f0856891c6490855f63cf1287fe3f417ccd3651ee83d8f08b3f5519a5be71,424d4430fffe0200cc04000010000200,,NSBMD model,Confirmed,True,False,,,,,,,,,,False,False
/fielddata/build_model/build_model.narc,/fielddata/build_model/build_model.narc!/member_00475,0,/fielddata/build_model/build_model.narc,261,475,,1699132,1706568,1694800,1702236,7436,438a3617822acdcb14e83f724651b640cd2dcc78ccf0f1e608e874cfdd958e80,424d4430fffe02000c1d000010000200,,NSBMD model,Confirmed,True,False,,,,,,,,,,False,False
/fielddata/build_model/build_model.narc,/fielddata/build_model/build_model.narc!/member_00476,0,/fielddata/build_model/build_model.narc,261,476,,1706568,1709892,1702236,1705560,3324,fbebd4cf53df76f662e3d0ddcfa923498c1780c82d9908a836e74f99adff85f1,424d4430fffe0200fc0c000010000200,,NSBMD model,Confirmed,True,False,,,,,,,,,,False,False
/fielddata/build_model/build_model.narc,/fielddata/build_model/build_model.narc!/member_00477,0,/fielddata/build_model/build_model.narc,261,477,,1709892,1715316,1705560,1710984,5424,6ba93aa1e0729ccf0a79eaab3290848adf88a51bdddc40afaa82e5e1f42e198c,424d4430fffe02003015000010000200,,NSBMD model,Confirmed,True,False,,,,,,,,,,False,False
/fielddata/build_model/build_model.narc,/fielddata/build_model/build_model.narc!/member_00478,0,/fielddata/build_model/build_model.narc,261,478,,1715316,1729724,1710984,1725392,14408,4f3175440db49553d3b37d636bfd330ad561afb972e7f7c5183910303536a4ce,424d4430fffe02004838000010000200,,NSBMD model,Confirmed,True,False,,,,,,,,,,False,False
/fielddata/build_model/build_model.narc,/fielddata/build_model/build_model.narc!/member_00479,0,/fielddata/build_model/build_model.narc,261,479,,1729724,1732576,1725392,1728244,2852,ea28fbd976f881f79c078b5d28dadcea731ea3b29a73f10151a4ebb00e496b6c,424d4430fffe0200240b000010000200,,NSBMD model,Confirmed,True,False,,,,,,,,,,False,False
/fielddata/build_model/build_model.narc,/fielddata/build_model/build_model.narc!/member_00480,0,/fielddata/build_model/build_model.narc,261,480,,1732576,1735280,1728244,1730948,2704,fa5276cc4ec1dfd0b44778abef536324818ea50a45c0e66cad670e20754b9c5f,424d4430fffe0200900a000010000200,,NSBMD model,Confirmed,True,False,,,,,,,,,,False,False
/fielddata/build_model/build_model.narc,/fielddata/build_model/build_model.narc!/member_00481,0,/fielddata/build_model/build_model.narc,261,481,,1735280,1738004,1730948,1733672,2724,9e103427ea61646b3ae2e260e5d563c8024c1da532b1f59d0059290ca266fa3e,424d4430fffe0200a40a000010000200,,NSBMD model,Confirmed,True,False,,,,,,,,,,False,False
/fielddata/build_model/build_model.narc,/fielddata/build_model/build_model.narc!/member_00482,0,/fielddata/build_model/build_model.narc,261,482,,1738004,1740692,1733672,1736360,2688,51c1cf36e9970d2169b46635d71b3a3308cdd70a3cb2f7f14bccf8c140b1aff2,424d4430fffe0200800a000010000200,,NSBMD model,Confirmed,True,False,,,,,,,,,,False,False
/fielddata/build_model/build_model.narc,/fielddata/build_model/build_model.narc!/member_00483,0,/fielddata/build_model/build_model.narc,261,483,,1740692,1743504,1736360,1739172,2812,be3b46f46b5318f33f2177f48682099a263f9f5df70fb13c02ef3aa7d45b4a48,424d4430fffe0200fc0a000010000200,,NSBMD model,Confirmed,True,False,,,,,,,,,,False,False
/fielddata/build_model/build_model.narc,/fielddata/build_model/build_model.narc!/member_00484,0,/fielddata/build_model/build_model.narc,261,484,,1743504,1744380,1739172,1740048,876,2d300ca29369d2fb9472858c68e1f64049e8df3fa03a5d4340594daec9290401,424d4430fffe02006c03000010000200,,NSBMD model,Confirmed,True,False,,,,,,,,,,False,False
/fielddata/build_model/build_model.narc,/fielddata/build_model/build_model.narc!/member_00485,0,/fielddata/build_model/build_model.narc,261,485,,1744380,1745292,1740048,1740960,912,39f84d405fe0708baf987a4c2ce4dfad4a4d729b8279e4e480540d7ad298c343,424d4430fffe02009003000010000200,,NSBMD model,Confirmed,True,False,,,,,,,,,,False,False
/fielddata/build_model/build_model.narc,/fielddata/build_model/build_model.narc!/member_00486,0,/fielddata/build_model/build_model.narc,261,486,,1745292,1746860,1740960,1742528,1568,afc701207ea68e0007e225d06198e24e37c8ab9b6d5d7c90f079f390fce10740,424d4430fffe02002006000010000200,,NSBMD model,Confirmed,True,False,,,,,,,,,,False,False
/fielddata/build_model/build_model.narc,/fielddata/build_model/build_model.narc!/member_00487,0,/fielddata/build_model/build_model.narc,261,487,,1746860,1748428,1742528,1744096,1568,c27e4316e701b752c22663e1219a387a584502ee889ecb4ea7260c31d49daf7c,424d4430fffe02002006000010000200,,NSBMD model,Confirmed,True,False,,,,,,,,,,False,False
/fielddata/build_model/build_model.narc,/fielddata/build_model/build_model.narc!/member_00488,0,/fielddata/build_model/build_model.narc,261,488,,1748428,1750432,1744096,1746100,2004,4f0583ba6e7bfe04d13091f817ee875d3077c60c747060a855b275c963f9e3f2,424d4430fffe0200d407000010000200,,NSBMD model,Confirmed,True,False,,,,,,,,,,False,False
/fielddata/build_model/build_model.narc,/fielddata/build_model/build_model.narc!/member_00489,0,/fielddata/build_model/build_model.narc,261,489,,1750432,1751600,1746100,1747268,1168,f9cf715821aa3300a28ebc44dbb5eb501901b487914274cd3f7a3ec9f5e7f160,424d4430fffe02009004000010000200,,NSBMD model,Confirmed,True,False,,,,,,,,,,False,False
/fielddata/build_model/build_model.narc,/fielddata/build_model/build_model.narc!/member_00490,0,/fielddata/build_model/build_model.narc,261,490,,1751600,1752756,1747268,1748424,1156,5c184d78b72c0bc9f678924c0ff2c521277858fc43bcc6945a23c2db38ab56d4,424d4430fffe02008404000010000200,,NSBMD model,Confirmed,True,False,,,,,,,,,,False,False
/fielddata/build_model/build_model.narc,/fielddata/build_model/build_model.narc!/member_00491,0,/fielddata/build_model/build_model.narc,261,491,,1752756,1753540,1748424,1749208,784,5abd20d82dccb6a0b11cb074f50c8e59aba9888c7787db2803ecb29d4d701641,424d4430fffe02001003000010000200,,NSBMD model,Confirmed,True,False,,,,,,,,,,False,False
/fielddata/build_model/build_model.narc,/fielddata/build_model/build_model.narc!/member_00492,0,/fielddata/build_model/build_model.narc,261,492,,1753540,1754308,1749208,1749976,768,0a782643d884107667b9c9f6dd9fc2cedc4e0eef52a12e3c7ade204e4f919b8d,424d4430fffe02000003000010000200,,NSBMD model,Confirmed,True,False,,,,,,,,,,False,False
/fielddata/build_model/build_model.narc,/fielddata/build_model/build_model.narc!/member_00493,0,/fielddata/build_model/build_model.narc,261,493,,1754308,1756988,1749976,1752656,2680,8803c36ce1f5067f1f9d5996cf871f3507275cd01122a343b608f6a2b0904b03,424d4430fffe0200780a000010000200,,NSBMD model,Confirmed,True,False,,,,,,,,,,False,False
/fielddata/build_model/build_model.narc,/fielddata/build_model/build_model.narc!/member_00494,0,/fielddata/build_model/build_model.narc,261,494,,1756988,1760080,1752656,1755748,3092,66ab47ae6b1386a4b0a181afdb2cee6feabc2e9d2af112b1fc82b4549d860fac,424d4430fffe0200140c000010000200,,NSBMD model,Confirmed,True,False,,,,,,,,,,False,False
/fielddata/build_model/build_model.narc,/fielddata/build_model/build_model.narc!/member_00495,0,/fielddata/build_model/build_model.narc,261,495,,1760080,1766448,1755748,1762116,6368,c63e8f1f96291d59904b8ad380ad0a17d17e47689214e918c9150423833442b9,424d4430fffe0200e018000010000200,,NSBMD model,Confirmed,True,False,,,,,,,,,,False,False
/fielddata/build_model/build_model.narc,/fielddata/build_model/build_model.narc!/member_00496,0,/fielddata/build_model/build_model.narc,261,496,,1766448,1773116,1762116,1768784,6668,f32339a304a13e58bc74a25d26dbd3a81fae688cd412f99d1f53e1d22fd46362,424d4430fffe02000c1a000010000200,,NSBMD model,Confirmed,True,False,,,,,,,,,,False,False
/fielddata/build_model/build_model.narc,/fielddata/build_model/build_model.narc!/member_00497,0,/fielddata/build_model/build_model.narc,261,497,,1773116,1780232,1768784,1775900,7116,8f10c7321edf5f52676461e519a9c6d841f9a7237fb42f3b746a9b64bcbfb137,424d4430fffe0200cc1b000010000200,,NSBMD model,Confirmed,True,False,,,,,,,,,,False,False
/fielddata/build_model/build_model.narc,/fielddata/build_model/build_model.narc!/member_00498,0,/fielddata/build_model/build_model.narc,261,498,,1780232,1782916,1775900,1778584,2684,cf078e141eb4f8fd9051a8a056f4600aebbf5a61507597e1f7a15d8355330452,424d4430fffe02007c0a000010000200,,NSBMD model,Confirmed,True,False,,,,,,,,,,False,False
/fielddata/build_model/build_model.narc,/fielddata/build_model/build_model.narc!/member_00499,0,/fielddata/build_model/build_model.narc,261,499,,1782916,1790564,1778584,1786232,7648,9be4c511c2cda5f8fb874a280f7b33a4c01cf387fe1446f3a97743c105fd64bd,424d4430fffe0200e01d000010000200,,NSBMD model,Confirmed,True,False,,,,,,,,,,False,False
/fielddata/build_model/build_model.narc,/fielddata/build_model/build_model.narc!/member_00500,0,/fielddata/build_model/build_model.narc,261,500,,1790564,1799776,1786232,1795444,9212,3d0d26969e44ca43cfa7e289bd2d7d8af925f4b8196bd9a2dea9542f8e66ccbf,424d4430fffe0200fc23000010000200,,NSBMD model,Confirmed,True,False,,,,,,,,,,False,False
/fielddata/build_model/build_model.narc,/fielddata/build_model/build_model.narc!/member_00501,0,/fielddata/build_model/build_model.narc,261,501,,1799776,1802480,1795444,1798148,2704,5f46bf806d8a31180862211cb47fff7ae2cddf25268ba098c0f5dba449dd3b47,424d4430fffe0200900a000010000200,,NSBMD model,Confirmed,True,False,,,,,,,,,,False,False
/fielddata/build_model/build_model.narc,/fielddata/build_model/build_model.narc!/member_00502,0,/fielddata/build_model/build_model.narc,261,502,,1802480,1804452,1798148,1800120,1972,f9a76fe1896d2dbf5224b6e9968da9941abc91d6febf7d157bb2cf9af568313e,424d4430fffe0200b407000010000200,,NSBMD model,Confirmed,True,False,,,,,,,,,,False,False
/fielddata/build_model/build_model.narc,/fielddata/build_model/build_model.narc!/member_00503,0,/fielddata/build_model/build_model.narc,261,503,,1804452,1805196,1800120,1800864,744,5ef6670bd0c3ee33d1c5cfd1a4723ba71a6ff2608fc2b46edef071a74b0271db,424d4430fffe0200e802000010000200,,NSBMD model,Confirmed,True,False,,,,,,,,,,False,False
/fielddata/build_model/build_model.narc,/fielddata/build_model/build_model.narc!/member_00504,0,/fielddata/build_model/build_model.narc,261,504,,1805196,1808216,1800864,1803884,3020,31282db59b036688a1464c9f121754c189db79ca1b5bad9390e48952d34229f0,424d4430fffe0200cc0b000010000200,,NSBMD model,Confirmed,True,False,,,,,,,,,,False,False
/fielddata/build_model/build_model.narc,/fielddata/build_model/build_model.narc!/member_00505,0,/fielddata/build_model/build_model.narc,261,505,,1808216,1811172,1803884,1806840,2956,3dab9424ca0786ce3b87146c1ff3f98d798a1862ce51e2561ab45e536c74de36,424d4430fffe02008c0b000010000200,,NSBMD model,Confirmed,True,False,,,,,,,,,,False,False
/fielddata/build_model/build_model.narc,/fielddata/build_model/build_model.narc!/member_00506,0,/fielddata/build_model/build_model.narc,261,506,,1811172,1816292,1806840,1811960,5120,5bff934cc8a0c740979a6fb544d72a21b260a9ecad9f5bdecb9b7d9fe68287e1,424d4430fffe02000014000010000200,,NSBMD model,Confirmed,True,False,,,,,,,,,,False,False
/fielddata/build_model/build_model.narc,/fielddata/build_model/build_model.narc!/member_00507,0,/fielddata/build_model/build_model.narc,261,507,,1816292,1824784,1811960,1820452,8492,7743636168adc59abdf8f7d9be78d2cdb54a75fa8b1e53371c0fc7c028d1ac18,424d4430fffe02002c21000010000200,,NSBMD model,Confirmed,True,False,,,,,,,,,,False,False
/fielddata/build_model/build_model.narc,/fielddata/build_model/build_model.narc!/member_00508,0,/fielddata/build_model/build_model.narc,261,508,,1824784,1829204,1820452,1824872,4420,b7f4000624a41742e2d89ec2ee5443faf7e26cfd363784dd92ebcafda73fd23f,424d4430fffe02004411000010000200,,NSBMD model,Confirmed,True,False,,,,,,,,,,False,False
/fielddata/build_model/build_model.narc,/fielddata/build_model/build_model.narc!/member_00509,0,/fielddata/build_model/build_model.narc,261,509,,1829204,1833608,1824872,1829276,4404,20152e1ad77ca4140dfbb799c5feabe7b7ab9c6b68841a48a1e82699d35cdc67,424d4430fffe02003411000010000200,,NSBMD model,Confirmed,True,False,,,,,,,,,,False,False
/fielddata/build_model/build_model.narc,/fielddata/build_model/build_model.narc!/member_00510,0,/fielddata/build_model/build_model.narc,261,510,,1833608,1838028,1829276,1833696,4420,8473f5333e4b4f20feb86bb437be27ecbf0b014ea4d3f7429c2dbd1b2e88bdb8,424d4430fffe02004411000010000200,,NSBMD model,Confirmed,True,False,,,,,,,,,,False,False
/fielddata/build_model/build_model.narc,/fielddata/build_model/build_model.narc!/member_00511,0,/fielddata/build_model/build_model.narc,261,511,,1838028,1842432,1833696,1838100,4404,fa1765a7a3ecd6fad0334e602e2af6ac05b32ed851f40b0b69cc0df7e41798d8,424d4430fffe02003411000010000200,,NSBMD model,Confirmed,True,False,,,,,,,,,,False,False
/fielddata/build_model/build_model.narc,/fielddata/build_model/build_model.narc!/member_00512,0,/fielddata/build_model/build_model.narc,261,512,,1842432,1846852,1838100,1842520,4420,255ffa3301902d2f2e49039fbff4c57301a290e191fc0f9908c6d9ff5c20c4a3,424d4430fffe02004411000010000200,,NSBMD model,Confirmed,True,False,,,,,,,,,,False,False
/fielddata/build_model/build_model.narc,/fielddata/build_model/build_model.narc!/member_00513,0,/fielddata/build_model/build_model.narc,261,513,,1846852,1851256,1842520,1846924,4404,b9f3e174ff80fcd0b000e29260edc83796cda0efa83e82b9bd6d35e6427e7b78,424d4430fffe02003411000010000200,,NSBMD model,Confirmed,True,False,,,,,,,,,,False,False
/fielddata/build_model/build_model.narc,/fielddata/build_model/build_model.narc!/member_00514,0,/fielddata/build_model/build_model.narc,261,514,,1851256,1856000,1846924,1851668,4744,f3af8b1de5ca4546caa4278377bd6a8d0cf069cf871f9dcefdefdb84d0d62884,424d4430fffe02008812000010000200,,NSBMD model,Confirmed,True,False,,,,,,,,,,False,False
/fielddata/build_model/build_model.narc,/fielddata/build_model/build_model.narc!/member_00515,0,/fielddata/build_model/build_model.narc,261,515,,1856000,1858536,1851668,1854204,2536,c549774ec303c484f9420025a11d793b5b2bffd1ae7f15f2d0a05bf946fc534c,424d4430fffe0200e809000010000200,,NSBMD model,Confirmed,True,False,,,,,,,,,,False,False
/fielddata/build_model/build_model.narc,/fielddata/build_model/build_model.narc!/member_00516,0,/fielddata/build_model/build_model.narc,261,516,,1858536,1861900,1854204,1857568,3364,88b3eb8c0a817fc6326824930c669506c92449dd45e6d298ddcdcac5f39c850e,424d4430fffe0200240d000010000200,,NSBMD model,Confirmed,True,False,,,,,,,,,,False,False
/fielddata/build_model/build_model.narc,/fielddata/build_model/build_model.narc!/member_00517,0,/fielddata/build_model/build_model.narc,261,517,,1861900,1863256,1857568,1858924,1356,0755d136d273c04d44ee62d7b41c0e90a41ccb4205744dbd6fc5364c5a25bf07,424d4430fffe02004c05000010000200,,NSBMD model,Confirmed,True,False,,,,,,,,,,False,False
/fielddata/build_model/build_model.narc,/fielddata/build_model/build_model.narc!/member_00518,0,/fielddata/build_model/build_model.narc,261,518,,1863256,1864424,1858924,1860092,1168,a8d7a09ef8360b69ae79199adef585efbd066e8a4396d93c39c9ca155140bc04,424d4430fffe02009004000010000200,,NSBMD model,Confirmed,True,False,,,,,,,,,,False,False
/fielddata/build_model/build_model.narc,/fielddata/build_model/build_model.narc!/member_00519,0,/fielddata/build_model/build_model.narc,261,519,,1864424,1865336,1860092,1861004,912,fac13d1223657723f8fb654393dc81a98480e145b8ca6295447b798b09fbffa5,424d4430fffe02009003000010000200,,NSBMD model,Confirmed,True,False,,,,,,,,,,False,False
/fielddata/build_model/build_model.narc,/fielddata/build_model/build_model.narc!/member_00520,0,/fielddata/build_model/build_model.narc,261,520,,1865336,1866248,1861004,1861916,912,eff80ee2b1f10e68f0d8e6274dc76c4eba24f45e007372c337dcdab1e16f9018,424d4430fffe02009003000010000200,,NSBMD model,Confirmed,True,False,,,,,,,,,,False,False
/fielddata/build_model/build_model.narc,/fielddata/build_model/build_model.narc!/member_00521,0,/fielddata/build_model/build_model.narc,261,521,,1866248,1867160,1861916,1862828,912,ab3fd921f8d8022b471eafa7f4b10c78245706fdbcd40926b4e8ea4523b1eafe,424d4430fffe02009003000010000200,,NSBMD model,Confirmed,True,False,,,,,,,,,,False,False
/fielddata/build_model/build_model.narc,/fielddata/build_model/build_model.narc!/member_00522,0,/fielddata/build_model/build_model.narc,261,522,,1867160,1870112,1862828,1865780,2952,0635a1acbd9acec897bd44c4bd98b201a18cbf59a3b75c640fb9a01b7488bb01,424d4430fffe0200880b000010000200,,NSBMD model,Confirmed,True,False,,,,,,,,,,False,False
/fielddata/build_model/build_model.narc,/fielddata/build_model/build_model.narc!/member_00523,0,/fielddata/build_model/build_model.narc,261,523,,1870112,1873544,1865780,1869212,3432,6cccad3b2bc1f223b8e3809c01bc7d37838a93c2ebdf20b519618c024b1a5f37,424d4430fffe0200680d000010000200,,NSBMD model,Confirmed,True,False,,,,,,,,,,False,False
/fielddata/build_model/build_model.narc,/fielddata/build_model/build_model.narc!/member_00524,0,/fielddata/build_model/build_model.narc,261,524,,1873544,1882796,1869212,1878464,9252,dcad3ceed5a76ab9e69db5e8b1a10175dcc397f4e226e18866c62458b0cc293b,424d4430fffe02002424000010000200,,NSBMD model,Confirmed,True,False,,,,,,,,,,False,False
/fielddata/build_model/build_model.narc,/fielddata/build_model/build_model.narc!/member_00525,0,/fielddata/build_model/build_model.narc,261,525,,1882796,1883964,1878464,1879632,1168,9e5de7c9f573d646a0cd7a2de44cc3b1a38d243e78a9217f0e20dae13adf9fe2,424d4430fffe02009004000010000200,,NSBMD model,Confirmed,True,False,,,,,,,,,,False,False
/fielddata/build_model/build_model.narc,/fielddata/build_model/build_model.narc!/member_00526,0,/fielddata/build_model/build_model.narc,261,526,,1883964,1886000,1879632,1881668,2036,76462c090d2852c6fd0130c49828b9ccf83dea351769b6544f52d5cae84ec63b,424d4430fffe0200f407000010000200,,NSBMD model,Confirmed,True,False,,,,,,,,,,False,False
/fielddata/build_model/build_model.narc,/fielddata/build_model/build_model.narc!/member_00527,0,/fielddata/build_model/build_model.narc,261,527,,1886000,1887196,1881668,1882864,1196,37e9ff8d5b112be89dde50759c447b32bd1db2097ca74485c64cbf80b068d2c6,424d4430fffe0200ac04000010000200,,NSBMD model,Confirmed,True,False,,,,,,,,,,False,False
/fielddata/build_model/build_model.narc,/fielddata/build_model/build_model.narc!/member_00528,0,/fielddata/build_model/build_model.narc,261,528,,1887196,1891616,1882864,1887284,4420,76ea9bf271341d2ebfde9b6aed355c87899a70cb37042c7fdab508d9489b3e3e,424d4430fffe02004411000010000200,,NSBMD model,Confirmed,True,False,,,,,,,,,,False,False
/fielddata/build_model/build_model.narc,/fielddata/build_model/build_model.narc!/member_00529,0,/fielddata/build_model/build_model.narc,261,529,,1891616,1896020,1887284,1891688,4404,69fe778610117b3856622d391c7789e6fb9fc14f1d07f64550179372543bc43c,424d4430fffe02003411000010000200,,NSBMD model,Confirmed,True,False,,,,,,,,,,False,False
/fielddata/build_model/build_model.narc,/fielddata/build_model/build_model.narc!/member_00530,0,/fielddata/build_model/build_model.narc,261,530,,1896020,1900440,1891688,1896108,4420,6ddd05e1f1f5346463a3a922eb6868c59a94369572dc36601ab327e12740e940,424d4430fffe02004411000010000200,,NSBMD model,Confirmed,True,False,,,,,,,,,,False,False
/fielddata/build_model/build_model.narc,/fielddata/build_model/build_model.narc!/member_00531,0,/fielddata/build_model/build_model.narc,261,531,,1900440,1904844,1896108,1900512,4404,f30172ecc6d35f0a2a6e0f47dc06e0fc4cbafc88abf36b0847a85b0724f95761,424d4430fffe02003411000010000200,,NSBMD model,Confirmed,True,False,,,,,,,,,,False,False
/fielddata/build_model/build_model.narc,/fielddata/build_model/build_model.narc!/member_00532,0,/fielddata/build_model/build_model.narc,261,532,,1904844,1909264,1900512,1904932,4420,ae7deaaaf13f0653f7e4fd85741ba697733333e106b27fa10ea874c2e9ccc05d,424d4430fffe02004411000010000200,,NSBMD model,Confirmed,True,False,,,,,,,,,,False,False
/fielddata/build_model/build_model.narc,/fielddata/build_model/build_model.narc!/member_00533,0,/fielddata/build_model/build_model.narc,261,533,,1909264,1913668,1904932,1909336,4404,d35342810564dd22f3ea28770e03c4624f5e5244e10f22a9da06e647d76c1366,424d4430fffe02003411000010000200,,NSBMD model,Confirmed,True,False,,,,,,,,,,False,False
/fielddata/build_model/build_model.narc,/fielddata/build_model/build_model.narc!/member_00534,0,/fielddata/build_model/build_model.narc,261,534,,1913668,1918412,1909336,1914080,4744,2788fd89bd6787f97a3cca331f193414bb701c9aab00980342eec472a12d1cfb,424d4430fffe02008812000010000200,,NSBMD model,Confirmed,True,False,,,,,,,,,,False,False
/fielddata/encountdata/d_enc_data.narc,/fielddata/encountdata/d_enc_data.narc!/member_00000,0,/fielddata/encountdata/d_enc_data.narc,263,0,,1516,1940,0,424,424,04d4eb7c3ca514b4375490f88a5a3a2f28d510b3a6282c3a1b3c442212d46a71,00000000000000000000000000000000,,,,,False,,,,,,,,,,False,False
/fielddata/encountdata/d_enc_data.narc,/fielddata/encountdata/d_enc_data.narc!/member_00001,0,/fielddata/encountdata/d_enc_data.narc,263,1,,1940,2364,424,848,424,086f5db6cc1d52607c1fd6e2489658c3d3efa406725d93805760753b20a63147,00000000000000000000000000000000,,,,,False,,,,,,,,,,False,False
/fielddata/encountdata/d_enc_data.narc,/fielddata/encountdata/d_enc_data.narc!/member_00002,0,/fielddata/encountdata/d_enc_data.narc,263,2,,2364,2788,848,1272,424,9066d2f8549b7bd73469bbeb313c84b441bb594714ab02ca56966ec7a1307705,00000000000000000000000000000000,,,,,False,,,,,,,,,,False,False
/fielddata/encountdata/d_enc_data.narc,/fielddata/encountdata/d_enc_data.narc!/member_00003,0,/fielddata/encountdata/d_enc_data.narc,263,3,,2788,3212,1272,1696,424,d2d9dd84aa32a3d2030cb3c19900e29ce8ac804f889b40ca122f61ec7f0f1ddd,00000000000000000000000000000000,,,,,False,,,,,,,,,,False,False
/fielddata/encountdata/d_enc_data.narc,/fielddata/encountdata/d_enc_data.narc!/member_00004,0,/fielddata/encountdata/d_enc_data.narc,263,4,,3212,3636,1696,2120,424,c5f0b8ca2c2b0bf1664e80d511a23410212207c1d78c440d15fedd64cc78f9aa,00000000000000000000000000000000,,,,,False,,,,,,,,,,False,False
/fielddata/encountdata/d_enc_data.narc,/fielddata/encountdata/d_enc_data.narc!/member_00005,0,/fielddata/encountdata/d_enc_data.narc,263,5,,3636,4060,2120,2544,424,42de2515a0385cfe1bf18d3ae67e5f584d82ddf536aaeafe7454b3a9e731ac29,0a000000060000004a00000006000000,,,,,False,,,,,,,,,,False,False
/fielddata/encountdata/d_enc_data.narc,/fielddata/encountdata/d_enc_data.narc!/member_00006,0,/fielddata/encountdata/d_enc_data.narc,263,6,,4060,4484,2544,2968,424,1d3b764137e8101cb9f03772f2dfc32d15fb4a0b5f51ed99c20bb6676a5cc906,0a000000070000004a00000007000000,,,,,False,,,,,,,,,,False,False
/fielddata/encountdata/d_enc_data.narc,/fielddata/encountdata/d_enc_data.narc!/member_00007,0,/fielddata/encountdata/d_enc_data.narc,263,7,,4484,4908,2968,3392,424,e5a85f13854968e3d015c7187c89619ff9d7a0163e780a0194843df689a75832,1e00000007000000a201000007000000,,,,,False,,,,,,,,,,False,False
/fielddata/encountdata/d_enc_data.narc,/fielddata/encountdata/d_enc_data.narc!/member_00008,0,/fielddata/encountdata/d_enc_data.narc,263,8,,4908,5332,3392,3816,424,756b980ca17a135c02ccd9c9cf84489a868acae159a50b2979282a02072c2699,1e0000000a000000090100000a000000,,,,,False,,,,,,,,,,False,False
/fielddata/encountdata/d_enc_data.narc,/fielddata/encountdata/d_enc_data.narc!/member_00009,0,/fielddata/encountdata/d_enc_data.narc,263,9,,5332,5756,3816,4240,424,da53c8f5b4363b28472d7dc4ef03797a444019ee1c18522d911da13ceb24e37e,1e0000001d000000a30100001c000000,,,,,False,,,,,,,,,,False,False
/fielddata/encountdata/d_enc_data.narc,/fielddata/encountdata/d_enc_data.narc!/member_00010,0,/fielddata/encountdata/d_enc_data.narc,263,10,,5756,6180,4240,4664,424,e2f7d7a7991dee7c7aeda5dde7b4118cf6641f7f21a4b7f46a90704032161bc8,0a0000000f000000420000000f000000,,,,,False,,,,,,,,,,False,False
/fielddata/encountdata/d_enc_data.narc,/fielddata/encountdata/d_enc_data.narc!/member_00011,0,/fielddata/encountdata/d_enc_data.narc,263,11,,6180,6604,4664,5088,424,855ea983132e7c7f92ccb5112c3537d99c618ca416bb605273a9f27a856da398,0a00000026000000b501000024000000,,,,,False,,,,,,,,,,False,False
/fielddata/encountdata/d_enc_data.narc,/fielddata/encountdata/d_enc_data.narc!/member_00012,0,/fielddata/encountdata/d_enc_data.narc,263,12,,6604,7028,5088,5512,424,855ea983132e7c7f92ccb5112c3537d99c618ca416bb605273a9f27a856da398,0a00000026000000b501000024000000,,,,,False,,,,,,,,,,False,False
/fielddata/encountdata/d_enc_data.narc,/fielddata/encountdata/d_enc_data.narc!/member_00013,0,/fielddata/encountdata/d_enc_data.narc,263,13,,7028,7452,5512,5936,424,d02dc31a26f393c92361670ed12b5f0e72db2a3f791f769f7e65ae2acfa077d2,1e00000026000000cb01000028000000,,,,,False,,,,,,,,,,False,False
/fielddata/encountdata/d_enc_data.narc,/fielddata/encountdata/d_enc_data.narc!/member_00014,0,/fielddata/encountdata/d_enc_data.narc,263,14,,7452,7876,5936,6360,424,d02dc31a26f393c92361670ed12b5f0e72db2a3f791f769f7e65ae2acfa077d2,1e00000026000000cb01000028000000,,,,,False,,,,,,,,,,False,False
/fielddata/encountdata/d_enc_data.narc,/fielddata/encountdata/d_enc_data.narc!/member_00015,0,/fielddata/encountdata/d_enc_data.narc,263,15,,7876,8300,6360,6784,424,ad6e75f0f6b614e7ad01414c1dc746fc36dc67dbbb6ffd36d08344be295a912a,0a00000028000000b501000026000000,,,,,False,,,,,,,,,,False,False
/fielddata/encountdata/d_enc_data.narc,/fielddata/encountdata/d_enc_data.narc!/member_00016,0,/fielddata/encountdata/d_enc_data.narc,263,16,,8300,8724,6784,7208,424,df57a22acfaa728f0754df3b2e52fc1f68f548b55576a14459af236d85a03a7f,0f00000028000000b501000026000000,,,,,False,,,,,,,,,,False,False
/fielddata/encountdata/d_enc_data.narc,/fielddata/encountdata/d_enc_data.narc!/member_00017,0,/fielddata/encountdata/d_enc_data.narc,263,17,,8724,9148,7208,7632,424,0ad0e868724e2132dbc4ac6a0446ea6afe1308029f2c7e7b44b691e88ac1adeb,0f0000002a000000b501000028000000,,,,,False,,,,,,,,,,False,False
/fielddata/encountdata/d_enc_data.narc,/fielddata/encountdata/d_enc_data.narc!/member_00018,0,/fielddata/encountdata/d_enc_data.narc,263,18,,9148,9572,7632,8056,424,0ad0e868724e2132dbc4ac6a0446ea6afe1308029f2c7e7b44b691e88ac1adeb,0f0000002a000000b501000028000000,,,,,False,,,,,,,,,,False,False
/fielddata/encountdata/d_enc_data.narc,/fielddata/encountdata/d_enc_data.narc!/member_00019,0,/fielddata/encountdata/d_enc_data.narc,263,19,,9572,9996,8056,8480,424,9ddc505ff1cc75c0a9e56e6e4e27496b82fd96ae1f7cec3534fa941c0ba61bae,0a000000280000004b00000027000000,,,,,False,,,,,,,,,,False,False
/fielddata/encountdata/d_enc_data.narc,/fielddata/encountdata/d_enc_data.narc!/member_00020,0,/fielddata/encountdata/d_enc_data.narc,263,20,,9996,10420,8480,8904,424,5bda308464cee9fb96947c79880c48552bafd1fe2e606aac6352f0223a15b56b,0a0000001f000000330100001f000000,,,,,False,,,,,,,,,,False,False
/fielddata/encountdata/d_enc_data.narc,/fielddata/encountdata/d_enc_data.narc!/member_00021,0,/fielddata/encountdata/d_enc_data.narc,263,21,,10420,10844,8904,9328,424,a0c879827292e066b1d974e686ad3d1e1c60fcb76842fbf41a653cd11f292f2e,0a0000000d000000330100000d000000,,,,,False,,,,,,,,,,False,False
/fielddata/encountdata/d_enc_data.narc,/fielddata/encountdata/d_enc_data.narc!/member_00022,0,/fielddata/encountdata/d_enc_data.narc,263,22,,10844,11268,9328,9752,424,f2aa6992863e213885aa77c31109451191a15ceb64e49d63da3e7fc3cb6f26de,0a0000001f000000330100001f000000,,,,,False,,,,,,,,,,False,False
/fielddata/encountdata/d_enc_data.narc,/fielddata/encountdata/d_enc_data.narc!/member_00023,0,/fielddata/encountdata/d_enc_data.narc,263,23,,11268,11692,9752,10176,424,31bf0ba7d4ca6b23b62a5902ac2cc3725a2e98910eafa96d8c1dc4e0049d4fb4,2300000018000000c200000019000000,,,,,False,,,,,,,,,,False,False
/fielddata/encountdata/d_enc_data.narc,/fielddata/encountdata/d_enc_data.narc!/member_00024,0,/fielddata/encountdata/d_enc_data.narc,263,24,,11692,12116,10176,10600,424,31bf0ba7d4ca6b23b62a5902ac2cc3725a2e98910eafa96d8c1dc4e0049d4fb4,2300000018000000c200000019000000,,,,,False,,,,,,,,,,False,False
/fielddata/encountdata/d_enc_data.narc,/fielddata/encountdata/d_enc_data.narc!/member_00025,0,/fielddata/encountdata/d_enc_data.narc,263,25,,12116,12540,10600,11024,424,b1cb5cdb87dbfc8511528e74840adbdbe6dd9c3c9cc5b7ca4bcde4e9850aee57,2300000016000000c200000017000000,,,,,False,,,,,,,,,,False,False
/fielddata/encountdata/d_enc_data.narc,/fielddata/encountdata/d_enc_data.narc!/member_00026,0,/fielddata/encountdata/d_enc_data.narc,263,26,,12540,12964,11024,11448,424,b1cb5cdb87dbfc8511528e74840adbdbe6dd9c3c9cc5b7ca4bcde4e9850aee57,2300000016000000c200000017000000,,,,,False,,,,,,,,,,False,False
/fielddata/encountdata/d_enc_data.narc,/fielddata/encountdata/d_enc_data.narc!/member_00027,0,/fielddata/encountdata/d_enc_data.narc,263,27,,12964,13388,11448,11872,424,f0d69f4f4b94aa419982cdcb17151c9aaa13f3cbd8bc4b2b03161429e04b0905,2300000014000000c200000015000000,,,,,False,,,,,,,,,,False,False
/fielddata/encountdata/d_enc_data.narc,/fielddata/encountdata/d_enc_data.narc!/member_00028,0,/fielddata/encountdata/d_enc_data.narc,263,28,,13388,13812,11872,12296,424,a2bcab17b91c589d81a7d28a9ae278e49f4dacdd6e44f1ddb0cb00dee98d287f,2300000014000000c200000015000000,,,,,False,,,,,,,,,,False,False
/fielddata/encountdata/d_enc_data.narc,/fielddata/encountdata/d_enc_data.narc!/member_00029,0,/fielddata/encountdata/d_enc_data.narc,263,29,,13812,14236,12296,12720,424,ceee06ade76f12729e1d6113aa68e40bb02517adbb6451d7dde9cd39ba6c2e80,0a00000013000000c900000014000000,,,,,False,,,,,,,,,,False,False
/fielddata/encountdata/d_enc_data.narc,/fielddata/encountdata/d_enc_data.narc!/member_00030,0,/fielddata/encountdata/d_enc_data.narc,263,30,,14236,14660,12720,13144,424,267884531d82aa0fd2ac67a913fe5725a777a9f182b4b54c78e6eef384f21f00,0a00000013000000c900000014000000,,,,,False,,,,,,,,,,False,False
/fielddata/encountdata/d_enc_data.narc,/fielddata/encountdata/d_enc_data.narc!/member_00031,0,/fielddata/encountdata/d_enc_data.narc,263,31,,14660,15084,13144,13568,424,267884531d82aa0fd2ac67a913fe5725a777a9f182b4b54c78e6eef384f21f00,0a00000013000000c900000014000000,,,,,False,,,,,,,,,,False,False
/fielddata/encountdata/d_enc_data.narc,/fielddata/encountdata/d_enc_data.narc!/member_00032,0,/fielddata/encountdata/d_enc_data.narc,263,32,,15084,15508,13568,13992,424,1aa776a1f0cdf1d762ebed125672f0385d3c8cd70bb85363926ef24ac9642261,0a00000013000000c900000014000000,,,,,False,,,,,,,,,,False,False
/fielddata/encountdata/d_enc_data.narc,/fielddata/encountdata/d_enc_data.narc!/member_00033,0,/fielddata/encountdata/d_enc_data.narc,263,33,,15508,15932,13992,14416,424,267884531d82aa0fd2ac67a913fe5725a777a9f182b4b54c78e6eef384f21f00,0a00000013000000c900000014000000,,,,,False,,,,,,,,,,False,False
/fielddata/encountdata/d_enc_data.narc,/fielddata/encountdata/d_enc_data.narc!/member_00034,0,/fielddata/encountdata/d_enc_data.narc,263,34,,15932,16356,14416,14840,424,a284fc9464b785c521b98e1e54e2dd8d84eb91dc3465cdb07aef14841062130c,0a00000013000000c900000014000000,,,,,False,,,,,,,,,,False,False
/fielddata/encountdata/d_enc_data.narc,/fielddata/encountdata/d_enc_data.narc!/member_00035,0,/fielddata/encountdata/d_enc_data.narc,263,35,,16356,16780,14840,15264,424,366d83d157d67679c5fd49d3a6ed9a7a6dd88080f5d0414b23eee83b940c4a57,0f00000013000000c900000014000000,,,,,False,,,,,,,,,,False,False
/fielddata/encountdata/d_enc_data.narc,/fielddata/encountdata/d_enc_data.narc!/member_00036,0,/fielddata/encountdata/d_enc_data.narc,263,36,,16780,17204,15264,15688,424,366d83d157d67679c5fd49d3a6ed9a7a6dd88080f5d0414b23eee83b940c4a57,0f00000013000000c900000014000000,,,,,False,,,,,,,,,,False,False
/fielddata/encountdata/d_enc_data.narc,/fielddata/encountdata/d_enc_data.narc!/member_00037,0,/fielddata/encountdata/d_enc_data.narc,263,37,,17204,17628,15688,16112,424,ff293a7e1514fae7b815eb205e907ad1573e4dc2db588d51015854c41a2aa9d6,1400000013000000c900000014000000,,,,,False,,,,,,,,,,False,False
/fielddata/encountdata/d_enc_data.narc,/fielddata/encountdata/d_enc_data.narc!/member_00038,0,/fielddata/encountdata/d_enc_data.narc,263,38,,17628,18052,16112,16536,424,ff293a7e1514fae7b815eb205e907ad1573e4dc2db588d51015854c41a2aa9d6,1400000013000000c900000014000000,,,,,False,,,,,,,,,,False,False
/fielddata/encountdata/d_enc_data.narc,/fielddata/encountdata/d_enc_data.narc!/member_00039,0,/fielddata/encountdata/d_enc_data.narc,263,39,,18052,18476,16536,16960,424,ff293a7e1514fae7b815eb205e907ad1573e4dc2db588d51015854c41a2aa9d6,1400000013000000c900000014000000,,,,,False,,,,,,,,,,False,False
/fielddata/encountdata/d_enc_data.narc,/fielddata/encountdata/d_enc_data.narc!/member_00040,0,/fielddata/encountdata/d_enc_data.narc,263,40,,18476,18900,16960,17384,424,7d089e6c43d3e8e9ea17f7794611a5d248767d73111bbf6860bab7b6a6917a6b,0a00000013000000c900000014000000,,,,,False,,,,,,,,,,False,False
/fielddata/encountdata/d_enc_data.narc,/fielddata/encountdata/d_enc_data.narc!/member_00041,0,/fielddata/encountdata/d_enc_data.narc,263,41,,18900,19324,17384,17808,424,c42830f6acd9169a9f7bca1802cdf19d3abf04616376668a45c455e9dd4ce7f5,0a00000013000000c900000014000000,,,,,False,,,,,,,,,,False,False
/fielddata/encountdata/d_enc_data.narc,/fielddata/encountdata/d_enc_data.narc!/member_00042,0,/fielddata/encountdata/d_enc_data.narc,263,42,,19324,19748,17808,18232,424,e47b92c90e2edb348de6aeee620fa2437f4124debf6342d4d7b4b338691a594c,0a00000013000000c900000014000000,,,,,False,,,,,,,,,,False,False
/fielddata/encountdata/d_enc_data.narc,/fielddata/encountdata/d_enc_data.narc!/member_00043,0,/fielddata/encountdata/d_enc_data.narc,263,43,,19748,20172,18232,18656,424,9a87bea9c38cec7401ce4b6bc7907e71feb9f00d45956d9d02078ad98d906b3a,0a00000013000000c900000014000000,,,,,False,,,,,,,,,,False,False
