container_chain,member_chain,depth,parent_narc_path,parent_file_id,member_index,name,container_relative_offset,container_relative_end,gmif_relative_offset,gmif_relative_end,size,sha256,signature_hex,extension,probable_format,format_evidence,structure_valid,compressed,compression,compression_evidence,decompression_supported,declared_decompressed_size,decompression_valid,decompressed_size,decompressed_sha256,decompressed_format,decompressed_format_evidence,nested_container,nested_after_decompression
/fielddata/script/scr_seq_release.narc,/fielddata/script/scr_seq_release.narc!/member_00323,0,/fielddata/script/scr_seq_release.narc,271,323,,110872,111140,102412,102680,268,e75515923b274f500958e3cacce011086a1a764ed2a46d18ffaacef95d22c80c,060000002d00000013fd20001d011c00,,,,,False,,,,,,,,,,False,False
/fielddata/script/scr_seq_release.narc,/fielddata/script/scr_seq_release.narc!/member_00324,0,/fielddata/script/scr_seq_release.narc,271,324,,111140,111176,102680,102716,36,bc7870e2f6f2df491bedb167696e909d76aaaabffedce475dd6163c6d9c4979a,060000000800000013fd1e00dc090200,,,,,False,,,,,,,,,,False,False
/fielddata/script/scr_seq_release.narc,/fielddata/script/scr_seq_release.narc!/member_00325,0,/fielddata/script/scr_seq_release.narc,271,325,,111176,111308,102716,102848,132,39de46cdfef4d280ae69863e81428e0ba1f7a771cf410b5fee918a703b360780,060000002600000013fd92020a004011,,,,,False,,,,,,,,,,False,False
/fielddata/script/scr_seq_release.narc,/fielddata/script/scr_seq_release.narc!/member_00326,0,/fielddata/script/scr_seq_release.narc,271,326,,111308,111316,102848,102856,8,1c41889b5ca0b389bff2b87b597a76386e51e014486e52a57b44cf72e8bf3470,0200000013fd0200,,,,,False,,,,,,,,,,False,False
/fielddata/script/scr_seq_release.narc,/fielddata/script/scr_seq_release.narc!/member_00327,0,/fielddata/script/scr_seq_release.narc,271,327,,111316,111324,102856,102864,8,1c41889b5ca0b389bff2b87b597a76386e51e014486e52a57b44cf72e8bf3470,0200000013fd0200,,,,,False,,,,,,,,,,False,False
/fielddata/script/scr_seq_release.narc,/fielddata/script/scr_seq_release.narc!/member_00328,0,/fielddata/script/scr_seq_release.narc,271,328,,111324,111332,102864,102872,8,1c41889b5ca0b389bff2b87b597a76386e51e014486e52a57b44cf72e8bf3470,0200000013fd0200,,,,,False,,,,,,,,,,False,False
/fielddata/script/scr_seq_release.narc,/fielddata/script/scr_seq_release.narc!/member_00329,0,/fielddata/script/scr_seq_release.narc,271,329,,111332,111540,102872,103080,208,0083b5b7be1d353d5cff3726d5aa4cb2f458e3a89c14e870985576e7f03b76f9,0200000013fd4900dc05600020004901,,,,,False,,,,,,,,,,False,False
/fielddata/script/scr_seq_release.narc,/fielddata/script/scr_seq_release.narc!/member_00330,0,/fielddata/script/scr_seq_release.narc,271,330,,111540,111548,103080,103088,8,1c41889b5ca0b389bff2b87b597a76386e51e014486e52a57b44cf72e8bf3470,0200000013fd0200,,,,,False,,,,,,,,,,False,False
/fielddata/script/scr_seq_release.narc,/fielddata/script/scr_seq_release.narc!/member_00331,0,/fielddata/script/scr_seq_release.narc,271,331,,111548,111656,103088,103196,108,b42594e7aa9c51c0682e67dddf2fd55d2aefeeb1e9870fb9c60352a952eca82f,060000002600000013fd920219004011,,,,,False,,,,,,,,,,False,False
/fielddata/script/scr_seq_release.narc,/fielddata/script/scr_seq_release.narc!/member_00332,0,/fielddata/script/scr_seq_release.narc,271,332,,111656,111664,103196,103204,8,1c41889b5ca0b389bff2b87b597a76386e51e014486e52a57b44cf72e8bf3470,0200000013fd0200,,,,,False,,,,,,,,,,False,False
/fielddata/script/scr_seq_release.narc,/fielddata/script/scr_seq_release.narc!/member_00333,0,/fielddata/script/scr_seq_release.narc,271,333,,111664,112056,103204,103596,392,d355e4d53cd8d855474e99390c6df45c33a7dda5627f3013ea20ef9e98a2fdce,1e00000020000000450000006a000000,,,,,False,,,,,,,,,,False,False
/fielddata/script/scr_seq_release.narc,/fielddata/script/scr_seq_release.narc!/member_00334,0,/fielddata/script/scr_seq_release.narc,271,334,,112056,112260,103596,103800,204,9e356b425c287a7cfabb9ad0f72459f66f91244f0a26de9c7d7f063bcabc306c,160000006e0000007b00000088000000,,,,,False,,,,,,,,,,False,False
/fielddata/script/scr_seq_release.narc,/fielddata/script/scr_seq_release.narc!/member_00335,0,/fielddata/script/scr_seq_release.narc,271,335,,112260,112464,103800,104004,204,3ca1d7e52016bdda470de9120834fc55e94e00e66411bca5edfd646bd88c6588,0a00000019000000ac00000013fd4900,,,,,False,,,,,,,,,,False,False
/fielddata/script/scr_seq_release.narc,/fielddata/script/scr_seq_release.narc!/member_00336,0,/fielddata/script/scr_seq_release.narc,271,336,,112464,113080,104004,104620,616,df7efb4bed3d9792c3235e8a08c1816a73b204ded6fd1f1b90ace1e64ba14d06,0e00000024010000b8010000c5010000,,,,,False,,,,,,,,,,False,False
/fielddata/script/scr_seq_release.narc,/fielddata/script/scr_seq_release.narc!/member_00337,0,/fielddata/script/scr_seq_release.narc,271,337,,113080,113108,104620,104648,28,7bf6a5d9589b01603e296ad53e577bcc5567d935ab89f0267d13792eb791e4e3,0200000013fd4900dc05600068002c00,,,,,False,,,,,,,,,,False,False
/fielddata/script/scr_seq_release.narc,/fielddata/script/scr_seq_release.narc!/member_00338,0,/fielddata/script/scr_seq_release.narc,271,338,,113108,113312,104648,104852,204,8d90cffe5c43486f3e56810857dfd26d5e05c418581429a2d1417a633ee58df9,0a000000190000002800000013fd4900,,,,,False,,,,,,,,,,False,False
/fielddata/script/scr_seq_release.narc,/fielddata/script/scr_seq_release.narc!/member_00339,0,/fielddata/script/scr_seq_release.narc,271,339,,113312,114232,104852,105772,920,3e70e9be07d642977492a62f0d052c44a0de98f031ef31c7f800d846ae410d4e,36000000490000004900000038010000,,,,,False,,,,,,,,,,False,False
/fielddata/script/scr_seq_release.narc,/fielddata/script/scr_seq_release.narc!/member_00340,0,/fielddata/script/scr_seq_release.narc,271,340,,114232,114304,105772,105844,72,68c8c5cc2df0d919015473ce7da2592186d01709a95d9d371f5db93014217261,0a000000190000002800000013fd4900,,,,,False,,,,,,,,,,False,False
/fielddata/script/scr_seq_release.narc,/fielddata/script/scr_seq_release.narc!/member_00341,0,/fielddata/script/scr_seq_release.narc,271,341,,114304,114320,105844,105860,16,60619dee4c54e806fc432ed957cccde95b27057da3ae0b63f0628ea16495ed6e,0200000013fd1e00de09020002000000,,,,,False,,,,,,,,,,False,False
/fielddata/script/scr_seq_release.narc,/fielddata/script/scr_seq_release.narc!/member_00342,0,/fielddata/script/scr_seq_release.narc,271,342,,114320,116072,105860,107612,1752,bbf38de7ff19e18993a2292758ed8b47b147638d6cf165ccdace2492235186af,1a000000460000006300000050060000,,,,,False,,,,,,,,,,False,False
/fielddata/script/scr_seq_release.narc,/fielddata/script/scr_seq_release.narc!/member_00343,0,/fielddata/script/scr_seq_release.narc,271,343,,116072,116872,107612,108412,800,eff04970d7ed6c85140a630d3f24cefe3a3c610a1d52d37b6966fb7af4e36ae8,1a000000bf000000bf0000002b010000,,,,,False,,,,,,,,,,False,False
/fielddata/script/scr_seq_release.narc,/fielddata/script/scr_seq_release.narc!/member_00344,0,/fielddata/script/scr_seq_release.narc,271,344,,116872,117288,108412,108828,416,2534fad21320537574b165fd4a6807e3296d5c0122df36658fb831442158c03a,060000000800000013fd1e00df090200,,,,,False,,,,,,,,,,False,False
/fielddata/script/scr_seq_release.narc,/fielddata/script/scr_seq_release.narc!/member_00345,0,/fielddata/script/scr_seq_release.narc,271,345,,117288,117304,108828,108844,16,0e46fd72ad8fea9f632c219e757ffac58a0e0cb39d04c7be591637be3a73c7d3,0200000013fd1e00e009020002000000,,,,,False,,,,,,,,,,False,False
/fielddata/script/scr_seq_release.narc,/fielddata/script/scr_seq_release.narc!/member_00346,0,/fielddata/script/scr_seq_release.narc,271,346,,117304,117412,108844,108952,108,42f7e7e588965c81565b225453abc252abe1c5e940d6b894221dc125e4d17ce9,0e0000001d0000002c0000003b000000,,,,,False,,,,,,,,,,False,False
/fielddata/script/scr_seq_release.narc,/fielddata/script/scr_seq_release.narc!/member_00347,0,/fielddata/script/scr_seq_release.narc,271,347,,117412,117420,108952,108960,8,1c41889b5ca0b389bff2b87b597a76386e51e014486e52a57b44cf72e8bf3470,0200000013fd0200,,,,,False,,,,,,,,,,False,False
/fielddata/script/scr_seq_release.narc,/fielddata/script/scr_seq_release.narc!/member_00348,0,/fielddata/script/scr_seq_release.narc,271,348,,117420,117752,108960,109292,332,c403739633210b8f6d57ad89c5e138568d8ab1c1e3b0df2add8d8a238b2582c9,0e0000003a0000006b000000c3000000,,,,,False,,,,,,,,,,False,False
/fielddata/script/scr_seq_release.narc,/fielddata/script/scr_seq_release.narc!/member_00349,0,/fielddata/script/scr_seq_release.narc,271,349,,117752,117768,109292,109308,16,9709a214215a325d2875220d12ea5707f1dd5bc19c38b9723d640d82d142075d,0200000013fd1e00e209020002000000,,,,,False,,,,,,,,,,False,False
/fielddata/script/scr_seq_release.narc,/fielddata/script/scr_seq_release.narc!/member_00350,0,/fielddata/script/scr_seq_release.narc,271,350,,117768,117828,109308,109368,60,df9249d64b876f3fafefcfd5dc14d77322685b52390023e3d062e05f494fb3cd,0200000013fd4900dc05600068002000,,,,,False,,,,,,,,,,False,False
/fielddata/script/scr_seq_release.narc,/fielddata/script/scr_seq_release.narc!/member_00351,0,/fielddata/script/scr_seq_release.narc,271,351,,117828,118400,109368,109940,572,93480c864e58b73f786ddeebc5f0283aecb64bbc1a9eaa56a0bd21f2510cc029,0200000013fd60006900048005806600,,,,,False,,,,,,,,,,False,False
/fielddata/script/scr_seq_release.narc,/fielddata/script/scr_seq_release.narc!/member_00352,0,/fielddata/script/scr_seq_release.narc,271,352,,118400,118540,109940,110080,140,08b00c80848fb9bdffee8a10af0dbf5c203a2b26d247b1c0833f7c08ecabd19e,0a0000000c0000002300000013fd1e00,,,,,False,,,,,,,,,,False,False
/fielddata/script/scr_seq_release.narc,/fielddata/script/scr_seq_release.narc!/member_00353,0,/fielddata/script/scr_seq_release.narc,271,353,,118540,118876,110080,110416,336,9d79819c0e94b36a70ccb884774f36abe5fe68b35492a75c1aeebdb1b563d48a,060000002f00000013fd1e00e4097002,,,,,False,,,,,,,,,,False,False
/fielddata/script/scr_seq_release.narc,/fielddata/script/scr_seq_release.narc!/member_00354,0,/fielddata/script/scr_seq_release.narc,271,354,,118876,119124,110416,110664,248,9c8c72c9ab10bb188e7f7b422c9a04797f11a6b565286c713172a0dc40b8bc64,0a000000080000001f00000013fd0200,,,,,False,,,,,,,,,,False,False
/fielddata/script/scr_seq_release.narc,/fielddata/script/scr_seq_release.narc!/member_00355,0,/fielddata/script/scr_seq_release.narc,271,355,,119124,120112,110664,111652,988,beabe3c3eee689c52f2be69a40aa9c9e244ad02421e73990ea0ca70c45689564,2e00000000030000a1030000b4030000,,,,,False,,,,,,,,,,False,False
/fielddata/script/scr_seq_release.narc,/fielddata/script/scr_seq_release.narc!/member_00356,0,/fielddata/script/scr_seq_release.narc,271,356,,120112,120616,111652,112156,504,f5874fa15c3c37e4176ead9fa74e20fbfb393b3c85721bd2ba3a00cc28637603,200000002e0000007601000085010000,,Nintendo Huffman,Probable,,True,Nintendo Huffman,Probable,False,46,,,,,,False,False
/fielddata/script/scr_seq_release.narc,/fielddata/script/scr_seq_release.narc!/member_00357,0,/fielddata/script/scr_seq_release.narc,271,357,,120616,120624,112156,112164,8,1c41889b5ca0b389bff2b87b597a76386e51e014486e52a57b44cf72e8bf3470,0200000013fd0200,,,,,False,,,,,,,,,,False,False
/fielddata/script/scr_seq_release.narc,/fielddata/script/scr_seq_release.narc!/member_00358,0,/fielddata/script/scr_seq_release.narc,271,358,,120624,125184,112164,116724,4560,55213147fdfdb0e49895cf57ada5324abf88caf8c4c0cc5c336c3733b1a18b97,d2030000dc0700003f060000620b0000,,,,,False,,,,,,,,,,False,False
/fielddata/script/scr_seq_release.narc,/fielddata/script/scr_seq_release.narc!/member_00359,0,/fielddata/script/scr_seq_release.narc,271,359,,125184,125620,116724,117160,436,64d46c1d23e857d403b7df99c3be21ea652122bae8418cb32a11481b68109d0b,0e000000f90000000b0100001d010000,,,,,False,,,,,,,,,,False,False
/fielddata/script/scr_seq_release.narc,/fielddata/script/scr_seq_release.narc!/member_00360,0,/fielddata/script/scr_seq_release.narc,271,360,,125620,126140,117160,117680,520,f63cbd2b2e49fa61af81c88246d90bdfae19fc175febc1b720079449c40b027d,0a000000080000001900000013fd0200,,,,,False,,,,,,,,,,False,False
/fielddata/script/scr_seq_release.narc,/fielddata/script/scr_seq_release.narc!/member_00361,0,/fielddata/script/scr_seq_release.narc,271,361,,126140,126644,117680,118184,504,79a1bc42639fad3bbc48e57e734481bdf01e1781e95182431556eede94c7f06d,0a000000600000008100000013fd1100,,,,,False,,,,,,,,,,False,False
/fielddata/script/scr_seq_release.narc,/fielddata/script/scr_seq_release.narc!/member_00362,0,/fielddata/script/scr_seq_release.narc,271,362,,126644,128116,118184,119656,1472,fe30723878dbdd5d7ee5e2155205d4c2aa9111323dcf4e7cce41ce3ff0d1e2ba,12000000f90000002001000048000000,,,,,False,,,,,,,,,,False,False
/fielddata/script/scr_seq_release.narc,/fielddata/script/scr_seq_release.narc!/member_00363,0,/fielddata/script/scr_seq_release.narc,271,363,,128116,129752,119656,121292,1636,1947f2f4136c976e8c74cd23ffb66413d067ce076e4ced3d2b589748b0a070ad,0e0000006c0000004a01000071010000,,,,,False,,,,,,,,,,False,False
/fielddata/script/scr_seq_release.narc,/fielddata/script/scr_seq_release.narc!/member_00364,0,/fielddata/script/scr_seq_release.narc,271,364,,129752,131772,121292,123312,2020,5c5b59767dac83cc6dce05abeb6798e84aa815a12fc781018065de1a29434707,a80100006d020000f202000055030000,,,,,False,,,,,,,,,,False,False
/fielddata/script/scr_seq_release.narc,/fielddata/script/scr_seq_release.narc!/member_00365,0,/fielddata/script/scr_seq_release.narc,271,365,,131772,131900,123312,123440,128,310d5e581d34b77efbc826970f4525dbbbfe49cf3cdaec019a20409fa504c354,120000001a0000003c0000003e000000,,,,,False,,,,,,,,,,False,False
/fielddata/script/scr_seq_release.narc,/fielddata/script/scr_seq_release.narc!/member_00366,0,/fielddata/script/scr_seq_release.narc,271,366,,131900,131912,123440,123452,12,0d245d0e9dd2817c144fbde0e6d6e244f70d57fef65f30aeb46e7f0ca59897aa,0200000013fd510102000000,,,,,False,,,,,,,,,,False,False
/fielddata/script/scr_seq_release.narc,/fielddata/script/scr_seq_release.narc!/member_00367,0,/fielddata/script/scr_seq_release.narc,271,367,,131912,131924,123452,123464,12,f0ece6e5174bc89b1dc695a3b21a18917f556dc7be84e79ad3bfa948aa72c32b,0200000013fd510102000200,,,,,False,,,,,,,,,,False,False
/fielddata/script/scr_seq_release.narc,/fielddata/script/scr_seq_release.narc!/member_00368,0,/fielddata/script/scr_seq_release.narc,271,368,,131924,131932,123464,123472,8,1c41889b5ca0b389bff2b87b597a76386e51e014486e52a57b44cf72e8bf3470,0200000013fd0200,,,,,False,,,,,,,,,,False,False
/fielddata/script/scr_seq_release.narc,/fielddata/script/scr_seq_release.narc!/member_00369,0,/fielddata/script/scr_seq_release.narc,271,369,,131932,131940,123472,123480,8,1c41889b5ca0b389bff2b87b597a76386e51e014486e52a57b44cf72e8bf3470,0200000013fd0200,,,,,False,,,,,,,,,,False,False
/fielddata/script/scr_seq_release.narc,/fielddata/script/scr_seq_release.narc!/member_00370,0,/fielddata/script/scr_seq_release.narc,271,370,,131940,138608,123480,130148,6668,463258bba4e60fe231da7df5bf9ff638ac72cf7c425c34c7fdff5a18fe19f178,fe0300000e0400001e0400002e040000,,,,,False,,,,,,,,,,False,False
/fielddata/script/scr_seq_release.narc,/fielddata/script/scr_seq_release.narc!/member_00371,0,/fielddata/script/scr_seq_release.narc,271,371,,138608,138616,130148,130156,8,1c41889b5ca0b389bff2b87b597a76386e51e014486e52a57b44cf72e8bf3470,0200000013fd0200,,,,,False,,,,,,,,,,False,False
/fielddata/script/scr_seq_release.narc,/fielddata/script/scr_seq_release.narc!/member_00372,0,/fielddata/script/scr_seq_release.narc,271,372,,138616,139624,130156,131164,1008,374e589256e3c7f6b5593de8e3b0685d709a74091884a890b39e624755676395,0200000013fd4900dc05600068001d02,,,,,False,,,,,,,,,,False,False
/fielddata/script/scr_seq_release.narc,/fielddata/script/scr_seq_release.narc!/member_00373,0,/fielddata/script/scr_seq_release.narc,271,373,,139624,139896,131164,131436,272,fac689dc401c62d25d353099eb8652c05b5ca07830e733de67137fe48631623e,060000002d00000013fd3e0200003e02,,,,,False,,,,,,,,,,False,False
/fielddata/script/scr_seq_release.narc,/fielddata/script/scr_seq_release.narc!/member_00374,0,/fielddata/script/scr_seq_release.narc,271,374,,139896,141432,131436,132972,1536,5d4b39c88ea358d2a9286be70fbe63032a2cf901bbdd215aa6824ae87104fb15,fe030000fa030000f6030000f2030000,,,,,False,,,,,,,,,,False,False
/fielddata/script/scr_seq_release.narc,/fielddata/script/scr_seq_release.narc!/member_00375,0,/fielddata/script/scr_seq_release.narc,271,375,,141432,143000,132972,134540,1568,8eb495198f6f374af6a51856ee2bfc9e6754dae991446c02e8784ab21b73624b,3e000000310100001e02000014030000,,,,,False,,,,,,,,,,False,False
/fielddata/script/scr_seq_release.narc,/fielddata/script/scr_seq_release.narc!/member_00376,0,/fielddata/script/scr_seq_release.narc,271,376,,143000,143324,134540,134864,324,92347691faf89b2ddf70c74ecf05e38b465161621c3848c3505dd94493fd3d87,0a0000009f0000003c00000013fdcd00,,,,,False,,,,,,,,,,False,False
/fielddata/script/scr_seq_release.narc,/fielddata/script/scr_seq_release.narc!/member_00377,0,/fielddata/script/scr_seq_release.narc,271,377,,143324,143664,134864,135204,340,b76b8724d7e116007052994d2f0dff25789c644deec0b00749b9c209bb8cbcde,0200000013fd1e0097011e0096011e00,,,,,False,,,,,,,,,,False,False
/fielddata/script/scr_seq_release.narc,/fielddata/script/scr_seq_release.narc!/member_00378,0,/fielddata/script/scr_seq_release.narc,271,378,,143664,145116,135204,136656,1452,4a181d8ecba1f438f38ad4f5ed92ecda7a5823c9b230cc4f8f46d6cafda44998,0e000000570500007705000088050000,,,,,False,,,,,,,,,,False,False
/fielddata/script/scr_seq_release.narc,/fielddata/script/scr_seq_release.narc!/member_00379,0,/fielddata/script/scr_seq_release.narc,271,379,,145116,145764,136656,137304,648,dcaad72dcbc6600ecae4481c6614581610d250a74ccb3b3146f84d75cd78f9b2,160000004e0000006200000034010000,,,,,False,,,,,,,,,,False,False
/fielddata/script/scr_seq_release.narc,/fielddata/script/scr_seq_release.narc!/member_00380,0,/fielddata/script/scr_seq_release.narc,271,380,,145764,145792,137304,137332,28,ed52e9d2f58e43cd3fa018b46a56d22c5ca47202e3d282c50caac3783ffe0b15,0200000013fdcd00004900dc05600068,,,,,False,,,,,,,,,,False,False
/fielddata/script/scr_seq_release.narc,/fielddata/script/scr_seq_release.narc!/member_00381,0,/fielddata/script/scr_seq_release.narc,271,381,,145792,147152,137332,138692,1360,4ed41b944e1cf9f74840dd493202fd287d256497978935aac241a2525cf9d641,2600000068000000ac0000004c020000,,,,,False,,,,,,,,,,False,False
/fielddata/script/scr_seq_release.narc,/fielddata/script/scr_seq_release.narc!/member_00382,0,/fielddata/script/scr_seq_release.narc,271,382,,147152,155660,138692,147200,8508,e4e184b49eb4773c5e200c9e67cee478c6757c5548755d07225320b987d6d4bd,1a03000050000000d302000021030000,,,,,False,,,,,,,,,,False,False
/fielddata/script/scr_seq_release.narc,/fielddata/script/scr_seq_release.narc!/member_00383,0,/fielddata/script/scr_seq_release.narc,271,383,,155660,155756,147200,147296,96,6905fd200ae99c9cd3b531ae64d3aa9cea82bfa4e58540a6ee7abab29b35cd1d,0200000013fd4900dc05600068002000,,,,,False,,,,,,,,,,False,False
/fielddata/script/scr_seq_release.narc,/fielddata/script/scr_seq_release.narc!/member_00384,0,/fielddata/script/scr_seq_release.narc,271,384,,155756,155992,147296,147532,236,a6780f28209817fd1cfca5b969718708ebb9e3456e63591ae3d8efe3dcd52d61,0200000013fd4900dc05600068002000,,,,,False,,,,,,,,,,False,False
/fielddata/script/scr_seq_release.narc,/fielddata/script/scr_seq_release.narc!/member_00385,0,/fielddata/script/scr_seq_release.narc,271,385,,155992,156256,147532,147796,264,1c4901e7154f81c8fb02ec20eeed9c61e7d7980ab159852f30faf21a265a3fa7,4e0000000e00000083000000b0000000,,,,,False,,,,,,,,,,False,False
/fielddata/script/scr_seq_release.narc,/fielddata/script/scr_seq_release.narc!/member_00386,0,/fielddata/script/scr_seq_release.narc,271,386,,156256,156264,147796,147804,8,1c41889b5ca0b389bff2b87b597a76386e51e014486e52a57b44cf72e8bf3470,0200000013fd0200,,,,,False,,,,,,,,,,False,False
/fielddata/script/scr_seq_release.narc,/fielddata/script/scr_seq_release.narc!/member_00387,0,/fielddata/script/scr_seq_release.narc,271,387,,156264,156936,147804,148476,672,bb9850421456c491c415334032781ae1a491aa6ed35ee13f98c5fe90429d01b8,16000000e40000003a0100008d010000,,,,,False,,,,,,,,,,False,False
/fielddata/script/scr_seq_release.narc,/fielddata/script/scr_seq_release.narc!/member_00388,0,/fielddata/script/scr_seq_release.narc,271,388,,156936,157932,148476,149472,996,2a3d80abee7b3bf9a122f176c8c096fdd5d2c1f14a255f2ae396c03d7b3a3525,0a000000e00000008b01000013fd6000,,,,,False,,,,,,,,,,False,False
/fielddata/script/scr_seq_release.narc,/fielddata/script/scr_seq_release.narc!/member_00389,0,/fielddata/script/scr_seq_release.narc,271,389,,157932,158164,149472,149704,232,0fc12b2e74ad79ca5e378ed3cd5126433679a1f779133d4501b027a80a802f79,0200000013fd6000030001000c802900,,,,,False,,,,,,,,,,False,False
/fielddata/script/scr_seq_release.narc,/fielddata/script/scr_seq_release.narc!/member_00390,0,/fielddata/script/scr_seq_release.narc,271,390,,158164,158208,149704,149748,44,de0d2293af0e23f82dfcae047c0fc8d0ed927947979eaa801b22459ca96b0ec6,060000001400000013fd6000d5000000,,,,,False,,,,,,,,,,False,False
/fielddata/script/scr_seq_release.narc,/fielddata/script/scr_seq_release.narc!/member_00391,0,/fielddata/script/scr_seq_release.narc,271,391,,158208,158856,149748,150396,648,e42042acf693af9c4b2bffa33c105d55f64460284c56d4fc9a871e9c1c71f858,0400000013fd02004900dc0560006800,,,,,False,,,,,,,,,,False,False
/fielddata/script/scr_seq_release.narc,/fielddata/script/scr_seq_release.narc!/member_00392,0,/fielddata/script/scr_seq_release.narc,271,392,,158856,160584,150396,152124,1728,3075d0408b9e194e469f86c736768293f4f822d21be206e63fd9672d46a9c93c,2e0000006d0000007801000038020000,,,,,False,,,,,,,,,,False,False
/fielddata/script/scr_seq_release.narc,/fielddata/script/scr_seq_release.narc!/member_00393,0,/fielddata/script/scr_seq_release.narc,271,393,,160584,161764,152124,153304,1180,b626f23c88e0d44b5449539467ba0c1902cc829919f45e55e7419546604651b0,16000000420000005100000064000000,,,,,False,,,,,,,,,,False,False
/fielddata/script/scr_seq_release.narc,/fielddata/script/scr_seq_release.narc!/member_00394,0,/fielddata/script/scr_seq_release.narc,271,394,,161764,162384,153304,153924,620,ea733adc914796972c79649b00610d81e9a90342644e308a6170a1f48e1cd089,1600000025000000380000004b000000,,,,,False,,,,,,,,,,False,False
/fielddata/script/scr_seq_release.narc,/fielddata/script/scr_seq_release.narc!/member_00395,0,/fielddata/script/scr_seq_release.narc,271,395,,162384,162464,153924,154004,80,a24d9b0b15f3e1cc2b5c35be3bb7f73b05c28adff6951147e52b705eba99a9f5,0a000000190000002c00000013fd4900,,,,,False,,,,,,,,,,False,False
/fielddata/script/scr_seq_release.narc,/fielddata/script/scr_seq_release.narc!/member_00396,0,/fielddata/script/scr_seq_release.narc,271,396,,162464,162612,154004,154152,148,91b92a7a6d61c0df92a4558d96434d85fabee0607a285516f29ff0997c39b325,0a000000190000006f00000013fd4900,,,,,False,,,,,,,,,,False,False
/fielddata/script/scr_seq_release.narc,/fielddata/script/scr_seq_release.narc!/member_00397,0,/fielddata/script/scr_seq_release.narc,271,397,,162612,163344,154152,154884,732,c50a0c242ea324404ec589c81729f8e83a989722dc5dd6a573d89a33c65898e1,26000000040100001301000031000000,,,,,False,,,,,,,,,,False,False
/fielddata/script/scr_seq_release.narc,/fielddata/script/scr_seq_release.narc!/member_00398,0,/fielddata/script/scr_seq_release.narc,271,398,,163344,163472,154884,155012,128,de174eea4d8f999d6cac56c45cbf1d9e5981e690162a1e9f9544c6f3f0277b26,060000006500000013fd4900dc056000,,,,,False,,,,,,,,,,False,False
/fielddata/script/scr_seq_release.narc,/fielddata/script/scr_seq_release.narc!/member_00399,0,/fielddata/script/scr_seq_release.narc,271,399,,163472,163552,155012,155092,80,68568945374964f5db912d4aff0cb1d8f0f84a91b93f97ae059fed901800c819,0a000000190000002c00000013fd4900,,,,,False,,,,,,,,,,False,False
/fielddata/script/scr_seq_release.narc,/fielddata/script/scr_seq_release.narc!/member_00400,0,/fielddata/script/scr_seq_release.narc,271,400,,163552,163848,155092,155388,296,5ec8f014db23e6582982670a058d924b4324c0e6b039e623db7583280eceecd6,290000002b000000b3000000c2000000,,,,,False,,,,,,,,,,False,False
/fielddata/script/scr_seq_release.narc,/fielddata/script/scr_seq_release.narc!/member_00401,0,/fielddata/script/scr_seq_release.narc,271,401,,163848,164008,155388,155548,160,8b52053a8a5d1ce427c44826e97485d2071c3923ba885fa8470c87490f6bb128,0e000000140000002300000050000000,,,,,False,,,,,,,,,,False,False
/fielddata/script/scr_seq_release.narc,/fielddata/script/scr_seq_release.narc!/member_00402,0,/fielddata/script/scr_seq_release.narc,271,402,,164008,164016,155548,155556,8,1c41889b5ca0b389bff2b87b597a76386e51e014486e52a57b44cf72e8bf3470,0200000013fd0200,,,,,False,,,,,,,,,,False,False
/fielddata/script/scr_seq_release.narc,/fielddata/script/scr_seq_release.narc!/member_00403,0,/fielddata/script/scr_seq_release.narc,271,403,,164016,165028,155556,156568,1012,e4d0b4772aa81c40138d1dd190ca8ad74bb602a67612c5775fd50150ffcf2115,1a000000460000006803000077030000,,,,,False,,,,,,,,,,False,False
/fielddata/script/scr_seq_release.narc,/fielddata/script/scr_seq_release.narc!/member_00404,0,/fielddata/script/scr_seq_release.narc,271,404,,165028,165232,156568,156772,204,b539e3ac9cc49f2af5f8fdc43f46c3aa488c00eb73fe845c578493913ae31ad0,12000000250000003800000060000000,,,,,False,,,,,,,,,,False,False
/fielddata/script/scr_seq_release.narc,/fielddata/script/scr_seq_release.narc!/member_00405,0,/fielddata/script/scr_seq_release.narc,271,405,,165232,165932,156772,157472,700,e4a68c4e85916d329069971cef6601ca10e0a5117ba0436c392c1239b46ab56f,0e000000100000006c000000f4000000,,,,,False,,,,,,,,,,False,False
/fielddata/script/scr_seq_release.narc,/fielddata/script/scr_seq_release.narc!/member_00406,0,/fielddata/script/scr_seq_release.narc,271,406,,165932,166664,157472,158204,732,9342661cebe4175b2292885bbda69939d01ff484537351d8aed99a57998b4dbe,8d0000009c0000006402000077020000,,,,,False,,,,,,,,,,False,False
/fielddata/script/scr_seq_release.narc,/fielddata/script/scr_seq_release.narc!/member_00407,0,/fielddata/script/scr_seq_release.narc,271,407,,166664,166680,158204,158220,16,f5e8178c280437f517c479aa599d200c4450c8381c73c490cffd725c536f8e67,0200000013fd1e00e809020002000000,,,,,False,,,,,,,,,,False,False
/fielddata/script/scr_seq_release.narc,/fielddata/script/scr_seq_release.narc!/member_00408,0,/fielddata/script/scr_seq_release.narc,271,408,,166680,166688,158220,158228,8,1c41889b5ca0b389bff2b87b597a76386e51e014486e52a57b44cf72e8bf3470,0200000013fd0200,,,,,False,,,,,,,,,,False,False
/fielddata/script/scr_seq_release.narc,/fielddata/script/scr_seq_release.narc!/member_00409,0,/fielddata/script/scr_seq_release.narc,271,409,,166688,166696,158228,158236,8,1c41889b5ca0b389bff2b87b597a76386e51e014486e52a57b44cf72e8bf3470,0200000013fd0200,,,,,False,,,,,,,,,,False,False
/fielddata/script/scr_seq_release.narc,/fielddata/script/scr_seq_release.narc!/member_00410,0,/fielddata/script/scr_seq_release.narc,271,410,,166696,166704,158236,158244,8,1c41889b5ca0b389bff2b87b597a76386e51e014486e52a57b44cf72e8bf3470,0200000013fd0200,,,,,False,,,,,,,,,,False,False
/fielddata/script/scr_seq_release.narc,/fielddata/script/scr_seq_release.narc!/member_00411,0,/fielddata/script/scr_seq_release.narc,271,411,,166704,166904,158244,158444,200,a68b1f0c7e590cb57827bba05c042d3ba1e3375398d5921043554823199cc32b,060000006400000013fd4900dc056000,,,,,False,,,,,,,,,,False,False
/fielddata/script/scr_seq_release.narc,/fielddata/script/scr_seq_release.narc!/member_00412,0,/fielddata/script/scr_seq_release.narc,271,412,,166904,167860,158444,159400,956,61d9b3083f47bc69f3dfab4978a0879a087f0f52a55c1dc311842455bdc3e234,75000000040300001303000069030000,,,,,False,,,,,,,,,,False,False
/fielddata/script/scr_seq_release.narc,/fielddata/script/scr_seq_release.narc!/member_00413,0,/fielddata/script/scr_seq_release.narc,271,413,,167860,168096,159400,159636,236,52328c52cb49e17204828ecad5537a4d56c7062001915906d88b932485de7754,0e000000100000001f000000b1000000,,,,,False,,,,,,,,,,False,False
/fielddata/script/scr_seq_release.narc,/fielddata/script/scr_seq_release.narc!/member_00414,0,/fielddata/script/scr_seq_release.narc,271,414,,168096,168176,159636,159716,80,a24d9b0b15f3e1cc2b5c35be3bb7f73b05c28adff6951147e52b705eba99a9f5,0a000000190000002c00000013fd4900,,,,,False,,,,,,,,,,False,False
/fielddata/script/scr_seq_release.narc,/fielddata/script/scr_seq_release.narc!/member_00415,0,/fielddata/script/scr_seq_release.narc,271,415,,168176,168700,159716,160240,524,adfa641a37112adfc402376a6b13fdab596997e93739a1aed164814a0cb6c75a,060000000800000013fd1e00ea090200,,,,,False,,,,,,,,,,False,False
/fielddata/script/scr_seq_release.narc,/fielddata/script/scr_seq_release.narc!/member_00416,0,/fielddata/script/scr_seq_release.narc,271,416,,168700,168780,160240,160320,80,68568945374964f5db912d4aff0cb1d8f0f84a91b93f97ae059fed901800c819,0a000000190000002c00000013fd4900,,,,,False,,,,,,,,,,False,False
/fielddata/script/scr_seq_release.narc,/fielddata/script/scr_seq_release.narc!/member_00417,0,/fielddata/script/scr_seq_release.narc,271,417,,168780,168984,160320,160524,204,19c3941fc969137604c8050b3d63c74c5105dc09189333fb0ad7ec137094df74,0e0000008000000093000000a4000000,,,,,False,,,,,,,,,,False,False
/fielddata/script/scr_seq_release.narc,/fielddata/script/scr_seq_release.narc!/member_00418,0,/fielddata/script/scr_seq_release.narc,271,418,,168984,169348,160524,160888,364,3071a8794da0455267ade16f4d5e75002f8de430b21bcaa82ba4af7fb5b1d134,b1000000c0000000d3000000e6000000,,,,,False,,,,,,,,,,False,False
/fielddata/script/scr_seq_release.narc,/fielddata/script/scr_seq_release.narc!/member_00419,0,/fielddata/script/scr_seq_release.narc,271,419,,169348,169536,160888,161076,188,6e3390a3ac0a10fea1a2b9b1de38a115a6757615039ad192b04454962cc9082d,1a0000001c0000001a00000018000000,,,,,False,,,,,,,,,,False,False
/fielddata/script/scr_seq_release.narc,/fielddata/script/scr_seq_release.narc!/member_00420,0,/fielddata/script/scr_seq_release.narc,271,420,,169536,169656,161076,161196,120,8dee096262067fe3a8f4887482cbc31d0b1daa953e810faa189a037718146bac,060000005c00000013fd4900dc056000,,,,,False,,,,,,,,,,False,False
/fielddata/script/scr_seq_release.narc,/fielddata/script/scr_seq_release.narc!/member_00421,0,/fielddata/script/scr_seq_release.narc,271,421,,169656,170596,161196,162136,940,31fae89f590448168030d08ed13b77e33b4575220f684e4f3b46a9212ed7875e,1a0000005f0000001802000015030000,,,,,False,,,,,,,,,,False,False
/fielddata/script/scr_seq_release.narc,/fielddata/script/scr_seq_release.narc!/member_00422,0,/fielddata/script/scr_seq_release.narc,271,422,,170596,170864,162136,162404,268,48a3ba54b17d3deb40fae678412e2f5447213635ccd22fcde4f7deb20647428d,790000008800000097000000a6000000,,,,,False,,,,,,,,,,False,False
/fielddata/script/scr_seq_release.narc,/fielddata/script/scr_seq_release.narc!/member_00423,0,/fielddata/script/scr_seq_release.narc,271,423,,170864,172348,162404,163888,1484,d9c5084ffeae20e235babdee1d69e57c5fb78a56c67c522eaae40f9889bea550,0e000000100000001f000000ab050000,,,,,False,,,,,,,,,,False,False
/fielddata/script/scr_seq_release.narc,/fielddata/script/scr_seq_release.narc!/member_00424,0,/fielddata/script/scr_seq_release.narc,271,424,,172348,172708,163888,164248,360,cbe123b300074063e0b3011e7b8a2167df8862629598f45cecdad8468033a671,1e0000004f00000002010000d8000000,,,,,False,,,,,,,,,,False,False
/fielddata/script/scr_seq_release.narc,/fielddata/script/scr_seq_release.narc!/member_00425,0,/fielddata/script/scr_seq_release.narc,271,425,,172708,172756,164248,164296,48,02488b423a1484656a1ea2078ef334df9885e83777fd2c31f8d66933c9be287b,060000001500000013fd4900dc056000,,,,,False,,,,,,,,,,False,False
/fielddata/script/scr_seq_release.narc,/fielddata/script/scr_seq_release.narc!/member_00426,0,/fielddata/script/scr_seq_release.narc,271,426,,172756,174536,164296,166076,1780,b171077cef97d5ddb91ca9dff8bd67f9d2b74fc300cd0abdec5e6e4386a830d5,060000000800000013fd1e00ed090200,,,,,False,,,,,,,,,,False,False
/fielddata/script/scr_seq_release.narc,/fielddata/script/scr_seq_release.narc!/member_00427,0,/fielddata/script/scr_seq_release.narc,271,427,,174536,174628,166076,166168,92,e7cf79ffd97ebf5b63a17cb530af4ff286671bc09432d512dc3c35fdf6f6a7c0,0a000000080000003c00000013fd0200,,,,,False,,,,,,,,,,False,False
/fielddata/script/scr_seq_release.narc,/fielddata/script/scr_seq_release.narc!/member_00428,0,/fielddata/script/scr_seq_release.narc,271,428,,174628,174740,166168,166280,112,38e7f297b31192a86bbcfb6e148d221932c4228cb141b95e25b1006f283fee42,0200000013fd4900dc05600068002c00,,,,,False,,,,,,,,,,False,False
/fielddata/script/scr_seq_release.narc,/fielddata/script/scr_seq_release.narc!/member_00429,0,/fielddata/script/scr_seq_release.narc,271,429,,174740,175076,166280,166616,336,0573340dd1906ba87fbd41b2107adf1841a05d25a62b449abba8bab5d112837f,0a000000600000002e01000013fd4900,,,,,False,,,,,,,,,,False,False
/fielddata/script/scr_seq_release.narc,/fielddata/script/scr_seq_release.narc!/member_00430,0,/fielddata/script/scr_seq_release.narc,271,430,,175076,175200,166616,166740,124,ae0100faacab6aa2d1ffd11d5a35d8803c6d091bc2ecfeee80465a279eaebc11,060000003d00000013fd4900dc056000,,,,,False,,,,,,,,,,False,False
/fielddata/script/scr_seq_release.narc,/fielddata/script/scr_seq_release.narc!/member_00431,0,/fielddata/script/scr_seq_release.narc,271,431,,175200,175408,166740,166948,208,bd63bbc2dc0ad8575195cd44ef672743d62ca4609611d3aa6b39bf90f1b839ab,9e000000b10000006900000002000000,,,,,False,,,,,,,,,,False,False
/fielddata/script/scr_seq_release.narc,/fielddata/script/scr_seq_release.narc!/member_00432,0,/fielddata/script/scr_seq_release.narc,271,432,,175408,175464,166948,167004,56,c5f7bd2f0236566268471d9f1b9dbfd9dc57fdd955be3e730c4c271e9e8c02f5,0200000013fd4900dc05600068008402,,,,,False,,,,,,,,,,False,False
/fielddata/script/scr_seq_release.narc,/fielddata/script/scr_seq_release.narc!/member_00433,0,/fielddata/script/scr_seq_release.narc,271,433,,175464,175820,167004,167360,356,8ad2de511b9c5ac28521d274b90a6007e32b9332ba6a2152ee05fe8a2e49e4cb,8900000098000000ee00000001010000,,,,,False,,,,,,,,,,False,False
/fielddata/script/scr_seq_release.narc,/fielddata/script/scr_seq_release.narc!/member_00434,0,/fielddata/script/scr_seq_release.narc,271,434,,175820,175900,167360,167440,80,a24d9b0b15f3e1cc2b5c35be3bb7f73b05c28adff6951147e52b705eba99a9f5,0a000000190000002c00000013fd4900,,,,,False,,,,,,,,,,False,False
/fielddata/script/scr_seq_release.narc,/fielddata/script/scr_seq_release.narc!/member_00435,0,/fielddata/script/scr_seq_release.narc,271,435,,175900,176056,167440,167596,156,816037af15cb68098ac57a72d1ca6769935006985af924ca7407e0cc704c10ab,0a000000190000002800000013fd4900,,,,,False,,,,,,,,,,False,False
/fielddata/script/scr_seq_release.narc,/fielddata/script/scr_seq_release.narc!/member_00436,0,/fielddata/script/scr_seq_release.narc,271,436,,176056,176132,167596,167672,76,ea51a4ed2aced7adde93166e7cf02a356e94f8490de1ebb5d371f092e8b22535,0a000000170000002a00000013fd4900,,,,,False,,,,,,,,,,False,False
/fielddata/script/scr_seq_release.narc,/fielddata/script/scr_seq_release.narc!/member_00437,0,/fielddata/script/scr_seq_release.narc,271,437,,176132,176260,167672,167800,128,18bde640b5e20eff88edd78aedb0cb1066ba6d5115f114f9978d978d11d64fdb,0200000013fd4900dc05600068002000,,,,,False,,,,,,,,,,False,False
/fielddata/script/scr_seq_release.narc,/fielddata/script/scr_seq_release.narc!/member_00438,0,/fielddata/script/scr_seq_release.narc,271,438,,176260,176360,167800,167900,100,3973904afa4b10bc6c28e4d5211c941d85d906f1656ffdf295b29c0c1ca3dff3,0200000013fd4900dc05600068002000,,,,,False,,,,,,,,,,False,False
/fielddata/script/scr_seq_release.narc,/fielddata/script/scr_seq_release.narc!/member_00439,0,/fielddata/script/scr_seq_release.narc,271,439,,176360,176416,167900,167956,56,6f83660219880addf2265a0005ce8a96b47223889627c873341a6c885e6e37db,060000001900000013fd360000010000,,,,,False,,,,,,,,,,False,False
/fielddata/script/scr_seq_release.narc,/fielddata/script/scr_seq_release.narc!/member_00440,0,/fielddata/script/scr_seq_release.narc,271,440,,176416,176612,167956,168152,196,f4eb06970b0fd84195f99e85743f49cb83d76821d5e770e6dfca1b2d2a131782,060000001500000013fd4900dc056000,,,,,False,,,,,,,,,,False,False
/fielddata/script/scr_seq_release.narc,/fielddata/script/scr_seq_release.narc!/member_00441,0,/fielddata/script/scr_seq_release.narc,271,441,,176612,176892,168152,168432,280,583326c665f913ce03da8f7331a7b2a476c12047d1f74a5caf1628d83b59a8e2,000100000200000013fd60001a004e00,,,,,False,,,,,,,,,,False,False
/fielddata/script/scr_seq_release.narc,/fielddata/script/scr_seq_release.narc!/member_00442,0,/fielddata/script/scr_seq_release.narc,271,442,,176892,176924,168432,168464,32,64047022b12d9c156e106b6b0c23617be797d9fa9aa21b1d20b2652d744157c1,0200000013fd3600000100000c803800,,,,,False,,,,,,,,,,False,False
/fielddata/script/scr_seq_release.narc,/fielddata/script/scr_seq_release.narc!/member_00443,0,/fielddata/script/scr_seq_release.narc,271,443,,176924,177032,168464,168572,108,226a17acd157b43f91ee2bf9ae849f75566c36022917c5aa5736d3b86a30e406,2a000000390000004800000002000000,,,,,False,,,,,,,,,,False,False
/fielddata/script/scr_seq_release.narc,/fielddata/script/scr_seq_release.narc!/member_00444,0,/fielddata/script/scr_seq_release.narc,271,444,,177032,179728,168572,171268,2696,a9b66b29a6af540b8147e05195dda50b58f765cd743a964094e64cf11f955e4c,3200000076000000ec020000f0030000,,,,,False,,,,,,,,,,False,False
/fielddata/script/scr_seq_release.narc,/fielddata/script/scr_seq_release.narc!/member_00445,0,/fielddata/script/scr_seq_release.narc,271,445,,179728,180124,171268,171664,396,4e9774d60c25890873295b554c8987e171b3e082a449a8d486f58779e6e11d7f,060000007201000013fd4900dc056000,,,,,False,,,,,,,,,,False,False
/fielddata/script/scr_seq_release.narc,/fielddata/script/scr_seq_release.narc!/member_00446,0,/fielddata/script/scr_seq_release.narc,271,446,,180124,180472,171664,172012,348,23b16c84a7e6328d60d08d8a2d02608ca57a05ec141d2f0b1e98c427f78528f7,d300000075000000de000000f1000000,,,,,False,,,,,,,,,,False,False
/fielddata/script/scr_seq_release.narc,/fielddata/script/scr_seq_release.narc!/member_00447,0,/fielddata/script/scr_seq_release.narc,271,447,,180472,180684,172012,172224,212,f1e80d863a4a3330feefef99388694caf1edea27686049d354ef4afcde7930c9,1a0000001c0000003700000052000000,,,,,False,,,,,,,,,,False,False
/fielddata/script/scr_seq_release.narc,/fielddata/script/scr_seq_release.narc!/member_00448,0,/fielddata/script/scr_seq_release.narc,271,448,,180684,180984,172224,172524,300,a68c2657cd84a15bebf4b35b2c19a0ff5702f9274de3ed6afa01c475d01e90d1,060000000800000013fd1e00f0090200,,,,,False,,,,,,,,,,False,False
/fielddata/script/scr_seq_release.narc,/fielddata/script/scr_seq_release.narc!/member_00449,0,/fielddata/script/scr_seq_release.narc,271,449,,180984,181032,172524,172572,48,02488b423a1484656a1ea2078ef334df9885e83777fd2c31f8d66933c9be287b,060000001500000013fd4900dc056000,,,,,False,,,,,,,,,,False,False
/fielddata/script/scr_seq_release.narc,/fielddata/script/scr_seq_release.narc!/member_00450,0,/fielddata/script/scr_seq_release.narc,271,450,,181032,181988,172572,173528,956,23ae4e374417f664a0be53ff71813067a72f39140bf31e3b5fa82373dc782cc1,0e0000006500000083000000ab000000,,,,,False,,,,,,,,,,False,False
/fielddata/script/scr_seq_release.narc,/fielddata/script/scr_seq_release.narc!/member_00451,0,/fielddata/script/scr_seq_release.narc,271,451,,181988,182044,173528,173584,56,6f83660219880addf2265a0005ce8a96b47223889627c873341a6c885e6e37db,060000001900000013fd360000010000,,,,,False,,,,,,,,,,False,False
/fielddata/script/scr_seq_release.narc,/fielddata/script/scr_seq_release.narc!/member_00452,0,/fielddata/script/scr_seq_release.narc,271,452,,182044,182140,173584,173680,96,41567aa388764769ac0fac5cac43f432b6ca623416d56147fd4afa9b42d8f409,0200000013fd4900dc05600068002000,,,,,False,,,,,,,,,,False,False
/fielddata/script/scr_seq_release.narc,/fielddata/script/scr_seq_release.narc!/member_00453,0,/fielddata/script/scr_seq_release.narc,271,453,,182140,182148,173680,173688,8,1c41889b5ca0b389bff2b87b597a76386e51e014486e52a57b44cf72e8bf3470,0200000013fd0200,,,,,False,,,,,,,,,,False,False
/fielddata/script/scr_seq_release.narc,/fielddata/script/scr_seq_release.narc!/member_00454,0,/fielddata/script/scr_seq_release.narc,271,454,,182148,182684,173688,174224,536,495dbf2a45f002a8e693ffea59cec676a086de03f9242548fdfc69975299b76d,0a0000008c0100009f01000013fd6000,,,,,False,,,,,,,,,,False,False
/fielddata/script/scr_seq_release.narc,/fielddata/script/scr_seq_release.narc!/member_00455,0,/fielddata/script/scr_seq_release.narc,271,455,,182684,182816,174224,174356,132,e187d8afd4934285f3709dd8507960dcb39e445ccac61d435f69f84944e1a711,0200000013fd4900dc05600068002c00,,,,,False,,,,,,,,,,False,False
/fielddata/script/scr_seq_release.narc,/fielddata/script/scr_seq_release.narc!/member_00456,0,/fielddata/script/scr_seq_release.narc,271,456,,182816,182872,174356,174412,56,6f83660219880addf2265a0005ce8a96b47223889627c873341a6c885e6e37db,060000001900000013fd360000010000,,,,,False,,,,,,,,,,False,False
/fielddata/script/scr_seq_release.narc,/fielddata/script/scr_seq_release.narc!/member_00457,0,/fielddata/script/scr_seq_release.narc,271,457,,182872,182920,174412,174460,48,e8e200953769148de23c80c137f0da5bfa4dde2d6b44d40a18576ebe2dbccd0a,060000001500000013fd4900dc056000,,,,,False,,,,,,,,,,False,False
/fielddata/script/scr_seq_release.narc,/fielddata/script/scr_seq_release.narc!/member_00458,0,/fielddata/script/scr_seq_release.narc,271,458,,182920,183648,174460,175188,728,35a59430025b8a4250f757b790a270331864cb02bdd53810313546c1d43fa289,06000000be02000013fd4900dc056000,,,,,False,,,,,,,,,,False,False
/fielddata/script/scr_seq_release.narc,/fielddata/script/scr_seq_release.narc!/member_00459,0,/fielddata/script/scr_seq_release.narc,271,459,,183648,183716,175188,175256,68,f5f834bae022996f523f8ff63749dc9b307d81b13965cc7247353f4ca0771fca,0a000000190000002600000013fd4900,,,,,False,,,,,,,,,,False,False
/fielddata/script/scr_seq_release.narc,/fielddata/script/scr_seq_release.narc!/member_00460,0,/fielddata/script/scr_seq_release.narc,271,460,,183716,183840,175256,175380,124,79b0846cd8e81f7ee56f3e90e273515cf3a0f8a9661169700edd9eda8823dd6d,060000005c00000013fd4900dc056000,,,,,False,,,,,,,,,,False,False
/fielddata/script/scr_seq_release.narc,/fielddata/script/scr_seq_release.narc!/member_00461,0,/fielddata/script/scr_seq_release.narc,271,461,,183840,183848,175380,175388,8,1c41889b5ca0b389bff2b87b597a76386e51e014486e52a57b44cf72e8bf3470,0200000013fd0200,,,,,False,,,,,,,,,,False,False
/fielddata/script/scr_seq_release.narc,/fielddata/script/scr_seq_release.narc!/member_00462,0,/fielddata/script/scr_seq_release.narc,271,462,,183848,185736,175388,177276,1888,7058ae6093f1aec38465715f62afd4ff72d1f65846f1d212a07dad4e551fcd78,5a0000005a000000a300000068010000,,,,,False,,,,,,,,,,False,False
/fielddata/script/scr_seq_release.narc,/fielddata/script/scr_seq_release.narc!/member_00463,0,/fielddata/script/scr_seq_release.narc,271,463,,185736,185848,177276,177388,112,d3cf6c1f352dd0cd0ff108abe4890c6fd1e45f98abc3c38a91ceaa9f2b483888,0200000013fd28000c8000000a020c80,,,,,False,,,,,,,,,,False,False
/fielddata/script/scr_seq_release.narc,/fielddata/script/scr_seq_release.narc!/member_00464,0,/fielddata/script/scr_seq_release.narc,271,464,,185848,187092,177388,178632,1244,bb1003c3891de7fc4c3bb02ef6e772217e7861c0169888a86b1c843bd4d9a889,060000001c01000013fd4900dc056000,,,,,False,,,,,,,,,,False,False
/fielddata/script/scr_seq_release.narc,/fielddata/script/scr_seq_release.narc!/member_00465,0,/fielddata/script/scr_seq_release.narc,271,465,,187092,187100,178632,178640,8,fb59317b8103f19f3850f0be3fe62db1aa481a9a7b31c590e6d243e98eacd375,0201000000000000,,,,,False,,,,,,,,,,False,False
/fielddata/script/scr_seq_release.narc,/fielddata/script/scr_seq_release.narc!/member_00466,0,/fielddata/script/scr_seq_release.narc,271,466,,187100,187108,178640,178648,8,035ea31cde9b95c28a68cf2cc6d9b8d7f2d88802448304765460242fe729e294,02d8270000000000,,,,,False,,,,,,,,,,False,False
/fielddata/script/scr_seq_release.narc,/fielddata/script/scr_seq_release.narc!/member_00467,0,/fielddata/script/scr_seq_release.narc,271,467,,187108,187112,178648,178652,4,df3f619804a92fdb4057192dc43dd748ea778adc52bc498ce80524c014b81119,00000000,,,,,False,,,,,,,,,,False,False
/fielddata/script/scr_seq_release.narc,/fielddata/script/scr_seq_release.narc!/member_00468,0,/fielddata/script/scr_seq_release.narc,271,468,,187112,187116,178652,178656,4,df3f619804a92fdb4057192dc43dd748ea778adc52bc498ce80524c014b81119,00000000,,,,,False,,,,,,,,,,False,False
/fielddata/script/scr_seq_release.narc,/fielddata/script/scr_seq_release.narc!/member_00469,0,/fielddata/script/scr_seq_release.narc,271,469,,187116,187156,178656,178696,40,39613700ccf2d7d42d2303890578d8e08985f2492c0f41468b4089d45e80a62c,0328230000010100000000d540010034,,,,,False,,,,,,,,,,False,False
/fielddata/script/scr_seq_release.narc,/fielddata/script/scr_seq_release.narc!/member_00470,0,/fielddata/script/scr_seq_release.narc,271,470,,187156,187172,178696,178712,16,242f26e33b846d07f76e45b1de6812c82ada7dd1eecfbca893721af90fda33aa,010100000000d4400000f02300000000,,,,,False,,,,,,,,,,False,False
/fielddata/script/scr_seq_release.narc,/fielddata/script/scr_seq_release.narc!/member_00471,0,/fielddata/script/scr_seq_release.narc,271,471,,187172,187180,178712,178720,8,4823ff34557b350562a800037eb14e533d39954d76cd142c23dbee263db4b4af,0204000000000000,,,,,False,,,,,,,,,,False,False
/fielddata/script/scr_seq_release.narc,/fielddata/script/scr_seq_release.narc!/member_00472,0,/fielddata/script/scr_seq_release.narc,271,472,,187180,187184,178720,178724,4,df3f619804a92fdb4057192dc43dd748ea778adc52bc498ce80524c014b81119,00000000,,,,,False,,,,,,,,,,False,False
/fielddata/script/scr_seq_release.narc,/fielddata/script/scr_seq_release.narc!/member_00473,0,/fielddata/script/scr_seq_release.narc,271,473,,187184,187188,178724,178728,4,df3f619804a92fdb4057192dc43dd748ea778adc52bc498ce80524c014b81119,00000000,,,,,False,,,,,,,,,,False,False
/fielddata/script/scr_seq_release.narc,/fielddata/script/scr_seq_release.narc!/member_00474,0,/fielddata/script/scr_seq_release.narc,271,474,,187188,187196,178728,178736,8,53aa3c1e3c40d0c9ed896248a829501c2f97e16634873fcc4bded2aca279ec64,0208000000000000,,,,,False,,,,,,,,,,False,False
/fielddata/script/scr_seq_release.narc,/fielddata/script/scr_seq_release.narc!/member_00475,0,/fielddata/script/scr_seq_release.narc,271,475,,187196,187204,178736,178744,8,c425a9ec3001a1411790d93f89815f2c52f5ba7771a4f0de13ade6fab1712b8f,0203000000000000,,,,,False,,,,,,,,,,False,False
/fielddata/script/scr_seq_release.narc,/fielddata/script/scr_seq_release.narc!/member_00476,0,/fielddata/script/scr_seq_release.narc,271,476,,187204,187208,178744,178748,4,df3f619804a92fdb4057192dc43dd748ea778adc52bc498ce80524c014b81119,00000000,,,,,False,,,,,,,,,,False,False
/fielddata/script/scr_seq_release.narc,/fielddata/script/scr_seq_release.narc!/member_00477,0,/fielddata/script/scr_seq_release.narc,271,477,,187208,187212,178748,178752,4,df3f619804a92fdb4057192dc43dd748ea778adc52bc498ce80524c014b81119,00000000,,,,,False,,,,,,,,,,False,False
/fielddata/script/scr_seq_release.narc,/fielddata/script/scr_seq_release.narc!/member_00478,0,/fielddata/script/scr_seq_release.narc,271,478,,187212,187216,178752,178756,4,df3f619804a92fdb4057192dc43dd748ea778adc52bc498ce80524c014b81119,00000000,,,,,False,,,,,,,,,,False,False
/fielddata/script/scr_seq_release.narc,/fielddata/script/scr_seq_release.narc!/member_00479,0,/fielddata/script/scr_seq_release.narc,271,479,,187216,187220,178756,178760,4,df3f619804a92fdb4057192dc43dd748ea778adc52bc498ce80524c014b81119,00000000,,,,,False,,,,,,,,,,False,False
/fielddata/script/scr_seq_release.narc,/fielddata/script/scr_seq_release.narc!/member_00480,0,/fielddata/script/scr_seq_release.narc,271,480,,187220,187224,178760,178764,4,df3f619804a92fdb4057192dc43dd748ea778adc52bc498ce80524c014b81119,00000000,,,,,False,,,,,,,,,,False,False
/fielddata/script/scr_seq_release.narc,/fielddata/script/scr_seq_release.narc!/member_00481,0,/fielddata/script/scr_seq_release.narc,271,481,,187224,187228,178764,178768,4,df3f619804a92fdb4057192dc43dd748ea778adc52bc498ce80524c014b81119,00000000,,,,,False,,,,,,,,,,False,False
/fielddata/script/scr_seq_release.narc,/fielddata/script/scr_seq_release.narc!/member_00482,0,/fielddata/script/scr_seq_release.narc,271,482,,187228,187232,178768,178772,4,df3f619804a92fdb4057192dc43dd748ea778adc52bc498ce80524c014b81119,00000000,,,,,False,,,,,,,,,,False,False
/fielddata/script/scr_seq_release.narc,/fielddata/script/scr_seq_release.narc!/member_00483,0,/fielddata/script/scr_seq_release.narc,271,483,,187232,187236,178772,178776,4,df3f619804a92fdb4057192dc43dd748ea778adc52bc498ce80524c014b81119,00000000,,,,,False,,,,,,,,,,False,False
/fielddata/script/scr_seq_release.narc,/fielddata/script/scr_seq_release.narc!/member_00484,0,/fielddata/script/scr_seq_release.narc,271,484,,187236,187240,178776,178780,4,df3f619804a92fdb4057192dc43dd748ea778adc52bc498ce80524c014b81119,00000000,,,,,False,,,,,,,,,,False,False
/fielddata/script/scr_seq_release.narc,/fielddata/script/scr_seq_release.narc!/member_00485,0,/fielddata/script/scr_seq_release.narc,271,485,,187240,187244,178780,178784,4,df3f619804a92fdb4057192dc43dd748ea778adc52bc498ce80524c014b81119,00000000,,,,,False,,,,,,,,,,False,False
/fielddata/script/scr_seq_release.narc,/fielddata/script/scr_seq_release.narc!/member_00486,0,/fielddata/script/scr_seq_release.narc,271,486,,187244,187248,178784,178788,4,df3f619804a92fdb4057192dc43dd748ea778adc52bc498ce80524c014b81119,00000000,,,,,False,,,,,,,,,,False,False
/fielddata/script/scr_seq_release.narc,/fielddata/script/scr_seq_release.narc!/member_00487,0,/fielddata/script/scr_seq_release.narc,271,487,,187248,187252,178788,178792,4,df3f619804a92fdb4057192dc43dd748ea778adc52bc498ce80524c014b81119,00000000,,,,,False,,,,,,,,,,False,False
/fielddata/script/scr_seq_release.narc,/fielddata/script/scr_seq_release.narc!/member_00488,0,/fielddata/script/scr_seq_release.narc,271,488,,187252,187256,178792,178796,4,df3f619804a92fdb4057192dc43dd748ea778adc52bc498ce80524c014b81119,00000000,,,,,False,,,,,,,,,,False,False
/fielddata/script/scr_seq_release.narc,/fielddata/script/scr_seq_release.narc!/member_00489,0,/fielddata/script/scr_seq_release.narc,271,489,,187256,187260,178796,178800,4,df3f619804a92fdb4057192dc43dd748ea778adc52bc498ce80524c014b81119,00000000,,,,,False,,,,,,,,,,False,False
/fielddata/script/scr_seq_release.narc,/fielddata/script/scr_seq_release.narc!/member_00490,0,/fielddata/script/scr_seq_release.narc,271,490,,187260,187264,178800,178804,4,df3f619804a92fdb4057192dc43dd748ea778adc52bc498ce80524c014b81119,00000000,,,,,False,,,,,,,,,,False,False
/fielddata/script/scr_seq_release.narc,/fielddata/script/scr_seq_release.narc!/member_00491,0,/fielddata/script/scr_seq_release.narc,271,491,,187264,187284,178804,178824,20,915d97d184c726c9099fd4828857f4221cf373a893956a0f12ceb2d33f4e0a71,030b000000010100000000d54006000a,,,,,False,,,,,,,,,,False,False
/fielddata/script/scr_seq_release.narc,/fielddata/script/scr_seq_release.narc!/member_00492,0,/fielddata/script/scr_seq_release.narc,271,492,,187284,187288,178824,178828,4,df3f619804a92fdb4057192dc43dd748ea778adc52bc498ce80524c014b81119,00000000,,,,,False,,,,,,,,,,False,False
/fielddata/script/scr_seq_release.narc,/fielddata/script/scr_seq_release.narc!/member_00493,0,/fielddata/script/scr_seq_release.narc,271,493,,187288,187292,178828,178832,4,df3f619804a92fdb4057192dc43dd748ea778adc52bc498ce80524c014b81119,00000000,,,,,False,,,,,,,,,,False,False
/fielddata/script/scr_seq_release.narc,/fielddata/script/scr_seq_release.narc!/member_00494,0,/fielddata/script/scr_seq_release.narc,271,494,,187292,187296,178832,178836,4,df3f619804a92fdb4057192dc43dd748ea778adc52bc498ce80524c014b81119,00000000,,,,,False,,,,,,,,,,False,False
/fielddata/script/scr_seq_release.narc,/fielddata/script/scr_seq_release.narc!/member_00495,0,/fielddata/script/scr_seq_release.narc,271,495,,187296,187300,178836,178840,4,df3f619804a92fdb4057192dc43dd748ea778adc52bc498ce80524c014b81119,00000000,,,,,False,,,,,,,,,,False,False
/fielddata/script/scr_seq_release.narc,/fielddata/script/scr_seq_release.narc!/member_00496,0,/fielddata/script/scr_seq_release.narc,271,496,,187300,187304,178840,178844,4,df3f619804a92fdb4057192dc43dd748ea778adc52bc498ce80524c014b81119,00000000,,,,,False,,,,,,,,,,False,False
/fielddata/script/scr_seq_release.narc,/fielddata/script/scr_seq_release.narc!/member_00497,0,/fielddata/script/scr_seq_release.narc,271,497,,187304,187340,178844,178880,36,59b176d849bea55449373438c9af5b38e24d933e114491f710e96ccd352ad575,02010000000418000000010100000000,,,,,False,,,,,,,,,,False,False
/fielddata/script/scr_seq_release.narc,/fielddata/script/scr_seq_release.narc!/member_00498,0,/fielddata/script/scr_seq_release.narc,271,498,,187340,187348,178880,178888,8,035ea31cde9b95c28a68cf2cc6d9b8d7f2d88802448304765460242fe729e294,02d8270000000000,,,,,False,,,,,,,,,,False,False
/fielddata/script/scr_seq_release.narc,/fielddata/script/scr_seq_release.narc!/member_00499,0,/fielddata/script/scr_seq_release.narc,271,499,,187348,187356,178888,178896,8,fb59317b8103f19f3850f0be3fe62db1aa481a9a7b31c590e6d243e98eacd375,0201000000000000,,,,,False,,,,,,,,,,False,False
/fielddata/script/scr_seq_release.narc,/fielddata/script/scr_seq_release.narc!/member_00500,0,/fielddata/script/scr_seq_release.narc,271,500,,187356,187360,178896,178900,4,df3f619804a92fdb4057192dc43dd748ea778adc52bc498ce80524c014b81119,00000000,,,,,False,,,,,,,,,,False,False
/fielddata/script/scr_seq_release.narc,/fielddata/script/scr_seq_release.narc!/member_00501,0,/fielddata/script/scr_seq_release.narc,271,501,,187360,187400,178900,178940,40,39613700ccf2d7d42d2303890578d8e08985f2492c0f41468b4089d45e80a62c,0328230000010100000000d540010034,,,,,False,,,,,,,,,,False,False
/fielddata/script/scr_seq_release.narc,/fielddata/script/scr_seq_release.narc!/member_00502,0,/fielddata/script/scr_seq_release.narc,271,502,,187400,187416,178940,178956,16,242f26e33b846d07f76e45b1de6812c82ada7dd1eecfbca893721af90fda33aa,010100000000d4400000f02300000000,,,,,False,,,,,,,,,,False,False
/fielddata/script/scr_seq_release.narc,/fielddata/script/scr_seq_release.narc!/member_00503,0,/fielddata/script/scr_seq_release.narc,271,503,,187416,187420,178956,178960,4,df3f619804a92fdb4057192dc43dd748ea778adc52bc498ce80524c014b81119,00000000,,,,,False,,,,,,,,,,False,False
/fielddata/script/scr_seq_release.narc,/fielddata/script/scr_seq_release.narc!/member_00504,0,/fielddata/script/scr_seq_release.narc,271,504,,187420,187424,178960,178964,4,df3f619804a92fdb4057192dc43dd748ea778adc52bc498ce80524c014b81119,00000000,,,,,False,,,,,,,,,,False,False
/fielddata/script/scr_seq_release.narc,/fielddata/script/scr_seq_release.narc!/member_00505,0,/fielddata/script/scr_seq_release.narc,271,505,,187424,187444,178964,178984,20,4f2233dec4f0d8b0d9723dd75807e78c7dc039c70f8e559584801c27482b6cee,0201000000010100000000b240010002,,,,,False,,,,,,,,,,False,False
/fielddata/script/scr_seq_release.narc,/fielddata/script/scr_seq_release.narc!/member_00506,0,/fielddata/script/scr_seq_release.narc,271,506,,187444,187448,178984,178988,4,df3f619804a92fdb4057192dc43dd748ea778adc52bc498ce80524c014b81119,00000000,,,,,False,,,,,,,,,,False,False
/fielddata/script/scr_seq_release.narc,/fielddata/script/scr_seq_release.narc!/member_00507,0,/fielddata/script/scr_seq_release.narc,271,507,,187448,187452,178988,178992,4,df3f619804a92fdb4057192dc43dd748ea778adc52bc498ce80524c014b81119,00000000,,,,,False,,,,,,,,,,False,False
/fielddata/script/scr_seq_release.narc,/fielddata/script/scr_seq_release.narc!/member_00508,0,/fielddata/script/scr_seq_release.narc,271,508,,187452,187480,178992,179020,28,260cfdd86ac2654d080ea5f4613fa76814c8b0f65b39c8f46cd97cc05ebdcf26,0201000000010100000000f840010002,,,,,False,,,,,,,,,,False,False
/fielddata/script/scr_seq_release.narc,/fielddata/script/scr_seq_release.narc!/member_00509,0,/fielddata/script/scr_seq_release.narc,271,509,,187480,187488,179020,179028,8,fb59317b8103f19f3850f0be3fe62db1aa481a9a7b31c590e6d243e98eacd375,0201000000000000,,,,,False,,,,,,,,,,False,False
/fielddata/script/scr_seq_release.narc,/fielddata/script/scr_seq_release.narc!/member_00510,0,/fielddata/script/scr_seq_release.narc,271,510,,187488,187496,179028,179036,8,db4a817e8f7bbf5a862d1ed461fc3b5e006753237cfd268fed6a16764761c033,0202000000000000,,,,,False,,,,,,,,,,False,False
/fielddata/script/scr_seq_release.narc,/fielddata/script/scr_seq_release.narc!/member_00511,0,/fielddata/script/scr_seq_release.narc,271,511,,187496,187500,179036,179040,4,df3f619804a92fdb4057192dc43dd748ea778adc52bc498ce80524c014b81119,00000000,,,,,False,,,,,,,,,,False,False
/fielddata/script/scr_seq_release.narc,/fielddata/script/scr_seq_release.narc!/member_00512,0,/fielddata/script/scr_seq_release.narc,271,512,,187500,187508,179040,179048,8,035ea31cde9b95c28a68cf2cc6d9b8d7f2d88802448304765460242fe729e294,02d8270000000000,,,,,False,,,,,,,,,,False,False
/fielddata/script/scr_seq_release.narc,/fielddata/script/scr_seq_release.narc!/member_00513,0,/fielddata/script/scr_seq_release.narc,271,513,,187508,187512,179048,179052,4,df3f619804a92fdb4057192dc43dd748ea778adc52bc498ce80524c014b81119,00000000,,,,,False,,,,,,,,,,False,False
/fielddata/script/scr_seq_release.narc,/fielddata/script/scr_seq_release.narc!/member_00514,0,/fielddata/script/scr_seq_release.narc,271,514,,187512,187516,179052,179056,4,df3f619804a92fdb4057192dc43dd748ea778adc52bc498ce80524c014b81119,00000000,,,,,False,,,,,,,,,,False,False
/fielddata/script/scr_seq_release.narc,/fielddata/script/scr_seq_release.narc!/member_00515,0,/fielddata/script/scr_seq_release.narc,271,515,,187516,187556,179056,179096,40,39613700ccf2d7d42d2303890578d8e08985f2492c0f41468b4089d45e80a62c,0328230000010100000000d540010034,,,,,False,,,,,,,,,,False,False
/fielddata/script/scr_seq_release.narc,/fielddata/script/scr_seq_release.narc!/member_00516,0,/fielddata/script/scr_seq_release.narc,271,516,,187556,187572,179096,179112,16,242f26e33b846d07f76e45b1de6812c82ada7dd1eecfbca893721af90fda33aa,010100000000d4400000f02300000000,,,,,False,,,,,,,,,,False,False
/fielddata/script/scr_seq_release.narc,/fielddata/script/scr_seq_release.narc!/member_00517,0,/fielddata/script/scr_seq_release.narc,271,517,,187572,187576,179112,179116,4,df3f619804a92fdb4057192dc43dd748ea778adc52bc498ce80524c014b81119,00000000,,,,,False,,,,,,,,,,False,False
/fielddata/script/scr_seq_release.narc,/fielddata/script/scr_seq_release.narc!/member_00518,0,/fielddata/script/scr_seq_release.narc,271,518,,187576,187580,179116,179120,4,df3f619804a92fdb4057192dc43dd748ea778adc52bc498ce80524c014b81119,00000000,,,,,False,,,,,,,,,,False,False
/fielddata/script/scr_seq_release.narc,/fielddata/script/scr_seq_release.narc!/member_00519,0,/fielddata/script/scr_seq_release.narc,271,519,,187580,187584,179120,179124,4,df3f619804a92fdb4057192dc43dd748ea778adc52bc498ce80524c014b81119,00000000,,,,,False,,,,,,,,,,False,False
/fielddata/script/scr_seq_release.narc,/fielddata/script/scr_seq_release.narc!/member_00520,0,/fielddata/script/scr_seq_release.narc,271,520,,187584,187588,179124,179128,4,df3f619804a92fdb4057192dc43dd748ea778adc52bc498ce80524c014b81119,00000000,,,,,False,,,,,,,,,,False,False
/fielddata/script/scr_seq_release.narc,/fielddata/script/scr_seq_release.narc!/member_00521,0,/fielddata/script/scr_seq_release.narc,271,521,,187588,187592,179128,179132,4,df3f619804a92fdb4057192dc43dd748ea778adc52bc498ce80524c014b81119,00000000,,,,,False,,,,,,,,,,False,False
/fielddata/script/scr_seq_release.narc,/fielddata/script/scr_seq_release.narc!/member_00522,0,/fielddata/script/scr_seq_release.narc,271,522,,187592,187596,179132,179136,4,df3f619804a92fdb4057192dc43dd748ea778adc52bc498ce80524c014b81119,00000000,,,,,False,,,,,,,,,,False,False
/fielddata/script/scr_seq_release.narc,/fielddata/script/scr_seq_release.narc!/member_00523,0,/fielddata/script/scr_seq_release.narc,271,523,,187596,187600,179136,179140,4,df3f619804a92fdb4057192dc43dd748ea778adc52bc498ce80524c014b81119,00000000,,,,,False,,,,,,,,,,False,False
/fielddata/script/scr_seq_release.narc,/fielddata/script/scr_seq_release.narc!/member_00524,0,/fielddata/script/scr_seq_release.narc,271,524,,187600,187604,179140,179144,4,df3f619804a92fdb4057192dc43dd748ea778adc52bc498ce80524c014b81119,00000000,,,,,False,,,,,,,,,,False,False
/fielddata/script/scr_seq_release.narc,/fielddata/script/scr_seq_release.narc!/member_00525,0,/fielddata/script/scr_seq_release.narc,271,525,,187604,187608,179144,179148,4,df3f619804a92fdb4057192dc43dd748ea778adc52bc498ce80524c014b81119,00000000,,,,,False,,,,,,,,,,False,False
/fielddata/script/scr_seq_release.narc,/fielddata/script/scr_seq_release.narc!/member_00526,0,/fielddata/script/scr_seq_release.narc,271,526,,187608,187612,179148,179152,4,df3f619804a92fdb4057192dc43dd748ea778adc52bc498ce80524c014b81119,00000000,,,,,False,,,,,,,,,,False,False
/fielddata/script/scr_seq_release.narc,/fielddata/script/scr_seq_release.narc!/member_00527,0,/fielddata/script/scr_seq_release.narc,271,527,,187612,187616,179152,179156,4,df3f619804a92fdb4057192dc43dd748ea778adc52bc498ce80524c014b81119,00000000,,,,,False,,,,,,,,,,False,False
/fielddata/script/scr_seq_release.narc,/fielddata/script/scr_seq_release.narc!/member_00528,0,/fielddata/script/scr_seq_release.narc,271,528,,187616,187620,179156,179160,4,df3f619804a92fdb4057192dc43dd748ea778adc52bc498ce80524c014b81119,00000000,,,,,False,,,,,,,,,,False,False
/fielddata/script/scr_seq_release.narc,/fielddata/script/scr_seq_release.narc!/member_00529,0,/fielddata/script/scr_seq_release.narc,271,529,,187620,187624,179160,179164,4,df3f619804a92fdb4057192dc43dd748ea778adc52bc498ce80524c014b81119,00000000,,,,,False,,,,,,,,,,False,False
/fielddata/script/scr_seq_release.narc,/fielddata/script/scr_seq_release.narc!/member_00530,0,/fielddata/script/scr_seq_release.narc,271,530,,187624,187628,179164,179168,4,df3f619804a92fdb4057192dc43dd748ea778adc52bc498ce80524c014b81119,00000000,,,,,False,,,,,,,,,,False,False
/fielddata/script/scr_seq_release.narc,/fielddata/script/scr_seq_release.narc!/member_00531,0,/fielddata/script/scr_seq_release.narc,271,531,,187628,187632,179168,179172,4,df3f619804a92fdb4057192dc43dd748ea778adc52bc498ce80524c014b81119,00000000,,,,,False,,,,,,,,,,False,False
/fielddata/script/scr_seq_release.narc,/fielddata/script/scr_seq_release.narc!/member_00532,0,/fielddata/script/scr_seq_release.narc,271,532,,187632,187640,179172,179180,8,5dbd93e1603cb11c6c88bf6ad3f3df4de1730a564829f2e6b9f78b84b2d64859,0215000000000000,,,,,False,,,,,,,,,,False,False
/fielddata/script/scr_seq_release.narc,/fielddata/script/scr_seq_release.narc!/member_00533,0,/fielddata/script/scr_seq_release.narc,271,533,,187640,187648,179180,179188,8,035ea31cde9b95c28a68cf2cc6d9b8d7f2d88802448304765460242fe729e294,02d8270000000000,,,,,False,,,,,,,,,,False,False
/fielddata/script/scr_seq_release.narc,/fielddata/script/scr_seq_release.narc!/member_00534,0,/fielddata/script/scr_seq_release.narc,271,534,,187648,187652,179188,179192,4,df3f619804a92fdb4057192dc43dd748ea778adc52bc498ce80524c014b81119,00000000,,,,,False,,,,,,,,,,False,False
/fielddata/script/scr_seq_release.narc,/fielddata/script/scr_seq_release.narc!/member_00535,0,/fielddata/script/scr_seq_release.narc,271,535,,187652,187664,179192,179204,12,d6b4c11ff2d545721e2b55166b6f6bb08321f62140262a8ec196d58d670ff2d8,020100000004020000000000,,,,,False,,,,,,,,,,False,False
/fielddata/script/scr_seq_release.narc,/fielddata/script/scr_seq_release.narc!/member_00536,0,/fielddata/script/scr_seq_release.narc,271,536,,187664,187668,179204,179208,4,df3f619804a92fdb4057192dc43dd748ea778adc52bc498ce80524c014b81119,00000000,,,,,False,,,,,,,,,,False,False
/fielddata/script/scr_seq_release.narc,/fielddata/script/scr_seq_release.narc!/member_00537,0,/fielddata/script/scr_seq_release.narc,271,537,,187668,187708,179208,179248,40,39613700ccf2d7d42d2303890578d8e08985f2492c0f41468b4089d45e80a62c,0328230000010100000000d540010034,,,,,False,,,,,,,,,,False,False
/fielddata/script/scr_seq_release.narc,/fielddata/script/scr_seq_release.narc!/member_00538,0,/fielddata/script/scr_seq_release.narc,271,538,,187708,187724,179248,179264,16,242f26e33b846d07f76e45b1de6812c82ada7dd1eecfbca893721af90fda33aa,010100000000d4400000f02300000000,,,,,False,,,,,,,,,,False,False
/fielddata/script/scr_seq_release.narc,/fielddata/script/scr_seq_release.narc!/member_00539,0,/fielddata/script/scr_seq_release.narc,271,539,,187724,187728,179264,179268,4,df3f619804a92fdb4057192dc43dd748ea778adc52bc498ce80524c014b81119,00000000,,,,,False,,,,,,,,,,False,False
/fielddata/script/scr_seq_release.narc,/fielddata/script/scr_seq_release.narc!/member_00540,0,/fielddata/script/scr_seq_release.narc,271,540,,187728,187732,179268,179272,4,df3f619804a92fdb4057192dc43dd748ea778adc52bc498ce80524c014b81119,00000000,,,,,False,,,,,,,,,,False,False
/fielddata/script/scr_seq_release.narc,/fielddata/script/scr_seq_release.narc!/member_00541,0,/fielddata/script/scr_seq_release.narc,271,541,,187732,187736,179272,179276,4,df3f619804a92fdb4057192dc43dd748ea778adc52bc498ce80524c014b81119,00000000,,,,,False,,,,,,,,,,False,False
/fielddata/script/scr_seq_release.narc,/fielddata/script/scr_seq_release.narc!/member_00542,0,/fielddata/script/scr_seq_release.narc,271,542,,187736,187740,179276,179280,4,df3f619804a92fdb4057192dc43dd748ea778adc52bc498ce80524c014b81119,00000000,,,,,False,,,,,,,,,,False,False
/fielddata/script/scr_seq_release.narc,/fielddata/script/scr_seq_release.narc!/member_00543,0,/fielddata/script/scr_seq_release.narc,271,543,,187740,187744,179280,179284,4,df3f619804a92fdb4057192dc43dd748ea778adc52bc498ce80524c014b81119,00000000,,,,,False,,,,,,,,,,False,False
/fielddata/script/scr_seq_release.narc,/fielddata/script/scr_seq_release.narc!/member_00544,0,/fielddata/script/scr_seq_release.narc,271,544,,187744,187748,179284,179288,4,df3f619804a92fdb4057192dc43dd748ea778adc52bc498ce80524c014b81119,00000000,,,,,False,,,,,,,,,,False,False
/fielddata/script/scr_seq_release.narc,/fielddata/script/scr_seq_release.narc!/member_00545,0,/fielddata/script/scr_seq_release.narc,271,545,,187748,187752,179288,179292,4,df3f619804a92fdb4057192dc43dd748ea778adc52bc498ce80524c014b81119,00000000,,,,,False,,,,,,,,,,False,False
/fielddata/script/scr_seq_release.narc,/fielddata/script/scr_seq_release.narc!/member_00546,0,/fielddata/script/scr_seq_release.narc,271,546,,187752,187756,179292,179296,4,df3f619804a92fdb4057192dc43dd748ea778adc52bc498ce80524c014b81119,00000000,,,,,False,,,,,,,,,,False,False
/fielddata/script/scr_seq_release.narc,/fielddata/script/scr_seq_release.narc!/member_00547,0,/fielddata/script/scr_seq_release.narc,271,547,,187756,187760,179296,179300,4,df3f619804a92fdb4057192dc43dd748ea778adc52bc498ce80524c014b81119,00000000,,,,,False,,,,,,,,,,False,False
/fielddata/script/scr_seq_release.narc,/fielddata/script/scr_seq_release.narc!/member_00548,0,/fielddata/script/scr_seq_release.narc,271,548,,187760,187768,179300,179308,8,fb59317b8103f19f3850f0be3fe62db1aa481a9a7b31c590e6d243e98eacd375,0201000000000000,,,,,False,,,,,,,,,,False,False
/fielddata/script/scr_seq_release.narc,/fielddata/script/scr_seq_release.narc!/member_00549,0,/fielddata/script/scr_seq_release.narc,271,549,,187768,187772,179308,179312,4,df3f619804a92fdb4057192dc43dd748ea778adc52bc498ce80524c014b81119,00000000,,,,,False,,,,,,,,,,False,False
/fielddata/script/scr_seq_release.narc,/fielddata/script/scr_seq_release.narc!/member_00550,0,/fielddata/script/scr_seq_release.narc,271,550,,187772,187776,179312,179316,4,df3f619804a92fdb4057192dc43dd748ea778adc52bc498ce80524c014b81119,00000000,,,,,False,,,,,,,,,,False,False
/fielddata/script/scr_seq_release.narc,/fielddata/script/scr_seq_release.narc!/member_00551,0,/fielddata/script/scr_seq_release.narc,271,551,,187776,187780,179316,179320,4,df3f619804a92fdb4057192dc43dd748ea778adc52bc498ce80524c014b81119,00000000,,,,,False,,,,,,,,,,False,False
/fielddata/script/scr_seq_release.narc,/fielddata/script/scr_seq_release.narc!/member_00552,0,/fielddata/script/scr_seq_release.narc,271,552,,187780,187784,179320,179324,4,df3f619804a92fdb4057192dc43dd748ea778adc52bc498ce80524c014b81119,00000000,,,,,False,,,,,,,,,,False,False
/fielddata/script/scr_seq_release.narc,/fielddata/script/scr_seq_release.narc!/member_00553,0,/fielddata/script/scr_seq_release.narc,271,553,,187784,187804,179324,179344,20,4bbdff3393010195ee074e6d4214d41677fc5634598282c0f87615355c219456,0201000000010100000000d140010006,,,,,False,,,,,,,,,,False,False
/fielddata/script/scr_seq_release.narc,/fielddata/script/scr_seq_release.narc!/member_00554,0,/fielddata/script/scr_seq_release.narc,271,554,,187804,187812,179344,179352,8,035ea31cde9b95c28a68cf2cc6d9b8d7f2d88802448304765460242fe729e294,02d8270000000000,,,,,False,,,,,,,,,,False,False
/fielddata/script/scr_seq_release.narc,/fielddata/script/scr_seq_release.narc!/member_00555,0,/fielddata/script/scr_seq_release.narc,271,555,,187812,187820,179352,179360,8,fb59317b8103f19f3850f0be3fe62db1aa481a9a7b31c590e6d243e98eacd375,0201000000000000,,,,,False,,,,,,,,,,False,False
/fielddata/script/scr_seq_release.narc,/fielddata/script/scr_seq_release.narc!/member_00556,0,/fielddata/script/scr_seq_release.narc,271,556,,187820,187828,179360,179368,8,fb59317b8103f19f3850f0be3fe62db1aa481a9a7b31c590e6d243e98eacd375,0201000000000000,,,,,False,,,,,,,,,,False,False
/fielddata/script/scr_seq_release.narc,/fielddata/script/scr_seq_release.narc!/member_00557,0,/fielddata/script/scr_seq_release.narc,271,557,,187828,187836,179368,179376,8,fb59317b8103f19f3850f0be3fe62db1aa481a9a7b31c590e6d243e98eacd375,0201000000000000,,,,,False,,,,,,,,,,False,False
/fielddata/script/scr_seq_release.narc,/fielddata/script/scr_seq_release.narc!/member_00558,0,/fielddata/script/scr_seq_release.narc,271,558,,187836,187844,179376,179384,8,fb59317b8103f19f3850f0be3fe62db1aa481a9a7b31c590e6d243e98eacd375,0201000000000000,,,,,False,,,,,,,,,,False,False
/fielddata/script/scr_seq_release.narc,/fielddata/script/scr_seq_release.narc!/member_00559,0,/fielddata/script/scr_seq_release.narc,271,559,,187844,187848,179384,179388,4,df3f619804a92fdb4057192dc43dd748ea778adc52bc498ce80524c014b81119,00000000,,,,,False,,,,,,,,,,False,False
/fielddata/script/scr_seq_release.narc,/fielddata/script/scr_seq_release.narc!/member_00560,0,/fielddata/script/scr_seq_release.narc,271,560,,187848,187852,179388,179392,4,df3f619804a92fdb4057192dc43dd748ea778adc52bc498ce80524c014b81119,00000000,,,,,False,,,,,,,,,,False,False
/fielddata/script/scr_seq_release.narc,/fielddata/script/scr_seq_release.narc!/member_00561,0,/fielddata/script/scr_seq_release.narc,271,561,,187852,187892,179392,179432,40,39613700ccf2d7d42d2303890578d8e08985f2492c0f41468b4089d45e80a62c,0328230000010100000000d540010034,,,,,False,,,,,,,,,,False,False
/fielddata/script/scr_seq_release.narc,/fielddata/script/scr_seq_release.narc!/member_00562,0,/fielddata/script/scr_seq_release.narc,271,562,,187892,187908,179432,179448,16,242f26e33b846d07f76e45b1de6812c82ada7dd1eecfbca893721af90fda33aa,010100000000d4400000f02300000000,,,,,False,,,,,,,,,,False,False
/fielddata/script/scr_seq_release.narc,/fielddata/script/scr_seq_release.narc!/member_00563,0,/fielddata/script/scr_seq_release.narc,271,563,,187908,187912,179448,179452,4,df3f619804a92fdb4057192dc43dd748ea778adc52bc498ce80524c014b81119,00000000,,,,,False,,,,,,,,,,False,False
/fielddata/script/scr_seq_release.narc,/fielddata/script/scr_seq_release.narc!/member_00564,0,/fielddata/script/scr_seq_release.narc,271,564,,187912,187916,179452,179456,4,df3f619804a92fdb4057192dc43dd748ea778adc52bc498ce80524c014b81119,00000000,,,,,False,,,,,,,,,,False,False
/fielddata/script/scr_seq_release.narc,/fielddata/script/scr_seq_release.narc!/member_00565,0,/fielddata/script/scr_seq_release.narc,271,565,,187916,187932,179456,179472,16,e427eb4d0403f8d06775f1ed73c3905a62ba6ea536694dbb1ab10d18d89a1d8b,01010000000001400000010000000000,,,,,False,,,,,,,,,,False,False
/fielddata/script/scr_seq_release.narc,/fielddata/script/scr_seq_release.narc!/member_00566,0,/fielddata/script/scr_seq_release.narc,271,566,,187932,187940,179472,179480,8,8f6c5e3f97dac30229e34665e8a76933efc8e640baa13f24f33296c4eb8a5f7d,0206000000000000,,,,,False,,,,,,,,,,False,False
/fielddata/script/scr_seq_release.narc,/fielddata/script/scr_seq_release.narc!/member_00567,0,/fielddata/script/scr_seq_release.narc,271,567,,187940,187948,179480,179488,8,4823ff34557b350562a800037eb14e533d39954d76cd142c23dbee263db4b4af,0204000000000000,,,,,False,,,,,,,,,,False,False
/fielddata/script/scr_seq_release.narc,/fielddata/script/scr_seq_release.narc!/member_00568,0,/fielddata/script/scr_seq_release.narc,271,568,,187948,187956,179488,179496,8,c425a9ec3001a1411790d93f89815f2c52f5ba7771a4f0de13ade6fab1712b8f,0203000000000000,,,,,False,,,,,,,,,,False,False
/fielddata/script/scr_seq_release.narc,/fielddata/script/scr_seq_release.narc!/member_00569,0,/fielddata/script/scr_seq_release.narc,271,569,,187956,187960,179496,179500,4,df3f619804a92fdb4057192dc43dd748ea778adc52bc498ce80524c014b81119,00000000,,,,,False,,,,,,,,,,False,False
/fielddata/script/scr_seq_release.narc,/fielddata/script/scr_seq_release.narc!/member_00570,0,/fielddata/script/scr_seq_release.narc,271,570,,187960,187964,179500,179504,4,df3f619804a92fdb4057192dc43dd748ea778adc52bc498ce80524c014b81119,00000000,,,,,False,,,,,,,,,,False,False
/fielddata/script/scr_seq_release.narc,/fielddata/script/scr_seq_release.narc!/member_00571,0,/fielddata/script/scr_seq_release.narc,271,571,,187964,187968,179504,179508,4,df3f619804a92fdb4057192dc43dd748ea778adc52bc498ce80524c014b81119,00000000,,,,,False,,,,,,,,,,False,False
/fielddata/script/scr_seq_release.narc,/fielddata/script/scr_seq_release.narc!/member_00572,0,/fielddata/script/scr_seq_release.narc,271,572,,187968,187972,179508,179512,4,df3f619804a92fdb4057192dc43dd748ea778adc52bc498ce80524c014b81119,00000000,,,,,False,,,,,,,,,,False,False
/fielddata/script/scr_seq_release.narc,/fielddata/script/scr_seq_release.narc!/member_00573,0,/fielddata/script/scr_seq_release.narc,271,573,,187972,187976,179512,179516,4,df3f619804a92fdb4057192dc43dd748ea778adc52bc498ce80524c014b81119,00000000,,,,,False,,,,,,,,,,False,False
/fielddata/script/scr_seq_release.narc,/fielddata/script/scr_seq_release.narc!/member_00574,0,/fielddata/script/scr_seq_release.narc,271,574,,187976,187992,179516,179532,16,e427eb4d0403f8d06775f1ed73c3905a62ba6ea536694dbb1ab10d18d89a1d8b,01010000000001400000010000000000,,,,,False,,,,,,,,,,False,False
/fielddata/script/scr_seq_release.narc,/fielddata/script/scr_seq_release.narc!/member_00575,0,/fielddata/script/scr_seq_release.narc,271,575,,187992,187996,179532,179536,4,df3f619804a92fdb4057192dc43dd748ea778adc52bc498ce80524c014b81119,00000000,,,,,False,,,,,,,,,,False,False
/fielddata/script/scr_seq_release.narc,/fielddata/script/scr_seq_release.narc!/member_00576,0,/fielddata/script/scr_seq_release.narc,271,576,,187996,188008,179536,179548,12,7cae6178003ddab5c2c740942cb6094a7d323455b2db541e6662363ce69c3b82,020500000003040000000000,,,,,False,,,,,,,,,,False,False
/fielddata/script/scr_seq_release.narc,/fielddata/script/scr_seq_release.narc!/member_00577,0,/fielddata/script/scr_seq_release.narc,271,577,,188008,188036,179548,179576,28,0e8dcfeef720e2e056dbeac03e7acf7660bdddf93fb3fc07ec94f2ec2a26aae6,024b260000010100000000d540050048,,,,,False,,,,,,,,,,False,False
/fielddata/script/scr_seq_release.narc,/fielddata/script/scr_seq_release.narc!/member_00578,0,/fielddata/script/scr_seq_release.narc,271,578,,188036,188052,179576,179592,16,0d5ad23ea9a0a201e32c1ca26fd49d70ebac6303f09f8abdadc6786c74b88c97,034c260000024a260000000000000000,,,,,False,,,,,,,,,,False,False
/fielddata/script/scr_seq_release.narc,/fielddata/script/scr_seq_release.narc!/member_00579,0,/fielddata/script/scr_seq_release.narc,271,579,,188052,188056,179592,179596,4,df3f619804a92fdb4057192dc43dd748ea778adc52bc498ce80524c014b81119,00000000,,,,,False,,,,,,,,,,False,False
/fielddata/script/scr_seq_release.narc,/fielddata/script/scr_seq_release.narc!/member_00580,0,/fielddata/script/scr_seq_release.narc,271,580,,188056,188060,179596,179600,4,df3f619804a92fdb4057192dc43dd748ea778adc52bc498ce80524c014b81119,00000000,,,,,False,,,,,,,,,,False,False
/fielddata/script/scr_seq_release.narc,/fielddata/script/scr_seq_release.narc!/member_00581,0,/fielddata/script/scr_seq_release.narc,271,581,,188060,188068,179600,179608,8,fb59317b8103f19f3850f0be3fe62db1aa481a9a7b31c590e6d243e98eacd375,0201000000000000,,,,,False,,,,,,,,,,False,False
/fielddata/script/scr_seq_release.narc,/fielddata/script/scr_seq_release.narc!/member_00582,0,/fielddata/script/scr_seq_release.narc,271,582,,188068,188076,179608,179616,8,035ea31cde9b95c28a68cf2cc6d9b8d7f2d88802448304765460242fe729e294,02d8270000000000,,,,,False,,,,,,,,,,False,False
/fielddata/script/scr_seq_release.narc,/fielddata/script/scr_seq_release.narc!/member_00583,0,/fielddata/script/scr_seq_release.narc,271,583,,188076,188084,179616,179624,8,fb59317b8103f19f3850f0be3fe62db1aa481a9a7b31c590e6d243e98eacd375,0201000000000000,,,,,False,,,,,,,,,,False,False
/fielddata/script/scr_seq_release.narc,/fielddata/script/scr_seq_release.narc!/member_00584,0,/fielddata/script/scr_seq_release.narc,271,584,,188084,188088,179624,179628,4,df3f619804a92fdb4057192dc43dd748ea778adc52bc498ce80524c014b81119,00000000,,,,,False,,,,,,,,,,False,False
/fielddata/script/scr_seq_release.narc,/fielddata/script/scr_seq_release.narc!/member_00585,0,/fielddata/script/scr_seq_release.narc,271,585,,188088,188128,179628,179668,40,39613700ccf2d7d42d2303890578d8e08985f2492c0f41468b4089d45e80a62c,0328230000010100000000d540010034,,,,,False,,,,,,,,,,False,False
/fielddata/script/scr_seq_release.narc,/fielddata/script/scr_seq_release.narc!/member_00586,0,/fielddata/script/scr_seq_release.narc,271,586,,188128,188144,179668,179684,16,242f26e33b846d07f76e45b1de6812c82ada7dd1eecfbca893721af90fda33aa,010100000000d4400000f02300000000,,,,,False,,,,,,,,,,False,False
/fielddata/script/scr_seq_release.narc,/fielddata/script/scr_seq_release.narc!/member_00587,0,/fielddata/script/scr_seq_release.narc,271,587,,188144,188164,179684,179704,20,f0e99f549773e6792329d62f84117e63105f869df278d7a4f83a9af378fabd18,010100000000da4001000300da400200,,,,,False,,,,,,,,,,False,False
/fielddata/script/scr_seq_release.narc,/fielddata/script/scr_seq_release.narc!/member_00588,0,/fielddata/script/scr_seq_release.narc,271,588,,188164,188168,179704,179708,4,df3f619804a92fdb4057192dc43dd748ea778adc52bc498ce80524c014b81119,00000000,,,,,False,,,,,,,,,,False,False
/fielddata/script/scr_seq_release.narc,/fielddata/script/scr_seq_release.narc!/member_00589,0,/fielddata/script/scr_seq_release.narc,271,589,,188168,188172,179708,179712,4,df3f619804a92fdb4057192dc43dd748ea778adc52bc498ce80524c014b81119,00000000,,,,,False,,,,,,,,,,False,False
/fielddata/script/scr_seq_release.narc,/fielddata/script/scr_seq_release.narc!/member_00590,0,/fielddata/script/scr_seq_release.narc,271,590,,188172,188176,179712,179716,4,df3f619804a92fdb4057192dc43dd748ea778adc52bc498ce80524c014b81119,00000000,,,,,False,,,,,,,,,,False,False
/fielddata/script/scr_seq_release.narc,/fielddata/script/scr_seq_release.narc!/member_00591,0,/fielddata/script/scr_seq_release.narc,271,591,,188176,188180,179716,179720,4,df3f619804a92fdb4057192dc43dd748ea778adc52bc498ce80524c014b81119,00000000,,,,,False,,,,,,,,,,False,False
/fielddata/script/scr_seq_release.narc,/fielddata/script/scr_seq_release.narc!/member_00592,0,/fielddata/script/scr_seq_release.narc,271,592,,188180,188184,179720,179724,4,df3f619804a92fdb4057192dc43dd748ea778adc52bc498ce80524c014b81119,00000000,,,,,False,,,,,,,,,,False,False
/fielddata/script/scr_seq_release.narc,/fielddata/script/scr_seq_release.narc!/member_00593,0,/fielddata/script/scr_seq_release.narc,271,593,,188184,188188,179724,179728,4,df3f619804a92fdb4057192dc43dd748ea778adc52bc498ce80524c014b81119,00000000,,,,,False,,,,,,,,,,False,False
/fielddata/script/scr_seq_release.narc,/fielddata/script/scr_seq_release.narc!/member_00594,0,/fielddata/script/scr_seq_release.narc,271,594,,188188,188208,179728,179748,20,ab8903f846a9eeee49d3c80142546cfbba670333cd317f652fd03c3ea128ab8a,02010000000101000000001a4101001e,,,,,False,,,,,,,,,,False,False
/fielddata/script/scr_seq_release.narc,/fielddata/script/scr_seq_release.narc!/member_00595,0,/fielddata/script/scr_seq_release.narc,271,595,,188208,188216,179748,179756,8,fb59317b8103f19f3850f0be3fe62db1aa481a9a7b31c590e6d243e98eacd375,0201000000000000,,,,,False,,,,,,,,,,False,False
/fielddata/script/scr_seq_release.narc,/fielddata/script/scr_seq_release.narc!/member_00596,0,/fielddata/script/scr_seq_release.narc,271,596,,188216,188220,179756,179760,4,df3f619804a92fdb4057192dc43dd748ea778adc52bc498ce80524c014b81119,00000000,,,,,False,,,,,,,,,,False,False
/fielddata/script/scr_seq_release.narc,/fielddata/script/scr_seq_release.narc!/member_00597,0,/fielddata/script/scr_seq_release.narc,271,597,,188220,188260,179760,179800,40,39613700ccf2d7d42d2303890578d8e08985f2492c0f41468b4089d45e80a62c,0328230000010100000000d540010034,,,,,False,,,,,,,,,,False,False
/fielddata/script/scr_seq_release.narc,/fielddata/script/scr_seq_release.narc!/member_00598,0,/fielddata/script/scr_seq_release.narc,271,598,,188260,188276,179800,179816,16,242f26e33b846d07f76e45b1de6812c82ada7dd1eecfbca893721af90fda33aa,010100000000d4400000f02300000000,,,,,False,,,,,,,,,,False,False
/fielddata/script/scr_seq_release.narc,/fielddata/script/scr_seq_release.narc!/member_00599,0,/fielddata/script/scr_seq_release.narc,271,599,,188276,188280,179816,179820,4,df3f619804a92fdb4057192dc43dd748ea778adc52bc498ce80524c014b81119,00000000,,,,,False,,,,,,,,,,False,False
/fielddata/script/scr_seq_release.narc,/fielddata/script/scr_seq_release.narc!/member_00600,0,/fielddata/script/scr_seq_release.narc,271,600,,188280,188284,179820,179824,4,df3f619804a92fdb4057192dc43dd748ea778adc52bc498ce80524c014b81119,00000000,,,,,False,,,,,,,,,,False,False
/fielddata/script/scr_seq_release.narc,/fielddata/script/scr_seq_release.narc!/member_00601,0,/fielddata/script/scr_seq_release.narc,271,601,,188284,188288,179824,179828,4,df3f619804a92fdb4057192dc43dd748ea778adc52bc498ce80524c014b81119,00000000,,,,,False,,,,,,,,,,False,False
/fielddata/script/scr_seq_release.narc,/fielddata/script/scr_seq_release.narc!/member_00602,0,/fielddata/script/scr_seq_release.narc,271,602,,188288,188292,179828,179832,4,df3f619804a92fdb4057192dc43dd748ea778adc52bc498ce80524c014b81119,00000000,,,,,False,,,,,,,,,,False,False
/fielddata/script/scr_seq_release.narc,/fielddata/script/scr_seq_release.narc!/member_00603,0,/fielddata/script/scr_seq_release.narc,271,603,,188292,188296,179832,179836,4,df3f619804a92fdb4057192dc43dd748ea778adc52bc498ce80524c014b81119,00000000,,,,,False,,,,,,,,,,False,False
/fielddata/script/scr_seq_release.narc,/fielddata/script/scr_seq_release.narc!/member_00604,0,/fielddata/script/scr_seq_release.narc,271,604,,188296,188300,179836,179840,4,df3f619804a92fdb4057192dc43dd748ea778adc52bc498ce80524c014b81119,00000000,,,,,False,,,,,,,,,,False,False
/fielddata/script/scr_seq_release.narc,/fielddata/script/scr_seq_release.narc!/member_00605,0,/fielddata/script/scr_seq_release.narc,271,605,,188300,188304,179840,179844,4,df3f619804a92fdb4057192dc43dd748ea778adc52bc498ce80524c014b81119,00000000,,,,,False,,,,,,,,,,False,False
/fielddata/script/scr_seq_release.narc,/fielddata/script/scr_seq_release.narc!/member_00606,0,/fielddata/script/scr_seq_release.narc,271,606,,188304,188308,179844,179848,4,df3f619804a92fdb4057192dc43dd748ea778adc52bc498ce80524c014b81119,00000000,,,,,False,,,,,,,,,,False,False
/fielddata/script/scr_seq_release.narc,/fielddata/script/scr_seq_release.narc!/member_00607,0,/fielddata/script/scr_seq_release.narc,271,607,,188308,188312,179848,179852,4,df3f619804a92fdb4057192dc43dd748ea778adc52bc498ce80524c014b81119,00000000,,,,,False,,,,,,,,,,False,False
/fielddata/script/scr_seq_release.narc,/fielddata/script/scr_seq_release.narc!/member_00608,0,/fielddata/script/scr_seq_release.narc,271,608,,188312,188316,179852,179856,4,df3f619804a92fdb4057192dc43dd748ea778adc52bc498ce80524c014b81119,00000000,,,,,False,,,,,,,,,,False,False
/fielddata/script/scr_seq_release.narc,/fielddata/script/scr_seq_release.narc!/member_00609,0,/fielddata/script/scr_seq_release.narc,271,609,,188316,188320,179856,179860,4,df3f619804a92fdb4057192dc43dd748ea778adc52bc498ce80524c014b81119,00000000,,,,,False,,,,,,,,,,False,False
/fielddata/script/scr_seq_release.narc,/fielddata/script/scr_seq_release.narc!/member_00610,0,/fielddata/script/scr_seq_release.narc,271,610,,188320,188324,179860,179864,4,df3f619804a92fdb4057192dc43dd748ea778adc52bc498ce80524c014b81119,00000000,,,,,False,,,,,,,,,,False,False
/fielddata/script/scr_seq_release.narc,/fielddata/script/scr_seq_release.narc!/member_00611,0,/fielddata/script/scr_seq_release.narc,271,611,,188324,188328,179864,179868,4,df3f619804a92fdb4057192dc43dd748ea778adc52bc498ce80524c014b81119,00000000,,,,,False,,,,,,,,,,False,False
/fielddata/script/scr_seq_release.narc,/fielddata/script/scr_seq_release.narc!/member_00612,0,/fielddata/script/scr_seq_release.narc,271,612,,188328,188332,179868,179872,4,df3f619804a92fdb4057192dc43dd748ea778adc52bc498ce80524c014b81119,00000000,,,,,False,,,,,,,,,,False,False
/fielddata/script/scr_seq_release.narc,/fielddata/script/scr_seq_release.narc!/member_00613,0,/fielddata/script/scr_seq_release.narc,271,613,,188332,188352,179872,179892,20,11cdb3087b748c151e53611629d93233918fcda2ce4fab1bb6071eedb9d57e72,02130000000101000000007e40000001,,,,,False,,,,,,,,,,False,False
/fielddata/script/scr_seq_release.narc,/fielddata/script/scr_seq_release.narc!/member_00614,0,/fielddata/script/scr_seq_release.narc,271,614,,188352,188360,179892,179900,8,035ea31cde9b95c28a68cf2cc6d9b8d7f2d88802448304765460242fe729e294,02d8270000000000,,,,,False,,,,,,,,,,False,False
/fielddata/script/scr_seq_release.narc,/fielddata/script/scr_seq_release.narc!/member_00615,0,/fielddata/script/scr_seq_release.narc,271,615,,188360,188368,179900,179908,8,fb59317b8103f19f3850f0be3fe62db1aa481a9a7b31c590e6d243e98eacd375,0201000000000000,,,,,False,,,,,,,,,,False,False
/fielddata/script/scr_seq_release.narc,/fielddata/script/scr_seq_release.narc!/member_00616,0,/fielddata/script/scr_seq_release.narc,271,616,,188368,188376,179908,179916,8,fb59317b8103f19f3850f0be3fe62db1aa481a9a7b31c590e6d243e98eacd375,0201000000000000,,,,,False,,,,,,,,,,False,False
/fielddata/script/scr_seq_release.narc,/fielddata/script/scr_seq_release.narc!/member_00617,0,/fielddata/script/scr_seq_release.narc,271,617,,188376,188384,179916,179924,8,fb59317b8103f19f3850f0be3fe62db1aa481a9a7b31c590e6d243e98eacd375,0201000000000000,,,,,False,,,,,,,,,,False,False
/fielddata/script/scr_seq_release.narc,/fielddata/script/scr_seq_release.narc!/member_00618,0,/fielddata/script/scr_seq_release.narc,271,618,,188384,188388,179924,179928,4,df3f619804a92fdb4057192dc43dd748ea778adc52bc498ce80524c014b81119,00000000,,,,,False,,,,,,,,,,False,False
/fielddata/script/scr_seq_release.narc,/fielddata/script/scr_seq_release.narc!/member_00619,0,/fielddata/script/scr_seq_release.narc,271,619,,188388,188428,179928,179968,40,39613700ccf2d7d42d2303890578d8e08985f2492c0f41468b4089d45e80a62c,0328230000010100000000d540010034,,,,,False,,,,,,,,,,False,False
/fielddata/script/scr_seq_release.narc,/fielddata/script/scr_seq_release.narc!/member_00620,0,/fielddata/script/scr_seq_release.narc,271,620,,188428,188444,179968,179984,16,242f26e33b846d07f76e45b1de6812c82ada7dd1eecfbca893721af90fda33aa,010100000000d4400000f02300000000,,,,,False,,,,,,,,,,False,False
/fielddata/script/scr_seq_release.narc,/fielddata/script/scr_seq_release.narc!/member_00621,0,/fielddata/script/scr_seq_release.narc,271,621,,188444,188452,179984,179992,8,95ab968b5e60a8ddd5cceb1f5477b84a1e13637c73a02f31663a27364af0690b,0205000000000000,,,,,False,,,,,,,,,,False,False
/fielddata/script/scr_seq_release.narc,/fielddata/script/scr_seq_release.narc!/member_00622,0,/fielddata/script/scr_seq_release.narc,271,622,,188452,188456,179992,179996,4,df3f619804a92fdb4057192dc43dd748ea778adc52bc498ce80524c014b81119,00000000,,,,,False,,,,,,,,,,False,False
/fielddata/script/scr_seq_release.narc,/fielddata/script/scr_seq_release.narc!/member_00623,0,/fielddata/script/scr_seq_release.narc,271,623,,188456,188460,179996,180000,4,df3f619804a92fdb4057192dc43dd748ea778adc52bc498ce80524c014b81119,00000000,,,,,False,,,,,,,,,,False,False
/fielddata/script/scr_seq_release.narc,/fielddata/script/scr_seq_release.narc!/member_00624,0,/fielddata/script/scr_seq_release.narc,271,624,,188460,188464,180000,180004,4,df3f619804a92fdb4057192dc43dd748ea778adc52bc498ce80524c014b81119,00000000,,,,,False,,,,,,,,,,False,False
/fielddata/script/scr_seq_release.narc,/fielddata/script/scr_seq_release.narc!/member_00625,0,/fielddata/script/scr_seq_release.narc,271,625,,188464,188468,180004,180008,4,df3f619804a92fdb4057192dc43dd748ea778adc52bc498ce80524c014b81119,00000000,,,,,False,,,,,,,,,,False,False
/fielddata/script/scr_seq_release.narc,/fielddata/script/scr_seq_release.narc!/member_00626,0,/fielddata/script/scr_seq_release.narc,271,626,,188468,188472,180008,180012,4,df3f619804a92fdb4057192dc43dd748ea778adc52bc498ce80524c014b81119,00000000,,,,,False,,,,,,,,,,False,False
/fielddata/script/scr_seq_release.narc,/fielddata/script/scr_seq_release.narc!/member_00627,0,/fielddata/script/scr_seq_release.narc,271,627,,188472,188476,180012,180016,4,df3f619804a92fdb4057192dc43dd748ea778adc52bc498ce80524c014b81119,00000000,,,,,False,,,,,,,,,,False,False
/fielddata/script/scr_seq_release.narc,/fielddata/script/scr_seq_release.narc!/member_00628,0,/fielddata/script/scr_seq_release.narc,271,628,,188476,188480,180016,180020,4,df3f619804a92fdb4057192dc43dd748ea778adc52bc498ce80524c014b81119,00000000,,,,,False,,,,,,,,,,False,False
/fielddata/script/scr_seq_release.narc,/fielddata/script/scr_seq_release.narc!/member_00629,0,/fielddata/script/scr_seq_release.narc,271,629,,188480,188496,180020,180036,16,e427eb4d0403f8d06775f1ed73c3905a62ba6ea536694dbb1ab10d18d89a1d8b,01010000000001400000010000000000,,,,,False,,,,,,,,,,False,False
/fielddata/script/scr_seq_release.narc,/fielddata/script/scr_seq_release.narc!/member_00630,0,/fielddata/script/scr_seq_release.narc,271,630,,188496,188500,180036,180040,4,df3f619804a92fdb4057192dc43dd748ea778adc52bc498ce80524c014b81119,00000000,,,,,False,,,,,,,,,,False,False
/fielddata/script/scr_seq_release.narc,/fielddata/script/scr_seq_release.narc!/member_00631,0,/fielddata/script/scr_seq_release.narc,271,631,,188500,188508,180040,180048,8,fb59317b8103f19f3850f0be3fe62db1aa481a9a7b31c590e6d243e98eacd375,0201000000000000,,,,,False,,,,,,,,,,False,False
/fielddata/script/scr_seq_release.narc,/fielddata/script/scr_seq_release.narc!/member_00632,0,/fielddata/script/scr_seq_release.narc,271,632,,188508,188516,180048,180056,8,035ea31cde9b95c28a68cf2cc6d9b8d7f2d88802448304765460242fe729e294,02d8270000000000,,,,,False,,,,,,,,,,False,False
/fielddata/script/scr_seq_release.narc,/fielddata/script/scr_seq_release.narc!/member_00633,0,/fielddata/script/scr_seq_release.narc,271,633,,188516,188524,180056,180064,8,fb59317b8103f19f3850f0be3fe62db1aa481a9a7b31c590e6d243e98eacd375,0201000000000000,,,,,False,,,,,,,,,,False,False
/fielddata/script/scr_seq_release.narc,/fielddata/script/scr_seq_release.narc!/member_00634,0,/fielddata/script/scr_seq_release.narc,271,634,,188524,188528,180064,180068,4,df3f619804a92fdb4057192dc43dd748ea778adc52bc498ce80524c014b81119,00000000,,,,,False,,,,,,,,,,False,False
/fielddata/script/scr_seq_release.narc,/fielddata/script/scr_seq_release.narc!/member_00635,0,/fielddata/script/scr_seq_release.narc,271,635,,188528,188568,180068,180108,40,39613700ccf2d7d42d2303890578d8e08985f2492c0f41468b4089d45e80a62c,0328230000010100000000d540010034,,,,,False,,,,,,,,,,False,False
/fielddata/script/scr_seq_release.narc,/fielddata/script/scr_seq_release.narc!/member_00636,0,/fielddata/script/scr_seq_release.narc,271,636,,188568,188584,180108,180124,16,242f26e33b846d07f76e45b1de6812c82ada7dd1eecfbca893721af90fda33aa,010100000000d4400000f02300000000,,,,,False,,,,,,,,,,False,False
/fielddata/script/scr_seq_release.narc,/fielddata/script/scr_seq_release.narc!/member_00637,0,/fielddata/script/scr_seq_release.narc,271,637,,188584,188588,180124,180128,4,df3f619804a92fdb4057192dc43dd748ea778adc52bc498ce80524c014b81119,00000000,,,,,False,,,,,,,,,,False,False
/fielddata/script/scr_seq_release.narc,/fielddata/script/scr_seq_release.narc!/member_00638,0,/fielddata/script/scr_seq_release.narc,271,638,,188588,188592,180128,180132,4,df3f619804a92fdb4057192dc43dd748ea778adc52bc498ce80524c014b81119,00000000,,,,,False,,,,,,,,,,False,False
/fielddata/script/scr_seq_release.narc,/fielddata/script/scr_seq_release.narc!/member_00639,0,/fielddata/script/scr_seq_release.narc,271,639,,188592,188596,180132,180136,4,df3f619804a92fdb4057192dc43dd748ea778adc52bc498ce80524c014b81119,00000000,,,,,False,,,,,,,,,,False,False
/fielddata/script/scr_seq_release.narc,/fielddata/script/scr_seq_release.narc!/member_00640,0,/fielddata/script/scr_seq_release.narc,271,640,,188596,188604,180136,180144,8,4823ff34557b350562a800037eb14e533d39954d76cd142c23dbee263db4b4af,0204000000000000,,,,,False,,,,,,,,,,False,False
/fielddata/script/scr_seq_release.narc,/fielddata/script/scr_seq_release.narc!/member_00641,0,/fielddata/script/scr_seq_release.narc,271,641,,188604,188644,180144,180184,40,39613700ccf2d7d42d2303890578d8e08985f2492c0f41468b4089d45e80a62c,0328230000010100000000d540010034,,,,,False,,,,,,,,,,False,False
/fielddata/script/scr_seq_release.narc,/fielddata/script/scr_seq_release.narc!/member_00642,0,/fielddata/script/scr_seq_release.narc,271,642,,188644,188660,180184,180200,16,242f26e33b846d07f76e45b1de6812c82ada7dd1eecfbca893721af90fda33aa,010100000000d4400000f02300000000,,,,,False,,,,,,,,,,False,False
/fielddata/script/scr_seq_release.narc,/fielddata/script/scr_seq_release.narc!/member_00643,0,/fielddata/script/scr_seq_release.narc,271,643,,188660,188668,180200,180208,8,95ab968b5e60a8ddd5cceb1f5477b84a1e13637c73a02f31663a27364af0690b,0205000000000000,,,,,False,,,,,,,,,,False,False
/fielddata/script/scr_seq_release.narc,/fielddata/script/scr_seq_release.narc!/member_00644,0,/fielddata/script/scr_seq_release.narc,271,644,,188668,188676,180208,180216,8,fb59317b8103f19f3850f0be3fe62db1aa481a9a7b31c590e6d243e98eacd375,0201000000000000,,,,,False,,,,,,,,,,False,False
/fielddata/script/scr_seq_release.narc,/fielddata/script/scr_seq_release.narc!/member_00645,0,/fielddata/script/scr_seq_release.narc,271,645,,188676,188692,180216,180232,16,8a550c30ce6237d1f1c02c80a478b8589f5793d9f842b0f3273271a90fc59168,01010000000001400000020000000000,,,,,False,,,,,,,,,,False,False
/fielddata/script/scr_seq_release.narc,/fielddata/script/scr_seq_release.narc!/member_00646,0,/fielddata/script/scr_seq_release.narc,271,646,,188692,188700,180232,180240,8,fb59317b8103f19f3850f0be3fe62db1aa481a9a7b31c590e6d243e98eacd375,0201000000000000,,,,,False,,,,,,,,,,False,False
/fielddata/script/scr_seq_release.narc,/fielddata/script/scr_seq_release.narc!/member_00647,0,/fielddata/script/scr_seq_release.narc,271,647,,188700,188716,180240,180256,16,8a550c30ce6237d1f1c02c80a478b8589f5793d9f842b0f3273271a90fc59168,01010000000001400000020000000000,,,,,False,,,,,,,,,,False,False
/fielddata/script/scr_seq_release.narc,/fielddata/script/scr_seq_release.narc!/member_00648,0,/fielddata/script/scr_seq_release.narc,271,648,,188716,188724,180256,180264,8,fb59317b8103f19f3850f0be3fe62db1aa481a9a7b31c590e6d243e98eacd375,0201000000000000,,,,,False,,,,,,,,,,False,False
/fielddata/script/scr_seq_release.narc,/fielddata/script/scr_seq_release.narc!/member_00649,0,/fielddata/script/scr_seq_release.narc,271,649,,188724,188740,180264,180280,16,8a550c30ce6237d1f1c02c80a478b8589f5793d9f842b0f3273271a90fc59168,01010000000001400000020000000000,,,,,False,,,,,,,,,,False,False
/fielddata/script/scr_seq_release.narc,/fielddata/script/scr_seq_release.narc!/member_00650,0,/fielddata/script/scr_seq_release.narc,271,650,,188740,188748,180280,180288,8,fb59317b8103f19f3850f0be3fe62db1aa481a9a7b31c590e6d243e98eacd375,0201000000000000,,,,,False,,,,,,,,,,False,False
/fielddata/script/scr_seq_release.narc,/fielddata/script/scr_seq_release.narc!/member_00651,0,/fielddata/script/scr_seq_release.narc,271,651,,188748,188764,180288,180304,16,8a550c30ce6237d1f1c02c80a478b8589f5793d9f842b0f3273271a90fc59168,01010000000001400000020000000000,,,,,False,,,,,,,,,,False,False
/fielddata/script/scr_seq_release.narc,/fielddata/script/scr_seq_release.narc!/member_00652,0,/fielddata/script/scr_seq_release.narc,271,652,,188764,188772,180304,180312,8,fb59317b8103f19f3850f0be3fe62db1aa481a9a7b31c590e6d243e98eacd375,0201000000000000,,,,,False,,,,,,,,,,False,False
/fielddata/script/scr_seq_release.narc,/fielddata/script/scr_seq_release.narc!/member_00653,0,/fielddata/script/scr_seq_release.narc,271,653,,188772,188792,180312,180332,20,ba2fe60c9d03541c5f1a16d070ad4691abb448a1173a39b5db387e70dd08fba6,02010000000101000000000340000002,,,,,False,,,,,,,,,,False,False
/fielddata/script/scr_seq_release.narc,/fielddata/script/scr_seq_release.narc!/member_00654,0,/fielddata/script/scr_seq_release.narc,271,654,,188792,188808,180332,180348,16,31df3b7e536fb4f2210a8c32cc3a8b54182f74ae567abe5c4f9216dd70fe82b0,01010000000003400000010000000000,,,,,False,,,,,,,,,,False,False
/fielddata/script/scr_seq_release.narc,/fielddata/script/scr_seq_release.narc!/member_00655,0,/fielddata/script/scr_seq_release.narc,271,655,,188808,188824,180348,180364,16,31df3b7e536fb4f2210a8c32cc3a8b54182f74ae567abe5c4f9216dd70fe82b0,01010000000003400000010000000000,,,,,False,,,,,,,,,,False,False
/fielddata/script/scr_seq_release.narc,/fielddata/script/scr_seq_release.narc!/member_00656,0,/fielddata/script/scr_seq_release.narc,271,656,,188824,188864,180364,180404,40,39613700ccf2d7d42d2303890578d8e08985f2492c0f41468b4089d45e80a62c,0328230000010100000000d540010034,,,,,False,,,,,,,,,,False,False
/fielddata/script/scr_seq_release.narc,/fielddata/script/scr_seq_release.narc!/member_00657,0,/fielddata/script/scr_seq_release.narc,271,657,,188864,188880,180404,180420,16,242f26e33b846d07f76e45b1de6812c82ada7dd1eecfbca893721af90fda33aa,010100000000d4400000f02300000000,,,,,False,,,,,,,,,,False,False
/fielddata/script/scr_seq_release.narc,/fielddata/script/scr_seq_release.narc!/member_00658,0,/fielddata/script/scr_seq_release.narc,271,658,,188880,188900,180420,180440,20,99095e60cb72baef62e1fb636b67c4b73491f40ab45ae35dd42abc7d823c47f0,020f0000000101000000008140000001,,,,,False,,,,,,,,,,False,False
/fielddata/script/scr_seq_release.narc,/fielddata/script/scr_seq_release.narc!/member_00659,0,/fielddata/script/scr_seq_release.narc,271,659,,188900,188908,180440,180448,8,035ea31cde9b95c28a68cf2cc6d9b8d7f2d88802448304765460242fe729e294,02d8270000000000,,,,,False,,,,,,,,,,False,False
/fielddata/script/scr_seq_release.narc,/fielddata/script/scr_seq_release.narc!/member_00660,0,/fielddata/script/scr_seq_release.narc,271,660,,188908,188912,180448,180452,4,df3f619804a92fdb4057192dc43dd748ea778adc52bc498ce80524c014b81119,00000000,,,,,False,,,,,,,,,,False,False
/fielddata/script/scr_seq_release.narc,/fielddata/script/scr_seq_release.narc!/member_00661,0,/fielddata/script/scr_seq_release.narc,271,661,,188912,188952,180452,180492,40,39613700ccf2d7d42d2303890578d8e08985f2492c0f41468b4089d45e80a62c,0328230000010100000000d540010034,,,,,False,,,,,,,,,,False,False
/fielddata/script/scr_seq_release.narc,/fielddata/script/scr_seq_release.narc!/member_00662,0,/fielddata/script/scr_seq_release.narc,271,662,,188952,188968,180492,180508,16,242f26e33b846d07f76e45b1de6812c82ada7dd1eecfbca893721af90fda33aa,010100000000d4400000f02300000000,,,,,False,,,,,,,,,,False,False
/fielddata/script/scr_seq_release.narc,/fielddata/script/scr_seq_release.narc!/member_00663,0,/fielddata/script/scr_seq_release.narc,271,663,,188968,188988,180508,180528,20,4c53fa0fabe94cff2e8ca48bbe66622f622fbb613943cf68f5e6de706a42353e,02070000000101000000001341000001,,,,,False,,,,,,,,,,False,False
/fielddata/script/scr_seq_release.narc,/fielddata/script/scr_seq_release.narc!/member_00664,0,/fielddata/script/scr_seq_release.narc,271,664,,188988,188992,180528,180532,4,df3f619804a92fdb4057192dc43dd748ea778adc52bc498ce80524c014b81119,00000000,,,,,False,,,,,,,,,,False,False
/fielddata/script/scr_seq_release.narc,/fielddata/script/scr_seq_release.narc!/member_00665,0,/fielddata/script/scr_seq_release.narc,271,665,,188992,188996,180532,180536,4,df3f619804a92fdb4057192dc43dd748ea778adc52bc498ce80524c014b81119,00000000,,,,,False,,,,,,,,,,False,False
/fielddata/script/scr_seq_release.narc,/fielddata/script/scr_seq_release.narc!/member_00666,0,/fielddata/script/scr_seq_release.narc,271,666,,188996,189000,180536,180540,4,df3f619804a92fdb4057192dc43dd748ea778adc52bc498ce80524c014b81119,00000000,,,,,False,,,,,,,,,,False,False
/fielddata/script/scr_seq_release.narc,/fielddata/script/scr_seq_release.narc!/member_00667,0,/fielddata/script/scr_seq_release.narc,271,667,,189000,189004,180540,180544,4,df3f619804a92fdb4057192dc43dd748ea778adc52bc498ce80524c014b81119,00000000,,,,,False,,,,,,,,,,False,False
/fielddata/script/scr_seq_release.narc,/fielddata/script/scr_seq_release.narc!/member_00668,0,/fielddata/script/scr_seq_release.narc,271,668,,189004,189012,180544,180552,8,fb59317b8103f19f3850f0be3fe62db1aa481a9a7b31c590e6d243e98eacd375,0201000000000000,,,,,False,,,,,,,,,,False,False
/fielddata/script/scr_seq_release.narc,/fielddata/script/scr_seq_release.narc!/member_00669,0,/fielddata/script/scr_seq_release.narc,271,669,,189012,189016,180552,180556,4,df3f619804a92fdb4057192dc43dd748ea778adc52bc498ce80524c014b81119,00000000,,,,,False,,,,,,,,,,False,False
/fielddata/script/scr_seq_release.narc,/fielddata/script/scr_seq_release.narc!/member_00670,0,/fielddata/script/scr_seq_release.narc,271,670,,189016,189032,180556,180572,16,26582384a93719d638e8ae5a43f2cc90ce826878cfe860ee1a669dd16ad728da,04020000000201000000030700000000,,,,,False,,,,,,,,,,False,False
/fielddata/script/scr_seq_release.narc,/fielddata/script/scr_seq_release.narc!/member_00671,0,/fielddata/script/scr_seq_release.narc,271,671,,189032,189052,180572,180592,20,2f5d0b2b91ab5fbe7b3344d05f20803afcfb5146c7bd5a9c0d6c8f256745742f,0201000000010100000000cf40000002,,,,,False,,,,,,,,,,False,False
/fielddata/script/scr_seq_release.narc,/fielddata/script/scr_seq_release.narc!/member_00672,0,/fielddata/script/scr_seq_release.narc,271,672,,189052,189060,180592,180600,8,fb59317b8103f19f3850f0be3fe62db1aa481a9a7b31c590e6d243e98eacd375,0201000000000000,,,,,False,,,,,,,,,,False,False
/fielddata/script/scr_seq_release.narc,/fielddata/script/scr_seq_release.narc!/member_00673,0,/fielddata/script/scr_seq_release.narc,271,673,,189060,189068,180600,180608,8,d768c6e611523c52407d1a55fa317c6c4bd032f8fc1f00f8d8f54077a64f5d74,020c000000000000,,,,,False,,,,,,,,,,False,False
/fielddata/script/scr_seq_release.narc,/fielddata/script/scr_seq_release.narc!/member_00674,0,/fielddata/script/scr_seq_release.narc,271,674,,189068,189072,180608,180612,4,df3f619804a92fdb4057192dc43dd748ea778adc52bc498ce80524c014b81119,00000000,,,,,False,,,,,,,,,,False,False
/fielddata/script/scr_seq_release.narc,/fielddata/script/scr_seq_release.narc!/member_00675,0,/fielddata/script/scr_seq_release.narc,271,675,,189072,189080,180612,180620,8,fb59317b8103f19f3850f0be3fe62db1aa481a9a7b31c590e6d243e98eacd375,0201000000000000,,,,,False,,,,,,,,,,False,False
/fielddata/script/scr_seq_release.narc,/fielddata/script/scr_seq_release.narc!/member_00676,0,/fielddata/script/scr_seq_release.narc,271,676,,189080,189088,180620,180628,8,fb59317b8103f19f3850f0be3fe62db1aa481a9a7b31c590e6d243e98eacd375,0201000000000000,,,,,False,,,,,,,,,,False,False
/fielddata/script/scr_seq_release.narc,/fielddata/script/scr_seq_release.narc!/member_00677,0,/fielddata/script/scr_seq_release.narc,271,677,,189088,189092,180628,180632,4,df3f619804a92fdb4057192dc43dd748ea778adc52bc498ce80524c014b81119,00000000,,,,,False,,,,,,,,,,False,False
/fielddata/script/scr_seq_release.narc,/fielddata/script/scr_seq_release.narc!/member_00678,0,/fielddata/script/scr_seq_release.narc,271,678,,189092,189096,180632,180636,4,df3f619804a92fdb4057192dc43dd748ea778adc52bc498ce80524c014b81119,00000000,,,,,False,,,,,,,,,,False,False
/fielddata/script/scr_seq_release.narc,/fielddata/script/scr_seq_release.narc!/member_00679,0,/fielddata/script/scr_seq_release.narc,271,679,,189096,189100,180636,180640,4,df3f619804a92fdb4057192dc43dd748ea778adc52bc498ce80524c014b81119,00000000,,,,,False,,,,,,,,,,False,False
/fielddata/script/scr_seq_release.narc,/fielddata/script/scr_seq_release.narc!/member_00680,0,/fielddata/script/scr_seq_release.narc,271,680,,189100,189104,180640,180644,4,df3f619804a92fdb4057192dc43dd748ea778adc52bc498ce80524c014b81119,00000000,,,,,False,,,,,,,,,,False,False
/fielddata/script/scr_seq_release.narc,/fielddata/script/scr_seq_release.narc!/member_00681,0,/fielddata/script/scr_seq_release.narc,271,681,,189104,189108,180644,180648,4,df3f619804a92fdb4057192dc43dd748ea778adc52bc498ce80524c014b81119,00000000,,,,,False,,,,,,,,,,False,False
/fielddata/script/scr_seq_release.narc,/fielddata/script/scr_seq_release.narc!/member_00682,0,/fielddata/script/scr_seq_release.narc,271,682,,189108,189112,180648,180652,4,df3f619804a92fdb4057192dc43dd748ea778adc52bc498ce80524c014b81119,00000000,,,,,False,,,,,,,,,,False,False
/fielddata/script/scr_seq_release.narc,/fielddata/script/scr_seq_release.narc!/member_00683,0,/fielddata/script/scr_seq_release.narc,271,683,,189112,189116,180652,180656,4,df3f619804a92fdb4057192dc43dd748ea778adc52bc498ce80524c014b81119,00000000,,,,,False,,,,,,,,,,False,False
/fielddata/script/scr_seq_release.narc,/fielddata/script/scr_seq_release.narc!/member_00684,0,/fielddata/script/scr_seq_release.narc,271,684,,189116,189120,180656,180660,4,df3f619804a92fdb4057192dc43dd748ea778adc52bc498ce80524c014b81119,00000000,,,,,False,,,,,,,,,,False,False
/fielddata/script/scr_seq_release.narc,/fielddata/script/scr_seq_release.narc!/member_00685,0,/fielddata/script/scr_seq_release.narc,271,685,,189120,189124,180660,180664,4,df3f619804a92fdb4057192dc43dd748ea778adc52bc498ce80524c014b81119,00000000,,,,,False,,,,,,,,,,False,False
/fielddata/script/scr_seq_release.narc,/fielddata/script/scr_seq_release.narc!/member_00686,0,/fielddata/script/scr_seq_release.narc,271,686,,189124,189128,180664,180668,4,df3f619804a92fdb4057192dc43dd748ea778adc52bc498ce80524c014b81119,00000000,,,,,False,,,,,,,,,,False,False
/fielddata/script/scr_seq_release.narc,/fielddata/script/scr_seq_release.narc!/member_00687,0,/fielddata/script/scr_seq_release.narc,271,687,,189128,189132,180668,180672,4,df3f619804a92fdb4057192dc43dd748ea778adc52bc498ce80524c014b81119,00000000,,,,,False,,,,,,,,,,False,False
/fielddata/script/scr_seq_release.narc,/fielddata/script/scr_seq_release.narc!/member_00688,0,/fielddata/script/scr_seq_release.narc,271,688,,189132,189136,180672,180676,4,df3f619804a92fdb4057192dc43dd748ea778adc52bc498ce80524c014b81119,00000000,,,,,False,,,,,,,,,,False,False
/fielddata/script/scr_seq_release.narc,/fielddata/script/scr_seq_release.narc!/member_00689,0,/fielddata/script/scr_seq_release.narc,271,689,,189136,189140,180676,180680,4,df3f619804a92fdb4057192dc43dd748ea778adc52bc498ce80524c014b81119,00000000,,,,,False,,,,,,,,,,False,False
/fielddata/script/scr_seq_release.narc,/fielddata/script/scr_seq_release.narc!/member_00690,0,/fielddata/script/scr_seq_release.narc,271,690,,189140,189152,180680,180692,12,d6b4c11ff2d545721e2b55166b6f6bb08321f62140262a8ec196d58d670ff2d8,020100000004020000000000,,,,,False,,,,,,,,,,False,False
/fielddata/script/scr_seq_release.narc,/fielddata/script/scr_seq_release.narc!/member_00691,0,/fielddata/script/scr_seq_release.narc,271,691,,189152,189156,180692,180696,4,df3f619804a92fdb4057192dc43dd748ea778adc52bc498ce80524c014b81119,00000000,,,,,False,,,,,,,,,,False,False
/fielddata/script/scr_seq_release.narc,/fielddata/script/scr_seq_release.narc!/member_00692,0,/fielddata/script/scr_seq_release.narc,271,692,,189156,189168,180696,180708,12,8e7330b8248102580de727232b001479be60561ce24323c4f73b687a3d49b091,020300000004010000000000,,,,,False,,,,,,,,,,False,False
/fielddata/script/scr_seq_release.narc,/fielddata/script/scr_seq_release.narc!/member_00693,0,/fielddata/script/scr_seq_release.narc,271,693,,189168,189176,180708,180716,8,fb59317b8103f19f3850f0be3fe62db1aa481a9a7b31c590e6d243e98eacd375,0201000000000000,,,,,False,,,,,,,,,,False,False
/fielddata/script/scr_seq_release.narc,/fielddata/script/scr_seq_release.narc!/member_00694,0,/fielddata/script/scr_seq_release.narc,271,694,,189176,189180,180716,180720,4,df3f619804a92fdb4057192dc43dd748ea778adc52bc498ce80524c014b81119,00000000,,,,,False,,,,,,,,,,False,False
/fielddata/script/scr_seq_release.narc,/fielddata/script/scr_seq_release.narc!/member_00695,0,/fielddata/script/scr_seq_release.narc,271,695,,189180,189188,180720,180728,8,e99fe8396bd8669610f54690bba2ff45ea0f7826a03e451c7402cf2c45ed4fec,0260220000000000,,,,,False,,,,,,,,,,False,False
/fielddata/script/scr_seq_release.narc,/fielddata/script/scr_seq_release.narc!/member_00696,0,/fielddata/script/scr_seq_release.narc,271,696,,189188,189196,180728,180736,8,e99fe8396bd8669610f54690bba2ff45ea0f7826a03e451c7402cf2c45ed4fec,0260220000000000,,,,,False,,,,,,,,,,False,False
/fielddata/script/scr_seq_release.narc,/fielddata/script/scr_seq_release.narc!/member_00697,0,/fielddata/script/scr_seq_release.narc,271,697,,189196,189204,180736,180744,8,e99fe8396bd8669610f54690bba2ff45ea0f7826a03e451c7402cf2c45ed4fec,0260220000000000,,,,,False,,,,,,,,,,False,False
/fielddata/script/scr_seq_release.narc,/fielddata/script/scr_seq_release.narc!/member_00698,0,/fielddata/script/scr_seq_release.narc,271,698,,189204,189212,180744,180752,8,e99fe8396bd8669610f54690bba2ff45ea0f7826a03e451c7402cf2c45ed4fec,0260220000000000,,,,,False,,,,,,,,,,False,False
/fielddata/script/scr_seq_release.narc,/fielddata/script/scr_seq_release.narc!/member_00699,0,/fielddata/script/scr_seq_release.narc,271,699,,189212,189220,180752,180760,8,e99fe8396bd8669610f54690bba2ff45ea0f7826a03e451c7402cf2c45ed4fec,0260220000000000,,,,,False,,,,,,,,,,False,False
/fielddata/script/scr_seq_release.narc,/fielddata/script/scr_seq_release.narc!/member_00700,0,/fielddata/script/scr_seq_release.narc,271,700,,189220,189228,180760,180768,8,e99fe8396bd8669610f54690bba2ff45ea0f7826a03e451c7402cf2c45ed4fec,0260220000000000,,,,,False,,,,,,,,,,False,False
/fielddata/script/scr_seq_release.narc,/fielddata/script/scr_seq_release.narc!/member_00701,0,/fielddata/script/scr_seq_release.narc,271,701,,189228,189232,180768,180772,4,df3f619804a92fdb4057192dc43dd748ea778adc52bc498ce80524c014b81119,00000000,,,,,False,,,,,,,,,,False,False
/fielddata/script/scr_seq_release.narc,/fielddata/script/scr_seq_release.narc!/member_00702,0,/fielddata/script/scr_seq_release.narc,271,702,,189232,189240,180772,180780,8,fb59317b8103f19f3850f0be3fe62db1aa481a9a7b31c590e6d243e98eacd375,0201000000000000,,,,,False,,,,,,,,,,False,False
/fielddata/script/scr_seq_release.narc,/fielddata/script/scr_seq_release.narc!/member_00703,0,/fielddata/script/scr_seq_release.narc,271,703,,189240,189244,180780,180784,4,df3f619804a92fdb4057192dc43dd748ea778adc52bc498ce80524c014b81119,00000000,,,,,False,,,,,,,,,,False,False
/fielddata/script/scr_seq_release.narc,/fielddata/script/scr_seq_release.narc!/member_00704,0,/fielddata/script/scr_seq_release.narc,271,704,,189244,189248,180784,180788,4,df3f619804a92fdb4057192dc43dd748ea778adc52bc498ce80524c014b81119,00000000,,,,,False,,,,,,,,,,False,False
/fielddata/script/scr_seq_release.narc,/fielddata/script/scr_seq_release.narc!/member_00705,0,/fielddata/script/scr_seq_release.narc,271,705,,189248,189252,180788,180792,4,df3f619804a92fdb4057192dc43dd748ea778adc52bc498ce80524c014b81119,00000000,,,,,False,,,,,,,,,,False,False
/fielddata/script/scr_seq_release.narc,/fielddata/script/scr_seq_release.narc!/member_00706,0,/fielddata/script/scr_seq_release.narc,271,706,,189252,189256,180792,180796,4,df3f619804a92fdb4057192dc43dd748ea778adc52bc498ce80524c014b81119,00000000,,,,,False,,,,,,,,,,False,False
/fielddata/script/scr_seq_release.narc,/fielddata/script/scr_seq_release.narc!/member_00707,0,/fielddata/script/scr_seq_release.narc,271,707,,189256,189260,180796,180800,4,df3f619804a92fdb4057192dc43dd748ea778adc52bc498ce80524c014b81119,00000000,,,,,False,,,,,,,,,,False,False
/fielddata/script/scr_seq_release.narc,/fielddata/script/scr_seq_release.narc!/member_00708,0,/fielddata/script/scr_seq_release.narc,271,708,,189260,189264,180800,180804,4,df3f619804a92fdb4057192dc43dd748ea778adc52bc498ce80524c014b81119,00000000,,,,,False,,,,,,,,,,False,False
/fielddata/script/scr_seq_release.narc,/fielddata/script/scr_seq_release.narc!/member_00709,0,/fielddata/script/scr_seq_release.narc,271,709,,189264,189268,180804,180808,4,df3f619804a92fdb4057192dc43dd748ea778adc52bc498ce80524c014b81119,00000000,,,,,False,,,,,,,,,,False,False
/fielddata/script/scr_seq_release.narc,/fielddata/script/scr_seq_release.narc!/member_00710,0,/fielddata/script/scr_seq_release.narc,271,710,,189268,189272,180808,180812,4,df3f619804a92fdb4057192dc43dd748ea778adc52bc498ce80524c014b81119,00000000,,,,,False,,,,,,,,,,False,False
/fielddata/script/scr_seq_release.narc,/fielddata/script/scr_seq_release.narc!/member_00711,0,/fielddata/script/scr_seq_release.narc,271,711,,189272,189276,180812,180816,4,df3f619804a92fdb4057192dc43dd748ea778adc52bc498ce80524c014b81119,00000000,,,,,False,,,,,,,,,,False,False
/fielddata/script/scr_seq_release.narc,/fielddata/script/scr_seq_release.narc!/member_00712,0,/fielddata/script/scr_seq_release.narc,271,712,,189276,189280,180816,180820,4,df3f619804a92fdb4057192dc43dd748ea778adc52bc498ce80524c014b81119,00000000,,,,,False,,,,,,,,,,False,False
/fielddata/script/scr_seq_release.narc,/fielddata/script/scr_seq_release.narc!/member_00713,0,/fielddata/script/scr_seq_release.narc,271,713,,189280,189284,180820,180824,4,df3f619804a92fdb4057192dc43dd748ea778adc52bc498ce80524c014b81119,00000000,,,,,False,,,,,,,,,,False,False
/fielddata/script/scr_seq_release.narc,/fielddata/script/scr_seq_release.narc!/member_00714,0,/fielddata/script/scr_seq_release.narc,271,714,,189284,189288,180824,180828,4,df3f619804a92fdb4057192dc43dd748ea778adc52bc498ce80524c014b81119,00000000,,,,,False,,,,,,,,,,False,False
/fielddata/script/scr_seq_release.narc,/fielddata/script/scr_seq_release.narc!/member_00715,0,/fielddata/script/scr_seq_release.narc,271,715,,189288,189292,180828,180832,4,df3f619804a92fdb4057192dc43dd748ea778adc52bc498ce80524c014b81119,00000000,,,,,False,,,,,,,,,,False,False
/fielddata/script/scr_seq_release.narc,/fielddata/script/scr_seq_release.narc!/member_00716,0,/fielddata/script/scr_seq_release.narc,271,716,,189292,189296,180832,180836,4,df3f619804a92fdb4057192dc43dd748ea778adc52bc498ce80524c014b81119,00000000,,,,,False,,,,,,,,,,False,False
/fielddata/script/scr_seq_release.narc,/fielddata/script/scr_seq_release.narc!/member_00717,0,/fielddata/script/scr_seq_release.narc,271,717,,189296,189300,180836,180840,4,df3f619804a92fdb4057192dc43dd748ea778adc52bc498ce80524c014b81119,00000000,,,,,False,,,,,,,,,,False,False
/fielddata/script/scr_seq_release.narc,/fielddata/script/scr_seq_release.narc!/member_00718,0,/fielddata/script/scr_seq_release.narc,271,718,,189300,189304,180840,180844,4,df3f619804a92fdb4057192dc43dd748ea778adc52bc498ce80524c014b81119,00000000,,,,,False,,,,,,,,,,False,False
/fielddata/script/scr_seq_release.narc,/fielddata/script/scr_seq_release.narc!/member_00719,0,/fielddata/script/scr_seq_release.narc,271,719,,189304,189312,180844,180852,8,fb59317b8103f19f3850f0be3fe62db1aa481a9a7b31c590e6d243e98eacd375,0201000000000000,,,,,False,,,,,,,,,,False,False
/fielddata/script/scr_seq_release.narc,/fielddata/script/scr_seq_release.narc!/member_00720,0,/fielddata/script/scr_seq_release.narc,271,720,,189312,189316,180852,180856,4,df3f619804a92fdb4057192dc43dd748ea778adc52bc498ce80524c014b81119,00000000,,,,,False,,,,,,,,,,False,False
/fielddata/script/scr_seq_release.narc,/fielddata/script/scr_seq_release.narc!/member_00721,0,/fielddata/script/scr_seq_release.narc,271,721,,189316,189320,180856,180860,4,df3f619804a92fdb4057192dc43dd748ea778adc52bc498ce80524c014b81119,00000000,,,,,False,,,,,,,,,,False,False
/fielddata/script/scr_seq_release.narc,/fielddata/script/scr_seq_release.narc!/member_00722,0,/fielddata/script/scr_seq_release.narc,271,722,,189320,189328,180860,180868,8,4823ff34557b350562a800037eb14e533d39954d76cd142c23dbee263db4b4af,0204000000000000,,,,,False,,,,,,,,,,False,False
/fielddata/script/scr_seq_release.narc,/fielddata/script/scr_seq_release.narc!/member_00723,0,/fielddata/script/scr_seq_release.narc,271,723,,189328,189332,180868,180872,4,df3f619804a92fdb4057192dc43dd748ea778adc52bc498ce80524c014b81119,00000000,,,,,False,,,,,,,,,,False,False
/fielddata/script/scr_seq_release.narc,/fielddata/script/scr_seq_release.narc!/member_00724,0,/fielddata/script/scr_seq_release.narc,271,724,,189332,189336,180872,180876,4,df3f619804a92fdb4057192dc43dd748ea778adc52bc498ce80524c014b81119,00000000,,,,,False,,,,,,,,,,False,False
/fielddata/script/scr_seq_release.narc,/fielddata/script/scr_seq_release.narc!/member_00725,0,/fielddata/script/scr_seq_release.narc,271,725,,189336,189356,180876,180896,20,a3a650d59368028c0ccde7e1d7ef10383bda02826b87c5371725123440cbb51b,0201000000010100000000f340000002,,,,,False,,,,,,,,,,False,False
/fielddata/script/scr_seq_release.narc,/fielddata/script/scr_seq_release.narc!/member_00726,0,/fielddata/script/scr_seq_release.narc,271,726,,189356,189364,180896,180904,8,fb59317b8103f19f3850f0be3fe62db1aa481a9a7b31c590e6d243e98eacd375,0201000000000000,,,,,False,,,,,,,,,,False,False
/fielddata/script/scr_seq_release.narc,/fielddata/script/scr_seq_release.narc!/member_00727,0,/fielddata/script/scr_seq_release.narc,271,727,,189364,189372,180904,180912,8,fb59317b8103f19f3850f0be3fe62db1aa481a9a7b31c590e6d243e98eacd375,0201000000000000,,,,,False,,,,,,,,,,False,False
/fielddata/script/scr_seq_release.narc,/fielddata/script/scr_seq_release.narc!/member_00728,0,/fielddata/script/scr_seq_release.narc,271,728,,189372,189376,180912,180916,4,df3f619804a92fdb4057192dc43dd748ea778adc52bc498ce80524c014b81119,00000000,,,,,False,,,,,,,,,,False,False
/fielddata/script/scr_seq_release.narc,/fielddata/script/scr_seq_release.narc!/member_00729,0,/fielddata/script/scr_seq_release.narc,271,729,,189376,189384,180916,180924,8,fb59317b8103f19f3850f0be3fe62db1aa481a9a7b31c590e6d243e98eacd375,0201000000000000,,,,,False,,,,,,,,,,False,False
/fielddata/script/scr_seq_release.narc,/fielddata/script/scr_seq_release.narc!/member_00730,0,/fielddata/script/scr_seq_release.narc,271,730,,189384,189388,180924,180928,4,df3f619804a92fdb4057192dc43dd748ea778adc52bc498ce80524c014b81119,00000000,,,,,False,,,,,,,,,,False,False
/fielddata/script/scr_seq_release.narc,/fielddata/script/scr_seq_release.narc!/member_00731,0,/fielddata/script/scr_seq_release.narc,271,731,,189388,189396,180928,180936,8,fb59317b8103f19f3850f0be3fe62db1aa481a9a7b31c590e6d243e98eacd375,0201000000000000,,,,,False,,,,,,,,,,False,False
/fielddata/script/scr_seq_release.narc,/fielddata/script/scr_seq_release.narc!/member_00732,0,/fielddata/script/scr_seq_release.narc,271,732,,189396,189400,180936,180940,4,df3f619804a92fdb4057192dc43dd748ea778adc52bc498ce80524c014b81119,00000000,,,,,False,,,,,,,,,,False,False
/fielddata/script/scr_seq_release.narc,/fielddata/script/scr_seq_release.narc!/member_00733,0,/fielddata/script/scr_seq_release.narc,271,733,,189400,189408,180940,180948,8,fb59317b8103f19f3850f0be3fe62db1aa481a9a7b31c590e6d243e98eacd375,0201000000000000,,,,,False,,,,,,,,,,False,False
/fielddata/script/scr_seq_release.narc,/fielddata/script/scr_seq_release.narc!/member_00734,0,/fielddata/script/scr_seq_release.narc,271,734,,189408,189412,180948,180952,4,df3f619804a92fdb4057192dc43dd748ea778adc52bc498ce80524c014b81119,00000000,,,,,False,,,,,,,,,,False,False
/fielddata/script/scr_seq_release.narc,/fielddata/script/scr_seq_release.narc!/member_00735,0,/fielddata/script/scr_seq_release.narc,271,735,,189412,189420,180952,180960,8,fb59317b8103f19f3850f0be3fe62db1aa481a9a7b31c590e6d243e98eacd375,0201000000000000,,,,,False,,,,,,,,,,False,False
/fielddata/script/scr_seq_release.narc,/fielddata/script/scr_seq_release.narc!/member_00736,0,/fielddata/script/scr_seq_release.narc,271,736,,189420,189428,180960,180968,8,fb59317b8103f19f3850f0be3fe62db1aa481a9a7b31c590e6d243e98eacd375,0201000000000000,,,,,False,,,,,,,,,,False,False
/fielddata/script/scr_seq_release.narc,/fielddata/script/scr_seq_release.narc!/member_00737,0,/fielddata/script/scr_seq_release.narc,271,737,,189428,189436,180968,180976,8,8f6c5e3f97dac30229e34665e8a76933efc8e640baa13f24f33296c4eb8a5f7d,0206000000000000,,,,,False,,,,,,,,,,False,False
/fielddata/script/scr_seq_release.narc,/fielddata/script/scr_seq_release.narc!/member_00738,0,/fielddata/script/scr_seq_release.narc,271,738,,189436,189448,180976,180988,12,d6b4c11ff2d545721e2b55166b6f6bb08321f62140262a8ec196d58d670ff2d8,020100000004020000000000,,,,,False,,,,,,,,,,False,False
/fielddata/script/scr_seq_release.narc,/fielddata/script/scr_seq_release.narc!/member_00739,0,/fielddata/script/scr_seq_release.narc,271,739,,189448,189456,180988,180996,8,fb59317b8103f19f3850f0be3fe62db1aa481a9a7b31c590e6d243e98eacd375,0201000000000000,,,,,False,,,,,,,,,,False,False
/fielddata/script/scr_seq_release.narc,/fielddata/script/scr_seq_release.narc!/member_00740,0,/fielddata/script/scr_seq_release.narc,271,740,,189456,189460,180996,181000,4,df3f619804a92fdb4057192dc43dd748ea778adc52bc498ce80524c014b81119,00000000,,,,,False,,,,,,,,,,False,False
/fielddata/script/scr_seq_release.narc,/fielddata/script/scr_seq_release.narc!/member_00741,0,/fielddata/script/scr_seq_release.narc,271,741,,189460,189468,181000,181008,8,fb59317b8103f19f3850f0be3fe62db1aa481a9a7b31c590e6d243e98eacd375,0201000000000000,,,,,False,,,,,,,,,,False,False
/fielddata/script/scr_seq_release.narc,/fielddata/script/scr_seq_release.narc!/member_00742,0,/fielddata/script/scr_seq_release.narc,271,742,,189468,189476,181008,181016,8,fb59317b8103f19f3850f0be3fe62db1aa481a9a7b31c590e6d243e98eacd375,0201000000000000,,,,,False,,,,,,,,,,False,False
/fielddata/script/scr_seq_release.narc,/fielddata/script/scr_seq_release.narc!/member_00743,0,/fielddata/script/scr_seq_release.narc,271,743,,189476,189488,181016,181028,12,408a2ead2c7be3a43c38f619af21b4394678b30fefff9e1357ccd73599a77c92,020500000004010000000000,,,,,False,,,,,,,,,,False,False
/fielddata/script/scr_seq_release.narc,/fielddata/script/scr_seq_release.narc!/member_00744,0,/fielddata/script/scr_seq_release.narc,271,744,,189488,189496,181028,181036,8,fb59317b8103f19f3850f0be3fe62db1aa481a9a7b31c590e6d243e98eacd375,0201000000000000,,,,,False,,,,,,,,,,False,False
/fielddata/script/scr_seq_release.narc,/fielddata/script/scr_seq_release.narc!/member_00745,0,/fielddata/script/scr_seq_release.narc,271,745,,189496,189504,181036,181044,8,fb59317b8103f19f3850f0be3fe62db1aa481a9a7b31c590e6d243e98eacd375,0201000000000000,,,,,False,,,,,,,,,,False,False
/fielddata/script/scr_seq_release.narc,/fielddata/script/scr_seq_release.narc!/member_00746,0,/fielddata/script/scr_seq_release.narc,271,746,,189504,189512,181044,181052,8,fb59317b8103f19f3850f0be3fe62db1aa481a9a7b31c590e6d243e98eacd375,0201000000000000,,,,,False,,,,,,,,,,False,False
/fielddata/script/scr_seq_release.narc,/fielddata/script/scr_seq_release.narc!/member_00747,0,/fielddata/script/scr_seq_release.narc,271,747,,189512,189520,181052,181060,8,fb59317b8103f19f3850f0be3fe62db1aa481a9a7b31c590e6d243e98eacd375,0201000000000000,,,,,False,,,,,,,,,,False,False
/fielddata/script/scr_seq_release.narc,/fielddata/script/scr_seq_release.narc!/member_00748,0,/fielddata/script/scr_seq_release.narc,271,748,,189520,189528,181060,181068,8,fb59317b8103f19f3850f0be3fe62db1aa481a9a7b31c590e6d243e98eacd375,0201000000000000,,,,,False,,,,,,,,,,False,False
/fielddata/script/scr_seq_release.narc,/fielddata/script/scr_seq_release.narc!/member_00749,0,/fielddata/script/scr_seq_release.narc,271,749,,189528,189536,181068,181076,8,fb59317b8103f19f3850f0be3fe62db1aa481a9a7b31c590e6d243e98eacd375,0201000000000000,,,,,False,,,,,,,,,,False,False
/fielddata/script/scr_seq_release.narc,/fielddata/script/scr_seq_release.narc!/member_00750,0,/fielddata/script/scr_seq_release.narc,271,750,,189536,189544,181076,181084,8,fb59317b8103f19f3850f0be3fe62db1aa481a9a7b31c590e6d243e98eacd375,0201000000000000,,,,,False,,,,,,,,,,False,False
/fielddata/script/scr_seq_release.narc,/fielddata/script/scr_seq_release.narc!/member_00751,0,/fielddata/script/scr_seq_release.narc,271,751,,189544,189552,181084,181092,8,fb59317b8103f19f3850f0be3fe62db1aa481a9a7b31c590e6d243e98eacd375,0201000000000000,,,,,False,,,,,,,,,,False,False
/fielddata/script/scr_seq_release.narc,/fielddata/script/scr_seq_release.narc!/member_00752,0,/fielddata/script/scr_seq_release.narc,271,752,,189552,189560,181092,181100,8,fb59317b8103f19f3850f0be3fe62db1aa481a9a7b31c590e6d243e98eacd375,0201000000000000,,,,,False,,,,,,,,,,False,False
/fielddata/script/scr_seq_release.narc,/fielddata/script/scr_seq_release.narc!/member_00753,0,/fielddata/script/scr_seq_release.narc,271,753,,189560,189568,181100,181108,8,fb59317b8103f19f3850f0be3fe62db1aa481a9a7b31c590e6d243e98eacd375,0201000000000000,,,,,False,,,,,,,,,,False,False
/fielddata/script/scr_seq_release.narc,/fielddata/script/scr_seq_release.narc!/member_00754,0,/fielddata/script/scr_seq_release.narc,271,754,,189568,189576,181108,181116,8,fb59317b8103f19f3850f0be3fe62db1aa481a9a7b31c590e6d243e98eacd375,0201000000000000,,,,,False,,,,,,,,,,False,False
/fielddata/script/scr_seq_release.narc,/fielddata/script/scr_seq_release.narc!/member_00755,0,/fielddata/script/scr_seq_release.narc,271,755,,189576,189584,181116,181124,8,fb59317b8103f19f3850f0be3fe62db1aa481a9a7b31c590e6d243e98eacd375,0201000000000000,,,,,False,,,,,,,,,,False,False
/fielddata/script/scr_seq_release.narc,/fielddata/script/scr_seq_release.narc!/member_00756,0,/fielddata/script/scr_seq_release.narc,271,756,,189584,189592,181124,181132,8,fb59317b8103f19f3850f0be3fe62db1aa481a9a7b31c590e6d243e98eacd375,0201000000000000,,,,,False,,,,,,,,,,False,False
/fielddata/script/scr_seq_release.narc,/fielddata/script/scr_seq_release.narc!/member_00757,0,/fielddata/script/scr_seq_release.narc,271,757,,189592,189600,181132,181140,8,fb59317b8103f19f3850f0be3fe62db1aa481a9a7b31c590e6d243e98eacd375,0201000000000000,,,,,False,,,,,,,,,,False,False
/fielddata/script/scr_seq_release.narc,/fielddata/script/scr_seq_release.narc!/member_00758,0,/fielddata/script/scr_seq_release.narc,271,758,,189600,189608,181140,181148,8,fb59317b8103f19f3850f0be3fe62db1aa481a9a7b31c590e6d243e98eacd375,0201000000000000,,,,,False,,,,,,,,,,False,False
/fielddata/script/scr_seq_release.narc,/fielddata/script/scr_seq_release.narc!/member_00759,0,/fielddata/script/scr_seq_release.narc,271,759,,189608,189616,181148,181156,8,fb59317b8103f19f3850f0be3fe62db1aa481a9a7b31c590e6d243e98eacd375,0201000000000000,,,,,False,,,,,,,,,,False,False
/fielddata/script/scr_seq_release.narc,/fielddata/script/scr_seq_release.narc!/member_00760,0,/fielddata/script/scr_seq_release.narc,271,760,,189616,189624,181156,181164,8,fb59317b8103f19f3850f0be3fe62db1aa481a9a7b31c590e6d243e98eacd375,0201000000000000,,,,,False,,,,,,,,,,False,False
/fielddata/script/scr_seq_release.narc,/fielddata/script/scr_seq_release.narc!/member_00761,0,/fielddata/script/scr_seq_release.narc,271,761,,189624,189632,181164,181172,8,fb59317b8103f19f3850f0be3fe62db1aa481a9a7b31c590e6d243e98eacd375,0201000000000000,,,,,False,,,,,,,,,,False,False
/fielddata/script/scr_seq_release.narc,/fielddata/script/scr_seq_release.narc!/member_00762,0,/fielddata/script/scr_seq_release.narc,271,762,,189632,189644,181172,181184,12,d6b4c11ff2d545721e2b55166b6f6bb08321f62140262a8ec196d58d670ff2d8,020100000004020000000000,,,,,False,,,,,,,,,,False,False
/fielddata/script/scr_seq_release.narc,/fielddata/script/scr_seq_release.narc!/member_00763,0,/fielddata/script/scr_seq_release.narc,271,763,,189644,189648,181184,181188,4,df3f619804a92fdb4057192dc43dd748ea778adc52bc498ce80524c014b81119,00000000,,,,,False,,,,,,,,,,False,False
/fielddata/script/scr_seq_release.narc,/fielddata/script/scr_seq_release.narc!/member_00764,0,/fielddata/script/scr_seq_release.narc,271,764,,189648,189656,181188,181196,8,fb59317b8103f19f3850f0be3fe62db1aa481a9a7b31c590e6d243e98eacd375,0201000000000000,,,,,False,,,,,,,,,,False,False
/fielddata/script/scr_seq_release.narc,/fielddata/script/scr_seq_release.narc!/member_00765,0,/fielddata/script/scr_seq_release.narc,271,765,,189656,189660,181196,181200,4,df3f619804a92fdb4057192dc43dd748ea778adc52bc498ce80524c014b81119,00000000,,,,,False,,,,,,,,,,False,False
/fielddata/script/scr_seq_release.narc,/fielddata/script/scr_seq_release.narc!/member_00766,0,/fielddata/script/scr_seq_release.narc,271,766,,189660,189664,181200,181204,4,df3f619804a92fdb4057192dc43dd748ea778adc52bc498ce80524c014b81119,00000000,,,,,False,,,,,,,,,,False,False
/fielddata/script/scr_seq_release.narc,/fielddata/script/scr_seq_release.narc!/member_00767,0,/fielddata/script/scr_seq_release.narc,271,767,,189664,189668,181204,181208,4,df3f619804a92fdb4057192dc43dd748ea778adc52bc498ce80524c014b81119,00000000,,,,,False,,,,,,,,,,False,False
/fielddata/script/scr_seq_release.narc,/fielddata/script/scr_seq_release.narc!/member_00768,0,/fielddata/script/scr_seq_release.narc,271,768,,189668,189672,181208,181212,4,df3f619804a92fdb4057192dc43dd748ea778adc52bc498ce80524c014b81119,00000000,,,,,False,,,,,,,,,,False,False
/fielddata/script/scr_seq_release.narc,/fielddata/script/scr_seq_release.narc!/member_00769,0,/fielddata/script/scr_seq_release.narc,271,769,,189672,189680,181212,181220,8,d080319e19d938493a9c79f7e4407ccd23f555b9771ad0d5692a13ad06097ed3,0401000000000000,,,,,False,,,,,,,,,,False,False
/fielddata/script/scr_seq_release.narc,/fielddata/script/scr_seq_release.narc!/member_00770,0,/fielddata/script/scr_seq_release.narc,271,770,,189680,189688,181220,181228,8,fb59317b8103f19f3850f0be3fe62db1aa481a9a7b31c590e6d243e98eacd375,0201000000000000,,,,,False,,,,,,,,,,False,False
/fielddata/script/scr_seq_release.narc,/fielddata/script/scr_seq_release.narc!/member_00771,0,/fielddata/script/scr_seq_release.narc,271,771,,189688,189692,181228,181232,4,df3f619804a92fdb4057192dc43dd748ea778adc52bc498ce80524c014b81119,00000000,,,,,False,,,,,,,,,,False,False
/fielddata/script/scr_seq_release.narc,/fielddata/script/scr_seq_release.narc!/member_00772,0,/fielddata/script/scr_seq_release.narc,271,772,,189692,189700,181232,181240,8,fb59317b8103f19f3850f0be3fe62db1aa481a9a7b31c590e6d243e98eacd375,0201000000000000,,,,,False,,,,,,,,,,False,False
/fielddata/script/scr_seq_release.narc,/fielddata/script/scr_seq_release.narc!/member_00773,0,/fielddata/script/scr_seq_release.narc,271,773,,189700,189704,181240,181244,4,df3f619804a92fdb4057192dc43dd748ea778adc52bc498ce80524c014b81119,00000000,,,,,False,,,,,,,,,,False,False
/fielddata/script/scr_seq_release.narc,/fielddata/script/scr_seq_release.narc!/member_00774,0,/fielddata/script/scr_seq_release.narc,271,774,,189704,189708,181244,181248,4,df3f619804a92fdb4057192dc43dd748ea778adc52bc498ce80524c014b81119,00000000,,,,,False,,,,,,,,,,False,False
/fielddata/script/scr_seq_release.narc,/fielddata/script/scr_seq_release.narc!/member_00775,0,/fielddata/script/scr_seq_release.narc,271,775,,189708,189716,181248,181256,8,fb59317b8103f19f3850f0be3fe62db1aa481a9a7b31c590e6d243e98eacd375,0201000000000000,,,,,False,,,,,,,,,,False,False
/fielddata/script/scr_seq_release.narc,/fielddata/script/scr_seq_release.narc!/member_00776,0,/fielddata/script/scr_seq_release.narc,271,776,,189716,189724,181256,181264,8,fb59317b8103f19f3850f0be3fe62db1aa481a9a7b31c590e6d243e98eacd375,0201000000000000,,,,,False,,,,,,,,,,False,False
/fielddata/script/scr_seq_release.narc,/fielddata/script/scr_seq_release.narc!/member_00777,0,/fielddata/script/scr_seq_release.narc,271,777,,189724,189732,181264,181272,8,fb59317b8103f19f3850f0be3fe62db1aa481a9a7b31c590e6d243e98eacd375,0201000000000000,,,,,False,,,,,,,,,,False,False
/fielddata/script/scr_seq_release.narc,/fielddata/script/scr_seq_release.narc!/member_00778,0,/fielddata/script/scr_seq_release.narc,271,778,,189732,189736,181272,181276,4,df3f619804a92fdb4057192dc43dd748ea778adc52bc498ce80524c014b81119,00000000,,,,,False,,,,,,,,,,False,False
/fielddata/script/scr_seq_release.narc,/fielddata/script/scr_seq_release.narc!/member_00779,0,/fielddata/script/scr_seq_release.narc,271,779,,189736,189744,181276,181284,8,fb59317b8103f19f3850f0be3fe62db1aa481a9a7b31c590e6d243e98eacd375,0201000000000000,,,,,False,,,,,,,,,,False,False
/fielddata/script/scr_seq_release.narc,/fielddata/script/scr_seq_release.narc!/member_00780,0,/fielddata/script/scr_seq_release.narc,271,780,,189744,189748,181284,181288,4,df3f619804a92fdb4057192dc43dd748ea778adc52bc498ce80524c014b81119,00000000,,,,,False,,,,,,,,,,False,False
/fielddata/script/scr_seq_release.narc,/fielddata/script/scr_seq_release.narc!/member_00781,0,/fielddata/script/scr_seq_release.narc,271,781,,189748,189756,181288,181296,8,fb59317b8103f19f3850f0be3fe62db1aa481a9a7b31c590e6d243e98eacd375,0201000000000000,,,,,False,,,,,,,,,,False,False
/fielddata/script/scr_seq_release.narc,/fielddata/script/scr_seq_release.narc!/member_00782,0,/fielddata/script/scr_seq_release.narc,271,782,,189756,189764,181296,181304,8,fb59317b8103f19f3850f0be3fe62db1aa481a9a7b31c590e6d243e98eacd375,0201000000000000,,,,,False,,,,,,,,,,False,False
/fielddata/script/scr_seq_release.narc,/fielddata/script/scr_seq_release.narc!/member_00783,0,/fielddata/script/scr_seq_release.narc,271,783,,189764,189772,181304,181312,8,fb59317b8103f19f3850f0be3fe62db1aa481a9a7b31c590e6d243e98eacd375,0201000000000000,,,,,False,,,,,,,,,,False,False
/fielddata/script/scr_seq_release.narc,/fielddata/script/scr_seq_release.narc!/member_00784,0,/fielddata/script/scr_seq_release.narc,271,784,,189772,189780,181312,181320,8,fb59317b8103f19f3850f0be3fe62db1aa481a9a7b31c590e6d243e98eacd375,0201000000000000,,,,,False,,,,,,,,,,False,False
/fielddata/script/scr_seq_release.narc,/fielddata/script/scr_seq_release.narc!/member_00785,0,/fielddata/script/scr_seq_release.narc,271,785,,189780,189800,181320,181340,20,0e66bc64f2b6ebad05dca64e120585160b3e98a37cadddb514d32ddbbdd6c372,02010000000101000000001041010002,,,,,False,,,,,,,,,,False,False
/fielddata/script/scr_seq_release.narc,/fielddata/script/scr_seq_release.narc!/member_00786,0,/fielddata/script/scr_seq_release.narc,271,786,,189800,189804,181340,181344,4,df3f619804a92fdb4057192dc43dd748ea778adc52bc498ce80524c014b81119,00000000,,,,,False,,,,,,,,,,False,False
/fielddata/script/scr_seq_release.narc,/fielddata/script/scr_seq_release.narc!/member_00787,0,/fielddata/script/scr_seq_release.narc,271,787,,189804,189808,181344,181348,4,df3f619804a92fdb4057192dc43dd748ea778adc52bc498ce80524c014b81119,00000000,,,,,False,,,,,,,,,,False,False
/fielddata/script/scr_seq_release.narc,/fielddata/script/scr_seq_release.narc!/member_00788,0,/fielddata/script/scr_seq_release.narc,271,788,,189808,189812,181348,181352,4,df3f619804a92fdb4057192dc43dd748ea778adc52bc498ce80524c014b81119,00000000,,,,,False,,,,,,,,,,False,False
/fielddata/script/scr_seq_release.narc,/fielddata/script/scr_seq_release.narc!/member_00789,0,/fielddata/script/scr_seq_release.narc,271,789,,189812,189816,181352,181356,4,df3f619804a92fdb4057192dc43dd748ea778adc52bc498ce80524c014b81119,00000000,,,,,False,,,,,,,,,,False,False
/fielddata/script/scr_seq_release.narc,/fielddata/script/scr_seq_release.narc!/member_00790,0,/fielddata/script/scr_seq_release.narc,271,790,,189816,189820,181356,181360,4,df3f619804a92fdb4057192dc43dd748ea778adc52bc498ce80524c014b81119,00000000,,,,,False,,,,,,,,,,False,False
/fielddata/script/scr_seq_release.narc,/fielddata/script/scr_seq_release.narc!/member_00791,0,/fielddata/script/scr_seq_release.narc,271,791,,189820,189840,181360,181380,20,ee96e44e6b4035a100875aa585ddb0c8e9c04b0994cccfb6990318a68078de22,02010000000101000000001141010002,,,,,False,,,,,,,,,,False,False
/fielddata/script/scr_seq_release.narc,/fielddata/script/scr_seq_release.narc!/member_00792,0,/fielddata/script/scr_seq_release.narc,271,792,,189840,189844,181380,181384,4,df3f619804a92fdb4057192dc43dd748ea778adc52bc498ce80524c014b81119,00000000,,,,,False,,,,,,,,,,False,False
/fielddata/script/scr_seq_release.narc,/fielddata/script/scr_seq_release.narc!/member_00793,0,/fielddata/script/scr_seq_release.narc,271,793,,189844,189852,181384,181392,8,fb59317b8103f19f3850f0be3fe62db1aa481a9a7b31c590e6d243e98eacd375,0201000000000000,,,,,False,,,,,,,,,,False,False
/fielddata/script/scr_seq_release.narc,/fielddata/script/scr_seq_release.narc!/member_00794,0,/fielddata/script/scr_seq_release.narc,271,794,,189852,189856,181392,181396,4,df3f619804a92fdb4057192dc43dd748ea778adc52bc498ce80524c014b81119,00000000,,,,,False,,,,,,,,,,False,False
/fielddata/script/scr_seq_release.narc,/fielddata/script/scr_seq_release.narc!/member_00795,0,/fielddata/script/scr_seq_release.narc,271,795,,189856,189860,181396,181400,4,df3f619804a92fdb4057192dc43dd748ea778adc52bc498ce80524c014b81119,00000000,,,,,False,,,,,,,,,,False,False
/fielddata/script/scr_seq_release.narc,/fielddata/script/scr_seq_release.narc!/member_00796,0,/fielddata/script/scr_seq_release.narc,271,796,,189860,189864,181400,181404,4,df3f619804a92fdb4057192dc43dd748ea778adc52bc498ce80524c014b81119,00000000,,,,,False,,,,,,,,,,False,False
/fielddata/script/scr_seq_release.narc,/fielddata/script/scr_seq_release.narc!/member_00797,0,/fielddata/script/scr_seq_release.narc,271,797,,189864,189868,181404,181408,4,df3f619804a92fdb4057192dc43dd748ea778adc52bc498ce80524c014b81119,00000000,,,,,False,,,,,,,,,,False,False
/fielddata/script/scr_seq_release.narc,/fielddata/script/scr_seq_release.narc!/member_00798,0,/fielddata/script/scr_seq_release.narc,271,798,,189868,189872,181408,181412,4,df3f619804a92fdb4057192dc43dd748ea778adc52bc498ce80524c014b81119,00000000,,,,,False,,,,,,,,,,False,False
/fielddata/script/scr_seq_release.narc,/fielddata/script/scr_seq_release.narc!/member_00799,0,/fielddata/script/scr_seq_release.narc,271,799,,189872,189884,181412,181424,12,0972cc7961c7a0c41820dec24c22a353f6ca08f2d820931a754682c4dd33fbde,020100000003020000000000,,,,,False,,,,,,,,,,False,False
/fielddata/script/scr_seq_release.narc,/fielddata/script/scr_seq_release.narc!/member_00800,0,/fielddata/script/scr_seq_release.narc,271,800,,189884,189888,181424,181428,4,df3f619804a92fdb4057192dc43dd748ea778adc52bc498ce80524c014b81119,00000000,,,,,False,,,,,,,,,,False,False
/fielddata/script/scr_seq_release.narc,/fielddata/script/scr_seq_release.narc!/member_00801,0,/fielddata/script/scr_seq_release.narc,271,801,,189888,189896,181428,181436,8,fb59317b8103f19f3850f0be3fe62db1aa481a9a7b31c590e6d243e98eacd375,0201000000000000,,,,,False,,,,,,,,,,False,False
/fielddata/script/scr_seq_release.narc,/fielddata/script/scr_seq_release.narc!/member_00802,0,/fielddata/script/scr_seq_release.narc,271,802,,189896,189920,181436,181460,24,9d3a4e476dabc3a3b9a846021d1a3f006e51029e5487ecc40cea83a980ffd7ff,02010000000402000000010100000000,,,,,False,,,,,,,,,,False,False
/fielddata/script/scr_seq_release.narc,/fielddata/script/scr_seq_release.narc!/member_00803,0,/fielddata/script/scr_seq_release.narc,271,803,,189920,189944,181460,181484,24,e57f8360e317c205b1ded431af810bad6cecfdce71f444b9249d3a9fe17ad97f,02010000000402000000010100000000,,,,,False,,,,,,,,,,False,False
/fielddata/script/scr_seq_release.narc,/fielddata/script/scr_seq_release.narc!/member_00804,0,/fielddata/script/scr_seq_release.narc,271,804,,189944,189952,181484,181492,8,fb59317b8103f19f3850f0be3fe62db1aa481a9a7b31c590e6d243e98eacd375,0201000000000000,,,,,False,,,,,,,,,,False,False
/fielddata/script/scr_seq_release.narc,/fielddata/script/scr_seq_release.narc!/member_00805,0,/fielddata/script/scr_seq_release.narc,271,805,,189952,189960,181492,181500,8,fb59317b8103f19f3850f0be3fe62db1aa481a9a7b31c590e6d243e98eacd375,0201000000000000,,,,,False,,,,,,,,,,False,False
/fielddata/script/scr_seq_release.narc,/fielddata/script/scr_seq_release.narc!/member_00806,0,/fielddata/script/scr_seq_release.narc,271,806,,189960,189964,181500,181504,4,df3f619804a92fdb4057192dc43dd748ea778adc52bc498ce80524c014b81119,00000000,,,,,False,,,,,,,,,,False,False
/fielddata/script/scr_seq_release.narc,/fielddata/script/scr_seq_release.narc!/member_00807,0,/fielddata/script/scr_seq_release.narc,271,807,,189964,189968,181504,181508,4,df3f619804a92fdb4057192dc43dd748ea778adc52bc498ce80524c014b81119,00000000,,,,,False,,,,,,,,,,False,False
/fielddata/script/scr_seq_release.narc,/fielddata/script/scr_seq_release.narc!/member_00808,0,/fielddata/script/scr_seq_release.narc,271,808,,189968,189980,181508,181520,12,d6b4c11ff2d545721e2b55166b6f6bb08321f62140262a8ec196d58d670ff2d8,020100000004020000000000,,,,,False,,,,,,,,,,False,False
/fielddata/script/scr_seq_release.narc,/fielddata/script/scr_seq_release.narc!/member_00809,0,/fielddata/script/scr_seq_release.narc,271,809,,189980,189988,181520,181528,8,fb59317b8103f19f3850f0be3fe62db1aa481a9a7b31c590e6d243e98eacd375,0201000000000000,,,,,False,,,,,,,,,,False,False
/fielddata/script/scr_seq_release.narc,/fielddata/script/scr_seq_release.narc!/member_00810,0,/fielddata/script/scr_seq_release.narc,271,810,,189988,189992,181528,181532,4,df3f619804a92fdb4057192dc43dd748ea778adc52bc498ce80524c014b81119,00000000,,,,,False,,,,,,,,,,False,False
/fielddata/script/scr_seq_release.narc,/fielddata/script/scr_seq_release.narc!/member_00811,0,/fielddata/script/scr_seq_release.narc,271,811,,189992,190008,181532,181548,16,faf8051ee5517b81235219d9e508abab0486a9c5f517a8874bede7dd53472aea,010100000000d3400100010000000000,,,,,False,,,,,,,,,,False,False
/fielddata/script/scr_seq_release.narc,/fielddata/script/scr_seq_release.narc!/member_00812,0,/fielddata/script/scr_seq_release.narc,271,812,,190008,190020,181548,181560,12,d6b4c11ff2d545721e2b55166b6f6bb08321f62140262a8ec196d58d670ff2d8,020100000004020000000000,,,,,False,,,,,,,,,,False,False
/fielddata/script/scr_seq_release.narc,/fielddata/script/scr_seq_release.narc!/member_00813,0,/fielddata/script/scr_seq_release.narc,271,813,,190020,190028,181560,181568,8,fb59317b8103f19f3850f0be3fe62db1aa481a9a7b31c590e6d243e98eacd375,0201000000000000,,,,,False,,,,,,,,,,False,False
/fielddata/script/scr_seq_release.narc,/fielddata/script/scr_seq_release.narc!/member_00814,0,/fielddata/script/scr_seq_release.narc,271,814,,190028,190040,181568,181580,12,d6b4c11ff2d545721e2b55166b6f6bb08321f62140262a8ec196d58d670ff2d8,020100000004020000000000,,,,,False,,,,,,,,,,False,False
/fielddata/script/scr_seq_release.narc,/fielddata/script/scr_seq_release.narc!/member_00815,0,/fielddata/script/scr_seq_release.narc,271,815,,190040,190044,181580,181584,4,df3f619804a92fdb4057192dc43dd748ea778adc52bc498ce80524c014b81119,00000000,,,,,False,,,,,,,,,,False,False
/fielddata/script/scr_seq_release.narc,/fielddata/script/scr_seq_release.narc!/member_00816,0,/fielddata/script/scr_seq_release.narc,271,816,,190044,190048,181584,181588,4,df3f619804a92fdb4057192dc43dd748ea778adc52bc498ce80524c014b81119,00000000,,,,,False,,,,,,,,,,False,False
/fielddata/script/scr_seq_release.narc,/fielddata/script/scr_seq_release.narc!/member_00817,0,/fielddata/script/scr_seq_release.narc,271,817,,190048,190052,181588,181592,4,df3f619804a92fdb4057192dc43dd748ea778adc52bc498ce80524c014b81119,00000000,,,,,False,,,,,,,,,,False,False
/fielddata/script/scr_seq_release.narc,/fielddata/script/scr_seq_release.narc!/member_00818,0,/fielddata/script/scr_seq_release.narc,271,818,,190052,190096,181592,181636,44,516724295f2acc19559e6144c430041c5b1db1851aebfefc8ccba96d0bae4365,02160000000317000000010100000000,,,,,False,,,,,,,,,,False,False
/fielddata/script/scr_seq_release.narc,/fielddata/script/scr_seq_release.narc!/member_00819,0,/fielddata/script/scr_seq_release.narc,271,819,,190096,190128,181636,181668,32,a1a067275c4afd74d4ac7bdff116cc806970a095f205162269dd7256e2b5f708,0201000000010100000000db40010002,,,,,False,,,,,,,,,,False,False
/fielddata/script/scr_seq_release.narc,/fielddata/script/scr_seq_release.narc!/member_00820,0,/fielddata/script/scr_seq_release.narc,271,820,,190128,190152,181668,181692,24,981ff6572011cef304e04807502bb9ee295b00023804d277e0524035cf93d97e,02010000000302000000010100000000,,,,,False,,,,,,,,,,False,False
/fielddata/script/scr_seq_release.narc,/fielddata/script/scr_seq_release.narc!/member_00821,0,/fielddata/script/scr_seq_release.narc,271,821,,190152,190176,181692,181716,24,bbde9db6503093dd2f64af4e49294bf4ab66fed3b5063f1a7cb5d3048255e6b9,02010000000302000000010100000000,,,,,False,,,,,,,,,,False,False
/fielddata/script/scr_seq_release.narc,/fielddata/script/scr_seq_release.narc!/member_00822,0,/fielddata/script/scr_seq_release.narc,271,822,,190176,190208,181716,181748,32,40ba7a3d50e25d4921a58e0493be46474c0b4d61476a4daaaf340dfc38143c57,02010000000305000000010100000000,,,,,False,,,,,,,,,,False,False
/fielddata/script/scr_seq_release.narc,/fielddata/script/scr_seq_release.narc!/member_00823,0,/fielddata/script/scr_seq_release.narc,271,823,,190208,190240,181748,181780,32,12b7165e0770dd349ddad84bf2d381ffffab84a73c3c271c32f4bf49ce374f23,02010000000302000000010100000000,,,,,False,,,,,,,,,,False,False
/fielddata/script/scr_seq_release.narc,/fielddata/script/scr_seq_release.narc!/member_00824,0,/fielddata/script/scr_seq_release.narc,271,824,,190240,190272,181780,181812,32,1e8316fe4597c55d65f2897ac6cd823ff5b840ff3925b9d342b11f06ea0ee411,02070000000308000000010100000000,,,,,False,,,,,,,,,,False,False
/fielddata/script/scr_seq_release.narc,/fielddata/script/scr_seq_release.narc!/member_00825,0,/fielddata/script/scr_seq_release.narc,271,825,,190272,190280,181812,181820,8,fb59317b8103f19f3850f0be3fe62db1aa481a9a7b31c590e6d243e98eacd375,0201000000000000,,,,,False,,,,,,,,,,False,False
/fielddata/script/scr_seq_release.narc,/fielddata/script/scr_seq_release.narc!/member_00826,0,/fielddata/script/scr_seq_release.narc,271,826,,190280,190288,181820,181828,8,fb59317b8103f19f3850f0be3fe62db1aa481a9a7b31c590e6d243e98eacd375,0201000000000000,,,,,False,,,,,,,,,,False,False
/fielddata/script/scr_seq_release.narc,/fielddata/script/scr_seq_release.narc!/member_00827,0,/fielddata/script/scr_seq_release.narc,271,827,,190288,190292,181828,181832,4,df3f619804a92fdb4057192dc43dd748ea778adc52bc498ce80524c014b81119,00000000,,,,,False,,,,,,,,,,False,False
/fielddata/script/scr_seq_release.narc,/fielddata/script/scr_seq_release.narc!/member_00828,0,/fielddata/script/scr_seq_release.narc,271,828,,190292,190296,181832,181836,4,df3f619804a92fdb4057192dc43dd748ea778adc52bc498ce80524c014b81119,00000000,,,,,False,,,,,,,,,,False,False
/fielddata/script/scr_seq_release.narc,/fielddata/script/scr_seq_release.narc!/member_00829,0,/fielddata/script/scr_seq_release.narc,271,829,,190296,190320,181836,181860,24,d5257ffa4f7b443ff24cb4049490c8da61e6d44271a52a2bdbb2ecf643caf29c,04010000000202000000010100000000,,,,,False,,,,,,,,,,False,False
/fielddata/script/scr_seq_release.narc,/fielddata/script/scr_seq_release.narc!/member_00830,0,/fielddata/script/scr_seq_release.narc,271,830,,190320,190324,181860,181864,4,df3f619804a92fdb4057192dc43dd748ea778adc52bc498ce80524c014b81119,00000000,,,,,False,,,,,,,,,,False,False
/fielddata/script/scr_seq_release.narc,/fielddata/script/scr_seq_release.narc!/member_00831,0,/fielddata/script/scr_seq_release.narc,271,831,,190324,190336,181864,181876,12,b4de451cd023ef1d729f46c0e1365d5f958d6604cbb9c969b82f6d9b1d53d898,040200000002010000000000,,,,,False,,,,,,,,,,False,False
/fielddata/script/scr_seq_release.narc,/fielddata/script/scr_seq_release.narc!/member_00832,0,/fielddata/script/scr_seq_release.narc,271,832,,190336,190356,181876,181896,20,0e63c1a753d2311060e6ee08963763c759630a07a045fad14ade771e7f624eaa,02020000000101000000000441010003,,,,,False,,,,,,,,,,False,False
/fielddata/script/scr_seq_release.narc,/fielddata/script/scr_seq_release.narc!/member_00833,0,/fielddata/script/scr_seq_release.narc,271,833,,190356,190360,181896,181900,4,df3f619804a92fdb4057192dc43dd748ea778adc52bc498ce80524c014b81119,00000000,,,,,False,,,,,,,,,,False,False
/fielddata/script/scr_seq_release.narc,/fielddata/script/scr_seq_release.narc!/member_00834,0,/fielddata/script/scr_seq_release.narc,271,834,,190360,190364,181900,181904,4,df3f619804a92fdb4057192dc43dd748ea778adc52bc498ce80524c014b81119,00000000,,,,,False,,,,,,,,,,False,False
/fielddata/script/scr_seq_release.narc,/fielddata/script/scr_seq_release.narc!/member_00835,0,/fielddata/script/scr_seq_release.narc,271,835,,190364,190376,181904,181916,12,b4de451cd023ef1d729f46c0e1365d5f958d6604cbb9c969b82f6d9b1d53d898,040200000002010000000000,,,,,False,,,,,,,,,,False,False
/fielddata/script/scr_seq_release.narc,/fielddata/script/scr_seq_release.narc!/member_00836,0,/fielddata/script/scr_seq_release.narc,271,836,,190376,190380,181916,181920,4,df3f619804a92fdb4057192dc43dd748ea778adc52bc498ce80524c014b81119,00000000,,,,,False,,,,,,,,,,False,False
/fielddata/script/scr_seq_release.narc,/fielddata/script/scr_seq_release.narc!/member_00837,0,/fielddata/script/scr_seq_release.narc,271,837,,190380,190388,181920,181928,8,fb59317b8103f19f3850f0be3fe62db1aa481a9a7b31c590e6d243e98eacd375,0201000000000000,,,,,False,,,,,,,,,,False,False
/fielddata/script/scr_seq_release.narc,/fielddata/script/scr_seq_release.narc!/member_00838,0,/fielddata/script/scr_seq_release.narc,271,838,,190388,190396,181928,181936,8,fb59317b8103f19f3850f0be3fe62db1aa481a9a7b31c590e6d243e98eacd375,0201000000000000,,,,,False,,,,,,,,,,False,False
/fielddata/script/scr_seq_release.narc,/fielddata/script/scr_seq_release.narc!/member_00839,0,/fielddata/script/scr_seq_release.narc,271,839,,190396,190400,181936,181940,4,df3f619804a92fdb4057192dc43dd748ea778adc52bc498ce80524c014b81119,00000000,,,,,False,,,,,,,,,,False,False
/fielddata/script/scr_seq_release.narc,/fielddata/script/scr_seq_release.narc!/member_00840,0,/fielddata/script/scr_seq_release.narc,271,840,,190400,190404,181940,181944,4,df3f619804a92fdb4057192dc43dd748ea778adc52bc498ce80524c014b81119,00000000,,,,,False,,,,,,,,,,False,False
/fielddata/script/scr_seq_release.narc,/fielddata/script/scr_seq_release.narc!/member_00841,0,/fielddata/script/scr_seq_release.narc,271,841,,190404,190408,181944,181948,4,df3f619804a92fdb4057192dc43dd748ea778adc52bc498ce80524c014b81119,00000000,,,,,False,,,,,,,,,,False,False
/fielddata/script/scr_seq_release.narc,/fielddata/script/scr_seq_release.narc!/member_00842,0,/fielddata/script/scr_seq_release.narc,271,842,,190408,190416,181948,181956,8,fb59317b8103f19f3850f0be3fe62db1aa481a9a7b31c590e6d243e98eacd375,0201000000000000,,,,,False,,,,,,,,,,False,False
/fielddata/script/scr_seq_release.narc,/fielddata/script/scr_seq_release.narc!/member_00843,0,/fielddata/script/scr_seq_release.narc,271,843,,190416,190420,181956,181960,4,df3f619804a92fdb4057192dc43dd748ea778adc52bc498ce80524c014b81119,00000000,,,,,False,,,,,,,,,,False,False
/fielddata/script/scr_seq_release.narc,/fielddata/script/scr_seq_release.narc!/member_00844,0,/fielddata/script/scr_seq_release.narc,271,844,,190420,190424,181960,181964,4,df3f619804a92fdb4057192dc43dd748ea778adc52bc498ce80524c014b81119,00000000,,,,,False,,,,,,,,,,False,False
/fielddata/script/scr_seq_release.narc,/fielddata/script/scr_seq_release.narc!/member_00845,0,/fielddata/script/scr_seq_release.narc,271,845,,190424,190448,181964,181988,24,7fda8bd6326c8d096506508e3c5c9c23947920509f287dc281460a02eef4adf7,03020000000201000000010100000000,,,,,False,,,,,,,,,,False,False
/fielddata/script/scr_seq_release.narc,/fielddata/script/scr_seq_release.narc!/member_00846,0,/fielddata/script/scr_seq_release.narc,271,846,,190448,190456,181988,181996,8,fb59317b8103f19f3850f0be3fe62db1aa481a9a7b31c590e6d243e98eacd375,0201000000000000,,,,,False,,,,,,,,,,False,False
/fielddata/script/scr_seq_release.narc,/fielddata/script/scr_seq_release.narc!/member_00847,0,/fielddata/script/scr_seq_release.narc,271,847,,190456,190460,181996,182000,4,df3f619804a92fdb4057192dc43dd748ea778adc52bc498ce80524c014b81119,00000000,,,,,False,,,,,,,,,,False,False
/fielddata/script/scr_seq_release.narc,/fielddata/script/scr_seq_release.narc!/member_00848,0,/fielddata/script/scr_seq_release.narc,271,848,,190460,190468,182000,182008,8,fb59317b8103f19f3850f0be3fe62db1aa481a9a7b31c590e6d243e98eacd375,0201000000000000,,,,,False,,,,,,,,,,False,False
/fielddata/script/scr_seq_release.narc,/fielddata/script/scr_seq_release.narc!/member_00849,0,/fielddata/script/scr_seq_release.narc,271,849,,190468,190472,182008,182012,4,df3f619804a92fdb4057192dc43dd748ea778adc52bc498ce80524c014b81119,00000000,,,,,False,,,,,,,,,,False,False
/fielddata/script/scr_seq_release.narc,/fielddata/script/scr_seq_release.narc!/member_00850,0,/fielddata/script/scr_seq_release.narc,271,850,,190472,190480,182012,182020,8,fb59317b8103f19f3850f0be3fe62db1aa481a9a7b31c590e6d243e98eacd375,0201000000000000,,,,,False,,,,,,,,,,False,False
/fielddata/script/scr_seq_release.narc,/fielddata/script/scr_seq_release.narc!/member_00851,0,/fielddata/script/scr_seq_release.narc,271,851,,190480,190488,182020,182028,8,53aa3c1e3c40d0c9ed896248a829501c2f97e16634873fcc4bded2aca279ec64,0208000000000000,,,,,False,,,,,,,,,,False,False
/fielddata/script/scr_seq_release.narc,/fielddata/script/scr_seq_release.narc!/member_00852,0,/fielddata/script/scr_seq_release.narc,271,852,,190488,190496,182028,182036,8,fb59317b8103f19f3850f0be3fe62db1aa481a9a7b31c590e6d243e98eacd375,0201000000000000,,,,,False,,,,,,,,,,False,False
/fielddata/script/scr_seq_release.narc,/fielddata/script/scr_seq_release.narc!/member_00853,0,/fielddata/script/scr_seq_release.narc,271,853,,190496,190500,182036,182040,4,df3f619804a92fdb4057192dc43dd748ea778adc52bc498ce80524c014b81119,00000000,,,,,False,,,,,,,,,,False,False
/fielddata/script/scr_seq_release.narc,/fielddata/script/scr_seq_release.narc!/member_00854,0,/fielddata/script/scr_seq_release.narc,271,854,,190500,190504,182040,182044,4,df3f619804a92fdb4057192dc43dd748ea778adc52bc498ce80524c014b81119,00000000,,,,,False,,,,,,,,,,False,False
/fielddata/script/scr_seq_release.narc,/fielddata/script/scr_seq_release.narc!/member_00855,0,/fielddata/script/scr_seq_release.narc,271,855,,190504,190508,182044,182048,4,df3f619804a92fdb4057192dc43dd748ea778adc52bc498ce80524c014b81119,00000000,,,,,False,,,,,,,,,,False,False
/fielddata/script/scr_seq_release.narc,/fielddata/script/scr_seq_release.narc!/member_00856,0,/fielddata/script/scr_seq_release.narc,271,856,,190508,190512,182048,182052,4,df3f619804a92fdb4057192dc43dd748ea778adc52bc498ce80524c014b81119,00000000,,,,,False,,,,,,,,,,False,False
/fielddata/script/scr_seq_release.narc,/fielddata/script/scr_seq_release.narc!/member_00857,0,/fielddata/script/scr_seq_release.narc,271,857,,190512,190520,182052,182060,8,60e37bc937e4e6271f69ff504af3c6a2b66260b1e2d23c1df3c1fb6605680d73,0207000000000000,,,,,False,,,,,,,,,,False,False
/fielddata/script/scr_seq_release.narc,/fielddata/script/scr_seq_release.narc!/member_00858,0,/fielddata/script/scr_seq_release.narc,271,858,,190520,190528,182060,182068,8,fb59317b8103f19f3850f0be3fe62db1aa481a9a7b31c590e6d243e98eacd375,0201000000000000,,,,,False,,,,,,,,,,False,False
/fielddata/script/scr_seq_release.narc,/fielddata/script/scr_seq_release.narc!/member_00859,0,/fielddata/script/scr_seq_release.narc,271,859,,190528,190532,182068,182072,4,df3f619804a92fdb4057192dc43dd748ea778adc52bc498ce80524c014b81119,00000000,,,,,False,,,,,,,,,,False,False
/fielddata/script/scr_seq_release.narc,/fielddata/script/scr_seq_release.narc!/member_00860,0,/fielddata/script/scr_seq_release.narc,271,860,,190532,190540,182072,182080,8,fb59317b8103f19f3850f0be3fe62db1aa481a9a7b31c590e6d243e98eacd375,0201000000000000,,,,,False,,,,,,,,,,False,False
/fielddata/script/scr_seq_release.narc,/fielddata/script/scr_seq_release.narc!/member_00861,0,/fielddata/script/scr_seq_release.narc,271,861,,190540,190544,182080,182084,4,df3f619804a92fdb4057192dc43dd748ea778adc52bc498ce80524c014b81119,00000000,,,,,False,,,,,,,,,,False,False
/fielddata/script/scr_seq_release.narc,/fielddata/script/scr_seq_release.narc!/member_00862,0,/fielddata/script/scr_seq_release.narc,271,862,,190544,190548,182084,182088,4,df3f619804a92fdb4057192dc43dd748ea778adc52bc498ce80524c014b81119,00000000,,,,,False,,,,,,,,,,False,False
/fielddata/script/scr_seq_release.narc,/fielddata/script/scr_seq_release.narc!/member_00863,0,/fielddata/script/scr_seq_release.narc,271,863,,190548,190556,182088,182096,8,3f9b1b74c60090b7af4e05c7046a8bc45dd4d7d70f4ea827080482be89ad15a1,020a000000000000,,,,,False,,,,,,,,,,False,False
/fielddata/script/scr_seq_release.narc,/fielddata/script/scr_seq_release.narc!/member_00864,0,/fielddata/script/scr_seq_release.narc,271,864,,190556,190564,182096,182104,8,fb59317b8103f19f3850f0be3fe62db1aa481a9a7b31c590e6d243e98eacd375,0201000000000000,,,,,False,,,,,,,,,,False,False
/fielddata/script/scr_seq_release.narc,/fielddata/script/scr_seq_release.narc!/member_00865,0,/fielddata/script/scr_seq_release.narc,271,865,,190564,190568,182104,182108,4,df3f619804a92fdb4057192dc43dd748ea778adc52bc498ce80524c014b81119,00000000,,,,,False,,,,,,,,,,False,False
/fielddata/script/scr_seq_release.narc,/fielddata/script/scr_seq_release.narc!/member_00866,0,/fielddata/script/scr_seq_release.narc,271,866,,190568,190576,182108,182116,8,fb59317b8103f19f3850f0be3fe62db1aa481a9a7b31c590e6d243e98eacd375,0201000000000000,,,,,False,,,,,,,,,,False,False
/fielddata/script/scr_seq_release.narc,/fielddata/script/scr_seq_release.narc!/member_00867,0,/fielddata/script/scr_seq_release.narc,271,867,,190576,190584,182116,182124,8,60e37bc937e4e6271f69ff504af3c6a2b66260b1e2d23c1df3c1fb6605680d73,0207000000000000,,,,,False,,,,,,,,,,False,False
/fielddata/script/scr_seq_release.narc,/fielddata/script/scr_seq_release.narc!/member_00868,0,/fielddata/script/scr_seq_release.narc,271,868,,190584,190592,182124,182132,8,fb59317b8103f19f3850f0be3fe62db1aa481a9a7b31c590e6d243e98eacd375,0201000000000000,,,,,False,,,,,,,,,,False,False
/fielddata/script/scr_seq_release.narc,/fielddata/script/scr_seq_release.narc!/member_00869,0,/fielddata/script/scr_seq_release.narc,271,869,,190592,190600,182132,182140,8,fb59317b8103f19f3850f0be3fe62db1aa481a9a7b31c590e6d243e98eacd375,0201000000000000,,,,,False,,,,,,,,,,False,False
/fielddata/script/scr_seq_release.narc,/fielddata/script/scr_seq_release.narc!/member_00870,0,/fielddata/script/scr_seq_release.narc,271,870,,190600,190604,182140,182144,4,df3f619804a92fdb4057192dc43dd748ea778adc52bc498ce80524c014b81119,00000000,,,,,False,,,,,,,,,,False,False
/fielddata/script/scr_seq_release.narc,/fielddata/script/scr_seq_release.narc!/member_00871,0,/fielddata/script/scr_seq_release.narc,271,871,,190604,190612,182144,182152,8,fb59317b8103f19f3850f0be3fe62db1aa481a9a7b31c590e6d243e98eacd375,0201000000000000,,,,,False,,,,,,,,,,False,False
/fielddata/script/scr_seq_release.narc,/fielddata/script/scr_seq_release.narc!/member_00872,0,/fielddata/script/scr_seq_release.narc,271,872,,190612,190620,182152,182160,8,fb59317b8103f19f3850f0be3fe62db1aa481a9a7b31c590e6d243e98eacd375,0201000000000000,,,,,False,,,,,,,,,,False,False
/fielddata/script/scr_seq_release.narc,/fielddata/script/scr_seq_release.narc!/member_00873,0,/fielddata/script/scr_seq_release.narc,271,873,,190620,190624,182160,182164,4,df3f619804a92fdb4057192dc43dd748ea778adc52bc498ce80524c014b81119,00000000,,,,,False,,,,,,,,,,False,False
/fielddata/script/scr_seq_release.narc,/fielddata/script/scr_seq_release.narc!/member_00874,0,/fielddata/script/scr_seq_release.narc,271,874,,190624,190628,182164,182168,4,df3f619804a92fdb4057192dc43dd748ea778adc52bc498ce80524c014b81119,00000000,,,,,False,,,,,,,,,,False,False
/fielddata/script/scr_seq_release.narc,/fielddata/script/scr_seq_release.narc!/member_00875,0,/fielddata/script/scr_seq_release.narc,271,875,,190628,190632,182168,182172,4,df3f619804a92fdb4057192dc43dd748ea778adc52bc498ce80524c014b81119,00000000,,,,,False,,,,,,,,,,False,False
/fielddata/script/scr_seq_release.narc,/fielddata/script/scr_seq_release.narc!/member_00876,0,/fielddata/script/scr_seq_release.narc,271,876,,190632,190644,182172,182184,12,69086a5420c537090d8dced219aa7a697fc28e11e8d7813af12da7320ef31585,020300000004040000000000,,,,,False,,,,,,,,,,False,False
/fielddata/script/scr_seq_release.narc,/fielddata/script/scr_seq_release.narc!/member_00877,0,/fielddata/script/scr_seq_release.narc,271,877,,190644,190648,182184,182188,4,df3f619804a92fdb4057192dc43dd748ea778adc52bc498ce80524c014b81119,00000000,,,,,False,,,,,,,,,,False,False
/fielddata/script/scr_seq_release.narc,/fielddata/script/scr_seq_release.narc!/member_00878,0,/fielddata/script/scr_seq_release.narc,271,878,,190648,190656,182188,182196,8,60e37bc937e4e6271f69ff504af3c6a2b66260b1e2d23c1df3c1fb6605680d73,0207000000000000,,,,,False,,,,,,,,,,False,False
/fielddata/script/scr_seq_release.narc,/fielddata/script/scr_seq_release.narc!/member_00879,0,/fielddata/script/scr_seq_release.narc,271,879,,190656,190660,182196,182200,4,df3f619804a92fdb4057192dc43dd748ea778adc52bc498ce80524c014b81119,00000000,,,,,False,,,,,,,,,,False,False
/fielddata/script/scr_seq_release.narc,/fielddata/script/scr_seq_release.narc!/member_00880,0,/fielddata/script/scr_seq_release.narc,271,880,,190660,190664,182200,182204,4,df3f619804a92fdb4057192dc43dd748ea778adc52bc498ce80524c014b81119,00000000,,,,,False,,,,,,,,,,False,False
/fielddata/script/scr_seq_release.narc,/fielddata/script/scr_seq_release.narc!/member_00881,0,/fielddata/script/scr_seq_release.narc,271,881,,190664,190668,182204,182208,4,df3f619804a92fdb4057192dc43dd748ea778adc52bc498ce80524c014b81119,00000000,,,,,False,,,,,,,,,,False,False
/fielddata/script/scr_seq_release.narc,/fielddata/script/scr_seq_release.narc!/member_00882,0,/fielddata/script/scr_seq_release.narc,271,882,,190668,190672,182208,182212,4,df3f619804a92fdb4057192dc43dd748ea778adc52bc498ce80524c014b81119,00000000,,,,,False,,,,,,,,,,False,False
/fielddata/script/scr_seq_release.narc,/fielddata/script/scr_seq_release.narc!/member_00883,0,/fielddata/script/scr_seq_release.narc,271,883,,190672,190676,182212,182216,4,df3f619804a92fdb4057192dc43dd748ea778adc52bc498ce80524c014b81119,00000000,,,,,False,,,,,,,,,,False,False
/fielddata/script/scr_seq_release.narc,/fielddata/script/scr_seq_release.narc!/member_00884,0,/fielddata/script/scr_seq_release.narc,271,884,,190676,190680,182216,182220,4,df3f619804a92fdb4057192dc43dd748ea778adc52bc498ce80524c014b81119,00000000,,,,,False,,,,,,,,,,False,False
/fielddata/script/scr_seq_release.narc,/fielddata/script/scr_seq_release.narc!/member_00885,0,/fielddata/script/scr_seq_release.narc,271,885,,190680,190684,182220,182224,4,df3f619804a92fdb4057192dc43dd748ea778adc52bc498ce80524c014b81119,00000000,,,,,False,,,,,,,,,,False,False
/fielddata/script/scr_seq_release.narc,/fielddata/script/scr_seq_release.narc!/member_00886,0,/fielddata/script/scr_seq_release.narc,271,886,,190684,190688,182224,182228,4,df3f619804a92fdb4057192dc43dd748ea778adc52bc498ce80524c014b81119,00000000,,,,,False,,,,,,,,,,False,False
/fielddata/script/scr_seq_release.narc,/fielddata/script/scr_seq_release.narc!/member_00887,0,/fielddata/script/scr_seq_release.narc,271,887,,190688,190692,182228,182232,4,df3f619804a92fdb4057192dc43dd748ea778adc52bc498ce80524c014b81119,00000000,,,,,False,,,,,,,,,,False,False
/fielddata/script/scr_seq_release.narc,/fielddata/script/scr_seq_release.narc!/member_00888,0,/fielddata/script/scr_seq_release.narc,271,888,,190692,190700,182232,182240,8,4823ff34557b350562a800037eb14e533d39954d76cd142c23dbee263db4b4af,0204000000000000,,,,,False,,,,,,,,,,False,False
/fielddata/script/scr_seq_release.narc,/fielddata/script/scr_seq_release.narc!/member_00889,0,/fielddata/script/scr_seq_release.narc,271,889,,190700,190732,182240,182272,32,85ee56c11bf74d6660e08ce26eccd2a12d20cf7d721f6ef8e5efac640fbe9045,0201000000010100000000c64000000a,,,,,False,,,,,,,,,,False,False
/fielddata/script/scr_seq_release.narc,/fielddata/script/scr_seq_release.narc!/member_00890,0,/fielddata/script/scr_seq_release.narc,271,890,,190732,190736,182272,182276,4,df3f619804a92fdb4057192dc43dd748ea778adc52bc498ce80524c014b81119,00000000,,,,,False,,,,,,,,,,False,False
/fielddata/script/scr_seq_release.narc,/fielddata/script/scr_seq_release.narc!/member_00891,0,/fielddata/script/scr_seq_release.narc,271,891,,190736,190744,182276,182284,8,53aa3c1e3c40d0c9ed896248a829501c2f97e16634873fcc4bded2aca279ec64,0208000000000000,,,,,False,,,,,,,,,,False,False
/fielddata/script/scr_seq_release.narc,/fielddata/script/scr_seq_release.narc!/member_00892,0,/fielddata/script/scr_seq_release.narc,271,892,,190744,190752,182284,182292,8,fb59317b8103f19f3850f0be3fe62db1aa481a9a7b31c590e6d243e98eacd375,0201000000000000,,,,,False,,,,,,,,,,False,False
/fielddata/script/scr_seq_release.narc,/fielddata/script/scr_seq_release.narc!/member_00893,0,/fielddata/script/scr_seq_release.narc,271,893,,190752,190760,182292,182300,8,fb59317b8103f19f3850f0be3fe62db1aa481a9a7b31c590e6d243e98eacd375,0201000000000000,,,,,False,,,,,,,,,,False,False
/fielddata/script/scr_seq_release.narc,/fielddata/script/scr_seq_release.narc!/member_00894,0,/fielddata/script/scr_seq_release.narc,271,894,,190760,190764,182300,182304,4,df3f619804a92fdb4057192dc43dd748ea778adc52bc498ce80524c014b81119,00000000,,,,,False,,,,,,,,,,False,False
/fielddata/script/scr_seq_release.narc,/fielddata/script/scr_seq_release.narc!/member_00895,0,/fielddata/script/scr_seq_release.narc,271,895,,190764,190776,182304,182316,12,0972cc7961c7a0c41820dec24c22a353f6ca08f2d820931a754682c4dd33fbde,020100000003020000000000,,,,,False,,,,,,,,,,False,False
/fielddata/script/scr_seq_release.narc,/fielddata/script/scr_seq_release.narc!/member_00896,0,/fielddata/script/scr_seq_release.narc,271,896,,190776,190780,182316,182320,4,df3f619804a92fdb4057192dc43dd748ea778adc52bc498ce80524c014b81119,00000000,,,,,False,,,,,,,,,,False,False
/fielddata/script/scr_seq_release.narc,/fielddata/script/scr_seq_release.narc!/member_00897,0,/fielddata/script/scr_seq_release.narc,271,897,,190780,190784,182320,182324,4,df3f619804a92fdb4057192dc43dd748ea778adc52bc498ce80524c014b81119,00000000,,,,,False,,,,,,,,,,False,False
/fielddata/script/scr_seq_release.narc,/fielddata/script/scr_seq_release.narc!/member_00898,0,/fielddata/script/scr_seq_release.narc,271,898,,190784,190788,182324,182328,4,df3f619804a92fdb4057192dc43dd748ea778adc52bc498ce80524c014b81119,00000000,,,,,False,,,,,,,,,,False,False
/fielddata/script/scr_seq_release.narc,/fielddata/script/scr_seq_release.narc!/member_00899,0,/fielddata/script/scr_seq_release.narc,271,899,,190788,190792,182328,182332,4,df3f619804a92fdb4057192dc43dd748ea778adc52bc498ce80524c014b81119,00000000,,,,,False,,,,,,,,,,False,False
/fielddata/script/scr_seq_release.narc,/fielddata/script/scr_seq_release.narc!/member_00900,0,/fielddata/script/scr_seq_release.narc,271,900,,190792,190796,182332,182336,4,df3f619804a92fdb4057192dc43dd748ea778adc52bc498ce80524c014b81119,00000000,,,,,False,,,,,,,,,,False,False
/fielddata/script/scr_seq_release.narc,/fielddata/script/scr_seq_release.narc!/member_00901,0,/fielddata/script/scr_seq_release.narc,271,901,,190796,190800,182336,182340,4,df3f619804a92fdb4057192dc43dd748ea778adc52bc498ce80524c014b81119,00000000,,,,,False,,,,,,,,,,False,False
/fielddata/script/scr_seq_release.narc,/fielddata/script/scr_seq_release.narc!/member_00902,0,/fielddata/script/scr_seq_release.narc,271,902,,190800,190804,182340,182344,4,df3f619804a92fdb4057192dc43dd748ea778adc52bc498ce80524c014b81119,00000000,,,,,False,,,,,,,,,,False,False
/fielddata/script/scr_seq_release.narc,/fielddata/script/scr_seq_release.narc!/member_00903,0,/fielddata/script/scr_seq_release.narc,271,903,,190804,190808,182344,182348,4,df3f619804a92fdb4057192dc43dd748ea778adc52bc498ce80524c014b81119,00000000,,,,,False,,,,,,,,,,False,False
/fielddata/script/scr_seq_release.narc,/fielddata/script/scr_seq_release.narc!/member_00904,0,/fielddata/script/scr_seq_release.narc,271,904,,190808,190812,182348,182352,4,df3f619804a92fdb4057192dc43dd748ea778adc52bc498ce80524c014b81119,00000000,,,,,False,,,,,,,,,,False,False
/fielddata/script/scr_seq_release.narc,/fielddata/script/scr_seq_release.narc!/member_00905,0,/fielddata/script/scr_seq_release.narc,271,905,,190812,190816,182352,182356,4,df3f619804a92fdb4057192dc43dd748ea778adc52bc498ce80524c014b81119,00000000,,,,,False,,,,,,,,,,False,False
/fielddata/script/scr_seq_release.narc,/fielddata/script/scr_seq_release.narc!/member_00906,0,/fielddata/script/scr_seq_release.narc,271,906,,190816,190820,182356,182360,4,df3f619804a92fdb4057192dc43dd748ea778adc52bc498ce80524c014b81119,00000000,,,,,False,,,,,,,,,,False,False
/fielddata/script/scr_seq_release.narc,/fielddata/script/scr_seq_release.narc!/member_00907,0,/fielddata/script/scr_seq_release.narc,271,907,,190820,190824,182360,182364,4,df3f619804a92fdb4057192dc43dd748ea778adc52bc498ce80524c014b81119,00000000,,,,,False,,,,,,,,,,False,False
/fielddata/script/scr_seq_release.narc,/fielddata/script/scr_seq_release.narc!/member_00908,0,/fielddata/script/scr_seq_release.narc,271,908,,190824,190832,182364,182372,8,fb59317b8103f19f3850f0be3fe62db1aa481a9a7b31c590e6d243e98eacd375,0201000000000000,,,,,False,,,,,,,,,,False,False
/fielddata/script/scr_seq_release.narc,/fielddata/script/scr_seq_release.narc!/member_00909,0,/fielddata/script/scr_seq_release.narc,271,909,,190832,190836,182372,182376,4,df3f619804a92fdb4057192dc43dd748ea778adc52bc498ce80524c014b81119,00000000,,,,,False,,,,,,,,,,False,False
/fielddata/script/scr_seq_release.narc,/fielddata/script/scr_seq_release.narc!/member_00910,0,/fielddata/script/scr_seq_release.narc,271,910,,190836,190852,182376,182392,16,f70f05ee64bf33a9f5596eb1a7e08225a7ad32e9f48dff84aa87f50a0393e31d,010100000000a3400000010000000000,,,,,False,,,,,,,,,,False,False
/fielddata/script/scr_seq_release.narc,/fielddata/script/scr_seq_release.narc!/member_00911,0,/fielddata/script/scr_seq_release.narc,271,911,,190852,190884,182392,182424,32,b0fa65249564fd3601379fefcdad90b682a316d27b6c5418e0e96b41328635ba,0201000000010100000000a440000002,,,,,False,,,,,,,,,,False,False
/fielddata/script/scr_seq_release.narc,/fielddata/script/scr_seq_release.narc!/member_00912,0,/fielddata/script/scr_seq_release.narc,271,912,,190884,190904,182424,182444,20,1855ffcab3d15f508656b9053492c067291b72181a00c5606e15b8fe9343b623,0205000000010100000000f940000003,,,,,False,,,,,,,,,,False,False
/fielddata/script/scr_seq_release.narc,/fielddata/script/scr_seq_release.narc!/member_00913,0,/fielddata/script/scr_seq_release.narc,271,913,,190904,190908,182444,182448,4,df3f619804a92fdb4057192dc43dd748ea778adc52bc498ce80524c014b81119,00000000,,,,,False,,,,,,,,,,False,False
/fielddata/script/scr_seq_release.narc,/fielddata/script/scr_seq_release.narc!/member_00914,0,/fielddata/script/scr_seq_release.narc,271,914,,190908,190912,182448,182452,4,df3f619804a92fdb4057192dc43dd748ea778adc52bc498ce80524c014b81119,00000000,,,,,False,,,,,,,,,,False,False
/fielddata/script/scr_seq_release.narc,/fielddata/script/scr_seq_release.narc!/member_00915,0,/fielddata/script/scr_seq_release.narc,271,915,,190912,190932,182452,182472,20,edda271468a83c60d755b9da4fa9282ee9866c3539b05999652d48452f9e28a2,02010000000101000000007140010003,,,,,False,,,,,,,,,,False,False
/fielddata/script/scr_seq_release.narc,/fielddata/script/scr_seq_release.narc!/member_00916,0,/fielddata/script/scr_seq_release.narc,271,916,,190932,190940,182472,182480,8,035ea31cde9b95c28a68cf2cc6d9b8d7f2d88802448304765460242fe729e294,02d8270000000000,,,,,False,,,,,,,,,,False,False
/fielddata/script/scr_seq_release.narc,/fielddata/script/scr_seq_release.narc!/member_00917,0,/fielddata/script/scr_seq_release.narc,271,917,,190940,190944,182480,182484,4,df3f619804a92fdb4057192dc43dd748ea778adc52bc498ce80524c014b81119,00000000,,,,,False,,,,,,,,,,False,False
/fielddata/script/scr_seq_release.narc,/fielddata/script/scr_seq_release.narc!/member_00918,0,/fielddata/script/scr_seq_release.narc,271,918,,190944,190984,182484,182524,40,39613700ccf2d7d42d2303890578d8e08985f2492c0f41468b4089d45e80a62c,0328230000010100000000d540010034,,,,,False,,,,,,,,,,False,False
/fielddata/script/scr_seq_release.narc,/fielddata/script/scr_seq_release.narc!/member_00919,0,/fielddata/script/scr_seq_release.narc,271,919,,190984,191000,182524,182540,16,242f26e33b846d07f76e45b1de6812c82ada7dd1eecfbca893721af90fda33aa,010100000000d4400000f02300000000,,,,,False,,,,,,,,,,False,False
/fielddata/script/scr_seq_release.narc,/fielddata/script/scr_seq_release.narc!/member_00920,0,/fielddata/script/scr_seq_release.narc,271,920,,191000,191020,182540,182560,20,97d63e8e30861afb888c8de14076ce555d8cb9356f4425a612e868952ee26536,0201000000010100000000a640000002,,,,,False,,,,,,,,,,False,False
/fielddata/script/scr_seq_release.narc,/fielddata/script/scr_seq_release.narc!/member_00921,0,/fielddata/script/scr_seq_release.narc,271,921,,191020,191024,182560,182564,4,df3f619804a92fdb4057192dc43dd748ea778adc52bc498ce80524c014b81119,00000000,,,,,False,,,,,,,,,,False,False
/fielddata/script/scr_seq_release.narc,/fielddata/script/scr_seq_release.narc!/member_00922,0,/fielddata/script/scr_seq_release.narc,271,922,,191024,191028,182564,182568,4,df3f619804a92fdb4057192dc43dd748ea778adc52bc498ce80524c014b81119,00000000,,,,,False,,,,,,,,,,False,False
/fielddata/script/scr_seq_release.narc,/fielddata/script/scr_seq_release.narc!/member_00923,0,/fielddata/script/scr_seq_release.narc,271,923,,191028,191032,182568,182572,4,df3f619804a92fdb4057192dc43dd748ea778adc52bc498ce80524c014b81119,00000000,,,,,False,,,,,,,,,,False,False
/fielddata/script/scr_seq_release.narc,/fielddata/script/scr_seq_release.narc!/member_00924,0,/fielddata/script/scr_seq_release.narc,271,924,,191032,191040,182572,182580,8,fb59317b8103f19f3850f0be3fe62db1aa481a9a7b31c590e6d243e98eacd375,0201000000000000,,,,,False,,,,,,,,,,False,False
/fielddata/script/scr_seq_release.narc,/fielddata/script/scr_seq_release.narc!/member_00925,0,/fielddata/script/scr_seq_release.narc,271,925,,191040,191048,182580,182588,8,035ea31cde9b95c28a68cf2cc6d9b8d7f2d88802448304765460242fe729e294,02d8270000000000,,,,,False,,,,,,,,,,False,False
/fielddata/script/scr_seq_release.narc,/fielddata/script/scr_seq_release.narc!/member_00926,0,/fielddata/script/scr_seq_release.narc,271,926,,191048,191052,182588,182592,4,df3f619804a92fdb4057192dc43dd748ea778adc52bc498ce80524c014b81119,00000000,,,,,False,,,,,,,,,,False,False
/fielddata/script/scr_seq_release.narc,/fielddata/script/scr_seq_release.narc!/member_00927,0,/fielddata/script/scr_seq_release.narc,271,927,,191052,191092,182592,182632,40,39613700ccf2d7d42d2303890578d8e08985f2492c0f41468b4089d45e80a62c,0328230000010100000000d540010034,,,,,False,,,,,,,,,,False,False
/fielddata/script/scr_seq_release.narc,/fielddata/script/scr_seq_release.narc!/member_00928,0,/fielddata/script/scr_seq_release.narc,271,928,,191092,191108,182632,182648,16,242f26e33b846d07f76e45b1de6812c82ada7dd1eecfbca893721af90fda33aa,010100000000d4400000f02300000000,,,,,False,,,,,,,,,,False,False
/fielddata/script/scr_seq_release.narc,/fielddata/script/scr_seq_release.narc!/member_00929,0,/fielddata/script/scr_seq_release.narc,271,929,,191108,191112,182648,182652,4,df3f619804a92fdb4057192dc43dd748ea778adc52bc498ce80524c014b81119,00000000,,,,,False,,,,,,,,,,False,False
/fielddata/script/scr_seq_release.narc,/fielddata/script/scr_seq_release.narc!/member_00930,0,/fielddata/script/scr_seq_release.narc,271,930,,191112,191116,182652,182656,4,df3f619804a92fdb4057192dc43dd748ea778adc52bc498ce80524c014b81119,00000000,,,,,False,,,,,,,,,,False,False
/fielddata/script/scr_seq_release.narc,/fielddata/script/scr_seq_release.narc!/member_00931,0,/fielddata/script/scr_seq_release.narc,271,931,,191116,191120,182656,182660,4,df3f619804a92fdb4057192dc43dd748ea778adc52bc498ce80524c014b81119,00000000,,,,,False,,,,,,,,,,False,False
/fielddata/script/scr_seq_release.narc,/fielddata/script/scr_seq_release.narc!/member_00932,0,/fielddata/script/scr_seq_release.narc,271,932,,191120,191132,182660,182672,12,9f0f855ce1c2e0a50e0168e89af657490173c06c792ede712700949dbef31c46,020a000000030b0000000000,,,,,False,,,,,,,,,,False,False
/fielddata/script/scr_seq_release.narc,/fielddata/script/scr_seq_release.narc!/member_00933,0,/fielddata/script/scr_seq_release.narc,271,933,,191132,191140,182672,182680,8,035ea31cde9b95c28a68cf2cc6d9b8d7f2d88802448304765460242fe729e294,02d8270000000000,,,,,False,,,,,,,,,,False,False
/fielddata/script/scr_seq_release.narc,/fielddata/script/scr_seq_release.narc!/member_00934,0,/fielddata/script/scr_seq_release.narc,271,934,,191140,191144,182680,182684,4,df3f619804a92fdb4057192dc43dd748ea778adc52bc498ce80524c014b81119,00000000,,,,,False,,,,,,,,,,False,False
/fielddata/script/scr_seq_release.narc,/fielddata/script/scr_seq_release.narc!/member_00935,0,/fielddata/script/scr_seq_release.narc,271,935,,191144,191184,182684,182724,40,39613700ccf2d7d42d2303890578d8e08985f2492c0f41468b4089d45e80a62c,0328230000010100000000d540010034,,,,,False,,,,,,,,,,False,False
/fielddata/script/scr_seq_release.narc,/fielddata/script/scr_seq_release.narc!/member_00936,0,/fielddata/script/scr_seq_release.narc,271,936,,191184,191200,182724,182740,16,242f26e33b846d07f76e45b1de6812c82ada7dd1eecfbca893721af90fda33aa,010100000000d4400000f02300000000,,,,,False,,,,,,,,,,False,False
/fielddata/script/scr_seq_release.narc,/fielddata/script/scr_seq_release.narc!/member_00937,0,/fielddata/script/scr_seq_release.narc,271,937,,191200,191208,182740,182748,8,fb59317b8103f19f3850f0be3fe62db1aa481a9a7b31c590e6d243e98eacd375,0201000000000000,,,,,False,,,,,,,,,,False,False
/fielddata/script/scr_seq_release.narc,/fielddata/script/scr_seq_release.narc!/member_00938,0,/fielddata/script/scr_seq_release.narc,271,938,,191208,191212,182748,182752,4,df3f619804a92fdb4057192dc43dd748ea778adc52bc498ce80524c014b81119,00000000,,,,,False,,,,,,,,,,False,False
/fielddata/script/scr_seq_release.narc,/fielddata/script/scr_seq_release.narc!/member_00939,0,/fielddata/script/scr_seq_release.narc,271,939,,191212,191216,182752,182756,4,df3f619804a92fdb4057192dc43dd748ea778adc52bc498ce80524c014b81119,00000000,,,,,False,,,,,,,,,,False,False
/fielddata/script/scr_seq_release.narc,/fielddata/script/scr_seq_release.narc!/member_00940,0,/fielddata/script/scr_seq_release.narc,271,940,,191216,191220,182756,182760,4,df3f619804a92fdb4057192dc43dd748ea778adc52bc498ce80524c014b81119,00000000,,,,,False,,,,,,,,,,False,False
/fielddata/script/scr_seq_release.narc,/fielddata/script/scr_seq_release.narc!/member_00941,0,/fielddata/script/scr_seq_release.narc,271,941,,191220,191224,182760,182764,4,df3f619804a92fdb4057192dc43dd748ea778adc52bc498ce80524c014b81119,00000000,,,,,False,,,,,,,,,,False,False
/fielddata/script/scr_seq_release.narc,/fielddata/script/scr_seq_release.narc!/member_00942,0,/fielddata/script/scr_seq_release.narc,271,942,,191224,191244,182764,182784,20,70d40643e7e5418a8faf5eb46f324b02bfebdda1d7d1ffa16b0648e77cfbb9cf,02010000000101000000007440010005,,,,,False,,,,,,,,,,False,False
/fielddata/script/scr_seq_release.narc,/fielddata/script/scr_seq_release.narc!/member_00943,0,/fielddata/script/scr_seq_release.narc,271,943,,191244,191252,182784,182792,8,035ea31cde9b95c28a68cf2cc6d9b8d7f2d88802448304765460242fe729e294,02d8270000000000,,,,,False,,,,,,,,,,False,False
/fielddata/script/scr_seq_release.narc,/fielddata/script/scr_seq_release.narc!/member_00944,0,/fielddata/script/scr_seq_release.narc,271,944,,191252,191256,182792,182796,4,df3f619804a92fdb4057192dc43dd748ea778adc52bc498ce80524c014b81119,00000000,,,,,False,,,,,,,,,,False,False
/fielddata/script/scr_seq_release.narc,/fielddata/script/scr_seq_release.narc!/member_00945,0,/fielddata/script/scr_seq_release.narc,271,945,,191256,191296,182796,182836,40,39613700ccf2d7d42d2303890578d8e08985f2492c0f41468b4089d45e80a62c,0328230000010100000000d540010034,,,,,False,,,,,,,,,,False,False
/fielddata/script/scr_seq_release.narc,/fielddata/script/scr_seq_release.narc!/member_00946,0,/fielddata/script/scr_seq_release.narc,271,946,,191296,191312,182836,182852,16,242f26e33b846d07f76e45b1de6812c82ada7dd1eecfbca893721af90fda33aa,010100000000d4400000f02300000000,,,,,False,,,,,,,,,,False,False
/fielddata/script/scr_seq_release.narc,/fielddata/script/scr_seq_release.narc!/member_00947,0,/fielddata/script/scr_seq_release.narc,271,947,,191312,191320,182852,182860,8,95ab968b5e60a8ddd5cceb1f5477b84a1e13637c73a02f31663a27364af0690b,0205000000000000,,,,,False,,,,,,,,,,False,False
/fielddata/script/scr_seq_release.narc,/fielddata/script/scr_seq_release.narc!/member_00948,0,/fielddata/script/scr_seq_release.narc,271,948,,191320,191324,182860,182864,4,df3f619804a92fdb4057192dc43dd748ea778adc52bc498ce80524c014b81119,00000000,,,,,False,,,,,,,,,,False,False
/fielddata/script/scr_seq_release.narc,/fielddata/script/scr_seq_release.narc!/member_00949,0,/fielddata/script/scr_seq_release.narc,271,949,,191324,191328,182864,182868,4,df3f619804a92fdb4057192dc43dd748ea778adc52bc498ce80524c014b81119,00000000,,,,,False,,,,,,,,,,False,False
/fielddata/script/scr_seq_release.narc,/fielddata/script/scr_seq_release.narc!/member_00950,0,/fielddata/script/scr_seq_release.narc,271,950,,191328,191332,182868,182872,4,df3f619804a92fdb4057192dc43dd748ea778adc52bc498ce80524c014b81119,00000000,,,,,False,,,,,,,,,,False,False
/fielddata/script/scr_seq_release.narc,/fielddata/script/scr_seq_release.narc!/member_00951,0,/fielddata/script/scr_seq_release.narc,271,951,,191332,191336,182872,182876,4,df3f619804a92fdb4057192dc43dd748ea778adc52bc498ce80524c014b81119,00000000,,,,,False,,,,,,,,,,False,False
/fielddata/script/scr_seq_release.narc,/fielddata/script/scr_seq_release.narc!/member_00952,0,/fielddata/script/scr_seq_release.narc,271,952,,191336,191340,182876,182880,4,df3f619804a92fdb4057192dc43dd748ea778adc52bc498ce80524c014b81119,00000000,,,,,False,,,,,,,,,,False,False
/fielddata/script/scr_seq_release.narc,/fielddata/script/scr_seq_release.narc!/member_00953,0,/fielddata/script/scr_seq_release.narc,271,953,,191340,191348,182880,182888,8,035ea31cde9b95c28a68cf2cc6d9b8d7f2d88802448304765460242fe729e294,02d8270000000000,,,,,False,,,,,,,,,,False,False
/fielddata/script/scr_seq_release.narc,/fielddata/script/scr_seq_release.narc!/member_00954,0,/fielddata/script/scr_seq_release.narc,271,954,,191348,191352,182888,182892,4,df3f619804a92fdb4057192dc43dd748ea778adc52bc498ce80524c014b81119,00000000,,,,,False,,,,,,,,,,False,False
/fielddata/script/scr_seq_release.narc,/fielddata/script/scr_seq_release.narc!/member_00955,0,/fielddata/script/scr_seq_release.narc,271,955,,191352,191392,182892,182932,40,39613700ccf2d7d42d2303890578d8e08985f2492c0f41468b4089d45e80a62c,0328230000010100000000d540010034,,,,,False,,,,,,,,,,False,False
/fielddata/script/scr_seq_release.narc,/fielddata/script/scr_seq_release.narc!/member_00956,0,/fielddata/script/scr_seq_release.narc,271,956,,191392,191408,182932,182948,16,242f26e33b846d07f76e45b1de6812c82ada7dd1eecfbca893721af90fda33aa,010100000000d4400000f02300000000,,,,,False,,,,,,,,,,False,False
/fielddata/script/scr_seq_release.narc,/fielddata/script/scr_seq_release.narc!/member_00957,0,/fielddata/script/scr_seq_release.narc,271,957,,191408,191412,182948,182952,4,df3f619804a92fdb4057192dc43dd748ea778adc52bc498ce80524c014b81119,00000000,,,,,False,,,,,,,,,,False,False
/fielddata/script/scr_seq_release.narc,/fielddata/script/scr_seq_release.narc!/member_00958,0,/fielddata/script/scr_seq_release.narc,271,958,,191412,191416,182952,182956,4,df3f619804a92fdb4057192dc43dd748ea778adc52bc498ce80524c014b81119,00000000,,,,,False,,,,,,,,,,False,False
/fielddata/script/scr_seq_release.narc,/fielddata/script/scr_seq_release.narc!/member_00959,0,/fielddata/script/scr_seq_release.narc,271,959,,191416,191420,182956,182960,4,df3f619804a92fdb4057192dc43dd748ea778adc52bc498ce80524c014b81119,00000000,,,,,False,,,,,,,,,,False,False
/fielddata/script/scr_seq_release.narc,/fielddata/script/scr_seq_release.narc!/member_00960,0,/fielddata/script/scr_seq_release.narc,271,960,,191420,191424,182960,182964,4,df3f619804a92fdb4057192dc43dd748ea778adc52bc498ce80524c014b81119,00000000,,,,,False,,,,,,,,,,False,False
/fielddata/script/scr_seq_release.narc,/fielddata/script/scr_seq_release.narc!/member_00961,0,/fielddata/script/scr_seq_release.narc,271,961,,191424,191432,182964,182972,8,035ea31cde9b95c28a68cf2cc6d9b8d7f2d88802448304765460242fe729e294,02d8270000000000,,,,,False,,,,,,,,,,False,False
/fielddata/script/scr_seq_release.narc,/fielddata/script/scr_seq_release.narc!/member_00962,0,/fielddata/script/scr_seq_release.narc,271,962,,191432,191436,182972,182976,4,df3f619804a92fdb4057192dc43dd748ea778adc52bc498ce80524c014b81119,00000000,,,,,False,,,,,,,,,,False,False
/fielddata/script/scr_seq_release.narc,/fielddata/script/scr_seq_release.narc!/member_00963,0,/fielddata/script/scr_seq_release.narc,271,963,,191436,191476,182976,183016,40,39613700ccf2d7d42d2303890578d8e08985f2492c0f41468b4089d45e80a62c,0328230000010100000000d540010034,,,,,False,,,,,,,,,,False,False
/fielddata/script/scr_seq_release.narc,/fielddata/script/scr_seq_release.narc!/member_00964,0,/fielddata/script/scr_seq_release.narc,271,964,,191476,191492,183016,183032,16,242f26e33b846d07f76e45b1de6812c82ada7dd1eecfbca893721af90fda33aa,010100000000d4400000f02300000000,,,,,False,,,,,,,,,,False,False
/fielddata/script/scr_seq_release.narc,/fielddata/script/scr_seq_release.narc!/member_00965,0,/fielddata/script/scr_seq_release.narc,271,965,,191492,191512,183032,183052,20,3af95278ac741f94d7b5b6e0274956b2a71fa0a67a196c074371e9aecd174cca,0208000000010100000000a740000007,,,,,False,,,,,,,,,,False,False
/fielddata/script/scr_seq_release.narc,/fielddata/script/scr_seq_release.narc!/member_00966,0,/fielddata/script/scr_seq_release.narc,271,966,,191512,191516,183052,183056,4,df3f619804a92fdb4057192dc43dd748ea778adc52bc498ce80524c014b81119,00000000,,,,,False,,,,,,,,,,False,False
/fielddata/script/scr_seq_release.narc,/fielddata/script/scr_seq_release.narc!/member_00967,0,/fielddata/script/scr_seq_release.narc,271,967,,191516,191520,183056,183060,4,df3f619804a92fdb4057192dc43dd748ea778adc52bc498ce80524c014b81119,00000000,,,,,False,,,,,,,,,,False,False
/fielddata/script/scr_seq_release.narc,/fielddata/script/scr_seq_release.narc!/member_00968,0,/fielddata/script/scr_seq_release.narc,271,968,,191520,191524,183060,183064,4,df3f619804a92fdb4057192dc43dd748ea778adc52bc498ce80524c014b81119,00000000,,,,,False,,,,,,,,,,False,False
/fielddata/script/scr_seq_release.narc,/fielddata/script/scr_seq_release.narc!/member_00969,0,/fielddata/script/scr_seq_release.narc,271,969,,191524,191528,183064,183068,4,df3f619804a92fdb4057192dc43dd748ea778adc52bc498ce80524c014b81119,00000000,,,,,False,,,,,,,,,,False,False
/fielddata/script/scr_seq_release.narc,/fielddata/script/scr_seq_release.narc!/member_00970,0,/fielddata/script/scr_seq_release.narc,271,970,,191528,191552,183068,183092,24,4a0061574166d4296974c48bdf864443540a6331cbda7761387c1fafa7048a1b,02010000000302000000010100000000,,,,,False,,,,,,,,,,False,False
/fielddata/script/scr_seq_release.narc,/fielddata/script/scr_seq_release.narc!/member_00971,0,/fielddata/script/scr_seq_release.narc,271,971,,191552,191568,183092,183108,16,5771b780e60aac11ff3a3d6339a2f3a6817bbadd6ea96abd9501d712600d3afa,02010000000402000000030300000000,,,,,False,,,,,,,,,,False,False
/fielddata/script/scr_seq_release.narc,/fielddata/script/scr_seq_release.narc!/member_00972,0,/fielddata/script/scr_seq_release.narc,271,972,,191568,191572,183108,183112,4,df3f619804a92fdb4057192dc43dd748ea778adc52bc498ce80524c014b81119,00000000,,,,,False,,,,,,,,,,False,False
/fielddata/script/scr_seq_release.narc,/fielddata/script/scr_seq_release.narc!/member_00973,0,/fielddata/script/scr_seq_release.narc,271,973,,191572,191576,183112,183116,4,df3f619804a92fdb4057192dc43dd748ea778adc52bc498ce80524c014b81119,00000000,,,,,False,,,,,,,,,,False,False
/fielddata/script/scr_seq_release.narc,/fielddata/script/scr_seq_release.narc!/member_00974,0,/fielddata/script/scr_seq_release.narc,271,974,,191576,191580,183116,183120,4,df3f619804a92fdb4057192dc43dd748ea778adc52bc498ce80524c014b81119,00000000,,,,,False,,,,,,,,,,False,False
/fielddata/script/scr_seq_release.narc,/fielddata/script/scr_seq_release.narc!/member_00975,0,/fielddata/script/scr_seq_release.narc,271,975,,191580,191588,183120,183128,8,fb59317b8103f19f3850f0be3fe62db1aa481a9a7b31c590e6d243e98eacd375,0201000000000000,,,,,False,,,,,,,,,,False,False
/fielddata/script/scr_seq_release.narc,/fielddata/script/scr_seq_release.narc!/member_00976,0,/fielddata/script/scr_seq_release.narc,271,976,,191588,191592,183128,183132,4,df3f619804a92fdb4057192dc43dd748ea778adc52bc498ce80524c014b81119,00000000,,,,,False,,,,,,,,,,False,False
/fielddata/script/scr_seq_release.narc,/fielddata/script/scr_seq_release.narc!/member_00977,0,/fielddata/script/scr_seq_release.narc,271,977,,191592,192532,183132,184072,940,989463f270012dc73de9d18b5da0a86e6931c13c5512028f31c06344acf2bc49,0200000013fd4900dc05600068004d01,,,,,False,,,,,,,,,,False,False
/fielddata/script/scr_seq_release.narc,/fielddata/script/scr_seq_release.narc!/member_00978,0,/fielddata/script/scr_seq_release.narc,271,978,,192532,194184,184072,185724,1652,43601fe68460a2b6f87614167ebf268d05aaa6b036a2b36ab2df826a8569824d,22000000c80400005b000000bd000000,,,,,False,,,,,,,,,,False,False
/fielddata/script/scr_seq_release.narc,/fielddata/script/scr_seq_release.narc!/member_00979,0,/fielddata/script/scr_seq_release.narc,271,979,,194184,194376,185724,185916,192,225204b77f8a02c501339bb93c1840f31ac4304cc651bb498f9ccae11f4bfb3f,0200000013fd4900dc05600068002000,,,,,False,,,,,,,,,,False,False
/fielddata/script/scr_seq_release.narc,/fielddata/script/scr_seq_release.narc!/member_00980,0,/fielddata/script/scr_seq_release.narc,271,980,,194376,194564,185916,186104,188,889d8c2e86690a96d7ee7faf95a2101e864d553a21380932c731ecb19112b00e,0a0000008c0000009900000013fd6000,,,,,False,,,,,,,,,,False,False
/fielddata/script/scr_seq_release.narc,/fielddata/script/scr_seq_release.narc!/member_00981,0,/fielddata/script/scr_seq_release.narc,271,981,,194564,196948,186104,188488,2384,4f712b8348cc54755d0701c56fcafa7e37303793d985e59d00d7147d3930068a,2a0000005c0000007001000004020000,,,,,False,,,,,,,,,,False,False
/fielddata/script/scr_seq_release.narc,/fielddata/script/scr_seq_release.narc!/member_00982,0,/fielddata/script/scr_seq_release.narc,271,982,,196948,197100,188488,188640,152,88c8d67428ec8fe4a1afb30929ed56641debf5e93af25e7429b38b5de08745c0,49000000560000002500000062000000,,,,,False,,,,,,,,,,False,False
/fielddata/script/scr_seq_release.narc,/fielddata/script/scr_seq_release.narc!/member_00983,0,/fielddata/script/scr_seq_release.narc,271,983,,197100,197160,188640,188700,60,24f2b95797ff696d9685d1bf8a2382c595b05b4c5b7381f8b27fe6197b2c176d,0200000013fd4900dc05600068001100,,,,,False,,,,,,,,,,False,False
/fielddata/script/scr_seq_release.narc,/fielddata/script/scr_seq_release.narc!/member_00984,0,/fielddata/script/scr_seq_release.narc,271,984,,197160,197256,188700,188796,96,8e536dbc95c5072ae23c624dac195c70b9b44b1e0336b74487c685488cb4231e,060000002b00000013fd4900dc056000,,,,,False,,,,,,,,,,False,False
/fielddata/script/scr_seq_release.narc,/fielddata/script/scr_seq_release.narc!/member_00985,0,/fielddata/script/scr_seq_release.narc,271,985,,197256,199328,188796,190868,2072,d44ea4840621ffbdaecdc3d5bb1016e55b983e9fd0c90ac78e21b05d6ecfa7c4,2e0000007d0000006805000044070000,,,,,False,,,,,,,,,,False,False
/fielddata/script/scr_seq_release.narc,/fielddata/script/scr_seq_release.narc!/member_00986,0,/fielddata/script/scr_seq_release.narc,271,986,,199328,199408,190868,190948,80,c3fd75fca809fb2c3d874f7b59d2980f8a6b291708cd78327bcf6a2154db39c4,0e000000200000001e0000002d000000,,,,,False,,,,,,,,,,False,False
/fielddata/script/scr_seq_release.narc,/fielddata/script/scr_seq_release.narc!/member_00987,0,/fielddata/script/scr_seq_release.narc,271,987,,199408,199496,190948,191036,88,927316322fbfc91a8574411e57e6590a14a45b44d40e4bfafa9a1ae3722d8324,0e000000160000002500000034000000,,,,,False,,,,,,,,,,False,False
/fielddata/script/scr_seq_release.narc,/fielddata/script/scr_seq_release.narc!/member_00988,0,/fielddata/script/scr_seq_release.narc,271,988,,199496,199524,191036,191064,28,7bf6a5d9589b01603e296ad53e577bcc5567d935ab89f0267d13792eb791e4e3,0200000013fd4900dc05600068002c00,,,,,False,,,,,,,,,,False,False
/fielddata/script/scr_seq_release.narc,/fielddata/script/scr_seq_release.narc!/member_00989,0,/fielddata/script/scr_seq_release.narc,271,989,,199524,199532,191064,191072,8,1c41889b5ca0b389bff2b87b597a76386e51e014486e52a57b44cf72e8bf3470,0200000013fd0200,,,,,False,,,,,,,,,,False,False
/fielddata/script/scr_seq_release.narc,/fielddata/script/scr_seq_release.narc!/member_00990,0,/fielddata/script/scr_seq_release.narc,271,990,,199532,201344,191072,192884,1812,b185ba1f6e9dac704316c2e51e725805a7bf4591f84157c53ab940112f9265f2,360000008d0000003000000083000000,,,,,False,,,,,,,,,,False,False
/fielddata/script/scr_seq_release.narc,/fielddata/script/scr_seq_release.narc!/member_00991,0,/fielddata/script/scr_seq_release.narc,271,991,,201344,201624,192884,193164,280,2bb8f68fb70c873dad9944f1af1c17142467cda08caeb8440f13b103ebfa55a9,060000003200000013fd4900dc056000,,,,,False,,,,,,,,,,False,False
/fielddata/script/scr_seq_release.narc,/fielddata/script/scr_seq_release.narc!/member_00992,0,/fielddata/script/scr_seq_release.narc,271,992,,201624,201672,193164,193212,48,21ca86e6ef3f5c7552301dfcdf369758f13f19f520a2716e563689250c188e9b,060000001300000013fd4900dc056000,,,,,False,,,,,,,,,,False,False
/fielddata/script/scr_seq_release.narc,/fielddata/script/scr_seq_release.narc!/member_00993,0,/fielddata/script/scr_seq_release.narc,271,993,,201672,201720,193212,193260,48,02488b423a1484656a1ea2078ef334df9885e83777fd2c31f8d66933c9be287b,060000001500000013fd4900dc056000,,,,,False,,,,,,,,,,False,False
/fielddata/script/scr_seq_release.narc,/fielddata/script/scr_seq_release.narc!/member_00994,0,/fielddata/script/scr_seq_release.narc,271,994,,201720,202324,193260,193864,604,26609c82ba0b05ea597b3123e81bd956e704ea086b72ef2667419e0ee409abaa,2a000000280000003c01000074010000,,,,,False,,,,,,,,,,False,False
/fielddata/script/scr_seq_release.narc,/fielddata/script/scr_seq_release.narc!/member_00995,0,/fielddata/script/scr_seq_release.narc,271,995,,202324,202424,193864,193964,100,32467f61371c05b9d4c6edbf04610f1245fd85c3c9df279b4a9652cc3867adad,0e000000200000003200000041000000,,,,,False,,,,,,,,,,False,False
/fielddata/script/scr_seq_release.narc,/fielddata/script/scr_seq_release.narc!/member_00996,0,/fielddata/script/scr_seq_release.narc,271,996,,202424,202512,193964,194052,88,6b9bc0a50b028a073563ebeaae26606ed14b4bb04a04d83bcb42cdd8eb7ee3f6,0e000000160000002500000034000000,,,,,False,,,,,,,,,,False,False
/fielddata/script/scr_seq_release.narc,/fielddata/script/scr_seq_release.narc!/member_00997,0,/fielddata/script/scr_seq_release.narc,271,997,,202512,202520,194052,194060,8,1c41889b5ca0b389bff2b87b597a76386e51e014486e52a57b44cf72e8bf3470,0200000013fd0200,,,,,False,,,,,,,,,,False,False
/fielddata/script/scr_seq_release.narc,/fielddata/script/scr_seq_release.narc!/member_00998,0,/fielddata/script/scr_seq_release.narc,271,998,,202520,202528,194060,194068,8,1c41889b5ca0b389bff2b87b597a76386e51e014486e52a57b44cf72e8bf3470,0200000013fd0200,,,,,False,,,,,,,,,,False,False
/fielddata/script/scr_seq_release.narc,/fielddata/script/scr_seq_release.narc!/member_00999,0,/fielddata/script/scr_seq_release.narc,271,999,,202528,202712,194068,194252,184,6a5a8dce80931cdc42fc1021eecaf7454fe66bcbba938f7b019454cccd1ed53f,0a000000660000009d00000013fd4900,,,,,False,,,,,,,,,,False,False
/fielddata/script/scr_seq_release.narc,/fielddata/script/scr_seq_release.narc!/member_01000,0,/fielddata/script/scr_seq_release.narc,271,1000,,202712,202760,194252,194300,48,02488b423a1484656a1ea2078ef334df9885e83777fd2c31f8d66933c9be287b,060000001500000013fd4900dc056000,,,,,False,,,,,,,,,,False,False
/fielddata/script/scr_seq_release.narc,/fielddata/script/scr_seq_release.narc!/member_01001,0,/fielddata/script/scr_seq_release.narc,271,1001,,202760,202960,194300,194500,200,c6e92b603642e4fe87463a0a556cda7c201c59ab5ccf0dc6b9dab11e7012d065,0a000000190000009d00000013fd4900,,,,,False,,,,,,,,,,False,False
/fielddata/script/scr_seq_release.narc,/fielddata/script/scr_seq_release.narc!/member_01002,0,/fielddata/script/scr_seq_release.narc,271,1002,,202960,203320,194500,194860,360,ec421c4442dfbac4a6293b7ddedd88a75c592a946188dab20bd5644aac7090c8,4b0000005a0000008700000096000000,,,,,False,,,,,,,,,,False,False
/fielddata/script/scr_seq_release.narc,/fielddata/script/scr_seq_release.narc!/member_01003,0,/fielddata/script/scr_seq_release.narc,271,1003,,203320,203420,194860,194960,100,4309ac0f2d6ba565bf2c33a28602507a2daff454a5517bba92a61702c39069f6,0e000000200000003200000041000000,,,,,False,,,,,,,,,,False,False
/fielddata/script/scr_seq_release.narc,/fielddata/script/scr_seq_release.narc!/member_01004,0,/fielddata/script/scr_seq_release.narc,271,1004,,203420,203484,194960,195024,64,4564a29b5084987c711b3e86877843a92abf3c095af51ffaac40243395e937a0,0a000000120000002100000013fd2800,,,,,False,,,,,,,,,,False,False
/fielddata/script/scr_seq_release.narc,/fielddata/script/scr_seq_release.narc!/member_01005,0,/fielddata/script/scr_seq_release.narc,271,1005,,203484,203492,195024,195032,8,1c41889b5ca0b389bff2b87b597a76386e51e014486e52a57b44cf72e8bf3470,0200000013fd0200,,,,,False,,,,,,,,,,False,False
/fielddata/script/scr_seq_release.narc,/fielddata/script/scr_seq_release.narc!/member_01006,0,/fielddata/script/scr_seq_release.narc,271,1006,,203492,203500,195032,195040,8,1c41889b5ca0b389bff2b87b597a76386e51e014486e52a57b44cf72e8bf3470,0200000013fd0200,,,,,False,,,,,,,,,,False,False
/fielddata/script/scr_seq_release.narc,/fielddata/script/scr_seq_release.narc!/member_01007,0,/fielddata/script/scr_seq_release.narc,271,1007,,203500,203612,195040,195152,112,a765d9dd805eee3e802b2dfdc66c126a336cc383d1c7753ab225b84533814e81,0a000000190000005000000013fd2000,,,,,False,,,,,,,,,,False,False
/fielddata/script/scr_seq_release.narc,/fielddata/script/scr_seq_release.narc!/member_01008,0,/fielddata/script/scr_seq_release.narc,271,1008,,203612,203676,195152,195216,64,218fdd29f9105b61d5f6cbefa0530086cf5cf30f6cf716ea2ed3468819a6218e,060000002400000013fd4900dc056000,,,,,False,,,,,,,,,,False,False
/fielddata/script/scr_seq_release.narc,/fielddata/script/scr_seq_release.narc!/member_01009,0,/fielddata/script/scr_seq_release.narc,271,1009,,203676,204500,195216,196040,824,0e7449e32b9c85c08a74db090d4a38d88786c4513f8971661581f6b8439bb185,0a00000092020000a102000013fd4900,,,,,False,,,,,,,,,,False,False
/fielddata/script/scr_seq_release.narc,/fielddata/script/scr_seq_release.narc!/member_01010,0,/fielddata/script/scr_seq_release.narc,271,1010,,204500,204548,196040,196088,48,02488b423a1484656a1ea2078ef334df9885e83777fd2c31f8d66933c9be287b,060000001500000013fd4900dc056000,,,,,False,,,,,,,,,,False,False
/fielddata/script/scr_seq_release.narc,/fielddata/script/scr_seq_release.narc!/member_01011,0,/fielddata/script/scr_seq_release.narc,271,1011,,204548,204876,196088,196416,328,9cf749779c52c3e5a3a90429f33439dd37bce8b396c75f90a8dc1b6d435f79b8,08000000ff00000013fd02004900dc05,,,,,False,,,,,,,,,,False,False
/fielddata/script/scr_seq_release.narc,/fielddata/script/scr_seq_release.narc!/member_01012,0,/fielddata/script/scr_seq_release.narc,271,1012,,204876,205760,196416,197300,884,8f75a6681ddbde5ebf74df2f2d198c5ccc63dd7fa515f71262e7d44f6d079f64,2a0000005c0200001802000024000000,,,,,False,,,,,,,,,,False,False
/fielddata/script/scr_seq_release.narc,/fielddata/script/scr_seq_release.narc!/member_01013,0,/fielddata/script/scr_seq_release.narc,271,1013,,205760,205816,197300,197356,56,587b1c715e336ce9c5fc86d5213683b693fa4b8d6d03bc8dbb83bb96b6f02d5f,060000001800000013fd4900dc056000,,,,,False,,,,,,,,,,False,False
/fielddata/script/scr_seq_release.narc,/fielddata/script/scr_seq_release.narc!/member_01014,0,/fielddata/script/scr_seq_release.narc,271,1014,,205816,206044,197356,197584,228,d727c562e282f0ee901578dbf3656b4732735dd06e4f5915a6b140846765200f,0e000000160000002500000034000000,,,,,False,,,,,,,,,,False,False
/fielddata/script/scr_seq_release.narc,/fielddata/script/scr_seq_release.narc!/member_01015,0,/fielddata/script/scr_seq_release.narc,271,1015,,206044,206052,197584,197592,8,1c41889b5ca0b389bff2b87b597a76386e51e014486e52a57b44cf72e8bf3470,0200000013fd0200,,,,,False,,,,,,,,,,False,False
/fielddata/script/scr_seq_release.narc,/fielddata/script/scr_seq_release.narc!/member_01016,0,/fielddata/script/scr_seq_release.narc,271,1016,,206052,206060,197592,197600,8,1c41889b5ca0b389bff2b87b597a76386e51e014486e52a57b44cf72e8bf3470,0200000013fd0200,,,,,False,,,,,,,,,,False,False
/fielddata/script/scr_seq_release.narc,/fielddata/script/scr_seq_release.narc!/member_01017,0,/fielddata/script/scr_seq_release.narc,271,1017,,206060,206300,197600,197840,240,ed3af16f60d0ba1471c1bee3ac370d1096067b1853fdd46754bc245fa9ace49b,1800000027000000a7000000b6000000,,,,,False,,,,,,,,,,False,False
/fielddata/script/scr_seq_release.narc,/fielddata/script/scr_seq_release.narc!/member_01018,0,/fielddata/script/scr_seq_release.narc,271,1018,,206300,206684,197840,198224,384,c6cd7536eb6e4dedbc74b9d4b097a3d99558aa2ca697c3e53e410c99f2863b79,0e000000230000003500000047000000,,,,,False,,,,,,,,,,False,False
/fielddata/script/scr_seq_release.narc,/fielddata/script/scr_seq_release.narc!/member_01019,0,/fielddata/script/scr_seq_release.narc,271,1019,,206684,206732,198224,198272,48,02488b423a1484656a1ea2078ef334df9885e83777fd2c31f8d66933c9be287b,060000001500000013fd4900dc056000,,,,,False,,,,,,,,,,False,False
/fielddata/script/scr_seq_release.narc,/fielddata/script/scr_seq_release.narc!/member_01020,0,/fielddata/script/scr_seq_release.narc,271,1020,,206732,206832,198272,198372,100,24996c442d5ef68b94201493b274f1669ce2d5c6c201fc1edd3f31f24045dc82,060000003d00000013fd4900dc056000,,,,,False,,,,,,,,,,False,False
/fielddata/script/scr_seq_release.narc,/fielddata/script/scr_seq_release.narc!/member_01021,0,/fielddata/script/scr_seq_release.narc,271,1021,,206832,207228,198372,198768,396,7588cf9cf20e1b7175c9a225554ad2626d455b6b8cf989427bb06aafe2eab81c,0200000013fd4900dc0560002000a700,,,,,False,,,,,,,,,,False,False
/fielddata/script/scr_seq_release.narc,/fielddata/script/scr_seq_release.narc!/member_01022,0,/fielddata/script/scr_seq_release.narc,271,1022,,207228,207396,198768,198936,168,c45d128447d96e1bfa69490c59b55a3df92f971513e7fd1f53f9073dbf93bf68,1200000021000000300000003f000000,,,,,False,,,,,,,,,,False,False
/fielddata/script/scr_seq_release.narc,/fielddata/script/scr_seq_release.narc!/member_01023,0,/fielddata/script/scr_seq_release.narc,271,1023,,207396,207476,198936,199016,80,db609becd20bbdba8244dbea7e9dd7148489fb43c24603e33a3e1200eef96530,0e000000200000001e0000002d000000,,,,,False,,,,,,,,,,False,False
/fielddata/script/scr_seq_release.narc,/fielddata/script/scr_seq_release.narc!/member_01024,0,/fielddata/script/scr_seq_release.narc,271,1024,,207476,207564,199016,199104,88,c71defd6fade1123dd8b199d962b39e3991cb4ea3983a626ceeec0950db583ee,0e000000160000002500000034000000,,,,,False,,,,,,,,,,False,False
/fielddata/script/scr_seq_release.narc,/fielddata/script/scr_seq_release.narc!/member_01025,0,/fielddata/script/scr_seq_release.narc,271,1025,,207564,207572,199104,199112,8,1c41889b5ca0b389bff2b87b597a76386e51e014486e52a57b44cf72e8bf3470,0200000013fd0200,,,,,False,,,,,,,,,,False,False
/fielddata/script/scr_seq_release.narc,/fielddata/script/scr_seq_release.narc!/member_01026,0,/fielddata/script/scr_seq_release.narc,271,1026,,207572,207580,199112,199120,8,1c41889b5ca0b389bff2b87b597a76386e51e014486e52a57b44cf72e8bf3470,0200000013fd0200,,,,,False,,,,,,,,,,False,False
/fielddata/script/scr_seq_release.narc,/fielddata/script/scr_seq_release.narc!/member_01027,0,/fielddata/script/scr_seq_release.narc,271,1027,,207580,207820,199120,199360,240,427334943e9c295224d1bf2a1fe8328c438154f993e42aea74b9bae5a282886a,060000004100000013fd4900dc056000,,,,,False,,,,,,,,,,False,False
/fielddata/script/scr_seq_release.narc,/fielddata/script/scr_seq_release.narc!/member_01028,0,/fielddata/script/scr_seq_release.narc,271,1028,,207820,207916,199360,199456,96,c093ec34f81af70f1040be0b91916134b3c5d2803ba0eda0827345b4b867f301,0200000013fd4900dc05600068002000,,,,,False,,,,,,,,,,False,False
/fielddata/script/scr_seq_release.narc,/fielddata/script/scr_seq_release.narc!/member_01029,0,/fielddata/script/scr_seq_release.narc,271,1029,,207916,207944,199456,199484,28,7bf6a5d9589b01603e296ad53e577bcc5567d935ab89f0267d13792eb791e4e3,0200000013fd4900dc05600068002c00,,,,,False,,,,,,,,,,False,False
/fielddata/script/scr_seq_release.narc,/fielddata/script/scr_seq_release.narc!/member_01030,0,/fielddata/script/scr_seq_release.narc,271,1030,,207944,208116,199484,199656,172,e1a474edfdcf137f7030fcfe8cb0ab8399069dbab2b25a8502c794241b63c6a2,1a000000290000003800000047000000,,,,,False,,,,,,,,,,False,False
/fielddata/script/scr_seq_release.narc,/fielddata/script/scr_seq_release.narc!/member_01031,0,/fielddata/script/scr_seq_release.narc,271,1031,,208116,208152,199656,199692,36,465e125dbeed71c693f32b343af5ab0f87ad597c19ece158d66c7a1af2bd7ca3,060000001800000013fd4900dc056000,,,,,False,,,,,,,,,,False,False
/fielddata/script/scr_seq_release.narc,/fielddata/script/scr_seq_release.narc!/member_01032,0,/fielddata/script/scr_seq_release.narc,271,1032,,208152,208216,199692,199756,64,4564a29b5084987c711b3e86877843a92abf3c095af51ffaac40243395e937a0,0a000000120000002100000013fd2800,,,,,False,,,,,,,,,,False,False
/fielddata/script/scr_seq_release.narc,/fielddata/script/scr_seq_release.narc!/member_01033,0,/fielddata/script/scr_seq_release.narc,271,1033,,208216,208224,199756,199764,8,1c41889b5ca0b389bff2b87b597a76386e51e014486e52a57b44cf72e8bf3470,0200000013fd0200,,,,,False,,,,,,,,,,False,False
/fielddata/script/scr_seq_release.narc,/fielddata/script/scr_seq_release.narc!/member_01034,0,/fielddata/script/scr_seq_release.narc,271,1034,,208224,208232,199764,199772,8,1c41889b5ca0b389bff2b87b597a76386e51e014486e52a57b44cf72e8bf3470,0200000013fd0200,,,,,False,,,,,,,,,,False,False
/fielddata/script/scr_seq_release.narc,/fielddata/script/scr_seq_release.narc!/member_01035,0,/fielddata/script/scr_seq_release.narc,271,1035,,208232,208972,199772,200512,740,d5934b150575a7d947ecc95ed685d4b6817ba2261b90932a10ac92a6b0da65d5,bc000000ce0000004702000056020000,,,,,False,,,,,,,,,,False,False
/fielddata/script/scr_seq_release.narc,/fielddata/script/scr_seq_release.narc!/member_01036,0,/fielddata/script/scr_seq_release.narc,271,1036,,208972,209748,200512,201288,776,8b735b8b2bf6385d45772a60f51231cd02a62df81443fe2403cb9adcb80a414a,0e000000c4020000d3020000e2020000,,,,,False,,,,,,,,,,False,False
/fielddata/script/scr_seq_release.narc,/fielddata/script/scr_seq_release.narc!/member_01037,0,/fielddata/script/scr_seq_release.narc,271,1037,,209748,210136,201288,201676,388,628268efaa20924294b75e203ff6de21210fbb64d4906cd6e0a8d64d8e4972c5,0200000013fd4900dc05600068001c01,,,,,False,,,,,,,,,,False,False
/fielddata/script/scr_seq_release.narc,/fielddata/script/scr_seq_release.narc!/member_01038,0,/fielddata/script/scr_seq_release.narc,271,1038,,210136,210252,201676,201792,116,0068db8bc932d66d2212f52422e8f28322edc079c7c9386aee8b24907775652a,0a000000190000002800000013fd4900,,,,,False,,,,,,,,,,False,False
/fielddata/script/scr_seq_release.narc,/fielddata/script/scr_seq_release.narc!/member_01039,0,/fielddata/script/scr_seq_release.narc,271,1039,,210252,210328,201792,201868,76,11b1ebc189080222db83607de0c50dae436d4792eb1412bcb9afa2e7f3500dfe,0200000013fd4900dc05600068002000,,,,,False,,,,,,,,,,False,False
/fielddata/script/scr_seq_release.narc,/fielddata/script/scr_seq_release.narc!/member_01040,0,/fielddata/script/scr_seq_release.narc,271,1040,,210328,214728,201868,206268,4400,e44b0dbf8e2f69f97fdebe0fb7c9932fcd28cdf122093936937644e9ac8b6f54,4a0d0000460d0000420d00003e0d0000,,,,,False,,,,,,,,,,False,False
/fielddata/script/scr_seq_release.narc,/fielddata/script/scr_seq_release.narc!/member_01041,0,/fielddata/script/scr_seq_release.narc,271,1041,,214728,215004,206268,206544,276,34063077033d35f1b5d930dd91a49de2b90c7cb03daa847de38acc6deb89223d,0200000013fd4900dc05600035020000,,,,,False,,,,,,,,,,False,False
/fielddata/script/scr_seq_release.narc,/fielddata/script/scr_seq_release.narc!/member_01042,0,/fielddata/script/scr_seq_release.narc,271,1042,,215004,215564,206544,207104,560,722196ce8b74ead9e3ecfc807bb290a43a1b3df8de449d63c4b38ea230c327a1,320000003a000000420000004a000000,,,,,False,,,,,,,,,,False,False
/fielddata/script/scr_seq_release.narc,/fielddata/script/scr_seq_release.narc!/member_01043,0,/fielddata/script/scr_seq_release.narc,271,1043,,215564,216388,207104,207928,824,a075c6cd5bec7d65163c8106c8eefa6d3814d0099f244599d5ebdb8265c76d9a,16000000b6000000db0000007f010000,,,,,False,,,,,,,,,,False,False
/fielddata/script/scr_seq_release.narc,/fielddata/script/scr_seq_release.narc!/member_01044,0,/fielddata/script/scr_seq_release.narc,271,1044,,216388,219212,207928,210752,2824,aae2b4df70beed8f745c351fe0ca4d648882e026cab5c9d87ae35c4eab0ccefa,1e0000001c0000001a0000001a000000,,,,,False,,,,,,,,,,False,False
/fielddata/script/scr_seq_release.narc,/fielddata/script/scr_seq_release.narc!/member_01045,0,/fielddata/script/scr_seq_release.narc,271,1045,,219212,219220,210752,210760,8,1c41889b5ca0b389bff2b87b597a76386e51e014486e52a57b44cf72e8bf3470,0200000013fd0200,,,,,False,,,,,,,,,,False,False
/fielddata/script/scr_seq_release.narc,/fielddata/script/scr_seq_release.narc!/member_01046,0,/fielddata/script/scr_seq_release.narc,271,1046,,219220,219228,210760,210768,8,1c41889b5ca0b389bff2b87b597a76386e51e014486e52a57b44cf72e8bf3470,0200000013fd0200,,,,,False,,,,,,,,,,False,False
/fielddata/script/scr_seq_release.narc,/fielddata/script/scr_seq_release.narc!/member_01047,0,/fielddata/script/scr_seq_release.narc,271,1047,,219228,219284,210768,210824,56,6f83660219880addf2265a0005ce8a96b47223889627c873341a6c885e6e37db,060000001900000013fd360000010000,,,,,False,,,,,,,,,,False,False
/fielddata/script/scr_seq_release.narc,/fielddata/script/scr_seq_release.narc!/member_01048,0,/fielddata/script/scr_seq_release.narc,271,1048,,219284,219532,210824,211072,248,5be09a0bfb8128c58222951434df9e8d39945141163d82af25c264d3bd990136,0a0000000c000000db00000013fd1e00,,,,,False,,,,,,,,,,False,False
/fielddata/script/scr_seq_release.narc,/fielddata/script/scr_seq_release.narc!/member_01049,0,/fielddata/script/scr_seq_release.narc,271,1049,,219532,219608,211072,211148,76,6fb0f3c172ff69eb0c606386a188e8e497a36f33a08ac08ca0ae8f429794b2d9,0a0000001d0000002c00000013fd3600,,,,,False,,,,,,,,,,False,False
/fielddata/script/scr_seq_release.narc,/fielddata/script/scr_seq_release.narc!/member_01050,0,/fielddata/script/scr_seq_release.narc,271,1050,,219608,219608,211148,211148,0,e3b0c44298fc1c149afbf4c8996fb92427ae41e4649b934ca495991b7852b855,,,,,,False,,,,,,,,,,False,False
/graphic/bag_gra.narc,/graphic/bag_gra.narc!/member_00000,0,/graphic/bag_gra.narc,272,0,,364,1736,0,1372,1372,b3a43c514641d9e5f9d4a2f3c91abe8958ed1783cbf3cfdc48e1fd18eeb010b9,524e414efffe00015c05000010000300,,NANR animation,Confirmed,True,False,,,,,,,,,,False,False
/graphic/bag_gra.narc,/graphic/bag_gra.narc!/member_00001,0,/graphic/bag_gra.narc,272,1,,1736,2164,1372,1800,428,ae07fa7828f5b974beaedea646965e32810649614394864ef83a1afc4086ba14,5245434efffe0001ac01000010000300,,NCER cell,Confirmed,True,False,,,,,,,,,,False,False
/graphic/bag_gra.narc,/graphic/bag_gra.narc!/member_00002,0,/graphic/bag_gra.narc,272,2,,2164,18596,1800,18232,16432,0dcb9229d1efc239213284decc183ee8a06c1080c3bdf99734370b86f432c81d,5247434efffe01013040000010000100,,NCGR graphics,Confirmed,True,False,,,,,,,,,,False,False
/graphic/bag_gra.narc,/graphic/bag_gra.narc!/member_00003,0,/graphic/bag_gra.narc,272,3,,18596,19148,18232,18784,552,513c61b74eedd0bc466468cd9c3b8aa35b184f5a4ea9ef96c90fb58907f29bf5,524c434efffe00012802000010000100,,NCLR palette,Confirmed,True,False,,,,,,,,,,False,False
/graphic/bag_gra.narc,/graphic/bag_gra.narc!/member_00004,0,/graphic/bag_gra.narc,272,4,,19148,19388,18784,19024,240,2e7ff85f6b834e300940a7cabad31399c4804b33c0a96bb07787043cbbd857ab,524e414efffe0001f000000010000300,,NANR animation,Confirmed,True,False,,,,,,,,,,False,False
/graphic/bag_gra.narc,/graphic/bag_gra.narc!/member_00005,0,/graphic/bag_gra.narc,272,5,,19388,19604,19024,19240,216,4fa3b583059451ea9b97bd4f28e0cc02485de0ef823f1f91f62e43ef03845153,5245434efffe0001d800000010000300,,NCER cell,Confirmed,True,False,,,,,,,,,,False,False
/graphic/bag_gra.narc,/graphic/bag_gra.narc!/member_00006,0,/graphic/bag_gra.narc,272,6,,19604,19908,19240,19544,304,80557880d25d3c9582879f07bb295fdc72c354dbf747f42beb12897eb1fb16eb,5247434efffe01013001000010000100,,NCGR graphics,Confirmed,True,False,,,,,,,,,,False,False
/graphic/bag_gra.narc,/graphic/bag_gra.narc!/member_00007,0,/graphic/bag_gra.narc,272,7,,19908,27140,19544,26776,7232,459cac9f871cd235c45b78d83ab68508c4bf88e73b72775554d07d991f7cd587,5247434efffe0101401c000010000200,,NCGR graphics,Confirmed,True,False,,,,,,,,,,False,False
/graphic/bag_gra.narc,/graphic/bag_gra.narc!/member_00008,0,/graphic/bag_gra.narc,272,8,,27140,27692,26776,27328,552,d9e046eb0925bdb82d65929259b8b897dda74755ea004b37d27a00c7f79cd91e,524c434efffe00012802000010000100,,NCLR palette,Confirmed,True,False,,,,,,,,,,False,False
/graphic/bag_gra.narc,/graphic/bag_gra.narc!/member_00009,0,/graphic/bag_gra.narc,272,9,,27692,29776,27328,29412,2084,ec564c28d192b4eb89bd4dd1181743851e8311287f0af7956e8ba33d2fed1b71,5243534efffe00012408000010000100,,NSCR screen map,Confirmed,True,False,,,,,,,,,,False,False
/graphic/bag_gra.narc,/graphic/bag_gra.narc!/member_00010,0,/graphic/bag_gra.narc,272,10,,29776,31860,29412,31496,2084,15bcc1a11ec0e38a930439d8f8daa523cb6e810f93ea262ffacbb131a9b88118,5243534efffe00012408000010000100,,NSCR screen map,Confirmed,True,False,,,,,,,,,,False,False
/graphic/bag_gra.narc,/graphic/bag_gra.narc!/member_00011,0,/graphic/bag_gra.narc,272,11,,31860,36020,31496,35656,4160,7ec7293420304b34216e4ae3c0afbac7de981ea1a4c56b2414a2c7794a238501,5247434efffe01014010000010000200,,NCGR graphics,Confirmed,True,False,,,,,,,,,,False,False
/graphic/bag_gra.narc,/graphic/bag_gra.narc!/member_00012,0,/graphic/bag_gra.narc,272,12,,36020,36572,35656,36208,552,fd11ad904a708cab7965bcb2de4cb6caddbad1bf595a58e436235b95662f4637,524c434efffe00012802000010000100,,NCLR palette,Confirmed,True,False,,,,,,,,,,False,False
/graphic/bag_gra.narc,/graphic/bag_gra.narc!/member_00013,0,/graphic/bag_gra.narc,272,13,,36572,38144,36208,37780,1572,d191281923361f2b79310df88decf920294e95d23e1ef3cf40ad402d4617b4a9,5243534efffe00012406000010000100,,NSCR screen map,Confirmed,True,False,,,,,,,,,,False,False
/graphic/bag_gra.narc,/graphic/bag_gra.narc!/member_00014,0,/graphic/bag_gra.narc,272,14,,38144,38696,37780,38332,552,55513da5a8832dd3362b8b15ecb96104b838b588c1b5f6cdeb3b591f99404012,524c434efffe00012802000010000100,,NCLR palette,Confirmed,True,False,,,,,,,,,,False,False
/graphic/bag_gra.narc,/graphic/bag_gra.narc!/member_00015,0,/graphic/bag_gra.narc,272,15,,38696,64680,38332,64316,25984,bc983ac534c34fd59a13824b07e3d78ed11d5ded60a4c2cd3186c5112b7a5ee0,5247434efffe01018065000010000200,,NCGR graphics,Confirmed,True,False,,,,,,,,,,False,False
/graphic/bag_gra.narc,/graphic/bag_gra.narc!/member_00016,0,/graphic/bag_gra.narc,272,16,,64680,65232,64316,64868,552,c52e5695c39f0882977758e8cb8da49f3ea43351055056f698bc361cafe9a988,524c434efffe00012802000010000100,,NCLR palette,Confirmed,True,False,,,,,,,,,,False,False
/graphic/bag_gra.narc,/graphic/bag_gra.narc!/member_00017,0,/graphic/bag_gra.narc,272,17,,65232,67344,64868,66980,2112,a06aabc6a975861028b7eee350e2351d6c026e89e8fa8dfb9d6ade9033ddb436,5247434efffe01014008000010000200,,NCGR graphics,Confirmed,True,False,,,,,,,,,,False,False
/graphic/bag_gra.narc,/graphic/bag_gra.narc!/member_00018,0,/graphic/bag_gra.narc,272,18,,67344,67896,66980,67532,552,3d9b9966575f05fff18f2e8d7e4189851e72ad525c86c6af4c68ce16929000eb,524c434efffe00012802000010000100,,NCLR palette,Confirmed,True,False,,,,,,,,,,False,False
/graphic/bag_gra.narc,/graphic/bag_gra.narc!/member_00019,0,/graphic/bag_gra.narc,272,19,,67896,68007,67532,67643,111,30249884bd91f10bc9d4e13e7b1495f09991b6f488405a0cdbb61cfb402d10ca,524e414efffe00016f00000010000300,,NANR animation,Confirmed,True,False,,,,,,,,,,False,False
/graphic/bag_gra.narc,/graphic/bag_gra.narc!/member_00020,0,/graphic/bag_gra.narc,272,20,,68008,68115,67644,67751,107,cf1787e90933add36e347e91e44255574abc71a4a5562e69e744f4c3ef1a5962,5245434efffe00016b00000010000300,,NCER cell,Confirmed,True,False,,,,,,,,,,False,False
/graphic/bag_gra.narc,/graphic/bag_gra.narc!/member_00021,0,/graphic/bag_gra.narc,272,21,,68116,68292,67752,67928,176,8b43da2231d3bee9c6a14a7eb18b18ff480a2aa7ede8a6a425e35a75fa0a6e9f,5247434efffe0101b000000010000100,,NCGR graphics,Confirmed,True,False,,,,,,,,,,False,False
/graphic/bag_gra.narc,/graphic/bag_gra.narc!/member_00022,0,/graphic/bag_gra.narc,272,22,,68292,68403,67928,68039,111,30249884bd91f10bc9d4e13e7b1495f09991b6f488405a0cdbb61cfb402d10ca,524e414efffe00016f00000010000300,,NANR animation,Confirmed,True,False,,,,,,,,,,False,False
/graphic/bag_gra.narc,/graphic/bag_gra.narc!/member_00023,0,/graphic/bag_gra.narc,272,23,,68404,68527,68040,68163,123,c95fb9c8b7a4f2424325992cceb528e6eeac84ec3025963564a483cbcff2860b,5245434efffe00017b00000010000300,,NCER cell,Confirmed,True,False,,,,,,,,,,False,False
/graphic/bag_gra.narc,/graphic/bag_gra.narc!/member_00024,0,/graphic/bag_gra.narc,272,24,,68528,71008,68164,70644,2480,24b81c29eb62aa3e10e890c68c71d133e811bc926765b10c63866693bdb7c4be,5247434efffe0101b009000010000100,,NCGR graphics,Confirmed,True,False,,,,,,,,,,False,False
/graphic/bag_gra.narc,/graphic/bag_gra.narc!/member_00025,0,/graphic/bag_gra.narc,272,25,,71008,71119,70644,70755,111,30249884bd91f10bc9d4e13e7b1495f09991b6f488405a0cdbb61cfb402d10ca,524e414efffe00016f00000010000300,,NANR animation,Confirmed,True,False,,,,,,,,,,False,False
/graphic/bag_gra.narc,/graphic/bag_gra.narc!/member_00026,0,/graphic/bag_gra.narc,272,26,,71120,71251,70756,70887,131,f53df49fdd57186e79e287751dd0047d644dd24e7d6a8fee002291404de87e1e,5245434efffe00018300000010000300,,NCER cell,Confirmed,True,False,,,,,,,,,,False,False
/graphic/bag_gra.narc,/graphic/bag_gra.narc!/member_00027,0,/graphic/bag_gra.narc,272,27,,71252,72452,70888,72088,1200,1fff5e67ee581a81bae88254f8d7cb01c4bb10352f6d4ba6d4fb2037da5337fe,5247434efffe0101b004000010000100,,NCGR graphics,Confirmed,True,False,,,,,,,,,,False,False
/graphic/bag_gra.narc,/graphic/bag_gra.narc!/member_00028,0,/graphic/bag_gra.narc,272,28,,72452,72579,72088,72215,127,e719c5eedad655f4c76e43e76bc5b966821abd55d2638516360e71d769b0c0d0,524e414efffe00017f00000010000300,,NANR animation,Confirmed,True,False,,,,,,,,,,False,False
/graphic/bag_gra.narc,/graphic/bag_gra.narc!/member_00029,0,/graphic/bag_gra.narc,272,29,,72580,72727,72216,72363,147,88d302ced02235827ec5a455ccc6c8c2d0feba3c226eaf88b1460e4391d5aca0,5245434efffe00019300000010000300,,NCER cell,Confirmed,True,False,,,,,,,,,,False,False
/graphic/bag_gra.narc,/graphic/bag_gra.narc!/member_00030,0,/graphic/bag_gra.narc,272,30,,72728,79432,72364,79068,6704,051f14d967b0f3e359ae474b849edf646d78b05ed6c409baf4046583f2d06883,5247434efffe0101301a000010000100,,NCGR graphics,Confirmed,True,False,,,,,,,,,,False,False
/graphic/bag_gra.narc,/graphic/bag_gra.narc!/member_00031,0,/graphic/bag_gra.narc,272,31,,79432,79984,79068,79620,552,3a4f33d23fac6c1bc72558615d9789f063050012328fc041ae4c83315407ebdc,524c434efffe00012802000010000100,,NCLR palette,Confirmed,True,False,,,,,,,,,,False,False
/graphic/bag_gra.narc,/graphic/bag_gra.narc!/member_00032,0,/graphic/bag_gra.narc,272,32,,79984,81356,79620,80992,1372,b3a43c514641d9e5f9d4a2f3c91abe8958ed1783cbf3cfdc48e1fd18eeb010b9,524e414efffe00015c05000010000300,,NANR animation,Confirmed,True,False,,,,,,,,,,False,False
/graphic/bag_gra.narc,/graphic/bag_gra.narc!/member_00033,0,/graphic/bag_gra.narc,272,33,,81356,81784,80992,81420,428,ae07fa7828f5b974beaedea646965e32810649614394864ef83a1afc4086ba14,5245434efffe0001ac01000010000300,,NCER cell,Confirmed,True,False,,,,,,,,,,False,False
/graphic/bag_gra.narc,/graphic/bag_gra.narc!/member_00034,0,/graphic/bag_gra.narc,272,34,,81784,98216,81420,97852,16432,c69c08045ce79c395f91dbf969b336684a5e12b0f90c228214b50a3cb385c5c9,5247434efffe01013040000010000100,,NCGR graphics,Confirmed,True,False,,,,,,,,,,False,False
/graphic/bag_gra.narc,/graphic/bag_gra.narc!/member_00035,0,/graphic/bag_gra.narc,272,35,,98216,98768,97852,98404,552,513c61b74eedd0bc466468cd9c3b8aa35b184f5a4ea9ef96c90fb58907f29bf5,524c434efffe00012802000010000100,,NCLR palette,Confirmed,True,False,,,,,,,,,,False,False
/graphic/bag_gra.narc,/graphic/bag_gra.narc!/member_00036,0,/graphic/bag_gra.narc,272,36,,98768,99828,98404,99464,1060,d38e9ad768689d002dc3afca984ed4c3467a9e6cc1c5af0f897061403d9b9ed4,5243534efffe00012404000010000100,,NSCR screen map,Confirmed,True,False,,,,,,,,,,False,False
/graphic/bag_gra.narc,/graphic/bag_gra.narc!/member_00037,0,/graphic/bag_gra.narc,272,37,,99828,105012,99464,104648,5184,c024a1a7b47d71079e891c6c66ee4222063b81eba4ff11df122d22eba9607f63,5247434efffe01014014000010000200,,NCGR graphics,Confirmed,True,False,,,,,,,,,,False,False
/graphic/bag_gra.narc,/graphic/bag_gra.narc!/member_00038,0,/graphic/bag_gra.narc,272,38,,105012,105588,104648,105224,576,63d827a1070dcd929f090ca4b0ef9f574e622bfb8f78a119c214cd13de0139ff,5247434efffe01014002000010000200,,NCGR graphics,Confirmed,True,False,,,,,,,,,,False,False
/graphic/box.narc,/graphic/box.narc!/member_00000,0,/graphic/box.narc,273,0,,1020,1366,0,346,346,06556ec54b043dc95551c99a2a141524528a780347f7a9a8cf5dbcbef86e26e5,10240600005243534efffe0001002406,,Nintendo LZ10,Probable,,True,Nintendo LZ10,Confirmed,True,1572,True,1572,2bd9e0025118a851d44d53eb32b9edd42205e59621f2ba75db88c2f7c423da15,NSCR screen map,Confirmed,False,False
/graphic/box.narc,/graphic/box.narc!/member_00001,0,/graphic/box.narc,273,1,,1368,3888,348,2868,2520,3dd84394d30b9b9fb770564b112b1cbe538a07d038c333abefe7c55d2facca1f,10402400005247434efffe0101004024,,Nintendo LZ10,Probable,,True,Nintendo LZ10,Confirmed,True,9280,True,9280,5cfb23e9bf01ec86549240392ffa428ec23cf903cc53e30eb99b2628db5286db,NCGR graphics,Confirmed,False,False
/graphic/box.narc,/graphic/box.narc!/member_00002,0,/graphic/box.narc,273,2,,3888,4010,2868,2990,122,fb1711dabaa0522a1dbb40dd519a9b21973fe54409fc2421415326f8fb03601a,10e40100005243534efffe000100e401,,Nintendo LZ10,Probable,,True,Nintendo LZ10,Confirmed,True,484,True,484,7f85e7a8935c80f30a83b841ba32256bb4fc5372c45cbb6b026b65546989dcb1,NSCR screen map,Confirmed,False,False
/graphic/box.narc,/graphic/box.narc!/member_00003,0,/graphic/box.narc,273,3,,4012,4160,2992,3140,148,45f78937ebb6c7770fbd7f96d70b16f4ec04eb33dfa659c5f18734c8ddbe32d1,10a40200005243534efffe000100a402,,Nintendo LZ10,Probable,,True,Nintendo LZ10,Confirmed,True,676,True,676,deeb63b9e66c818e8df2542a4bd2c502c518e8a00998103aef847ee5ac11b7f5,NSCR screen map,Confirmed,False,False
/graphic/box.narc,/graphic/box.narc!/member_00004,0,/graphic/box.narc,273,4,,4160,4450,3140,3430,290,db53b3a4048200cbaf09f3c78006da6c1eafcb3e41496d66a24ef2bebbfa0208,10400400005247434efffe0101004004,,Nintendo LZ10,Probable,,True,Nintendo LZ10,Confirmed,True,1088,True,1088,6de005ad08ffe750021cb30be60fe6ae8d9d7d90d36f09a4617b969b614e0864,NCGR graphics,Confirmed,False,False
/graphic/box.narc,/graphic/box.narc!/member_00005,0,/graphic/box.narc,273,5,,4452,4746,3432,3726,294,bd73c0489fb54be8293484018264fcd04d5e7c82f28177e8ae7ac4ce680dda8c,524c434efffe00012601000010000200,,NCLR palette,Confirmed,True,False,,,,,,,,,,False,False
/graphic/box.narc,/graphic/box.narc!/member_00006,0,/graphic/box.narc,273,6,,4748,5062,3728,4042,314,01265be1c207fe823ed328dfbe1a93f3d2ad05f1467b4bc62a5a07a8f72f1bea,10300300005243534efffe0001003003,,Nintendo LZ10,Probable,,True,Nintendo LZ10,Confirmed,True,816,True,816,2c418d425171eef283a1d7ed14f6fa4924b002a55493178f42b6ea50be718d01,NSCR screen map,Confirmed,False,False
/graphic/box.narc,/graphic/box.narc!/member_00007,0,/graphic/box.narc,273,7,,5064,5599,4044,4579,535,286a61c8c7f1183fffaa16c7f1151ee89228096f19fe2f1c5b4e1196812f190c,10240800005243534efffe0001002408,,Nintendo LZ10,Probable,,True,Nintendo LZ10,Confirmed,True,2084,True,2084,786f9c71553e13bf357adc49af5f25c3c112bbba6238af0e60f2925bcf772cf5,NSCR screen map,Confirmed,False,False
/graphic/box.narc,/graphic/box.narc!/member_00008,0,/graphic/box.narc,273,8,,5600,6135,4580,5115,535,bbc623a1ec28c516e36d2673b1242a730cd16aa9e404ac8088e29bc634288879,10240800005243534efffe0001002408,,Nintendo LZ10,Probable,,True,Nintendo LZ10,Confirmed,True,2084,True,2084,b1688c97f6e3f4aac9f48617109807a6bf9fc764d2ea8bf2141e9077695ea896,NSCR screen map,Confirmed,False,False
/graphic/box.narc,/graphic/box.narc!/member_00009,0,/graphic/box.narc,273,9,,6136,8101,5116,7081,1965,8d987f5c8b485a3128239463e6f688dba8552383289182655273fc6d7580ef83,10301b00005247434efffe010100301b,,Nintendo LZ10,Probable,,True,Nintendo LZ10,Confirmed,True,6960,True,6960,76389b9749c9ca26f97f92ef58590ebbab027b640f5dcf91b4a83fa713e96894,NCGR graphics,Confirmed,False,False
/graphic/box.narc,/graphic/box.narc!/member_00010,0,/graphic/box.narc,273,10,,8104,8243,7084,7223,139,c559594262824fc23d700e3c74cc85c6929523591092abf830b0a079038b15ef,10c10000005245434efffe000100c100,,Nintendo LZ10,Probable,,True,Nintendo LZ10,Confirmed,True,193,True,193,b344cbbd210021b8d3ba361f2a571ff90e1096595973a6ea4bd2a9cac21dad7a,NCER cell,Confirmed,False,False
/graphic/box.narc,/graphic/box.narc!/member_00011,0,/graphic/box.narc,273,11,,8244,8367,7224,7347,123,953bedde9b9c50f4d73b82a59e16422a22baf3d11a58401bac19d872da184872,10c5000000524e414efffe000100c500,,Nintendo LZ10,Probable,,True,Nintendo LZ10,Confirmed,True,197,True,197,9b8838542799af545826a6e45487d980f27529ed0408d02b0309e93c93f7ce86,NANR animation,Confirmed,False,False
/graphic/box.narc,/graphic/box.narc!/member_00012,0,/graphic/box.narc,273,12,,8368,9083,7348,8063,715,90ad36a8a8b097950d0c966a709f5468b4e48eeff6dcc6bd21f8446ef3b1c239,10300b00005247434efffe010100300b,,Nintendo LZ10,Probable,,True,Nintendo LZ10,Confirmed,True,2864,True,2864,82dd81dfea7766723b24d53c23e6d32c4499b632b868984f8c0bd275e2d5299d,NCGR graphics,Confirmed,False,False
/graphic/box.narc,/graphic/box.narc!/member_00013,0,/graphic/box.narc,273,13,,9084,9270,8064,8250,186,ffcb71840425e26a521970ea35870e96765883d03c692faacff52cc2df6110f1,103e0100005245434efffe0001003e01,,Nintendo LZ10,Probable,,True,Nintendo LZ10,Confirmed,True,318,True,318,a26ed2d2bf00719db5a7d415b6875a1a0c2accecba9e512ede84fb3cd390e75c,NCER cell,Confirmed,False,False
/graphic/box.narc,/graphic/box.narc!/member_00014,0,/graphic/box.narc,273,14,,9272,9592,8252,8572,320,20ccbb4a96d08a351366f3bcc19594880e3094fb0af7aa8e61c8446eafdcf5c6,107a020000524e414efffe0001007a02,,Nintendo LZ10,Probable,,True,Nintendo LZ10,Confirmed,True,634,True,634,8584117f01eeba37fdd0ead6364fe47e048152a37a1ff746fab8fe1d0c2253d9,NANR animation,Confirmed,False,False
/graphic/box.narc,/graphic/box.narc!/member_00015,0,/graphic/box.narc,273,15,,9592,9735,8572,8715,143,9eacdd2d8699df1e5a2b5d238411ca685d3338e9f6024511e8e1a5356eae40e1,10300300005247434efffe0101003003,,Nintendo LZ10,Probable,,True,Nintendo LZ10,Confirmed,True,816,True,816,c7576a354c9598ce36d0d219e3b6a04c5d132cfb76a73412f8bcdc883419db6a,NCGR graphics,Confirmed,False,False
/graphic/box.narc,/graphic/box.narc!/member_00016,0,/graphic/box.narc,273,16,,9736,9827,8716,8807,91,12f620b4b44aab3968d2d55073f74a41bbbe0f86106e96a27e0cd65efeed76ac,106f0000005245434efffe0001006f00,,Nintendo LZ10,Probable,,True,Nintendo LZ10,Confirmed,True,111,True,111,58f93f39ab97b5561e8c438fa47419efc8c8067e2082c013831585e1bd70a903,NCER cell,Confirmed,False,False
/graphic/box.narc,/graphic/box.narc!/member_00017,0,/graphic/box.narc,273,17,,9828,10085,8808,9065,257,83c9c2b7edf21ff016c8b774f7e54cbd419a6cff8779f03eaf85387f611e9e6e,10300400005247434efffe0101003004,,Nintendo LZ10,Probable,,True,Nintendo LZ10,Confirmed,True,1072,True,1072,655a9deea9ec4f494a1b302db73b89bf191e02e84da3c4fb8ac3b8ed14767435,NCGR graphics,Confirmed,False,False
/graphic/box.narc,/graphic/box.narc!/member_00018,0,/graphic/box.narc,273,18,,10088,10167,9068,9147,79,0ff7b850215299778c7af891099c7fb604c1f8eae473bce0de633cff18fdfbc4,10630000005245434efffe0001006300,,Nintendo LZ10,Probable,,True,Nintendo LZ10,Confirmed,True,99,True,99,8f5d0a6277a367103e6c23bd1680ca3e5f51353929691f5374a61a60a3aacfc3,NCER cell,Confirmed,False,False
/graphic/box.narc,/graphic/box.narc!/member_00019,0,/graphic/box.narc,273,19,,10168,10257,9148,9237,89,a0b2f2d152c11df428055b6857537241ba3f6eb3d577800c235d80e407b8452e,106f000000524e414efffe0001006f00,,Nintendo LZ10,Probable,,True,Nintendo LZ10,Confirmed,True,111,True,111,30249884bd91f10bc9d4e13e7b1495f09991b6f488405a0cdbb61cfb402d10ca,NANR animation,Confirmed,False,False
/graphic/box.narc,/graphic/box.narc!/member_00020,0,/graphic/box.narc,273,20,,10260,10350,9240,9330,90,e12e8bf0a4786785c182a94777ca39a3dab28ff24dc2829763ab22febebeb17c,524c434efffe00015a00000010000200,,NCLR palette,Confirmed,True,False,,,,,,,,,,False,False
/graphic/box.narc,/graphic/box.narc!/member_00021,0,/graphic/box.narc,273,21,,10352,10444,9332,9424,92,1bf70dc60ba5fb0988fbaa4af706dca9f54859feef7d890f91d03a171e1342be,10810000005245434efffe0001008100,,Nintendo LZ10,Probable,,True,Nintendo LZ10,Confirmed,True,129,True,129,2eaa8b62f8425f328c7540391eef2ad06c620efe236243603e6be9f7f618602b,NCER cell,Confirmed,False,False
/graphic/box.narc,/graphic/box.narc!/member_00022,0,/graphic/box.narc,273,22,,10444,10880,9424,9860,436,0347ead8e56be3d41653c4c14e1d395866aef3ef311ccf4b2bce63ef1664ba06,109d030000524e414efffe0001009d03,,Nintendo LZ10,Probable,,True,Nintendo LZ10,Confirmed,True,925,True,925,0730757c699dad6d85bbc9aac8ae6986cb7c677ac4bfb00f7453907d4e13289b,NANR animation,Confirmed,False,False
/graphic/box.narc,/graphic/box.narc!/member_00023,0,/graphic/box.narc,273,23,,10880,11004,9860,9984,124,c7ced3e22fdca376c0e591d85011e61dd6cd59a6a6c3c3ebbe056b36cf33770f,10c50000005245434efffe000100c500,,Nintendo LZ10,Probable,,True,Nintendo LZ10,Confirmed,True,197,True,197,3d48337eedc40db98e6a132c367da74690f48c4c5dd271c8482e7bbd670956ed,NCER cell,Confirmed,False,False
/graphic/box.narc,/graphic/box.narc!/member_00024,0,/graphic/box.narc,273,24,,11004,11319,9984,10299,315,4e7082d3a59d90c273514009a90c222a7b7e1ad8363f97ec884a8dbc89a3d043,10f1020000524e414efffe000100f102,,Nintendo LZ10,Probable,,True,Nintendo LZ10,Confirmed,True,753,True,753,23f1ffe0a491cd86b63bd25dc9b56a76adede6cf2abf3be6d37045bd3b824d7f,NANR animation,Confirmed,False,False
/graphic/box.narc,/graphic/box.narc!/member_00025,0,/graphic/box.narc,273,25,,11320,11579,10300,10559,259,c12cb24a104756c80e1ae00977cbe3214e5be2335cf5c91e1248f9f85a80c117,10c00100005247434efffe010100c001,,Nintendo LZ10,Probable,,True,Nintendo LZ10,Confirmed,True,448,True,448,10a7fe0090b3556dfd0ea15c0d28ca3eb683332fab83ee8f5daf442f70b1dd37,NCGR graphics,Confirmed,False,False
/graphic/box.narc,/graphic/box.narc!/member_00026,0,/graphic/box.narc,273,26,,11580,11704,10560,10684,124,4e76eb1c8a5ca2e787debb25099c78eed4bf889dd00ffd79e35d7e4d19fea2db,524c434efffe00017c00000010000200,,NCLR palette,Confirmed,True,False,,,,,,,,,,False,False
/graphic/box.narc,/graphic/box.narc!/member_00027,0,/graphic/box.narc,273,27,,11704,11828,10684,10808,124,6ce86c2c4a4e04430b9aa450fa4d89821a4abbdc24edff6684069546fe80f164,524c434efffe00017c00000010000200,,NCLR palette,Confirmed,True,False,,,,,,,,,,False,False
/graphic/box.narc,/graphic/box.narc!/member_00028,0,/graphic/box.narc,273,28,,11828,11918,10808,10898,90,5894ebdfa98945628b26b60fbe3eca1f94593694d670af33d67328123c323b33,524c434efffe00015a00000010000200,,NCLR palette,Confirmed,True,False,,,,,,,,,,False,False
/graphic/box.narc,/graphic/box.narc!/member_00029,0,/graphic/box.narc,273,29,,11920,14414,10900,13394,2494,7a64557d9fb73dfb3a87671846ca7fa97eeed20f952219c0ddbf28d0f0c68983,10c03400005247434efffe010100c034,,Nintendo LZ10,Probable,,True,Nintendo LZ10,Confirmed,True,13504,True,13504,03eaa471d0ddf059cb0d6f05afbaf5b42a22a2b4205093b992c969f9002fe487,NCGR graphics,Confirmed,False,False
/graphic/box.narc,/graphic/box.narc!/member_00030,0,/graphic/box.narc,273,30,,14416,15395,13396,14375,979,82523f89488ceeadc92b8c9ed1b1cf84957ed8dc8c56e2aef1fc2c18dacfb6bf,106c0300005243534efffe0001006c03,,Nintendo LZ10,Probable,,True,Nintendo LZ10,Confirmed,True,876,True,876,a0d9cb5f210008692851ab7ae1edf557433d6e4b00b7d13b5a3c86d3092d30df,NSCR screen map,Confirmed,False,False
/graphic/box.narc,/graphic/box.narc!/member_00031,0,/graphic/box.narc,273,31,,15396,15486,14376,14466,90,3ed6620627e9054663eafc14e22c682a3e72ed087ca8e402d96a36d42c25084d,524c434efffe00015a00000010000200,,NCLR palette,Confirmed,True,False,,,,,,,,,,False,False
/graphic/box.narc,/graphic/box.narc!/member_00032,0,/graphic/box.narc,273,32,,15488,17642,14468,16622,2154,a96cdd19a66fcf020c0746a751f4aeecaf60e766c8ed4a752d29b2a4815193da,10c03400005247434efffe010100c034,,Nintendo LZ10,Probable,,True,Nintendo LZ10,Confirmed,True,13504,True,13504,23a90a032049196efc15a4133abfeb7024d87037fdf28954b44bdbb35c3c0055,NCGR graphics,Confirmed,False,False
/graphic/box.narc,/graphic/box.narc!/member_00033,0,/graphic/box.narc,273,33,,17644,18623,16624,17603,979,82523f89488ceeadc92b8c9ed1b1cf84957ed8dc8c56e2aef1fc2c18dacfb6bf,106c0300005243534efffe0001006c03,,Nintendo LZ10,Probable,,True,Nintendo LZ10,Confirmed,True,876,True,876,a0d9cb5f210008692851ab7ae1edf557433d6e4b00b7d13b5a3c86d3092d30df,NSCR screen map,Confirmed,False,False
/graphic/box.narc,/graphic/box.narc!/member_00034,0,/graphic/box.narc,273,34,,18624,18714,17604,17694,90,dd4326b19fc107c2761405ff63cb4d0a5d625e308d4c31fd3f06e94e066e1991,524c434efffe00015a00000010000200,,NCLR palette,Confirmed,True,False,,,,,,,,,,False,False
/graphic/box.narc,/graphic/box.narc!/member_00035,0,/graphic/box.narc,273,35,,18716,21159,17696,20139,2443,b26a13dd27dd0ab9b1d4c7cac87a621b1b1fd5eed1a72b93dcd81b9b13f648bb,10c03400005247434efffe010100c034,,Nintendo LZ10,Probable,,True,Nintendo LZ10,Confirmed,True,13504,True,13504,015dc77767ff13c5662956292bc1588a811ab4d1c1aef61e56d1f3f8d3257b5d,NCGR graphics,Confirmed,False,False
/graphic/box.narc,/graphic/box.narc!/member_00036,0,/graphic/box.narc,273,36,,21160,22139,20140,21119,979,82523f89488ceeadc92b8c9ed1b1cf84957ed8dc8c56e2aef1fc2c18dacfb6bf,106c0300005243534efffe0001006c03,,Nintendo LZ10,Probable,,True,Nintendo LZ10,Confirmed,True,876,True,876,a0d9cb5f210008692851ab7ae1edf557433d6e4b00b7d13b5a3c86d3092d30df,NSCR screen map,Confirmed,False,False
/graphic/box.narc,/graphic/box.narc!/member_00037,0,/graphic/box.narc,273,37,,22140,22230,21120,21210,90,d5170b599a0b42847b5d672c2e8b33cd4b4e62e809965ec2b81cb83e4d513f98,524c434efffe00015a00000010000200,,NCLR palette,Confirmed,True,False,,,,,,,,,,False,False
/graphic/box.narc,/graphic/box.narc!/member_00038,0,/graphic/box.narc,273,38,,22232,24331,21212,23311,2099,0995a42ec3e14aa7a80976186706fa8fd7853ec0e7b16d5595b80df719e72645,10c03400005247434efffe010100c034,,Nintendo LZ10,Probable,,True,Nintendo LZ10,Confirmed,True,13504,True,13504,e1dcfb28ebbc6a771b2fa4c8c59c4baf11e3f643e40e4f9cdd560f406a46cf52,NCGR graphics,Confirmed,False,False
/graphic/box.narc,/graphic/box.narc!/member_00039,0,/graphic/box.narc,273,39,,24332,25311,23312,24291,979,82523f89488ceeadc92b8c9ed1b1cf84957ed8dc8c56e2aef1fc2c18dacfb6bf,106c0300005243534efffe0001006c03,,Nintendo LZ10,Probable,,True,Nintendo LZ10,Confirmed,True,876,True,876,a0d9cb5f210008692851ab7ae1edf557433d6e4b00b7d13b5a3c86d3092d30df,NSCR screen map,Confirmed,False,False
/graphic/box.narc,/graphic/box.narc!/member_00040,0,/graphic/box.narc,273,40,,25312,25402,24292,24382,90,5bbce6ba1376802bd700a8bf9ea582da030f8ace27e622f913bf8eae2761d0b9,524c434efffe00015a00000010000200,,NCLR palette,Confirmed,True,False,,,,,,,,,,False,False
/graphic/box.narc,/graphic/box.narc!/member_00041,0,/graphic/box.narc,273,41,,25404,28114,24384,27094,2710,4f3d8da82d0da81e6acd3c8b705f1d3b01a32f103454cde103f0d4cd70174019,10c03400005247434efffe010100c034,,Nintendo LZ10,Probable,,True,Nintendo LZ10,Confirmed,True,13504,True,13504,3a773c07eeac711355902d4ad7db9689121e5e22a7f5bba83d60632606986c60,NCGR graphics,Confirmed,False,False
/graphic/box.narc,/graphic/box.narc!/member_00042,0,/graphic/box.narc,273,42,,28116,29095,27096,28075,979,82523f89488ceeadc92b8c9ed1b1cf84957ed8dc8c56e2aef1fc2c18dacfb6bf,106c0300005243534efffe0001006c03,,Nintendo LZ10,Probable,,True,Nintendo LZ10,Confirmed,True,876,True,876,a0d9cb5f210008692851ab7ae1edf557433d6e4b00b7d13b5a3c86d3092d30df,NSCR screen map,Confirmed,False,False
/graphic/box.narc,/graphic/box.narc!/member_00043,0,/graphic/box.narc,273,43,,29096,29186,28076,28166,90,04e250b7a35eb978c671ad9e7a5f7ede6b0f32e01ff7b9fc77d9969b1a0a1db3,524c434efffe00015a00000010000200,,NCLR palette,Confirmed,True,False,,,,,,,,,,False,False
/graphic/box.narc,/graphic/box.narc!/member_00044,0,/graphic/box.narc,273,44,,29188,31679,28168,30659,2491,3674ec287ef3e57421287bc987a9e279185c683624cbccdc2a5bae4194d4d8ac,10c03400005247434efffe010100c034,,Nintendo LZ10,Probable,,True,Nintendo LZ10,Confirmed,True,13504,True,13504,11ccd3626927e939f139f6f1879eca7b82357ea25a096f353dd3c587b61d242a,NCGR graphics,Confirmed,False,False
/graphic/box.narc,/graphic/box.narc!/member_00045,0,/graphic/box.narc,273,45,,31680,32659,30660,31639,979,82523f89488ceeadc92b8c9ed1b1cf84957ed8dc8c56e2aef1fc2c18dacfb6bf,106c0300005243534efffe0001006c03,,Nintendo LZ10,Probable,,True,Nintendo LZ10,Confirmed,True,876,True,876,a0d9cb5f210008692851ab7ae1edf557433d6e4b00b7d13b5a3c86d3092d30df,NSCR screen map,Confirmed,False,False
/graphic/box.narc,/graphic/box.narc!/member_00046,0,/graphic/box.narc,273,46,,32660,32750,31640,31730,90,7cf99f869ee59b1125f096ee693043b971f66e97f94e361c86ff9a6a7ef5e4ca,524c434efffe00015a00000010000200,,NCLR palette,Confirmed,True,False,,,,,,,,,,False,False
/graphic/box.narc,/graphic/box.narc!/member_00047,0,/graphic/box.narc,273,47,,32752,34930,31732,33910,2178,65f746f60586ad49f7f9a7d22dbbfa74b68af932f82ae0d62416588cca6674ce,10c03400005247434efffe010100c034,,Nintendo LZ10,Probable,,True,Nintendo LZ10,Confirmed,True,13504,True,13504,125bc2bc86e0b2e03bf3236a5028080131fda6d229b3455ce212c7db8e69350a,NCGR graphics,Confirmed,False,False
/graphic/box.narc,/graphic/box.narc!/member_00048,0,/graphic/box.narc,273,48,,34932,35911,33912,34891,979,82523f89488ceeadc92b8c9ed1b1cf84957ed8dc8c56e2aef1fc2c18dacfb6bf,106c0300005243534efffe0001006c03,,Nintendo LZ10,Probable,,True,Nintendo LZ10,Confirmed,True,876,True,876,a0d9cb5f210008692851ab7ae1edf557433d6e4b00b7d13b5a3c86d3092d30df,NSCR screen map,Confirmed,False,False
/graphic/box.narc,/graphic/box.narc!/member_00049,0,/graphic/box.narc,273,49,,35912,36002,34892,34982,90,65e0b75adf360a99b6e411bdd91b2f17a62b455f1d316257b9f9ebdd4e65fa20,524c434efffe00015a00000010000200,,NCLR palette,Confirmed,True,False,,,,,,,,,,False,False
/graphic/box.narc,/graphic/box.narc!/member_00050,0,/graphic/box.narc,273,50,,36004,38477,34984,37457,2473,93746f1320da8ca82b72d6a38433cbbd639445d6daf9389ddaefdb52d7b6562f,10c03400005247434efffe010100c034,,Nintendo LZ10,Probable,,True,Nintendo LZ10,Confirmed,True,13504,True,13504,12d71646ca1f979aa4f36953091e20d1755aae676984a574570c39f1b72d73eb,NCGR graphics,Confirmed,False,False
/graphic/box.narc,/graphic/box.narc!/member_00051,0,/graphic/box.narc,273,51,,38480,39459,37460,38439,979,82523f89488ceeadc92b8c9ed1b1cf84957ed8dc8c56e2aef1fc2c18dacfb6bf,106c0300005243534efffe0001006c03,,Nintendo LZ10,Probable,,True,Nintendo LZ10,Confirmed,True,876,True,876,a0d9cb5f210008692851ab7ae1edf557433d6e4b00b7d13b5a3c86d3092d30df,NSCR screen map,Confirmed,False,False
/graphic/box.narc,/graphic/box.narc!/member_00052,0,/graphic/box.narc,273,52,,39460,39550,38440,38530,90,72f00f6b5d51efea378b84df5e2266864fcd531e3ecf5e6ad3a63c72882dfbd8,524c434efffe00015a00000010000200,,NCLR palette,Confirmed,True,False,,,,,,,,,,False,False
/graphic/box.narc,/graphic/box.narc!/member_00053,0,/graphic/box.narc,273,53,,39552,41770,38532,40750,2218,b686cc2aac5255a38c4bd990d324c9ff0fc9dc3a9f922c01f726368ae2419b3c,10c03400005247434efffe010100c034,,Nintendo LZ10,Probable,,True,Nintendo LZ10,Confirmed,True,13504,True,13504,e183eb6601c987fb80c5d41d4a9703c8242af5c25cccea90668fe59c9ea09d21,NCGR graphics,Confirmed,False,False
/graphic/box.narc,/graphic/box.narc!/member_00054,0,/graphic/box.narc,273,54,,41772,42751,40752,41731,979,82523f89488ceeadc92b8c9ed1b1cf84957ed8dc8c56e2aef1fc2c18dacfb6bf,106c0300005243534efffe0001006c03,,Nintendo LZ10,Probable,,True,Nintendo LZ10,Confirmed,True,876,True,876,a0d9cb5f210008692851ab7ae1edf557433d6e4b00b7d13b5a3c86d3092d30df,NSCR screen map,Confirmed,False,False
/graphic/box.narc,/graphic/box.narc!/member_00055,0,/graphic/box.narc,273,55,,42752,42842,41732,41822,90,684efa410eb23d94853a200dcd03f1124fed121ba400e5803e966cf916054d44,524c434efffe00015a00000010000200,,NCLR palette,Confirmed,True,False,,,,,,,,,,False,False
/graphic/box.narc,/graphic/box.narc!/member_00056,0,/graphic/box.narc,273,56,,42844,45313,41824,44293,2469,c05baa7e75e7c8b74bc81771f261d2c47bba742af0636cfc62ca717a6aaa5d9d,10c03400005247434efffe010100c034,,Nintendo LZ10,Probable,,True,Nintendo LZ10,Confirmed,True,13504,True,13504,f50a956a08f474f94d7edbc9eafb48e5acd21cb043646a314dca1e75e746e669,NCGR graphics,Confirmed,False,False
/graphic/box.narc,/graphic/box.narc!/member_00057,0,/graphic/box.narc,273,57,,45316,46295,44296,45275,979,82523f89488ceeadc92b8c9ed1b1cf84957ed8dc8c56e2aef1fc2c18dacfb6bf,106c0300005243534efffe0001006c03,,Nintendo LZ10,Probable,,True,Nintendo LZ10,Confirmed,True,876,True,876,a0d9cb5f210008692851ab7ae1edf557433d6e4b00b7d13b5a3c86d3092d30df,NSCR screen map,Confirmed,False,False
/graphic/box.narc,/graphic/box.narc!/member_00058,0,/graphic/box.narc,273,58,,46296,46386,45276,45366,90,75c596c5fa5da8a476e5defdb3215d57079db7a8100262e4b79057a411269b62,524c434efffe00015a00000010000200,,NCLR palette,Confirmed,True,False,,,,,,,,,,False,False
/graphic/box.narc,/graphic/box.narc!/member_00059,0,/graphic/box.narc,273,59,,46388,48973,45368,47953,2585,26c8787e9d1090f80972269958252ba91e143a6f4f43a2def14973dcaed3ebe8,10c03400005247434efffe010100c034,,Nintendo LZ10,Probable,,True,Nintendo LZ10,Confirmed,True,13504,True,13504,7059d2c6480704e2019c83de42ff59b07785af5f82f7f65eb3e4d4e907e36a53,NCGR graphics,Confirmed,False,False
/graphic/box.narc,/graphic/box.narc!/member_00060,0,/graphic/box.narc,273,60,,48976,49955,47956,48935,979,82523f89488ceeadc92b8c9ed1b1cf84957ed8dc8c56e2aef1fc2c18dacfb6bf,106c0300005243534efffe0001006c03,,Nintendo LZ10,Probable,,True,Nintendo LZ10,Confirmed,True,876,True,876,a0d9cb5f210008692851ab7ae1edf557433d6e4b00b7d13b5a3c86d3092d30df,NSCR screen map,Confirmed,False,False
/graphic/box.narc,/graphic/box.narc!/member_00061,0,/graphic/box.narc,273,61,,49956,50046,48936,49026,90,8cdfd8d1f837cdaf394beaf46bf2fe0c82e30a9f4b6e0f1d73145d225a00d5ef,524c434efffe00015a00000010000200,,NCLR palette,Confirmed,True,False,,,,,,,,,,False,False
/graphic/box.narc,/graphic/box.narc!/member_00062,0,/graphic/box.narc,273,62,,50048,52579,49028,51559,2531,a3875ab5092a58a0fe86ce705aa9ea362df00a86acafdc584380e1980f11fb98,10c03400005247434efffe010100c034,,Nintendo LZ10,Probable,,True,Nintendo LZ10,Confirmed,True,13504,True,13504,65446b6a8ccf48b051d06e484c3a6cc58dce76a9f7f0ba4bcff3948ca65200fe,NCGR graphics,Confirmed,False,False
/graphic/box.narc,/graphic/box.narc!/member_00063,0,/graphic/box.narc,273,63,,52580,53559,51560,52539,979,82523f89488ceeadc92b8c9ed1b1cf84957ed8dc8c56e2aef1fc2c18dacfb6bf,106c0300005243534efffe0001006c03,,Nintendo LZ10,Probable,,True,Nintendo LZ10,Confirmed,True,876,True,876,a0d9cb5f210008692851ab7ae1edf557433d6e4b00b7d13b5a3c86d3092d30df,NSCR screen map,Confirmed,False,False
/graphic/box.narc,/graphic/box.narc!/member_00064,0,/graphic/box.narc,273,64,,53560,53650,52540,52630,90,e6a7282b51db3d0b365d6cce18c0a0f69f72e3e6fbd810c577a6d638949155fa,524c434efffe00015a00000010000200,,NCLR palette,Confirmed,True,False,,,,,,,,,,False,False
/graphic/box.narc,/graphic/box.narc!/member_00065,0,/graphic/box.narc,273,65,,53652,55763,52632,54743,2111,e2b02e02dd023e9202c7d692725ad40bb31b327f383b46c47495df9a4c5afc5d,10c03400005247434efffe010100c034,,Nintendo LZ10,Probable,,True,Nintendo LZ10,Confirmed,True,13504,True,13504,021e6959129c302cc0ce3542b1ac3e9ff4ef15b736ec197a2cf557118d1a0f75,NCGR graphics,Confirmed,False,False
/graphic/box.narc,/graphic/box.narc!/member_00066,0,/graphic/box.narc,273,66,,55764,56743,54744,55723,979,82523f89488ceeadc92b8c9ed1b1cf84957ed8dc8c56e2aef1fc2c18dacfb6bf,106c0300005243534efffe0001006c03,,Nintendo LZ10,Probable,,True,Nintendo LZ10,Confirmed,True,876,True,876,a0d9cb5f210008692851ab7ae1edf557433d6e4b00b7d13b5a3c86d3092d30df,NSCR screen map,Confirmed,False,False
/graphic/box.narc,/graphic/box.narc!/member_00067,0,/graphic/box.narc,273,67,,56744,56834,55724,55814,90,1f39cbaa45556f5e51e11ff724d73a3f900df04ae705ffcd5d148133395536f3,524c434efffe00015a00000010000200,,NCLR palette,Confirmed,True,False,,,,,,,,,,False,False
/graphic/box.narc,/graphic/box.narc!/member_00068,0,/graphic/box.narc,273,68,,56836,58818,55816,57798,1982,e7a474dbcde31fc9ed1568b8f14ea754987607650413eda48f4cf4354cb1fd44,10c03400005247434efffe010100c034,,Nintendo LZ10,Probable,,True,Nintendo LZ10,Confirmed,True,13504,True,13504,90b1adb0a10746ea22b65a6afd3500e1d45c2026362ae8a0139adb40b1aafd58,NCGR graphics,Confirmed,False,False
/graphic/box.narc,/graphic/box.narc!/member_00069,0,/graphic/box.narc,273,69,,58820,59799,57800,58779,979,82523f89488ceeadc92b8c9ed1b1cf84957ed8dc8c56e2aef1fc2c18dacfb6bf,106c0300005243534efffe0001006c03,,Nintendo LZ10,Probable,,True,Nintendo LZ10,Confirmed,True,876,True,876,a0d9cb5f210008692851ab7ae1edf557433d6e4b00b7d13b5a3c86d3092d30df,NSCR screen map,Confirmed,False,False
/graphic/box.narc,/graphic/box.narc!/member_00070,0,/graphic/box.narc,273,70,,59800,59890,58780,58870,90,24dae70fdbdaa762fd5b837e87c9bbf12f9cb4860768c82f55750d1b2676a93f,524c434efffe00015a00000010000200,,NCLR palette,Confirmed,True,False,,,,,,,,,,False,False
/graphic/box.narc,/graphic/box.narc!/member_00071,0,/graphic/box.narc,273,71,,59892,61813,58872,60793,1921,5bfcec4006beb3e951d2d40227423602d2d8026d1b4247eb88a0de890e6bb87b,10c03400005247434efffe010100c034,,Nintendo LZ10,Probable,,True,Nintendo LZ10,Confirmed,True,13504,True,13504,d051d337bcd1d1498c9804213deb29f8888bbd3a6c2effe4f1f6730dba5105d2,NCGR graphics,Confirmed,False,False
/graphic/box.narc,/graphic/box.narc!/member_00072,0,/graphic/box.narc,273,72,,61816,62795,60796,61775,979,82523f89488ceeadc92b8c9ed1b1cf84957ed8dc8c56e2aef1fc2c18dacfb6bf,106c0300005243534efffe0001006c03,,Nintendo LZ10,Probable,,True,Nintendo LZ10,Confirmed,True,876,True,876,a0d9cb5f210008692851ab7ae1edf557433d6e4b00b7d13b5a3c86d3092d30df,NSCR screen map,Confirmed,False,False
/graphic/box.narc,/graphic/box.narc!/member_00073,0,/graphic/box.narc,273,73,,62796,62886,61776,61866,90,de46ea989a4800ecf3720442879574b528a72ed458be0ca402c7c2c15d7f2214,524c434efffe00015a00000010000200,,NCLR palette,Confirmed,True,False,,,,,,,,,,False,False
/graphic/box.narc,/graphic/box.narc!/member_00074,0,/graphic/box.narc,273,74,,62888,64919,61868,63899,2031,4bf6fbcda4323104b7d5bd7e9e7a318cef303d92d988256eb2d5d2df3a1f9b40,10c03400005247434efffe010100c034,,Nintendo LZ10,Probable,,True,Nintendo LZ10,Confirmed,True,13504,True,13504,b664b7728e42c2149048a7bc6519852995fe69a0f869874582f4084782baf7a5,NCGR graphics,Confirmed,False,False
/graphic/box.narc,/graphic/box.narc!/member_00075,0,/graphic/box.narc,273,75,,64920,65899,63900,64879,979,82523f89488ceeadc92b8c9ed1b1cf84957ed8dc8c56e2aef1fc2c18dacfb6bf,106c0300005243534efffe0001006c03,,Nintendo LZ10,Probable,,True,Nintendo LZ10,Confirmed,True,876,True,876,a0d9cb5f210008692851ab7ae1edf557433d6e4b00b7d13b5a3c86d3092d30df,NSCR screen map,Confirmed,False,False
/graphic/box.narc,/graphic/box.narc!/member_00076,0,/graphic/box.narc,273,76,,65900,65990,64880,64970,90,b11473a29170553344c9344e76ade6257dd53407559d00758f5dc8f44c362054,524c434efffe00015a00000010000200,,NCLR palette,Confirmed,True,False,,,,,,,,,,False,False
/graphic/box.narc,/graphic/box.narc!/member_00077,0,/graphic/box.narc,273,77,,65992,68580,64972,67560,2588,80de77e24ce15b6acab6b9af704553c080850f883e9c19efad619fa32b427b43,10c03400005247434efffe010100c034,,Nintendo LZ10,Probable,,True,Nintendo LZ10,Confirmed,True,13504,True,13504,6561ec935b9e834c8b225d40a4e50c52baf3dcc1831faff106907683531800e8,NCGR graphics,Confirmed,False,False
/graphic/box.narc,/graphic/box.narc!/member_00078,0,/graphic/box.narc,273,78,,68580,69559,67560,68539,979,82523f89488ceeadc92b8c9ed1b1cf84957ed8dc8c56e2aef1fc2c18dacfb6bf,106c0300005243534efffe0001006c03,,Nintendo LZ10,Probable,,True,Nintendo LZ10,Confirmed,True,876,True,876,a0d9cb5f210008692851ab7ae1edf557433d6e4b00b7d13b5a3c86d3092d30df,NSCR screen map,Confirmed,False,False
/graphic/box.narc,/graphic/box.narc!/member_00079,0,/graphic/box.narc,273,79,,69560,69650,68540,68630,90,bcd77e549d7164ac69af4086c09ec6c42bd627c563eb89704a520b30694bed5c,524c434efffe00015a00000010000200,,NCLR palette,Confirmed,True,False,,,,,,,,,,False,False
/graphic/box.narc,/graphic/box.narc!/member_00080,0,/graphic/box.narc,273,80,,69652,72243,68632,71223,2591,4c662f3ab188017867e664ad90c75b1c27d5e7edff8b7c76b00b38de055a16ff,10c03400005247434efffe010100c034,,Nintendo LZ10,Probable,,True,Nintendo LZ10,Confirmed,True,13504,True,13504,a2e2b6b6b9c451fd4c1bbcceaccc2d1cbeaae7b03a922adc60bbe04d68d1349e,NCGR graphics,Confirmed,False,False
/graphic/box.narc,/graphic/box.narc!/member_00081,0,/graphic/box.narc,273,81,,72244,73223,71224,72203,979,82523f89488ceeadc92b8c9ed1b1cf84957ed8dc8c56e2aef1fc2c18dacfb6bf,106c0300005243534efffe0001006c03,,Nintendo LZ10,Probable,,True,Nintendo LZ10,Confirmed,True,876,True,876,a0d9cb5f210008692851ab7ae1edf557433d6e4b00b7d13b5a3c86d3092d30df,NSCR screen map,Confirmed,False,False
/graphic/box.narc,/graphic/box.narc!/member_00082,0,/graphic/box.narc,273,82,,73224,73314,72204,72294,90,55a81bcf128c9933ef43cd149b62d94a585a36625829d5c4ddedc3fdb0d4248e,524c434efffe00015a00000010000200,,NCLR palette,Confirmed,True,False,,,,,,,,,,False,False
/graphic/box.narc,/graphic/box.narc!/member_00083,0,/graphic/box.narc,273,83,,73316,75569,72296,74549,2253,94f9e62ebac25f1bda59aa688330bf7664225eb0492b1ebbecd7dda45c6b9608,10c03400005247434efffe010100c034,,Nintendo LZ10,Probable,,True,Nintendo LZ10,Confirmed,True,13504,True,13504,0c4e051c008a421bb9667b3ea7d140da316f2d7f86e4f34279a724267cafd83b,NCGR graphics,Confirmed,False,False
/graphic/box.narc,/graphic/box.narc!/member_00084,0,/graphic/box.narc,273,84,,75572,76551,74552,75531,979,82523f89488ceeadc92b8c9ed1b1cf84957ed8dc8c56e2aef1fc2c18dacfb6bf,106c0300005243534efffe0001006c03,,Nintendo LZ10,Probable,,True,Nintendo LZ10,Confirmed,True,876,True,876,a0d9cb5f210008692851ab7ae1edf557433d6e4b00b7d13b5a3c86d3092d30df,NSCR screen map,Confirmed,False,False
/graphic/box.narc,/graphic/box.narc!/member_00085,0,/graphic/box.narc,273,85,,76552,76642,75532,75622,90,f113079b960d6760ef336c2e0cfaeb45418f8be01dd9bc6a1be0b4f75ee1a722,524c434efffe00015a00000010000200,,NCLR palette,Confirmed,True,False,,,,,,,,,,False,False
/graphic/box.narc,/graphic/box.narc!/member_00086,0,/graphic/box.narc,273,86,,76644,79284,75624,78264,2640,d1ea8d0426d4c06ad17060db190c5e456cc079b152104a013533191e39e75b4f,10c03400005247434efffe010100c034,,Nintendo LZ10,Probable,,True,Nintendo LZ10,Confirmed,True,13504,True,13504,ac2931ee73297f0683a0968d712bcaebbd6353b3c9d0b651e4f12b1715302a50,NCGR graphics,Confirmed,False,False
/graphic/box.narc,/graphic/box.narc!/member_00087,0,/graphic/box.narc,273,87,,79284,80263,78264,79243,979,82523f89488ceeadc92b8c9ed1b1cf84957ed8dc8c56e2aef1fc2c18dacfb6bf,106c0300005243534efffe0001006c03,,Nintendo LZ10,Probable,,True,Nintendo LZ10,Confirmed,True,876,True,876,a0d9cb5f210008692851ab7ae1edf557433d6e4b00b7d13b5a3c86d3092d30df,NSCR screen map,Confirmed,False,False
/graphic/box.narc,/graphic/box.narc!/member_00088,0,/graphic/box.narc,273,88,,80264,80354,79244,79334,90,43e3b6fa942c7c9ddca042ae06b061d024a4187db58083abc75a25b7aedf85f1,524c434efffe00015a00000010000200,,NCLR palette,Confirmed,True,False,,,,,,,,,,False,False
/graphic/box.narc,/graphic/box.narc!/member_00089,0,/graphic/box.narc,273,89,,80356,84161,79336,83141,3805,f16e03557505654c226de7341e84913afb4095841b4e71dec829a2461b95ddfa,10c03400005247434efffe010100c034,,Nintendo LZ10,Probable,,True,Nintendo LZ10,Confirmed,True,13504,True,13504,6d6422d3c047c5a3a710895b33892bb438b6657042be7e4f9efcbe0b2aecf5ee,NCGR graphics,Confirmed,False,False
/graphic/box.narc,/graphic/box.narc!/member_00090,0,/graphic/box.narc,273,90,,84164,85143,83144,84123,979,82523f89488ceeadc92b8c9ed1b1cf84957ed8dc8c56e2aef1fc2c18dacfb6bf,106c0300005243534efffe0001006c03,,Nintendo LZ10,Probable,,True,Nintendo LZ10,Confirmed,True,876,True,876,a0d9cb5f210008692851ab7ae1edf557433d6e4b00b7d13b5a3c86d3092d30df,NSCR screen map,Confirmed,False,False
/graphic/box.narc,/graphic/box.narc!/member_00091,0,/graphic/box.narc,273,91,,85144,85234,84124,84214,90,3205a2feb5606e710a43c27c1143a4e333410df00d703f09baac74809c1eaebb,524c434efffe00015a00000010000200,,NCLR palette,Confirmed,True,False,,,,,,,,,,False,False
/graphic/box.narc,/graphic/box.narc!/member_00092,0,/graphic/box.narc,273,92,,85236,88359,84216,87339,3123,2bd2db8a7333235bfb324c9bfaa6365cbf82f6fb35e88914d70621563c87599c,10c03400005247434efffe010100c034,,Nintendo LZ10,Probable,,True,Nintendo LZ10,Confirmed,True,13504,True,13504,4296bd23e6c02a0d80cd27e5980548ee64d595363c1fd48b456951f08d7eda70,NCGR graphics,Confirmed,False,False
/graphic/box.narc,/graphic/box.narc!/member_00093,0,/graphic/box.narc,273,93,,88360,89339,87340,88319,979,82523f89488ceeadc92b8c9ed1b1cf84957ed8dc8c56e2aef1fc2c18dacfb6bf,106c0300005243534efffe0001006c03,,Nintendo LZ10,Probable,,True,Nintendo LZ10,Confirmed,True,876,True,876,a0d9cb5f210008692851ab7ae1edf557433d6e4b00b7d13b5a3c86d3092d30df,NSCR screen map,Confirmed,False,False
/graphic/box.narc,/graphic/box.narc!/member_00094,0,/graphic/box.narc,273,94,,89340,89430,88320,88410,90,1d5b9bb80c62730bd01fcffefd97ccfaa5af452c73e8db3ec75770538a4f1e0b,524c434efffe00015a00000010000200,,NCLR palette,Confirmed,True,False,,,,,,,,,,False,False
/graphic/box.narc,/graphic/box.narc!/member_00095,0,/graphic/box.narc,273,95,,89432,92968,88412,91948,3536,dcaf41d686b8bfdcdddb4c939969a5dd767bf6b937e15643458ef509875a0cd8,10c03400005247434efffe010100c034,,Nintendo LZ10,Probable,,True,Nintendo LZ10,Confirmed,True,13504,True,13504,92f4e6c0390d85821518fb5bae121dea7be2fc2f9b369b744df073a3e1dc449a,NCGR graphics,Confirmed,False,False
/graphic/box.narc,/graphic/box.narc!/member_00096,0,/graphic/box.narc,273,96,,92968,93947,91948,92927,979,82523f89488ceeadc92b8c9ed1b1cf84957ed8dc8c56e2aef1fc2c18dacfb6bf,106c0300005243534efffe0001006c03,,Nintendo LZ10,Probable,,True,Nintendo LZ10,Confirmed,True,876,True,876,a0d9cb5f210008692851ab7ae1edf557433d6e4b00b7d13b5a3c86d3092d30df,NSCR screen map,Confirmed,False,False
/graphic/box.narc,/graphic/box.narc!/member_00097,0,/graphic/box.narc,273,97,,93948,94038,92928,93018,90,4720d84bd1de15eb193769ea41b7ff1c98bc17bafb238143f647e77f633c69f4,524c434efffe00015a00000010000200,,NCLR palette,Confirmed,True,False,,,,,,,,,,False,False
/graphic/box.narc,/graphic/box.narc!/member_00098,0,/graphic/box.narc,273,98,,94040,96577,93020,95557,2537,a36f8becab3ce461facc14c29e94286fff2451ca92b5ee5fdcbde3a2d16d3a69,10c03400005247434efffe010100c034,,Nintendo LZ10,Probable,,True,Nintendo LZ10,Confirmed,True,13504,True,13504,81e9d570cd155ebbe021c069ea1a4e06bced523b37cfcd2b4685a829acbbf4fa,NCGR graphics,Confirmed,False,False
/graphic/box.narc,/graphic/box.narc!/member_00099,0,/graphic/box.narc,273,99,,96580,97559,95560,96539,979,82523f89488ceeadc92b8c9ed1b1cf84957ed8dc8c56e2aef1fc2c18dacfb6bf,106c0300005243534efffe0001006c03,,Nintendo LZ10,Probable,,True,Nintendo LZ10,Confirmed,True,876,True,876,a0d9cb5f210008692851ab7ae1edf557433d6e4b00b7d13b5a3c86d3092d30df,NSCR screen map,Confirmed,False,False
/graphic/box.narc,/graphic/box.narc!/member_00100,0,/graphic/box.narc,273,100,,97560,97932,96540,96912,372,43832662fa63d51989987881b752859e5ea225c89f90455a9fd2e9965c92c3b9,10240800005243534efffe0001002408,,Nintendo LZ10,Probable,,True,Nintendo LZ10,Confirmed,True,2084,True,2084,7efec2f185fda4caa686d6d9e0ec87e6376190b0679239272cfd33a4eae53fd8,NSCR screen map,Confirmed,False,False
/graphic/box.narc,/graphic/box.narc!/member_00101,0,/graphic/box.narc,273,101,,97932,98557,96912,97537,625,d9edd1e6328d645551e92be8ae9818093d2fabed5abbf5c1cbabfa2126f9446d,10241000005243534efffe0001002410,,Nintendo LZ10,Probable,,True,Nintendo LZ10,Confirmed,True,4132,True,4132,87cda3d0f22c3df02b0c0482a86c8f599ff79055c3773cb2dd6399efe0c9e264,NSCR screen map,Confirmed,False,False
/graphic/box.narc,/graphic/box.narc!/member_00102,0,/graphic/box.narc,273,102,,98560,99446,97540,98426,886,32feb8543cfe98beafb5ce03f68c0f941b77c8493943594e0e6471d078d17c7a,10241000005243534efffe0001002410,,Nintendo LZ10,Probable,,True,Nintendo LZ10,Confirmed,True,4132,True,4132,33ea0454dda829c854b2cee5ab83732ff50bda8ca7b8ef1709ae973a23734c5a,NSCR screen map,Confirmed,False,False
/graphic/box.narc,/graphic/box.narc!/member_00103,0,/graphic/box.narc,273,103,,99448,101452,98428,100432,2004,6e7a66a6614f6a521ed64f83b81973f5b8c599373974e434afcd486653ee414a,10401800005247434efffe0101004018,,Nintendo LZ10,Probable,,True,Nintendo LZ10,Confirmed,True,6208,True,6208,e8a34014d5029fc8817a91a01249395c4289aa29924b690c4499781c4c3066e6,NCGR graphics,Confirmed,False,False
/graphic/box.narc,/graphic/box.narc!/member_00104,0,/graphic/box.narc,273,104,,101452,101610,100432,100590,158,22152c85380d3ef025ad5dda0cdc18d00bdcfb4da1ec7cbffe8b957b0efd741e,524c434efffe00019e00000010000200,,NCLR palette,Confirmed,True,False,,,,,,,,,,False,False
/graphic/box.narc,/graphic/box.narc!/member_00105,0,/graphic/box.narc,273,105,,101612,102003,100592,100983,391,ea9c696ca796d84ec3816f01a6cecac10e95adb503409d5906a3620d319cfb36,10240800005243534efffe0001002408,,Nintendo LZ10,Probable,,True,Nintendo LZ10,Confirmed,True,2084,True,2084,4c35d667dbf9285c987dd9e1f68fa942e4892de414aed613347c5301a6a5a59b,NSCR screen map,Confirmed,False,False
/graphic/box.narc,/graphic/box.narc!/member_00106,0,/graphic/box.narc,273,106,,102004,102870,100984,101850,866,be1e6c6f558a0743f66c505eb011719b560954c022c9b40089194ebb6bbbfdd1,10240800005243534efffe0001002408,,Nintendo LZ10,Probable,,True,Nintendo LZ10,Confirmed,True,2084,True,2084,290a2f232d2b7871e63b1003c565843c788edc1e1e5412b65379c14bac8cb1a5,NSCR screen map,Confirmed,False,False
/graphic/box.narc,/graphic/box.narc!/member_00107,0,/graphic/box.narc,273,107,,102872,103267,101852,102247,395,5e00eeea2fa8819f04c30078965cc3d476f351ad98a945ee10caafade21012f5,10240800005243534efffe0001002408,,Nintendo LZ10,Probable,,True,Nintendo LZ10,Confirmed,True,2084,True,2084,2c6943ff34986c0625f6d06f43930536a5de8adf7e807ffdbdf5a2838655695f,NSCR screen map,Confirmed,False,False
/graphic/box.narc,/graphic/box.narc!/member_00108,0,/graphic/box.narc,273,108,,103268,106227,102248,105207,2959,b37117cadb402f4377cb5a3870ee854762e269543dacbf43a36a3b9fc4230932,10402800005247434efffe0101004028,,Nintendo LZ10,Probable,,True,Nintendo LZ10,Confirmed,True,10304,True,10304,bef415ce80ed6de6fd7079420f3aaab9c9024f4d07ff62219e82ba87a9889855,NCGR graphics,Confirmed,False,False
/graphic/box.narc,/graphic/box.narc!/member_00109,0,/graphic/box.narc,273,109,,106228,106420,105208,105400,192,6a2406b62fdb367e552264d6640fe98c7ebb29afbd1d79f199f8a5fd1e80973a,524c434efffe0001c000000010000200,,NCLR palette,Confirmed,True,False,,,,,,,,,,False,False
/graphic/box.narc,/graphic/box.narc!/member_00110,0,/graphic/box.narc,273,110,,106420,108292,105400,107272,1872,ae81cdbc4e9d049ca858c49abda98f48479c8e90a007a8729d69dc1c46311448,10301f00005247434efffe010100301f,,Nintendo LZ10,Probable,,True,Nintendo LZ10,Confirmed,True,7984,True,7984,744b1af7a1deaa6aafeeeb72b074b51df253a304268be6aaebdb62b9d0f5c4cc,NCGR graphics,Confirmed,False,False
/graphic/box.narc,/graphic/box.narc!/member_00111,0,/graphic/box.narc,273,111,,108292,108498,107272,107478,206,6af76b458448c2c4c4554965857ca4afa69174b91107c6431b270440db6b7b58,10490100005245434efffe0001004901,,Nintendo LZ10,Probable,,True,Nintendo LZ10,Confirmed,True,329,True,329,779a14abc359909877a4d2b90bb06f1613208ae0baf117f9ba5810946bceddd0,NCER cell,Confirmed,False,False
/graphic/box.narc,/graphic/box.narc!/member_00112,0,/graphic/box.narc,273,112,,108500,108708,107480,107688,208,dd147d6728c764cf925d890383e4cd43aad9bc61ab5ce36d8200fce2a2e77485,1089010000524e414efffe0001008901,,Nintendo LZ10,Probable,,True,Nintendo LZ10,Confirmed,True,393,True,393,bae29c7273dbec1e798285e3defa4dff632b886a70c43c901a1be34874db9b92,NANR animation,Confirmed,False,False
/graphic/box.narc,/graphic/box.narc!/member_00113,0,/graphic/box.narc,273,113,,108708,108866,107688,107846,158,c2a71930d71648aa20e65c75d2fe649e60dcfe3d15c48d7c9f2f9e6e49016dc3,524c434efffe00019e00000010000200,,NCLR palette,Confirmed,True,False,,,,,,,,,,False,False
/graphic/box.narc,/graphic/box.narc!/member_00114,0,/graphic/box.narc,273,114,,108868,110822,107848,109802,1954,6df3c6e1d193a18da4c34baf78a142041bc348d70897d7e02ad9fc956bdd7e6a,10302800005247434efffe0101003028,,Nintendo LZ10,Probable,,True,Nintendo LZ10,Confirmed,True,10288,True,10288,19f1a607d9debf6aa86d456006f6e6466158a147d0bf4a4de94c60ca19543d3e,NCGR graphics,Confirmed,False,False
/graphic/box.narc,/graphic/box.narc!/member_00115,0,/graphic/box.narc,273,115,,110824,110941,109804,109921,117,f9166cbbed8f3fbd239073b3750622b42ed3f01212e7053f58da7dacdb717200,10b90000005245434efffe000100b900,,Nintendo LZ10,Probable,,True,Nintendo LZ10,Confirmed,True,185,True,185,277f0abe9ff7c129f0cf75337021f263ec17e571958f2ad06232be5202184e16,NCER cell,Confirmed,False,False
/graphic/box.narc,/graphic/box.narc!/member_00116,0,/graphic/box.narc,273,116,,110944,111084,109924,110064,140,0d9de88b42316aa30bbf4c74617b7b7e6f4e309d6c5b0503ce8e02eeb217f25e,10d5000000524e414efffe000100d500,,Nintendo LZ10,Probable,,True,Nintendo LZ10,Confirmed,True,213,True,213,f1ff98c6d1fbeb550f6360bf8fb5e96130ac70dad11fd255bc7f00a4c84e1038,NANR animation,Confirmed,False,False
/graphic/box.narc,/graphic/box.narc!/member_00117,0,/graphic/box.narc,273,117,,111084,112698,110064,111678,1614,40395e328659e5027339dfb94e05611907713aaeb354e6cfce71e0506c33a7a0,10302000005247434efffe0101003020,,Nintendo LZ10,Probable,,True,Nintendo LZ10,Confirmed,True,8240,True,8240,b5d2cd9e033590759a18b05a2f73b1b5a1c3b5f7144844cbe5422eebf98a388a,NCGR graphics,Confirmed,False,False
/graphic/box.narc,/graphic/box.narc!/member_00118,0,/graphic/box.narc,273,118,,112700,112976,111680,111956,276,7b4e222906b3612f02ff4b4d279d1593f650b454f00b9614ce8629dc9d04fd9e,101a0200005245434efffe0001001a02,,Nintendo LZ10,Probable,,True,Nintendo LZ10,Confirmed,True,538,True,538,d8ab75e221e72157d6d8524726fbd64c633efcf9628231cf4590dc542362644a,NCER cell,Confirmed,False,False
/graphic/box.narc,/graphic/box.narc!/member_00119,0,/graphic/box.narc,273,119,,112976,113314,111956,112294,338,78f495a41f2225342bf63361e3db83804ba78d38798dc9e45a2f8f799ced0e1f,10fa020000524e414efffe000100fa02,,Nintendo LZ10,Probable,,True,Nintendo LZ10,Confirmed,True,762,True,762,9a7c4478f7ef8e4bf0fdc40cb307092f9de28e2c7f7d42ddf3b97fc774e8bbfb,NANR animation,Confirmed,False,False
/graphic/box.narc,/graphic/box.narc!/member_00120,0,/graphic/box.narc,273,120,,113316,113440,112296,112420,124,101138b9cf66c4f87880b0ff22bf99791dc3e5c3f9063181449fb5f5ccfef767,524c434efffe00017c00000010000200,,NCLR palette,Confirmed,True,False,,,,,,,,,,False,False
/graphic/btower.narc,/graphic/btower.narc!/member_00000,0,/graphic/btower.narc,274,0,,124,248,0,124,124,a3ea0d7287e4ff4586b357311d7437e3500b312c688e1d225341a74290591a28,524c434efffe00017c00000010000200,,NCLR palette,Confirmed,True,False,,,,,,,,,,False,False
/graphic/btower.narc,/graphic/btower.narc!/member_00001,0,/graphic/btower.narc,274,1,,248,5160,124,5036,4912,e3f29d72baaf6cc2b85dc66df83257a2b1a1a0ef49414c891696c913b7bb1306,5247434efffe01013013000010000100,,NCGR graphics,Confirmed,True,False,,,,,,,,,,False,False
/graphic/btower.narc,/graphic/btower.narc!/member_00002,0,/graphic/btower.narc,274,2,,5160,5478,5036,5354,318,784761012869189957b58ffa8e41123d04796938839eac6a30ad791566af86a4,5245434efffe00013e01000010000300,,NCER cell,Confirmed,True,False,,,,,,,,,,False,False
/graphic/btower.narc,/graphic/btower.narc!/member_00003,0,/graphic/btower.narc,274,3,,5480,5802,5356,5678,322,4db8e51f65a0845ad3bf96461b8fbea0e3bb8da5629818d792b053cc24e1b440,524e414efffe00014201000010000300,,NANR animation,Confirmed,True,False,,,,,,,,,,False,False
/graphic/btower.narc,/graphic/btower.narc!/member_00004,0,/graphic/btower.narc,274,4,,5804,5962,5680,5838,158,020e92cd8b419392b3025001c8d424ddae85a497adbe62cfe1c6915aa8be42b4,524c434efffe00019e00000010000200,,NCLR palette,Confirmed,True,False,,,,,,,,,,False,False
/graphic/btower.narc,/graphic/btower.narc!/member_00005,0,/graphic/btower.narc,274,5,,5964,12172,5840,12048,6208,010c0791787a3a441634b5dce0c2d1b7b5fb84eb9fbe27ce6a731ea32eb1e6cc,5247434efffe01014018000010000200,,NCGR graphics,Confirmed,True,False,,,,,,,,,,False,False
/graphic/btower.narc,/graphic/btower.narc!/member_00006,0,/graphic/btower.narc,274,6,,12172,13744,12048,13620,1572,95715c3f3fecafcaac1e3c4039960a0994ea698e616ad55558de9e24a730e61e,5243534efffe00012406000010000100,,NSCR screen map,Confirmed,True,False,,,,,,,,,,False,False
/graphic/btower.narc,/graphic/btower.narc!/member_00007,0,/graphic/btower.narc,274,7,,13744,15316,13620,15192,1572,9c859adb56a4870bb53e86e3c62a83037a542ef07b4bfae725daad5d4320df2b,5243534efffe00012406000010000100,,NSCR screen map,Confirmed,True,False,,,,,,,,,,False,False
/graphic/btower.narc,/graphic/btower.narc!/member_00008,0,/graphic/btower.narc,274,8,,15316,16888,15192,16764,1572,736ee5e20c9d86e0b9962f8adc3fdb96e57fe70d2164860eaf1ff263bfb6c557,5243534efffe00012406000010000100,,NSCR screen map,Confirmed,True,False,,,,,,,,,,False,False
/graphic/config_gra.narc,/graphic/config_gra.narc!/member_00000,0,/graphic/config_gra.narc,275,0,,76,166,0,90,90,abc9482f316f4bd3bbb0d5b79a874601dcbf66d2ad893b4ce10744c23702e1f0,524c434efffe00015a00000010000200,,NCLR palette,Confirmed,True,False,,,,,,,,,,False,False
/graphic/config_gra.narc,/graphic/config_gra.narc!/member_00001,0,/graphic/config_gra.narc,275,1,,168,392,92,316,224,58fb03a5458a106065e2703a5221e1633727ddf58580044aaff2fb15ae84016f,5247434efffe0101e000000010000200,,NCGR graphics,Confirmed,True,False,,,,,,,,,,False,False
/graphic/config_gra.narc,/graphic/config_gra.narc!/member_00002,0,/graphic/config_gra.narc,275,2,,392,684,316,608,292,c6161e20cf50b9bcbd967e07a0bd4b2d553cb68e470381abcf45e64f4d3462d0,5243534efffe00012401000010000100,,NSCR screen map,Confirmed,True,False,,,,,,,,,,False,False
/graphic/demo_trade.narc,/graphic/demo_trade.narc!/member_00000,0,/graphic/demo_trade.narc,276,0,,276,2338,0,2062,2062,4dc4ffa700c61b65a6e332c649cf30226a68065beac5d0c98b254eda6d2e80c5,10244000005243534efffe0001002440,,Nintendo LZ10,Probable,,True,Nintendo LZ10,Confirmed,True,16420,True,16420,5cb7cf07b18083e93ef87c128267f4ec853a8540350bddec2bb52447b4c58046,NSCR screen map,Confirmed,False,False
/graphic/demo_trade.narc,/graphic/demo_trade.narc!/member_00001,0,/graphic/demo_trade.narc,276,1,,2340,4402,2064,4126,2062,68c9f04412ebb1b0ac92ff3092c278d2125b60237f0cecacf96d79ac12dd1298,10244000005243534efffe0001002440,,Nintendo LZ10,Probable,,True,Nintendo LZ10,Confirmed,True,16420,True,16420,a50418de6af193408db2299c36c7797b959b08ebfc6c6fb99a18fdbcfb963c6b,NSCR screen map,Confirmed,False,False
/graphic/demo_trade.narc,/graphic/demo_trade.narc!/member_00002,0,/graphic/demo_trade.narc,276,2,,4404,4907,4128,4631,503,d8ea81000d763d5497718a1449f6cd425916a9990bd581b711645f50d6d3a247,10400a00005247434efffe010100400a,,Nintendo LZ10,Probable,,True,Nintendo LZ10,Confirmed,True,2624,True,2624,cf44047f980bc27942325f7ea484c04952fca1137f4ff0524899863204565fd8,NCGR graphics,Confirmed,False,False
/graphic/demo_trade.narc,/graphic/demo_trade.narc!/member_00003,0,/graphic/demo_trade.narc,276,3,,4908,5478,4632,5202,570,4b917d375a884100f5682e0b5aeaf0793da3823ef9bfd0d250923a1e2caf580b,524c434efffe00013a02000010000200,,NCLR palette,Confirmed,True,False,,,,,,,,,,False,False
/graphic/demo_trade.narc,/graphic/demo_trade.narc!/member_00004,0,/graphic/demo_trade.narc,276,4,,5480,7820,5204,7544,2340,14a62720ef5b902863cdc109675f7a6584d83cf445e7a378cc7ed6ef496f2eec,10240800005243534efffe0001002408,,Nintendo LZ10,Probable,,True,Nintendo LZ10,Confirmed,True,2084,True,2084,2934c00847107e9cca23eb04ae41d7cd07da5c7528c928719bcfff0b5965d9fa,NSCR screen map,Confirmed,False,False
/graphic/demo_trade.narc,/graphic/demo_trade.narc!/member_00005,0,/graphic/demo_trade.narc,276,5,,7820,10335,7544,10059,2515,df61a2677d2eec67d55d56e30ba3e018825dec35583576e72acca5828370a426,10404000005247434efffe0101004040,,Nintendo LZ10,Probable,,True,Nintendo LZ10,Confirmed,True,16448,True,16448,8b361c408374419658783a364042379db02f1b389de1fcc04a5cef5a9756c0a6,NCGR graphics,Confirmed,False,False
/graphic/demo_trade.narc,/graphic/demo_trade.narc!/member_00006,0,/graphic/demo_trade.narc,276,6,,10336,10906,10060,10630,570,bef8da2d7104a272aaa05e0e64da66e11c503556f62a24c7c05edde34c650e61,524c434efffe00013a02000010000200,,NCLR palette,Confirmed,True,False,,,,,,,,,,False,False
/graphic/demo_trade.narc,/graphic/demo_trade.narc!/member_00007,0,/graphic/demo_trade.narc,276,7,,10908,11255,10632,10979,347,4b9efb96c586fb76aa59ac3583907353e3583cf66e1dadddbbb12210c5f88495,103e0200005245434efffe0001003e02,,Nintendo LZ10,Probable,,True,Nintendo LZ10,Confirmed,True,574,True,574,867244e7f8e3539d003d9caac58c6cfad53055182eeccdb1ac1657d0b93b5e01,NCER cell,Confirmed,False,False
/graphic/demo_trade.narc,/graphic/demo_trade.narc!/member_00008,0,/graphic/demo_trade.narc,276,8,,11256,11477,10980,11201,221,6c724d5ea65e2fb2f881efc66b98b894c3e5928d753bb156fcf921170dd7ebdf,1086010000524e414efffe0001008601,,Nintendo LZ10,Probable,,True,Nintendo LZ10,Confirmed,True,390,True,390,f9b4b65f2642f079c4da4f40e7d168e9e0ffaa3de1140e8f3762b14307b0a464,NANR animation,Confirmed,False,False
/graphic/demo_trade.narc,/graphic/demo_trade.narc!/member_00009,0,/graphic/demo_trade.narc,276,9,,11480,13045,11204,12769,1565,2ad00b86c832b91590ec3e8c2ea403347186dfd3d11f1aa26e4c58b1c6a191fb,10301d00005247434efffe010100301d,,Nintendo LZ10,Probable,,True,Nintendo LZ10,Confirmed,True,7472,True,7472,6b465dee2490d11785bdb73a46fdb5d1c548d05544fb9a164ea7ddfe35e727d6,NCGR graphics,Confirmed,False,False
/graphic/demo_trade.narc,/graphic/demo_trade.narc!/member_00010,0,/graphic/demo_trade.narc,276,10,,13048,13172,12772,12896,124,cb4e3e52f8d98a7532a1eb5418388377c413088fc16a15951d1cc086253743c6,524c434efffe00017c00000010000200,,NCLR palette,Confirmed,True,False,,,,,,,,,,False,False
/graphic/demo_trade.narc,/graphic/demo_trade.narc!/member_00011,0,/graphic/demo_trade.narc,276,11,,13172,13300,12896,13024,128,5415c48f7e604bc013893426a714acaae147719d81b1ef48b3d15686d767b997,10a60000005245434efffe000100a600,,Nintendo LZ10,Probable,,True,Nintendo LZ10,Confirmed,True,166,True,166,248677e47cef0d8c3759922176bce4a3f1b84b039a504e2488eb49b9bb7419e2,NCER cell,Confirmed,False,False
/graphic/demo_trade.narc,/graphic/demo_trade.narc!/member_00012,0,/graphic/demo_trade.narc,276,12,,13300,13406,13024,13130,106,dfd319f9b3fb0f63060774087984216ccc8fb2bb7249e15bb21de07e944cf63f,109a000000524e414efffe0001009a00,,Nintendo LZ10,Probable,,True,Nintendo LZ10,Confirmed,True,154,True,154,49d7bb5f6af6acbdf42fc87d1d8147207d9cf67c7b687408b3452b389bb40bcb,NANR animation,Confirmed,False,False
/graphic/demo_trade.narc,/graphic/demo_trade.narc!/member_00013,0,/graphic/demo_trade.narc,276,13,,13408,13502,13132,13226,94,10ad1308bb238de2756dc6b4e8cd9348518b603a48735cbde2ea81a4a42ef113,10100100005247434efffe0101001001,,Nintendo LZ10,Probable,,True,Nintendo LZ10,Confirmed,True,272,True,272,3c5da6090e4a3aca221ecf49355b67287d07cea6b40444c0952d78914eecd75b,NCGR graphics,Confirmed,False,False
/graphic/demo_trade.narc,/graphic/demo_trade.narc!/member_00014,0,/graphic/demo_trade.narc,276,14,,13504,13594,13228,13318,90,211a391f91776db3eeabcd3c9225d824990d624e61c6e2c35a675cd80d997a23,524c434efffe00015a00000010000200,,NCLR palette,Confirmed,True,False,,,,,,,,,,False,False
/graphic/demo_trade.narc,/graphic/demo_trade.narc!/member_00015,0,/graphic/demo_trade.narc,276,15,,13596,15313,13320,15037,1717,42ddcf3574edbea2a02e7c8a311f16f0dd2bbad50c9a3c2e612cc2ee34241c10,10241000005243534efffe0001002410,,Nintendo LZ10,Probable,,True,Nintendo LZ10,Confirmed,True,4132,True,4132,3d3a1a2399b17e86e1b6522ae974c1e2e8e54ab403b67f7e95aab98a73068306,NSCR screen map,Confirmed,False,False
/graphic/demo_trade.narc,/graphic/demo_trade.narc!/member_00016,0,/graphic/demo_trade.narc,276,16,,15316,19431,15040,19155,4115,bd6844749331d4ecfac0b6abbf1796059b83147e5fa3556baa6a76b98415f394,10403c00005247434efffe010100403c,,Nintendo LZ10,Probable,,True,Nintendo LZ10,Confirmed,True,15424,True,15424,cfc1dcc324ab3741e31adfe0b68185d9f50afbd4d145b4b3bac644be4230d03d,NCGR graphics,Confirmed,False,False
/graphic/demo_trade.narc,/graphic/demo_trade.narc!/member_00017,0,/graphic/demo_trade.narc,276,17,,19432,19624,19156,19348,192,e1848c06fe50c9292ef1e3dd015175ce1684303d625c9bcf02a193774a1396a8,524c434efffe0001c000000010000200,,NCLR palette,Confirmed,True,False,,,,,,,,,,False,False
/graphic/demo_trade.narc,/graphic/demo_trade.narc!/member_00018,0,/graphic/demo_trade.narc,276,18,,19624,19865,19348,19589,241,ee6659f57eafb358244ce64ca25b50b559be45f63702ea17316593a167e3f2d4,10240600005243534efffe0001002406,,Nintendo LZ10,Probable,,True,Nintendo LZ10,Confirmed,True,1572,True,1572,39a7bfc642629b5b54c15441ed94bdfb6b159fd272ed4b7967a0ff667878109e,NSCR screen map,Confirmed,False,False
/graphic/demo_trade.narc,/graphic/demo_trade.narc!/member_00019,0,/graphic/demo_trade.narc,276,19,,19868,20006,19592,19730,138,722fb24cfd66a4b21791977048e05ef3903978bc040ebcde00e3eae3ac2abcec,10000200005247434efffe0101040002,,Nintendo LZ10,Probable,,True,Nintendo LZ10,Confirmed,True,512,True,512,4bd7674a9a4c51e8b8895aefcd5dec4f551732c2662fe899b650342445e56ed2,NCGR graphics,Confirmed,False,False
/graphic/demo_trade.narc,/graphic/demo_trade.narc!/member_00020,0,/graphic/demo_trade.narc,276,20,,20008,20098,19732,19822,90,a0e4b72c130f7acbac2494ad07fdaefc4f19ca3dd796b0a6cfb295e1cfae08a2,524c434efffe00015a00000010000200,,NCLR palette,Confirmed,True,False,,,,,,,,,,False,False
/graphic/demo_trade.narc,/graphic/demo_trade.narc!/member_00021,0,/graphic/demo_trade.narc,276,21,,20100,20323,19824,20047,223,209f0bc014d199b7a62c0a3fc875f0111b6381e38f904741af3bdb4050b46fcc,10240600005243534efffe0001002406,,Nintendo LZ10,Probable,,True,Nintendo LZ10,Confirmed,True,1572,True,1572,7d11a66d0baba8c60a963b79641011633c67dd73116b75c7672075907c7186b5,NSCR screen map,Confirmed,False,False
/graphic/demo_trade.narc,/graphic/demo_trade.narc!/member_00022,0,/graphic/demo_trade.narc,276,22,,20324,20391,20048,20115,67,17f9cbbe82abd559540bf46767ec29b73c9d97f3624016310efddb75d551a5ec,10800000005247434efffe0101008000,,Nintendo LZ10,Probable,,True,Nintendo LZ10,Confirmed,True,128,True,128,95642f5600ccae88a8d1630b8daa080a3c3c0bf53f6a3c64e3fe70f05f6f0d89,NCGR graphics,Confirmed,False,False
/graphic/demo_trade.narc,/graphic/demo_trade.narc!/member_00023,0,/graphic/demo_trade.narc,276,23,,20392,20482,20116,20206,90,c0271136bd9931784ad318c6627825325edece729af84c059d16a61ebf57e459,524c434efffe00015a00000010000200,,NCLR palette,Confirmed,True,False,,,,,,,,,,False,False
/graphic/demo_trade.narc,/graphic/demo_trade.narc!/member_00024,0,/graphic/demo_trade.narc,276,24,,20484,21706,20208,21430,1222,e4e84d17254e79d023f218dddc56e70973228f30061fbc22228daf80ba15cb5c,10241000005243534efffe0001002410,,Nintendo LZ10,Probable,,True,Nintendo LZ10,Confirmed,True,4132,True,4132,d35d94dbef56ece7f3042d7339d1192636b0f9912aabc2b2c3688870d732ccc5,NSCR screen map,Confirmed,False,False
/graphic/demo_trade.narc,/graphic/demo_trade.narc!/member_00025,0,/graphic/demo_trade.narc,276,25,,21708,22785,21432,22509,1077,42d9daa752673fc66ea0d1c6eda80da9b55543126549717e48deb5c0dd3e5efe,10401400005247434efffe0101004014,,Nintendo LZ10,Probable,,True,Nintendo LZ10,Confirmed,True,5184,True,5184,e88ca120d4612b5485de19e7301f27c1098187504ffbac88ba0bc3d9bf2ec43a,NCGR graphics,Confirmed,False,False
/graphic/demo_trade.narc,/graphic/demo_trade.narc!/member_00026,0,/graphic/demo_trade.narc,276,26,,22788,22878,22512,22602,90,2d33ad7ea1ec5e3d74a019fb6014c4bc6b3e045fafce287c2c0c4e875235f7cd,524c434efffe00015a00000010000200,,NCLR palette,Confirmed,True,False,,,,,,,,,,False,False
/graphic/demo_trade.narc,/graphic/demo_trade.narc!/member_00027,0,/graphic/demo_trade.narc,276,27,,22880,31512,22604,31236,8632,a96b26eda43177a0ee7bcaf89378609daaf1e03240ac3621305ea05115c5a198,424d4430fffe0200b821000010000200,,NSBMD model,Confirmed,True,False,,,,,,,,,,False,False
/graphic/dendou_demo.narc,/graphic/dendou_demo.narc!/member_00000,0,/graphic/dendou_demo.narc,277,0,,92,409,0,317,317,69e0c5e1c047556d978447a796fa94ae2c334a5d8886c8f5b30ae9ba0f8d6c52,10240800005243534efffe0001002408,,Nintendo LZ10,Probable,,True,Nintendo LZ10,Confirmed,True,2084,True,2084,37eb30a68a520d53dd3b3bac5b912a18b0a433f4320393a7c4fdcc86010d4332,NSCR screen map,Confirmed,False,False
/graphic/dendou_demo.narc,/graphic/dendou_demo.narc!/member_00001,0,/graphic/dendou_demo.narc,277,1,,412,736,320,644,324,b66ac70f1c825e9d9ae04ed6f0ac47bae9d4e9b092c0145c4b6e3169e4f14cfe,10240800005243534efffe0001002408,,Nintendo LZ10,Probable,,True,Nintendo LZ10,Confirmed,True,2084,True,2084,918b7a041d055a173f1d352228c7d53b38c1da8dd257b7ac0c6e4e7c1a0a31a7,NSCR screen map,Confirmed,False,False
/graphic/dendou_demo.narc,/graphic/dendou_demo.narc!/member_00002,0,/graphic/dendou_demo.narc,277,2,,736,1019,644,927,283,3c4fcb99f3f98ef796668618b78a3f856fb12691c822eb23186a4633e4bd4707,10240800005243534efffe0001002408,,Nintendo LZ10,Probable,,True,Nintendo LZ10,Confirmed,True,2084,True,2084,3867814eb0e49d95c1dd5e96bea0d65583f5ca1a86f8824c878aec5c15c8fcbd,NSCR screen map,Confirmed,False,False
/graphic/dendou_demo.narc,/graphic/dendou_demo.narc!/member_00003,0,/graphic/dendou_demo.narc,277,3,,1020,1401,928,1309,381,508e256a0c46f7f9b6b155e176ae44aa93cce865e23b4fee49ee730753b7e6fe,10400800005247434efffe0101004008,,Nintendo LZ10,Probable,,True,Nintendo LZ10,Confirmed,True,2112,True,2112,4eeaf289f5774c7cb22862c9d6cb30af1c74018c20330d051b000a226d2939ff,NCGR graphics,Confirmed,False,False
/graphic/dendou_demo.narc,/graphic/dendou_demo.narc!/member_00004,0,/graphic/dendou_demo.narc,277,4,,1404,1562,1312,1470,158,e8e7b2fc958ab40a39e206e8884708595713cdae618f4befb9e26c521083c131,524c434efffe00019e00000010000200,,NCLR palette,Confirmed,True,False,,,,,,,,,,False,False
/graphic/dendou_pc.narc,/graphic/dendou_pc.narc!/member_00000,0,/graphic/dendou_pc.narc,278,0,,76,359,0,283,283,c02e4bad9d60c663511a8b70769fe0cfb9812ed2edf885efa766a3c7fb163927,10240800005243534efffe0001002408,,Nintendo LZ10,Probable,,True,Nintendo LZ10,Confirmed,True,2084,True,2084,d43c6075013502ed0903b9e17c7c23025ce3a1bf81c0aadc10bcc86cf1bd3778,NSCR screen map,Confirmed,False,False
/graphic/dendou_pc.narc,/graphic/dendou_pc.narc!/member_00001,0,/graphic/dendou_pc.narc,278,1,,360,542,284,466,182,77b704c5ecf55034eb1889751ac0ba0aeae4751b87ab224f20a1cbffc0b506a2,10400400005247434efffe0101004004,,Nintendo LZ10,Probable,,True,Nintendo LZ10,Confirmed,True,1088,True,1088,781a197e7a9e70c494d32c32e0e35f3aae018f21e548122424002e5ba130f73a,NCGR graphics,Confirmed,False,False
/graphic/dendou_pc.narc,/graphic/dendou_pc.narc!/member_00002,0,/graphic/dendou_pc.narc,278,2,,544,668,468,592,124,fe1c56e82385aef7eca61ab35a3e477167f0a68c52e48b91920b7a664dc88afa,524c434efffe00017c00000010000200,,NCLR palette,Confirmed,True,False,,,,,,,,,,False,False
/graphic/ending.narc,/graphic/ending.narc!/member_00000,0,/graphic/ending.narc,279,0,,588,8612,0,8024,8024,824ae455c663fb4820b2a3014a478e76a77cff10ea74631c25a4094effa34890,424d4430fffe0200581f000010000200,,NSBMD model,Confirmed,True,False,,,,,,,,,,False,False
/graphic/ending.narc,/graphic/ending.narc!/member_00001,0,/graphic/ending.narc,279,1,,8612,16636,8024,16048,8024,9d3c413deea8ddf9869a547c39fd3f3b27f86dd717f7fbe6e36641e943fc4442,424d4430fffe0200581f000010000200,,NSBMD model,Confirmed,True,False,,,,,,,,,,False,False
/graphic/ending.narc,/graphic/ending.narc!/member_00002,0,/graphic/ending.narc,279,2,,16636,24632,16048,24044,7996,ce6cba7fdb657571c2f8fcd89ef24436123d800f111bf050aa3cd66c9b8e3b10,424d4430fffe02003c1f000010000200,,NSBMD model,Confirmed,True,False,,,,,,,,,,False,False
/graphic/ending.narc,/graphic/ending.narc!/member_00003,0,/graphic/ending.narc,279,3,,24632,25924,24044,25336,1292,d246dbc716edd80e31c4ac844b7eff8a2cc830cdc6b950b14e78077c99447636,42544130fffe01000c05000010000100,,NSBTA texture animation,Confirmed,True,False,,,,,,,,,,False,False
/graphic/ending.narc,/graphic/ending.narc!/member_00004,0,/graphic/ending.narc,279,4,,25924,30056,25336,29468,4132,bcd659505a155591b8e90d4baac12e11b833ea924598517d395a78a7cac07a7c,5243534efffe00012410000010000100,,NSCR screen map,Confirmed,True,False,,,,,,,,,,False,False
/graphic/ending.narc,/graphic/ending.narc!/member_00005,0,/graphic/ending.narc,279,5,,30056,46504,29468,45916,16448,08d3430b3c42695986a4655768e75eed9654e74eb955b5fa51f15ba41b3f9f1b,5247434efffe01014040000010000200,,NCGR graphics,Confirmed,True,False,,,,,,,,,,False,False
/graphic/ending.narc,/graphic/ending.narc!/member_00006,0,/graphic/ending.narc,279,6,,46504,50636,45916,50048,4132,8883d9251b67594b4311868408de096974beb74f66f80e9b587da374e023f1e1,5243534efffe00012410000010000100,,NSCR screen map,Confirmed,True,False,,,,,,,,,,False,False
/graphic/ending.narc,/graphic/ending.narc!/member_00007,0,/graphic/ending.narc,279,7,,50636,58892,50048,58304,8256,06f6609efc7960e9ff93477c59156abfc5f793e5b11df6b1ad055d73d9d030ec,5247434efffe01014020000010000200,,NCGR graphics,Confirmed,True,False,,,,,,,,,,False,False
/graphic/ending.narc,/graphic/ending.narc!/member_00008,0,/graphic/ending.narc,279,8,,58892,63024,58304,62436,4132,865eae6e4e1ea917153103d7fc0a56f1f95703d0a2238a03d358faf697e34d51,5243534efffe00012410000010000100,,NSCR screen map,Confirmed,True,False,,,,,,,,,,False,False
/graphic/ending.narc,/graphic/ending.narc!/member_00009,0,/graphic/ending.narc,279,9,,63024,70768,62436,70180,7744,dea7013e2ce450651ba5333ead5dafd3b358610e6261289db718d0c74a96b84f,5247434efffe0101401e000010000200,,NCGR graphics,Confirmed,True,False,,,,,,,,,,False,False
/graphic/ending.narc,/graphic/ending.narc!/member_00010,0,/graphic/ending.narc,279,10,,70768,74900,70180,74312,4132,88c41801dad4be02b4241bf10744d2dff9487de38ee46e95e2ea687caf3e38d9,5243534efffe00012410000010000100,,NSCR screen map,Confirmed,True,False,,,,,,,,,,False,False
/graphic/ending.narc,/graphic/ending.narc!/member_00011,0,/graphic/ending.narc,279,11,,74900,83924,74312,83336,9024,a28226b3ca898fb5682325c3de25952a1f88ceccd8db01b758e8567b819260e9,5247434efffe01014023000010000200,,NCGR graphics,Confirmed,True,False,,,,,,,,,,False,False
/graphic/ending.narc,/graphic/ending.narc!/member_00012,0,/graphic/ending.narc,279,12,,83924,88056,83336,87468,4132,e238d7e26bdd2359fc77ab2f012262d508aa32479cb507ea50b92d711f52f6ad,5243534efffe00012410000010000100,,NSCR screen map,Confirmed,True,False,,,,,,,,,,False,False
/graphic/ending.narc,/graphic/ending.narc!/member_00013,0,/graphic/ending.narc,279,13,,88056,95800,87468,95212,7744,a62d2a13c767069ee9e7404ebfa8de6da1ba9a644c9339f75237217c3c913220,5247434efffe0101401e000010000200,,NCGR graphics,Confirmed,True,False,,,,,,,,,,False,False
/graphic/ending.narc,/graphic/ending.narc!/member_00014,0,/graphic/ending.narc,279,14,,95800,99932,95212,99344,4132,838c5f767c1c87513b28216c70de1ca3006b3e22e20476d22cebb78959c42ca9,5243534efffe00012410000010000100,,NSCR screen map,Confirmed,True,False,,,,,,,,,,False,False
/graphic/ending.narc,/graphic/ending.narc!/member_00015,0,/graphic/ending.narc,279,15,,99932,110236,99344,109648,10304,9e1b56bff1ea444494fb3a3400aa846e758d53fdfe473a7b6a12d908e6200d7e,5247434efffe01014028000010000200,,NCGR graphics,Confirmed,True,False,,,,,,,,,,False,False
/graphic/ending.narc,/graphic/ending.narc!/member_00016,0,/graphic/ending.narc,279,16,,110236,114368,109648,113780,4132,ea58de3719c42bcb508765cf85473c97df5108f2837c37380a60015621503d71,5243534efffe00012410000010000100,,NSCR screen map,Confirmed,True,False,,,,,,,,,,False,False
/graphic/ending.narc,/graphic/ending.narc!/member_00017,0,/graphic/ending.narc,279,17,,114368,123392,113780,122804,9024,e0f2027e8402cb0b664e7aeaa3f385ba36690d32cc11ae09f949de25d4b26280,5247434efffe01014023000010000200,,NCGR graphics,Confirmed,True,False,,,,,,,,,,False,False
/graphic/ending.narc,/graphic/ending.narc!/member_00018,0,/graphic/ending.narc,279,18,,123392,127524,122804,126936,4132,7d8067da9872bad32eff8d7b070820eba8af28761bad16582b7cfde728cfb844,5243534efffe00012410000010000100,,NSCR screen map,Confirmed,True,False,,,,,,,,,,False,False
/graphic/ending.narc,/graphic/ending.narc!/member_00019,0,/graphic/ending.narc,279,19,,127524,137828,126936,137240,10304,a2f463235a7b922b0aede6c35f00940d74bb2e4113eeca8d709010f6150bb359,5247434efffe01014028000010000200,,NCGR graphics,Confirmed,True,False,,,,,,,,,,False,False
/graphic/ending.narc,/graphic/ending.narc!/member_00020,0,/graphic/ending.narc,279,20,,137828,139400,137240,138812,1572,b6e7a8486f67355ade26e1ee9615de8575676767b89a975d485afd9d8cb1f071,5243534efffe00012406000010000100,,NSCR screen map,Confirmed,True,False,,,,,,,,,,False,False
/graphic/ending.narc,/graphic/ending.narc!/member_00021,0,/graphic/ending.narc,279,21,,139400,140488,138812,139900,1088,08e7b1a7953b5fc1d1b0dd8fa065c159e4acdb5c7f66eb5ae632ae42cf15a5b7,5247434efffe01014004000010000200,,NCGR graphics,Confirmed,True,False,,,,,,,,,,False,False
/graphic/ending.narc,/graphic/ending.narc!/member_00022,0,/graphic/ending.narc,279,22,,140488,142060,139900,141472,1572,f4e55aca5c6efc887e63bba6b904cb125fa3765cb30211d85d5f1bab02137ab2,5243534efffe00012406000010000100,,NSCR screen map,Confirmed,True,False,,,,,,,,,,False,False
/graphic/ending.narc,/graphic/ending.narc!/member_00023,0,/graphic/ending.narc,279,23,,142060,144172,141472,143584,2112,17092b490cad88e0ade146b6f306131360b23f63c399997273ef55889ce4c0d4,5247434efffe01014008000010000200,,NCGR graphics,Confirmed,True,False,,,,,,,,,,False,False
/graphic/ending.narc,/graphic/ending.narc!/member_00024,0,/graphic/ending.narc,279,24,,144172,145744,143584,145156,1572,b6de41b44b77e614bf44f8c6fe0091a10826013518a97d3a7f311c5d6825feaa,5243534efffe00012406000010000100,,NSCR screen map,Confirmed,True,False,,,,,,,,,,False,False
/graphic/ending.narc,/graphic/ending.narc!/member_00025,0,/graphic/ending.narc,279,25,,145744,150928,145156,150340,5184,b3acd372264663ce98ff2b9909e9fd81293c3f3133ac7eddcd498098a87f01aa,5247434efffe01014014000010000200,,NCGR graphics,Confirmed,True,False,,,,,,,,,,False,False
/graphic/ending.narc,/graphic/ending.narc!/member_00026,0,/graphic/ending.narc,279,26,,150928,152500,150340,151912,1572,bb9424a9684d67bfdfce2bc9ab9ec1a4f3c3a6e4233043c763cff97baa05d0d8,5243534efffe00012406000010000100,,NSCR screen map,Confirmed,True,False,,,,,,,,,,False,False
/graphic/ending.narc,/graphic/ending.narc!/member_00027,0,/graphic/ending.narc,279,27,,152500,159732,151912,159144,7232,7c1a3f35256863e208a79ec67a0b8639190f60d08ede2c2ed3a08776b3df7fc7,5247434efffe0101401c000010000200,,NCGR graphics,Confirmed,True,False,,,,,,,,,,False,False
/graphic/ending.narc,/graphic/ending.narc!/member_00028,0,/graphic/ending.narc,279,28,,159732,161304,159144,160716,1572,98d8c52642163b3f28f121d64336bfa3964daffd43e3ee304f3cc2b52f8f4bc6,5243534efffe00012406000010000100,,NSCR screen map,Confirmed,True,False,,,,,,,,,,False,False
/graphic/ending.narc,/graphic/ending.narc!/member_00029,0,/graphic/ending.narc,279,29,,161304,163416,160716,162828,2112,45f577c40bee56f93c9aaffb16656a4c4ead7616e5e1fb4e9e26f80ab4756357,5247434efffe01014008000010000200,,NCGR graphics,Confirmed,True,False,,,,,,,,,,False,False
/graphic/ending.narc,/graphic/ending.narc!/member_00030,0,/graphic/ending.narc,279,30,,163416,164988,162828,164400,1572,2d6cb36cbf930255ff4c9e3e81796577fe3cf0445a41c86fb9bdb86b8071a3a2,5243534efffe00012406000010000100,,NSCR screen map,Confirmed,True,False,,,,,,,,,,False,False
/graphic/ending.narc,/graphic/ending.narc!/member_00031,0,/graphic/ending.narc,279,31,,164988,168124,164400,167536,3136,57a9ec5e8398318c65e7fb6c65a734e930a3fe2ee802da9dea82b6a03adaa0db,5247434efffe0101400c000010000200,,NCGR graphics,Confirmed,True,False,,,,,,,,,,False,False
/graphic/ending.narc,/graphic/ending.narc!/member_00032,0,/graphic/ending.narc,279,32,,168124,169696,167536,169108,1572,ba21b6f4b1e903ed985f8b5d7676dfd030c3e939bce6d088a722b30581dd07b8,5243534efffe00012406000010000100,,NSCR screen map,Confirmed,True,False,,,,,,,,,,False,False
/graphic/ending.narc,/graphic/ending.narc!/member_00033,0,/graphic/ending.narc,279,33,,169696,174880,169108,174292,5184,eba91d930e72ed947dccc918f62925ff68b3a95c7c37d46d985050369b4cf377,5247434efffe01014014000010000200,,NCGR graphics,Confirmed,True,False,,,,,,,,,,False,False
/graphic/ending.narc,/graphic/ending.narc!/member_00034,0,/graphic/ending.narc,279,34,,174880,176452,174292,175864,1572,53c74fc1b60d6d58e08a703767ebbd372a3a6e30b012d4f202112a33b5029252,5243534efffe00012406000010000100,,NSCR screen map,Confirmed,True,False,,,,,,,,,,False,False
/graphic/ending.narc,/graphic/ending.narc!/member_00035,0,/graphic/ending.narc,279,35,,176452,176580,175864,175992,128,b828cc1cce02b2cff74640df7cf7f2fb9edcd75c4aa9a9e3d95fc3193230bb42,5247434efffe01018000000010000200,,NCGR graphics,Confirmed,True,False,,,,,,,,,,False,False
/graphic/ending.narc,/graphic/ending.narc!/member_00036,0,/graphic/ending.narc,279,36,,176580,178152,175992,177564,1572,7dec91768abe463d99503b94c3a6b62fd835dccdfb321dda4f15213d59ad1887,5243534efffe00012406000010000100,,NSCR screen map,Confirmed,True,False,,,,,,,,,,False,False
/graphic/ending.narc,/graphic/ending.narc!/member_00037,0,/graphic/ending.narc,279,37,,178152,187432,177564,186844,9280,a5d530717871c77365f979b811a9e16e99eb762a07f28135d691c1682d5d5396,5247434efffe01014024000010000200,,NCGR graphics,Confirmed,True,False,,,,,,,,,,False,False
/graphic/ending.narc,/graphic/ending.narc!/member_00038,0,/graphic/ending.narc,279,38,,187432,189004,186844,188416,1572,c9ec8d1dcee76a8a4265d01059bbf9ccef208eec27543932f155989b9eef4490,5243534efffe00012406000010000100,,NSCR screen map,Confirmed,True,False,,,,,,,,,,False,False
/graphic/ending.narc,/graphic/ending.narc!/member_00039,0,/graphic/ending.narc,279,39,,189004,238220,188416,237632,49216,9e8fdc80ce62766750be4498b83fac6b7e9066fde7ad771d768730cad1b9d7fc,5247434efffe010140c0000010000200,,NCGR graphics,Confirmed,True,False,,,,,,,,,,False,False
/graphic/ending.narc,/graphic/ending.narc!/member_00040,0,/graphic/ending.narc,279,40,,238220,239792,237632,239204,1572,76a963a1430a5fd8b55f208e1b536847afe54719855d970b8d7aafafaf79c802,5243534efffe00012406000010000100,,NSCR screen map,Confirmed,True,False,,,,,,,,,,False,False
/graphic/ending.narc,/graphic/ending.narc!/member_00041,0,/graphic/ending.narc,279,41,,239792,249072,239204,248484,9280,1381411a7e87feac0cfd48deb00be176322a93fd720c8abdb500662c7d8445b0,5247434efffe01014024000010000200,,NCGR graphics,Confirmed,True,False,,,,,,,,,,False,False
/graphic/ending.narc,/graphic/ending.narc!/member_00042,0,/graphic/ending.narc,279,42,,249072,251156,248484,250568,2084,fcea87b5c3c57126dcf1c27bc1ab1d59bc8e6b3d5fea977ab9af41b6969f0107,5243534efffe00012408000010000100,,NSCR screen map,Confirmed,True,False,,,,,,,,,,False,False
/graphic/ending.narc,/graphic/ending.narc!/member_00043,0,/graphic/ending.narc,279,43,,251156,257364,250568,256776,6208,38aaaade3929ad7f92cb2561030af72c88a840e582c67b3b1a878364cc554af3,5247434efffe01014018000010000200,,NCGR graphics,Confirmed,True,False,,,,,,,,,,False,False
/graphic/ending.narc,/graphic/ending.narc!/member_00044,0,/graphic/ending.narc,279,44,,257364,257454,256776,256866,90,712477ed95743d1d5dc087a4eb7d2571a189dc8244705d452b482d644b09404c,524c434efffe00015a00000010000200,,NCLR palette,Confirmed,True,False,,,,,,,,,,False,False
/graphic/ending.narc,/graphic/ending.narc!/member_00045,0,/graphic/ending.narc,279,45,,257456,258039,256868,257451,583,9fabf9525e16148f0aba38aa5e623001bc32892cf0f999e52e486be1925c698e,5245434efffe00014702000010000300,,NCER cell,Confirmed,True,False,,,,,,,,,,False,False
/graphic/ending.narc,/graphic/ending.narc!/member_00046,0,/graphic/ending.narc,279,46,,258040,258383,257452,257795,343,10364fb28046f46e1d3dfaa1ce6b3448d76b3d463212407e00a870108ee6557b,524e414efffe00015701000010000300,,NANR animation,Confirmed,True,False,,,,,,,,,,False,False
/graphic/ending.narc,/graphic/ending.narc!/member_00047,0,/graphic/ending.narc,279,47,,258384,289152,257796,288564,30768,a85cd3a25adf1f7c54812a6f070c84cb6b0e30232f5d19ae3220d01fc353d6fc,5247434efffe01013078000010000100,,NCGR graphics,Confirmed,True,False,,,,,,,,,,False,False
/graphic/ending.narc,/graphic/ending.narc!/member_00048,0,/graphic/ending.narc,279,48,,289152,289310,288564,288722,158,020b9a122df32052cdab933f425a957967b58c2d33d5a0fa52692f52fff6ce37,524c434efffe00019e00000010000200,,NCLR palette,Confirmed,True,False,,,,,,,,,,False,False
/graphic/ending.narc,/graphic/ending.narc!/member_00049,0,/graphic/ending.narc,279,49,,289312,289895,288724,289307,583,9fabf9525e16148f0aba38aa5e623001bc32892cf0f999e52e486be1925c698e,5245434efffe00014702000010000300,,NCER cell,Confirmed,True,False,,,,,,,,,,False,False
/graphic/ending.narc,/graphic/ending.narc!/member_00050,0,/graphic/ending.narc,279,50,,289896,290239,289308,289651,343,10364fb28046f46e1d3dfaa1ce6b3448d76b3d463212407e00a870108ee6557b,524e414efffe00015701000010000300,,NANR animation,Confirmed,True,False,,,,,,,,,,False,False
/graphic/ending.narc,/graphic/ending.narc!/member_00051,0,/graphic/ending.narc,279,51,,290240,321008,289652,320420,30768,70b4d2f5aa440fe9d79bc29063c3fbb390576f6cbd04e50f4cbe0f3ddb16ada2,5247434efffe01013078000010000100,,NCGR graphics,Confirmed,True,False,,,,,,,,,,False,False
/graphic/ending.narc,/graphic/ending.narc!/member_00052,0,/graphic/ending.narc,279,52,,321008,321166,320420,320578,158,c5606b9770cf36e231f1bd8b28de6be46743f2b25acc0954bd21a2cef9b27e66,524c434efffe00019e00000010000200,,NCLR palette,Confirmed,True,False,,,,,,,,,,False,False
/graphic/ending.narc,/graphic/ending.narc!/member_00053,0,/graphic/ending.narc,279,53,,321168,321327,320580,320739,159,eaf026e25be3eb376c5d60cdf3e741931078246775a89099caed168f40b6627e,5245434efffe00019f00000010000300,,NCER cell,Confirmed,True,False,,,,,,,,,,False,False
/graphic/ending.narc,/graphic/ending.narc!/member_00054,0,/graphic/ending.narc,279,54,,321328,321439,320740,320851,111,02501a6a5ce892afbfaf7aaf1ac388045db6e55ade71548a00cc3a91b7fb3f37,524e414efffe00016f00000010000300,,NANR animation,Confirmed,True,False,,,,,,,,,,False,False
/graphic/ending.narc,/graphic/ending.narc!/member_00055,0,/graphic/ending.narc,279,55,,321440,327760,320852,327172,6320,584e7a6a0db75e2c591052b9561fdceddc5c6b4ade2383b63797f322109c7452,5247434efffe0101b018000010000100,,NCGR graphics,Confirmed,True,False,,,,,,,,,,False,False
/graphic/ending.narc,/graphic/ending.narc!/member_00056,0,/graphic/ending.narc,279,56,,327760,327884,327172,327296,124,688acfab7c783543d30bd1532d980f585d988aa431a8f996bfe9b7339d9b1f0b,524c434efffe00017c00000010000200,,NCLR palette,Confirmed,True,False,,,,,,,,,,False,False
/graphic/ending.narc,/graphic/ending.narc!/member_00057,0,/graphic/ending.narc,279,57,,327884,328007,327296,327419,123,b59f3397dc24e6ca06dbdf41e60e5e5f1408a6be69eadef9051d61828d94f889,5245434efffe00017b00000010000300,,NCER cell,Confirmed,True,False,,,,,,,,,,False,False
/graphic/ending.narc,/graphic/ending.narc!/member_00058,0,/graphic/ending.narc,279,58,,328008,328119,327420,327531,111,30249884bd91f10bc9d4e13e7b1495f09991b6f488405a0cdbb61cfb402d10ca,524e414efffe00016f00000010000300,,NANR animation,Confirmed,True,False,,,,,,,,,,False,False
/graphic/ending.narc,/graphic/ending.narc!/member_00059,0,/graphic/ending.narc,279,59,,328120,330984,327532,330396,2864,5651a75af3c121e634d25de3fa1a06d5c2b99351252b6d0cd2a4d572467b7772,5247434efffe0101300b000010000100,,NCGR graphics,Confirmed,True,False,,,,,,,,,,False,False
/graphic/ending.narc,/graphic/ending.narc!/member_00060,0,/graphic/ending.narc,279,60,,330984,331074,330396,330486,90,94f015fd5be3e6657aa0e6769b290a4206405d0bcb8faf524f9c0bd02f21b6cb,524c434efffe00015a00000010000200,,NCLR palette,Confirmed,True,False,,,,,,,,,,False,False
/graphic/ending.narc,/graphic/ending.narc!/member_00061,0,/graphic/ending.narc,279,61,,331076,331286,330488,330698,210,676d379f644e186227314e906386196003846880f846d2c24a44f816a71b007e,5245434efffe0001d200000010000300,,NCER cell,Confirmed,True,False,,,,,,,,,,False,False
/graphic/ending.narc,/graphic/ending.narc!/member_00062,0,/graphic/ending.narc,279,62,,331288,331490,330700,330902,202,8d78aefbab18624d138d2def23972c344e479bc0425eada9e80926de556d41da,524e414efffe0001ca00000010000300,,NANR animation,Confirmed,True,False,,,,,,,,,,False,False
/graphic/ending.narc,/graphic/ending.narc!/member_00063,0,/graphic/ending.narc,279,63,,331492,332820,330904,332232,1328,952abd01c0115ca317c5a9a0ea267293d0072ef943cdadf312606475db21eefd,5247434efffe01013005000010000100,,NCGR graphics,Confirmed,True,False,,,,,,,,,,False,False
/graphic/ending.narc,/graphic/ending.narc!/member_00064,0,/graphic/ending.narc,279,64,,332820,332910,332232,332322,90,36b3d2a4755b681b5dc2793603d019f1be71c8a1e70ea973122ecd892973ca46,524c434efffe00015a00000010000200,,NCLR palette,Confirmed,True,False,,,,,,,,,,False,False
/graphic/ending.narc,/graphic/ending.narc!/member_00065,0,/graphic/ending.narc,279,65,,332912,333376,332324,332788,464,9aed72c43ae8d31aa9b5063dfd2dc4ad34040d3b053b75a236b88e377ba26fd3,524c434efffe0001d001000010000200,,NCLR palette,Confirmed,True,False,,,,,,,,,,False,False
/graphic/ending.narc,/graphic/ending.narc!/member_00066,0,/graphic/ending.narc,279,66,,333376,333466,332788,332878,90,73f69b022171b01ba75a5ad6ed4a504f5bf0942841886d144615a503b22519ba,524c434efffe00015a00000010000200,,NCLR palette,Confirmed,True,False,,,,,,,,,,False,False
/graphic/ev_pokeselect.narc,/graphic/ev_pokeselect.narc!/member_00000,0,/graphic/ev_pokeselect.narc,280,0,,196,6296,0,6100,6100,5e5fa596efd8ba03931fd0d6a5b40929036ca3df6036a8f4709a0673993d2ab8,42434130fffe0100d417000010000100,,NSBCA animation,Confirmed,True,False,,,,,,,,,,False,False
/graphic/ev_pokeselect.narc,/graphic/ev_pokeselect.narc!/member_00001,0,/graphic/ev_pokeselect.narc,280,1,,6296,60420,6100,60224,54124,c84828c76304da3e60bf74dc4792749d14915b4477791e679102d0e771e5fac3,424d4430fffe02006cd3000010000200,,NSBMD model,Confirmed,True,False,,,,,,,,,,False,False
/graphic/ev_pokeselect.narc,/graphic/ev_pokeselect.narc!/member_00002,0,/graphic/ev_pokeselect.narc,280,2,,60420,61192,60224,60996,772,caf2d86ea106ee84ca7be088ae70fa9f842e3401f9ad99ee825b1f52b042f263,42434130fffe01000403000010000100,,NSBCA animation,Confirmed,True,False,,,,,,,,,,False,False
/graphic/ev_pokeselect.narc,/graphic/ev_pokeselect.narc!/member_00003,0,/graphic/ev_pokeselect.narc,280,3,,61192,70972,60996,70776,9780,08e79d0bd98524b1dfb9a9a105d72525e7107c6d932378c6886cdcc197d39cb7,424d4430fffe02003426000010000200,,NSBMD model,Confirmed,True,False,,,,,,,,,,False,False
/graphic/ev_pokeselect.narc,/graphic/ev_pokeselect.narc!/member_00004,0,/graphic/ev_pokeselect.narc,280,4,,70972,71744,70776,71548,772,dd226ac915ed25cf8f74be15928d1a1c9d9b2e71074448cad9f13c7b789fd189,42434130fffe01000403000010000100,,NSBCA animation,Confirmed,True,False,,,,,,,,,,False,False
/graphic/ev_pokeselect.narc,/graphic/ev_pokeselect.narc!/member_00005,0,/graphic/ev_pokeselect.narc,280,5,,71744,81612,71548,81416,9868,c45627f32fd52aa6582aaa1c174b57430dfa6bdb06fa8216ca57f27fbde15ba3,424d4430fffe02008c26000010000200,,NSBMD model,Confirmed,True,False,,,,,,,,,,False,False
/graphic/ev_pokeselect.narc,/graphic/ev_pokeselect.narc!/member_00006,0,/graphic/ev_pokeselect.narc,280,6,,81612,82384,81416,82188,772,de1ed6ee912cc1ac313aa40a95b780100764d9f71062581bfb12e549d5ee3086,42434130fffe01000403000010000100,,NSBCA animation,Confirmed,True,False,,,,,,,,,,False,False
/graphic/ev_pokeselect.narc,/graphic/ev_pokeselect.narc!/member_00007,0,/graphic/ev_pokeselect.narc,280,7,,82384,92244,82188,92048,9860,7135d87f87dc5575596d41b37e403c4b22a717cfbe041ad1045e97daf7b5a534,424d4430fffe02008426000010000200,,NSBMD model,Confirmed,True,False,,,,,,,,,,False,False
/graphic/ev_pokeselect.narc,/graphic/ev_pokeselect.narc!/member_00008,0,/graphic/ev_pokeselect.narc,280,8,,92244,123992,92048,123796,31748,3c6c18474b672d57599d10b4179e1ea3af0cd839afb62051890fc431cd17501b,424d4430fffe0200047c000010000200,,NSBMD model,Confirmed,True,False,,,,,,,,,,False,False
/graphic/ev_pokeselect.narc,/graphic/ev_pokeselect.narc!/member_00009,0,/graphic/ev_pokeselect.narc,280,9,,123992,129344,123796,129148,5352,c54d31af9a698ccc8c058f3966fa6d8705a0da5c3af5bc934618f9462aa32f57,424d4430fffe0200e814000010000200,,NSBMD model,Confirmed,True,False,,,,,,,,,,False,False
/graphic/ev_pokeselect.narc,/graphic/ev_pokeselect.narc!/member_00010,0,/graphic/ev_pokeselect.narc,280,10,,129344,129904,129148,129708,560,c95bc3be1081522dffa7cf85db258f7b2006a91c098698784cb782babdef31ab,5247434efffe01013002000010000100,,NCGR graphics,Confirmed,True,False,,,,,,,,,,False,False
/graphic/ev_pokeselect.narc,/graphic/ev_pokeselect.narc!/member_00011,0,/graphic/ev_pokeselect.narc,280,11,,129904,130456,129708,130260,552,1ccb99e26db9bbd69db27c67fa3598811179696f695b5070484554da1224c77c,524c434efffe00012802000010000100,,NCLR palette,Confirmed,True,False,,,,,,,,,,False,False
/graphic/ev_pokeselect.narc,/graphic/ev_pokeselect.narc!/member_00012,0,/graphic/ev_pokeselect.narc,280,12,,130456,130555,130260,130359,99,247043d90eb019110e5ade6422db54b50da2fced27e618b42fec61a5aab684fa,5245434efffe00016300000010000300,,NCER cell,Confirmed,True,False,,,,,,,,,,False,False
/graphic/ev_pokeselect.narc,/graphic/ev_pokeselect.narc!/member_00013,0,/graphic/ev_pokeselect.narc,280,13,,130556,130667,130360,130471,111,30249884bd91f10bc9d4e13e7b1495f09991b6f488405a0cdbb61cfb402d10ca,524e414efffe00016f00000010000300,,NANR animation,Confirmed,True,False,,,,,,,,,,False,False
/graphic/ev_pokeselect.narc,/graphic/ev_pokeselect.narc!/member_00014,0,/graphic/ev_pokeselect.narc,280,14,,130668,138924,130472,138728,8256,776b17c5c71bf18c5b112f78c3e475370310d9de0d2dc5ab24b5bc72a4d3055e,5247434efffe01014020000010000200,,NCGR graphics,Confirmed,True,False,,,,,,,,,,False,False
/graphic/ev_pokeselect.narc,/graphic/ev_pokeselect.narc!/member_00015,0,/graphic/ev_pokeselect.narc,280,15,,138924,139476,138728,139280,552,8478a718e6f32ea9a400fd56420fd11940719e179aea2c31bfcbc6c32f061dc5,524c434efffe00012802000010000100,,NCLR palette,Confirmed,True,False,,,,,,,,,,False,False
/graphic/ev_pokeselect.narc,/graphic/ev_pokeselect.narc!/member_00016,0,/graphic/ev_pokeselect.narc,280,16,,139476,140028,139280,139832,552,76efccdb6810373abc5a352d0b577bf315d44b478a3f4111d7eaf461d5175f1b,524c434efffe00012802000010000100,,NCLR palette,Confirmed,True,False,,,,,,,,,,False,False
/graphic/ev_pokeselect.narc,/graphic/ev_pokeselect.narc!/member_00017,0,/graphic/ev_pokeselect.narc,280,17,,140028,140580,139832,140384,552,f2ef08400ef89103aab5d68f41fdf3db53e4a6e94a389118846ef678d1d3b492,524c434efffe00012802000010000100,,NCLR palette,Confirmed,True,False,,,,,,,,,,False,False
/graphic/f_note_gra.narc,/graphic/f_note_gra.narc!/member_00000,0,/graphic/f_note_gra.narc,281,0,,100,1672,0,1572,1572,f73ff42aabc8002f160c6609719aae2161c3d41bc4ead9902deffccf60001b2b,5243534efffe00012406000010000100,,NSCR screen map,Confirmed,True,False,,,,,,,,,,False,False
/graphic/f_note_gra.narc,/graphic/f_note_gra.narc!/member_00001,0,/graphic/f_note_gra.narc,281,1,,1672,3244,1572,3144,1572,46a09d12723b684b9c7d33edce985049f7e452a78aac2c4c45e6ec3b54f1f9df,5243534efffe00012406000010000100,,NSCR screen map,Confirmed,True,False,,,,,,,,,,False,False
/graphic/f_note_gra.narc,/graphic/f_note_gra.narc!/member_00002,0,/graphic/f_note_gra.narc,281,2,,3244,6380,3144,6280,3136,9ae3281092ff448e7bc8b89092cd9c105a287a37732c42371134a5b33e1dbff3,5247434efffe0101400c000010000200,,NCGR graphics,Confirmed,True,False,,,,,,,,,,False,False
/graphic/f_note_gra.narc,/graphic/f_note_gra.narc!/member_00003,0,/graphic/f_note_gra.narc,281,3,,6380,9516,6280,9416,3136,d73e1ef760e93a01745fa327a5ff4b8f41742ebb876280f6f14c26ff565e0937,5247434efffe0101400c000010000200,,NCGR graphics,Confirmed,True,False,,,,,,,,,,False,False
/graphic/f_note_gra.narc,/graphic/f_note_gra.narc!/member_00004,0,/graphic/f_note_gra.narc,281,4,,9516,10068,9416,9968,552,29aac74e4949eab3ad348683f853e4167766385c3a0c0f19afc44e5c343126b2,524c434efffe00012802000010000100,,NCLR palette,Confirmed,True,False,,,,,,,,,,False,False
/graphic/f_note_gra.narc,/graphic/f_note_gra.narc!/member_00005,0,/graphic/f_note_gra.narc,281,5,,10068,10620,9968,10520,552,769873430c9f2c988229452dfc4a8232d3fb47d56ecfdb442529854e88d87d2c,524c434efffe00012802000010000100,,NCLR palette,Confirmed,True,False,,,,,,,,,,False,False
/graphic/field_board.narc,/graphic/field_board.narc!/member_00000,0,/graphic/field_board.narc,282,0,,468,1108,0,640,640,ec28c37b51bfc5977529ea1a4c8ca361585b57047ce9115b6ac8733a28849137,5247434efffe01018002000010000200,,NCGR graphics,Confirmed,True,False,,,,,,,,,,False,False
/graphic/field_board.narc,/graphic/field_board.narc!/member_00001,0,/graphic/field_board.narc,282,1,,1108,1660,640,1192,552,7bc976e2c9062b4bc803d65d287f9be2f59fd4c74e0a67a5bdd8d751d2ff0be4,524c434efffe00012802000010000100,,NCLR palette,Confirmed,True,False,,,,,,,,,,False,False
/graphic/field_board.narc,/graphic/field_board.narc!/member_00002,0,/graphic/field_board.narc,282,2,,1660,2492,1192,2024,832,0e6b5a62bff0ffe09cdb8d8cddba0320cb4300d68b829e763932f15e643667e7,5247434efffe01014003000010000200,,NCGR graphics,Confirmed,True,False,,,,,,,,,,False,False
/graphic/field_board.narc,/graphic/field_board.narc!/member_00003,0,/graphic/field_board.narc,282,3,,2492,3324,2024,2856,832,d2479ee7737538aa689a67c25328fd9a3669df9b15a2edcf343e39ad768ef5af,5247434efffe01014003000010000200,,NCGR graphics,Confirmed,True,False,,,,,,,,,,False,False
/graphic/field_board.narc,/graphic/field_board.narc!/member_00004,0,/graphic/field_board.narc,282,4,,3324,4156,2856,3688,832,0a59751b5ef3146127e8cfb2eed7bb0f4d501145f40f8e6491322d0c9b121b29,5247434efffe01014003000010000200,,NCGR graphics,Confirmed,True,False,,,,,,,,,,False,False
/graphic/field_board.narc,/graphic/field_board.narc!/member_00005,0,/graphic/field_board.narc,282,5,,4156,4988,3688,4520,832,0a00951d837c64c30c2e54f1c1652515d3186e5a4a3bee2538239ac360c123b7,5247434efffe01014003000010000200,,NCGR graphics,Confirmed,True,False,,,,,,,,,,False,False
/graphic/field_board.narc,/graphic/field_board.narc!/member_00006,0,/graphic/field_board.narc,282,6,,4988,5820,4520,5352,832,a7c5292900d19d27e5e6a9197a06851636219774168be403f255374f101f2567,5247434efffe01014003000010000200,,NCGR graphics,Confirmed,True,False,,,,,,,,,,False,False
/graphic/field_board.narc,/graphic/field_board.narc!/member_00007,0,/graphic/field_board.narc,282,7,,5820,6652,5352,6184,832,c13e1b13ae5f750b6578a7c27e3186e447435a0030fa4bf5edd4f6bb106e8821,5247434efffe01014003000010000200,,NCGR graphics,Confirmed,True,False,,,,,,,,,,False,False
/graphic/field_board.narc,/graphic/field_board.narc!/member_00008,0,/graphic/field_board.narc,282,8,,6652,7484,6184,7016,832,6f367efa630616166e8399ef1f818518a42b7cb205c0979a49b1e1511c33514d,5247434efffe01014003000010000200,,NCGR graphics,Confirmed,True,False,,,,,,,,,,False,False
/graphic/field_board.narc,/graphic/field_board.narc!/member_00009,0,/graphic/field_board.narc,282,9,,7484,8316,7016,7848,832,74d35c61f96e9ac109a1e1b68d1993adc1dafe170c6f329b787bab60dce69127,5247434efffe01014003000010000200,,NCGR graphics,Confirmed,True,False,,,,,,,,,,False,False
/graphic/field_board.narc,/graphic/field_board.narc!/member_00010,0,/graphic/field_board.narc,282,10,,8316,9148,7848,8680,832,1fb9d9a6990584bbdb75f071dc1aaf41350130287279ef02ba18f3ac204106e9,5247434efffe01014003000010000200,,NCGR graphics,Confirmed,True,False,,,,,,,,,,False,False
/graphic/field_board.narc,/graphic/field_board.narc!/member_00011,0,/graphic/field_board.narc,282,11,,9148,9980,8680,9512,832,211608e12db4b737d1a74255679d96ca2fec2c54e5c2d0260f0716ff334443a6,5247434efffe01014003000010000200,,NCGR graphics,Confirmed,True,False,,,,,,,,,,False,False
/graphic/field_board.narc,/graphic/field_board.narc!/member_00012,0,/graphic/field_board.narc,282,12,,9980,10812,9512,10344,832,d95e44eb897ad62fac0f899103f7286a89dbb771473a4e6ad834035ab0678930,5247434efffe01014003000010000200,,NCGR graphics,Confirmed,True,False,,,,,,,,,,False,False
/graphic/field_board.narc,/graphic/field_board.narc!/member_00013,0,/graphic/field_board.narc,282,13,,10812,11644,10344,11176,832,1846309695873c597fe286f49e2afcf9fe2123dd3a3e08756124eb39e05907a8,5247434efffe01014003000010000200,,NCGR graphics,Confirmed,True,False,,,,,,,,,,False,False
/graphic/field_board.narc,/graphic/field_board.narc!/member_00014,0,/graphic/field_board.narc,282,14,,11644,12476,11176,12008,832,99fa3057ad56a133a257fcf199c87cfc263865b16ebc8b3e6b3df2ec7f1b06f9,5247434efffe01014003000010000200,,NCGR graphics,Confirmed,True,False,,,,,,,,,,False,False
/graphic/field_board.narc,/graphic/field_board.narc!/member_00015,0,/graphic/field_board.narc,282,15,,12476,13308,12008,12840,832,548006f7e887399062e9578789819b89c86a8c2689cf97e91be77e1d3fce4c6e,5247434efffe01014003000010000200,,NCGR graphics,Confirmed,True,False,,,,,,,,,,False,False
/graphic/field_board.narc,/graphic/field_board.narc!/member_00016,0,/graphic/field_board.narc,282,16,,13308,14140,12840,13672,832,36587428202ea0e3c6b225c939c504d7ebe8ffaa87dd070fcc2234f797e9b320,5247434efffe01014003000010000200,,NCGR graphics,Confirmed,True,False,,,,,,,,,,False,False
/graphic/field_board.narc,/graphic/field_board.narc!/member_00017,0,/graphic/field_board.narc,282,17,,14140,14972,13672,14504,832,488b03729833bb0910f73e07044ecfbb3c1ec511ca73a15e1126e1ab8d615a10,5247434efffe01014003000010000200,,NCGR graphics,Confirmed,True,False,,,,,,,,,,False,False
/graphic/field_board.narc,/graphic/field_board.narc!/member_00018,0,/graphic/field_board.narc,282,18,,14972,15804,14504,15336,832,4f09c1655b971d6b5148a12ae429d0cb5c79d96992ad858e67188b0dd754c69e,5247434efffe01014003000010000200,,NCGR graphics,Confirmed,True,False,,,,,,,,,,False,False
/graphic/field_board.narc,/graphic/field_board.narc!/member_00019,0,/graphic/field_board.narc,282,19,,15804,16636,15336,16168,832,5e0fd6990330289bc8b1ddd56de3a01c6534606643a171526a967c178ae3cb57,5247434efffe01014003000010000200,,NCGR graphics,Confirmed,True,False,,,,,,,,,,False,False
/graphic/field_board.narc,/graphic/field_board.narc!/member_00020,0,/graphic/field_board.narc,282,20,,16636,17468,16168,17000,832,4a71f72ae2d0fd1c0d726a13f97de834196cc77962fba41aed0d40aef53177b6,5247434efffe01014003000010000200,,NCGR graphics,Confirmed,True,False,,,,,,,,,,False,False
/graphic/field_board.narc,/graphic/field_board.narc!/member_00021,0,/graphic/field_board.narc,282,21,,17468,18300,17000,17832,832,312eb0056f29a5c06a7a65b2ad744b276ee49837dc3ae1edb730bb60ba087034,5247434efffe01014003000010000200,,NCGR graphics,Confirmed,True,False,,,,,,,,,,False,False
/graphic/field_board.narc,/graphic/field_board.narc!/member_00022,0,/graphic/field_board.narc,282,22,,18300,19132,17832,18664,832,de7adc58ca518327ef311b6378745583a9f511cee92aa8ec121a570eb8248f09,5247434efffe01014003000010000200,,NCGR graphics,Confirmed,True,False,,,,,,,,,,False,False
/graphic/field_board.narc,/graphic/field_board.narc!/member_00023,0,/graphic/field_board.narc,282,23,,19132,19964,18664,19496,832,13589aa69e5d786cc878d553e3c4a066198c7ac010b8985bf6d61a96f20a7c3e,5247434efffe01014003000010000200,,NCGR graphics,Confirmed,True,False,,,,,,,,,,False,False
/graphic/field_board.narc,/graphic/field_board.narc!/member_00024,0,/graphic/field_board.narc,282,24,,19964,20796,19496,20328,832,cd732aaf316222e3d337efce245a66a262bb77590cd7909a5accc1ba9fdce34d,5247434efffe01014003000010000200,,NCGR graphics,Confirmed,True,False,,,,,,,,,,False,False
/graphic/field_board.narc,/graphic/field_board.narc!/member_00025,0,/graphic/field_board.narc,282,25,,20796,21628,20328,21160,832,4c515f50383b62c4de1579ced77894577878ac42575cb59c23acd79c6f21e5ac,5247434efffe01014003000010000200,,NCGR graphics,Confirmed,True,False,,,,,,,,,,False,False
/graphic/field_board.narc,/graphic/field_board.narc!/member_00026,0,/graphic/field_board.narc,282,26,,21628,22460,21160,21992,832,c5dba948e7caa003d6313ee92745836ba3204c11cfe32b1d132726a28cbbc595,5247434efffe01014003000010000200,,NCGR graphics,Confirmed,True,False,,,,,,,,,,False,False
/graphic/field_board.narc,/graphic/field_board.narc!/member_00027,0,/graphic/field_board.narc,282,27,,22460,23292,21992,22824,832,b9b88a658f6b12789d87e8e20545c600995b9b14f247c31ea6d7af159b848a63,5247434efffe01014003000010000200,,NCGR graphics,Confirmed,True,False,,,,,,,,,,False,False
/graphic/field_board.narc,/graphic/field_board.narc!/member_00028,0,/graphic/field_board.narc,282,28,,23292,24124,22824,23656,832,24d987a9f04c4777722de17ead7c9620096eb40684bace6e1ba13a4b8c163e05,5247434efffe01014003000010000200,,NCGR graphics,Confirmed,True,False,,,,,,,,,,False,False
/graphic/field_board.narc,/graphic/field_board.narc!/member_00029,0,/graphic/field_board.narc,282,29,,24124,24956,23656,24488,832,6a1855fe80f89df614735077cf714abcdef206288f48d0c458aff21471f667df,5247434efffe01014003000010000200,,NCGR graphics,Confirmed,True,False,,,,,,,,,,False,False
/graphic/field_board.narc,/graphic/field_board.narc!/member_00030,0,/graphic/field_board.narc,282,30,,24956,25788,24488,25320,832,3e2a3dece23e1007ffaec826dad2c6e68bcc4cdeffa616afc4b89c7dc22d078a,5247434efffe01014003000010000200,,NCGR graphics,Confirmed,True,False,,,,,,,,,,False,False
/graphic/field_board.narc,/graphic/field_board.narc!/member_00031,0,/graphic/field_board.narc,282,31,,25788,26620,25320,26152,832,58d885a5ad91a76da9b2b127d9d9378a05bf19bf702125f7e1c8ef5a57351dfa,5247434efffe01014003000010000200,,NCGR graphics,Confirmed,True,False,,,,,,,,,,False,False
/graphic/field_board.narc,/graphic/field_board.narc!/member_00032,0,/graphic/field_board.narc,282,32,,26620,27452,26152,26984,832,0ffff5520acc24e4a8e5fe223ddb75180b089ce3721510cac0c8ad3f4353fdb8,5247434efffe01014003000010000200,,NCGR graphics,Confirmed,True,False,,,,,,,,,,False,False
/graphic/field_board.narc,/graphic/field_board.narc!/member_00033,0,/graphic/field_board.narc,282,33,,27452,28284,26984,27816,832,0e6b5a62bff0ffe09cdb8d8cddba0320cb4300d68b829e763932f15e643667e7,5247434efffe01014003000010000200,,NCGR graphics,Confirmed,True,False,,,,,,,,,,False,False
/graphic/field_board.narc,/graphic/field_board.narc!/member_00034,0,/graphic/field_board.narc,282,34,,28284,29116,27816,28648,832,911279966096b303b6d8d3105222c0ba975df32b65aaa1c00e4cb3ff2b14c722,5247434efffe01014003000010000200,,NCGR graphics,Confirmed,True,False,,,,,,,,,,False,False
/graphic/field_board.narc,/graphic/field_board.narc!/member_00035,0,/graphic/field_board.narc,282,35,,29116,29948,28648,29480,832,0711793c292c09bf7f362a36078bd7d7c0fd1ee249875e9b4c00a84181b27a17,5247434efffe01014003000010000200,,NCGR graphics,Confirmed,True,False,,,,,,,,,,False,False
/graphic/field_board.narc,/graphic/field_board.narc!/member_00036,0,/graphic/field_board.narc,282,36,,29948,30780,29480,30312,832,15831ef814a2b041b8ce876f037ad47c2649d8880dca018bd9681933eb73073d,5247434efffe01014003000010000200,,NCGR graphics,Confirmed,True,False,,,,,,,,,,False,False
/graphic/field_board.narc,/graphic/field_board.narc!/member_00037,0,/graphic/field_board.narc,282,37,,30780,31612,30312,31144,832,73d089e7bf9750ded2c17cc4adcd05c723d9c7a3fc196ddffc4e63a2772227d7,5247434efffe01014003000010000200,,NCGR graphics,Confirmed,True,False,,,,,,,,,,False,False
/graphic/field_board.narc,/graphic/field_board.narc!/member_00038,0,/graphic/field_board.narc,282,38,,31612,32444,31144,31976,832,568d8b2b70ffa90e85a85d9dadd987b81865eb569b3519ac37ff5f69db1fc807,5247434efffe01014003000010000200,,NCGR graphics,Confirmed,True,False,,,,,,,,,,False,False
/graphic/field_board.narc,/graphic/field_board.narc!/member_00039,0,/graphic/field_board.narc,282,39,,32444,33276,31976,32808,832,1c6aa1b7143326ea1646820c4aaea85e050aa0c95e00e9fa3b9c8ea178b3d024,5247434efffe01014003000010000200,,NCGR graphics,Confirmed,True,False,,,,,,,,,,False,False
/graphic/field_board.narc,/graphic/field_board.narc!/member_00040,0,/graphic/field_board.narc,282,40,,33276,34108,32808,33640,832,6ee21c2ee87e25d90835325cc43aa2c3acb06e41ab09878ea372c7d1c7158b55,5247434efffe01014003000010000200,,NCGR graphics,Confirmed,True,False,,,,,,,,,,False,False
/graphic/field_board.narc,/graphic/field_board.narc!/member_00041,0,/graphic/field_board.narc,282,41,,34108,34940,33640,34472,832,4b2df2cdb69c40dcd12bf409011fe63176a696c735b5bdf8ef77ea022b438254,5247434efffe01014003000010000200,,NCGR graphics,Confirmed,True,False,,,,,,,,,,False,False
/graphic/field_board.narc,/graphic/field_board.narc!/member_00042,0,/graphic/field_board.narc,282,42,,34940,35772,34472,35304,832,a2c67c49048d0a4ed6dfb9858dd22625d1192c26cff0d2e7be1aa69374d63abf,5247434efffe01014003000010000200,,NCGR graphics,Confirmed,True,False,,,,,,,,,,False,False
/graphic/field_board.narc,/graphic/field_board.narc!/member_00043,0,/graphic/field_board.narc,282,43,,35772,36604,35304,36136,832,8584cdffd7b13b9d2330f152061aff841bde4ccd1f2d8cfe99217ca1eff6bafd,5247434efffe01014003000010000200,,NCGR graphics,Confirmed,True,False,,,,,,,,,,False,False
/graphic/field_board.narc,/graphic/field_board.narc!/member_00044,0,/graphic/field_board.narc,282,44,,36604,37436,36136,36968,832,e80f9566446c3931aa90bea73b212be48e27935a0bc929ac31457fe619783cee,5247434efffe01014003000010000200,,NCGR graphics,Confirmed,True,False,,,,,,,,,,False,False
/graphic/field_board.narc,/graphic/field_board.narc!/member_00045,0,/graphic/field_board.narc,282,45,,37436,38268,36968,37800,832,f91d415768a4a0a521539d4e32d50f2e9da846200c23b7fe839bb8374f612373,5247434efffe01014003000010000200,,NCGR graphics,Confirmed,True,False,,,,,,,,,,False,False
/graphic/field_board.narc,/graphic/field_board.narc!/member_00046,0,/graphic/field_board.narc,282,46,,38268,39100,37800,38632,832,e247a6fe155557aa6c022f0e1b67c905dabda8a26c359687d1044cd396b0afb7,5247434efffe01014003000010000200,,NCGR graphics,Confirmed,True,False,,,,,,,,,,False,False
/graphic/field_board.narc,/graphic/field_board.narc!/member_00047,0,/graphic/field_board.narc,282,47,,39100,39932,38632,39464,832,6595fec1261b97e8ec02aaf351eb17304fe0cb584c7c40e981484776d941fdae,5247434efffe01014003000010000200,,NCGR graphics,Confirmed,True,False,,,,,,,,,,False,False
/graphic/field_board.narc,/graphic/field_board.narc!/member_00048,0,/graphic/field_board.narc,282,48,,39932,40764,39464,40296,832,4e45361e84bf6f639bbc0da64218369c898d9e827943dab0fea9c12756bbec2c,5247434efffe01014003000010000200,,NCGR graphics,Confirmed,True,False,,,,,,,,,,False,False
/graphic/field_board.narc,/graphic/field_board.narc!/member_00049,0,/graphic/field_board.narc,282,49,,40764,41596,40296,41128,832,ebfdcdd04051cc3338115035e263811cf47d496222f3bd589ae3df1722cf90f9,5247434efffe01014003000010000200,,NCGR graphics,Confirmed,True,False,,,,,,,,,,False,False
/graphic/field_board.narc,/graphic/field_board.narc!/member_00050,0,/graphic/field_board.narc,282,50,,41596,42428,41128,41960,832,b66f446b7e1964de84eb4671768f1eb3faa59cb0006d6c7e34895bf931040a78,5247434efffe01014003000010000200,,NCGR graphics,Confirmed,True,False,,,,,,,,,,False,False
/graphic/field_board.narc,/graphic/field_board.narc!/member_00051,0,/graphic/field_board.narc,282,51,,42428,43260,41960,42792,832,cfcdde60cff24edbbcb38f7e6dd1adfa2e74c211a0a953533944aee59ab8738d,5247434efffe01014003000010000200,,NCGR graphics,Confirmed,True,False,,,,,,,,,,False,False
/graphic/field_encounteffect.narc,/graphic/field_encounteffect.narc!/member_00000,0,/graphic/field_encounteffect.narc,283,0,,260,812,0,552,552,10826c2340512526922555da98ad54ce82344d5680939e8f46cea65a42cea906,524c434efffe00012802000010000100,,NCLR palette,Confirmed,True,False,,,,,,,,,,False,False
/graphic/field_encounteffect.narc,/graphic/field_encounteffect.narc!/member_00001,0,/graphic/field_encounteffect.narc,283,1,,812,1364,552,1104,552,10c259e2245fa110380bc4598e6ae2c6e5313200e07b10e524abd8e920d08ae1,524c434efffe00012802000010000100,,NCLR palette,Confirmed,True,False,,,,,,,,,,False,False
/graphic/field_encounteffect.narc,/graphic/field_encounteffect.narc!/member_00002,0,/graphic/field_encounteffect.narc,283,2,,1364,3460,1104,3200,2096,7f7b8be982e18515e2bd8ac7de54b27173d77d1e8543b6067828f8ed1038b257,5247434efffe01013008000010000100,,NCGR graphics,Confirmed,True,False,,,,,,,,,,False,False
/graphic/field_encounteffect.narc,/graphic/field_encounteffect.narc!/member_00003,0,/graphic/field_encounteffect.narc,283,3,,3460,3571,3200,3311,111,30249884bd91f10bc9d4e13e7b1495f09991b6f488405a0cdbb61cfb402d10ca,524e414efffe00016f00000010000300,,NANR animation,Confirmed,True,False,,,,,,,,,,False,False
/graphic/field_encounteffect.narc,/graphic/field_encounteffect.narc!/member_00004,0,/graphic/field_encounteffect.narc,283,4,,3572,3679,3312,3419,107,c4c621255461e1521d8b6af105742f21b9efb619d36f949eb63026e2e758825d,5245434efffe00016b00000010000300,,NCER cell,Confirmed,True,False,,,,,,,,,,False,False
/graphic/field_encounteffect.narc,/graphic/field_encounteffect.narc!/member_00005,0,/graphic/field_encounteffect.narc,283,5,,3680,11920,3420,11660,8240,fdaa0a560643d426cf9cbef250359343ebabcd00a2961e9f22eb5f14de923790,5247434efffe01013020000010000100,,NCGR graphics,Confirmed,True,False,,,,,,,,,,False,False
/graphic/field_encounteffect.narc,/graphic/field_encounteffect.narc!/member_00006,0,/graphic/field_encounteffect.narc,283,6,,11920,12117,11660,11857,197,1b1f9bb0f2063eb74030da09b89723e57c39587073493d04c020ecc4165b9ce5,524e414efffe0001c500000010000300,,NANR animation,Confirmed,True,False,,,,,,,,,,False,False
/graphic/field_encounteffect.narc,/graphic/field_encounteffect.narc!/member_00007,0,/graphic/field_encounteffect.narc,283,7,,12120,12329,11860,12069,209,bca1fe15a6d0702917a1ff13ba0582c3f4f2a974b4cebd461c7aa3086bb97d85,5245434efffe0001d100000010000300,,NCER cell,Confirmed,True,False,,,,,,,,,,False,False
/graphic/field_encounteffect.narc,/graphic/field_encounteffect.narc!/member_00008,0,/graphic/field_encounteffect.narc,283,8,,12332,20572,12072,20312,8240,c3fefc5352e215fd430ce3d8d13e12d4961fb466fe68a204b77e0a07a6617053,5247434efffe01013020000010000100,,NCGR graphics,Confirmed,True,False,,,,,,,,,,False,False
/graphic/field_encounteffect.narc,/graphic/field_encounteffect.narc!/member_00009,0,/graphic/field_encounteffect.narc,283,9,,20572,20683,20312,20423,111,30249884bd91f10bc9d4e13e7b1495f09991b6f488405a0cdbb61cfb402d10ca,524e414efffe00016f00000010000300,,NANR animation,Confirmed,True,False,,,,,,,,,,False,False
/graphic/field_encounteffect.narc,/graphic/field_encounteffect.narc!/member_00010,0,/graphic/field_encounteffect.narc,283,10,,20684,20807,20424,20547,123,c992a53abc16fba79af31e531a449958180ae86073fffe59d4c89e6139e82315,5245434efffe00017b00000010000300,,NCER cell,Confirmed,True,False,,,,,,,,,,False,False
/graphic/field_encounteffect.narc,/graphic/field_encounteffect.narc!/member_00011,0,/graphic/field_encounteffect.narc,283,11,,20808,21360,20548,21100,552,bd435e8b2861207d892e9b8252e49b86638187f99baf1ec9f1ade3436cf85cdd,524c434efffe00012802000010000100,,NCLR palette,Confirmed,True,False,,,,,,,,,,False,False
/graphic/field_encounteffect.narc,/graphic/field_encounteffect.narc!/member_00012,0,/graphic/field_encounteffect.narc,283,12,,21360,24496,21100,24236,3136,3728bce2ec73ffc66febadbcf885242898e598f0f2ea2ce91d1d5e1f11e2d86e,5247434efffe0101400c000010000200,,NCGR graphics,Confirmed,True,False,,,,,,,,,,False,False
/graphic/field_encounteffect.narc,/graphic/field_encounteffect.narc!/member_00013,0,/graphic/field_encounteffect.narc,283,13,,24496,25556,24236,25296,1060,35a9a3fa657e7c0586ef3f0bd2b55a9f502b323d94110bd7e83334bcf5f4ffac,5243534efffe00012404000010000100,,NSCR screen map,Confirmed,True,False,,,,,,,,,,False,False
/graphic/field_encounteffect.narc,/graphic/field_encounteffect.narc!/member_00014,0,/graphic/field_encounteffect.narc,283,14,,25556,26108,25296,25848,552,c50038c3c08b9e46a04b389c873ef9c91e0c30b81b71dfc22e13f4363212f00d,524c434efffe00012802000010000100,,NCLR palette,Confirmed,True,False,,,,,,,,,,False,False
/graphic/field_encounteffect.narc,/graphic/field_encounteffect.narc!/member_00015,0,/graphic/field_encounteffect.narc,283,15,,26108,32300,25848,32040,6192,e4045b65402ce9fb85cadeb5d5ee38876e41c6af731120b99d58ee65373d140b,5247434efffe01013018000010000100,,NCGR graphics,Confirmed,True,False,,,,,,,,,,False,False
/graphic/field_encounteffect.narc,/graphic/field_encounteffect.narc!/member_00016,0,/graphic/field_encounteffect.narc,283,16,,32300,33214,32040,32954,914,5b5c58cd0e4f9999823822cd7195d4dad2271767ddf6144eadbf0bae664f0f37,5245434efffe00019203000010000300,,NCER cell,Confirmed,True,False,,,,,,,,,,False,False
/graphic/field_encounteffect.narc,/graphic/field_encounteffect.narc!/member_00017,0,/graphic/field_encounteffect.narc,283,17,,33216,33586,32956,33326,370,1d31e6efc4dd4cec718a8a48a5a02820673f78cd2295c2b94d1494e766a5b171,524e414efffe00017201000010000300,,NANR animation,Confirmed,True,False,,,,,,,,,,False,False
/graphic/field_encounteffect.narc,/graphic/field_encounteffect.narc!/member_00018,0,/graphic/field_encounteffect.narc,283,18,,33588,34140,33328,33880,552,de9447648945d913e35d40e72788d66f8901adf4c831201e08e12c10397d1a61,524c434efffe00012802000010000100,,NCLR palette,Confirmed,True,False,,,,,,,,,,False,False
/graphic/field_encounteffect.narc,/graphic/field_encounteffect.narc!/member_00019,0,/graphic/field_encounteffect.narc,283,19,,34140,34692,33880,34432,552,770b287bc7d75f12ede969577a9dc7159d7882ca2a7ce478355f8fbde691f54d,524c434efffe00012802000010000100,,NCLR palette,Confirmed,True,False,,,,,,,,,,False,False
/graphic/field_encounteffect.narc,/graphic/field_encounteffect.narc!/member_00020,0,/graphic/field_encounteffect.narc,283,20,,34692,35244,34432,34984,552,116825465c6118d8255012245829c2dcc059f629b9c30bb3cccc544d479d3356,524c434efffe00012802000010000100,,NCLR palette,Confirmed,True,False,,,,,,,,,,False,False
/graphic/field_encounteffect.narc,/graphic/field_encounteffect.narc!/member_00021,0,/graphic/field_encounteffect.narc,283,21,,35244,35796,34984,35536,552,1e8aa9bd943d1f2f27d3a8b5ed9ebb2644d10bb2137d46f6a3aaa7aaae6f1456,524c434efffe00012802000010000100,,NCLR palette,Confirmed,True,False,,,,,,,,,,False,False
/graphic/field_encounteffect.narc,/graphic/field_encounteffect.narc!/member_00022,0,/graphic/field_encounteffect.narc,283,22,,35796,36348,35536,36088,552,948052d9ff3f580ee7b54c33cd488747e45b11146d40418a7b93a4805c049c8f,524c434efffe00012802000010000100,,NCLR palette,Confirmed,True,False,,,,,,,,,,False,False
/graphic/field_encounteffect.narc,/graphic/field_encounteffect.narc!/member_00023,0,/graphic/field_encounteffect.narc,283,23,,36348,38444,36088,38184,2096,6c65902dd821baac5db0795aaaba3eaeb52ad351358f71b65b4d2454658af9eb,5247434efffe01013008000010000100,,NCGR graphics,Confirmed,True,False,,,,,,,,,,False,False
/graphic/field_encounteffect.narc,/graphic/field_encounteffect.narc!/member_00024,0,/graphic/field_encounteffect.narc,283,24,,38444,38551,38184,38291,107,c4c621255461e1521d8b6af105742f21b9efb619d36f949eb63026e2e758825d,5245434efffe00016b00000010000300,,NCER cell,Confirmed,True,False,,,,,,,,,,False,False
/graphic/field_encounteffect.narc,/graphic/field_encounteffect.narc!/member_00025,0,/graphic/field_encounteffect.narc,283,25,,38552,38663,38292,38403,111,30249884bd91f10bc9d4e13e7b1495f09991b6f488405a0cdbb61cfb402d10ca,524e414efffe00016f00000010000300,,NANR animation,Confirmed,True,False,,,,,,,,,,False,False
/graphic/fld_comact.narc,/graphic/fld_comact.narc!/member_00000,0,/graphic/fld_comact.narc,284,0,,84,174,0,90,90,b79cae36fdbb43d287a8460881b6a775e7a22c5fb7409106e515b6749e75466b,524c434efffe00015a00000010000200,,NCLR palette,Confirmed,True,False,,,,,,,,,,False,False
/graphic/fld_comact.narc,/graphic/fld_comact.narc!/member_00001,0,/graphic/fld_comact.narc,284,1,,176,480,92,396,304,7b4b0a8459f93569df576968d7179c564eae87a143efbaf24cabc8b68dedd95f,5247434efffe01013001000010000100,,NCGR graphics,Confirmed,True,False,,,,,,,,,,False,False
/graphic/fld_comact.narc,/graphic/fld_comact.narc!/member_00002,0,/graphic/fld_comact.narc,284,2,,480,622,396,538,142,1634639b351017d849330efe3535a2cc2a919ab30cc816bb47ead7f406d9a6b7,5245434efffe00018e00000010000300,,NCER cell,Confirmed,True,False,,,,,,,,,,False,False
/graphic/fld_comact.narc,/graphic/fld_comact.narc!/member_00003,0,/graphic/fld_comact.narc,284,3,,624,866,540,782,242,f0c75eea62f14685d2917e7f10da62acc4d252d7f3ff9b05b7f251333efda9e9,524e414efffe0001f200000010000300,,NANR animation,Confirmed,True,False,,,,,,,,,,False,False
/graphic/font.narc,/graphic/font.narc!/member_00000,0,/graphic/font.narc,285,0,,116,33217,0,33101,33101,860f16d3dcf0ef488abefbd917b04c12630c39b9842bf99b46aeeb2b1500f97d,10000000507f0000fd01000010100202,,Nintendo LZ10,Probable,,True,Nintendo LZ10,Probable,True,32592,False,,,,,False,False
/graphic/font.narc,/graphic/font.narc!/member_00001,0,/graphic/font.narc,285,1,,33220,66321,33104,66205,33101,860f16d3dcf0ef488abefbd917b04c12630c39b9842bf99b46aeeb2b1500f97d,10000000507f0000fd01000010100202,,Nintendo LZ10,Probable,,True,Nintendo LZ10,Probable,True,32592,False,,,,,False,False
/graphic/font.narc,/graphic/font.narc!/member_00002,0,/graphic/font.narc,285,2,,66324,99425,66208,99309,33101,5c52b194bd721e4a3ddd3cf0718402c9448e7ec32dadc7207790c20493398b47,10000000507f0000fd01000010100202,,Nintendo LZ10,Probable,,True,Nintendo LZ10,Probable,True,32592,False,,,,,False,False
/graphic/font.narc,/graphic/font.narc!/member_00003,0,/graphic/font.narc,285,3,,99428,132529,99312,132413,33101,b97404763e16ecdb0f26a538dacb6d3d2d4dee606ff717f3302b611a21c6d7d9,10000000507f0000fd0100000c100202,,Nintendo LZ10,Probable,,True,Nintendo LZ10,Probable,True,32592,False,,,,,False,False
/graphic/font.narc,/graphic/font.narc!/member_00004,0,/graphic/font.narc,285,4,,132532,132960,132416,132844,428,706c163426d4506122dcf9764a104668436626098460ae5bdcdf0c1b49a49cf2,10200300005247434efffe0101002003,,Nintendo LZ10,Probable,,True,Nintendo LZ10,Confirmed,True,800,True,800,b7295bdb9290af33c87ddde87001d42dab8928a3a8dd76ac0c39c670a373fffd,NCGR graphics,Confirmed,False,False
/graphic/font.narc,/graphic/font.narc!/member_00005,0,/graphic/font.narc,285,5,,132960,134560,132844,134444,1600,c481f918ee468e8e0127f4fc5fd59e270e7d3520f6eedbdf32ebe9032b89e8b8,5247434efffe01014006000010000200,,NCGR graphics,Confirmed,True,False,,,,,,,,,,False,False
/graphic/font.narc,/graphic/font.narc!/member_00006,0,/graphic/font.narc,285,6,,134560,134650,134444,134534,90,43345bc19c85043de32f656e2622bef548ac49ddeb8188b773c160b70ebd7229,524c434efffe00015a00000010000200,,NCLR palette,Confirmed,True,False,,,,,,,,,,False,False
/graphic/font.narc,/graphic/font.narc!/member_00007,0,/graphic/font.narc,285,7,,134652,134742,134536,134626,90,8ee223a6a6c02e48740031072031c55cc0705677436ce013a8da75c82f93b5c4,524c434efffe00015a00000010000200,,NCLR palette,Confirmed,True,False,,,,,,,,,,False,False
/graphic/fontoam.narc,/graphic/fontoam.narc!/member_00000,0,/graphic/fontoam.narc,286,0,,148,255,0,107,107,48f3b32615b2c1b0d783f04d567d431a975646520c49828782a91716d63d2d9c,5245434efffe00016b00000010000300,,NCER cell,Confirmed,True,False,,,,,,,,,,False,False
/graphic/fontoam.narc,/graphic/fontoam.narc!/member_00001,0,/graphic/fontoam.narc,286,1,,256,363,108,215,107,b7ddff5fa8f8ba4234672ff89fd1fdf0be201a00d51799593b3e73aa3e87225f,5245434efffe00016b00000010000300,,NCER cell,Confirmed,True,False,,,,,,,,,,False,False
/graphic/fontoam.narc,/graphic/fontoam.narc!/member_00002,0,/graphic/fontoam.narc,286,2,,364,471,216,323,107,2a078f33afa28be1dc40b6ef44d6e0f09b711bb735edf66638ab80aa23e3b332,5245434efffe00016b00000010000300,,NCER cell,Confirmed,True,False,,,,,,,,,,False,False
/graphic/fontoam.narc,/graphic/fontoam.narc!/member_00003,0,/graphic/fontoam.narc,286,3,,472,579,324,431,107,47c03c2ce827378781aee9bd95a9aa9ffde4464e5c89166ff62fb091603d2a7d,5245434efffe00016b00000010000300,,NCER cell,Confirmed,True,False,,,,,,,,,,False,False
/graphic/fontoam.narc,/graphic/fontoam.narc!/member_00004,0,/graphic/fontoam.narc,286,4,,580,687,432,539,107,d04c120c43c93ed96aa897dbd9d4fda99cd1173c0afb1004354fe4268e2ebb48,5245434efffe00016b00000010000300,,NCER cell,Confirmed,True,False,,,,,,,,,,False,False
/graphic/fontoam.narc,/graphic/fontoam.narc!/member_00005,0,/graphic/fontoam.narc,286,5,,688,795,540,647,107,e46e8989e77d44457be5221074d9ce3acf3ec0c7c980cbaf64a57fd86e4dcd98,5245434efffe00016b00000010000300,,NCER cell,Confirmed,True,False,,,,,,,,,,False,False
/graphic/fontoam.narc,/graphic/fontoam.narc!/member_00006,0,/graphic/fontoam.narc,286,6,,796,903,648,755,107,adea61c4a34976940ee45999b146d4bb65845932167e66264c24875c7e926b4d,5245434efffe00016b00000010000300,,NCER cell,Confirmed,True,False,,,,,,,,,,False,False
/graphic/fontoam.narc,/graphic/fontoam.narc!/member_00007,0,/graphic/fontoam.narc,286,7,,904,1011,756,863,107,d3830ad2d857b523b0a7a969f265e2cc0b919a5ecbdae5c0066fb1ea72623cb3,5245434efffe00016b00000010000300,,NCER cell,Confirmed,True,False,,,,,,,,,,False,False
/graphic/fontoam.narc,/graphic/fontoam.narc!/member_00008,0,/graphic/fontoam.narc,286,8,,1012,1119,864,971,107,c44ec57b2c9945700f7475ee4e5d2c7cb43fe88ec7a9fbb1b7b55a53cc74333a,5245434efffe00016b00000010000300,,NCER cell,Confirmed,True,False,,,,,,,,,,False,False
/graphic/fontoam.narc,/graphic/fontoam.narc!/member_00009,0,/graphic/fontoam.narc,286,9,,1120,1227,972,1079,107,aa1723b9cd17d61f59babbda912b0404c73315e90fe8f8a1fa1d2bb27159c6ed,5245434efffe00016b00000010000300,,NCER cell,Confirmed,True,False,,,,,,,,,,False,False
/graphic/fontoam.narc,/graphic/fontoam.narc!/member_00010,0,/graphic/fontoam.narc,286,10,,1228,1335,1080,1187,107,b4675a0643437b360ae3d5abaacbec7c2073a3669947f0ef4eec94a003708ab6,5245434efffe00016b00000010000300,,NCER cell,Confirmed,True,False,,,,,,,,,,False,False
/graphic/fontoam.narc,/graphic/fontoam.narc!/member_00011,0,/graphic/fontoam.narc,286,11,,1336,1443,1188,1295,107,1ee516996caf3b30ef977178d13bebb56ccfd303512930389e5356ea938c984a,5245434efffe00016b00000010000300,,NCER cell,Confirmed,True,False,,,,,,,,,,False,False
/graphic/hiden_effect.narc,/graphic/hiden_effect.narc!/member_00000,0,/graphic/hiden_effect.narc,287,0,,172,4912,0,4740,4740,09c96a6b889c17852aa439aaec7a486cddcd8a9875df7e30ea14301a55b5c21b,42434130fffe01008412000010000100,,NSBCA animation,Confirmed,True,False,,,,,,,,,,False,False
/graphic/hiden_effect.narc,/graphic/hiden_effect.narc!/member_00001,0,/graphic/hiden_effect.narc,287,1,,4912,5432,4740,5260,520,5c5e0466ed0202079a6646cd479d1f6ad883e36f10222cf73874dc1f2766802a,424d4130fffe01000802000010000100,,NSBMA material animation,Confirmed,True,False,,,,,,,,,,False,False
/graphic/hiden_effect.narc,/graphic/hiden_effect.narc!/member_00002,0,/graphic/hiden_effect.narc,287,2,,5432,6292,5260,6120,860,5a9d2083a7470a86b3103dc71fe2d98b3a4963a10f9fd142e2301409a1c8a0a6,42544130fffe01005c03000010000100,,NSBTA texture animation,Confirmed,True,False,,,,,,,,,,False,False
/graphic/hiden_effect.narc,/graphic/hiden_effect.narc!/member_00003,0,/graphic/hiden_effect.narc,287,3,,6292,10540,6120,10368,4248,e29497287fbe1668f62aa6ca8f20b1b0cd0f2a6d39b1de201328031a5ea711e0,424d4430fffe02009810000010000200,,NSBMD model,Confirmed,True,False,,,,,,,,,,False,False
/graphic/hiden_effect.narc,/graphic/hiden_effect.narc!/member_00004,0,/graphic/hiden_effect.narc,287,4,,10540,16940,10368,16768,6400,22e00e32d58798dcc8c774b898297464635c70eb6527dc156bfbfa73588252de,42434130fffe01000019000010000100,,NSBCA animation,Confirmed,True,False,,,,,,,,,,False,False
/graphic/hiden_effect.narc,/graphic/hiden_effect.narc!/member_00005,0,/graphic/hiden_effect.narc,287,5,,16940,17372,16768,17200,432,0efec7fedca46c267ea47c06d4833b024a558d8dbe42ea5b6710b12a4ebffb81,424d4130fffe0100b001000010000100,,NSBMA material animation,Confirmed,True,False,,,,,,,,,,False,False
/graphic/hiden_effect.narc,/graphic/hiden_effect.narc!/member_00006,0,/graphic/hiden_effect.narc,287,6,,17372,17584,17200,17412,212,f06383be83fedde55f43da9f0f308e91bd809b94377169769dc9bf7ce4814c49,42545030fffe0100d400000010000100,,NSBTP texture-pattern animation,Confirmed,True,False,,,,,,,,,,False,False
/graphic/hiden_effect.narc,/graphic/hiden_effect.narc!/member_00007,0,/graphic/hiden_effect.narc,287,7,,17584,18444,17412,18272,860,d93b832e9db0c05fb8f7a41c94a589ff35bc5abe755820d5a8335bbf81543a46,42544130fffe01005c03000010000100,,NSBTA texture animation,Confirmed,True,False,,,,,,,,,,False,False
/graphic/hiden_effect.narc,/graphic/hiden_effect.narc!/member_00008,0,/graphic/hiden_effect.narc,287,8,,18444,21916,18272,21744,3472,bd4701e72839d242ae802c67fd6edc1cb2a847a407fe5490fbe68943fb2bf280,424d4430fffe0200900d000010000200,,NSBMD model,Confirmed,True,False,,,,,,,,,,False,False
/graphic/hiden_effect.narc,/graphic/hiden_effect.narc!/member_00009,0,/graphic/hiden_effect.narc,287,9,,21916,22352,21744,22180,436,b7216d976e47ff90abe410f1bb0633246ecefdc355f32e15add3489e7677ca62,42434130fffe0100b401000010000100,,NSBCA animation,Confirmed,True,False,,,,,,,,,,False,False
/graphic/hiden_effect.narc,/graphic/hiden_effect.narc!/member_00010,0,/graphic/hiden_effect.narc,287,10,,22352,22656,22180,22484,304,97d5d1318e282b1c4d386556a88e6dc2258861eac146121cb15cd4bf8d3777cd,42545030fffe01003001000010000100,,NSBTP texture-pattern animation,Confirmed,True,False,,,,,,,,,,False,False
/graphic/hiden_effect.narc,/graphic/hiden_effect.narc!/member_00011,0,/graphic/hiden_effect.narc,287,11,,22656,26972,22484,26800,4316,6ef72269cdb4bcda9435be856aac08dc5a3bb3a65df7e452eb73e4a9d9928cee,424d4430fffe0200dc10000010000200,,NSBMD model,Confirmed,True,False,,,,,,,,,,False,False
/graphic/hiden_effect.narc,/graphic/hiden_effect.narc!/member_00012,0,/graphic/hiden_effect.narc,287,12,,26972,27664,26800,27492,692,1281baccad11ebedd203cc1403a3935c7711316452932593a0cfb0e971991c91,42434130fffe0100b402000010000100,,NSBCA animation,Confirmed,True,False,,,,,,,,,,False,False
/graphic/hiden_effect.narc,/graphic/hiden_effect.narc!/member_00013,0,/graphic/hiden_effect.narc,287,13,,27664,27960,27492,27788,296,05d214fed47c9d5792438f06e21082f40281c65bf4aa00474f826b02113e3b97,42545030fffe01002801000010000100,,NSBTP texture-pattern animation,Confirmed,True,False,,,,,,,,,,False,False
/graphic/hiden_effect.narc,/graphic/hiden_effect.narc!/member_00014,0,/graphic/hiden_effect.narc,287,14,,27960,32276,27788,32104,4316,43fd9a01542de0371135471c18c8687ad2ad6e03c4b05b29c551769c701ebc85,424d4430fffe0200dc10000010000200,,NSBMD model,Confirmed,True,False,,,,,,,,,,False,False
/graphic/imageclip.narc,/graphic/imageclip.narc!/member_00000,0,/graphic/imageclip.narc,288,0,,1940,2492,0,552,552,ab10313de769341f7274126cbf4e61c6aa3774282d1ca4549b7b3f9d596da08a,524c434efffe00012802000010000100,,NCLR palette,Confirmed,True,False,,,,,,,,,,False,False
/graphic/imageclip.narc,/graphic/imageclip.narc!/member_00001,0,/graphic/imageclip.narc,288,1,,2492,2684,552,744,192,b4e6be44872993e4ed466b34e08744afe76954bf375c5c02b1de545d76ec194b,5247434efffe0101c000000010000200,,NCGR graphics,Confirmed,True,False,,,,,,,,,,False,False
/graphic/imageclip.narc,/graphic/imageclip.narc!/member_00002,0,/graphic/imageclip.narc,288,2,,2684,2876,744,936,192,a301e7ee8e633ca0505c897145a9a967e4780bb24565e3c1025ccb718e6034cd,5247434efffe0101c000000010000200,,NCGR graphics,Confirmed,True,False,,,,,,,,,,False,False
/graphic/imageclip.narc,/graphic/imageclip.narc!/member_00003,0,/graphic/imageclip.narc,288,3,,2876,3068,936,1128,192,ff0cc832a4dc31431e43b0b0d58539246154e0379e4f6c6c72a54d7bdaac17ab,5247434efffe0101c000000010000200,,NCGR graphics,Confirmed,True,False,,,,,,,,,,False,False
/graphic/imageclip.narc,/graphic/imageclip.narc!/member_00004,0,/graphic/imageclip.narc,288,4,,3068,3260,1128,1320,192,7603531aa11178f8ee494f1bb438edc4d27b2d941249accf69108034262ec585,5247434efffe0101c000000010000200,,NCGR graphics,Confirmed,True,False,,,,,,,,,,False,False
/graphic/imageclip.narc,/graphic/imageclip.narc!/member_00005,0,/graphic/imageclip.narc,288,5,,3260,3452,1320,1512,192,3d7a45f74eea4e01f1bf6f3f82e1a465a45a59e72960919b9bc656253f43bf4d,5247434efffe0101c000000010000200,,NCGR graphics,Confirmed,True,False,,,,,,,,,,False,False
/graphic/imageclip.narc,/graphic/imageclip.narc!/member_00006,0,/graphic/imageclip.narc,288,6,,3452,3644,1512,1704,192,4c29bb946a4187d8a6e14bf47f0051b92c25679957e582f240c0e55f0bceba3c,5247434efffe0101c000000010000200,,NCGR graphics,Confirmed,True,False,,,,,,,,,,False,False
/graphic/imageclip.narc,/graphic/imageclip.narc!/member_00007,0,/graphic/imageclip.narc,288,7,,3644,3836,1704,1896,192,065b778bbef28e4fe6963f087c6d755741746c4f8c8a07167475c1d8a6032d84,5247434efffe0101c000000010000200,,NCGR graphics,Confirmed,True,False,,,,,,,,,,False,False
/graphic/imageclip.narc,/graphic/imageclip.narc!/member_00008,0,/graphic/imageclip.narc,288,8,,3836,4412,1896,2472,576,0a292c7f712707dc181dd14dd62e832dcf402d064da4418cb1708fda6cf77cd0,5247434efffe01014002000010000200,,NCGR graphics,Confirmed,True,False,,,,,,,,,,False,False
/graphic/imageclip.narc,/graphic/imageclip.narc!/member_00009,0,/graphic/imageclip.narc,288,9,,4412,4604,2472,2664,192,683dae8d22b4cb0097f6539841993d26c5240067374d34d1239879b1cf4a82eb,5247434efffe0101c000000010000200,,NCGR graphics,Confirmed,True,False,,,,,,,,,,False,False
/graphic/imageclip.narc,/graphic/imageclip.narc!/member_00010,0,/graphic/imageclip.narc,288,10,,4604,5180,2664,3240,576,da1aa6a1a02f27d9f8ba51bd96da5214b22d96d6ed0352bc52bf55b41700b5db,5247434efffe01014002000010000200,,NCGR graphics,Confirmed,True,False,,,,,,,,,,False,False
/graphic/imageclip.narc,/graphic/imageclip.narc!/member_00011,0,/graphic/imageclip.narc,288,11,,5180,5372,3240,3432,192,605cdaadc323b3a68defd1ffdca5e30167e186badbebb768d18f74a1b9ea7015,5247434efffe0101c000000010000200,,NCGR graphics,Confirmed,True,False,,,,,,,,,,False,False
/graphic/imageclip.narc,/graphic/imageclip.narc!/member_00012,0,/graphic/imageclip.narc,288,12,,5372,5564,3432,3624,192,7c54e24791a6f4da0dcba97e4ab565be5988372742f4261b45955366836b9c76,5247434efffe0101c000000010000200,,NCGR graphics,Confirmed,True,False,,,,,,,,,,False,False
/graphic/imageclip.narc,/graphic/imageclip.narc!/member_00013,0,/graphic/imageclip.narc,288,13,,5564,5756,3624,3816,192,8f09cdf5598b9d0041185765623554a53eb4f62512250f9391293f13f0f4a715,5247434efffe0101c000000010000200,,NCGR graphics,Confirmed,True,False,,,,,,,,,,False,False
/graphic/imageclip.narc,/graphic/imageclip.narc!/member_00014,0,/graphic/imageclip.narc,288,14,,5756,5948,3816,4008,192,5c5265d49377c45432bd0ad3ec0b7b87a427a4bcf02c8a4a456e12fc855f9dd1,5247434efffe0101c000000010000200,,NCGR graphics,Confirmed,True,False,,,,,,,,,,False,False
/graphic/imageclip.narc,/graphic/imageclip.narc!/member_00015,0,/graphic/imageclip.narc,288,15,,5948,6140,4008,4200,192,5a57dccbe4362d546341b8fb3a8468e2d26ea402f4f86463590e1f5cf9ea4c2e,5247434efffe0101c000000010000200,,NCGR graphics,Confirmed,True,False,,,,,,,,,,False,False
/graphic/imageclip.narc,/graphic/imageclip.narc!/member_00016,0,/graphic/imageclip.narc,288,16,,6140,6332,4200,4392,192,b0211e61d6ab2185f7311439fc6c9920a8ad97c23133956f40ebea8cf2238da3,5247434efffe0101c000000010000200,,NCGR graphics,Confirmed,True,False,,,,,,,,,,False,False
/graphic/imageclip.narc,/graphic/imageclip.narc!/member_00017,0,/graphic/imageclip.narc,288,17,,6332,6908,4392,4968,576,241bc093d866a84a499f621c80aa7f12f3415e3dbb68c8b025c37517056f1652,5247434efffe01014002000010000200,,NCGR graphics,Confirmed,True,False,,,,,,,,,,False,False
/graphic/imageclip.narc,/graphic/imageclip.narc!/member_00018,0,/graphic/imageclip.narc,288,18,,6908,7228,4968,5288,320,af7f60935bfa254b3f2048d39f7b962881b20c00d0ed53d4116c875dc29f2f87,5247434efffe01014001000010000200,,NCGR graphics,Confirmed,True,False,,,,,,,,,,False,False
/graphic/imageclip.narc,/graphic/imageclip.narc!/member_00019,0,/graphic/imageclip.narc,288,19,,7228,7420,5288,5480,192,5c8a9d403dda33914736a1f0026a280779b8aaf129fa1ccda09fe50d5497984b,5247434efffe0101c000000010000200,,NCGR graphics,Confirmed,True,False,,,,,,,,,,False,False
/graphic/imageclip.narc,/graphic/imageclip.narc!/member_00020,0,/graphic/imageclip.narc,288,20,,7420,7612,5480,5672,192,a7b07eff0e1e336d7c28c2ada591d12c120933326af5e8d800742286b0709e2e,5247434efffe0101c000000010000200,,NCGR graphics,Confirmed,True,False,,,,,,,,,,False,False
/graphic/imageclip.narc,/graphic/imageclip.narc!/member_00021,0,/graphic/imageclip.narc,288,21,,7612,7804,5672,5864,192,6babccd1b1bcf323369a4422b0bf22da10ec5c5c39c6f24dd154f9088d89aa0b,5247434efffe0101c000000010000200,,NCGR graphics,Confirmed,True,False,,,,,,,,,,False,False
/graphic/imageclip.narc,/graphic/imageclip.narc!/member_00022,0,/graphic/imageclip.narc,288,22,,7804,7996,5864,6056,192,5de6df7805b895766a4a8bcd3a684eafb9edaf1dd09c7ba8acb88689ece37f30,5247434efffe0101c000000010000200,,NCGR graphics,Confirmed,True,False,,,,,,,,,,False,False
/graphic/imageclip.narc,/graphic/imageclip.narc!/member_00023,0,/graphic/imageclip.narc,288,23,,7996,8188,6056,6248,192,03f48b3563ef8a889b91d11b521d284eda66fca0b8e6571f87d6b5cfd6c97e98,5247434efffe0101c000000010000200,,NCGR graphics,Confirmed,True,False,,,,,,,,,,False,False
/graphic/imageclip.narc,/graphic/imageclip.narc!/member_00024,0,/graphic/imageclip.narc,288,24,,8188,8380,6248,6440,192,9a38cd5e5b2fcfe56fc577b4dd61b21f9e37a1257159a86fe86b5764d1a0ecff,5247434efffe0101c000000010000200,,NCGR graphics,Confirmed,True,False,,,,,,,,,,False,False
/graphic/imageclip.narc,/graphic/imageclip.narc!/member_00025,0,/graphic/imageclip.narc,288,25,,8380,8700,6440,6760,320,ba718115abcbea27b1267d005f3a2148bd041bff8d23e38c8d0ae96ed0e65a4e,5247434efffe01014001000010000200,,NCGR graphics,Confirmed,True,False,,,,,,,,,,False,False
/graphic/imageclip.narc,/graphic/imageclip.narc!/member_00026,0,/graphic/imageclip.narc,288,26,,8700,9276,6760,7336,576,11383f3f5717ef8196f54344581f7fdb9ee402acf4ff44febced0747829ac36a,5247434efffe01014002000010000200,,NCGR graphics,Confirmed,True,False,,,,,,,,,,False,False
/graphic/imageclip.narc,/graphic/imageclip.narc!/member_00027,0,/graphic/imageclip.narc,288,27,,9276,9852,7336,7912,576,11f790d2e8f66c6fb441739bb6c7d70488909bd4952cbdd88b032e3663aa6bde,5247434efffe01014002000010000200,,NCGR graphics,Confirmed,True,False,,,,,,,,,,False,False
/graphic/imageclip.narc,/graphic/imageclip.narc!/member_00028,0,/graphic/imageclip.narc,288,28,,9852,10428,7912,8488,576,4fea138fec729d697c876f9f7091dc903b9f3b3fcb3f18ca5ac412c8ec36ae42,5247434efffe01014002000010000200,,NCGR graphics,Confirmed,True,False,,,,,,,,,,False,False
/graphic/imageclip.narc,/graphic/imageclip.narc!/member_00029,0,/graphic/imageclip.narc,288,29,,10428,10620,8488,8680,192,1708ad309eece5a46193e50897a3b2859181740def3db0b1aca4318ac2ac48d9,5247434efffe0101c000000010000200,,NCGR graphics,Confirmed,True,False,,,,,,,,,,False,False
/graphic/imageclip.narc,/graphic/imageclip.narc!/member_00030,0,/graphic/imageclip.narc,288,30,,10620,10812,8680,8872,192,71dd7dd8ef866c9f6c9938f38ac3ddb300b0d5302f02536e319a89e5e8dbba73,5247434efffe0101c000000010000200,,NCGR graphics,Confirmed,True,False,,,,,,,,,,False,False
/graphic/imageclip.narc,/graphic/imageclip.narc!/member_00031,0,/graphic/imageclip.narc,288,31,,10812,11132,8872,9192,320,b559ed5cd88eca6fffc050cc3aa992e41a1520da29969a692078d76681f87711,5247434efffe01014001000010000200,,NCGR graphics,Confirmed,True,False,,,,,,,,,,False,False
/graphic/imageclip.narc,/graphic/imageclip.narc!/member_00032,0,/graphic/imageclip.narc,288,32,,11132,11452,9192,9512,320,7eb15734b618cc8b7b4072e8addcceacc5611731512483fc96ddf93dbc3eed79,5247434efffe01014001000010000200,,NCGR graphics,Confirmed,True,False,,,,,,,,,,False,False
/graphic/imageclip.narc,/graphic/imageclip.narc!/member_00033,0,/graphic/imageclip.narc,288,33,,11452,11644,9512,9704,192,adb59ab47d01d4655686bbe7ca468cf00449217a0697b5ee8c6b9eb32bc9fe94,5247434efffe0101c000000010000200,,NCGR graphics,Confirmed,True,False,,,,,,,,,,False,False
/graphic/imageclip.narc,/graphic/imageclip.narc!/member_00034,0,/graphic/imageclip.narc,288,34,,11644,12732,9704,10792,1088,dabcf7e5a3c78b07137c5c9403f52f012215ed11c78fe3df223d77cfa3953b12,5247434efffe01014004000010000200,,NCGR graphics,Confirmed,True,False,,,,,,,,,,False,False
/graphic/imageclip.narc,/graphic/imageclip.narc!/member_00035,0,/graphic/imageclip.narc,288,35,,12732,12924,10792,10984,192,3794e71835de421a97effc458f3e4761050b108c29d9bdfdfe496e06037b9ef4,5247434efffe0101c000000010000200,,NCGR graphics,Confirmed,True,False,,,,,,,,,,False,False
/graphic/imageclip.narc,/graphic/imageclip.narc!/member_00036,0,/graphic/imageclip.narc,288,36,,12924,13500,10984,11560,576,e587208b0a631a7a22876abbefe15d374f463850dfad07e0966c468a6f4a6ddd,5247434efffe01014002000010000200,,NCGR graphics,Confirmed,True,False,,,,,,,,,,False,False
/graphic/imageclip.narc,/graphic/imageclip.narc!/member_00037,0,/graphic/imageclip.narc,288,37,,13500,14588,11560,12648,1088,4ed9b822c4017a58d3e8baf073c78007b8ac5e94cf97cbff5e764f23ad19722a,5247434efffe01014004000010000200,,NCGR graphics,Confirmed,True,False,,,,,,,,,,False,False
/graphic/imageclip.narc,/graphic/imageclip.narc!/member_00038,0,/graphic/imageclip.narc,288,38,,14588,15676,12648,13736,1088,2c5bad4edc31a3d509699c36b11b064b11b2e1f6c6c253998bbde77aa7cf6af6,5247434efffe01014004000010000200,,NCGR graphics,Confirmed,True,False,,,,,,,,,,False,False
/graphic/imageclip.narc,/graphic/imageclip.narc!/member_00039,0,/graphic/imageclip.narc,288,39,,15676,16764,13736,14824,1088,0c74b2d79b1b2f66043da1aa3e4214b109bcb11514ed201d8656631307cdfa84,5247434efffe01014004000010000200,,NCGR graphics,Confirmed,True,False,,,,,,,,,,False,False
/graphic/imageclip.narc,/graphic/imageclip.narc!/member_00040,0,/graphic/imageclip.narc,288,40,,16764,17852,14824,15912,1088,f2c8717e791f2879d6849e6291b33218c49d6d25b68534163f39aa3fd79e494f,5247434efffe01014004000010000200,,NCGR graphics,Confirmed,True,False,,,,,,,,,,False,False
/graphic/imageclip.narc,/graphic/imageclip.narc!/member_00041,0,/graphic/imageclip.narc,288,41,,17852,18172,15912,16232,320,cb21eef2a3f2f7ed2ef21fd5b94de2b10d12712d08e2b6367c017fe7b7c1c151,5247434efffe01014001000010000200,,NCGR graphics,Confirmed,True,False,,,,,,,,,,False,False
/graphic/imageclip.narc,/graphic/imageclip.narc!/member_00042,0,/graphic/imageclip.narc,288,42,,18172,19260,16232,17320,1088,dc6732a8e3eb61a915e6eeab04a3fbb24a8aa2fb60f05b05ca19d2c2ba705adc,5247434efffe01014004000010000200,,NCGR graphics,Confirmed,True,False,,,,,,,,,,False,False
/graphic/imageclip.narc,/graphic/imageclip.narc!/member_00043,0,/graphic/imageclip.narc,288,43,,19260,19580,17320,17640,320,80d3bba3dda7e00b28bc1279b0bd8bd7cba9778355878883ccba07b9d02b2240,5247434efffe01014001000010000200,,NCGR graphics,Confirmed,True,False,,,,,,,,,,False,False
/graphic/imageclip.narc,/graphic/imageclip.narc!/member_00044,0,/graphic/imageclip.narc,288,44,,19580,20668,17640,18728,1088,f5bf7de54e5cf0c0a4d55015c34353042f92b7db33cbc7acfa2ff8f7f9b20ff9,5247434efffe01014004000010000200,,NCGR graphics,Confirmed,True,False,,,,,,,,,,False,False
/graphic/imageclip.narc,/graphic/imageclip.narc!/member_00045,0,/graphic/imageclip.narc,288,45,,20668,21244,18728,19304,576,50f89984f00c0dc7ce34b1c5ee1864dc5b3e4942ea0eab85eaf438317503cc50,5247434efffe01014002000010000200,,NCGR graphics,Confirmed,True,False,,,,,,,,,,False,False
/graphic/imageclip.narc,/graphic/imageclip.narc!/member_00046,0,/graphic/imageclip.narc,288,46,,21244,21820,19304,19880,576,a4a23b91bc4c90c41043965b923c54c6d5684e1d75132dc3dc6f75581bb06c8b,5247434efffe01014002000010000200,,NCGR graphics,Confirmed,True,False,,,,,,,,,,False,False
/graphic/imageclip.narc,/graphic/imageclip.narc!/member_00047,0,/graphic/imageclip.narc,288,47,,21820,22012,19880,20072,192,b9eba2de708b11b09ae3b9093fd3a967400d2718e3f70a5f0e74b0e907cd7e49,5247434efffe0101c000000010000200,,NCGR graphics,Confirmed,True,False,,,,,,,,,,False,False
/graphic/imageclip.narc,/graphic/imageclip.narc!/member_00048,0,/graphic/imageclip.narc,288,48,,22012,22588,20072,20648,576,0a8396587803d007f28c8b1d2afc3cec3cea300e23b8bc4eaafb946bd1dc4095,5247434efffe01014002000010000200,,NCGR graphics,Confirmed,True,False,,,,,,,,,,False,False
/graphic/imageclip.narc,/graphic/imageclip.narc!/member_00049,0,/graphic/imageclip.narc,288,49,,22588,23676,20648,21736,1088,c6d335001e684b9703c980f3aef00b06241aabf39926735418ce481a7a1cdf6e,5247434efffe01014004000010000200,,NCGR graphics,Confirmed,True,False,,,,,,,,,,False,False
/graphic/imageclip.narc,/graphic/imageclip.narc!/member_00050,0,/graphic/imageclip.narc,288,50,,23676,24764,21736,22824,1088,63e9b71fd4dddb6ac5962b3b90e99d2f0499cf1b60a77a65e0f1fd325bc2d48f,5247434efffe01014004000010000200,,NCGR graphics,Confirmed,True,False,,,,,,,,,,False,False
/graphic/imageclip.narc,/graphic/imageclip.narc!/member_00051,0,/graphic/imageclip.narc,288,51,,24764,24956,22824,23016,192,d75fadae853d63a51aebcd16c62fb4cca93819e5f957c2c00c82d6127d7b6c2a,5247434efffe0101c000000010000200,,NCGR graphics,Confirmed,True,False,,,,,,,,,,False,False
/graphic/imageclip.narc,/graphic/imageclip.narc!/member_00052,0,/graphic/imageclip.narc,288,52,,24956,25148,23016,23208,192,296e5cc8773c0035eb4840dfdb6dbd23a4347abd7cc0ef5c5a808517f28bf4cc,5247434efffe0101c000000010000200,,NCGR graphics,Confirmed,True,False,,,,,,,,,,False,False
/graphic/imageclip.narc,/graphic/imageclip.narc!/member_00053,0,/graphic/imageclip.narc,288,53,,25148,25468,23208,23528,320,619303c8f1947438fe67b1a03bef1b4960c3949150788b58bcc60d59c59d68c2,5247434efffe01014001000010000200,,NCGR graphics,Confirmed,True,False,,,,,,,,,,False,False
/graphic/imageclip.narc,/graphic/imageclip.narc!/member_00054,0,/graphic/imageclip.narc,288,54,,25468,25660,23528,23720,192,0b0a901493e1cdb8d01769101332a63a5a1d0e85c84e95bf48e64a7406ba6ae1,5247434efffe0101c000000010000200,,NCGR graphics,Confirmed,True,False,,,,,,,,,,False,False
/graphic/imageclip.narc,/graphic/imageclip.narc!/member_00055,0,/graphic/imageclip.narc,288,55,,25660,25852,23720,23912,192,8608cf86c32c161545f4487d7284b1f260bea31a442d70935d7c2b38b32cc0db,5247434efffe0101c000000010000200,,NCGR graphics,Confirmed,True,False,,,,,,,,,,False,False
/graphic/imageclip.narc,/graphic/imageclip.narc!/member_00056,0,/graphic/imageclip.narc,288,56,,25852,26044,23912,24104,192,158440a10504a40e875f30eef57a206a5b4af000a921bd59b90c9d9f3806896c,5247434efffe0101c000000010000200,,NCGR graphics,Confirmed,True,False,,,,,,,,,,False,False
/graphic/imageclip.narc,/graphic/imageclip.narc!/member_00057,0,/graphic/imageclip.narc,288,57,,26044,26364,24104,24424,320,d48b024d175a7169dd8b223b39a40cb68bbdde5bb41ece50f79f46a02691636e,5247434efffe01014001000010000200,,NCGR graphics,Confirmed,True,False,,,,,,,,,,False,False
/graphic/imageclip.narc,/graphic/imageclip.narc!/member_00058,0,/graphic/imageclip.narc,288,58,,26364,26940,24424,25000,576,08c274928dc7acb4174ac7fbd0f832907bb3bf3bb7707ec8a91758449464cb0b,5247434efffe01014002000010000200,,NCGR graphics,Confirmed,True,False,,,,,,,,,,False,False
/graphic/imageclip.narc,/graphic/imageclip.narc!/member_00059,0,/graphic/imageclip.narc,288,59,,26940,27516,25000,25576,576,865a2123b0743d86c660f754e7ab0d9e140aa5e3f480f1ed30402871718b612e,5247434efffe01014002000010000200,,NCGR graphics,Confirmed,True,False,,,,,,,,,,False,False
/graphic/imageclip.narc,/graphic/imageclip.narc!/member_00060,0,/graphic/imageclip.narc,288,60,,27516,28092,25576,26152,576,04fabf1323b9e5a11de6f61a397c98d71097cdd5c6e9c83035fe12058dcccbf0,5247434efffe01014002000010000200,,NCGR graphics,Confirmed,True,False,,,,,,,,,,False,False
/graphic/imageclip.narc,/graphic/imageclip.narc!/member_00061,0,/graphic/imageclip.narc,288,61,,28092,29180,26152,27240,1088,469959803995cfe536a050e3e3b2035a18575527e9cd49cd1203f64b4d73d662,5247434efffe01014004000010000200,,NCGR graphics,Confirmed,True,False,,,,,,,,,,False,False
/graphic/imageclip.narc,/graphic/imageclip.narc!/member_00062,0,/graphic/imageclip.narc,288,62,,29180,30268,27240,28328,1088,269df2d5f91c3232ef466892c72bf6f221c2ac22e2e4cd73814ff39ab5d9dc89,5247434efffe01014004000010000200,,NCGR graphics,Confirmed,True,False,,,,,,,,,,False,False
/graphic/imageclip.narc,/graphic/imageclip.narc!/member_00063,0,/graphic/imageclip.narc,288,63,,30268,31356,28328,29416,1088,ce9a4b60a97b704bde0d7a179dbfca9c36bc0c33269150120d52e1b9824ebace,5247434efffe01014004000010000200,,NCGR graphics,Confirmed,True,False,,,,,,,,,,False,False
/graphic/imageclip.narc,/graphic/imageclip.narc!/member_00064,0,/graphic/imageclip.narc,288,64,,31356,32444,29416,30504,1088,43e063f968bbb258b120cab215715996c3378337b44262ab58e1c894149dd835,5247434efffe01014004000010000200,,NCGR graphics,Confirmed,True,False,,,,,,,,,,False,False
/graphic/imageclip.narc,/graphic/imageclip.narc!/member_00065,0,/graphic/imageclip.narc,288,65,,32444,33532,30504,31592,1088,57a84736767950853517cdd48fe3998452b9ce2580518efcb6aa3400c410c378,5247434efffe01014004000010000200,,NCGR graphics,Confirmed,True,False,,,,,,,,,,False,False
/graphic/imageclip.narc,/graphic/imageclip.narc!/member_00066,0,/graphic/imageclip.narc,288,66,,33532,34620,31592,32680,1088,11cbb2f371c55bd897284af68a3ca5f58afaa048b95532d08e8ee9603a9b5530,5247434efffe01014004000010000200,,NCGR graphics,Confirmed,True,False,,,,,,,,,,False,False
/graphic/imageclip.narc,/graphic/imageclip.narc!/member_00067,0,/graphic/imageclip.narc,288,67,,34620,35708,32680,33768,1088,282481456ee34606a1bb1271bce3b04330c7e6b668170ea45a6595eae221d2ad,5247434efffe01014004000010000200,,NCGR graphics,Confirmed,True,False,,,,,,,,,,False,False
/graphic/imageclip.narc,/graphic/imageclip.narc!/member_00068,0,/graphic/imageclip.narc,288,68,,35708,36796,33768,34856,1088,9aec9d5ff17f7d4826bbeb0996905c7e74019096b83d8160acea2e04837b5959,5247434efffe01014004000010000200,,NCGR graphics,Confirmed,True,False,,,,,,,,,,False,False
/graphic/imageclip.narc,/graphic/imageclip.narc!/member_00069,0,/graphic/imageclip.narc,288,69,,36796,37884,34856,35944,1088,029c8b24bdf9866dfc2d10be478d7b03f7a53724d75b589a8c844a9ba55307a7,5247434efffe01014004000010000200,,NCGR graphics,Confirmed,True,False,,,,,,,,,,False,False
/graphic/imageclip.narc,/graphic/imageclip.narc!/member_00070,0,/graphic/imageclip.narc,288,70,,37884,38972,35944,37032,1088,e19ede1abb06fb608cece3826334f7cb422b64d396b0752d8821da97fadc26ab,5247434efffe01014004000010000200,,NCGR graphics,Confirmed,True,False,,,,,,,,,,False,False
/graphic/imageclip.narc,/graphic/imageclip.narc!/member_00071,0,/graphic/imageclip.narc,288,71,,38972,40060,37032,38120,1088,6a8df440f9eb56ede0236e34e110c4bcf68667d8e244f02a21b0b93869aedf38,5247434efffe01014004000010000200,,NCGR graphics,Confirmed,True,False,,,,,,,,,,False,False
/graphic/imageclip.narc,/graphic/imageclip.narc!/member_00072,0,/graphic/imageclip.narc,288,72,,40060,41148,38120,39208,1088,eb0b965f1947b867f92d403830f28a53ecbf81137ef586b6a018fb97b47a3b71,5247434efffe01014004000010000200,,NCGR graphics,Confirmed,True,False,,,,,,,,,,False,False
/graphic/imageclip.narc,/graphic/imageclip.narc!/member_00073,0,/graphic/imageclip.narc,288,73,,41148,41340,39208,39400,192,914a619702c44344f76eec17622a697545d295768317c57595219f0b1ecac3f9,5247434efffe0101c000000010000200,,NCGR graphics,Confirmed,True,False,,,,,,,,,,False,False
/graphic/imageclip.narc,/graphic/imageclip.narc!/member_00074,0,/graphic/imageclip.narc,288,74,,41340,41660,39400,39720,320,2fb1ddbb665940943cd808f915c2554bd180cf312f8c16458554490d2f9b9e9e,5247434efffe01014001000010000200,,NCGR graphics,Confirmed,True,False,,,,,,,,,,False,False
/graphic/imageclip.narc,/graphic/imageclip.narc!/member_00075,0,/graphic/imageclip.narc,288,75,,41660,42236,39720,40296,576,bd8e5ecba8fe2356778aadaee521ef71584f35b36a24730a374afbc2927655c8,5247434efffe01014002000010000200,,NCGR graphics,Confirmed,True,False,,,,,,,,,,False,False
/graphic/imageclip.narc,/graphic/imageclip.narc!/member_00076,0,/graphic/imageclip.narc,288,76,,42236,42812,40296,40872,576,e2b836c0ffb2247b28b673a1935f44600e29e14a9648cf0b74bd12cc6de65394,5247434efffe01014002000010000200,,NCGR graphics,Confirmed,True,False,,,,,,,,,,False,False
/graphic/imageclip.narc,/graphic/imageclip.narc!/member_00077,0,/graphic/imageclip.narc,288,77,,42812,43388,40872,41448,576,9c332fdb4cd2545948f2417e2c41301bffc8a2f90b34a55fbeb7519f4cc8f3d5,5247434efffe01014002000010000200,,NCGR graphics,Confirmed,True,False,,,,,,,,,,False,False
/graphic/imageclip.narc,/graphic/imageclip.narc!/member_00078,0,/graphic/imageclip.narc,288,78,,43388,44476,41448,42536,1088,e8f950bcf1e4272cdece69195dccbb00e88373836be8ee01e9972ce976c92a8a,5247434efffe01014004000010000200,,NCGR graphics,Confirmed,True,False,,,,,,,,,,False,False
/graphic/imageclip.narc,/graphic/imageclip.narc!/member_00079,0,/graphic/imageclip.narc,288,79,,44476,45564,42536,43624,1088,2e232baa7bc096d917d1e16ac010af2e8f4f0c27d85279332682d83d8d68e038,5247434efffe01014004000010000200,,NCGR graphics,Confirmed,True,False,,,,,,,,,,False,False
/graphic/imageclip.narc,/graphic/imageclip.narc!/member_00080,0,/graphic/imageclip.narc,288,80,,45564,46652,43624,44712,1088,fa3976502a9e4da86e6dcbaecf040e49c0c879f5e2fa752ee98abb0621258031,5247434efffe01014004000010000200,,NCGR graphics,Confirmed,True,False,,,,,,,,,,False,False
/graphic/imageclip.narc,/graphic/imageclip.narc!/member_00081,0,/graphic/imageclip.narc,288,81,,46652,47740,44712,45800,1088,b6e1eafff286ff021dec36a313d1b27a1ac2248ecec59c424181e02f627c9db7,5247434efffe01014004000010000200,,NCGR graphics,Confirmed,True,False,,,,,,,,,,False,False
/graphic/imageclip.narc,/graphic/imageclip.narc!/member_00082,0,/graphic/imageclip.narc,288,82,,47740,48828,45800,46888,1088,43f6b55f9b13e08e482f48559c64a0ac00e07df61013a34f00ac77c6a5d72cfb,5247434efffe01014004000010000200,,NCGR graphics,Confirmed,True,False,,,,,,,,,,False,False
/graphic/imageclip.narc,/graphic/imageclip.narc!/member_00083,0,/graphic/imageclip.narc,288,83,,48828,49404,46888,47464,576,e124dc76a351f96527a121f20ec785f4f9918bbcb1b4628de85019091405cd43,5247434efffe01014002000010000200,,NCGR graphics,Confirmed,True,False,,,,,,,,,,False,False
/graphic/imageclip.narc,/graphic/imageclip.narc!/member_00084,0,/graphic/imageclip.narc,288,84,,49404,49980,47464,48040,576,07eafd562593e7cd7f477ae16ab8baff5d58f95e8c48716688200b1f5f4d1967,5247434efffe01014002000010000200,,NCGR graphics,Confirmed,True,False,,,,,,,,,,False,False
/graphic/imageclip.narc,/graphic/imageclip.narc!/member_00085,0,/graphic/imageclip.narc,288,85,,49980,51068,48040,49128,1088,b00423f4559df1091cb42ba980a76b7fa11fcf91c75da78d11b58325b06f544f,5247434efffe01014004000010000200,,NCGR graphics,Confirmed,True,False,,,,,,,,,,False,False
/graphic/imageclip.narc,/graphic/imageclip.narc!/member_00086,0,/graphic/imageclip.narc,288,86,,51068,52156,49128,50216,1088,bd832958a59bbd9a02120f02dd566f1a90c68883db7729fc5133c17f10b024b4,5247434efffe01014004000010000200,,NCGR graphics,Confirmed,True,False,,,,,,,,,,False,False
/graphic/imageclip.narc,/graphic/imageclip.narc!/member_00087,0,/graphic/imageclip.narc,288,87,,52156,52732,50216,50792,576,286cd2cbe21de7b8ea24c0fa435cc41112e8f0ccf1596c585e32e83e953e7336,5247434efffe01014002000010000200,,NCGR graphics,Confirmed,True,False,,,,,,,,,,False,False
/graphic/imageclip.narc,/graphic/imageclip.narc!/member_00088,0,/graphic/imageclip.narc,288,88,,52732,53820,50792,51880,1088,9b0afeb36f5eb1cfb962f1c0072f401f57cbe88e3b9392700fc78c95ee975350,5247434efffe01014004000010000200,,NCGR graphics,Confirmed,True,False,,,,,,,,,,False,False
/graphic/imageclip.narc,/graphic/imageclip.narc!/member_00089,0,/graphic/imageclip.narc,288,89,,53820,54908,51880,52968,1088,5bf07d6e7120c00de42bd87be9545c920c30c40c3a457774a424d5c2a22fa0cb,5247434efffe01014004000010000200,,NCGR graphics,Confirmed,True,False,,,,,,,,,,False,False
/graphic/imageclip.narc,/graphic/imageclip.narc!/member_00090,0,/graphic/imageclip.narc,288,90,,54908,55996,52968,54056,1088,23cb68e4e0ee864e779d18694adc94a489fb5087159dad2ace874dac20344d89,5247434efffe01014004000010000200,,NCGR graphics,Confirmed,True,False,,,,,,,,,,False,False
/graphic/imageclip.narc,/graphic/imageclip.narc!/member_00091,0,/graphic/imageclip.narc,288,91,,55996,57084,54056,55144,1088,ca757cbcd1579ac83a041d2c359f94c5c8969520bdaa756cbd995203e8a3cbda,5247434efffe01014004000010000200,,NCGR graphics,Confirmed,True,False,,,,,,,,,,False,False
/graphic/imageclip.narc,/graphic/imageclip.narc!/member_00092,0,/graphic/imageclip.narc,288,92,,57084,58172,55144,56232,1088,87bd0f940e1f9c3beda14a2fe918a38ed11b137c75d2a2cdb08cac57c161539f,5247434efffe01014004000010000200,,NCGR graphics,Confirmed,True,False,,,,,,,,,,False,False
/graphic/imageclip.narc,/graphic/imageclip.narc!/member_00093,0,/graphic/imageclip.narc,288,93,,58172,58748,56232,56808,576,3118a80c19652914869d7ceb8c62fbaf5f093804eee3f719443edaccfe9a9dc8,5247434efffe01014002000010000200,,NCGR graphics,Confirmed,True,False,,,,,,,,,,False,False
/graphic/imageclip.narc,/graphic/imageclip.narc!/member_00094,0,/graphic/imageclip.narc,288,94,,58748,59324,56808,57384,576,8bdb8983a7bfa9b9e72f6dd4cb0d11a22e128d42b1c368bd9c2d1cdab5d6e7ad,5247434efffe01014002000010000200,,NCGR graphics,Confirmed,True,False,,,,,,,,,,False,False
/graphic/imageclip.narc,/graphic/imageclip.narc!/member_00095,0,/graphic/imageclip.narc,288,95,,59324,59900,57384,57960,576,c0f0861355e34ee76acfd9b209fbf6a966800ee78fc44b09627de3e6ac405369,5247434efffe01014002000010000200,,NCGR graphics,Confirmed,True,False,,,,,,,,,,False,False
/graphic/imageclip.narc,/graphic/imageclip.narc!/member_00096,0,/graphic/imageclip.narc,288,96,,59900,60988,57960,59048,1088,620c0f8fcab8a6c1d6f7fcb30822a9612b05f61d8dde60104525ca1936bce3a1,5247434efffe01014004000010000200,,NCGR graphics,Confirmed,True,False,,,,,,,,,,False,False
/graphic/imageclip.narc,/graphic/imageclip.narc!/member_00097,0,/graphic/imageclip.narc,288,97,,60988,62076,59048,60136,1088,1224ecf07f97f79b74cefd0ed4376797d9f5d42b0077016e649ad123d434a9be,5247434efffe01014004000010000200,,NCGR graphics,Confirmed,True,False,,,,,,,,,,False,False
/graphic/imageclip.narc,/graphic/imageclip.narc!/member_00098,0,/graphic/imageclip.narc,288,98,,62076,62652,60136,60712,576,a5d13eda7c498d2c36c36e664cc56b1690ac132bba7136f73687061e99432457,5247434efffe01014002000010000200,,NCGR graphics,Confirmed,True,False,,,,,,,,,,False,False
/graphic/imageclip.narc,/graphic/imageclip.narc!/member_00099,0,/graphic/imageclip.narc,288,99,,62652,62972,60712,61032,320,f589efc100d47a53d4889242c70b6ec57fc3c2f20eb1c25dfd7c6c4e4375fde7,5247434efffe01014001000010000200,,NCGR graphics,Confirmed,True,False,,,,,,,,,,False,False
/graphic/imageclip.narc,/graphic/imageclip.narc!/member_00100,0,/graphic/imageclip.narc,288,100,,62972,64060,61032,62120,1088,2f183d4a319c641b145deec2eb5816b0ec713ba9b9ce1bc4784f5d62b26cd3b6,5247434efffe01014004000010000200,,NCGR graphics,Confirmed,True,False,,,,,,,,,,False,False
/graphic/imageclip.narc,/graphic/imageclip.narc!/member_00101,0,/graphic/imageclip.narc,288,101,,64060,64212,62120,62272,152,689be01656235d014f3e09a9e86098e5396888eb9702bcb55525dc3fda845a25,524e414efffe00019800000010000300,,NANR animation,Confirmed,True,False,,,,,,,,,,False,False
/graphic/imageclip.narc,/graphic/imageclip.narc!/member_00102,0,/graphic/imageclip.narc,288,102,,64212,64336,62272,62396,124,1c76ebaf52b1d96d3d0bbfae28c4a9f3659f87e29edca065bb8c6ab39c35218c,5245434efffe00017c00000010000300,,NCER cell,Confirmed,True,False,,,,,,,,,,False,False
/graphic/imageclip.narc,/graphic/imageclip.narc!/member_00103,0,/graphic/imageclip.narc,288,103,,64336,64640,62396,62700,304,1e1882fb1d7698c26b42d2c87eca5b293494cc3f9f3c80e8b54a5efe4e903301,5247434efffe01013001000010000100,,NCGR graphics,Confirmed,True,False,,,,,,,,,,False,False
/graphic/imageclip.narc,/graphic/imageclip.narc!/member_00104,0,/graphic/imageclip.narc,288,104,,64640,65192,62700,63252,552,ac924328275c1cf6463c45d1d3fe384be4a8d10958244e300fb4a2f5a360df18,524c434efffe00012802000010000100,,NCLR palette,Confirmed,True,False,,,,,,,,,,False,False
/graphic/imageclip.narc,/graphic/imageclip.narc!/member_00105,0,/graphic/imageclip.narc,288,105,,65192,65322,63252,63382,130,b79c9a07fee783e3ecc659a40940a1da3730c712ffe90abf201cc128eb808698,524e414efffe00018200000010000300,,NANR animation,Confirmed,True,False,,,,,,,,,,False,False
/graphic/imageclip.narc,/graphic/imageclip.narc!/member_00106,0,/graphic/imageclip.narc,288,106,,65324,65466,63384,63526,142,ae90e19564e239d325f850d3ad56e8d0cffc197043d29263ee3c280c53642453,5245434efffe00018e00000010000300,,NCER cell,Confirmed,True,False,,,,,,,,,,False,False
/graphic/imageclip.narc,/graphic/imageclip.narc!/member_00107,0,/graphic/imageclip.narc,288,107,,65468,67436,63528,65496,1968,ca715fcd09fd6c35b9bebbfba4d0b90cee33c17440672576db485b4737a01fcd,5247434efffe0101b007000010000100,,NCGR graphics,Confirmed,True,False,,,,,,,,,,False,False
/graphic/imageclip.narc,/graphic/imageclip.narc!/member_00108,0,/graphic/imageclip.narc,288,108,,67436,67566,65496,65626,130,7564a81c89ce9469133abbfd1ab0e2900117bfb4066b125d9d52a96350efe81e,524e414efffe00018200000010000300,,NANR animation,Confirmed,True,False,,,,,,,,,,False,False
/graphic/imageclip.narc,/graphic/imageclip.narc!/member_00109,0,/graphic/imageclip.narc,288,109,,67568,67718,65628,65778,150,63edd1384b866817849472c5dff11ae5291e897394443fa1c1a7d2f1cea5be01,5245434efffe00019600000010000300,,NCER cell,Confirmed,True,False,,,,,,,,,,False,False
/graphic/imageclip.narc,/graphic/imageclip.narc!/member_00110,0,/graphic/imageclip.narc,288,110,,67720,69688,65780,67748,1968,036dfa91c939712067076642caf81f4783d01fc44905755c98bd783322273b7b,5247434efffe0101b007000010000100,,NCGR graphics,Confirmed,True,False,,,,,,,,,,False,False
/graphic/imageclip.narc,/graphic/imageclip.narc!/member_00111,0,/graphic/imageclip.narc,288,111,,69688,69826,67748,67886,138,f14912fce1283043e01dd2eeb2313239bee3af2fef8d2b19d59329e7f915b138,524e414efffe00018a00000010000300,,NANR animation,Confirmed,True,False,,,,,,,,,,False,False
/graphic/imageclip.narc,/graphic/imageclip.narc!/member_00112,0,/graphic/imageclip.narc,288,112,,69828,70006,67888,68066,178,661613a035b5b17907db2b366320ea956a27d1dbdf46050f136b6191caee290f,5245434efffe0001b200000010000300,,NCER cell,Confirmed,True,False,,,,,,,,,,False,False
/graphic/imageclip.narc,/graphic/imageclip.narc!/member_00113,0,/graphic/imageclip.narc,288,113,,70008,73512,68068,71572,3504,81014214b874a3e08352f61248cf0bbc32847810c324e657d53b0741cd10ef6d,5247434efffe0101b00d000010000100,,NCGR graphics,Confirmed,True,False,,,,,,,,,,False,False
/graphic/imageclip.narc,/graphic/imageclip.narc!/member_00114,0,/graphic/imageclip.narc,288,114,,73512,73650,71572,71710,138,578a7734d19714b8b9511d6bef4063181052d7387324f297e590b0e250ab8d67,524e414efffe00018a00000010000300,,NANR animation,Confirmed,True,False,,,,,,,,,,False,False
/graphic/imageclip.narc,/graphic/imageclip.narc!/member_00115,0,/graphic/imageclip.narc,288,115,,73652,73830,71712,71890,178,5427bb6d60bf1fcf21cf9fdcf6985af3c417925da3b08af2ed5c6b88b7257065,5245434efffe0001b200000010000300,,NCER cell,Confirmed,True,False,,,,,,,,,,False,False
/graphic/imageclip.narc,/graphic/imageclip.narc!/member_00116,0,/graphic/imageclip.narc,288,116,,73832,77336,71892,75396,3504,29a1e693944148b34094e064ee8b44837b10f9d7b926c7a1a18ae3b286c37875,5247434efffe0101b00d000010000100,,NCGR graphics,Confirmed,True,False,,,,,,,,,,False,False
/graphic/imageclip.narc,/graphic/imageclip.narc!/member_00117,0,/graphic/imageclip.narc,288,117,,77336,77474,75396,75534,138,9d76ddc47923affdc0e50917d099f76e17175501dcebcb37c8a509b718a93ff2,524e414efffe00018a00000010000300,,NANR animation,Confirmed,True,False,,,,,,,,,,False,False
/graphic/imageclip.narc,/graphic/imageclip.narc!/member_00118,0,/graphic/imageclip.narc,288,118,,77476,77674,75536,75734,198,e50a2eecc90d04e1665b54f56d3190785a541fbd70404518924e1919444cd4b2,5245434efffe0001c600000010000300,,NCER cell,Confirmed,True,False,,,,,,,,,,False,False
/graphic/imageclip.narc,/graphic/imageclip.narc!/member_00119,0,/graphic/imageclip.narc,288,119,,77676,82908,75736,80968,5232,299db6a47a980e2ddcdef4a63b9a5064c51606b7ee64bcda17509648b1babcde,5247434efffe01017014000010000100,,NCGR graphics,Confirmed,True,False,,,,,,,,,,False,False
/graphic/imageclip.narc,/graphic/imageclip.narc!/member_00120,0,/graphic/imageclip.narc,288,120,,82908,83460,80968,81520,552,19adf07049f528cde1996ce8dee603e4eaa363b1e146d893957332b55a56d003,524c434efffe00012802000010000100,,NCLR palette,Confirmed,True,False,,,,,,,,,,False,False
/graphic/imageclip.narc,/graphic/imageclip.narc!/member_00121,0,/graphic/imageclip.narc,288,121,,83460,85572,81520,83632,2112,624a453abe92dab782af6af0cf46cb81dc8c3d6033e580df36d1ae4049e7272d,5247434efffe01014008000010000200,,NCGR graphics,Confirmed,True,False,,,,,,,,,,False,False
/graphic/imageclip.narc,/graphic/imageclip.narc!/member_00122,0,/graphic/imageclip.narc,288,122,,85572,87656,83632,85716,2084,77ea88ce5646b85549c1cbe7f637c624cf6acaac3bd7f225fb035ed2a408626d,5243534efffe00012408000010000100,,NSCR screen map,Confirmed,True,False,,,,,,,,,,False,False
/graphic/imageclip.narc,/graphic/imageclip.narc!/member_00123,0,/graphic/imageclip.narc,288,123,,87656,90792,85716,88852,3136,5401736c1aa4675449a86838c4dbb57c5a8aa41fc46429f78250ba8684e02c80,5247434efffe0101400c000010000200,,NCGR graphics,Confirmed,True,False,,,,,,,,,,False,False
/graphic/imageclip.narc,/graphic/imageclip.narc!/member_00124,0,/graphic/imageclip.narc,288,124,,90792,92876,88852,90936,2084,f3478931fe70e6b2f8f3553774fe71341cc90c901e284e3f7f4da76c52e01ec2,5243534efffe00012408000010000100,,NSCR screen map,Confirmed,True,False,,,,,,,,,,False,False
/graphic/imageclip.narc,/graphic/imageclip.narc!/member_00125,0,/graphic/imageclip.narc,288,125,,92876,96012,90936,94072,3136,61fa485e3238e24e0ee9031b29cc698b9e908bf76dadada8c2630766142bca30,5247434efffe0101400c000010000200,,NCGR graphics,Confirmed,True,False,,,,,,,,,,False,False
/graphic/imageclip.narc,/graphic/imageclip.narc!/member_00126,0,/graphic/imageclip.narc,288,126,,96012,96564,94072,94624,552,d47d81c2c3ea3998d2b0804f79ebcdad6b05fe8c76ed67b15035b49e989c5d1f,524c434efffe00012802000010000100,,NCLR palette,Confirmed,True,False,,,,,,,,,,False,False
/graphic/imageclip.narc,/graphic/imageclip.narc!/member_00127,0,/graphic/imageclip.narc,288,127,,96564,98648,94624,96708,2084,427bcb89f53dacdc3cd842b03ba7ae87cac35a6f7d0de819a3c925f38365829f,5243534efffe00012408000010000100,,NSCR screen map,Confirmed,True,False,,,,,,,,,,False,False
/graphic/imageclip.narc,/graphic/imageclip.narc!/member_00128,0,/graphic/imageclip.narc,288,128,,98648,100732,96708,98792,2084,84bfc09ba97947eabdd84171c71cd59e0ab7a1dbeb5024983be3289eec54db52,5243534efffe00012408000010000100,,NSCR screen map,Confirmed,True,False,,,,,,,,,,False,False
/graphic/imageclip.narc,/graphic/imageclip.narc!/member_00129,0,/graphic/imageclip.narc,288,129,,100732,100956,98792,99016,224,abb05408c92d75cb1fdab840a03e0430f06f090a1cfd20d06d82a2766d129bc2,5247434efffe0101e000000010000200,,NCGR graphics,Confirmed,True,False,,,,,,,,,,False,False
/graphic/imageclip.narc,/graphic/imageclip.narc!/member_00130,0,/graphic/imageclip.narc,288,130,,100956,101440,99016,99500,484,62e4ff7a8a0e612f330e45de3cd0123cb0f2fad993b2755e996466507b74450e,5243534efffe0001e401000010000100,,NSCR screen map,Confirmed,True,False,,,,,,,,,,False,False
/graphic/imageclip.narc,/graphic/imageclip.narc!/member_00131,0,/graphic/imageclip.narc,288,131,,101440,101664,99500,99724,224,abb05408c92d75cb1fdab840a03e0430f06f090a1cfd20d06d82a2766d129bc2,5247434efffe0101e000000010000200,,NCGR graphics,Confirmed,True,False,,,,,,,,,,False,False
/graphic/imageclip.narc,/graphic/imageclip.narc!/member_00132,0,/graphic/imageclip.narc,288,132,,101664,102148,99724,100208,484,62e4ff7a8a0e612f330e45de3cd0123cb0f2fad993b2755e996466507b74450e,5243534efffe0001e401000010000100,,NSCR screen map,Confirmed,True,False,,,,,,,,,,False,False
/graphic/imageclip.narc,/graphic/imageclip.narc!/member_00133,0,/graphic/imageclip.narc,288,133,,102148,102700,100208,100760,552,db92107588c4612f8cd19f8453a9882f58e981e240fc871b922496f52376f7ad,524c434efffe00012802000010000100,,NCLR palette,Confirmed,True,False,,,,,,,,,,False,False
/graphic/imageclip.narc,/graphic/imageclip.narc!/member_00134,0,/graphic/imageclip.narc,288,134,,102700,104300,100760,102360,1600,78ba5d812b75f9ddf7258950af3d829b3b0eff86306ef9a9efe8275ed0b1d5ad,5247434efffe01014006000010000200,,NCGR graphics,Confirmed,True,False,,,,,,,,,,False,False
/graphic/imageclip.narc,/graphic/imageclip.narc!/member_00135,0,/graphic/imageclip.narc,288,135,,104300,104852,102360,102912,552,3a67b916dfd7af61cb280b46edbe447024e68c2e447955a340f62e6d35dce881,524c434efffe00012802000010000100,,NCLR palette,Confirmed,True,False,,,,,,,,,,False,False
/graphic/imageclip.narc,/graphic/imageclip.narc!/member_00136,0,/graphic/imageclip.narc,288,136,,104852,105336,102912,103396,484,95e2fa0f8abbb99ada12ffe21dc1e963cbd0a290cc985a2c327b130b2aa790d4,5243534efffe0001e401000010000100,,NSCR screen map,Confirmed,True,False,,,,,,,,,,False,False
/graphic/imageclip.narc,/graphic/imageclip.narc!/member_00137,0,/graphic/imageclip.narc,288,137,,105336,105820,103396,103880,484,95e2fa0f8abbb99ada12ffe21dc1e963cbd0a290cc985a2c327b130b2aa790d4,5243534efffe0001e401000010000100,,NSCR screen map,Confirmed,True,False,,,,,,,,,,False,False
/graphic/imageclip.narc,/graphic/imageclip.narc!/member_00138,0,/graphic/imageclip.narc,288,138,,105820,110492,103880,108552,4672,b31820bc1506a5429af6b8177c1efdf7c797e21332d9aa893a2c5cbe95102aa9,5247434efffe01014012000010000200,,NCGR graphics,Confirmed,True,False,,,,,,,,,,False,False
/graphic/imageclip.narc,/graphic/imageclip.narc!/member_00139,0,/graphic/imageclip.narc,288,139,,110492,111044,108552,109104,552,5290222b68aad6db16de45fbbd218ca81d46ae63a3bd2dfce489f02f9ce7be75,524c434efffe00012802000010000100,,NCLR palette,Confirmed,True,False,,,,,,,,,,False,False
/graphic/imageclip.narc,/graphic/imageclip.narc!/member_00140,0,/graphic/imageclip.narc,288,140,,111044,111528,109104,109588,484,2ed94d8487404349237c026f318f407c47ea527d0c29768e252d422051738493,5243534efffe0001e401000010000100,,NSCR screen map,Confirmed,True,False,,,,,,,,,,False,False
/graphic/imageclip.narc,/graphic/imageclip.narc!/member_00141,0,/graphic/imageclip.narc,288,141,,111528,112012,109588,110072,484,ec8e7282124a5994eef49e01d598fd7627b63b32615ece4e49375355e91c7c6b,5243534efffe0001e401000010000100,,NSCR screen map,Confirmed,True,False,,,,,,,,,,False,False
/graphic/imageclip.narc,/graphic/imageclip.narc!/member_00142,0,/graphic/imageclip.narc,288,142,,112012,114636,110072,112696,2624,e428d04a45c15b6ed13763011c157602372c57304d43fc2b9ba7e18720247711,5247434efffe0101400a000010000200,,NCGR graphics,Confirmed,True,False,,,,,,,,,,False,False
/graphic/imageclip.narc,/graphic/imageclip.narc!/member_00143,0,/graphic/imageclip.narc,288,143,,114636,115188,112696,113248,552,4968b39dc60feaabf5f3ee8354e5d46297eeb56374f773bb717c68f6870685ed,524c434efffe00012802000010000100,,NCLR palette,Confirmed,True,False,,,,,,,,,,False,False
/graphic/imageclip.narc,/graphic/imageclip.narc!/member_00144,0,/graphic/imageclip.narc,288,144,,115188,115672,113248,113732,484,329397fd07c535a0d00d25e82998c2a788679d29d4cbb24612ea4cba3ce8176a,5243534efffe0001e401000010000100,,NSCR screen map,Confirmed,True,False,,,,,,,,,,False,False
/graphic/imageclip.narc,/graphic/imageclip.narc!/member_00145,0,/graphic/imageclip.narc,288,145,,115672,116156,113732,114216,484,b3f534d3b84c6b2eb48494201f9adb558341c288a56c51fb38920ca051c15b08,5243534efffe0001e401000010000100,,NSCR screen map,Confirmed,True,False,,,,,,,,,,False,False
/graphic/imageclip.narc,/graphic/imageclip.narc!/member_00146,0,/graphic/imageclip.narc,288,146,,116156,120828,114216,118888,4672,7810b5c0da10b81addd096754f237341debfad2f14d0c12c5f4eff65ac8f0664,5247434efffe01014012000010000200,,NCGR graphics,Confirmed,True,False,,,,,,,,,,False,False
/graphic/imageclip.narc,/graphic/imageclip.narc!/member_00147,0,/graphic/imageclip.narc,288,147,,120828,121380,118888,119440,552,a62e06bc177a8b8738329ff9778781e67926b318cccb04e77efe05b7a5f532ba,524c434efffe00012802000010000100,,NCLR palette,Confirmed,True,False,,,,,,,,,,False,False
/graphic/imageclip.narc,/graphic/imageclip.narc!/member_00148,0,/graphic/imageclip.narc,288,148,,121380,121864,119440,119924,484,c18134a5c8cbed0da0e2b618e6945a8f15f9c227575eb2ef9e1a9055270d62d0,5243534efffe0001e401000010000100,,NSCR screen map,Confirmed,True,False,,,,,,,,,,False,False
/graphic/imageclip.narc,/graphic/imageclip.narc!/member_00149,0,/graphic/imageclip.narc,288,149,,121864,122348,119924,120408,484,9bc7bbfc3844d5e1b6e07870a25709280bcca2227e666c534c6fe30c4861d50f,5243534efffe0001e401000010000100,,NSCR screen map,Confirmed,True,False,,,,,,,,,,False,False
/graphic/imageclip.narc,/graphic/imageclip.narc!/member_00150,0,/graphic/imageclip.narc,288,150,,122348,130092,120408,128152,7744,4917d53247c3d8eebb0793d22ccd6d51b99b304c7557cd36692854dd7f2be183,5247434efffe0101401e000010000200,,NCGR graphics,Confirmed,True,False,,,,,,,,,,False,False
/graphic/imageclip.narc,/graphic/imageclip.narc!/member_00151,0,/graphic/imageclip.narc,288,151,,130092,130644,128152,128704,552,54817cb79959037d543f244ad5d06842c999be3d941cd12d0232004c8185fae6,524c434efffe00012802000010000100,,NCLR palette,Confirmed,True,False,,,,,,,,,,False,False
/graphic/imageclip.narc,/graphic/imageclip.narc!/member_00152,0,/graphic/imageclip.narc,288,152,,130644,131128,128704,129188,484,f9181a228b7167b5980cc569c310b50f6b209d1a9ae31824a1817a9e59d80726,5243534efffe0001e401000010000100,,NSCR screen map,Confirmed,True,False,,,,,,,,,,False,False
/graphic/imageclip.narc,/graphic/imageclip.narc!/member_00153,0,/graphic/imageclip.narc,288,153,,131128,131612,129188,129672,484,de7b73a9c19e115c36415b0305b75f3f66bf04f33db523291058086b8617d562,5243534efffe0001e401000010000100,,NSCR screen map,Confirmed,True,False,,,,,,,,,,False,False
/graphic/imageclip.narc,/graphic/imageclip.narc!/member_00154,0,/graphic/imageclip.narc,288,154,,131612,135260,129672,133320,3648,edae6448773ed31283b4b8af6825bc8b07468a8d2655b85528636eacea5b4414,5247434efffe0101400e000010000200,,NCGR graphics,Confirmed,True,False,,,,,,,,,,False,False
/graphic/imageclip.narc,/graphic/imageclip.narc!/member_00155,0,/graphic/imageclip.narc,288,155,,135260,135812,133320,133872,552,9f652d8c5bdea0cf42d26ca76ed8aff7b216413c3620c07f7385950b6a6ee32a,524c434efffe00012802000010000100,,NCLR palette,Confirmed,True,False,,,,,,,,,,False,False
/graphic/imageclip.narc,/graphic/imageclip.narc!/member_00156,0,/graphic/imageclip.narc,288,156,,135812,136296,133872,134356,484,a8bbdda3f6eacc62ff08f48b07e33af0220451c6f119ec0bea1a441141fe4ff9,5243534efffe0001e401000010000100,,NSCR screen map,Confirmed,True,False,,,,,,,,,,False,False
/graphic/imageclip.narc,/graphic/imageclip.narc!/member_00157,0,/graphic/imageclip.narc,288,157,,136296,136780,134356,134840,484,57e176582ef5a8d2a64d60050d0db6c74bf8d80ce696ec25205830709883f4bc,5243534efffe0001e401000010000100,,NSCR screen map,Confirmed,True,False,,,,,,,,,,False,False
/graphic/imageclip.narc,/graphic/imageclip.narc!/member_00158,0,/graphic/imageclip.narc,288,158,,136780,141452,134840,139512,4672,fe3e454ad27d69cced3c992ed6cf8597d0737900d390c398093d21f208f85428,5247434efffe01014012000010000200,,NCGR graphics,Confirmed,True,False,,,,,,,,,,False,False
/graphic/imageclip.narc,/graphic/imageclip.narc!/member_00159,0,/graphic/imageclip.narc,288,159,,141452,142004,139512,140064,552,422cc641b9a75b3133716dd3f119746feb5638015aed1ec06e32478811f78598,524c434efffe00012802000010000100,,NCLR palette,Confirmed,True,False,,,,,,,,,,False,False
/graphic/imageclip.narc,/graphic/imageclip.narc!/member_00160,0,/graphic/imageclip.narc,288,160,,142004,142488,140064,140548,484,8786767ce07ffc00b70f92dfa1ad119992c9567dc2f1390985d74cba9da6f5d3,5243534efffe0001e401000010000100,,NSCR screen map,Confirmed,True,False,,,,,,,,,,False,False
/graphic/imageclip.narc,/graphic/imageclip.narc!/member_00161,0,/graphic/imageclip.narc,288,161,,142488,142972,140548,141032,484,f479afc4c23e9d5b20c727121ca0b8c00008491cc350baf3e553b32e8ff040b4,5243534efffe0001e401000010000100,,NSCR screen map,Confirmed,True,False,,,,,,,,,,False,False
/graphic/imageclip.narc,/graphic/imageclip.narc!/member_00162,0,/graphic/imageclip.narc,288,162,,142972,150204,141032,148264,7232,8e6ba05b05102217bb5c79f678ee9bd384d4808ee28b075d555a3a338196be85,5247434efffe0101401c000010000200,,NCGR graphics,Confirmed,True,False,,,,,,,,,,False,False
/graphic/imageclip.narc,/graphic/imageclip.narc!/member_00163,0,/graphic/imageclip.narc,288,163,,150204,150756,148264,148816,552,476b235b82e6d2a1209be90373d1c63127f58047bbdb4d87685ba27b79e7a41f,524c434efffe00012802000010000100,,NCLR palette,Confirmed,True,False,,,,,,,,,,False,False
/graphic/imageclip.narc,/graphic/imageclip.narc!/member_00164,0,/graphic/imageclip.narc,288,164,,150756,151240,148816,149300,484,9734069527c8d98a98b1ed9c0912dad833141e5fcae55b90e878e0110998497e,5243534efffe0001e401000010000100,,NSCR screen map,Confirmed,True,False,,,,,,,,,,False,False
/graphic/imageclip.narc,/graphic/imageclip.narc!/member_00165,0,/graphic/imageclip.narc,288,165,,151240,151724,149300,149784,484,fe66961f3811d7f372cf0248db985e056adaebd71808841c4e12cd2590db85d1,5243534efffe0001e401000010000100,,NSCR screen map,Confirmed,True,False,,,,,,,,,,False,False
/graphic/imageclip.narc,/graphic/imageclip.narc!/member_00166,0,/graphic/imageclip.narc,288,166,,151724,158444,149784,156504,6720,095d76e736808731ca4cbad367258c7250251926ef41615e8b0db83cc8e896f0,5247434efffe0101401a000010000200,,NCGR graphics,Confirmed,True,False,,,,,,,,,,False,False
/graphic/imageclip.narc,/graphic/imageclip.narc!/member_00167,0,/graphic/imageclip.narc,288,167,,158444,158996,156504,157056,552,1c40a578706ada8561f53e310ad43707a038fa9a5b37fcf7ec6c71e9410988e1,524c434efffe00012802000010000100,,NCLR palette,Confirmed,True,False,,,,,,,,,,False,False
/graphic/imageclip.narc,/graphic/imageclip.narc!/member_00168,0,/graphic/imageclip.narc,288,168,,158996,159480,157056,157540,484,5a7afd710c8704ab4673b54899b82a5f301ecea122ed2df73f2cb31815823cf8,5243534efffe0001e401000010000100,,NSCR screen map,Confirmed,True,False,,,,,,,,,,False,False
/graphic/imageclip.narc,/graphic/imageclip.narc!/member_00169,0,/graphic/imageclip.narc,288,169,,159480,159964,157540,158024,484,b758c5af3bba4669e74cb3f6e32c4ba609e246307490cbc89ae180438be98b79,5243534efffe0001e401000010000100,,NSCR screen map,Confirmed,True,False,,,,,,,,,,False,False
/graphic/imageclip.narc,/graphic/imageclip.narc!/member_00170,0,/graphic/imageclip.narc,288,170,,159964,163612,158024,161672,3648,5416b99d37a7eebb634f54745e5fa8eed8b50dcfadda6ffd41f6227f0dedfcaa,5247434efffe0101400e000010000200,,NCGR graphics,Confirmed,True,False,,,,,,,,,,False,False
/graphic/imageclip.narc,/graphic/imageclip.narc!/member_00171,0,/graphic/imageclip.narc,288,171,,163612,164164,161672,162224,552,376d942586a9a2edbbc8ff16cd358ef00deaae70195828e373b733fefed47084,524c434efffe00012802000010000100,,NCLR palette,Confirmed,True,False,,,,,,,,,,False,False
/graphic/imageclip.narc,/graphic/imageclip.narc!/member_00172,0,/graphic/imageclip.narc,288,172,,164164,164648,162224,162708,484,ae849d82ad742a1c8b9dc221f6e7f50be59b0ee20c208a13b42d0eea22bc1276,5243534efffe0001e401000010000100,,NSCR screen map,Confirmed,True,False,,,,,,,,,,False,False
/graphic/imageclip.narc,/graphic/imageclip.narc!/member_00173,0,/graphic/imageclip.narc,288,173,,164648,165132,162708,163192,484,0c2ec9dee40749d73f7e28f5722f980e50f5d126dd03859827d2a16e89a1b5ab,5243534efffe0001e401000010000100,,NSCR screen map,Confirmed,True,False,,,,,,,,,,False,False
/graphic/imageclip.narc,/graphic/imageclip.narc!/member_00174,0,/graphic/imageclip.narc,288,174,,165132,172364,163192,170424,7232,8beba3e96f6939ef9d9976dc0f59933dd21e9e91623209ce99db260dfa4bbc9a,5247434efffe0101401c000010000200,,NCGR graphics,Confirmed,True,False,,,,,,,,,,False,False
/graphic/imageclip.narc,/graphic/imageclip.narc!/member_00175,0,/graphic/imageclip.narc,288,175,,172364,172916,170424,170976,552,1ac5548c083ec7fb5a25873864f2935429625586583dbff2219105dd8fdbe72d,524c434efffe00012802000010000100,,NCLR palette,Confirmed,True,False,,,,,,,,,,False,False
/graphic/imageclip.narc,/graphic/imageclip.narc!/member_00176,0,/graphic/imageclip.narc,288,176,,172916,173400,170976,171460,484,3706231bf6ef9600e5e233a3ec217078eba87e14b3f6dec8989701a22a429aba,5243534efffe0001e401000010000100,,NSCR screen map,Confirmed,True,False,,,,,,,,,,False,False
/graphic/imageclip.narc,/graphic/imageclip.narc!/member_00177,0,/graphic/imageclip.narc,288,177,,173400,173884,171460,171944,484,635ae49a1d5e596d0d4599afc5a0b0b202c9f0854fb6efa6d763cb1e1e299b93,5243534efffe0001e401000010000100,,NSCR screen map,Confirmed,True,False,,,,,,,,,,False,False
/graphic/imageclip.narc,/graphic/imageclip.narc!/member_00178,0,/graphic/imageclip.narc,288,178,,173884,177532,171944,175592,3648,fd66cd6daf8b48e1371fa9512ca9575484263b2ae395e1106d6149f4e80bdaf1,5247434efffe0101400e000010000200,,NCGR graphics,Confirmed,True,False,,,,,,,,,,False,False
/graphic/imageclip.narc,/graphic/imageclip.narc!/member_00179,0,/graphic/imageclip.narc,288,179,,177532,178084,175592,176144,552,1286bb0390d0cbf2752231df2fdeb2ca9688a3d4e34e7d7f472bdf5db73c0dd3,524c434efffe00012802000010000100,,NCLR palette,Confirmed,True,False,,,,,,,,,,False,False
/graphic/imageclip.narc,/graphic/imageclip.narc!/member_00180,0,/graphic/imageclip.narc,288,180,,178084,178568,176144,176628,484,f6b0fe2d656c2072b6cc899ce19291b97f654e615505749b459ac9346b8cbf4d,5243534efffe0001e401000010000100,,NSCR screen map,Confirmed,True,False,,,,,,,,,,False,False
/graphic/imageclip.narc,/graphic/imageclip.narc!/member_00181,0,/graphic/imageclip.narc,288,181,,178568,179052,176628,177112,484,01ee3fc5e260ae6383ad9821aedef7c6ed9fad6ab52a6440db90b3200332f6d3,5243534efffe0001e401000010000100,,NSCR screen map,Confirmed,True,False,,,,,,,,,,False,False
/graphic/imageclip.narc,/graphic/imageclip.narc!/member_00182,0,/graphic/imageclip.narc,288,182,,179052,183724,177112,181784,4672,86eb2a8e5c65e7b6d6550d73fc79ec044ebf2ea965b86bbfe88c4d9ccba10bfa,5247434efffe01014012000010000200,,NCGR graphics,Confirmed,True,False,,,,,,,,,,False,False
/graphic/imageclip.narc,/graphic/imageclip.narc!/member_00183,0,/graphic/imageclip.narc,288,183,,183724,184276,181784,182336,552,639894f6f04abab13d326b2d123d08b3c1d6c8f432f97b6e2a79160ce22351c8,524c434efffe00012802000010000100,,NCLR palette,Confirmed,True,False,,,,,,,,,,False,False
/graphic/imageclip.narc,/graphic/imageclip.narc!/member_00184,0,/graphic/imageclip.narc,288,184,,184276,184760,182336,182820,484,b8275bf17930b5b778d304243aa626c99688a4cec7e7d680d0fa35ee102d2dd8,5243534efffe0001e401000010000100,,NSCR screen map,Confirmed,True,False,,,,,,,,,,False,False
/graphic/imageclip.narc,/graphic/imageclip.narc!/member_00185,0,/graphic/imageclip.narc,288,185,,184760,185244,182820,183304,484,d8c1388535361c9faa22b6f6f76fe4bc879832050640c32023ac9fd549e65996,5243534efffe0001e401000010000100,,NSCR screen map,Confirmed,True,False,,,,,,,,,,False,False
/graphic/imageclip.narc,/graphic/imageclip.narc!/member_00186,0,/graphic/imageclip.narc,288,186,,185244,191964,183304,190024,6720,a1e41333af9813287018a8e1799cf7d7cdde36aa48c3c4ed6272f91d8236d3f4,5247434efffe0101401a000010000200,,NCGR graphics,Confirmed,True,False,,,,,,,,,,False,False
/graphic/imageclip.narc,/graphic/imageclip.narc!/member_00187,0,/graphic/imageclip.narc,288,187,,191964,192516,190024,190576,552,49271ddcb1e99a4e91149e37db9627cc6e1248ff9881061f7b0f6d9edc1bec46,524c434efffe00012802000010000100,,NCLR palette,Confirmed,True,False,,,,,,,,,,False,False
/graphic/imageclip.narc,/graphic/imageclip.narc!/member_00188,0,/graphic/imageclip.narc,288,188,,192516,193000,190576,191060,484,abe0e0feeea8fb6797cb878f6b2cf190689bdcf4ee47b46e65ac0f97c1ab5384,5243534efffe0001e401000010000100,,NSCR screen map,Confirmed,True,False,,,,,,,,,,False,False
/graphic/imageclip.narc,/graphic/imageclip.narc!/member_00189,0,/graphic/imageclip.narc,288,189,,193000,193484,191060,191544,484,f948d35719585c82ef56974969fe3024ffdf48f42e507788d87e320d9fe2743b,5243534efffe0001e401000010000100,,NSCR screen map,Confirmed,True,False,,,,,,,,,,False,False
/graphic/imageclip.narc,/graphic/imageclip.narc!/member_00190,0,/graphic/imageclip.narc,288,190,,193484,195596,191544,193656,2112,db5fcc7c9a60dfcf71998c57196bcf603a04dce96109c6df85cc480e64055b54,5247434efffe01014008000010000200,,NCGR graphics,Confirmed,True,False,,,,,,,,,,False,False
/graphic/imageclip.narc,/graphic/imageclip.narc!/member_00191,0,/graphic/imageclip.narc,288,191,,195596,196148,193656,194208,552,b8a5aa1f064a95195a7f50ec3ffc7e22f56ce23cc179e43a560b7ef51c0c521f,524c434efffe00012802000010000100,,NCLR palette,Confirmed,True,False,,,,,,,,,,False,False
/graphic/imageclip.narc,/graphic/imageclip.narc!/member_00192,0,/graphic/imageclip.narc,288,192,,196148,196632,194208,194692,484,21aae5fc09c2d838b6bdb97e03361ae2a3ba0b7c1c999130d327756ba5cebc94,5243534efffe0001e401000010000100,,NSCR screen map,Confirmed,True,False,,,,,,,,,,False,False
/graphic/imageclip.narc,/graphic/imageclip.narc!/member_00193,0,/graphic/imageclip.narc,288,193,,196632,197116,194692,195176,484,6744383be2fc3d9d5e19bf38db63ffcf9473440bf2e5356e98e13463ab01180c,5243534efffe0001e401000010000100,,NSCR screen map,Confirmed,True,False,,,,,,,,,,False,False
/graphic/imageclip.narc,/graphic/imageclip.narc!/member_00194,0,/graphic/imageclip.narc,288,194,,197116,203324,195176,201384,6208,b39f0eb8962815a4770c059527203be14b2731bbbe7812d560f7a8912ec00c74,5247434efffe01014018000010000200,,NCGR graphics,Confirmed,True,False,,,,,,,,,,False,False
/graphic/imageclip.narc,/graphic/imageclip.narc!/member_00195,0,/graphic/imageclip.narc,288,195,,203324,203876,201384,201936,552,0a2c4193630ec029fa7259c79e7b5d59d179cf3a7f8ae039f7ba511723a9d873,524c434efffe00012802000010000100,,NCLR palette,Confirmed,True,False,,,,,,,,,,False,False
/graphic/imageclip.narc,/graphic/imageclip.narc!/member_00196,0,/graphic/imageclip.narc,288,196,,203876,204360,201936,202420,484,94ad2a55f4e4b2c390bcc562f246c4a3e45074c473b40155e15dc67d43cc2391,5243534efffe0001e401000010000100,,NSCR screen map,Confirmed,True,False,,,,,,,,,,False,False
/graphic/imageclip.narc,/graphic/imageclip.narc!/member_00197,0,/graphic/imageclip.narc,288,197,,204360,204844,202420,202904,484,7a2dcb56eadf848da967b6e006c1077e63c37190f7116ce9cf70dee28ad50a7f,5243534efffe0001e401000010000100,,NSCR screen map,Confirmed,True,False,,,,,,,,,,False,False
/graphic/imageclip.narc,/graphic/imageclip.narc!/member_00198,0,/graphic/imageclip.narc,288,198,,204844,213612,202904,211672,8768,06ec40137e2541ef133a7583206b9d5fe08bfd79f1d80805554496e5539b8466,5247434efffe01014022000010000200,,NCGR graphics,Confirmed,True,False,,,,,,,,,,False,False
/graphic/imageclip.narc,/graphic/imageclip.narc!/member_00199,0,/graphic/imageclip.narc,288,199,,213612,214164,211672,212224,552,38491ad0608c221562238d38ca7f6e88c5bacb60bae068ba84c00715677342ed,524c434efffe00012802000010000100,,NCLR palette,Confirmed,True,False,,,,,,,,,,False,False
/graphic/imageclip.narc,/graphic/imageclip.narc!/member_00200,0,/graphic/imageclip.narc,288,200,,214164,214648,212224,212708,484,9ae60502860ed77605e3a30ca1709b5a2f1574c9b0f0044e85b5d28e3be70dcf,5243534efffe0001e401000010000100,,NSCR screen map,Confirmed,True,False,,,,,,,,,,False,False
/graphic/imageclip.narc,/graphic/imageclip.narc!/member_00201,0,/graphic/imageclip.narc,288,201,,214648,215132,212708,213192,484,96194d259a961b696538245dde7358bed083e4e61e8768c56f3c0100b779fc64,5243534efffe0001e401000010000100,,NSCR screen map,Confirmed,True,False,,,,,,,,,,False,False
/graphic/imageclip.narc,/graphic/imageclip.narc!/member_00202,0,/graphic/imageclip.narc,288,202,,215132,220316,213192,218376,5184,0107c5a36fa4bbd41077499a82dabdaf7f2d642f63b1d1b6696e91c6d1978bec,5247434efffe01014014000010000200,,NCGR graphics,Confirmed,True,False,,,,,,,,,,False,False
/graphic/imageclip.narc,/graphic/imageclip.narc!/member_00203,0,/graphic/imageclip.narc,288,203,,220316,220868,218376,218928,552,13da7dedbd215d696133ae8a8f14a64be713bb4eea34c486895d0dd9ca254b1f,524c434efffe00012802000010000100,,NCLR palette,Confirmed,True,False,,,,,,,,,,False,False
/graphic/imageclip.narc,/graphic/imageclip.narc!/member_00204,0,/graphic/imageclip.narc,288,204,,220868,221352,218928,219412,484,6fda8917a9f5524616adff2001022c0f1b0b0e9906fb5e04bd6409860c9c5cc6,5243534efffe0001e401000010000100,,NSCR screen map,Confirmed,True,False,,,,,,,,,,False,False
/graphic/imageclip.narc,/graphic/imageclip.narc!/member_00205,0,/graphic/imageclip.narc,288,205,,221352,221836,219412,219896,484,6c2be74c2291bac1f878e639d4fa5c3f6a8be6bf9bfc0d3d2199366482da2acf,5243534efffe0001e401000010000100,,NSCR screen map,Confirmed,True,False,,,,,,,,,,False,False
/graphic/imageclip.narc,/graphic/imageclip.narc!/member_00206,0,/graphic/imageclip.narc,288,206,,221836,222412,219896,220472,576,65ddcae75bb64ca1f334717c6514ba4baf069c58decf9a2a392d5a66d4d42ee2,5247434efffe01014002000010000200,,NCGR graphics,Confirmed,True,False,,,,,,,,,,False,False
/graphic/imageclip.narc,/graphic/imageclip.narc!/member_00207,0,/graphic/imageclip.narc,288,207,,222412,222988,220472,221048,576,9512cbb36a15395895e8e7a4ebd3ef3b5a3d8edd4332b6020832235b433e0fe9,5247434efffe01014002000010000200,,NCGR graphics,Confirmed,True,False,,,,,,,,,,False,False
/graphic/imageclip.narc,/graphic/imageclip.narc!/member_00208,0,/graphic/imageclip.narc,288,208,,222988,223564,221048,221624,576,8090c27ddf81ef21378936dd217f1d32c7ef7bcbc2a718ecf6e5cfb8b27ce52e,5247434efffe01014002000010000200,,NCGR graphics,Confirmed,True,False,,,,,,,,,,False,False
/graphic/imageclip.narc,/graphic/imageclip.narc!/member_00209,0,/graphic/imageclip.narc,288,209,,223564,224140,221624,222200,576,3df22af767b562a6d575ddb8fd9ec1e69d55762a76ca62b8fe9320bcd577a941,5247434efffe01014002000010000200,,NCGR graphics,Confirmed,True,False,,,,,,,,,,False,False
/graphic/imageclip.narc,/graphic/imageclip.narc!/member_00210,0,/graphic/imageclip.narc,288,210,,224140,224716,222200,222776,576,af129481ff364234f81f52acfbbfbe4344014b97c2d78f27e1120b46a036bd37,5247434efffe01014002000010000200,,NCGR graphics,Confirmed,True,False,,,,,,,,,,False,False
/graphic/imageclip.narc,/graphic/imageclip.narc!/member_00211,0,/graphic/imageclip.narc,288,211,,224716,225292,222776,223352,576,90f069d3d893210055790fb96f07ada9810defe932aa0dfe0fae7da282f838a2,5247434efffe01014002000010000200,,NCGR graphics,Confirmed,True,False,,,,,,,,,,False,False
/graphic/imageclip.narc,/graphic/imageclip.narc!/member_00212,0,/graphic/imageclip.narc,288,212,,225292,225868,223352,223928,576,ef3c454072bec7f4a6ca5fc89b055e583ea020abd3250cd459f7657d1837070f,5247434efffe01014002000010000200,,NCGR graphics,Confirmed,True,False,,,,,,,,,,False,False
/graphic/imageclip.narc,/graphic/imageclip.narc!/member_00213,0,/graphic/imageclip.narc,288,213,,225868,226444,223928,224504,576,63acb55468bda2d842c473f7b15573779a2633eb2082211e76694811a20a4cca,5247434efffe01014002000010000200,,NCGR graphics,Confirmed,True,False,,,,,,,,,,False,False
/graphic/imageclip.narc,/graphic/imageclip.narc!/member_00214,0,/graphic/imageclip.narc,288,214,,226444,227020,224504,225080,576,5c39abeb26150affa8847eb1c215027e7a311997b03fc8d622bb57e71b2b587f,5247434efffe01014002000010000200,,NCGR graphics,Confirmed,True,False,,,,,,,,,,False,False
/graphic/imageclip.narc,/graphic/imageclip.narc!/member_00215,0,/graphic/imageclip.narc,288,215,,227020,227596,225080,225656,576,b3e7aef920d888ee759c125729e60183472204098ca8e0cace200591985ba9e6,5247434efffe01014002000010000200,,NCGR graphics,Confirmed,True,False,,,,,,,,,,False,False
/graphic/imageclip.narc,/graphic/imageclip.narc!/member_00216,0,/graphic/imageclip.narc,288,216,,227596,228172,225656,226232,576,d2c500bf2b886257cfe69b3012b732342b94e26e0c14c83b71647f1738bf73e3,5247434efffe01014002000010000200,,NCGR graphics,Confirmed,True,False,,,,,,,,,,False,False
/graphic/imageclip.narc,/graphic/imageclip.narc!/member_00217,0,/graphic/imageclip.narc,288,217,,228172,228748,226232,226808,576,6fa5a523002ecf3d0d395211bfec1c418341a25bca488378776f3696473a9cd8,5247434efffe01014002000010000200,,NCGR graphics,Confirmed,True,False,,,,,,,,,,False,False
/graphic/imageclip.narc,/graphic/imageclip.narc!/member_00218,0,/graphic/imageclip.narc,288,218,,228748,229324,226808,227384,576,97c5affe31d2639ada53e255d26a10ddf0be52718c01a360c220665898591bba,5247434efffe01014002000010000200,,NCGR graphics,Confirmed,True,False,,,,,,,,,,False,False
/graphic/imageclip.narc,/graphic/imageclip.narc!/member_00219,0,/graphic/imageclip.narc,288,219,,229324,229900,227384,227960,576,e5ecbaac09209f56f81d65cb76eabdaf391db48c0dca564fdd3f6f1bdaf90e51,5247434efffe01014002000010000200,,NCGR graphics,Confirmed,True,False,,,,,,,,,,False,False
/graphic/imageclip.narc,/graphic/imageclip.narc!/member_00220,0,/graphic/imageclip.narc,288,220,,229900,230476,227960,228536,576,24c656d592cbdee210cc333e87fa873aee969e08d59824aa09e9565f4ac540e5,5247434efffe01014002000010000200,,NCGR graphics,Confirmed,True,False,,,,,,,,,,False,False
/graphic/imageclip.narc,/graphic/imageclip.narc!/member_00221,0,/graphic/imageclip.narc,288,221,,230476,231052,228536,229112,576,1e0285c48dca975691e2a867d505d4b29d4032465f43a560e7cde5b423911d01,5247434efffe01014002000010000200,,NCGR graphics,Confirmed,True,False,,,,,,,,,,False,False
/graphic/imageclip.narc,/graphic/imageclip.narc!/member_00222,0,/graphic/imageclip.narc,288,222,,231052,231628,229112,229688,576,87b6691856db52105fe6a3589af99141f7c725ab4420cea854176f8d9c9723d4,5247434efffe01014002000010000200,,NCGR graphics,Confirmed,True,False,,,,,,,,,,False,False
/graphic/imageclip.narc,/graphic/imageclip.narc!/member_00223,0,/graphic/imageclip.narc,288,223,,231628,232204,229688,230264,576,5809e814a225e71c1e6fd2e191ae18e4b0351c6be634bfe43094ad2db541bf42,5247434efffe01014002000010000200,,NCGR graphics,Confirmed,True,False,,,,,,,,,,False,False
/graphic/imageclip.narc,/graphic/imageclip.narc!/member_00224,0,/graphic/imageclip.narc,288,224,,232204,235340,230264,233400,3136,986b2b6457df62b9d525e7cad899a4256b26eb7b3c87fb8a8992be3a5a768e92,5247434efffe0101400c000010000200,,NCGR graphics,Confirmed,True,False,,,,,,,,,,False,False
/graphic/imageclip.narc,/graphic/imageclip.narc!/member_00225,0,/graphic/imageclip.narc,288,225,,235340,235892,233400,233952,552,c6f8222c72acf5a5db941ab920dc57ea1bc63abe1cce50c0b33aebd5a4d26cc9,524c434efffe00012802000010000100,,NCLR palette,Confirmed,True,False,,,,,,,,,,False,False
/graphic/imageclip.narc,/graphic/imageclip.narc!/member_00226,0,/graphic/imageclip.narc,288,226,,235892,237464,233952,235524,1572,2de78606c8322f48ff8a59f2a8e16dca87e648b048fa57dff963a8f5ac064552,5243534efffe00012406000010000100,,NSCR screen map,Confirmed,True,False,,,,,,,,,,False,False
/graphic/imageclip.narc,/graphic/imageclip.narc!/member_00227,0,/graphic/imageclip.narc,288,227,,237464,237912,235524,235972,448,bcc001450f1705f4391274b492bf7bb99bfba86501cd96db401af9f6cfffc4a1,524e414efffe0001c001000010000300,,NANR animation,Confirmed,True,False,,,,,,,,,,False,False
/graphic/imageclip.narc,/graphic/imageclip.narc!/member_00228,0,/graphic/imageclip.narc,288,228,,237912,238220,235972,236280,308,1c1b2267a0a376cbc7a39f748fa4ee7abfc3fb5448cde65105ef4719e50c4057,5245434efffe00013401000010000300,,NCER cell,Confirmed,True,False,,,,,,,,,,False,False
/graphic/imageclip.narc,/graphic/imageclip.narc!/member_00229,0,/graphic/imageclip.narc,288,229,,238220,243388,236280,241448,5168,44e8dacb5ce892daea53aa44dcbbb43bfaa54314be6f74243755e70fc9ee8360,5247434efffe01013014000010000100,,NCGR graphics,Confirmed,True,False,,,,,,,,,,False,False
/graphic/imageclip.narc,/graphic/imageclip.narc!/member_00230,0,/graphic/imageclip.narc,288,230,,243388,243940,241448,242000,552,aa802b4daa6add0cd110b312ef8a96d6cd43274eba5415a8e24716ee3d9e2da7,524c434efffe00012802000010000100,,NCLR palette,Confirmed,True,False,,,,,,,,,,False,False
/graphic/imageclip.narc,/graphic/imageclip.narc!/member_00231,0,/graphic/imageclip.narc,288,231,,243940,244252,242000,242312,312,5db0617a899dbe5cb4a02f77638d26c72ef89b15550b465b60e79301d5c48eb6,524e414efffe00013801000010000300,,NANR animation,Confirmed,True,False,,,,,,,,,,False,False
/graphic/imageclip.narc,/graphic/imageclip.narc!/member_00232,0,/graphic/imageclip.narc,288,232,,244252,244852,242312,242912,600,e9282bb21136ca9a29ab1a790628e1b5e72157d144d0b98a29d2c662f97499bd,5245434efffe00015802000010000300,,NCER cell,Confirmed,True,False,,,,,,,,,,False,False
/graphic/imageclip.narc,/graphic/imageclip.narc!/member_00233,0,/graphic/imageclip.narc,288,233,,244852,254884,242912,252944,10032,a5ff94596637ad5e84bb0654087adc9cff5e3e27395a02c785ab62362911e713,5247434efffe01013027000010000100,,NCGR graphics,Confirmed,True,False,,,,,,,,,,False,False
/graphic/imageclip.narc,/graphic/imageclip.narc!/member_00234,0,/graphic/imageclip.narc,288,234,,254884,255436,252944,253496,552,b615aa14ae36ecb7337e31d200c2904fbce2d876c3b90fcb3b9b8bcb386a3048,524c434efffe00012802000010000100,,NCLR palette,Confirmed,True,False,,,,,,,,,,False,False
/graphic/imageclip.narc,/graphic/imageclip.narc!/member_00235,0,/graphic/imageclip.narc,288,235,,255436,255536,253496,253596,100,57e55df988a9a31a68f15918fe4b33bd86bc7dfe7e7202a39e4d7dea98681369,00000101000202020101000000000102,,,,,False,,,,,,,,,,False,False
/graphic/mail_gra.narc,/graphic/mail_gra.narc!/member_00000,0,/graphic/mail_gra.narc,289,0,,348,540,0,192,192,b658b2b959b111495d00f6f7e5e0661cd2091affd285325534d524ae20c3204d,524c434efffe0001c000000010000200,,NCLR palette,Confirmed,True,False,,,,,,,,,,False,False
/graphic/mail_gra.narc,/graphic/mail_gra.narc!/member_00001,0,/graphic/mail_gra.narc,289,1,,540,732,192,384,192,ffecea5074c1268acf319d1048ec00ed293bfdc446198737120fa7084e0f5f65,524c434efffe0001c000000010000200,,NCLR palette,Confirmed,True,False,,,,,,,,,,False,False
/graphic/mail_gra.narc,/graphic/mail_gra.narc!/member_00002,0,/graphic/mail_gra.narc,289,2,,732,924,384,576,192,fcb2ce310baaee7b4fd9eac9195ec4a5d5ee164f2931ef1c44f6e542defeba84,524c434efffe0001c000000010000200,,NCLR palette,Confirmed,True,False,,,,,,,,,,False,False
/graphic/mail_gra.narc,/graphic/mail_gra.narc!/member_00003,0,/graphic/mail_gra.narc,289,3,,924,1116,576,768,192,c122d4b209a315ce424ef7f1be87fca0545e002e4636ab00d63424905da1d61c,524c434efffe0001c000000010000200,,NCLR palette,Confirmed,True,False,,,,,,,,,,False,False
/graphic/mail_gra.narc,/graphic/mail_gra.narc!/member_00004,0,/graphic/mail_gra.narc,289,4,,1116,1308,768,960,192,01005433bf0d39b102fe6026fc5329f6a9983d554af554046efa2d5f7a4415d3,524c434efffe0001c000000010000200,,NCLR palette,Confirmed,True,False,,,,,,,,,,False,False
/graphic/mail_gra.narc,/graphic/mail_gra.narc!/member_00005,0,/graphic/mail_gra.narc,289,5,,1308,1500,960,1152,192,45da50b99b2015dda52815a7e0ca9128e4e5f28ac10188e9ca511c01cefa8ddc,524c434efffe0001c000000010000200,,NCLR palette,Confirmed,True,False,,,,,,,,,,False,False
/graphic/mail_gra.narc,/graphic/mail_gra.narc!/member_00006,0,/graphic/mail_gra.narc,289,6,,1500,1692,1152,1344,192,62c8ccdb0463c286a31b9b5f9c2b4983648d5804a4d22fa5984aafe9c98719a7,524c434efffe0001c000000010000200,,NCLR palette,Confirmed,True,False,,,,,,,,,,False,False
/graphic/mail_gra.narc,/graphic/mail_gra.narc!/member_00007,0,/graphic/mail_gra.narc,289,7,,1692,1884,1344,1536,192,3146e4081d258fca2e2a972e4d9d775976aaa64a7851b1e8e156eb0d781db524,524c434efffe0001c000000010000200,,NCLR palette,Confirmed,True,False,,,,,,,,,,False,False
/graphic/mail_gra.narc,/graphic/mail_gra.narc!/member_00008,0,/graphic/mail_gra.narc,289,8,,1884,2076,1536,1728,192,ca91d13b26b1da9e9f8535d08d5fa05f9f3090f5f844684eab343788f9523889,524c434efffe0001c000000010000200,,NCLR palette,Confirmed,True,False,,,,,,,,,,False,False
/graphic/mail_gra.narc,/graphic/mail_gra.narc!/member_00009,0,/graphic/mail_gra.narc,289,9,,2076,2268,1728,1920,192,0c1132de478cd758177386950d484855b7feda47a6936c5aa17e4e5fb80a7461,524c434efffe0001c000000010000200,,NCLR palette,Confirmed,True,False,,,,,,,,,,False,False
/graphic/mail_gra.narc,/graphic/mail_gra.narc!/member_00010,0,/graphic/mail_gra.narc,289,10,,2268,2460,1920,2112,192,29f4f9d90118aaf33a945b9b58b774f7fd25bc833d498a1ace91028490e0bb79,524c434efffe0001c000000010000200,,NCLR palette,Confirmed,True,False,,,,,,,,,,False,False
/graphic/mail_gra.narc,/graphic/mail_gra.narc!/member_00011,0,/graphic/mail_gra.narc,289,11,,2460,2652,2112,2304,192,3a7cf9c50cb3023540aa57072724f48a3773c325f6fa6cfdac0c4ba7bfc4359b,524c434efffe0001c000000010000200,,NCLR palette,Confirmed,True,False,,,,,,,,,,False,False
/graphic/mail_gra.narc,/graphic/mail_gra.narc!/member_00012,0,/graphic/mail_gra.narc,289,12,,2652,18076,2304,17728,15424,725dbb026ca0f86a0a2605cad151d21b8aad8778a8e57484b7fa9d1680536133,5247434efffe0101403c000010000200,,NCGR graphics,Confirmed,True,False,,,,,,,,,,False,False
/graphic/mail_gra.narc,/graphic/mail_gra.narc!/member_00013,0,/graphic/mail_gra.narc,289,13,,18076,21212,17728,20864,3136,516392055adf9ab530c4b80c5ae3ab63c612dd382d84daa58081c6e56b1c1843,5247434efffe0101400c000010000200,,NCGR graphics,Confirmed,True,False,,,,,,,,,,False,False
/graphic/mail_gra.narc,/graphic/mail_gra.narc!/member_00014,0,/graphic/mail_gra.narc,289,14,,21212,24348,20864,24000,3136,05b8318912326c2bfc0595958b319f22efe09ca16dbbd91292c1ec5695e36b2a,5247434efffe0101400c000010000200,,NCGR graphics,Confirmed,True,False,,,,,,,,,,False,False
/graphic/mail_gra.narc,/graphic/mail_gra.narc!/member_00015,0,/graphic/mail_gra.narc,289,15,,24348,35676,24000,35328,11328,a1201d5955c4afb8d1e3588aabd71ad3cb3ab6461ca38db445d8428728f64d3d,5247434efffe0101402c000010000200,,NCGR graphics,Confirmed,True,False,,,,,,,,,,False,False
/graphic/mail_gra.narc,/graphic/mail_gra.narc!/member_00016,0,/graphic/mail_gra.narc,289,16,,35676,48028,35328,47680,12352,4462037b644f05e70e482f01df0b4b0b41cb31a42b2cf43c91e5a00c3cd37135,5247434efffe01014030000010000200,,NCGR graphics,Confirmed,True,False,,,,,,,,,,False,False
/graphic/mail_gra.narc,/graphic/mail_gra.narc!/member_00017,0,/graphic/mail_gra.narc,289,17,,48028,51164,47680,50816,3136,05a738955ffbcadd50d89bec3109fbd86046528b2b5a7a8f356044912c00aa5e,5247434efffe0101400c000010000200,,NCGR graphics,Confirmed,True,False,,,,,,,,,,False,False
/graphic/mail_gra.narc,/graphic/mail_gra.narc!/member_00018,0,/graphic/mail_gra.narc,289,18,,51164,54300,50816,53952,3136,1d35b88d4d076baca379859078e13a4a929ab884fa157611f73aaa825851913f,5247434efffe0101400c000010000200,,NCGR graphics,Confirmed,True,False,,,,,,,,,,False,False
/graphic/mail_gra.narc,/graphic/mail_gra.narc!/member_00019,0,/graphic/mail_gra.narc,289,19,,54300,64604,53952,64256,10304,7fe2b382996f91e81f5d3bc0be9f9abbcfd0fa11a22d1370ab976c8327646ef7,5247434efffe01014028000010000200,,NCGR graphics,Confirmed,True,False,,,,,,,,,,False,False
/graphic/mail_gra.narc,/graphic/mail_gra.narc!/member_00020,0,/graphic/mail_gra.narc,289,20,,64604,74908,64256,74560,10304,82de09d3adb709ecf497bbedcb22c68c8821b2c4a0f367b94e21a7f4e7c43b04,5247434efffe01014028000010000200,,NCGR graphics,Confirmed,True,False,,,,,,,,,,False,False
/graphic/mail_gra.narc,/graphic/mail_gra.narc!/member_00021,0,/graphic/mail_gra.narc,289,21,,74908,79068,74560,78720,4160,bc2d7ec7c40bbcb1fa79fdd75c879efdb742dadc7a4cf26b21a4cde936def81b,5247434efffe01014010000010000200,,NCGR graphics,Confirmed,True,False,,,,,,,,,,False,False
/graphic/mail_gra.narc,/graphic/mail_gra.narc!/member_00022,0,/graphic/mail_gra.narc,289,22,,79068,83228,78720,82880,4160,f34e98750e72e506af9e8d3b1a37851bba91b64a9bd2aee812e5b06657ca9d75,5247434efffe01014010000010000200,,NCGR graphics,Confirmed,True,False,,,,,,,,,,False,False
/graphic/mail_gra.narc,/graphic/mail_gra.narc!/member_00023,0,/graphic/mail_gra.narc,289,23,,83228,86364,82880,86016,3136,0e9add582702dafe224c1bb10a7d34aec1d216f9080715dedb8a9e2ecf8e7c52,5247434efffe0101400c000010000200,,NCGR graphics,Confirmed,True,False,,,,,,,,,,False,False
/graphic/mail_gra.narc,/graphic/mail_gra.narc!/member_00024,0,/graphic/mail_gra.narc,289,24,,86364,87936,86016,87588,1572,deefd37470ea6cba1793d7bfc7f2c9d214922cc49d4be261ecc7e31c5e7ef912,5243534efffe00012406000010000100,,NSCR screen map,Confirmed,True,False,,,,,,,,,,False,False
/graphic/mail_gra.narc,/graphic/mail_gra.narc!/member_00025,0,/graphic/mail_gra.narc,289,25,,87936,89508,87588,89160,1572,71b1904416f9fc8c9a4a68fa2679067c4851765c38fcb8708d6b363d45f32468,5243534efffe00012406000010000100,,NSCR screen map,Confirmed,True,False,,,,,,,,,,False,False
/graphic/mail_gra.narc,/graphic/mail_gra.narc!/member_00026,0,/graphic/mail_gra.narc,289,26,,89508,91080,89160,90732,1572,73950c139472e9d16f2af520315a929895e8ab730b36318d6a7597241acfeeba,5243534efffe00012406000010000100,,NSCR screen map,Confirmed,True,False,,,,,,,,,,False,False
/graphic/mail_gra.narc,/graphic/mail_gra.narc!/member_00027,0,/graphic/mail_gra.narc,289,27,,91080,92652,90732,92304,1572,7d2376c92b7990339d11fab987538d36cf455b01c9e9877ca38de1e07ab14b62,5243534efffe00012406000010000100,,NSCR screen map,Confirmed,True,False,,,,,,,,,,False,False
/graphic/mail_gra.narc,/graphic/mail_gra.narc!/member_00028,0,/graphic/mail_gra.narc,289,28,,92652,94224,92304,93876,1572,54724c085386ad2d82a3db535c4864c10335ff9e03aedb425dcd3b982a88069e,5243534efffe00012406000010000100,,NSCR screen map,Confirmed,True,False,,,,,,,,,,False,False
/graphic/mail_gra.narc,/graphic/mail_gra.narc!/member_00029,0,/graphic/mail_gra.narc,289,29,,94224,95796,93876,95448,1572,e59b41949f2d8cc2448c0176358d509d96634ad3423a14b588cbae29bb8e2770,5243534efffe00012406000010000100,,NSCR screen map,Confirmed,True,False,,,,,,,,,,False,False
/graphic/mail_gra.narc,/graphic/mail_gra.narc!/member_00030,0,/graphic/mail_gra.narc,289,30,,95796,97368,95448,97020,1572,5a57f1e4b135011079a7c4007042b9b9ae519e3aa8852a48533490451ca97179,5243534efffe00012406000010000100,,NSCR screen map,Confirmed,True,False,,,,,,,,,,False,False
/graphic/mail_gra.narc,/graphic/mail_gra.narc!/member_00031,0,/graphic/mail_gra.narc,289,31,,97368,98940,97020,98592,1572,1c09ee3faa99a740ebf312e3de15aa181b9a9e6282210ba005563605835ccc88,5243534efffe00012406000010000100,,NSCR screen map,Confirmed,True,False,,,,,,,,,,False,False
/graphic/mail_gra.narc,/graphic/mail_gra.narc!/member_00032,0,/graphic/mail_gra.narc,289,32,,98940,100512,98592,100164,1572,6c87022c99cafb0f092f48b1e85d0025eaec0ee3d51461572713cc29bbb28412,5243534efffe00012406000010000100,,NSCR screen map,Confirmed,True,False,,,,,,,,,,False,False
/graphic/mail_gra.narc,/graphic/mail_gra.narc!/member_00033,0,/graphic/mail_gra.narc,289,33,,100512,102084,100164,101736,1572,cc02090b3f2a346a02c8ed4b3b07e4a9ec19b9cba0d1fd62692523f0a68af192,5243534efffe00012406000010000100,,NSCR screen map,Confirmed,True,False,,,,,,,,,,False,False
/graphic/mail_gra.narc,/graphic/mail_gra.narc!/member_00034,0,/graphic/mail_gra.narc,289,34,,102084,103656,101736,103308,1572,5403b4f2dfeb42d264f47de131cb40198ad705099c6fc034185a4182df59ac44,5243534efffe00012406000010000100,,NSCR screen map,Confirmed,True,False,,,,,,,,,,False,False
/graphic/mail_gra.narc,/graphic/mail_gra.narc!/member_00035,0,/graphic/mail_gra.narc,289,35,,103656,105228,103308,104880,1572,2a4afcf0fcbe85ad484395d7d98aa9cd91093cdcd828412614621f28bd152ae9,5243534efffe00012406000010000100,,NSCR screen map,Confirmed,True,False,,,,,,,,,,False,False
/graphic/mail_gra.narc,/graphic/mail_gra.narc!/member_00036,0,/graphic/mail_gra.narc,289,36,,105228,106800,104880,106452,1572,9eaab60beb9edb4fc6268a1c39b10e81f01f3f8262751303e6bdfd3cbd82bb6b,5243534efffe00012406000010000100,,NSCR screen map,Confirmed,True,False,,,,,,,,,,False,False
/graphic/menu_gra.narc,/graphic/menu_gra.narc!/member_00000,0,/graphic/menu_gra.narc,290,0,,140,251,0,111,111,ca4fb76f05db368c396eb1886b1de7f86ac9d15577eac9a050aee2d0ddf7492b,524e414efffe00016f00000010000300,,NANR animation,Confirmed,True,False,,,,,,,,,,False,False
/graphic/menu_gra.narc,/graphic/menu_gra.narc!/member_00001,0,/graphic/menu_gra.narc,290,1,,252,371,112,231,119,e58aaaa43c0535dbb32a1bc7f86e776729bf04caab4842f97e8cf44c4260625a,5245434efffe00017700000010000300,,NCER cell,Confirmed,True,False,,,,,,,,,,False,False
/graphic/menu_gra.narc,/graphic/menu_gra.narc!/member_00002,0,/graphic/menu_gra.narc,290,2,,372,1956,232,1816,1584,30ad3f8892f8240b272ffa7a4f3b11333db8e9bf034ad9372cc88e7fd24868f2,5247434efffe01013006000010000100,,NCGR graphics,Confirmed,True,False,,,,,,,,,,False,False
/graphic/menu_gra.narc,/graphic/menu_gra.narc!/member_00003,0,/graphic/menu_gra.narc,290,3,,1956,5724,1816,5584,3768,56fbd8726e154ce66074d632ceffa46c4052b6ec3062477debcc1c172ab8094e,524e414efffe0001b80e000010000300,,NANR animation,Confirmed,True,False,,,,,,,,,,False,False
/graphic/menu_gra.narc,/graphic/menu_gra.narc!/member_00004,0,/graphic/menu_gra.narc,290,4,,5724,6312,5584,6172,588,9627b0f87414993dee919716a5e75ebfff47e0dc7824be2878775d719d2fe5c6,5245434efffe00014c02000010000300,,NCER cell,Confirmed,True,False,,,,,,,,,,False,False
/graphic/menu_gra.narc,/graphic/menu_gra.narc!/member_00005,0,/graphic/menu_gra.narc,290,5,,6312,6864,6172,6724,552,154282cb9510bef0e562f1ab0be0dcd9f5d2e31623a5b743a9c14424d4e5c0a7,524c434efffe00012802000010000100,,NCLR palette,Confirmed,True,False,,,,,,,,,,False,False
/graphic/menu_gra.narc,/graphic/menu_gra.narc!/member_00006,0,/graphic/menu_gra.narc,290,6,,6864,12032,6724,11892,5168,b71c0824402e4f75c3cfa0b2eeb02ff978b8f1025054bef7727f496aa6557b88,5247434efffe01013014000010000100,,NCGR graphics,Confirmed,True,False,,,,,,,,,,False,False
/graphic/menu_gra.narc,/graphic/menu_gra.narc!/member_00007,0,/graphic/menu_gra.narc,290,7,,12032,14690,11892,14550,2658,ef1fdf59ee5717570f86404c8ebfc21834d18a754851a7d69d20bd942b2f008c,524e414efffe0001620a000010000300,,NANR animation,Confirmed,True,False,,,,,,,,,,False,False
/graphic/menu_gra.narc,/graphic/menu_gra.narc!/member_00008,0,/graphic/menu_gra.narc,290,8,,14692,15126,14552,14986,434,2f5fc6865f53abe35d06093e0918a70db9d8a64151d30bd9f1b0fafe09c5b78a,5245434efffe0001b201000010000300,,NCER cell,Confirmed,True,False,,,,,,,,,,False,False
/graphic/menu_gra.narc,/graphic/menu_gra.narc!/member_00009,0,/graphic/menu_gra.narc,290,9,,15128,15680,14988,15540,552,73a9f82997097f9888c2c1ccc11dba0281f14874602c9e3d81113861eae208be,524c434efffe00012802000010000100,,NCLR palette,Confirmed,True,False,,,,,,,,,,False,False
/graphic/menu_gra.narc,/graphic/menu_gra.narc!/member_00010,0,/graphic/menu_gra.narc,290,10,,15680,19312,15540,19172,3632,8c33ec5311cb27a0733abd5bbb148f61213d90eb98c9f65f4677d83c7bd782f7,5247434efffe0101300e000010000100,,NCGR graphics,Confirmed,True,False,,,,,,,,,,False,False
/graphic/mysign.narc,/graphic/mysign.narc!/member_00000,0,/graphic/mysign.narc,291,0,,132,684,0,552,552,6311837c4d15f3c41f0afdfefa0673c9b58849b96e33b15ddcb67d2bea8453db,524c434efffe00012802000010000100,,NCLR palette,Confirmed,True,False,,,,,,,,,,False,False
/graphic/mysign.narc,/graphic/mysign.narc!/member_00001,0,/graphic/mysign.narc,291,1,,684,1236,552,1104,552,cfba58586fad8e816557e947b769e4bef503b4630b68cfc35ae2a241dfa4bce0,524c434efffe00012802000010000100,,NCLR palette,Confirmed,True,False,,,,,,,,,,False,False
/graphic/mysign.narc,/graphic/mysign.narc!/member_00002,0,/graphic/mysign.narc,291,2,,1236,1788,1104,1656,552,d70086ce86445ccb03a13ab5e6942dd7b5d354a5748ab445b9957fb006ad78bb,524c434efffe00012802000010000100,,NCLR palette,Confirmed,True,False,,,,,,,,,,False,False
/graphic/mysign.narc,/graphic/mysign.narc!/member_00003,0,/graphic/mysign.narc,291,3,,1788,2101,1656,1969,313,b1d9e84787affced0ee0b1fe8ab4af0ca47357966ca561232fc77783e29a0dbd,10400400005247434efffe0101004004,,Nintendo LZ10,Probable,,True,Nintendo LZ10,Confirmed,True,1088,True,1088,5d4ec9401a9d0efd0a7f41d4e23bbec67846d4618d0f2a6c8e931dd0f85dd23e,NCGR graphics,Confirmed,False,False
/graphic/mysign.narc,/graphic/mysign.narc!/member_00004,0,/graphic/mysign.narc,291,4,,2104,2552,1972,2420,448,24a1d5e6f22cd1133ce4f661e989ea004c369a58a6244663cc26c1236e487cb2,10000700005247434efffe0101000007,,Nintendo LZ10,Probable,,True,Nintendo LZ10,Confirmed,True,1792,True,1792,5b1ffec39b25592024c3f82804f3e7de4021e66f038b6c91743b0458d5c0542a,NCGR graphics,Confirmed,False,False
/graphic/mysign.narc,/graphic/mysign.narc!/member_00005,0,/graphic/mysign.narc,291,5,,2552,2865,2420,2733,313,e5437fdeb7c078f68729a29de21f994024224b5a5fe9bc0077f7a94e161263f4,10240600005243534efffe0001002406,,Nintendo LZ10,Probable,,True,Nintendo LZ10,Confirmed,True,1572,True,1572,a5c0ede8d70bc81107ed5c5ddc64ebfed79697da82cefb19d61a27cf49ebcae9,NSCR screen map,Confirmed,False,False
/graphic/mysign.narc,/graphic/mysign.narc!/member_00006,0,/graphic/mysign.narc,291,6,,2868,3091,2736,2959,223,2d0930aeca5d436df1be73fbe166e7502711fcd839f57441b18ccc92d5c695d9,10240600005243534efffe0001002406,,Nintendo LZ10,Probable,,True,Nintendo LZ10,Confirmed,True,1572,True,1572,0d37e359bc7e5140516c96ccadcb8043a309155883902b08d18928f8dd34c8e2,NSCR screen map,Confirmed,False,False
/graphic/mysign.narc,/graphic/mysign.narc!/member_00007,0,/graphic/mysign.narc,291,7,,3092,3984,2960,3852,892,5103fbc20ff8d2ca4af39799a5d36a28e96a5bb5dcb9fd595405daa5af3588fc,10701600005247434efffe0101007016,,Nintendo LZ10,Probable,,True,Nintendo LZ10,Confirmed,True,5744,True,5744,9564ca636eb9833684e74f2e34a57ece89f3ae684d4e5ed14f8cc66f7fe3b00b,NCGR graphics,Confirmed,False,False
/graphic/mysign.narc,/graphic/mysign.narc!/member_00008,0,/graphic/mysign.narc,291,8,,3984,4160,3852,4028,176,a1782544a1b51ebf7f61d843d53ea014e84c1731e79ea6721521b755ab75e55e,10f80000005245434efffe000100f800,,Nintendo LZ10,Probable,,True,Nintendo LZ10,Confirmed,True,248,True,248,b5b35550b4176634071f9d2a2545b3aa5aee2f3ee94d185582264f719e1f2e4d,NCER cell,Confirmed,False,False
/graphic/mysign.narc,/graphic/mysign.narc!/member_00009,0,/graphic/mysign.narc,291,9,,4160,4280,4028,4148,120,de183281eec7e443840e4e31ac38d9d298d3c1af4bb61726013c1e90f43f76be,10b8000000524e414efffe000100b800,,Nintendo LZ10,Probable,,True,Nintendo LZ10,Confirmed,True,184,True,184,26c53872824820490fdc4e72ac8aafec20c0ec42effe74738666c2203a56cc96,NANR animation,Confirmed,False,False
/graphic/mystery.narc,/graphic/mystery.narc!/member_00000,0,/graphic/mystery.narc,292,0,,388,940,0,552,552,bbfc4e8cd06231f8323baedf9124e290a59bf3acb34667b7d173f4945fe73ec2,524c434efffe00012802000010000100,,NCLR palette,Confirmed,True,False,,,,,,,,,,False,False
/graphic/mystery.narc,/graphic/mystery.narc!/member_00001,0,/graphic/mystery.narc,292,1,,940,1009,552,621,69,c232294c6834a6b9160577223c097532bf426f46528d6a3ef680f37dd522c7cd,10800000005247434efffe0101008000,,Nintendo LZ10,Probable,,True,Nintendo LZ10,Confirmed,True,128,True,128,d3400a0b16b64d8d1befdbc9cefdb4e41e0ba3923d0f7b8af91458ea873d8d8c,NCGR graphics,Confirmed,False,False
/graphic/mystery.narc,/graphic/mystery.narc!/member_00002,0,/graphic/mystery.narc,292,2,,1012,1297,624,909,285,d1d2cf3d481f5ac0a443df5414c141283909e4ff1c7101d135763b48f5fc3ff4,10240800005243534efffe0001002408,,Nintendo LZ10,Probable,,True,Nintendo LZ10,Confirmed,True,2084,True,2084,581fd7db23151e0f0a1ee4f5b095c7e70a439169bd3f177832c0fcd273a5e9ce,NSCR screen map,Confirmed,False,False
/graphic/mystery.narc,/graphic/mystery.narc!/member_00003,0,/graphic/mystery.narc,292,3,,1300,1852,912,1464,552,07b86b08b1314d475a93a7afbb96457fc6920034b1704d0b544d6777af74334a,524c434efffe00012802000010000100,,NCLR palette,Confirmed,True,False,,,,,,,,,,False,False
/graphic/mystery.narc,/graphic/mystery.narc!/member_00004,0,/graphic/mystery.narc,292,4,,1852,2648,1464,2260,796,9a0b897cd709f4db26ef92daaa41380b6bff38b2c9c6bf7a0d422bb91d2d7507,10240800005243534efffe0001002408,,Nintendo LZ10,Probable,,True,Nintendo LZ10,Confirmed,True,2084,True,2084,f63217c5b67bce56c010972bbe44b776d55783c0e783640d96b537b5099373d4,NSCR screen map,Confirmed,False,False
/graphic/mystery.narc,/graphic/mystery.narc!/member_00005,0,/graphic/mystery.narc,292,5,,2648,3326,2260,2938,678,b5c520194c681100ed59086e1e4cd2afe5ab5b3668b9ebda64093181db6d5fd4,10240800005243534efffe0001002408,,Nintendo LZ10,Probable,,True,Nintendo LZ10,Confirmed,True,2084,True,2084,440f13e3d4afb7e2bbc39fd4a046d6e400e1b15327a72d3644f129ec433abef4,NSCR screen map,Confirmed,False,False
/graphic/mystery.narc,/graphic/mystery.narc!/member_00006,0,/graphic/mystery.narc,292,6,,3328,6630,2940,6242,3302,566a4aded846bfec78724ce4780ed125f233f87bf0a500a400faafe7d2a731ed,10403000005247434efffe0101004030,,Nintendo LZ10,Probable,,True,Nintendo LZ10,Confirmed,True,12352,True,12352,3efb72ee578ae9f6effb4eb8b4ab7ceedfe31aa1293a15afd37438c6e83ccc80,NCGR graphics,Confirmed,False,False
/graphic/mystery.narc,/graphic/mystery.narc!/member_00007,0,/graphic/mystery.narc,292,7,,6632,7184,6244,6796,552,6e84c0819e5d0725f17042ed3011b714f4ec6dd0d8bad6876a080cfbf1fd3c6a,524c434efffe00012802000010000100,,NCLR palette,Confirmed,True,False,,,,,,,,,,False,False
/graphic/mystery.narc,/graphic/mystery.narc!/member_00008,0,/graphic/mystery.narc,292,8,,7184,7317,6796,6929,133,0f56b3a4ce8c30f9104682d5034d13826199c8d497fa7fd051ff5eb2cd09cba2,10c0000000524e414efffe000100c000,,Nintendo LZ10,Probable,,True,Nintendo LZ10,Confirmed,True,192,True,192,1c86f62f2a8c9f0b536eeaa9aae774c94c2ba863415802cb5f74ccee83b01b49,NANR animation,Confirmed,False,False
/graphic/mystery.narc,/graphic/mystery.narc!/member_00009,0,/graphic/mystery.narc,292,9,,7320,7467,6932,7079,147,632f9cc85d7e881d72dcde542cc4ca03969c914a62b21d6a1ca919eceaabdbcc,10d80000005245434efffe000100d800,,Nintendo LZ10,Probable,,True,Nintendo LZ10,Confirmed,True,216,True,216,d44586752b3db607ebff1c3312a98c4714a7f8304e0b578c45ca85bf2293cfd3,NCER cell,Confirmed,False,False
/graphic/mystery.narc,/graphic/mystery.narc!/member_00010,0,/graphic/mystery.narc,292,10,,7468,7696,7080,7308,228,84788e80b0d5dc5b4898330242e3ce37c183d23d0486f20a52d98ed96ecf8232,10300300005247434efffe0101003003,,Nintendo LZ10,Probable,,True,Nintendo LZ10,Confirmed,True,816,True,816,64c8a2974ad62bcb7eefd60a06f229cfffcee30016affb85fb98ba3243b80c1b,NCGR graphics,Confirmed,False,False
/graphic/mystery.narc,/graphic/mystery.narc!/member_00011,0,/graphic/mystery.narc,292,11,,7696,8248,7308,7860,552,c8861361217f7b37b15967639f97c50e54106fa4b042e398a761f544bf06f740,524c434efffe00012802000010000100,,NCLR palette,Confirmed,True,False,,,,,,,,,,False,False
/graphic/mystery.narc,/graphic/mystery.narc!/member_00012,0,/graphic/mystery.narc,292,12,,8248,8800,7860,8412,552,b08ec24fbf3e4958a3b02228c7bf92cf8fefad00655dc79a7168b0fce2c0648c,524c434efffe00012802000010000100,,NCLR palette,Confirmed,True,False,,,,,,,,,,False,False
/graphic/mystery.narc,/graphic/mystery.narc!/member_00013,0,/graphic/mystery.narc,292,13,,8800,8905,8412,8517,105,676ddee4c79ad4a9ade301a114cb1a1d62e65182576705bf2008901e4ca1303b,1098000000524e414efffe0001009800,,Nintendo LZ10,Probable,,True,Nintendo LZ10,Confirmed,True,152,True,152,fecd4a45f9f9c33f5bafff7e4c022095a6f09bbd148fd26754f429126fb693e8,NANR animation,Confirmed,False,False
/graphic/mystery.narc,/graphic/mystery.narc!/member_00014,0,/graphic/mystery.narc,292,14,,8908,9009,8520,8621,101,db4ae5bfbeac9c5753ab9498305ca8fb284096c0a54f02904cda4727a9c70ffc,10880000005245434efffe0001008800,,Nintendo LZ10,Probable,,True,Nintendo LZ10,Confirmed,True,136,True,136,87487cf6b2948eb6066a734d1c8bae43dc91c35d9e44f68e637a57afd1ece2b6,NCER cell,Confirmed,False,False
/graphic/mystery.narc,/graphic/mystery.narc!/member_00015,0,/graphic/mystery.narc,292,15,,9012,9494,8624,9106,482,d003af020ad7b40cee3a1afad1b7d908460782edde9b4510b96ad1348c6246cf,10300a00005247434efffe010100300a,,Nintendo LZ10,Probable,,True,Nintendo LZ10,Confirmed,True,2608,True,2608,a3a9ae79aa8dbb0d160dc2a22843ee822b00c1b47c014a1a47d9d44d4faf5313,NCGR graphics,Confirmed,False,False
/graphic/mystery.narc,/graphic/mystery.narc!/member_00016,0,/graphic/mystery.narc,292,16,,9496,10048,9108,9660,552,b870238caec840e10dbc9c4a3d002a4d8fe8f2b3f435634af6ab8a4d5a30682f,524c434efffe00012802000010000100,,NCLR palette,Confirmed,True,False,,,,,,,,,,False,False
/graphic/mystery.narc,/graphic/mystery.narc!/member_00017,0,/graphic/mystery.narc,292,17,,10048,10873,9660,10485,825,2878bb10abe068909399bb514f7aa2fbcfd7e099984883e69ffe3c9987f968fd,10400c00005247434efffe010100400c,,Nintendo LZ10,Probable,,True,Nintendo LZ10,Confirmed,True,3136,True,3136,4d47113bf3f1232f7e9509063e91ee336aeb9465988c7ae6f2b6eb1143b1a8a7,NCGR graphics,Confirmed,False,False
/graphic/mystery.narc,/graphic/mystery.narc!/member_00018,0,/graphic/mystery.narc,292,18,,10876,11351,10488,10963,475,986d7b1f90cf7cf3e2fa6d7d81d92569c24889e03b69f39bf129f30e567a8cd7,10240600005243534efffe0001002406,,Nintendo LZ10,Probable,,True,Nintendo LZ10,Confirmed,True,1572,True,1572,c87d5e74da40d4d07cfb1e022f94b9638804c9ffb5e001a6f162aa4d137f2810,NSCR screen map,Confirmed,False,False
/graphic/mystery.narc,/graphic/mystery.narc!/member_00019,0,/graphic/mystery.narc,292,19,,11352,11904,10964,11516,552,239b33996d310539d6f318938538093e70b938b5fce3e1e8724a20d85ccd7bd0,524c434efffe00012802000010000100,,NCLR palette,Confirmed,True,False,,,,,,,,,,False,False
/graphic/mystery.narc,/graphic/mystery.narc!/member_00020,0,/graphic/mystery.narc,292,20,,11904,12283,11516,11895,379,2328f81c1d882f6925b4e163f4d66ae3760acd2ec28e2659a1031f271c0348c4,10240600005243534efffe0001002406,,Nintendo LZ10,Probable,,True,Nintendo LZ10,Confirmed,True,1572,True,1572,31d856b8c8dc6026e7c14e8200e13e6b6164d81a0e342cea3c3ff06539245ad8,NSCR screen map,Confirmed,False,False
/graphic/mystery.narc,/graphic/mystery.narc!/member_00021,0,/graphic/mystery.narc,292,21,,12284,12540,11896,12152,256,ee692f9029081cfc8823298ba23380515cb9061709cc1b131fb0876efd2ea506,10240600005243534efffe0001002406,,Nintendo LZ10,Probable,,True,Nintendo LZ10,Confirmed,True,1572,True,1572,198ece53263f3d261d4dc7be1cf837b569c16a560f8c74ffb43f62bcea753c07,NSCR screen map,Confirmed,False,False
/graphic/mystery.narc,/graphic/mystery.narc!/member_00022,0,/graphic/mystery.narc,292,22,,12540,13583,12152,13195,1043,c860297303c2d8141e5e6bfbf21801648baa1d96876138572db57cd8ceda3d27,10401400005247434efffe0101004014,,Nintendo LZ10,Probable,,True,Nintendo LZ10,Confirmed,True,5184,True,5184,32552e074b2510a7b0bafcce16885c0bb6851cbbcc54d00e382cc5114fbc96d8,NCGR graphics,Confirmed,False,False
/graphic/mystery.narc,/graphic/mystery.narc!/member_00023,0,/graphic/mystery.narc,292,23,,13584,14136,13196,13748,552,17fab7cf76444c1caf3786462a14ca502a1df88a940076a2b9fb7cb857702a3a,524c434efffe00012802000010000100,,NCLR palette,Confirmed,True,False,,,,,,,,,,False,False
/graphic/mystery.narc,/graphic/mystery.narc!/member_00024,0,/graphic/mystery.narc,292,24,,14136,14931,13748,14543,795,9b8d998153ffb62086f5a700817baa689d0cf0a77c0bce567ae797658b1b8f23,1072070000524e414efffe0001007207,,Nintendo LZ10,Probable,,True,Nintendo LZ10,Confirmed,True,1906,True,1906,e473a6a552df8f4e5b8232985cf0fbae4d223e912062eb5249520307c11e6aef,NANR animation,Confirmed,False,False
/graphic/mystery.narc,/graphic/mystery.narc!/member_00025,0,/graphic/mystery.narc,292,25,,14932,15680,14544,15292,748,1ba396a997e997cfd5f6de70b5c858b1c6ff5b3082bc3c3a41f41bc24c518f80,10f60500005245434efffe000100f605,,Nintendo LZ10,Probable,,True,Nintendo LZ10,Confirmed,True,1526,True,1526,bbc128a8044f9dda6ef58c29e836a346fe4f089de1fe76b69782630251853e58,NCER cell,Confirmed,False,False
/graphic/mystery.narc,/graphic/mystery.narc!/member_00026,0,/graphic/mystery.narc,292,26,,15680,18766,15292,18378,3086,e1b13f8a79ad66f3a98512593c56cfb770875d5f89fa805b5fae39be2c155d3b,10d04800005247434efffe010100d048,,Nintendo LZ10,Probable,,True,Nintendo LZ10,Confirmed,True,18640,True,18640,a2cae5ed4e0615f953a38cb3ba59ef73dbc9439945d2ba760b553b13a0614a0b,NCGR graphics,Confirmed,False,False
/graphic/mystery.narc,/graphic/mystery.narc!/member_00027,0,/graphic/mystery.narc,292,27,,18768,19178,18380,18790,410,906801d189556888ffe44cb772a53bbbde317697b77d9cfd5d030acaf3557795,10400800005247434efffe0101004008,,Nintendo LZ10,Probable,,True,Nintendo LZ10,Confirmed,True,2112,True,2112,ceae2a4ea8b408c3870d244c30e539ab0637a83eb8fcf24292a955ee66c6b924,NCGR graphics,Confirmed,False,False
/graphic/mystery.narc,/graphic/mystery.narc!/member_00028,0,/graphic/mystery.narc,292,28,,19180,19639,18792,19251,459,1b09a7e3a91ebec29b4f3da6c1e64c09e01eb52222c088208d4a82f9b8cb6e52,10240600005243534efffe0001002406,,Nintendo LZ10,Probable,,True,Nintendo LZ10,Confirmed,True,1572,True,1572,ad8d30ad37c559375e70948c6f2c078ac3998a8cc16ebe40e5b33febb37ebb9f,NSCR screen map,Confirmed,False,False
/graphic/mystery.narc,/graphic/mystery.narc!/member_00029,0,/graphic/mystery.narc,292,29,,19640,20192,19252,19804,552,0e34cafde29f3175e5554daaf09dcfc4b71dff5c3ed35635b6d30e9212592d14,524c434efffe00012802000010000100,,NCLR palette,Confirmed,True,False,,,,,,,,,,False,False
/graphic/mystery.narc,/graphic/mystery.narc!/member_00030,0,/graphic/mystery.narc,292,30,,20192,24570,19804,24182,4378,141089102124666a0b15806da734a7113d602658ddeeb0dec4c472190b6a1e34,10408000005247434efffe0101004080,,Nintendo LZ10,Probable,,True,Nintendo LZ10,Confirmed,True,32832,True,32832,2864cd9705bdd734fed2a53b04ad1585f5e8ebc9ad7452aadb52e95872f71f8f,NCGR graphics,Confirmed,False,False
/graphic/mystery.narc,/graphic/mystery.narc!/member_00031,0,/graphic/mystery.narc,292,31,,24572,26122,24184,25734,1550,1e81fea706b934d3df9ba8d39aa3ac821fa18183c39009c081584115bc293f02,10242000005243534efffe0001002420,,Nintendo LZ10,Probable,,True,Nintendo LZ10,Confirmed,True,8228,True,8228,62ff00bef0b004a1ae3ab08fad28d11e3d805a04d1fa86e7266fb7286edd685a,NSCR screen map,Confirmed,False,False
/graphic/mystery.narc,/graphic/mystery.narc!/member_00032,0,/graphic/mystery.narc,292,32,,26124,26676,25736,26288,552,7d9f5b9831c969ddeb8620349d20c64cc7ac324a8fc6a82796c17a58e8f1669d,524c434efffe00012802000010000100,,NCLR palette,Confirmed,True,False,,,,,,,,,,False,False
/graphic/mystery.narc,/graphic/mystery.narc!/member_00033,0,/graphic/mystery.narc,292,33,,26676,26765,26288,26377,89,a0b2f2d152c11df428055b6857537241ba3f6eb3d577800c235d80e407b8452e,106f000000524e414efffe0001006f00,,Nintendo LZ10,Probable,,True,Nintendo LZ10,Confirmed,True,111,True,111,30249884bd91f10bc9d4e13e7b1495f09991b6f488405a0cdbb61cfb402d10ca,NANR animation,Confirmed,False,False
/graphic/mystery.narc,/graphic/mystery.narc!/member_00034,0,/graphic/mystery.narc,292,34,,26768,26847,26380,26459,79,fff368ad8fbff9060f64adcfbcdf460b6c61a3026312e8e8d6dd60b5889d3763,10630000005245434efffe0001006300,,Nintendo LZ10,Probable,,True,Nintendo LZ10,Confirmed,True,99,True,99,247043d90eb019110e5ade6422db54b50da2fced27e618b42fec61a5aab684fa,NCER cell,Confirmed,False,False
/graphic/mystery.narc,/graphic/mystery.narc!/member_00035,0,/graphic/mystery.narc,292,35,,26848,27224,26460,26836,376,dc57034c09bf4faddfebdb2510ed0709e1247eac8a9906b3974545edf87b683e,10300200005247434efffe0101003002,,Nintendo LZ10,Probable,,True,Nintendo LZ10,Confirmed,True,560,True,560,aaf635a84b66bf15a74ce063825cb98781a00cf5bc6110982485d6d3bb264059,NCGR graphics,Confirmed,False,False
/graphic/mystery.narc,/graphic/mystery.narc!/member_00036,0,/graphic/mystery.narc,292,36,,27224,27776,26836,27388,552,bf276a9e312f81a3be230ccd5e7d3662c8b1ab55321f85251d83ebb58c7036fe,524c434efffe00012802000010000100,,NCLR palette,Confirmed,True,False,,,,,,,,,,False,False
/graphic/mystery.narc,/graphic/mystery.narc!/member_00037,0,/graphic/mystery.narc,292,37,,27776,27956,27388,27568,180,70f8b951d6d68be84961f57b93d3ba62822a60f6e59750ec598239952d2c752e,1052010000524e414efffe0001005201,,Nintendo LZ10,Probable,,True,Nintendo LZ10,Confirmed,True,338,True,338,cfb7f28d27229bc5a050b47a1c83f6d3c418a0283664a40aa9526642f929c063,NANR animation,Confirmed,False,False
/graphic/mystery.narc,/graphic/mystery.narc!/member_00038,0,/graphic/mystery.narc,292,38,,27956,28047,27568,27659,91,4c5e9c8cd4c920ab9114b0b9dfe79cc3a01ea3e0199744bf65e7b48ed8e1e876,107e0000005245434efffe0001007e00,,Nintendo LZ10,Probable,,True,Nintendo LZ10,Confirmed,True,126,True,126,402a8f6784f394d9f06e9da8221226e07dd79ed2422a0ac023e1e368eb885ab5,NCER cell,Confirmed,False,False
/graphic/mystery.narc,/graphic/mystery.narc!/member_00039,0,/graphic/mystery.narc,292,39,,28048,28252,27660,27864,204,e6cf77a941dbc71d2302f4e1e5a96acff650c6e39dda8b5bf6b744addccc86ce,10300200005247434efffe0101003002,,Nintendo LZ10,Probable,,True,Nintendo LZ10,Confirmed,True,560,True,560,5b3c493e9c10496c1202c5d44be0d4359b1edd13f05556d37d30c2fac304b027,NCGR graphics,Confirmed,False,False
/graphic/mystery.narc,/graphic/mystery.narc!/member_00040,0,/graphic/mystery.narc,292,40,,28252,30364,27864,29976,2112,7e057960b9f4ccf8adbbc67ecac313b438c65adacdaaa049f886bbaf9f5f54b1,5247434efffe01014008000010000200,,NCGR graphics,Confirmed,True,False,,,,,,,,,,False,False
/graphic/mystery.narc,/graphic/mystery.narc!/member_00041,0,/graphic/mystery.narc,292,41,,30364,30916,29976,30528,552,87eabb24dea6cd906b5973477b88f5c093e03bb08754522d003f25c5c112ed26,524c434efffe00012802000010000100,,NCLR palette,Confirmed,True,False,,,,,,,,,,False,False
/graphic/ntag_gra.narc,/graphic/ntag_gra.narc!/member_00000,0,/graphic/ntag_gra.narc,293,0,,1124,2824,0,1700,1700,a2a5cf2f37e8b06924f9b86ed83a72f169320305e3e71620fa722b4c9d6a880c,5243534efffe0001a406000010000100,,NSCR screen map,Confirmed,True,False,,,,,,,,,,False,False
/graphic/ntag_gra.narc,/graphic/ntag_gra.narc!/member_00001,0,/graphic/ntag_gra.narc,293,1,,2824,4396,1700,3272,1572,e3cbb89124992b9fae9a24e9ccd8fee1117759eb6f77026f5afa719e64e15185,5243534efffe00012406000010000100,,NSCR screen map,Confirmed,True,False,,,,,,,,,,False,False
/graphic/ntag_gra.narc,/graphic/ntag_gra.narc!/member_00002,0,/graphic/ntag_gra.narc,293,2,,4396,13676,3272,12552,9280,846cb3027f349ff84d1e84c3737ff2f0b724fa8e29e7258c8b12b40e41d45e01,5247434efffe01014024000010000200,,NCGR graphics,Confirmed,True,False,,,,,,,,,,False,False
/graphic/ntag_gra.narc,/graphic/ntag_gra.narc!/member_00003,0,/graphic/ntag_gra.narc,293,3,,13676,14228,12552,13104,552,8641c64f79385162e564063eb38fce069610d004a34896a3df3e82d8e6cc636b,524c434efffe00012802000010000100,,NCLR palette,Confirmed,True,False,,,,,,,,,,False,False
/graphic/ntag_gra.narc,/graphic/ntag_gra.narc!/member_00004,0,/graphic/ntag_gra.narc,293,4,,14228,14339,13104,13215,111,30249884bd91f10bc9d4e13e7b1495f09991b6f488405a0cdbb61cfb402d10ca,524e414efffe00016f00000010000300,,NANR animation,Confirmed,True,False,,,,,,,,,,False,False
/graphic/ntag_gra.narc,/graphic/ntag_gra.narc!/member_00005,0,/graphic/ntag_gra.narc,293,5,,14340,14447,13216,13323,107,c4c621255461e1521d8b6af105742f21b9efb619d36f949eb63026e2e758825d,5245434efffe00016b00000010000300,,NCER cell,Confirmed,True,False,,,,,,,,,,False,False
/graphic/ntag_gra.narc,/graphic/ntag_gra.narc!/member_00006,0,/graphic/ntag_gra.narc,293,6,,14448,16544,13324,15420,2096,966f4cc886669ba1d62d306a12887f41b83dabb6d99b2cf1a033edb51fb0c39e,5247434efffe01013008000010000100,,NCGR graphics,Confirmed,True,False,,,,,,,,,,False,False
/graphic/ntag_gra.narc,/graphic/ntag_gra.narc!/member_00007,0,/graphic/ntag_gra.narc,293,7,,16544,18640,15420,17516,2096,5eb8b8edf575b303341a27b76b58b03d3a356e59de2302022dfac1e89331d615,5247434efffe01013008000010000100,,NCGR graphics,Confirmed,True,False,,,,,,,,,,False,False
/graphic/ntag_gra.narc,/graphic/ntag_gra.narc!/member_00008,0,/graphic/ntag_gra.narc,293,8,,18640,20736,17516,19612,2096,54095d6868b33c3dcb4f3c5c8e61bc5a7b1b3ee68f7b435bf60ba7eb33582f53,5247434efffe01013008000010000100,,NCGR graphics,Confirmed,True,False,,,,,,,,,,False,False
/graphic/ntag_gra.narc,/graphic/ntag_gra.narc!/member_00009,0,/graphic/ntag_gra.narc,293,9,,20736,22832,19612,21708,2096,5844083513758a0a5f2f1c7d9a6cf8bfcb5150cda671f1c418286bb73191ea02,5247434efffe01013008000010000100,,NCGR graphics,Confirmed,True,False,,,,,,,,,,False,False
/graphic/ntag_gra.narc,/graphic/ntag_gra.narc!/member_00010,0,/graphic/ntag_gra.narc,293,10,,22832,24928,21708,23804,2096,e905ffbdf32610fa4d4f4d2ee8085bbf5570117b37384eae30d17bb3a92772e5,5247434efffe01013008000010000100,,NCGR graphics,Confirmed,True,False,,,,,,,,,,False,False
/graphic/ntag_gra.narc,/graphic/ntag_gra.narc!/member_00011,0,/graphic/ntag_gra.narc,293,11,,24928,27024,23804,25900,2096,c6156f09e5497e5a74167d08af1c1d68ae3d1d8dfaeebd3e6717431c82ee5b3f,5247434efffe01013008000010000100,,NCGR graphics,Confirmed,True,False,,,,,,,,,,False,False
/graphic/ntag_gra.narc,/graphic/ntag_gra.narc!/member_00012,0,/graphic/ntag_gra.narc,293,12,,27024,29120,25900,27996,2096,858523dd472e5426508d56d92525a826dbe155a2323f42d3c592a4adf6f037fb,5247434efffe01013008000010000100,,NCGR graphics,Confirmed,True,False,,,,,,,,,,False,False
/graphic/ntag_gra.narc,/graphic/ntag_gra.narc!/member_00013,0,/graphic/ntag_gra.narc,293,13,,29120,31216,27996,30092,2096,c8a80aba4c82b6f745421f4928479b7607b3c06294dc143761223522136b854e,5247434efffe01013008000010000100,,NCGR graphics,Confirmed,True,False,,,,,,,,,,False,False
/graphic/ntag_gra.narc,/graphic/ntag_gra.narc!/member_00014,0,/graphic/ntag_gra.narc,293,14,,31216,33312,30092,32188,2096,24d2288db9fccf1640daa9f332fd5126f40f033bbf027bf3760da21061bc43d8,5247434efffe01013008000010000100,,NCGR graphics,Confirmed,True,False,,,,,,,,,,False,False
/graphic/ntag_gra.narc,/graphic/ntag_gra.narc!/member_00015,0,/graphic/ntag_gra.narc,293,15,,33312,35408,32188,34284,2096,af360387486ea92a43696b0b00c98e90f19be7f3adbb05843d539b3f077fd750,5247434efffe01013008000010000100,,NCGR graphics,Confirmed,True,False,,,,,,,,,,False,False
/graphic/ntag_gra.narc,/graphic/ntag_gra.narc!/member_00016,0,/graphic/ntag_gra.narc,293,16,,35408,37504,34284,36380,2096,7e374f22a950045b5f47d33189d8f32765dd10ae9717664405df04f32ee4e410,5247434efffe01013008000010000100,,NCGR graphics,Confirmed,True,False,,,,,,,,,,False,False
/graphic/ntag_gra.narc,/graphic/ntag_gra.narc!/member_00017,0,/graphic/ntag_gra.narc,293,17,,37504,39600,36380,38476,2096,1d48ceef6bd4c9c54b96ffd9f2980aeffb0cd6223d0e5f81c92c7ef93aee1a8f,5247434efffe01013008000010000100,,NCGR graphics,Confirmed,True,False,,,,,,,,,,False,False
/graphic/ntag_gra.narc,/graphic/ntag_gra.narc!/member_00018,0,/graphic/ntag_gra.narc,293,18,,39600,41696,38476,40572,2096,bf23bea8be981b384d1b30d6d7a2eb7b3512d5adbd55c5f19a82f689c0064e45,5247434efffe01013008000010000100,,NCGR graphics,Confirmed,True,False,,,,,,,,,,False,False
/graphic/ntag_gra.narc,/graphic/ntag_gra.narc!/member_00019,0,/graphic/ntag_gra.narc,293,19,,41696,43792,40572,42668,2096,22b402ac5af42a9fbc10a3582542d767923ebceb1856d77a49cefbafb76ab9a5,5247434efffe01013008000010000100,,NCGR graphics,Confirmed,True,False,,,,,,,,,,False,False
/graphic/ntag_gra.narc,/graphic/ntag_gra.narc!/member_00020,0,/graphic/ntag_gra.narc,293,20,,43792,45888,42668,44764,2096,1b9f14f7afed2379c8df958c35e39e0abd601ff48f724609d23b825ca7a1f73d,5247434efffe01013008000010000100,,NCGR graphics,Confirmed,True,False,,,,,,,,,,False,False
/graphic/ntag_gra.narc,/graphic/ntag_gra.narc!/member_00021,0,/graphic/ntag_gra.narc,293,21,,45888,47984,44764,46860,2096,fb688949d3917a3fa5c74e897a1aef44cc8fd2cb66ba72d412dc0698b86cab20,5247434efffe01013008000010000100,,NCGR graphics,Confirmed,True,False,,,,,,,,,,False,False
/graphic/ntag_gra.narc,/graphic/ntag_gra.narc!/member_00022,0,/graphic/ntag_gra.narc,293,22,,47984,50080,46860,48956,2096,33c77acefc286a0733121477a5f6777b6f69e0397f99f9446b73f37652767cc0,5247434efffe01013008000010000100,,NCGR graphics,Confirmed,True,False,,,,,,,,,,False,False
/graphic/ntag_gra.narc,/graphic/ntag_gra.narc!/member_00023,0,/graphic/ntag_gra.narc,293,23,,50080,52176,48956,51052,2096,6104e15804b27a183c546be391745a9766f6dc076f0ac1c325e21f7a8e5b60a4,5247434efffe01013008000010000100,,NCGR graphics,Confirmed,True,False,,,,,,,,,,False,False
/graphic/ntag_gra.narc,/graphic/ntag_gra.narc!/member_00024,0,/graphic/ntag_gra.narc,293,24,,52176,54272,51052,53148,2096,1d033aa028a2837c3e4c107f19026cb3beaecaea866e90ea87ba3347317e9c23,5247434efffe01013008000010000100,,NCGR graphics,Confirmed,True,False,,,,,,,,,,False,False
/graphic/ntag_gra.narc,/graphic/ntag_gra.narc!/member_00025,0,/graphic/ntag_gra.narc,293,25,,54272,56368,53148,55244,2096,d6cd4c38406c261f0feaca5ac72bf9a7dd52a9987170b8ffdd6396d9922189ee,5247434efffe01013008000010000100,,NCGR graphics,Confirmed,True,False,,,,,,,,,,False,False
/graphic/ntag_gra.narc,/graphic/ntag_gra.narc!/member_00026,0,/graphic/ntag_gra.narc,293,26,,56368,58464,55244,57340,2096,bffaff3cf417a91256bc9738529eab1051c23725ef517bcbb00ceb0e37fab3dd,5247434efffe01013008000010000100,,NCGR graphics,Confirmed,True,False,,,,,,,,,,False,False
/graphic/ntag_gra.narc,/graphic/ntag_gra.narc!/member_00027,0,/graphic/ntag_gra.narc,293,27,,58464,60560,57340,59436,2096,484eba5eabffaaae454b0c98c166302411b56db19ccf6e8bf26aee9a03e516ff,5247434efffe01013008000010000100,,NCGR graphics,Confirmed,True,False,,,,,,,,,,False,False
/graphic/ntag_gra.narc,/graphic/ntag_gra.narc!/member_00028,0,/graphic/ntag_gra.narc,293,28,,60560,62656,59436,61532,2096,9c2a7bd02762d4ffa400046336268bc9c0eca864cf7b12ce197e15f47004b66d,5247434efffe01013008000010000100,,NCGR graphics,Confirmed,True,False,,,,,,,,,,False,False
/graphic/ntag_gra.narc,/graphic/ntag_gra.narc!/member_00029,0,/graphic/ntag_gra.narc,293,29,,62656,64752,61532,63628,2096,1c45a12237ce23de69628a28431c3f8f4ffb00e971fa9f42a3bc6b5c27fee9a1,5247434efffe01013008000010000100,,NCGR graphics,Confirmed,True,False,,,,,,,,,,False,False
/graphic/ntag_gra.narc,/graphic/ntag_gra.narc!/member_00030,0,/graphic/ntag_gra.narc,293,30,,64752,66848,63628,65724,2096,d5aee29d532c967414a2568c383c17fbb53f6bb8f10e5ff719e8ca61ddb159f0,5247434efffe01013008000010000100,,NCGR graphics,Confirmed,True,False,,,,,,,,,,False,False
/graphic/ntag_gra.narc,/graphic/ntag_gra.narc!/member_00031,0,/graphic/ntag_gra.narc,293,31,,66848,68944,65724,67820,2096,e960295c2659f1f8ee37078e99c4ba6aa9793dbbc6942b3d34c34b8f209195f3,5247434efffe01013008000010000100,,NCGR graphics,Confirmed,True,False,,,,,,,,,,False,False
/graphic/ntag_gra.narc,/graphic/ntag_gra.narc!/member_00032,0,/graphic/ntag_gra.narc,293,32,,68944,71040,67820,69916,2096,1360d01f90b3986c3ae461b0f6afbc73235bb831b17456afadb7bfdd4e1f6eb0,5247434efffe01013008000010000100,,NCGR graphics,Confirmed,True,False,,,,,,,,,,False,False
/graphic/ntag_gra.narc,/graphic/ntag_gra.narc!/member_00033,0,/graphic/ntag_gra.narc,293,33,,71040,73136,69916,72012,2096,6bdf7a1bd80939bd31b631bedd27b513d5c551618295d1025b824f834c08c6bd,5247434efffe01013008000010000100,,NCGR graphics,Confirmed,True,False,,,,,,,,,,False,False
/graphic/ntag_gra.narc,/graphic/ntag_gra.narc!/member_00034,0,/graphic/ntag_gra.narc,293,34,,73136,75232,72012,74108,2096,6ee82ed3d67e215ee1b5480a59a56a2d2b7412a181a0c4511b7b6a73dc04824e,5247434efffe01013008000010000100,,NCGR graphics,Confirmed,True,False,,,,,,,,,,False,False
/graphic/ntag_gra.narc,/graphic/ntag_gra.narc!/member_00035,0,/graphic/ntag_gra.narc,293,35,,75232,77328,74108,76204,2096,3ec1795e6aa9e506a4fd39e2dce4824d4acf75d97a302625bc8d3660684c8e93,5247434efffe01013008000010000100,,NCGR graphics,Confirmed,True,False,,,,,,,,,,False,False
/graphic/ntag_gra.narc,/graphic/ntag_gra.narc!/member_00036,0,/graphic/ntag_gra.narc,293,36,,77328,79424,76204,78300,2096,7da98e81e2fd95cd20d20962b273e73445904abeb8ce3907e61903095d5b63a5,5247434efffe01013008000010000100,,NCGR graphics,Confirmed,True,False,,,,,,,,,,False,False
/graphic/ntag_gra.narc,/graphic/ntag_gra.narc!/member_00037,0,/graphic/ntag_gra.narc,293,37,,79424,81520,78300,80396,2096,44344c7d6f32dd378156632f307cd92a82762398f434ddbf55d896dc9e696363,5247434efffe01013008000010000100,,NCGR graphics,Confirmed,True,False,,,,,,,,,,False,False
/graphic/ntag_gra.narc,/graphic/ntag_gra.narc!/member_00038,0,/graphic/ntag_gra.narc,293,38,,81520,83616,80396,82492,2096,5ab4296076e705a1cf81d0fbdd3da7a2bc4466f79e2cc13744449e5cd3c7d142,5247434efffe01013008000010000100,,NCGR graphics,Confirmed,True,False,,,,,,,,,,False,False
/graphic/ntag_gra.narc,/graphic/ntag_gra.narc!/member_00039,0,/graphic/ntag_gra.narc,293,39,,83616,85712,82492,84588,2096,63096be5b4e2d2b59c76d61011283f5ae7f42b7562075764ed1f7dad776941a9,5247434efffe01013008000010000100,,NCGR graphics,Confirmed,True,False,,,,,,,,,,False,False
/graphic/ntag_gra.narc,/graphic/ntag_gra.narc!/member_00040,0,/graphic/ntag_gra.narc,293,40,,85712,87808,84588,86684,2096,687945e314e7efdef392bcfa5641f2ad98aa752f49f4ead6fd6743b62c2788f5,5247434efffe01013008000010000100,,NCGR graphics,Confirmed,True,False,,,,,,,,,,False,False
/graphic/ntag_gra.narc,/graphic/ntag_gra.narc!/member_00041,0,/graphic/ntag_gra.narc,293,41,,87808,89904,86684,88780,2096,b5ddd6e8126e13d5be05dd00993ec095f8aa2161441cc1b239932b768aa8a17f,5247434efffe01013008000010000100,,NCGR graphics,Confirmed,True,False,,,,,,,,,,False,False
/graphic/ntag_gra.narc,/graphic/ntag_gra.narc!/member_00042,0,/graphic/ntag_gra.narc,293,42,,89904,92000,88780,90876,2096,3526de7f4a6ce4fc9f7071842f65e868858ce1c715c70b6c6eddbec11990fbea,5247434efffe01013008000010000100,,NCGR graphics,Confirmed,True,False,,,,,,,,,,False,False
/graphic/ntag_gra.narc,/graphic/ntag_gra.narc!/member_00043,0,/graphic/ntag_gra.narc,293,43,,92000,94096,90876,92972,2096,5f657a1c7c8963bdca9f055d0bd7cd9c2719d25b0293cce675c62c73e57d75b1,5247434efffe01013008000010000100,,NCGR graphics,Confirmed,True,False,,,,,,,,,,False,False
/graphic/ntag_gra.narc,/graphic/ntag_gra.narc!/member_00044,0,/graphic/ntag_gra.narc,293,44,,94096,96192,92972,95068,2096,71cbe126f6ad887dac61b23e2acd6670f3080f47604718e90b9644e79575fce1,5247434efffe01013008000010000100,,NCGR graphics,Confirmed,True,False,,,,,,,,,,False,False
/graphic/ntag_gra.narc,/graphic/ntag_gra.narc!/member_00045,0,/graphic/ntag_gra.narc,293,45,,96192,98288,95068,97164,2096,1148d3c931bdcf767f2a29f0785b60037b1e5f4783eaee530a40ba27c573c098,5247434efffe01013008000010000100,,NCGR graphics,Confirmed,True,False,,,,,,,,,,False,False
/graphic/ntag_gra.narc,/graphic/ntag_gra.narc!/member_00046,0,/graphic/ntag_gra.narc,293,46,,98288,100384,97164,99260,2096,2ac124c22a754f5f4a86ffd4f16c966261b891a434fa6bae26667fbb654bb59f,5247434efffe01013008000010000100,,NCGR graphics,Confirmed,True,False,,,,,,,,,,False,False
/graphic/ntag_gra.narc,/graphic/ntag_gra.narc!/member_00047,0,/graphic/ntag_gra.narc,293,47,,100384,102480,99260,101356,2096,f0c180bf6f965b4ffadb53855185524ca1cec1a402b06c78866f46af90d65065,5247434efffe01013008000010000100,,NCGR graphics,Confirmed,True,False,,,,,,,,,,False,False
/graphic/ntag_gra.narc,/graphic/ntag_gra.narc!/member_00048,0,/graphic/ntag_gra.narc,293,48,,102480,104576,101356,103452,2096,d3edade3a09f70547d5d2b2fb044615a69f37d9dd77c60aec0e818ec9e3e8165,5247434efffe01013008000010000100,,NCGR graphics,Confirmed,True,False,,,,,,,,,,False,False
/graphic/ntag_gra.narc,/graphic/ntag_gra.narc!/member_00049,0,/graphic/ntag_gra.narc,293,49,,104576,106672,103452,105548,2096,4e7eff2c98ad63d66b778ca94c8805aa3379ca417dbf7f5df998e92723f8228c,5247434efffe01013008000010000100,,NCGR graphics,Confirmed,True,False,,,,,,,,,,False,False
/graphic/ntag_gra.narc,/graphic/ntag_gra.narc!/member_00050,0,/graphic/ntag_gra.narc,293,50,,106672,108768,105548,107644,2096,9256b34c2c5d121efe8bb231abc02b8b77d258a0e613c16f6a9622dc625e4ef4,5247434efffe01013008000010000100,,NCGR graphics,Confirmed,True,False,,,,,,,,,,False,False
/graphic/ntag_gra.narc,/graphic/ntag_gra.narc!/member_00051,0,/graphic/ntag_gra.narc,293,51,,108768,110864,107644,109740,2096,c43b87b2fdd4e36ec06fe9327d45bcb06c7600277c3e33f645fc1538fabec868,5247434efffe01013008000010000100,,NCGR graphics,Confirmed,True,False,,,,,,,,,,False,False
/graphic/ntag_gra.narc,/graphic/ntag_gra.narc!/member_00052,0,/graphic/ntag_gra.narc,293,52,,110864,112960,109740,111836,2096,de03ab9101d805261194683a7186ed6e5d519cb658cb1c2b5a483fd7f8976e94,5247434efffe01013008000010000100,,NCGR graphics,Confirmed,True,False,,,,,,,,,,False,False
/graphic/ntag_gra.narc,/graphic/ntag_gra.narc!/member_00053,0,/graphic/ntag_gra.narc,293,53,,112960,115056,111836,113932,2096,76a3da2b1da4c2f2bf0e52fdd3e144273a17ce0fef41f537d4f5dd08ab7339d1,5247434efffe01013008000010000100,,NCGR graphics,Confirmed,True,False,,,,,,,,,,False,False
/graphic/ntag_gra.narc,/graphic/ntag_gra.narc!/member_00054,0,/graphic/ntag_gra.narc,293,54,,115056,117152,113932,116028,2096,db60fd9484bd790824d292b29cefce4dde4de885defa34fe2a6c2d19315d7353,5247434efffe01013008000010000100,,NCGR graphics,Confirmed,True,False,,,,,,,,,,False,False
/graphic/ntag_gra.narc,/graphic/ntag_gra.narc!/member_00055,0,/graphic/ntag_gra.narc,293,55,,117152,119248,116028,118124,2096,f5f0bf857167b2489ee55efa90ec838378af445f29585d439afa53b9547822fd,5247434efffe01013008000010000100,,NCGR graphics,Confirmed,True,False,,,,,,,,,,False,False
/graphic/ntag_gra.narc,/graphic/ntag_gra.narc!/member_00056,0,/graphic/ntag_gra.narc,293,56,,119248,121344,118124,120220,2096,797da22bfefa48b00617ab1b4e70946b98175241372b83a559dba6a82a845197,5247434efffe01013008000010000100,,NCGR graphics,Confirmed,True,False,,,,,,,,,,False,False
/graphic/ntag_gra.narc,/graphic/ntag_gra.narc!/member_00057,0,/graphic/ntag_gra.narc,293,57,,121344,123440,120220,122316,2096,5faa59b610098e5abc7e5775ad973fc7e2231c928c0712a8c6f9ec8e5ccdb000,5247434efffe01013008000010000100,,NCGR graphics,Confirmed,True,False,,,,,,,,,,False,False
/graphic/ntag_gra.narc,/graphic/ntag_gra.narc!/member_00058,0,/graphic/ntag_gra.narc,293,58,,123440,125536,122316,124412,2096,10afa3b789bcdb3cbbf34a448b2519bc6cfce72ede656c71d7a2130900cc99e1,5247434efffe01013008000010000100,,NCGR graphics,Confirmed,True,False,,,,,,,,,,False,False
/graphic/ntag_gra.narc,/graphic/ntag_gra.narc!/member_00059,0,/graphic/ntag_gra.narc,293,59,,125536,127632,124412,126508,2096,77d12e75a8597ed6be61113ce649a3d3be4e964ce6469432d36cc3029d35f64a,5247434efffe01013008000010000100,,NCGR graphics,Confirmed,True,False,,,,,,,,,,False,False
/graphic/ntag_gra.narc,/graphic/ntag_gra.narc!/member_00060,0,/graphic/ntag_gra.narc,293,60,,127632,129728,126508,128604,2096,dc7331e092638d250a2e0a85627aa95aa6607d4bfaaacc21c50947fd8f2a10c4,5247434efffe01013008000010000100,,NCGR graphics,Confirmed,True,False,,,,,,,,,,False,False
/graphic/ntag_gra.narc,/graphic/ntag_gra.narc!/member_00061,0,/graphic/ntag_gra.narc,293,61,,129728,131824,128604,130700,2096,eb994bd8ed5657a90672f88e22e05e42885eb1cb91a50303d1a05b95831aed96,5247434efffe01013008000010000100,,NCGR graphics,Confirmed,True,False,,,,,,,,,,False,False
/graphic/ntag_gra.narc,/graphic/ntag_gra.narc!/member_00062,0,/graphic/ntag_gra.narc,293,62,,131824,133920,130700,132796,2096,f9ca6676236059dd6aee78fabcfddb4076a50a96e55389e44177ad9de9ce082c,5247434efffe01013008000010000100,,NCGR graphics,Confirmed,True,False,,,,,,,,,,False,False
/graphic/ntag_gra.narc,/graphic/ntag_gra.narc!/member_00063,0,/graphic/ntag_gra.narc,293,63,,133920,136016,132796,134892,2096,60c28bf452b98370fc5d283e14e7df7e413f9e477646ae2b69692656a68f83eb,5247434efffe01013008000010000100,,NCGR graphics,Confirmed,True,False,,,,,,,,,,False,False
/graphic/ntag_gra.narc,/graphic/ntag_gra.narc!/member_00064,0,/graphic/ntag_gra.narc,293,64,,136016,138112,134892,136988,2096,6377d7e15418ae8da64379e4eddc92c38e769f1ec55f77bcf14e512dd7b78fcd,5247434efffe01013008000010000100,,NCGR graphics,Confirmed,True,False,,,,,,,,,,False,False
/graphic/ntag_gra.narc,/graphic/ntag_gra.narc!/member_00065,0,/graphic/ntag_gra.narc,293,65,,138112,140208,136988,139084,2096,18bb8eef6c53193b0a8d2d6567a9e59a7c4a7801a5b20cdac85a09ff3f3587a6,5247434efffe01013008000010000100,,NCGR graphics,Confirmed,True,False,,,,,,,,,,False,False
/graphic/ntag_gra.narc,/graphic/ntag_gra.narc!/member_00066,0,/graphic/ntag_gra.narc,293,66,,140208,142304,139084,141180,2096,e1af98f23b99b11175edad7378dc93e2f4ea33fb3a320406f82309760d86caeb,5247434efffe01013008000010000100,,NCGR graphics,Confirmed,True,False,,,,,,,,,,False,False
/graphic/ntag_gra.narc,/graphic/ntag_gra.narc!/member_00067,0,/graphic/ntag_gra.narc,293,67,,142304,144400,141180,143276,2096,0c5b0c6c4314333446a5b5f48d554ae6fbe84e5e56ff66f92bc29943953e3ee7,5247434efffe01013008000010000100,,NCGR graphics,Confirmed,True,False,,,,,,,,,,False,False
/graphic/ntag_gra.narc,/graphic/ntag_gra.narc!/member_00068,0,/graphic/ntag_gra.narc,293,68,,144400,146496,143276,145372,2096,150583064e9ac1ec80ab44c1b4797e60eca9a31e5510938821f45a13bcfd6934,5247434efffe01013008000010000100,,NCGR graphics,Confirmed,True,False,,,,,,,,,,False,False
/graphic/ntag_gra.narc,/graphic/ntag_gra.narc!/member_00069,0,/graphic/ntag_gra.narc,293,69,,146496,148592,145372,147468,2096,2c7c177213668894089fd61185a0a459fdcf14544b181a4e9e09820549f2ca3c,5247434efffe01013008000010000100,,NCGR graphics,Confirmed,True,False,,,,,,,,,,False,False
/graphic/ntag_gra.narc,/graphic/ntag_gra.narc!/member_00070,0,/graphic/ntag_gra.narc,293,70,,148592,149144,147468,148020,552,e7ad952036b2d7616875eafa514779ce97fb76b11be742f4d9660dfb5fb8d900,524c434efffe00012802000010000100,,NCLR palette,Confirmed,True,False,,,,,,,,,,False,False
/graphic/ntag_gra.narc,/graphic/ntag_gra.narc!/member_00071,0,/graphic/ntag_gra.narc,293,71,,149144,149696,148020,148572,552,f6f293bc7a937e33205e71d1731177a5ce84ee847e37773f72756d6211ff80b2,524c434efffe00012802000010000100,,NCLR palette,Confirmed,True,False,,,,,,,,,,False,False
/graphic/ntag_gra.narc,/graphic/ntag_gra.narc!/member_00072,0,/graphic/ntag_gra.narc,293,72,,149696,150248,148572,149124,552,045ec310d65a48a528c676a91d88411bb9217dcbc29b434353da9ae7133a57cc,524c434efffe00012802000010000100,,NCLR palette,Confirmed,True,False,,,,,,,,,,False,False
/graphic/ntag_gra.narc,/graphic/ntag_gra.narc!/member_00073,0,/graphic/ntag_gra.narc,293,73,,150248,150800,149124,149676,552,d5b8904b40863466a88f702536563e031b08ca98d8ccca0f1726c55954694298,524c434efffe00012802000010000100,,NCLR palette,Confirmed,True,False,,,,,,,,,,False,False
/graphic/ntag_gra.narc,/graphic/ntag_gra.narc!/member_00074,0,/graphic/ntag_gra.narc,293,74,,150800,151352,149676,150228,552,33ee42dccc4767677b70e5e13a1b9b4bd2dd3fa330bcf3ce2aca426cad01f579,524c434efffe00012802000010000100,,NCLR palette,Confirmed,True,False,,,,,,,,,,False,False
/graphic/ntag_gra.narc,/graphic/ntag_gra.narc!/member_00075,0,/graphic/ntag_gra.narc,293,75,,151352,151904,150228,150780,552,824cc9be7a4b36cce400ec6d79f86469701f0e2a11322d101674993bf0967601,524c434efffe00012802000010000100,,NCLR palette,Confirmed,True,False,,,,,,,,,,False,False
/graphic/ntag_gra.narc,/graphic/ntag_gra.narc!/member_00076,0,/graphic/ntag_gra.narc,293,76,,151904,152456,150780,151332,552,5c52d4ab28139dee3ec882c55effd3adffce9da7e420361c68862d9604fc2520,524c434efffe00012802000010000100,,NCLR palette,Confirmed,True,False,,,,,,,,,,False,False
/graphic/ntag_gra.narc,/graphic/ntag_gra.narc!/member_00077,0,/graphic/ntag_gra.narc,293,77,,152456,153008,151332,151884,552,2e89ae7abfd1ed2811b4abe93e5b80aedeb1e811ed17425bbe884fdbdb4894d4,524c434efffe00012802000010000100,,NCLR palette,Confirmed,True,False,,,,,,,,,,False,False
/graphic/ntag_gra.narc,/graphic/ntag_gra.narc!/member_00078,0,/graphic/ntag_gra.narc,293,78,,153008,153560,151884,152436,552,4c8b7df70c77563eaa4e724e27d634732ab70dd9512c5c6118cbea3b1ba47c2d,524c434efffe00012802000010000100,,NCLR palette,Confirmed,True,False,,,,,,,,,,False,False
/graphic/ntag_gra.narc,/graphic/ntag_gra.narc!/member_00079,0,/graphic/ntag_gra.narc,293,79,,153560,154112,152436,152988,552,3785477d591c849e1d18115a32e9fd506a1516d8c0d2a5ff904b9bb1ae39a617,524c434efffe00012802000010000100,,NCLR palette,Confirmed,True,False,,,,,,,,,,False,False
/graphic/ntag_gra.narc,/graphic/ntag_gra.narc!/member_00080,0,/graphic/ntag_gra.narc,293,80,,154112,154664,152988,153540,552,6cccc6c296765839c8c311d179a24603954a6e537bc158af55699c691f907b7e,524c434efffe00012802000010000100,,NCLR palette,Confirmed,True,False,,,,,,,,,,False,False
/graphic/ntag_gra.narc,/graphic/ntag_gra.narc!/member_00081,0,/graphic/ntag_gra.narc,293,81,,154664,155216,153540,154092,552,b982f07046c8ae9e69900260fbd891bc0df4542d16aa757099d8b243fe14b8ed,524c434efffe00012802000010000100,,NCLR palette,Confirmed,True,False,,,,,,,,,,False,False
/graphic/ntag_gra.narc,/graphic/ntag_gra.narc!/member_00082,0,/graphic/ntag_gra.narc,293,82,,155216,155768,154092,154644,552,d764029456993ba2856546af10dd5c241b589c6621b2fbae704deb648e0fe0a1,524c434efffe00012802000010000100,,NCLR palette,Confirmed,True,False,,,,,,,,,,False,False
/graphic/ntag_gra.narc,/graphic/ntag_gra.narc!/member_00083,0,/graphic/ntag_gra.narc,293,83,,155768,156320,154644,155196,552,38f6ebd4002d71f4e93829e0cb38b0d5aeafb46c055b8b695d569ab5aee7cf59,524c434efffe00012802000010000100,,NCLR palette,Confirmed,True,False,,,,,,,,,,False,False
/graphic/ntag_gra.narc,/graphic/ntag_gra.narc!/member_00084,0,/graphic/ntag_gra.narc,293,84,,156320,156872,155196,155748,552,0eab0832c6d6ed23dc60e649ee507b802b04df0be37bd8b01a911cb15ddd8e86,524c434efffe00012802000010000100,,NCLR palette,Confirmed,True,False,,,,,,,,,,False,False
/graphic/ntag_gra.narc,/graphic/ntag_gra.narc!/member_00085,0,/graphic/ntag_gra.narc,293,85,,156872,157424,155748,156300,552,a1708fe0107b07091a74f09bf198d0b5888545aec53f919875a72ea43e09d6ed,524c434efffe00012802000010000100,,NCLR palette,Confirmed,True,False,,,,,,,,,,False,False
/graphic/ntag_gra.narc,/graphic/ntag_gra.narc!/member_00086,0,/graphic/ntag_gra.narc,293,86,,157424,157976,156300,156852,552,5bb8d58c0fd3f7263b8cf1e3b9bde2183f4be3f21d26b29aa3b1697f073a8a33,524c434efffe00012802000010000100,,NCLR palette,Confirmed,True,False,,,,,,,,,,False,False
/graphic/ntag_gra.narc,/graphic/ntag_gra.narc!/member_00087,0,/graphic/ntag_gra.narc,293,87,,157976,158528,156852,157404,552,44981c0d574d2e933c8c7a0afd32e9a0fb67e9e9dcc4f372f008864303c8e2ad,524c434efffe00012802000010000100,,NCLR palette,Confirmed,True,False,,,,,,,,,,False,False
/graphic/ntag_gra.narc,/graphic/ntag_gra.narc!/member_00088,0,/graphic/ntag_gra.narc,293,88,,158528,159080,157404,157956,552,409b04ec23b3f458335dff3482f2b0da7b1885ded47b98ab0a77e351653ff587,524c434efffe00012802000010000100,,NCLR palette,Confirmed,True,False,,,,,,,,,,False,False
/graphic/ntag_gra.narc,/graphic/ntag_gra.narc!/member_00089,0,/graphic/ntag_gra.narc,293,89,,159080,159632,157956,158508,552,c0fb7f2f9b1e2a3540e3aa11a91ef909bbb5493991f52a3b2cd553d0ecfcc953,524c434efffe00012802000010000100,,NCLR palette,Confirmed,True,False,,,,,,,,,,False,False
/graphic/ntag_gra.narc,/graphic/ntag_gra.narc!/member_00090,0,/graphic/ntag_gra.narc,293,90,,159632,160184,158508,159060,552,e78f89fefc5fc8ebe4821bc82e8ded231350a70bd7ef3ee276ed1925cf54e3a8,524c434efffe00012802000010000100,,NCLR palette,Confirmed,True,False,,,,,,,,,,False,False
/graphic/ntag_gra.narc,/graphic/ntag_gra.narc!/member_00091,0,/graphic/ntag_gra.narc,293,91,,160184,160736,159060,159612,552,b337cec5184d427f5653430722c6745bce092c222b7486e46c2f5efa4e3cfd1b,524c434efffe00012802000010000100,,NCLR palette,Confirmed,True,False,,,,,,,,,,False,False
/graphic/ntag_gra.narc,/graphic/ntag_gra.narc!/member_00092,0,/graphic/ntag_gra.narc,293,92,,160736,161288,159612,160164,552,2a7eebd71e9a522638b81ef902dd9d7de4b9aff450297f679c97126a482f93c5,524c434efffe00012802000010000100,,NCLR palette,Confirmed,True,False,,,,,,,,,,False,False
/graphic/ntag_gra.narc,/graphic/ntag_gra.narc!/member_00093,0,/graphic/ntag_gra.narc,293,93,,161288,161840,160164,160716,552,09095ce5b014ad2f56afa73e10ac691579758d45567a317edc5e72f116613136,524c434efffe00012802000010000100,,NCLR palette,Confirmed,True,False,,,,,,,,,,False,False
/graphic/ntag_gra.narc,/graphic/ntag_gra.narc!/member_00094,0,/graphic/ntag_gra.narc,293,94,,161840,162392,160716,161268,552,7d643b855b9067cb0cdeaca182533a88a460d96bb1005f39b0805fd12004fdba,524c434efffe00012802000010000100,,NCLR palette,Confirmed,True,False,,,,,,,,,,False,False
/graphic/ntag_gra.narc,/graphic/ntag_gra.narc!/member_00095,0,/graphic/ntag_gra.narc,293,95,,162392,162944,161268,161820,552,d135562026aed4afb91f3090eb94cba61df28c5f2f1781a1dd72d7a9726c64fa,524c434efffe00012802000010000100,,NCLR palette,Confirmed,True,False,,,,,,,,,,False,False
/graphic/ntag_gra.narc,/graphic/ntag_gra.narc!/member_00096,0,/graphic/ntag_gra.narc,293,96,,162944,163496,161820,162372,552,bfc1ccaedb2079848db716321ee7f4da35c4860bc68709373c20ac757a9528a9,524c434efffe00012802000010000100,,NCLR palette,Confirmed,True,False,,,,,,,,,,False,False
/graphic/ntag_gra.narc,/graphic/ntag_gra.narc!/member_00097,0,/graphic/ntag_gra.narc,293,97,,163496,164048,162372,162924,552,4371b6277e44eade387c14222b4e57a26ca6da081cd41b20b83b9ce231598227,524c434efffe00012802000010000100,,NCLR palette,Confirmed,True,False,,,,,,,,,,False,False
/graphic/ntag_gra.narc,/graphic/ntag_gra.narc!/member_00098,0,/graphic/ntag_gra.narc,293,98,,164048,164600,162924,163476,552,77df1094ee363360c02b63186d96c1203041021746a84dbaeb98d6e885e02bfc,524c434efffe00012802000010000100,,NCLR palette,Confirmed,True,False,,,,,,,,,,False,False
/graphic/ntag_gra.narc,/graphic/ntag_gra.narc!/member_00099,0,/graphic/ntag_gra.narc,293,99,,164600,165152,163476,164028,552,ee624ceb98dad12a879a1ecd1a401f323e729a0351fdc8f470d5e44038bf57e1,524c434efffe00012802000010000100,,NCLR palette,Confirmed,True,False,,,,,,,,,,False,False
/graphic/ntag_gra.narc,/graphic/ntag_gra.narc!/member_00100,0,/graphic/ntag_gra.narc,293,100,,165152,165704,164028,164580,552,d48266c479701a6fd11d44288dc9bd4514c20c6ec3bb7c5720d14f6f527c7336,524c434efffe00012802000010000100,,NCLR palette,Confirmed,True,False,,,,,,,,,,False,False
/graphic/ntag_gra.narc,/graphic/ntag_gra.narc!/member_00101,0,/graphic/ntag_gra.narc,293,101,,165704,166256,164580,165132,552,48054d5ee918b2312346978adbd65b63351c24593daeb1b4feed56ed55dda904,524c434efffe00012802000010000100,,NCLR palette,Confirmed,True,False,,,,,,,,,,False,False
/graphic/ntag_gra.narc,/graphic/ntag_gra.narc!/member_00102,0,/graphic/ntag_gra.narc,293,102,,166256,166808,165132,165684,552,f2d96b2b5b407aa89a7d9064217784f4355ff20584c63e6665cafd9ea807de6e,524c434efffe00012802000010000100,,NCLR palette,Confirmed,True,False,,,,,,,,,,False,False
/graphic/ntag_gra.narc,/graphic/ntag_gra.narc!/member_00103,0,/graphic/ntag_gra.narc,293,103,,166808,167360,165684,166236,552,d4e785be97eeb6716c6d15cd08436c57e076e3908aa512644944afc58ca76c42,524c434efffe00012802000010000100,,NCLR palette,Confirmed,True,False,,,,,,,,,,False,False
/graphic/ntag_gra.narc,/graphic/ntag_gra.narc!/member_00104,0,/graphic/ntag_gra.narc,293,104,,167360,167912,166236,166788,552,8c5d9da5142a810ffd1980814f7178b1e6cc24e0d8cd574bf61e233928f2545e,524c434efffe00012802000010000100,,NCLR palette,Confirmed,True,False,,,,,,,,,,False,False
/graphic/ntag_gra.narc,/graphic/ntag_gra.narc!/member_00105,0,/graphic/ntag_gra.narc,293,105,,167912,168464,166788,167340,552,5948c280eb956c5adedb1f2fe8c5257d639d30dc21b3adb82a4acc1316344278,524c434efffe00012802000010000100,,NCLR palette,Confirmed,True,False,,,,,,,,,,False,False
/graphic/ntag_gra.narc,/graphic/ntag_gra.narc!/member_00106,0,/graphic/ntag_gra.narc,293,106,,168464,169016,167340,167892,552,95d605bd00bddfff88e48a0274e82379ebe46389e4f3e9630180aed1f300dc04,524c434efffe00012802000010000100,,NCLR palette,Confirmed,True,False,,,,,,,,,,False,False
/graphic/ntag_gra.narc,/graphic/ntag_gra.narc!/member_00107,0,/graphic/ntag_gra.narc,293,107,,169016,169568,167892,168444,552,d887872a71a3eb3ab8361ad59ff524eb22d312c6f8bfc4cf55e818045464ebbb,524c434efffe00012802000010000100,,NCLR palette,Confirmed,True,False,,,,,,,,,,False,False
/graphic/ntag_gra.narc,/graphic/ntag_gra.narc!/member_00108,0,/graphic/ntag_gra.narc,293,108,,169568,170120,168444,168996,552,a836c436c781845c70f1be0464c44ebc227c62bc0d13526c5eec7ce3e1ed5996,524c434efffe00012802000010000100,,NCLR palette,Confirmed,True,False,,,,,,,,,,False,False
/graphic/ntag_gra.narc,/graphic/ntag_gra.narc!/member_00109,0,/graphic/ntag_gra.narc,293,109,,170120,170672,168996,169548,552,943e26f4a3508e4bd18d51253060e32f24e6557afbf2617a57cac1dc50a395cf,524c434efffe00012802000010000100,,NCLR palette,Confirmed,True,False,,,,,,,,,,False,False
/graphic/ntag_gra.narc,/graphic/ntag_gra.narc!/member_00110,0,/graphic/ntag_gra.narc,293,110,,170672,171224,169548,170100,552,949978e57b8397500b5b3d6cef6cd85620c62ffa995e9c00ba5963fd34ce5f55,524c434efffe00012802000010000100,,NCLR palette,Confirmed,True,False,,,,,,,,,,False,False
/graphic/ntag_gra.narc,/graphic/ntag_gra.narc!/member_00111,0,/graphic/ntag_gra.narc,293,111,,171224,171776,170100,170652,552,d6f9bb05267c274d8cc6ed48672e300cdf15bcce1a81e2a493a60f9d9a8e82cd,524c434efffe00012802000010000100,,NCLR palette,Confirmed,True,False,,,,,,,,,,False,False
/graphic/ntag_gra.narc,/graphic/ntag_gra.narc!/member_00112,0,/graphic/ntag_gra.narc,293,112,,171776,172328,170652,171204,552,44e496470a8946f166a00a28e63031885f8ea0e45902d89a74cc73fb0a19be01,524c434efffe00012802000010000100,,NCLR palette,Confirmed,True,False,,,,,,,,,,False,False
/graphic/ntag_gra.narc,/graphic/ntag_gra.narc!/member_00113,0,/graphic/ntag_gra.narc,293,113,,172328,172880,171204,171756,552,79fa7ea2a75f060e487601676f6da523360beef4f59ffaebf88a8f27e3493d9d,524c434efffe00012802000010000100,,NCLR palette,Confirmed,True,False,,,,,,,,,,False,False
/graphic/ntag_gra.narc,/graphic/ntag_gra.narc!/member_00114,0,/graphic/ntag_gra.narc,293,114,,172880,173432,171756,172308,552,9ed414466a0c1bdc9f3acf964c8718ecd60986a4c05782149e7ac7eca9dc91ff,524c434efffe00012802000010000100,,NCLR palette,Confirmed,True,False,,,,,,,,,,False,False
/graphic/ntag_gra.narc,/graphic/ntag_gra.narc!/member_00115,0,/graphic/ntag_gra.narc,293,115,,173432,173984,172308,172860,552,d77a01ff449be37f3e70535ad7f0a18d2e4b53f210757dc7fa897508baad9609,524c434efffe00012802000010000100,,NCLR palette,Confirmed,True,False,,,,,,,,,,False,False
/graphic/ntag_gra.narc,/graphic/ntag_gra.narc!/member_00116,0,/graphic/ntag_gra.narc,293,116,,173984,174536,172860,173412,552,da23e9873be164c7e6c3ad19c5a3c7e17426379fdeaf433c264db8f630f6f22f,524c434efffe00012802000010000100,,NCLR palette,Confirmed,True,False,,,,,,,,,,False,False
/graphic/ntag_gra.narc,/graphic/ntag_gra.narc!/member_00117,0,/graphic/ntag_gra.narc,293,117,,174536,175088,173412,173964,552,87f01dc3ce68cc4604ebd3fa7951b053c8997b54d9174ae62cef9607c784b803,524c434efffe00012802000010000100,,NCLR palette,Confirmed,True,False,,,,,,,,,,False,False
/graphic/ntag_gra.narc,/graphic/ntag_gra.narc!/member_00118,0,/graphic/ntag_gra.narc,293,118,,175088,175640,173964,174516,552,473b82609d9f110434972562f9381684498a1d852e4fe0be44fed5ec30c51eff,524c434efffe00012802000010000100,,NCLR palette,Confirmed,True,False,,,,,,,,,,False,False
/graphic/ntag_gra.narc,/graphic/ntag_gra.narc!/member_00119,0,/graphic/ntag_gra.narc,293,119,,175640,176192,174516,175068,552,27ceebea305a18ef7b9a32a6ba1b53d3a31e367a38e11ce5f6971f3262ad470d,524c434efffe00012802000010000100,,NCLR palette,Confirmed,True,False,,,,,,,,,,False,False
/graphic/ntag_gra.narc,/graphic/ntag_gra.narc!/member_00120,0,/graphic/ntag_gra.narc,293,120,,176192,176744,175068,175620,552,4fefa6307e645f8593ba26a96f91c15309eb3c64569c3db8be32d40c8eba2fd5,524c434efffe00012802000010000100,,NCLR palette,Confirmed,True,False,,,,,,,,,,False,False
/graphic/ntag_gra.narc,/graphic/ntag_gra.narc!/member_00121,0,/graphic/ntag_gra.narc,293,121,,176744,177296,175620,176172,552,c16f023c9de6c278ecd4391edb1b7ef26e77192eda31551748ca3020c99db7f8,524c434efffe00012802000010000100,,NCLR palette,Confirmed,True,False,,,,,,,,,,False,False
/graphic/ntag_gra.narc,/graphic/ntag_gra.narc!/member_00122,0,/graphic/ntag_gra.narc,293,122,,177296,177848,176172,176724,552,43d9393975ff5b084f28edf89fbaeff345de21c13ce13d85e28d0637f7547057,524c434efffe00012802000010000100,,NCLR palette,Confirmed,True,False,,,,,,,,,,False,False
/graphic/ntag_gra.narc,/graphic/ntag_gra.narc!/member_00123,0,/graphic/ntag_gra.narc,293,123,,177848,178400,176724,177276,552,4e3304110c72934fbc508193777c0e8d142be0b45547a51d8af155ea5b3489a8,524c434efffe00012802000010000100,,NCLR palette,Confirmed,True,False,,,,,,,,,,False,False
/graphic/ntag_gra.narc,/graphic/ntag_gra.narc!/member_00124,0,/graphic/ntag_gra.narc,293,124,,178400,178952,177276,177828,552,1dedbe546d6b4c7aff5d3afa3798039532ed86c16cf68aa4fa5b8e4689d302d1,524c434efffe00012802000010000100,,NCLR palette,Confirmed,True,False,,,,,,,,,,False,False
/graphic/ntag_gra.narc,/graphic/ntag_gra.narc!/member_00125,0,/graphic/ntag_gra.narc,293,125,,178952,179504,177828,178380,552,4ebf6be48317935813d93b23e921070f46367184f085d8cc2c31ece9c43cbc50,524c434efffe00012802000010000100,,NCLR palette,Confirmed,True,False,,,,,,,,,,False,False
/graphic/ntag_gra.narc,/graphic/ntag_gra.narc!/member_00126,0,/graphic/ntag_gra.narc,293,126,,179504,180056,178380,178932,552,6e12dd302e602f064b7421ee26f835baf30ebb86f289fd23f956205d293c1720,524c434efffe00012802000010000100,,NCLR palette,Confirmed,True,False,,,,,,,,,,False,False
/graphic/ntag_gra.narc,/graphic/ntag_gra.narc!/member_00127,0,/graphic/ntag_gra.narc,293,127,,180056,180608,178932,179484,552,5d4f16802b27cab259343a042999d0a65ffdf0994e236dc78f2d7552c8e28f1f,524c434efffe00012802000010000100,,NCLR palette,Confirmed,True,False,,,,,,,,,,False,False
/graphic/ntag_gra.narc,/graphic/ntag_gra.narc!/member_00128,0,/graphic/ntag_gra.narc,293,128,,180608,181160,179484,180036,552,5b7a8c7adb7da3d3d257df324d24981b3ac54dd07092ab2911d51fb5a9dcce96,524c434efffe00012802000010000100,,NCLR palette,Confirmed,True,False,,,,,,,,,,False,False
/graphic/ntag_gra.narc,/graphic/ntag_gra.narc!/member_00129,0,/graphic/ntag_gra.narc,293,129,,181160,181712,180036,180588,552,c5d5900394b3ea57d77d15a62835d55996f9941d23c841a64ed59c9a9fac4528,524c434efffe00012802000010000100,,NCLR palette,Confirmed,True,False,,,,,,,,,,False,False
/graphic/ntag_gra.narc,/graphic/ntag_gra.narc!/member_00130,0,/graphic/ntag_gra.narc,293,130,,181712,182264,180588,181140,552,cd95da0f87b2f620cfc1306822bc7b84e94d7c1ba89dd63ff8385be95c871e8a,524c434efffe00012802000010000100,,NCLR palette,Confirmed,True,False,,,,,,,,,,False,False
/graphic/ntag_gra.narc,/graphic/ntag_gra.narc!/member_00131,0,/graphic/ntag_gra.narc,293,131,,182264,182816,181140,181692,552,c2b6a9f2e00a1d9988bb7a30ae57a9e8dcd7d305fb713bf033aa4d995b83d035,524c434efffe00012802000010000100,,NCLR palette,Confirmed,True,False,,,,,,,,,,False,False
/graphic/ntag_gra.narc,/graphic/ntag_gra.narc!/member_00132,0,/graphic/ntag_gra.narc,293,132,,182816,183368,181692,182244,552,027078d364f84658535813c61edabc8a7452dab9b5717c1ae725da56a6198b7d,524c434efffe00012802000010000100,,NCLR palette,Confirmed,True,False,,,,,,,,,,False,False
/graphic/ntag_gra.narc,/graphic/ntag_gra.narc!/member_00133,0,/graphic/ntag_gra.narc,293,133,,183368,183920,182244,182796,552,2774692b494f198f7da7c210f3215702e1a04a9b2644c59f4df1168b4d36a54a,524c434efffe00012802000010000100,,NCLR palette,Confirmed,True,False,,,,,,,,,,False,False
/graphic/nutmixer.narc,/graphic/nutmixer.narc!/member_00000,0,/graphic/nutmixer.narc,294,0,,436,9012,0,8576,8576,ecd30552fa07c366fb4d3a8ce1d042bb6045db6d97f44d5c626b5eefecbce1b8,5247434efffe01018021000010000200,,NCGR graphics,Confirmed,True,False,,,,,,,,,,False,False
/graphic/nutmixer.narc,/graphic/nutmixer.narc!/member_00001,0,/graphic/nutmixer.narc,294,1,,9012,9564,8576,9128,552,3df6841e9438652c1bbcab1f2950993539caf088d003a3fff96db32c3f795497,524c434efffe00012802000010000100,,NCLR palette,Confirmed,True,False,,,,,,,,,,False,False
/graphic/nutmixer.narc,/graphic/nutmixer.narc!/member_00002,0,/graphic/nutmixer.narc,294,2,,9564,11136,9128,10700,1572,89aa03f6657a5af599a7138449645e311959360f66a9190bbf3e5e4be959dd5b,5243534efffe00012406000010000100,,NSCR screen map,Confirmed,True,False,,,,,,,,,,False,False
/graphic/nutmixer.narc,/graphic/nutmixer.narc!/member_00003,0,/graphic/nutmixer.narc,294,3,,11136,12708,10700,12272,1572,e37ad389a66417bff53a12b440c9eeb047b9d578bc785b71b95d6d24509e74c9,5243534efffe00012406000010000100,,NSCR screen map,Confirmed,True,False,,,,,,,,,,False,False
/graphic/nutmixer.narc,/graphic/nutmixer.narc!/member_00004,0,/graphic/nutmixer.narc,294,4,,12708,13064,12272,12628,356,c49a0c44c912c08209d79dcc1bac11fb53324bd5346f1032342d869ef304becd,5243534efffe00016401000010000100,,NSCR screen map,Confirmed,True,False,,,,,,,,,,False,False
/graphic/nutmixer.narc,/graphic/nutmixer.narc!/member_00005,0,/graphic/nutmixer.narc,294,5,,13064,13288,12628,12852,224,286579623c56be2c214b3a9f8a84173dab0e959a7ad2481a6beac80eee91e897,5247434efffe0101e000000010000200,,NCGR graphics,Confirmed,True,False,,,,,,,,,,False,False
/graphic/nutmixer.narc,/graphic/nutmixer.narc!/member_00006,0,/graphic/nutmixer.narc,294,6,,13288,13840,12852,13404,552,93a163f220a1f2a0e5e088c9eba603f7a6b293f0ad89c65c5be3a9398eff625e,524c434efffe00012802000010000100,,NCLR palette,Confirmed,True,False,,,,,,,,,,False,False
/graphic/nutmixer.narc,/graphic/nutmixer.narc!/member_00007,0,/graphic/nutmixer.narc,294,7,,13840,15412,13404,14976,1572,daece453b5bcae5def69c228d620ffcbff5bf3f1105e56fe2fe67a9e1312513d,5243534efffe00012406000010000100,,NSCR screen map,Confirmed,True,False,,,,,,,,,,False,False
/graphic/nutmixer.narc,/graphic/nutmixer.narc!/member_00008,0,/graphic/nutmixer.narc,294,8,,15412,15964,14976,15528,552,66d349f8d645f02c1031a7ac6b7d77f01c12fa841b123fea459d46282eb56f76,524c434efffe00012802000010000100,,NCLR palette,Confirmed,True,False,,,,,,,,,,False,False
/graphic/nutmixer.narc,/graphic/nutmixer.narc!/member_00009,0,/graphic/nutmixer.narc,294,9,,15964,16516,15528,16080,552,71d6dd37da524e9eee23bef7d6dee67d7cc3847d064b38a651cd4c5eb95e1946,524c434efffe00012802000010000100,,NCLR palette,Confirmed,True,False,,,,,,,,,,False,False
/graphic/nutmixer.narc,/graphic/nutmixer.narc!/member_00010,0,/graphic/nutmixer.narc,294,10,,16516,17068,16080,16632,552,5540c4e778e8bbd26e35c2357b44272f288e647609d9d82b2b7048efe8caf839,524c434efffe00012802000010000100,,NCLR palette,Confirmed,True,False,,,,,,,,,,False,False
/graphic/nutmixer.narc,/graphic/nutmixer.narc!/member_00011,0,/graphic/nutmixer.narc,294,11,,17068,17620,16632,17184,552,85b06f5e8b06d8da5677126c4e378fd516c796b83a75636a4362cb50cece707b,524c434efffe00012802000010000100,,NCLR palette,Confirmed,True,False,,,,,,,,,,False,False
/graphic/nutmixer.narc,/graphic/nutmixer.narc!/member_00012,0,/graphic/nutmixer.narc,294,12,,17620,17997,17184,17561,377,3c9e23d60bde62d0ae1ba9dec675aa4974bb5fb8dc8e742a175d70dfbb555acf,524e414efffe00017901000010000300,,NANR animation,Confirmed,True,False,,,,,,,,,,False,False
/graphic/nutmixer.narc,/graphic/nutmixer.narc!/member_00013,0,/graphic/nutmixer.narc,294,13,,18000,18505,17564,18069,505,3356aecce6210c27489ce3891df1a1d78c4121693ae5d4232362d5523be8cd3d,5245434efffe0001f901000010000300,,NCER cell,Confirmed,True,False,,,,,,,,,,False,False
/graphic/nutmixer.narc,/graphic/nutmixer.narc!/member_00014,0,/graphic/nutmixer.narc,294,14,,18508,25084,18072,24648,6576,4b0947ed22320e57e9b88f2ac004ef88f2370d4a275686dea012bc9ed0079610,5247434efffe0101b019000010000100,,NCGR graphics,Confirmed,True,False,,,,,,,,,,False,False
/graphic/nutmixer.narc,/graphic/nutmixer.narc!/member_00015,0,/graphic/nutmixer.narc,294,15,,25084,25613,24648,25177,529,57bee2a4e8038b01eea73105306f75323ef638ff208b0c0717f589a76f372f0f,524e414efffe00011102000010000300,,NANR animation,Confirmed,True,False,,,,,,,,,,False,False
/graphic/nutmixer.narc,/graphic/nutmixer.narc!/member_00016,0,/graphic/nutmixer.narc,294,16,,25616,26177,25180,25741,561,11b614cd13bc05ea8a08bd6ee12001aa2c5b0986ef49f5a83d693b029e0040f4,5245434efffe00013102000010000300,,NCER cell,Confirmed,True,False,,,,,,,,,,False,False
/graphic/nutmixer.narc,/graphic/nutmixer.narc!/member_00017,0,/graphic/nutmixer.narc,294,17,,26180,28276,25744,27840,2096,af04e0ffc08cfc334cb6b79a7561544d9d2ffa4f97b200e50da06a83149e20b4,5247434efffe01013008000010000100,,NCGR graphics,Confirmed,True,False,,,,,,,,,,False,False
/graphic/nutmixer.narc,/graphic/nutmixer.narc!/member_00018,0,/graphic/nutmixer.narc,294,18,,28276,28553,27840,28117,277,7b621b2011c3fcdbe6bc63db17f71a1971d41b96de1f562696b62654bea2cac1,524e414efffe00011501000010000300,,NANR animation,Confirmed,True,False,,,,,,,,,,False,False
/graphic/nutmixer.narc,/graphic/nutmixer.narc!/member_00019,0,/graphic/nutmixer.narc,294,19,,28556,29057,28120,28621,501,86cee0aef164af2fc8dafd597fcd9bd5204a56a86e9dd4e17e9818c1321524f6,5245434efffe0001f501000010000300,,NCER cell,Confirmed,True,False,,,,,,,,,,False,False
/graphic/nutmixer.narc,/graphic/nutmixer.narc!/member_00020,0,/graphic/nutmixer.narc,294,20,,29060,34228,28624,33792,5168,50aac54f4e15fb5856b6c8ee5e2338fe7f8491ab244647dd0d01f5c3fdf14eaa,5247434efffe01013014000010000100,,NCGR graphics,Confirmed,True,False,,,,,,,,,,False,False
/graphic/nutmixer.narc,/graphic/nutmixer.narc!/member_00021,0,/graphic/nutmixer.narc,294,21,,34228,34505,33792,34069,277,7b621b2011c3fcdbe6bc63db17f71a1971d41b96de1f562696b62654bea2cac1,524e414efffe00011501000010000300,,NANR animation,Confirmed,True,False,,,,,,,,,,False,False
/graphic/nutmixer.narc,/graphic/nutmixer.narc!/member_00022,0,/graphic/nutmixer.narc,294,22,,34508,35009,34072,34573,501,86cee0aef164af2fc8dafd597fcd9bd5204a56a86e9dd4e17e9818c1321524f6,5245434efffe0001f501000010000300,,NCER cell,Confirmed,True,False,,,,,,,,,,False,False
/graphic/nutmixer.narc,/graphic/nutmixer.narc!/member_00023,0,/graphic/nutmixer.narc,294,23,,35012,40180,34576,39744,5168,50aac54f4e15fb5856b6c8ee5e2338fe7f8491ab244647dd0d01f5c3fdf14eaa,5247434efffe01013014000010000100,,NCGR graphics,Confirmed,True,False,,,,,,,,,,False,False
/graphic/nutmixer.narc,/graphic/nutmixer.narc!/member_00024,0,/graphic/nutmixer.narc,294,24,,40180,40448,39744,40012,268,69fc461786ab255b21da1cafb74121d1d25864e17983cea32f8cc0a74044eb9b,524e414efffe00010c01000010000300,,NANR animation,Confirmed,True,False,,,,,,,,,,False,False
/graphic/nutmixer.narc,/graphic/nutmixer.narc!/member_00025,0,/graphic/nutmixer.narc,294,25,,40448,41028,40012,40592,580,3a4bbf910bb01a81bdd1cd3943ca9c6574deb13d140164d0add03f4c97e1395c,5245434efffe00014402000010000300,,NCER cell,Confirmed,True,False,,,,,,,,,,False,False
/graphic/nutmixer.narc,/graphic/nutmixer.narc!/member_00026,0,/graphic/nutmixer.narc,294,26,,41028,46452,40592,46016,5424,ba9048f4ca4355c690fb5aca9b0ae3f4c90541f8ba62e7aed90a9527eabf9828,5247434efffe01013015000010000100,,NCGR graphics,Confirmed,True,False,,,,,,,,,,False,False
/graphic/nutmixer.narc,/graphic/nutmixer.narc!/member_00027,0,/graphic/nutmixer.narc,294,27,,46452,46583,46016,46147,131,461e396804693e963f6f25b4ece53de89dfff93249de056ccb8701c1a0af1b41,524e414efffe00018300000010000300,,NANR animation,Confirmed,True,False,,,,,,,,,,False,False
/graphic/nutmixer.narc,/graphic/nutmixer.narc!/member_00028,0,/graphic/nutmixer.narc,294,28,,46584,46815,46148,46379,231,66a930857dda2edf04f16f0c169ecfc88ed47f446c8ce9907e7fb953d64aa718,5245434efffe0001e700000010000300,,NCER cell,Confirmed,True,False,,,,,,,,,,False,False
/graphic/nutmixer.narc,/graphic/nutmixer.narc!/member_00029,0,/graphic/nutmixer.narc,294,29,,46816,49296,46380,48860,2480,d6cba0abd26986aec33d40e01ecaa88286e28a4cfb8e55f5146d5ea817ee52d4,5247434efffe0101b009000010000100,,NCGR graphics,Confirmed,True,False,,,,,,,,,,False,False
/graphic/nutmixer.narc,/graphic/nutmixer.narc!/member_00030,0,/graphic/nutmixer.narc,294,30,,49296,49432,48860,48996,136,be8a1531fb9099e1a3f893fe0648d572f2d731753b4562c33ecb53fb15fc5bdc,524e414efffe00018800000010000300,,NANR animation,Confirmed,True,False,,,,,,,,,,False,False
/graphic/nutmixer.narc,/graphic/nutmixer.narc!/member_00031,0,/graphic/nutmixer.narc,294,31,,49432,49628,48996,49192,196,02e68070be08e0b89d13ced1d595cae72f629bcbd112e8b0eae8635c484f7dae,5245434efffe0001c400000010000300,,NCER cell,Confirmed,True,False,,,,,,,,,,False,False
/graphic/nutmixer.narc,/graphic/nutmixer.narc!/member_00032,0,/graphic/nutmixer.narc,294,32,,49628,52748,49192,52312,3120,462e001e43150232ad42bbb36ba4d27b15190d8591c6eb55dd6cfed1f44a64fb,5247434efffe0101300c000010000100,,NCGR graphics,Confirmed,True,False,,,,,,,,,,False,False
/graphic/nutmixer.narc,/graphic/nutmixer.narc!/member_00033,0,/graphic/nutmixer.narc,294,33,,52748,53300,52312,52864,552,cffd2c1f75c39ae7b4fef2b9754e2b91ce2b4cbddee0f6512f84095e92ca86a8,524c434efffe00012802000010000100,,NCLR palette,Confirmed,True,False,,,,,,,,,,False,False
/graphic/nutmixer.narc,/graphic/nutmixer.narc!/member_00034,0,/graphic/nutmixer.narc,294,34,,53300,86132,52864,85696,32832,c1f0812b6f18bac9d567f2d0d8ec6b4474fb40c4c3038534f0597bee2bc7dca8,5247434efffe01014080000010000200,,NCGR graphics,Confirmed,True,False,,,,,,,,,,False,False
/graphic/nutmixer.narc,/graphic/nutmixer.narc!/member_00035,0,/graphic/nutmixer.narc,294,35,,86132,86684,85696,86248,552,921830b9c2c8ee5b7d61bf873e0527ee4568da69a38d7152f2047209dc46b1cf,524c434efffe00012802000010000100,,NCLR palette,Confirmed,True,False,,,,,,,,,,False,False
/graphic/nutmixer.narc,/graphic/nutmixer.narc!/member_00036,0,/graphic/nutmixer.narc,294,36,,86684,87236,86248,86800,552,648970f57e7ea7c124f072d109b11d64fda1e7e5a9f959a5f9209695db25167b,524c434efffe00012802000010000100,,NCLR palette,Confirmed,True,False,,,,,,,,,,False,False
/graphic/nutmixer.narc,/graphic/nutmixer.narc!/member_00037,0,/graphic/nutmixer.narc,294,37,,87236,87788,86800,87352,552,9b19fc9e5136a6c2c6a184a2cf4c1890697dc44b5fdf1c96d7a30ec65788cf9b,524c434efffe00012802000010000100,,NCLR palette,Confirmed,True,False,,,,,,,,,,False,False
/graphic/nutmixer.narc,/graphic/nutmixer.narc!/member_00038,0,/graphic/nutmixer.narc,294,38,,87788,120620,87352,120184,32832,49c36c4456592284136b060318e79d2381119e4f75458df5d94cb0eb04de46dc,5247434efffe01014080000010000200,,NCGR graphics,Confirmed,True,False,,,,,,,,,,False,False
/graphic/nutmixer.narc,/graphic/nutmixer.narc!/member_00039,0,/graphic/nutmixer.narc,294,39,,120620,121172,120184,120736,552,f353e662b0908bce2b4f876be227bd2813fb05410a36646e1d29f4fa8303c161,524c434efffe00012802000010000100,,NCLR palette,Confirmed,True,False,,,,,,,,,,False,False
/graphic/nutmixer.narc,/graphic/nutmixer.narc!/member_00040,0,/graphic/nutmixer.narc,294,40,,121172,154004,120736,153568,32832,70e29c24b522b6ef6a2b6abdb77b7838fa217178c927bd480e00ec1a3a306af7,5247434efffe01014080000010000200,,NCGR graphics,Confirmed,True,False,,,,,,,,,,False,False
/graphic/nutmixer.narc,/graphic/nutmixer.narc!/member_00041,0,/graphic/nutmixer.narc,294,41,,154004,154556,153568,154120,552,700f9f15bdd41ccb82790987788f2f41edac456d76dc74a26ca6ee0ddd5fc4ac,524c434efffe00012802000010000100,,NCLR palette,Confirmed,True,False,,,,,,,,,,False,False
/graphic/nutmixer.narc,/graphic/nutmixer.narc!/member_00042,0,/graphic/nutmixer.narc,294,42,,154556,162812,154120,162376,8256,90855acbbdd3f3d8f5aa4ab2f21e34a386c00435dd1d8404e51a351c5921ada5,5247434efffe01014020000010000200,,NCGR graphics,Confirmed,True,False,,,,,,,,,,False,False
/graphic/nutmixer.narc,/graphic/nutmixer.narc!/member_00043,0,/graphic/nutmixer.narc,294,43,,162812,163364,162376,162928,552,32609fcd173c3aecfd9e9e593dd695b0c76b6be6923575fbf6a74aeb820a7709,524c434efffe00012802000010000100,,NCLR palette,Confirmed,True,False,,,,,,,,,,False,False
/graphic/nutmixer.narc,/graphic/nutmixer.narc!/member_00044,0,/graphic/nutmixer.narc,294,44,,163364,171620,162928,171184,8256,294d8475a1b09def320561d23657a043b9d02676006f6e7c156ce2255df647ce,5247434efffe01014020000010000200,,NCGR graphics,Confirmed,True,False,,,,,,,,,,False,False
/graphic/nutmixer.narc,/graphic/nutmixer.narc!/member_00045,0,/graphic/nutmixer.narc,294,45,,171620,172172,171184,171736,552,e51f185d6934a8f16b5790e492713115d5b5375358888119a73525c613cf1407,524c434efffe00012802000010000100,,NCLR palette,Confirmed,True,False,,,,,,,,,,False,False
/graphic/nutmixer.narc,/graphic/nutmixer.narc!/member_00046,0,/graphic/nutmixer.narc,294,46,,172172,180428,171736,179992,8256,25ebcdaec3658e74058e6ed36176645a139dadf8e5aac810b746e171bcdb9d7e,5247434efffe01014020000010000200,,NCGR graphics,Confirmed,True,False,,,,,,,,,,False,False
/graphic/nutmixer.narc,/graphic/nutmixer.narc!/member_00047,0,/graphic/nutmixer.narc,294,47,,180428,180980,179992,180544,552,29fa0f3df06d97ed8cf180d0bf06f2fd38531e4caf1335fc6b9bc2c35f3c77ed,524c434efffe00012802000010000100,,NCLR palette,Confirmed,True,False,,,,,,,,,,False,False
/graphic/oekaki.narc,/graphic/oekaki.narc!/member_00000,0,/graphic/oekaki.narc,295,0,,124,676,0,552,552,23113b3db36eb78cefff5d60f7b5ca8b58d3b5c45092b2a87f55587537e4b823,524c434efffe00012802000010000100,,NCLR palette,Confirmed,True,False,,,,,,,,,,False,False
/graphic/oekaki.narc,/graphic/oekaki.narc!/member_00001,0,/graphic/oekaki.narc,295,1,,676,1228,552,1104,552,d70086ce86445ccb03a13ab5e6942dd7b5d354a5748ab445b9957fb006ad78bb,524c434efffe00012802000010000100,,NCLR palette,Confirmed,True,False,,,,,,,,,,False,False
/graphic/oekaki.narc,/graphic/oekaki.narc!/member_00002,0,/graphic/oekaki.narc,295,2,,1228,1598,1104,1474,370,3fdf3346cf605b5e4e7820c2cb52b404dc99821f9abb17fa5dbab5165f902097,10400600005247434efffe0101004006,,Nintendo LZ10,Probable,,True,Nintendo LZ10,Confirmed,True,1600,True,1600,f4e686c3ef012ea33ce2858e68a6188f176bf232288487b51a687df3c6fc8e46,NCGR graphics,Confirmed,False,False
/graphic/oekaki.narc,/graphic/oekaki.narc!/member_00003,0,/graphic/oekaki.narc,295,3,,1600,2048,1476,1924,448,24a1d5e6f22cd1133ce4f661e989ea004c369a58a6244663cc26c1236e487cb2,10000700005247434efffe0101000007,,Nintendo LZ10,Probable,,True,Nintendo LZ10,Confirmed,True,1792,True,1792,5b1ffec39b25592024c3f82804f3e7de4021e66f038b6c91743b0458d5c0542a,NCGR graphics,Confirmed,False,False
/graphic/oekaki.narc,/graphic/oekaki.narc!/member_00004,0,/graphic/oekaki.narc,295,4,,2048,2345,1924,2221,297,41e40e251eccfc8360fd5921c2977568dbbb8fa2cf46307e80caaf3975eaee39,10240600005243534efffe0001002406,,Nintendo LZ10,Probable,,True,Nintendo LZ10,Confirmed,True,1572,True,1572,8dcdf745ca91c6be5a687b20e025907b8e65e47212d0e5f08b735db0e64201d5,NSCR screen map,Confirmed,False,False
/graphic/oekaki.narc,/graphic/oekaki.narc!/member_00005,0,/graphic/oekaki.narc,295,5,,2348,2611,2224,2487,263,3dbae8eab07594052073718838b7d73d3ac8c68e49e30653bb950ebc206608d9,10240600005243534efffe0001002406,,Nintendo LZ10,Probable,,True,Nintendo LZ10,Confirmed,True,1572,True,1572,70e6a87d53fda8a915f7deeca939cb0c62fb10db04539ed26771289095cb0d12,NSCR screen map,Confirmed,False,False
/graphic/oekaki.narc,/graphic/oekaki.narc!/member_00006,0,/graphic/oekaki.narc,295,6,,2612,4054,2488,3930,1442,d2cec459cff1698429f5e5d92c4b3e9b866c8ce710975d2c3377fd7f8a31be2d,10701d00005247434efffe010100701d,,Nintendo LZ10,Probable,,True,Nintendo LZ10,Confirmed,True,7536,True,7536,e5d8a5f024f1ac8add7ecc80542c2a2312c66666030201d185c1d34bdf0dfa0c,NCGR graphics,Confirmed,False,False
/graphic/oekaki.narc,/graphic/oekaki.narc!/member_00007,0,/graphic/oekaki.narc,295,7,,4056,4725,3932,4601,669,4c4c1cf203f36b9e3519e36a28ea7772a03f0cfc819deb93d2321b3a470bb42e,10560500005245434efffe0001005605,,Nintendo LZ10,Probable,,True,Nintendo LZ10,Confirmed,True,1366,True,1366,192edcad6077cfcf52adbef34d3199c5a04149e53695fa46dd6238b0a53647c8,NCER cell,Confirmed,False,False
/graphic/oekaki.narc,/graphic/oekaki.narc!/member_00008,0,/graphic/oekaki.narc,295,8,,4728,5410,4604,5286,682,90dc050c95823d75362dad9cde01d36ff04d900bcb3dd80186ba8378f56d6667,1052060000524e414efffe0001005206,,Nintendo LZ10,Probable,,True,Nintendo LZ10,Confirmed,True,1618,True,1618,2462c2a20fe92078e475e584db2b5155ac14a73a172989509a5e4bcaaae1224e,NANR animation,Confirmed,False,False
/graphic/opening.narc,/graphic/opening.narc!/member_00000,0,/graphic/opening.narc,296,0,,220,1280,0,1060,1060,7fc918bb8749fac62cd885a876e71bce1359b4268fbc9c72a8930ce768c40704,5243534efffe00012404000010000100,,NSCR screen map,Confirmed,True,False,,,,,,,,,,False,False
/graphic/opening.narc,/graphic/opening.narc!/member_00001,0,/graphic/opening.narc,296,1,,1280,2340,1060,2120,1060,0cb23b5b8481909fcf877c13dc29daf1dd0b85254a42455ddf26f82676e5a47b,5243534efffe00012404000010000100,,NSCR screen map,Confirmed,True,False,,,,,,,,,,False,False
/graphic/opening.narc,/graphic/opening.narc!/member_00002,0,/graphic/opening.narc,296,2,,2340,4452,2120,4232,2112,27e29b5d211d7328c8986c8c9d5e062fdb2521a2eb07484bf85cb73979f39fca,5247434efffe01014008000010000200,,NCGR graphics,Confirmed,True,False,,,,,,,,,,False,False
/graphic/opening.narc,/graphic/opening.narc!/member_00003,0,/graphic/opening.narc,296,3,,4452,6024,4232,5804,1572,eff297d363f8a873ef858f6e83acb7ca9228a92a9a8ab4f29d225f028c2a5273,5243534efffe00012406000010000100,,NSCR screen map,Confirmed,True,False,,,,,,,,,,False,False
/graphic/opening.narc,/graphic/opening.narc!/member_00004,0,/graphic/opening.narc,296,4,,6024,7596,5804,7376,1572,51b76e204357b4b8e1d7093b1ae22160e35f248f9f59a7b50513f60a086524f2,5243534efffe00012406000010000100,,NSCR screen map,Confirmed,True,False,,,,,,,,,,False,False
/graphic/opening.narc,/graphic/opening.narc!/member_00005,0,/graphic/opening.narc,296,5,,7596,8148,7376,7928,552,809c7d56e231b8ac9a5777ca20f0412921e2bcd6af53f1a033849c4bae83e108,524c434efffe00012802000010000100,,NCLR palette,Confirmed,True,False,,,,,,,,,,False,False
/graphic/opening.narc,/graphic/opening.narc!/member_00006,0,/graphic/opening.narc,296,6,,8148,8700,7928,8480,552,30eff511b0e8540916d31ecb7a0c83a8c509a5ef5705a05050058af1eb6881c0,524c434efffe00012802000010000100,,NCLR palette,Confirmed,True,False,,,,,,,,,,False,False
/graphic/opening.narc,/graphic/opening.narc!/member_00007,0,/graphic/opening.narc,296,7,,8700,8854,8480,8634,154,2db7fb78dd747f600d608eae538a07457399a8d7d5d878debe6439464a1d543f,524e414efffe00019a00000010000300,,NANR animation,Confirmed,True,False,,,,,,,,,,False,False
/graphic/opening.narc,/graphic/opening.narc!/member_00008,0,/graphic/opening.narc,296,8,,8856,9018,8636,8798,162,d6da115210cd5b1987769c116a95ea675db523633a33ffbf7dc3b891d3aeb5b6,5245434efffe0001a200000010000300,,NCER cell,Confirmed,True,False,,,,,,,,,,False,False
/graphic/opening.narc,/graphic/opening.narc!/member_00009,0,/graphic/opening.narc,296,9,,9020,9572,8800,9352,552,ebde89263df4485c4c3f04820cbbddae266f498d3fe5caf7871be1202b78623c,524c434efffe00012802000010000100,,NCLR palette,Confirmed,True,False,,,,,,,,,,False,False
/graphic/opening.narc,/graphic/opening.narc!/member_00010,0,/graphic/opening.narc,296,10,,9572,9683,9352,9463,111,30249884bd91f10bc9d4e13e7b1495f09991b6f488405a0cdbb61cfb402d10ca,524e414efffe00016f00000010000300,,NANR animation,Confirmed,True,False,,,,,,,,,,False,False
/graphic/opening.narc,/graphic/opening.narc!/member_00011,0,/graphic/opening.narc,296,11,,9684,9811,9464,9591,127,ba45f2783ee1759ef6d8a920f4e9b47f6e53e9349ba868a41020287c1ca9c27f,5245434efffe00017f00000010000300,,NCER cell,Confirmed,True,False,,,,,,,,,,False,False
/graphic/opening.narc,/graphic/opening.narc!/member_00012,0,/graphic/opening.narc,296,12,,9812,10364,9592,10144,552,fe2de50f2b5f45e06825d02b1fd707f02d32141045b41be94bc96ed31a6b9262,524c434efffe00012802000010000100,,NCLR palette,Confirmed,True,False,,,,,,,,,,False,False
/graphic/opening.narc,/graphic/opening.narc!/member_00013,0,/graphic/opening.narc,296,13,,10364,17596,10144,17376,7232,701b72f13408767c2fa50c94f40865b693065d37ed2776806d94619ce0f65cf2,5247434efffe0101401c000010000200,,NCGR graphics,Confirmed,True,False,,,,,,,,,,False,False
/graphic/opening.narc,/graphic/opening.narc!/member_00014,0,/graphic/opening.narc,296,14,,17596,18148,17376,17928,552,20abd4af1a2f695a71c9fd3609df665e0327bb9423e130a3add0fa4e825ebc21,524c434efffe00012802000010000100,,NCLR palette,Confirmed,True,False,,,,,,,,,,False,False
/graphic/opening.narc,/graphic/opening.narc!/member_00015,0,/graphic/opening.narc,296,15,,18148,19720,17928,19500,1572,75dbea15b16821a1655aa9e0bc48f1f3ba5a547c26d201057c3f47195c7a7832,5243534efffe00012406000010000100,,NSCR screen map,Confirmed,True,False,,,,,,,,,,False,False
/graphic/opening.narc,/graphic/opening.narc!/member_00016,0,/graphic/opening.narc,296,16,,19720,21292,19500,21072,1572,94adf5d1a677a75b7bbf4ece0bb063e228e45d167a53c2e9b4de486a7f840870,5243534efffe00012406000010000100,,NSCR screen map,Confirmed,True,False,,,,,,,,,,False,False
/graphic/opening.narc,/graphic/opening.narc!/member_00017,0,/graphic/opening.narc,296,17,,21292,22864,21072,22644,1572,4169a44a2e73ccc2e2dbacec5a46ed27e1c93cda00f5112d04843113a013af91,5243534efffe00012406000010000100,,NSCR screen map,Confirmed,True,False,,,,,,,,,,False,False
/graphic/opening.narc,/graphic/opening.narc!/member_00018,0,/graphic/opening.narc,296,18,,22864,24436,22644,24216,1572,df5bc64ec40c3986c67a9e52e95a28a39d301fbd319daaa0d8e6f07814ae5f88,5243534efffe00012406000010000100,,NSCR screen map,Confirmed,True,False,,,,,,,,,,False,False
/graphic/opening.narc,/graphic/opening.narc!/member_00019,0,/graphic/opening.narc,296,19,,24436,26008,24216,25788,1572,340d06c7bbd7c0a1eef1999d27dd8033bd8889e1eb1d7b43e9933e3b5ab725e2,5243534efffe00012406000010000100,,NSCR screen map,Confirmed,True,False,,,,,,,,,,False,False
/graphic/opening.narc,/graphic/opening.narc!/member_00020,0,/graphic/opening.narc,296,20,,26008,27580,25788,27360,1572,27b97109042068837fac02686665432d170c1d65149d7133f2af80e740a9a626,5243534efffe00012406000010000100,,NSCR screen map,Confirmed,True,False,,,,,,,,,,False,False
/graphic/plist_gra.narc,/graphic/plist_gra.narc!/member_00000,0,/graphic/plist_gra.narc,297,0,,244,398,0,154,154,53d8003155752aef909e602429463b97160b13b7f7aaabfcc4e799503e41ab86,524e414efffe00019a00000010000300,,NANR animation,Confirmed,True,False,,,,,,,,,,False,False
/graphic/plist_gra.narc,/graphic/plist_gra.narc!/member_00001,0,/graphic/plist_gra.narc,297,1,,400,542,156,298,142,366eee3bf3cdfe80ac3a383ef8600120264d29f5ace77e2acc530e2c0a9cb9e9,5245434efffe00018e00000010000300,,NCER cell,Confirmed,True,False,,,,,,,,,,False,False
/graphic/plist_gra.narc,/graphic/plist_gra.narc!/member_00002,0,/graphic/plist_gra.narc,297,2,,544,1616,300,1372,1072,1290da34fb34576257e3851e50c6489bd10f8592c3b76aa42282115e6492b86c,5247434efffe01013004000010000100,,NCGR graphics,Confirmed,True,False,,,,,,,,,,False,False
/graphic/plist_gra.narc,/graphic/plist_gra.narc!/member_00003,0,/graphic/plist_gra.narc,297,3,,1616,4240,1372,3996,2624,96ed56b5007f974d93513a727a25af4fc244c69694af096a2dd4cc8afc4bcc3c,5247434efffe0101400a000010000200,,NCGR graphics,Confirmed,True,False,,,,,,,,,,False,False
/graphic/plist_gra.narc,/graphic/plist_gra.narc!/member_00004,0,/graphic/plist_gra.narc,297,4,,4240,4792,3996,4548,552,369f5579d706b3ae170a44ca6a3536b21d998258a1a1de57673d2ddd1e42ed35,524c434efffe00012802000010000100,,NCLR palette,Confirmed,True,False,,,,,,,,,,False,False
/graphic/plist_gra.narc,/graphic/plist_gra.narc!/member_00005,0,/graphic/plist_gra.narc,297,5,,4792,5032,4548,4788,240,5f66081cd47afde0c6cbe141dbc27a9d046ce7c8b2fdfb6f656219872ecaa17d,524e414efffe0001f000000010000300,,NANR animation,Confirmed,True,False,,,,,,,,,,False,False
/graphic/plist_gra.narc,/graphic/plist_gra.narc!/member_00006,0,/graphic/plist_gra.narc,297,6,,5032,5368,4788,5124,336,02bf1fd5ed12acd69b03487ba949e5ee18d39a917862d447cede2aefc77b7c1a,5245434efffe00015001000010000300,,NCER cell,Confirmed,True,False,,,,,,,,,,False,False
/graphic/plist_gra.narc,/graphic/plist_gra.narc!/member_00007,0,/graphic/plist_gra.narc,297,7,,5368,14632,5124,14388,9264,4d2da64f491bbfda3aea81dd9d61c9361efa5dfcd32c8402cf901fce0f8ef175,5247434efffe01013024000010000100,,NCGR graphics,Confirmed,True,False,,,,,,,,,,False,False
/graphic/plist_gra.narc,/graphic/plist_gra.narc!/member_00008,0,/graphic/plist_gra.narc,297,8,,14632,15184,14388,14940,552,ad4b93165883189056d93937f5164bed1b30d925b7c591b7d21c0ed61fc86285,524c434efffe00012802000010000100,,NCLR palette,Confirmed,True,False,,,,,,,,,,False,False
/graphic/plist_gra.narc,/graphic/plist_gra.narc!/member_00009,0,/graphic/plist_gra.narc,297,9,,15184,15424,14940,15180,240,5f66081cd47afde0c6cbe141dbc27a9d046ce7c8b2fdfb6f656219872ecaa17d,524e414efffe0001f000000010000300,,NANR animation,Confirmed,True,False,,,,,,,,,,False,False
/graphic/plist_gra.narc,/graphic/plist_gra.narc!/member_00010,0,/graphic/plist_gra.narc,297,10,,15424,15712,15180,15468,288,4809f9ccd48e9cc7f80a926c1d6cd18e16ae972ebbd589db498f842b3460aa37,5245434efffe00012001000010000300,,NCER cell,Confirmed,True,False,,,,,,,,,,False,False
/graphic/plist_gra.narc,/graphic/plist_gra.narc!/member_00011,0,/graphic/plist_gra.narc,297,11,,15712,17680,15468,17436,1968,135bde8980cf7799c599d18490e9a068d17633616f9330b1e03dd070e0458d94,5247434efffe0101b007000010000100,,NCGR graphics,Confirmed,True,False,,,,,,,,,,False,False
/graphic/plist_gra.narc,/graphic/plist_gra.narc!/member_00012,0,/graphic/plist_gra.narc,297,12,,17680,25936,17436,25692,8256,abd2af3fdb103493f3c8747639eb83eb72f90b0f7697c117884648bce61a4895,5247434efffe01014020000010000200,,NCGR graphics,Confirmed,True,False,,,,,,,,,,False,False
/graphic/plist_gra.narc,/graphic/plist_gra.narc!/member_00013,0,/graphic/plist_gra.narc,297,13,,25936,26488,25692,26244,552,b4cfe44fd0aefa26ee7e2e029ddc689e9ba7aa9fa7caf7b54b6b01da3799a84d,524c434efffe00012802000010000100,,NCLR palette,Confirmed,True,False,,,,,,,,,,False,False
/graphic/plist_gra.narc,/graphic/plist_gra.narc!/member_00014,0,/graphic/plist_gra.narc,297,14,,26488,28572,26244,28328,2084,0a9de3b0d970313841f8f16f41415fe41bf5de879489adb491d24d9d24d7ec29,5243534efffe00012408000010000100,,NSCR screen map,Confirmed,True,False,,,,,,,,,,False,False
/graphic/plist_gra.narc,/graphic/plist_gra.narc!/member_00015,0,/graphic/plist_gra.narc,297,15,,28572,33756,28328,33512,5184,9916abedb587b9e536b4044ea1de042b14ab119d8e4bf1c160f7e8f5ca61b9a4,5247434efffe01014014000010000200,,NCGR graphics,Confirmed,True,False,,,,,,,,,,False,False
/graphic/plist_gra.narc,/graphic/plist_gra.narc!/member_00016,0,/graphic/plist_gra.narc,297,16,,33756,34308,33512,34064,552,9638f55643adcd849992416dc78d9255fc29052d3ca25bc491b886f55998e667,524c434efffe00012802000010000100,,NCLR palette,Confirmed,True,False,,,,,,,,,,False,False
/graphic/plist_gra.narc,/graphic/plist_gra.narc!/member_00017,0,/graphic/plist_gra.narc,297,17,,34308,36392,34064,36148,2084,d4b39bad93eaacd7dcceb1b52e4c1a5b8d4ea64ef81b9e1921a6c19144af1605,5243534efffe00012408000010000100,,NSCR screen map,Confirmed,True,False,,,,,,,,,,False,False
/graphic/plist_gra.narc,/graphic/plist_gra.narc!/member_00018,0,/graphic/plist_gra.narc,297,18,,36392,36589,36148,36345,197,e124537f5539606d44c2acac27dd64082aeb95f25729f955a9bce532eca8f209,524e414efffe0001c500000010000300,,NANR animation,Confirmed,True,False,,,,,,,,,,False,False
/graphic/plist_gra.narc,/graphic/plist_gra.narc!/member_00019,0,/graphic/plist_gra.narc,297,19,,36592,36773,36348,36529,181,cd6ca7c577e6b08570a6b77c34c328cdd570dc6ae0f5cbb83dcad560e4afe310,5245434efffe0001b500000010000300,,NCER cell,Confirmed,True,False,,,,,,,,,,False,False
/graphic/plist_gra.narc,/graphic/plist_gra.narc!/member_00020,0,/graphic/plist_gra.narc,297,20,,36776,36920,36532,36676,144,c86908497ffe670459ca6cab1e16fb104a4f7e1560af10cacd0a9613fc1160d7,5247434efffe01019000000010000100,,NCGR graphics,Confirmed,True,False,,,,,,,,,,False,False
/graphic/plist_gra.narc,/graphic/plist_gra.narc!/member_00021,0,/graphic/plist_gra.narc,297,21,,36920,37472,36676,37228,552,d0f9b2a2f3f1e8e896023351af63edfe69fa0dd9d12d92177a6e7ab7ed69fca8,524c434efffe00012802000010000100,,NCLR palette,Confirmed,True,False,,,,,,,,,,False,False
/graphic/plist_gra.narc,/graphic/plist_gra.narc!/member_00022,0,/graphic/plist_gra.narc,297,22,,37472,39556,37228,39312,2084,73dd3fd194d7c351e7d8e51d0bde6d4ccb9cdb36d9e7541ca27881bbeb8466a5,5243534efffe00012408000010000100,,NSCR screen map,Confirmed,True,False,,,,,,,,,,False,False
/graphic/plist_gra.narc,/graphic/plist_gra.narc!/member_00023,0,/graphic/plist_gra.narc,297,23,,39556,40108,39312,39864,552,06ca9135697cbfcf8555117308985d65e4f6c3aad2abda2bdde25ea762dcbc04,524c434efffe00012802000010000100,,NCLR palette,Confirmed,True,False,,,,,,,,,,False,False
/graphic/pmsi.narc,/graphic/pmsi.narc!/member_00000,0,/graphic/pmsi.narc,298,0,,260,570,0,310,310,e4cecf3b54997d46cdd9a7cce52c7ada2de4c364291383ff1643fa026ee6ef05,10240800005243534efffe0001002408,,Nintendo LZ10,Probable,,True,Nintendo LZ10,Confirmed,True,2084,True,2084,12b91eda62824a904c36f63ae716a96b578145a63766d39b5f9bd1560bc39dab,NSCR screen map,Confirmed,False,False
/graphic/pmsi.narc,/graphic/pmsi.narc!/member_00001,0,/graphic/pmsi.narc,298,1,,572,773,312,513,201,b031abf15289548f26b57fcd18bc5d9ce5c2b9c6357f29fdd539e040cd743a19,10400300005247434efffe0101004003,,Nintendo LZ10,Probable,,True,Nintendo LZ10,Confirmed,True,832,True,832,32696a6919f04801f53f7067a79e8ad897deba899cda859d43ac7de1fe7136b7,NCGR graphics,Confirmed,False,False
/graphic/pmsi.narc,/graphic/pmsi.narc!/member_00002,0,/graphic/pmsi.narc,298,2,,776,1387,516,1127,611,046125c9d0a633387424963f58845b12c14054f0946634fb49a00bbf42d5494f,10241000005243534efffe0001002410,,Nintendo LZ10,Probable,,True,Nintendo LZ10,Confirmed,True,4132,True,4132,5edc564cd0c4658062d3c173bf1e8057dfd17ab020608598e3be83755481aede,NSCR screen map,Confirmed,False,False
/graphic/pmsi.narc,/graphic/pmsi.narc!/member_00003,0,/graphic/pmsi.narc,298,3,,1388,1725,1128,1465,337,814008ff9294869b02f1f4fa64082fa54b5c0766597538fd9be69a09bfd34370,10800500005247434efffe0101008005,,Nintendo LZ10,Probable,,True,Nintendo LZ10,Confirmed,True,1408,True,1408,e03ee5295219c94c6882ffa0e733de2de594afec2317eb1947e32f61c26486c5,NCGR graphics,Confirmed,False,False
/graphic/pmsi.narc,/graphic/pmsi.narc!/member_00004,0,/graphic/pmsi.narc,298,4,,1728,2035,1468,1775,307,e175553d8b343d0bdece9fc3b3f7ce1bc0a659abc21e53d038737c897df03045,10240800005243534efffe0001002408,,Nintendo LZ10,Probable,,True,Nintendo LZ10,Confirmed,True,2084,True,2084,60ea2764ba08eea57a5467736ed4c8ebbe4aadca04fefa64bd6119fbc1361f5e,NSCR screen map,Confirmed,False,False
/graphic/pmsi.narc,/graphic/pmsi.narc!/member_00005,0,/graphic/pmsi.narc,298,5,,2036,2147,1776,1887,111,d348f0d986e615364c94514419853102d0493984867cb2dc69655b0cbcafb2c3,10400100005247434efffe0101004001,,Nintendo LZ10,Probable,,True,Nintendo LZ10,Confirmed,True,320,True,320,471b45b348ce4a7e4d849cb5d200a21199d28f9bf672ffa6787e61ea5d50b7a7,NCGR graphics,Confirmed,False,False
/graphic/pmsi.narc,/graphic/pmsi.narc!/member_00006,0,/graphic/pmsi.narc,298,6,,2148,2680,1888,2420,532,cc2f6561e493731a24dba2878902bc929ed9365dd117b5990666bea01e94db32,524c434efffe00011402000010000200,,NCLR palette,Confirmed,True,False,,,,,,,,,,False,False
/graphic/pmsi.narc,/graphic/pmsi.narc!/member_00007,0,/graphic/pmsi.narc,298,7,,2680,3126,2420,2866,446,2c9a7be4102e26bc147ab927b46a4990a7c24337a235233f87d8f1403374fc5e,10a60200005245434efffe000100a602,,Nintendo LZ10,Probable,,True,Nintendo LZ10,Confirmed,True,678,True,678,f60c5a990054c2e188d19f0264c4f6d382c177de9cd85b5be17714844ebcabdc,NCER cell,Confirmed,False,False
/graphic/pmsi.narc,/graphic/pmsi.narc!/member_00008,0,/graphic/pmsi.narc,298,8,,3128,3610,2868,3350,482,db05669218a24a01ed66a76973c1e7f502895aa62f84b0447a3615dd0686976b,107e040000524e414efffe0001007e04,,Nintendo LZ10,Probable,,True,Nintendo LZ10,Confirmed,True,1150,True,1150,228c95b077ee7daf3abca326d162f66e8a0b3c7a01556399fd3d559f94078a84,NANR animation,Confirmed,False,False
/graphic/pmsi.narc,/graphic/pmsi.narc!/member_00009,0,/graphic/pmsi.narc,298,9,,3612,5536,3352,5276,1924,ad92f19b46080d699b440175507ba76d432b7a9806dec93ab54aa41f30e34cde,10303700005247434efffe0101003037,,Nintendo LZ10,Probable,,True,Nintendo LZ10,Confirmed,True,14128,True,14128,3771d9be083d018ebb98d0ab01b51fc7638ff4563bee8744ec686e8937309a07,NCGR graphics,Confirmed,False,False
/graphic/pmsi.narc,/graphic/pmsi.narc!/member_00010,0,/graphic/pmsi.narc,298,10,,5536,5626,5276,5366,90,136d1ccb0ae0476d7490efbb2e2d92b1c9cd50cce1552d6fb0652b190cefd8d1,524c434efffe00015a00000010000200,,NCLR palette,Confirmed,True,False,,,,,,,,,,False,False
/graphic/pmsi.narc,/graphic/pmsi.narc!/member_00011,0,/graphic/pmsi.narc,298,11,,5628,5914,5368,5654,286,ad83097f0103c42235ace83cc3bcb13f9dd7009c34b9a672950591046c82f9be,10240800005243534efffe0001002408,,Nintendo LZ10,Probable,,True,Nintendo LZ10,Confirmed,True,2084,True,2084,681409a77f676b259d4caf094206bd6df9adf6040dfffaee103cb470b6abb5d8,NSCR screen map,Confirmed,False,False
/graphic/pmsi.narc,/graphic/pmsi.narc!/member_00012,0,/graphic/pmsi.narc,298,12,,5916,6128,5656,5868,212,0c00321db4c7c446e6422e2890f7e40221e7d44e798597f7512b387d1f0fdd6c,10c00000005243534efffe000100c000,,Nintendo LZ10,Probable,,True,Nintendo LZ10,Confirmed,True,192,True,192,a4bf1f3aeb51166773ebdf4cf8753b969a69666fd45b5884f6bdce73fb96b52d,NSCR screen map,Confirmed,False,False
/graphic/pmsi.narc,/graphic/pmsi.narc!/member_00013,0,/graphic/pmsi.narc,298,13,,6128,6339,5868,6079,211,706e1d11df1d7e7d2a16474875e021136c3860c3e37ee697103a4268cc8d31fa,10c00000005243534efffe000100c000,,Nintendo LZ10,Probable,,True,Nintendo LZ10,Confirmed,True,192,True,192,95d713d0bcc90532abb5c104533c0476f0774327472c9e28652da8bc361e0f00,NSCR screen map,Confirmed,False,False
/graphic/pmsi.narc,/graphic/pmsi.narc!/member_00014,0,/graphic/pmsi.narc,298,14,,6340,6555,6080,6295,215,310852b329c6ab02323e7d11d6387bec4667a9f315067b59752f5a082aee6ee6,10c00000005243534efffe000100c000,,Nintendo LZ10,Probable,,True,Nintendo LZ10,Confirmed,True,192,True,192,c69825e167f618038b0a1fcca22fe485c5c8306f90a0931bb4eb9e09e2d910b0,NSCR screen map,Confirmed,False,False
/graphic/pmsi.narc,/graphic/pmsi.narc!/member_00015,0,/graphic/pmsi.narc,298,15,,6556,6771,6296,6511,215,376161646c6f50e970565af255b06d22080f9bb71cab54466c146ac1cb2c60ce,10c00000005243534efffe000100c000,,Nintendo LZ10,Probable,,True,Nintendo LZ10,Confirmed,True,192,True,192,34267c3207c64ff8b04c06f7e9700823523ff0d4be600e79e335c2c08876c2ac,NSCR screen map,Confirmed,False,False
/graphic/pmsi.narc,/graphic/pmsi.narc!/member_00016,0,/graphic/pmsi.narc,298,16,,6772,6987,6512,6727,215,9b55701f19d7cc452a51cdc1b3e43d3c7de03c79a87f68c6062d23ac8bd93d27,10c00000005243534efffe000100c000,,Nintendo LZ10,Probable,,True,Nintendo LZ10,Confirmed,True,192,True,192,581a56e77b27240e81b63b9850b7207a99390383f5d05ca79cfd030fb855c0a2,NSCR screen map,Confirmed,False,False
/graphic/pmsi.narc,/graphic/pmsi.narc!/member_00017,0,/graphic/pmsi.narc,298,17,,6988,7203,6728,6943,215,a948a1969b7149798603afdef5b3baacd841dea5d8adb66b786d60c683521946,10c00000005243534efffe000100c000,,Nintendo LZ10,Probable,,True,Nintendo LZ10,Confirmed,True,192,True,192,05a73e3994d85ca6f62bd4a37c570b7aefdf678701e88980226b22e8a0400b69,NSCR screen map,Confirmed,False,False
/graphic/pmsi.narc,/graphic/pmsi.narc!/member_00018,0,/graphic/pmsi.narc,298,18,,7204,7419,6944,7159,215,45adf8c30eaf7ec00de4da2e5c5623ffcdc99218d965a8eef1a127ef9ed6a72c,10c00000005243534efffe000100c000,,Nintendo LZ10,Probable,,True,Nintendo LZ10,Confirmed,True,192,True,192,fdd924802a9ec8dffaa17965ba732b9b63faf3e184b5c8f6ffcb65d16d326e11,NSCR screen map,Confirmed,False,False
/graphic/pmsi.narc,/graphic/pmsi.narc!/member_00019,0,/graphic/pmsi.narc,298,19,,7420,7635,7160,7375,215,772d4e76a3558610adbb333f40d2e3d6876662ee78a3773893f65f53efc3ac3f,10c00000005243534efffe000100c000,,Nintendo LZ10,Probable,,True,Nintendo LZ10,Confirmed,True,192,True,192,888954c441bf9d2b8b113c62847a48dd8f7cf548023570de98b3ebc1762e5f62,NSCR screen map,Confirmed,False,False
/graphic/pmsi.narc,/graphic/pmsi.narc!/member_00020,0,/graphic/pmsi.narc,298,20,,7636,10749,7376,10489,3113,acc3106c48280e33d4574999c960a9f2cb01ac9b351cc7311e446a1741453dff,10a04e00005247434efffe010100a04e,,Nintendo LZ10,Probable,,True,Nintendo LZ10,Confirmed,True,20128,True,20128,3477f43653299cc3c5c025f3b5793c75eb03a41d573df3b646095b24122080b8,NCGR graphics,Confirmed,False,False
/graphic/pmsi.narc,/graphic/pmsi.narc!/member_00021,0,/graphic/pmsi.narc,298,21,,10752,10876,10492,10616,124,3fb4147d45bd536a1362c4d3bf813333973521bf407ed8c98ff01d955b8fa422,524c434efffe00017c00000010000200,,NCLR palette,Confirmed,True,False,,,,,,,,,,False,False
/graphic/pmsi.narc,/graphic/pmsi.narc!/member_00022,0,/graphic/pmsi.narc,298,22,,10876,11063,10616,10803,187,6a91b8dfac132d6673ddcc92fa61f1b7e7fe18f624f63839a29aff62ce8f1f07,10200100005245434efffe0001002001,,Nintendo LZ10,Probable,,True,Nintendo LZ10,Confirmed,True,288,True,288,db8aa60c298f73d728387db0011ef3601b226aaf41264138f345a6a2e51f303e,NCER cell,Confirmed,False,False
/graphic/pmsi.narc,/graphic/pmsi.narc!/member_00023,0,/graphic/pmsi.narc,298,23,,11064,11237,10804,10977,173,415c5c91442d57e041ca87850799d9978f1ea013a04b05ca07dc534d6a54ea9a,1018010000524e414efffe0001001801,,Nintendo LZ10,Probable,,True,Nintendo LZ10,Confirmed,True,280,True,280,3178dbee5f74c97f39e402026372d45ea3ced72c61845d57cb74e757f12c0129,NANR animation,Confirmed,False,False
/graphic/pmsi.narc,/graphic/pmsi.narc!/member_00024,0,/graphic/pmsi.narc,298,24,,11240,12520,10980,12260,1280,63abff395253e5b1cfde7522fd459e707ca8f5a6680b6b1b1262c620f8c99943,10301800005247434efffe0101003018,,Nintendo LZ10,Probable,,True,Nintendo LZ10,Confirmed,True,6192,True,6192,73179c62702d2fe43e69c5d10fc0f3aa78eab6c004bbfa218f1cc30fbac6c90a,NCGR graphics,Confirmed,False,False
/graphic/pmsi.narc,/graphic/pmsi.narc!/member_00025,0,/graphic/pmsi.narc,298,25,,12520,12644,12260,12384,124,e84c092f8be4906eb187db619cfc4e8e409c2d0132345ac47e5055f2ced1c8ea,524c434efffe00017c00000010000200,,NCLR palette,Confirmed,True,False,,,,,,,,,,False,False
/graphic/poketch.narc,/graphic/poketch.narc!/member_00000,0,/graphic/poketch.narc,299,0,,1060,1612,0,552,552,d93807f0ba77aa1eb746ee08e00f629a18dac852520d9132a4dfa117d1c37562,524c434efffe00012802000010000100,,NCLR palette,Confirmed,True,False,,,,,,,,,,False,False
/graphic/poketch.narc,/graphic/poketch.narc!/member_00001,0,/graphic/poketch.narc,299,1,,1612,2164,552,1104,552,ace258499006c3901985a03819da8f5f17384de92f3854b5b821ac9384ccbd4a,524c434efffe00012802000010000100,,NCLR palette,Confirmed,True,False,,,,,,,,,,False,False
/graphic/poketch.narc,/graphic/poketch.narc!/member_00002,0,/graphic/poketch.narc,299,2,,2164,2548,1104,1488,384,77864d3b60eb6bd5aa3e166155fdb64be32e761f7a92c37548604a7d62fe872a,10300a00005247434efffe010100300a,,Nintendo LZ10,Probable,,True,Nintendo LZ10,Confirmed,True,2608,True,2608,58fd6a604c7eeab3376c8b7e5a7130a8f55163a76cdba43fba9e68900943a22f,NCGR graphics,Confirmed,False,False
/graphic/poketch.narc,/graphic/poketch.narc!/member_00003,0,/graphic/poketch.narc,299,3,,2548,2746,1488,1686,198,83be4c61ab4db1da6ce4c3ead0540fec956ba3b5d3b0bdcafc9b46e96fa443af,10660100005245434efffe0001006601,,Nintendo LZ10,Probable,,True,Nintendo LZ10,Confirmed,True,358,True,358,60a678e2ad0a5cab42e1d8aecdbef630fb33d1277b4b97509cadefaf9fc6579d,NCER cell,Confirmed,False,False
/graphic/poketch.narc,/graphic/poketch.narc!/member_00004,0,/graphic/poketch.narc,299,4,,2748,2993,1688,1933,245,07aa0797106e8d0e48d68b5131d8fff573aaa1d62daaa30a2154ac526297e7d4,10f2010000524e414efffe000100f201,,Nintendo LZ10,Probable,,True,Nintendo LZ10,Confirmed,True,498,True,498,4a2320aa135af27a1e6b7570dc4791c54555793637e1c27647721bd86ac1db05,NANR animation,Confirmed,False,False
/graphic/poketch.narc,/graphic/poketch.narc!/member_00005,0,/graphic/poketch.narc,299,5,,2996,3127,1936,2067,131,4da27ed6f587e05731d31fc94892bcedffeba087101a2b018850b0d756e8e010,10d80000005245434efffe000100d800,,Nintendo LZ10,Probable,,True,Nintendo LZ10,Confirmed,True,216,True,216,436a8d34f7c76c423385ebc5d3d595df3a8d530fe08855a0da91ffccea0d2b42,NCER cell,Confirmed,False,False
/graphic/poketch.narc,/graphic/poketch.narc!/member_00006,0,/graphic/poketch.narc,299,6,,3128,3382,2068,2322,254,f860da936aa352ae3b0204ac5e5adb97a5a71fa38390538e268ea15e7310d5ce,101c020000524e414efffe0001001c02,,Nintendo LZ10,Probable,,True,Nintendo LZ10,Confirmed,True,540,True,540,37f35e227a0fbf581c4d28e43dee68dec9c30185efe9d73ba0c9d28e107804a9,NANR animation,Confirmed,False,False
/graphic/poketch.narc,/graphic/poketch.narc!/member_00007,0,/graphic/poketch.narc,299,7,,3384,3468,2324,2408,84,4bad6429a3652e9124dda5ef3cf477760d0894f70c0cccbaace9cb0fb420a266,10c00000005247434efffe010100c000,,Nintendo LZ10,Probable,,True,Nintendo LZ10,Confirmed,True,192,True,192,3bcc40c318f6e66d02e8dd9cca8b903c8e3444fee338c12c0aecff856a1b8f59,NCGR graphics,Confirmed,False,False
/graphic/poketch.narc,/graphic/poketch.narc!/member_00008,0,/graphic/poketch.narc,299,8,,3468,5564,2408,4504,2096,22367da22461395714ba6a823c296c35b2d11219b9fa7b5dcc234f42efa64bcb,5247434efffe00013008000010000100,,NCGR graphics,Confirmed,True,False,,,,,,,,,,False,False
/graphic/poketch.narc,/graphic/poketch.narc!/member_00009,0,/graphic/poketch.narc,299,9,,5564,5654,4504,4594,90,ab33bc27829f431950003ca3b003f329035cca4c246478b8ff2d3cc7c1fc41fe,524c434efffe00015a00000010000200,,NCLR palette,Confirmed,True,False,,,,,,,,,,False,False
/graphic/poketch.narc,/graphic/poketch.narc!/member_00010,0,/graphic/poketch.narc,299,10,,5656,6157,4596,5097,501,82109a4dc40c4b3d3bce58d8a4d1cbbef6eb0ef503d08bc4a89fab4bdfd7f911,10400800005247434efffe0101004008,,Nintendo LZ10,Probable,,True,Nintendo LZ10,Confirmed,True,2112,True,2112,f43939ad1c086503920700df9d20af4c5768ec5c718d692a2b37d3828eeeb863,NCGR graphics,Confirmed,False,False
/graphic/poketch.narc,/graphic/poketch.narc!/member_00011,0,/graphic/poketch.narc,299,11,,6160,6595,5100,5535,435,0d844dc969e9d2205089bc304ee4a9348b2cc0853aee659b016efd4e0764dc3d,10240600005243534efffe0001002406,,Nintendo LZ10,Probable,,True,Nintendo LZ10,Confirmed,True,1572,True,1572,24b76bd2f3997b45c012468152bbe0dfd4c99daef3442d4aac1be1f7a5fadf15,NSCR screen map,Confirmed,False,False
/graphic/poketch.narc,/graphic/poketch.narc!/member_00012,0,/graphic/poketch.narc,299,12,,6596,6686,5536,5626,90,6ac665c0cb078f18bd8f64c6983f9a43993427004af3a17d2015b6834ef26814,524c434efffe00015a00000010000200,,NCLR palette,Confirmed,True,False,,,,,,,,,,False,False
/graphic/poketch.narc,/graphic/poketch.narc!/member_00013,0,/graphic/poketch.narc,299,13,,6688,6812,5628,5752,124,12c83c74ea82c25d1857f1f70eacc050df47d000cde1e2b13d7c7e19505018b1,524c434efffe00017c00000010000200,,NCLR palette,Confirmed,True,False,,,,,,,,,,False,False
/graphic/poketch.narc,/graphic/poketch.narc!/member_00014,0,/graphic/poketch.narc,299,14,,6812,8097,5752,7037,1285,362d14caaea5385d0a4407cecac0d6ca2e70b35cff490fe1381e600d2d583efe,10401500005247434efffe0101004015,,Nintendo LZ10,Probable,,True,Nintendo LZ10,Confirmed,True,5440,True,5440,6535982f9e3c2e54c746f394c1a9ec6647ef79d2250ada87949ffaa617ca316d,NCGR graphics,Confirmed,False,False
/graphic/poketch.narc,/graphic/poketch.narc!/member_00015,0,/graphic/poketch.narc,299,15,,8100,8469,7040,7409,369,d5a04f1d62fc3aa78aaa41a3719a8f68be784ea430516ffc8c2b2470114453f7,10240600005243534efffe0001002406,,Nintendo LZ10,Probable,,True,Nintendo LZ10,Confirmed,True,1572,True,1572,89f76f8450b645ef10c45f42790b81193ffd26f8a1ecc4b883f0ebe9315c9ce0,NSCR screen map,Confirmed,False,False
/graphic/poketch.narc,/graphic/poketch.narc!/member_00016,0,/graphic/poketch.narc,299,16,,8472,10159,7412,9099,1687,5fe0cede8f4cad1b2ecbb5e6ee7e03f347dfbed2657aacdd2ed4ebbc27fc3b06,10402d00005247434efffe010100402d,,Nintendo LZ10,Probable,,True,Nintendo LZ10,Confirmed,True,11584,True,11584,aa3658ee1e88f71f828108390ebd3e32a5febabd95fd004b1cdcc8248b6fb639,NCGR graphics,Confirmed,False,False
/graphic/poketch.narc,/graphic/poketch.narc!/member_00017,0,/graphic/poketch.narc,299,17,,10160,10713,9100,9653,553,bdc087f0bd02fc88476026cea31b15a53013607ee65c4f52b42020e1cc05dcef,10240800005243534efffe0001002408,,Nintendo LZ10,Probable,,True,Nintendo LZ10,Confirmed,True,2084,True,2084,5bb0814b38d1bc0c4ec5d6335b116f0bbe570da86956d760d824bb45bdf858ab,NSCR screen map,Confirmed,False,False
/graphic/poketch.narc,/graphic/poketch.narc!/member_00018,0,/graphic/poketch.narc,299,18,,10716,11353,9656,10293,637,04930c6059ecf7256469173b5264433eee223b05cd9f9e4c40ba3cce24ce2584,10f60300005245434efffe000100f603,,Nintendo LZ10,Probable,,True,Nintendo LZ10,Confirmed,True,1014,True,1014,ede378a1401317aedd81d02b601fcbb8f32f56c64d8370d1fdf97f5f719dc64a,NCER cell,Confirmed,False,False
/graphic/poketch.narc,/graphic/poketch.narc!/member_00019,0,/graphic/poketch.narc,299,19,,11356,11766,10296,10706,410,35efcc141416f6a58eca4ae7efd3f3c530ed62ab67a0448263703a2f9839c511,1076030000524e414efffe0001007603,,Nintendo LZ10,Probable,,True,Nintendo LZ10,Confirmed,True,886,True,886,1ee23d953992f2434c04d65d34666deda8ce106e415b66320910ce436964239b,NANR animation,Confirmed,False,False
/graphic/poketch.narc,/graphic/poketch.narc!/member_00020,0,/graphic/poketch.narc,299,20,,11768,12320,10708,11260,552,be8f55089bbbd05788ebe3ee3dbe9020df0c782051c3c2eda1bda1cbf54e4117,10240800005243534efffe0001002408,,Nintendo LZ10,Probable,,True,Nintendo LZ10,Confirmed,True,2084,True,2084,b4935fa22a7563f0007073813f5a6a9916542f07e9a65198a32f9883573f9b44,NSCR screen map,Confirmed,False,False
/graphic/poketch.narc,/graphic/poketch.narc!/member_00021,0,/graphic/poketch.narc,299,21,,12320,14178,11260,13118,1858,eddd83c0a970ac09568a712689337d6cab38b073734674080a72f38933c4aae8,10203300005247434efffe0101002033,,Nintendo LZ10,Probable,,True,Nintendo LZ10,Confirmed,True,13088,True,13088,e84a59a76fbfe80f20007567a4c75e99a847e2f4c646e8f8861f3f5813e53b53,NCGR graphics,Confirmed,False,False
/graphic/poketch.narc,/graphic/poketch.narc!/member_00022,0,/graphic/poketch.narc,299,22,,14180,15892,13120,14832,1712,f8029225fe6fc26541c6c2218f7e16203ab7ff071bf87fd69dcb704c7dcaca09,10b02b00005247434efffe010100b02b,,Nintendo LZ10,Probable,,True,Nintendo LZ10,Confirmed,True,11184,True,11184,408141ff6b497a9212d42b678b61780ecd1139b3fb258fe97dfe6589062ce938,NCGR graphics,Confirmed,False,False
/graphic/poketch.narc,/graphic/poketch.narc!/member_00023,0,/graphic/poketch.narc,299,23,,15892,16167,14832,15107,275,b7acc9fe41cd70340b1805cd051823927ebd03ce5392eaa1bd101e3b232a75cd,10400600005247434efffe0101004006,,Nintendo LZ10,Probable,,True,Nintendo LZ10,Confirmed,True,1600,True,1600,70ebd2659568cc6009f612a5069ee43ad7c6c26ecf61c94ed8ea57df3dba5baa,NCGR graphics,Confirmed,False,False
/graphic/poketch.narc,/graphic/poketch.narc!/member_00024,0,/graphic/poketch.narc,299,24,,16168,16486,15108,15426,318,3c26c0db758f28de885da82e985f55cb31adf2a6cfd6a5e6b752afe32005e176,10240600005243534efffe0001002406,,Nintendo LZ10,Probable,,True,Nintendo LZ10,Confirmed,True,1572,True,1572,ce56eadf28cd5b50a941dbfa6c496bb53418f88a1131417adad3bddc3683b95a,NSCR screen map,Confirmed,False,False
/graphic/poketch.narc,/graphic/poketch.narc!/member_00025,0,/graphic/poketch.narc,299,25,,16488,16652,15428,15592,164,20ec0a85f2b97ce509569cc2dc99bc88738d539ac9aecc810fd2fbfd0cff1457,10f40200005243534efffe000100f402,,Nintendo LZ10,Probable,,True,Nintendo LZ10,Confirmed,True,756,True,756,2fd23e7b62f2bba63ea135cd45588cfcbaebce2018240665491f743d0e253cc5,NSCR screen map,Confirmed,False,False
/graphic/poketch.narc,/graphic/poketch.narc!/member_00026,0,/graphic/poketch.narc,299,26,,16652,16880,15592,15820,228,ea1941d85c241447a0eb568bfcf347a4d283fed8c5f715a403700ca38e0ed9f3,10240600005243534efffe0001002406,,Nintendo LZ10,Probable,,True,Nintendo LZ10,Confirmed,True,1572,True,1572,5eddd4f062ff46f4a844368792a5c014ae7d89d38dd96a9c21e84864e65f10cf,NSCR screen map,Confirmed,False,False
/graphic/poketch.narc,/graphic/poketch.narc!/member_00027,0,/graphic/poketch.narc,299,27,,16880,19572,15820,18512,2692,95195850864c52ae63a386bc1acc68d10fbd37c6971d4f004ed51a38168be53a,105f1e00005245434efffe0001005f1e,,Nintendo LZ10,Probable,,True,Nintendo LZ10,Confirmed,True,7775,True,7775,8da0d2dcad58c77c50cfde220d3d69c60a8dfa536ae3b7db134f6d1ca8c0c2f7,NCER cell,Confirmed,False,False
/graphic/poketch.narc,/graphic/poketch.narc!/member_00028,0,/graphic/poketch.narc,299,28,,19572,26496,18512,25436,6924,ed6e85d2760bd873d32326523ca480ec8c23a5b0c257ee7a4d10ec8d301ac71b,10cb5f0000524e414efffe000100cb5f,,Nintendo LZ10,Probable,,True,Nintendo LZ10,Confirmed,True,24523,True,24523,8d546023a7375f94e28713e815a59e5082ada56adc5c270dc53024bbe0bb8401,NANR animation,Confirmed,False,False
/graphic/poketch.narc,/graphic/poketch.narc!/member_00029,0,/graphic/poketch.narc,299,29,,26496,26735,25436,25675,239,9844ca7c26089e7417fa748f7c678c0226b2c485c97b9ed257b7fafcc10280db,10300600005247434efffe0101003006,,Nintendo LZ10,Probable,,True,Nintendo LZ10,Confirmed,True,1584,True,1584,2348ea350cb35c0358ad35ca1dab0505192099a9e68f4025cc7cdbd4774bff7d,NCGR graphics,Confirmed,False,False
/graphic/poketch.narc,/graphic/poketch.narc!/member_00030,0,/graphic/poketch.narc,299,30,,26736,26856,25676,25796,120,7d21b894f7182d982ac51dd669589fad511461357128b30511d5043717d41681,10800100005247434efffe0101008001,,Nintendo LZ10,Probable,,True,Nintendo LZ10,Confirmed,True,384,True,384,94c9af79f3dbea83186103bb8ca087b94871205eb8fc8998edeb0e60696b72ce,NCGR graphics,Confirmed,False,False
/graphic/poketch.narc,/graphic/poketch.narc!/member_00031,0,/graphic/poketch.narc,299,31,,26856,27152,25796,26092,296,f98b88ec32ad94c07cce183e91578e3726f6a69b48e41b4c772f58e105e4080e,10240800005243534efffe0001002408,,Nintendo LZ10,Probable,,True,Nintendo LZ10,Confirmed,True,2084,True,2084,32e916b67f9de67894911947dff46f1ae4b840dfbe7d46d00c40c0d51c35d77d,NSCR screen map,Confirmed,False,False
/graphic/poketch.narc,/graphic/poketch.narc!/member_00032,0,/graphic/poketch.narc,299,32,,27152,27912,26092,26852,760,21d6e54c4728d659afd4f5547e70cd2b8c426a009d6df79cc0888bbfe57c689e,10301400005247434efffe0101003014,,Nintendo LZ10,Probable,,True,Nintendo LZ10,Confirmed,True,5168,True,5168,77db2c743959f4f0f2a5085ad97f54c74381eb189f522004dbabb96b7dfb342b,NCGR graphics,Confirmed,False,False
/graphic/poketch.narc,/graphic/poketch.narc!/member_00033,0,/graphic/poketch.narc,299,33,,27912,28046,26852,26986,134,4db5111ca1629eb3b6cc812cbe434233e51a7dfe647c6b7c1047bf63b17057e1,10d00000005245434efffe000100d000,,Nintendo LZ10,Probable,,True,Nintendo LZ10,Confirmed,True,208,True,208,0b583d0ce8a14a13d082d6d10d9ca8c6807162c90f7c0b5efd8521b2587b0ddb,NCER cell,Confirmed,False,False
/graphic/poketch.narc,/graphic/poketch.narc!/member_00034,0,/graphic/poketch.narc,299,34,,28048,28189,26988,27129,141,48b559ee76cfeecf6d4aff2bbc0d2cb572fe5674928aa2fa923a968a6f939f38,10f0000000524e414efffe000100f000,,Nintendo LZ10,Probable,,True,Nintendo LZ10,Confirmed,True,240,True,240,8996069ba6a4ef3108a4e468673369d719def6d17df3994d17a8d5ef75bc032d,NANR animation,Confirmed,False,False
/graphic/poketch.narc,/graphic/poketch.narc!/member_00035,0,/graphic/poketch.narc,299,35,,28192,28402,27132,27342,210,af0c10bed10e619a2714d847c20786648cdc553ed11a8db0352ef0b6ae94dd95,10300400005247434efffe0101003004,,Nintendo LZ10,Probable,,True,Nintendo LZ10,Confirmed,True,1072,True,1072,5a2e11b9b4b6b6b0c4cf38c63205da9ed018f9c008f2081e75100ba6af7dee9c,NCGR graphics,Confirmed,False,False
/graphic/poketch.narc,/graphic/poketch.narc!/member_00036,0,/graphic/poketch.narc,299,36,,28404,28553,27344,27493,149,0a238c8bfa6f8b56910967f8ff6969e71cbadb215cd71d923a8e51c1a80972fd,10cc0000005245434efffe000100cc00,,Nintendo LZ10,Probable,,True,Nintendo LZ10,Confirmed,True,204,True,204,bf402331aabc055ea7a1c69c0c8e1647e91c4c44acc27e54a89666330b3bb23a,NCER cell,Confirmed,False,False
/graphic/poketch.narc,/graphic/poketch.narc!/member_00037,0,/graphic/poketch.narc,299,37,,28556,28719,27496,27659,163,1b125c2fab3b5659a953761b5c662664ea2a0ac65e5abb48ba36933a8ca3550c,1020010000524e414efffe0001002001,,Nintendo LZ10,Probable,,True,Nintendo LZ10,Confirmed,True,288,True,288,de0bb9b8a3892261dcb8058cde3ae958333b56a12b8f0d9314c1f10646b5d13c,NANR animation,Confirmed,False,False
/graphic/poketch.narc,/graphic/poketch.narc!/member_00038,0,/graphic/poketch.narc,299,38,,28720,29120,27660,28060,400,c604bb56faa21a7a41768660c20bb4e284de934f84413171cbac903511b6db33,10240800005243534efffe0001002408,,Nintendo LZ10,Probable,,True,Nintendo LZ10,Confirmed,True,2084,True,2084,53d724ced5562e3e13ef72e302cf156737b27efc046e7b73660cb37dda6a9d77,NSCR screen map,Confirmed,False,False
/graphic/poketch.narc,/graphic/poketch.narc!/member_00039,0,/graphic/poketch.narc,299,39,,29120,29503,28060,28443,383,e30ba74f2fa7c28fc8b1b45262c6121756ff5e9e13af17759e725ceeae669c25,10400800005247434efffe0101004008,,Nintendo LZ10,Probable,,True,Nintendo LZ10,Confirmed,True,2112,True,2112,3557c90e1f84fa4bc2465a5e02356f962e53b4ea95072e29f83ae24d46a39338,NCGR graphics,Confirmed,False,False
/graphic/poketch.narc,/graphic/poketch.narc!/member_00040,0,/graphic/poketch.narc,299,40,,29504,29686,28444,28626,182,736dcc21273e046cd5f5b27565176ab9b4337c6b186351335e9c87b0b7ecf313,10140100005245434efffe0001001401,,Nintendo LZ10,Probable,,True,Nintendo LZ10,Confirmed,True,276,True,276,6924c49c6a7045c09d0c29762cee3fa54b3035e789efd1abda5641789bc066ad,NCER cell,Confirmed,False,False
/graphic/poketch.narc,/graphic/poketch.narc!/member_00041,0,/graphic/poketch.narc,299,41,,29688,30017,28628,28957,329,89ce1697b11815403369fd643a224c4a34842e2f6c5e2c40fdd3452897bcfe6a,10cc020000524e414efffe000100cc02,,Nintendo LZ10,Probable,,True,Nintendo LZ10,Confirmed,True,716,True,716,295c242105f58bf17a6b9e56bfbb01441748960ad5c35bf55e9353b74469c3bd,NANR animation,Confirmed,False,False
/graphic/poketch.narc,/graphic/poketch.narc!/member_00042,0,/graphic/poketch.narc,299,42,,30020,30640,28960,29580,620,91e4e388df2d67ad401c972560741142c2d2ca5550832120f57b94201f0b7ad6,10d00c00005247434efffe010100d00c,,Nintendo LZ10,Probable,,True,Nintendo LZ10,Confirmed,True,3280,True,3280,471539ac732b979d80988855925a8f8dea4a9ac9fd9bbd46518eb66ce420fbce,NCGR graphics,Confirmed,False,False
/graphic/poketch.narc,/graphic/poketch.narc!/member_00043,0,/graphic/poketch.narc,299,43,,30640,30942,29580,29882,302,41ad8f96040d6bf4b08794c37900166f05de25428d5058f086dfd9bc4b0bd0b3,10240800005243534efffe0001002408,,Nintendo LZ10,Probable,,True,Nintendo LZ10,Confirmed,True,2084,True,2084,00d11263b68b057d2206fd481476a1e80e4dba8f3e0eaeb13fc4268251d0bf4a,NSCR screen map,Confirmed,False,False
/graphic/poketch.narc,/graphic/poketch.narc!/member_00044,0,/graphic/poketch.narc,299,44,,30944,31041,29884,29981,97,f292dad01ff121b5d84b31ef148ab3eccbea1dc706d4044adcc23e8141166835,10000100005247434efffe0101000001,,Nintendo LZ10,Probable,,True,Nintendo LZ10,Confirmed,True,256,True,256,12789101aa642699a5bc9c95ad573b92ab04fad57edefd607d460b4ac44529ee,NCGR graphics,Confirmed,False,False
/graphic/poketch.narc,/graphic/poketch.narc!/member_00045,0,/graphic/poketch.narc,299,45,,31044,31136,29984,30076,92,61adcb53201f589f586d5d211c1e118dd1c592d6fe90b7e24f1ca55dc68586c7,107e0000005245434efffe0001007e00,,Nintendo LZ10,Probable,,True,Nintendo LZ10,Confirmed,True,126,True,126,f7699662acac538f81c44372597e8c9885975c0a831a996c8725e93c180f6380,NCER cell,Confirmed,False,False
/graphic/poketch.narc,/graphic/poketch.narc!/member_00046,0,/graphic/poketch.narc,299,46,,31136,31240,30076,30180,104,6e497c47cf53d8c5d20094a664374bf41305351b7b248c73aa1588ced3f9314d,109a000000524e414efffe0001009a00,,Nintendo LZ10,Probable,,True,Nintendo LZ10,Confirmed,True,154,True,154,53d8003155752aef909e602429463b97160b13b7f7aaabfcc4e799503e41ab86,NANR animation,Confirmed,False,False
/graphic/poketch.narc,/graphic/poketch.narc!/member_00047,0,/graphic/poketch.narc,299,47,,31240,31843,30180,30783,603,6ee8991d361a17d20bdc88dfdaa0abc2b1aa442f185f154ff256af917b7aab53,10301000005247434efffe0101003010,,Nintendo LZ10,Probable,,True,Nintendo LZ10,Confirmed,True,4144,True,4144,312b27335adc715006441706aa52039bcd53fb1ea53817e035c74ce6364e44fa,NCGR graphics,Confirmed,False,False
/graphic/poketch.narc,/graphic/poketch.narc!/member_00048,0,/graphic/poketch.narc,299,48,,31844,32171,30784,31111,327,6031ea2fba0f9b4a3101c39b15e7eeb2aa4018c802f415421681aca4fc5fba52,10240800005243534efffe0001002408,,Nintendo LZ10,Probable,,True,Nintendo LZ10,Confirmed,True,2084,True,2084,9bbbe4fd7cbd94347e520878eccec743db99ed966f5f98fec36048f4cf21da95,NSCR screen map,Confirmed,False,False
/graphic/poketch.narc,/graphic/poketch.narc!/member_00049,0,/graphic/poketch.narc,299,49,,32172,32275,31112,31215,103,d07959c5888eadc6970ee0fefa737a8833189e2b527ed8c2e3e025d1525abd3e,10400100005247434efffe0101004001,,Nintendo LZ10,Probable,,True,Nintendo LZ10,Confirmed,True,320,True,320,a057f152f97a9f08a3495d91871a7b484ec1c750185d6d145a5c4f8fe61d490c,NCGR graphics,Confirmed,False,False
/graphic/poketch.narc,/graphic/poketch.narc!/member_00050,0,/graphic/poketch.narc,299,50,,32276,32368,31216,31308,92,f7dfb64590b613c0ace93313996fb489ec7ff8801317677ed4a5c39291447542,108a0000005245434efffe0001008a00,,Nintendo LZ10,Probable,,True,Nintendo LZ10,Confirmed,True,138,True,138,70ceb44879f943db948dcef04deb55357154dbcc9d4a90d496b82df672a10ab9,NCER cell,Confirmed,False,False
/graphic/poketch.narc,/graphic/poketch.narc!/member_00051,0,/graphic/poketch.narc,299,51,,32368,32474,31308,31414,106,dfd319f9b3fb0f63060774087984216ccc8fb2bb7249e15bb21de07e944cf63f,109a000000524e414efffe0001009a00,,Nintendo LZ10,Probable,,True,Nintendo LZ10,Confirmed,True,154,True,154,49d7bb5f6af6acbdf42fc87d1d8147207d9cf67c7b687408b3452b389bb40bcb,NANR animation,Confirmed,False,False
/graphic/poketch.narc,/graphic/poketch.narc!/member_00052,0,/graphic/poketch.narc,299,52,,32476,33121,31416,32061,645,a15666ca1a09e3a9520df921b252d350ae90f5aaf6c830b4f76c7c95aec1eebe,10301000005247434efffe0101003010,,Nintendo LZ10,Probable,,True,Nintendo LZ10,Confirmed,True,4144,True,4144,5cc5d943692030f2905e672dced53f5616cd89757b1933d245c264c36deb188d,NCGR graphics,Confirmed,False,False
/graphic/poketch.narc,/graphic/poketch.narc!/member_00053,0,/graphic/poketch.narc,299,53,,33124,33413,32064,32353,289,5267221e472a0b2b55b760418b277408703aa016511ce42bb7d862560afce8c2,10240800005243534efffe0001002408,,Nintendo LZ10,Probable,,True,Nintendo LZ10,Confirmed,True,2084,True,2084,8c540b89b766f6040e2b2fdaad26c94553201798a971772e24c81e7c9cb0d0f4,NSCR screen map,Confirmed,False,False
/graphic/poketch.narc,/graphic/poketch.narc!/member_00054,0,/graphic/poketch.narc,299,54,,33416,33543,32356,32483,127,cf1f55b90d82a8f195b2e1c110e7c6ed0fc49bbac7131a10fe3e10199e0e2a9d,10400200005247434efffe0101004002,,Nintendo LZ10,Probable,,True,Nintendo LZ10,Confirmed,True,576,True,576,da158a28d96b3289b8c4fa1240189b571557e69a0cadc383e963cbee1de3959e,NCGR graphics,Confirmed,False,False
/graphic/poketch.narc,/graphic/poketch.narc!/member_00055,0,/graphic/poketch.narc,299,55,,33544,33649,32484,32589,105,1254aa96fe5d3a4b0acbb2883d75f18e6b3997f74961b5993815f86c1e3db048,109d0000005245434efffe0001009d00,,Nintendo LZ10,Probable,,True,Nintendo LZ10,Confirmed,True,157,True,157,1785d3a2afa777dac1825ffc4e0ffc7a2981b951ad26eb6f7791f61cdd919ce8,NCER cell,Confirmed,False,False
/graphic/poketch.narc,/graphic/poketch.narc!/member_00056,0,/graphic/poketch.narc,299,56,,33652,33779,32592,32719,127,3c285c3d1b75a374154d401bcb057d8754008e45880e3e2d648ff9fc4e363730,10d9000000524e414efffe000100d900,,Nintendo LZ10,Probable,,True,Nintendo LZ10,Confirmed,True,217,True,217,92645c9bce21ba60c85674f572d87b82dec90351b3083c1ce5a34847add6d02d,NANR animation,Confirmed,False,False
/graphic/poketch.narc,/graphic/poketch.narc!/member_00057,0,/graphic/poketch.narc,299,57,,33780,34850,32720,33790,1070,ca5eaaadcd61c96f4527839e30cf94c08a3823cce9cadf35b932f42b6d20bf3e,10301800005247434efffe0101003018,,Nintendo LZ10,Probable,,True,Nintendo LZ10,Confirmed,True,6192,True,6192,426159cea254b6fcd600a7e3b0e3156252dbe469fdf13f54f4bce6b16a957484,NCGR graphics,Confirmed,False,False
/graphic/poketch.narc,/graphic/poketch.narc!/member_00058,0,/graphic/poketch.narc,299,58,,34852,35198,33792,34138,346,2f6004e6b6508eb9b8d8b98934764127b5b3ee50ca1c14bad1028bf6b6ef1212,10240800005243534efffe0001002408,,Nintendo LZ10,Probable,,True,Nintendo LZ10,Confirmed,True,2084,True,2084,80a9b61f846244d6105ec6eb4c6bbe72729a2968c71711c67f951f53cf1c5c1c,NSCR screen map,Confirmed,False,False
/graphic/poketch.narc,/graphic/poketch.narc!/member_00059,0,/graphic/poketch.narc,299,59,,35200,37333,34140,36273,2133,e92d23d3393f91666ee425954dfb1d57c1dd2fba26243a75a6777599c74ed181,10403f00005247434efffe010100403f,,Nintendo LZ10,Probable,,True,Nintendo LZ10,Confirmed,True,16192,True,16192,55f3e23bb93c1c92ab47af98254586cb2f7acb23054b3e27cbec4571d415a70c,NCGR graphics,Confirmed,False,False
/graphic/poketch.narc,/graphic/poketch.narc!/member_00060,0,/graphic/poketch.narc,299,60,,37336,37775,36276,36715,439,e54e4da6286203fe2c5f16bcdbe03a523b17b08b26dda08ecf362c7a8ced37d7,10240800005243534efffe0001002408,,Nintendo LZ10,Probable,,True,Nintendo LZ10,Confirmed,True,2084,True,2084,9802bcdcce58f28fb5f9d60b453f181be30cee548abcdc0fe26d0b4d87c16b45,NSCR screen map,Confirmed,False,False
/graphic/poketch.narc,/graphic/poketch.narc!/member_00061,0,/graphic/poketch.narc,299,61,,37776,38088,36716,37028,312,11f4b4f09f1589c5e13bab8ce011e62dc2f11f75e12a932cbd027bcad2a5a94d,10a00600005247434efffe010100a006,,Nintendo LZ10,Probable,,True,Nintendo LZ10,Confirmed,True,1696,True,1696,87f8a451a8d1cf2ef05fbbcfcf1b969213f134aea19e16a1f785dccf84babc52,NCGR graphics,Confirmed,False,False
/graphic/poketch.narc,/graphic/poketch.narc!/member_00062,0,/graphic/poketch.narc,299,62,,38088,38263,37028,37203,175,09c407226116159ede94462d1537e04adc072b5e82223218cfa9467e3b217fb0,10120100005245434efffe0001001201,,Nintendo LZ10,Probable,,True,Nintendo LZ10,Confirmed,True,274,True,274,287c125f4e1068a6fa2cbbeca76465249356c45a11d92a3e648155632866c6bf,NCER cell,Confirmed,False,False
/graphic/poketch.narc,/graphic/poketch.narc!/member_00063,0,/graphic/poketch.narc,299,63,,38264,38441,37204,37381,177,76f6c8d7440e09e874a991b36e998b3c787c4ba31f48a252b91b50c3240701b1,1046010000524e414efffe0001004601,,Nintendo LZ10,Probable,,True,Nintendo LZ10,Confirmed,True,326,True,326,3685e47698532617d7871662cc9c9f6cde06df2b3e970b00617f3e1696f2e55c,NANR animation,Confirmed,False,False
/graphic/poketch.narc,/graphic/poketch.narc!/member_00064,0,/graphic/poketch.narc,299,64,,38444,38679,37384,37619,235,26eb0fed62a244a0d9b60eab253df45ccb9e65c28e320318c6225f7b59a8c8e9,10300400005247434efffe0101003004,,Nintendo LZ10,Probable,,True,Nintendo LZ10,Confirmed,True,1072,True,1072,a1de52ed73ad899bfea057da4b3e3e6321ff03458634691fc6aab7bbb961a7b1,NCGR graphics,Confirmed,False,False
/graphic/poketch.narc,/graphic/poketch.narc!/member_00065,0,/graphic/poketch.narc,299,65,,38680,39183,37620,38123,503,bcd35ea6f0310466c9194057c3772ea3be2be4a48738c2274ac0bdc511935267,10240600005243534efffe0001002406,,Nintendo LZ10,Probable,,True,Nintendo LZ10,Confirmed,True,1572,True,1572,c3136360da8b9a81e3a91243f3c3da3db50a135c8e29526f2499247596a7e674,NSCR screen map,Confirmed,False,False
/graphic/poketch.narc,/graphic/poketch.narc!/member_00066,0,/graphic/poketch.narc,299,66,,39184,39694,38124,38634,510,a7ff66706e8e49d7f719d3b3f44da2cd3e05e56e109b73fe1d9056bc888f040d,10400c00005247434efffe010100400c,,Nintendo LZ10,Probable,,True,Nintendo LZ10,Confirmed,True,3136,True,3136,58934cdee001ed70184d90ebfd066b4c09b71c92157141ca16cfd59fcdbebed9,NCGR graphics,Confirmed,False,False
/graphic/poketch.narc,/graphic/poketch.narc!/member_00067,0,/graphic/poketch.narc,299,67,,39696,39775,38636,38715,79,fff368ad8fbff9060f64adcfbcdf460b6c61a3026312e8e8d6dd60b5889d3763,10630000005245434efffe0001006300,,Nintendo LZ10,Probable,,True,Nintendo LZ10,Confirmed,True,99,True,99,247043d90eb019110e5ade6422db54b50da2fced27e618b42fec61a5aab684fa,NCER cell,Confirmed,False,False
/graphic/poketch.narc,/graphic/poketch.narc!/member_00068,0,/graphic/poketch.narc,299,68,,39776,39866,38716,38806,90,0fc29c9a52929550960f55d56f45ebc819228da7e81845234bc06edd8685bd75,106f000000524e414efffe0001006f00,,Nintendo LZ10,Probable,,True,Nintendo LZ10,Confirmed,True,111,True,111,02501a6a5ce892afbfaf7aaf1ac388045db6e55ade71548a00cc3a91b7fb3f37,NANR animation,Confirmed,False,False
/graphic/poketch.narc,/graphic/poketch.narc!/member_00069,0,/graphic/poketch.narc,299,69,,39868,40005,38808,38945,137,9a1d0d4e5821977d8f746f94c6027cfc414eca5bbe776435eb7d5f95d12b2c73,10300200005247434efffe0101003002,,Nintendo LZ10,Probable,,True,Nintendo LZ10,Confirmed,True,560,True,560,43d8430961f4a90ea7fa9fc8a9a2a938c437ca13fbcf92c6e0f461ed66930ae3,NCGR graphics,Confirmed,False,False
/graphic/poketch.narc,/graphic/poketch.narc!/member_00070,0,/graphic/poketch.narc,299,70,,40008,40332,38948,39272,324,5d08225a635942bfc6eefd6d011b8148312a57a05d9c3b1334bc003f695d85ce,10240800005243534efffe0001002408,,Nintendo LZ10,Probable,,True,Nintendo LZ10,Confirmed,True,2084,True,2084,cc3fa6cb87e5206424d5aeca8ce8bebd2f3527d465d4652ee7f68dade6d7ec14,NSCR screen map,Confirmed,False,False
/graphic/poketch.narc,/graphic/poketch.narc!/member_00071,0,/graphic/poketch.narc,299,71,,40332,40477,39272,39417,145,e3c25ff77559a535c47f234c3964a046850b97aab66a4db65d1f004d29d85a16,10400200005247434efffe0101004002,,Nintendo LZ10,Probable,,True,Nintendo LZ10,Confirmed,True,576,True,576,45510620eacfe03f0aaafddcaa3380728f32c47eca8834b42ff7391263699439,NCGR graphics,Confirmed,False,False
/graphic/poketch.narc,/graphic/poketch.narc!/member_00072,0,/graphic/poketch.narc,299,72,,40480,40751,39420,39691,271,8e11a1fb4bed2ba6eb44b1b20621893ab2f69cb96ba73dd5496337dabb8ed6e0,10ea0100005245434efffe000100ea01,,Nintendo LZ10,Probable,,True,Nintendo LZ10,Confirmed,True,490,True,490,a2a3aa02d3b97d9306e5ea865aad9a213915f9b2d1b2399c2850dc05370e0221,NCER cell,Confirmed,False,False
/graphic/poketch.narc,/graphic/poketch.narc!/member_00073,0,/graphic/poketch.narc,299,73,,40752,41206,39692,40146,454,3da76b6b383c3a2c6f7f795e42d0e6beea2da3881ca607c2a2bbef7af46fec1e,102e040000524e414efffe0001002e04,,Nintendo LZ10,Probable,,True,Nintendo LZ10,Confirmed,True,1070,True,1070,d2a510fa9f138d3cd5a6943bd8f02f03ad05b59c3942c813e7068b3f5a1cae92,NANR animation,Confirmed,False,False
/graphic/poketch.narc,/graphic/poketch.narc!/member_00074,0,/graphic/poketch.narc,299,74,,41208,41868,40148,40808,660,453f012af04b1da7b511d73cc3c206d87d367d7fe9a20d7d9facea794aa7d4ad,10b00f00005247434efffe010100b00f,,Nintendo LZ10,Probable,,True,Nintendo LZ10,Confirmed,True,4016,True,4016,35595c92c824718f92a06c8876e011d821a298bc41009aef6520c5161fa99741,NCGR graphics,Confirmed,False,False
/graphic/poketch.narc,/graphic/poketch.narc!/member_00075,0,/graphic/poketch.narc,299,75,,41868,42382,40808,41322,514,555a13dd52d39ec3fdf0bd0e6ebfe7054e134bee6e5108a405ef128b0c05030a,10240800005243534efffe0001002408,,Nintendo LZ10,Probable,,True,Nintendo LZ10,Confirmed,True,2084,True,2084,d4b12be7c06646e662f5acebc3447a8b3886ba1a70f39d821b1ee249fa8ab20a,NSCR screen map,Confirmed,False,False
/graphic/poketch.narc,/graphic/poketch.narc!/member_00076,0,/graphic/poketch.narc,299,76,,42384,42853,41324,41793,469,832e7150ac92c2e9a3ba5a25ad7644fee65eeee6f69c38b961968a393a7e5141,10400c00005247434efffe010100400c,,Nintendo LZ10,Probable,,True,Nintendo LZ10,Confirmed,True,3136,True,3136,b015584a974081bdbed38e87d384feb672a9ff2c5cbb12d650f1d0b630c309e4,NCGR graphics,Confirmed,False,False
/graphic/poketch.narc,/graphic/poketch.narc!/member_00077,0,/graphic/poketch.narc,299,77,,42856,43038,41796,41978,182,832c6c324b2a5d0e49d8780623fb1feb77e4500071747458e6b004f1ec5115e7,10250100005245434efffe0001002501,,Nintendo LZ10,Probable,,True,Nintendo LZ10,Confirmed,True,293,True,293,443f27009f021d3fa7a221c0d395cf227adce292054f6ee4619e8c69887abb28,NCER cell,Confirmed,False,False
/graphic/poketch.narc,/graphic/poketch.narc!/member_00078,0,/graphic/poketch.narc,299,78,,43040,43247,41980,42187,207,16e6b7e2fd79b1b8aeec642ab17497c40c26567a752e6a27b7c6c08307ca01a2,1081010000524e414efffe0001008101,,Nintendo LZ10,Probable,,True,Nintendo LZ10,Confirmed,True,385,True,385,ec4be1088843e3c93d49a2aefc68ea69dad5874e9f76873f4ccd19839b344cea,NANR animation,Confirmed,False,False
/graphic/poketch.narc,/graphic/poketch.narc!/member_00079,0,/graphic/poketch.narc,299,79,,43248,44257,42188,43197,1009,989c8f57e1816533709d136f4c31b44fe8d889eaa3108c6163e4c86dba2cde29,10301a00005247434efffe010100301a,,Nintendo LZ10,Probable,,True,Nintendo LZ10,Confirmed,True,6704,True,6704,9eca4530478a860251f43e515f0d9aae55fac28fae2fb57cd9791640adc11625,NCGR graphics,Confirmed,False,False
/graphic/poketch.narc,/graphic/poketch.narc!/member_00080,0,/graphic/poketch.narc,299,80,,44260,44520,43200,43460,260,934e2e1a4f65f84dd4008d820e33f33a1420a0cd96157e32da5b58d31ed7cbfb,10240600005243534efffe0001002406,,Nintendo LZ10,Probable,,True,Nintendo LZ10,Confirmed,True,1572,True,1572,df35493dd3a6d33504cb172ed8c07e235c8d337a892576792ec303fa87c33a57,NSCR screen map,Confirmed,False,False
/graphic/poketch.narc,/graphic/poketch.narc!/member_00081,0,/graphic/poketch.narc,299,81,,44520,44659,43460,43599,139,8bd082acd04b9a314e340e229e4356940ac221dadd466175d456fb6b0a249ba7,10400200005247434efffe0101004002,,Nintendo LZ10,Probable,,True,Nintendo LZ10,Confirmed,True,576,True,576,ad797f35e709149554e3b35d712029b74e99170af5d7cd24409c745d9fa71f02,NCGR graphics,Confirmed,False,False
/graphic/poketch.narc,/graphic/poketch.narc!/member_00082,0,/graphic/poketch.narc,299,82,,44660,44891,43600,43831,231,266ac1f74b1d697a039a2a8d875a8656ccfe0c1e1baa8de8feb98f73b8892c52,10ba0100005245434efffe000100ba01,,Nintendo LZ10,Probable,,True,Nintendo LZ10,Confirmed,True,442,True,442,5252161e102ea47ea4248cae1d64b08b643176ccc574ae279e38829f529962b5,NCER cell,Confirmed,False,False
/graphic/poketch.narc,/graphic/poketch.narc!/member_00083,0,/graphic/poketch.narc,299,83,,44892,45182,43832,44122,290,2dde818b8a840336692fae5e8332427c752c1d110fcbae626c1366e093cc48dd,1076020000524e414efffe0001007602,,Nintendo LZ10,Probable,,True,Nintendo LZ10,Confirmed,True,630,True,630,33208fc4cb74480dae8ec2e96a711fdb9440173b00ce16736f2b0a989f923435,NANR animation,Confirmed,False,False
/graphic/poketch.narc,/graphic/poketch.narc!/member_00084,0,/graphic/poketch.narc,299,84,,45184,45453,44124,44393,269,60d13ee325188e6542324d12a9e3cdee77786b9b991c30668a5a80f9a848999f,10300600005247434efffe0101003006,,Nintendo LZ10,Probable,,True,Nintendo LZ10,Confirmed,True,1584,True,1584,3ad226a759634072555fb44b1e64ca5103dc4d5b9b1ef590853e50279cadc926,NCGR graphics,Confirmed,False,False
/graphic/poketch.narc,/graphic/poketch.narc!/member_00085,0,/graphic/poketch.narc,299,85,,45456,45927,44396,44867,471,b44b76d248b77e1d811f0b5637dc15dbe8995e954529fc4acdaeb0c201f563e7,10240800005243534efffe0001002408,,Nintendo LZ10,Probable,,True,Nintendo LZ10,Confirmed,True,2084,True,2084,c5508e0ee931913d6fa9396b6aee5dcd59d3e4e0b8cb47809a8cfc50d2c32174,NSCR screen map,Confirmed,False,False
/graphic/poketch.narc,/graphic/poketch.narc!/member_00086,0,/graphic/poketch.narc,299,86,,45928,46203,44868,45143,275,e299cecaae819c26bb77cc7220293b492f8cebff7c6e3949036e9f5326a86b35,10400500005247434efffe0101004005,,Nintendo LZ10,Probable,,True,Nintendo LZ10,Confirmed,True,1344,True,1344,428b7e71bf28140882ed712063992baac25d733a1612203da863e118f63e09b6,NCGR graphics,Confirmed,False,False
/graphic/poketch.narc,/graphic/poketch.narc!/member_00087,0,/graphic/poketch.narc,299,87,,46204,46439,45144,45379,235,95adf5d181734f196060d8ad43138d8c16c3800b0ba6787bd37da160810dd3be,107d0100005245434efffe0001007d01,,Nintendo LZ10,Probable,,True,Nintendo LZ10,Confirmed,True,381,True,381,85aa84d0f8cd6f519f64ef27ead7f25398c7687b5634e975ac41a5c8b0f22397,NCER cell,Confirmed,False,False
/graphic/poketch.narc,/graphic/poketch.narc!/member_00088,0,/graphic/poketch.narc,299,88,,46440,46634,45380,45574,194,eda147842762c7dbe801457399de4e52dd2c61e5a234c74cbf48f14d9fd0ee62,1071010000524e414efffe0001007101,,Nintendo LZ10,Probable,,True,Nintendo LZ10,Confirmed,True,369,True,369,58f1d97e75d1811b83ebb4777054aa348b6769832c23c44571cc080ba5997e0e,NANR animation,Confirmed,False,False
/graphic/poketch.narc,/graphic/poketch.narc!/member_00089,0,/graphic/poketch.narc,299,89,,46636,47447,45576,46387,811,75893e994737b8941ad82747fce9cfde978d23505feee6d1e4750cf12b477e6c,10f01400005247434efffe010100f014,,Nintendo LZ10,Probable,,True,Nintendo LZ10,Confirmed,True,5360,True,5360,b579b02f1f6455cd13be53c1ce188a36d7b60b525fd5fa816a4b4de785fccb90,NCGR graphics,Confirmed,False,False
/graphic/poketch.narc,/graphic/poketch.narc!/member_00090,0,/graphic/poketch.narc,299,90,,47448,47913,46388,46853,465,53fdfc180f115884a052ff9495a85696a43da005cc5abebdd05a9d28e8ae4804,10240600005243534efffe0001002406,,Nintendo LZ10,Probable,,True,Nintendo LZ10,Confirmed,True,1572,True,1572,7c29af889139075a07bc450df0141e0e163f5fcc42481678456ba75d689ac47c,NSCR screen map,Confirmed,False,False
/graphic/poketch.narc,/graphic/poketch.narc!/member_00091,0,/graphic/poketch.narc,299,91,,47916,48339,46856,47279,423,933f50d39fe303524cf63ee7cc7af1a94e0727274c955f2b02b48a9aaa6153bb,10800900005247434efffe0101008009,,Nintendo LZ10,Probable,,True,Nintendo LZ10,Confirmed,True,2432,True,2432,8c82c37446fef881663c3a4f4a3ae67ec6c53f7b4b961fbff2fb98c97ffa4989,NCGR graphics,Confirmed,False,False
/graphic/poketch.narc,/graphic/poketch.narc!/member_00092,0,/graphic/poketch.narc,299,92,,48340,48608,47280,47548,268,638aa1530f4950a7ae2c6c02f0b7cd6ddf14a673f3e8ba2de89653feb8e7f2c3,10800100005245434efffe0001008001,,Nintendo LZ10,Probable,,True,Nintendo LZ10,Confirmed,True,384,True,384,2ec522914e66e66f04e71f078e18943b526a196d9937513af87b5d2d9ac006e7,NCER cell,Confirmed,False,False
/graphic/poketch.narc,/graphic/poketch.narc!/member_00093,0,/graphic/poketch.narc,299,93,,48608,48911,47548,47851,303,5debdae253d18acaaabc8bf479fbc48b7e5a2842a83936a487d115317461a2ed,1014020000524e414efffe0001001402,,Nintendo LZ10,Probable,,True,Nintendo LZ10,Confirmed,True,532,True,532,fbdaf0b1f1b3c314c5fe8b640972d5228e503dc59dd2ce953836f6675d56045d,NANR animation,Confirmed,False,False
/graphic/poketch.narc,/graphic/poketch.narc!/member_00094,0,/graphic/poketch.narc,299,94,,48912,50422,47852,49362,1510,502bcd4784b7a36fb13ad7e673cd7e27c035f572be17ffa1d3b997447425aea2,10302900005247434efffe0101003029,,Nintendo LZ10,Probable,,True,Nintendo LZ10,Confirmed,True,10544,True,10544,3674bbeddf9afd0698726ce893bdc8e4331ce6aa76932583c6d5bfe841932d04,NCGR graphics,Confirmed,False,False
/graphic/poketch.narc,/graphic/poketch.narc!/member_00095,0,/graphic/poketch.narc,299,95,,50424,50649,49364,49589,225,4e558724d7738125dc2a4f2ee7e79a265a087d5b3b043f8f710facbffbd91977,10240600005243534efffe0001002406,,Nintendo LZ10,Probable,,True,Nintendo LZ10,Confirmed,True,1572,True,1572,230bda5383e8f168badd6009bbeafe809e701b5e2270deafa09e0415f048857a,NSCR screen map,Confirmed,False,False
/graphic/poketch.narc,/graphic/poketch.narc!/member_00096,0,/graphic/poketch.narc,299,96,,50652,50719,49592,49659,67,d3e798ec53d8942a04b290c3aed73d34e0aa4775a7b4e1e7bd7178e33ff8dedb,10800000005247434efffe0101008000,,Nintendo LZ10,Probable,,True,Nintendo LZ10,Confirmed,True,128,True,128,b828cc1cce02b2cff74640df7cf7f2fb9edcd75c4aa9a9e3d95fc3193230bb42,NCGR graphics,Confirmed,False,False
/graphic/poketch.narc,/graphic/poketch.narc!/member_00097,0,/graphic/poketch.narc,299,97,,50720,50993,49660,49933,273,8fcb2d2bcbff717cb970ab6e281da2e5196645e91a77b2dd3f514dde28405f4a,10860100005245434efffe0001008601,,Nintendo LZ10,Probable,,True,Nintendo LZ10,Confirmed,True,390,True,390,f7010eef0980d1f0b8e20d87b5c1ff098de468b11a6b15b341bc6c402ec9ce56,NCER cell,Confirmed,False,False
/graphic/poketch.narc,/graphic/poketch.narc!/member_00098,0,/graphic/poketch.narc,299,98,,50996,51176,49936,50116,180,dce579cd583eca106c7fc06496752978034cd6e44086b6e9a7996633b64c1e57,1016010000524e414efffe0001001601,,Nintendo LZ10,Probable,,True,Nintendo LZ10,Confirmed,True,278,True,278,b563dbdba3b08e93ff8daf737ac1822f469aa6c39f5fa3b111ae02d539a440b5,NANR animation,Confirmed,False,False
/graphic/poketch.narc,/graphic/poketch.narc!/member_00099,0,/graphic/poketch.narc,299,99,,51176,51772,50116,50712,596,dafe0e91a5714e0355d3d8fcf4bb58416be6be38830f8b18d96854202eccba81,10b00f00005247434efffe010100b00f,,Nintendo LZ10,Probable,,True,Nintendo LZ10,Confirmed,True,4016,True,4016,adfcb334077986fb7178246c0128b2ca2c3a7f6f51e6a826cb7d2c844e4c974a,NCGR graphics,Confirmed,False,False
/graphic/poketch.narc,/graphic/poketch.narc!/member_00100,0,/graphic/poketch.narc,299,100,,51772,52008,50712,50948,236,1717675768b8a07a2bf3723943ad67bc965efccf706e12a43e4dbf0a40ffb6c5,10240600005243534efffe0001002406,,Nintendo LZ10,Probable,,True,Nintendo LZ10,Confirmed,True,1572,True,1572,15dfb2bd86282b0c718e079f2951e35a64c48b029026a9bdb0c00a4534d36634,NSCR screen map,Confirmed,False,False
/graphic/poketch.narc,/graphic/poketch.narc!/member_00101,0,/graphic/poketch.narc,299,101,,52008,52098,50948,51038,90,1d6ac579a47a118b2a0cf408122db19ea8f679c5e400b4e486e3e6e84968f3c1,10e00000005247434efffe010100e000,,Nintendo LZ10,Probable,,True,Nintendo LZ10,Confirmed,True,224,True,224,0657287051fc6f86c7e8969dbc49cd40ac68b471e143e858a87469e5e19c6df3,NCGR graphics,Confirmed,False,False
/graphic/poketch.narc,/graphic/poketch.narc!/member_00102,0,/graphic/poketch.narc,299,102,,52100,52192,51040,51132,92,61adcb53201f589f586d5d211c1e118dd1c592d6fe90b7e24f1ca55dc68586c7,107e0000005245434efffe0001007e00,,Nintendo LZ10,Probable,,True,Nintendo LZ10,Confirmed,True,126,True,126,f7699662acac538f81c44372597e8c9885975c0a831a996c8725e93c180f6380,NCER cell,Confirmed,False,False
/graphic/poketch.narc,/graphic/poketch.narc!/member_00103,0,/graphic/poketch.narc,299,103,,52192,52298,51132,51238,106,dfd319f9b3fb0f63060774087984216ccc8fb2bb7249e15bb21de07e944cf63f,109a000000524e414efffe0001009a00,,Nintendo LZ10,Probable,,True,Nintendo LZ10,Confirmed,True,154,True,154,49d7bb5f6af6acbdf42fc87d1d8147207d9cf67c7b687408b3452b389bb40bcb,NANR animation,Confirmed,False,False
/graphic/poketch.narc,/graphic/poketch.narc!/member_00104,0,/graphic/poketch.narc,299,104,,52300,52980,51240,51920,680,9abe2358e9c4a1f1bbd6f50e2f1b5e3b2e3504b02490e9da160332c1fa7793f8,10301000005247434efffe0101003010,,Nintendo LZ10,Probable,,True,Nintendo LZ10,Confirmed,True,4144,True,4144,1bde75cbdadd8ca16a173ce1c1061c4c0a96ba6fa6e938f5935545aa0c18224a,NCGR graphics,Confirmed,False,False
/graphic/poketch.narc,/graphic/poketch.narc!/member_00105,0,/graphic/poketch.narc,299,105,,52980,53231,51920,52171,251,bfba66ef2649e232a73167837b7a091831ecc89c57af1588c9e46b0cb83b912a,10240600005243534efffe0001002406,,Nintendo LZ10,Probable,,True,Nintendo LZ10,Confirmed,True,1572,True,1572,c1570977103f462b779a047eb953cceda3234f1589d15ff9afb2b8d915f2a805,NSCR screen map,Confirmed,False,False
/graphic/poketch.narc,/graphic/poketch.narc!/member_00106,0,/graphic/poketch.narc,299,106,,53232,53339,52172,52279,107,198180e199294d53ea467fda5ff404baa5fdb1748072a11b225af5cfda54c179,10800100005247434efffe0101008001,,Nintendo LZ10,Probable,,True,Nintendo LZ10,Confirmed,True,384,True,384,f9d36911eaeff5681511199419927e0c54b78e2fa56f0bffc85846820d7a677b,NCGR graphics,Confirmed,False,False
/graphic/poketch.narc,/graphic/poketch.narc!/member_00107,0,/graphic/poketch.narc,299,107,,53340,53426,52280,52366,86,5f322cb027aa35c8261c134dd956de08adea94bc371502e210687bc7902e1ffe,10720000005245434efffe0001007200,,Nintendo LZ10,Probable,,True,Nintendo LZ10,Confirmed,True,114,True,114,a2b23115cf355383433e4ca3ceec9f57f27a2742076cc12c3fa7d107f3b24e43,NCER cell,Confirmed,False,False
/graphic/poketch.narc,/graphic/poketch.narc!/member_00108,0,/graphic/poketch.narc,299,108,,53428,53530,52368,52470,102,0f0470bda74f201375ca7f2fcd4c5ccc662a23e38f491a6d17fdb14e8510db64,108e000000524e414efffe0001008e00,,Nintendo LZ10,Probable,,True,Nintendo LZ10,Confirmed,True,142,True,142,4ca1c4dc458f86d3c7ed1feaf6ca067f49866b5e665f89a1effb47e202b2beb4,NANR animation,Confirmed,False,False
/graphic/poketch.narc,/graphic/poketch.narc!/member_00109,0,/graphic/poketch.narc,299,109,,53532,53676,52472,52616,144,b8a6ae794981d65b54d5b7a15e8b4297997f91bec6294411aa7e579c62673c3b,10300100005247434efffe0101003001,,Nintendo LZ10,Probable,,True,Nintendo LZ10,Confirmed,True,304,True,304,66acd98de61ffbfa2ffee2e116a21cb114fcfd14490544be00dba76b7e4436f7,NCGR graphics,Confirmed,False,False
/graphic/poketch.narc,/graphic/poketch.narc!/member_00110,0,/graphic/poketch.narc,299,110,,53676,53912,52616,52852,236,6d228e7fe4f36da4154fa85d021aa0da99c0bec6f27b03a17ef2a29b539bbfb8,10240600005243534efffe0001002406,,Nintendo LZ10,Probable,,True,Nintendo LZ10,Confirmed,True,1572,True,1572,199655c0dc764756b7a126f063042773da6aafd27863b3312cc334ad20780dae,NSCR screen map,Confirmed,False,False
/graphic/poketch.narc,/graphic/poketch.narc!/member_00111,0,/graphic/poketch.narc,299,111,,53912,54608,52852,53548,696,563cc5c3d4e935e8d3e4d58dc5f2e7a7f3e1dfd700a0022193f21768baedfd1e,10401200005247434efffe0101004012,,Nintendo LZ10,Probable,,True,Nintendo LZ10,Confirmed,True,4672,True,4672,0f2724ea16b2e589473edb71d89bd3f7b71ef25b63c8d6c47c8ffb8a35490131,NCGR graphics,Confirmed,False,False
/graphic/poketch.narc,/graphic/poketch.narc!/member_00112,0,/graphic/poketch.narc,299,112,,54608,54687,53548,53627,79,fff368ad8fbff9060f64adcfbcdf460b6c61a3026312e8e8d6dd60b5889d3763,10630000005245434efffe0001006300,,Nintendo LZ10,Probable,,True,Nintendo LZ10,Confirmed,True,99,True,99,247043d90eb019110e5ade6422db54b50da2fced27e618b42fec61a5aab684fa,NCER cell,Confirmed,False,False
/graphic/poketch.narc,/graphic/poketch.narc!/member_00113,0,/graphic/poketch.narc,299,113,,54688,54778,53628,53718,90,0fc29c9a52929550960f55d56f45ebc819228da7e81845234bc06edd8685bd75,106f000000524e414efffe0001006f00,,Nintendo LZ10,Probable,,True,Nintendo LZ10,Confirmed,True,111,True,111,02501a6a5ce892afbfaf7aaf1ac388045db6e55ade71548a00cc3a91b7fb3f37,NANR animation,Confirmed,False,False
/graphic/poketch.narc,/graphic/poketch.narc!/member_00114,0,/graphic/poketch.narc,299,114,,54780,54899,53720,53839,119,a6dcdf29672269c3864e4ee4ae1e5ac2a42edb5bdbad9af288cb739af294a00f,10300200005247434efffe0101003002,,Nintendo LZ10,Probable,,True,Nintendo LZ10,Confirmed,True,560,True,560,74d5a1b3fa6e6b0bcb721a4065ddbbe709379634acab9adcab50a1dfaaf7a7a1,NCGR graphics,Confirmed,False,False
/graphic/poketch.narc,/graphic/poketch.narc!/member_00115,0,/graphic/poketch.narc,299,115,,54900,55444,53840,54384,544,9d2154c886428ef61fd43a06611a30976c8d8a555687fac4f435fd97662f6de3,10240600005243534efffe0001002406,,Nintendo LZ10,Probable,,True,Nintendo LZ10,Confirmed,True,1572,True,1572,91a818f0b5dac66ae0b5940eac98d100d18b3253fda5083a066d8fa9edaf7bdd,NSCR screen map,Confirmed,False,False
/graphic/poketch.narc,/graphic/poketch.narc!/member_00116,0,/graphic/poketch.narc,299,116,,55444,55998,54384,54938,554,3e046fb81f7ced787909a6786cfeda675e96e16d2e1d15e7872209af8267a51d,10240600005243534efffe0001002406,,Nintendo LZ10,Probable,,True,Nintendo LZ10,Confirmed,True,1572,True,1572,2c8b6d4d62915dd1ee1bb1fea7992cc33a7478e0d37a8e1120cb57f90e946f57,NSCR screen map,Confirmed,False,False
/graphic/poketch.narc,/graphic/poketch.narc!/member_00117,0,/graphic/poketch.narc,299,117,,56000,56591,54940,55531,591,7426d65c49c4e96b3e8e8549efd3343cf99a475f5bfc08dd8c63fd7a4d18d050,10c00d00005247434efffe010100c00d,,Nintendo LZ10,Probable,,True,Nintendo LZ10,Confirmed,True,3520,True,3520,e458a593187adf2e739bb7bdffdd0c3314d009104116cc6319b02478284680f2,NCGR graphics,Confirmed,False,False
/graphic/poketch.narc,/graphic/poketch.narc!/member_00118,0,/graphic/poketch.narc,299,118,,56592,56907,55532,55847,315,c7980aaa34a6f1df3f38b644e2c65fd5bc923eebbb8246e8430fd36af13a17d2,10ca0100005245434efffe000100ca01,,Nintendo LZ10,Probable,,True,Nintendo LZ10,Confirmed,True,458,True,458,8686b6f3e04e725913164794d1a59f919b225ebfabc610c59eb275206ca3a449,NCER cell,Confirmed,False,False
/graphic/poketch.narc,/graphic/poketch.narc!/member_00119,0,/graphic/poketch.narc,299,119,,56908,57348,55848,56288,440,a164ad1186f76b464bad8a9bb158d679b49ba6a3fdad6115c7ed08554ca6bc07,107a030000524e414efffe0001007a03,,Nintendo LZ10,Probable,,True,Nintendo LZ10,Confirmed,True,890,True,890,89aa9b9b59a9a81f005f1016dad229637525a28aab459ab48625f8814ab2dba7,NANR animation,Confirmed,False,False
/graphic/poketch.narc,/graphic/poketch.narc!/member_00120,0,/graphic/poketch.narc,299,120,,57348,57755,56288,56695,407,00f1022730081833ff67365af0b33bc999e37ed307b47b29a802a48dd90da51a,10b00700005247434efffe010100b007,,Nintendo LZ10,Probable,,True,Nintendo LZ10,Confirmed,True,1968,True,1968,443ab077203a37dd30d956c3797262a67bdbaa3e4b1a2a70986a82d5e025bc2c,NCGR graphics,Confirmed,False,False
/graphic/poketch.narc,/graphic/poketch.narc!/member_00121,0,/graphic/poketch.narc,299,121,,57756,58034,56696,56974,278,10e438913a18d0e95a3423a165201db53c659d8f2388fb74ebaf84e0ed3109d0,10240600005243534efffe0001002406,,Nintendo LZ10,Probable,,True,Nintendo LZ10,Confirmed,True,1572,True,1572,1ae90ea06e3649401a0a1b6d23db7f52448ae5487b73a253d85dc9e3d11548b8,NSCR screen map,Confirmed,False,False
/graphic/poketch.narc,/graphic/poketch.narc!/member_00122,0,/graphic/poketch.narc,299,122,,58036,58225,56976,57165,189,19fb66d9ac29769af6301a81366053f5958fbc9e3e9ac12b904047e1b3295f4a,10400300005247434efffe0101004003,,Nintendo LZ10,Probable,,True,Nintendo LZ10,Confirmed,True,832,True,832,1a587726ef7dc43eecf377b5956c8eb03c3e5fe5ef2491cec6c799129b3fa674,NCGR graphics,Confirmed,False,False
/graphic/poketch.narc,/graphic/poketch.narc!/member_00123,0,/graphic/poketch.narc,299,123,,58228,58427,57168,57367,199,6f8e2466483b1f69336e5d6f489d27e0fb0e86211bec16e72d60647503dcc516,10660100005245434efffe0001006601,,Nintendo LZ10,Probable,,True,Nintendo LZ10,Confirmed,True,358,True,358,fb50cbee7a3841decbfea9ccfe317ae9b85c874de3e2b9f7f213b41ff5a1d12f,NCER cell,Confirmed,False,False
/graphic/poketch.narc,/graphic/poketch.narc!/member_00124,0,/graphic/poketch.narc,299,124,,58428,58671,57368,57611,243,45bdf5bdedc1f8f1255fa6c80294e2c00fc8efbb2fed202745edb5ad9f2a3e9f,10f2010000524e414efffe000100f201,,Nintendo LZ10,Probable,,True,Nintendo LZ10,Confirmed,True,498,True,498,c8b358cf9fdf8d5f5c4961a650fb5a4dc5ad305f19a2e5abf70a6000bf9cbdfc,NANR animation,Confirmed,False,False
/graphic/poketch.narc,/graphic/poketch.narc!/member_00125,0,/graphic/poketch.narc,299,125,,58672,58817,57612,57757,145,14604e46086287e9a3b9fee93f1aa9b0587c06b3ad39bc09fc5a683cd0feb31c,10b00200005247434efffe010100b002,,Nintendo LZ10,Probable,,True,Nintendo LZ10,Confirmed,True,688,True,688,57bcfbbc454f574f3ca038ddc7b56eb400abda0eadd721fad4f0afb06aa9c416,NCGR graphics,Confirmed,False,False
/graphic/poru_gra.narc,/graphic/poru_gra.narc!/member_00000,0,/graphic/poru_gra.narc,300,0,,148,578,0,430,430,74cc69ba240795b4f97b6327c3a59df77af94d976081be0a7c337165a0994887,524c434efffe0001ae01000010000200,,NCLR palette,Confirmed,True,False,,,,,,,,,,False,False
/graphic/poru_gra.narc,/graphic/poru_gra.narc!/member_00001,0,/graphic/poru_gra.narc,300,1,,580,976,432,828,396,bbed8d99dfc5bb25ada74061dd61c71d764b0d22c5791374cb454a355835af16,524c434efffe00018c01000010000200,,NCLR palette,Confirmed,True,False,,,,,,,,,,False,False
/graphic/poru_gra.narc,/graphic/poru_gra.narc!/member_00002,0,/graphic/poru_gra.narc,300,2,,976,6160,828,6012,5184,c8a38204c6a21404fa2701ff6cc7688221986ee2040a5e71641186243027e624,5247434efffe01014014000010000200,,NCGR graphics,Confirmed,True,False,,,,,,,,,,False,False
/graphic/poru_gra.narc,/graphic/poru_gra.narc!/member_00003,0,/graphic/poru_gra.narc,300,3,,6160,9296,6012,9148,3136,ab0709b71a4a842cd69282b42be8d5e0cbacba0937a9ed916b9b5d87d6faf45b,5247434efffe0101400c000010000200,,NCGR graphics,Confirmed,True,False,,,,,,,,,,False,False
/graphic/poru_gra.narc,/graphic/poru_gra.narc!/member_00004,0,/graphic/poru_gra.narc,300,4,,9296,15744,9148,15596,6448,d0627164316f4665a5f9fe5314e880b8796b72d3942837d7ba8cbab22a493bee,5247434efffe01013019000010000100,,NCGR graphics,Confirmed,True,False,,,,,,,,,,False,False
/graphic/poru_gra.narc,/graphic/poru_gra.narc!/member_00005,0,/graphic/poru_gra.narc,300,5,,15744,20528,15596,20380,4784,fc270bbf5e22b5fec5a14ab04c5c7985bb966aa589e3e5abd6f5c1cfc6c16b8f,5247434efffe0101b012000010000100,,NCGR graphics,Confirmed,True,False,,,,,,,,,,False,False
/graphic/poru_gra.narc,/graphic/poru_gra.narc!/member_00006,0,/graphic/poru_gra.narc,300,6,,20528,20978,20380,20830,450,d73b1d34c5c0c6445e4169a3b23054e4bab09451fd8e03089c63447d7156bed1,5245434efffe0001c201000010000300,,NCER cell,Confirmed,True,False,,,,,,,,,,False,False
/graphic/poru_gra.narc,/graphic/poru_gra.narc!/member_00007,0,/graphic/poru_gra.narc,300,7,,20980,21566,20832,21418,586,3a4a8cbbd030d2b642749485dc635a4912c4dec844db0c32e961716efeea0a24,524e414efffe00014a02000010000300,,NANR animation,Confirmed,True,False,,,,,,,,,,False,False
/graphic/poru_gra.narc,/graphic/poru_gra.narc!/member_00008,0,/graphic/poru_gra.narc,300,8,,21568,22867,21420,22719,1299,72da483d0fde3a02d1040555a2b780581d0e76d708d96981c92017dbe4bd0400,5245434efffe00011305000010000300,,NCER cell,Confirmed,True,False,,,,,,,,,,False,False
/graphic/poru_gra.narc,/graphic/poru_gra.narc!/member_00009,0,/graphic/poru_gra.narc,300,9,,22868,23963,22720,23815,1095,8aed675ab31a9858241f9600c361b2e3917a6d3788c5292c9da774de88542400,524e414efffe00014704000010000300,,NANR animation,Confirmed,True,False,,,,,,,,,,False,False
/graphic/poru_gra.narc,/graphic/poru_gra.narc!/member_00010,0,/graphic/poru_gra.narc,300,10,,23964,25536,23816,25388,1572,a0d4e7da239a0722b7cbc6777fc13d549ae2e3e1a488781a03eb8ec83003dc6c,5243534efffe00012406000010000100,,NSCR screen map,Confirmed,True,False,,,,,,,,,,False,False
/graphic/poru_gra.narc,/graphic/poru_gra.narc!/member_00011,0,/graphic/poru_gra.narc,300,11,,25536,27108,25388,26960,1572,45522a97d71894365f3fd0a9206b67b5750703290d8c91ca7b3cd1d86e942216,5243534efffe00012406000010000100,,NSCR screen map,Confirmed,True,False,,,,,,,,,,False,False
/graphic/poruact.narc,/graphic/poruact.narc!/member_00000,0,/graphic/poruact.narc,301,0,,308,2404,0,2096,2096,d52d887f9f4346124c87d7a27d64946ab2418a78605fbb6d3350c4bfe5b0224f,5247434efffe01013008000010000100,,NCGR graphics,Confirmed,True,False,,,,,,,,,,False,False
/graphic/poruact.narc,/graphic/poruact.narc!/member_00001,0,/graphic/poruact.narc,301,1,,2404,2511,2096,2203,107,c4c621255461e1521d8b6af105742f21b9efb619d36f949eb63026e2e758825d,5245434efffe00016b00000010000300,,NCER cell,Confirmed,True,False,,,,,,,,,,False,False
/graphic/poruact.narc,/graphic/poruact.narc!/member_00002,0,/graphic/poruact.narc,301,2,,2512,2623,2204,2315,111,02501a6a5ce892afbfaf7aaf1ac388045db6e55ade71548a00cc3a91b7fb3f37,524e414efffe00016f00000010000300,,NANR animation,Confirmed,True,False,,,,,,,,,,False,False
/graphic/poruact.narc,/graphic/poruact.narc!/member_00003,0,/graphic/poruact.narc,301,3,,2624,2714,2316,2406,90,a6d170f781d318330c94ca1503efbc50f09b0ae72b8d7ca5c9579067482e1a95,524c434efffe00015a00000010000200,,NCLR palette,Confirmed,True,False,,,,,,,,,,False,False
/graphic/poruact.narc,/graphic/poruact.narc!/member_00004,0,/graphic/poruact.narc,301,4,,2716,2806,2408,2498,90,03902defe5f5f3a68904c9d5fc915e11ba9a59bbb1e5197609c126b60bc70449,524c434efffe00015a00000010000200,,NCLR palette,Confirmed,True,False,,,,,,,,,,False,False
/graphic/poruact.narc,/graphic/poruact.narc!/member_00005,0,/graphic/poruact.narc,301,5,,2808,2898,2500,2590,90,9c65da71eab3a537e878baaf63563dad1560954e6e0f712da547e8c97745a1e7,524c434efffe00015a00000010000200,,NCLR palette,Confirmed,True,False,,,,,,,,,,False,False
/graphic/poruact.narc,/graphic/poruact.narc!/member_00006,0,/graphic/poruact.narc,301,6,,2900,2990,2592,2682,90,5a12e3402a464176d54dba7ddcdd1d998390e18668407bdb160aee261e5c4613,524c434efffe00015a00000010000200,,NCLR palette,Confirmed,True,False,,,,,,,,,,False,False
/graphic/poruact.narc,/graphic/poruact.narc!/member_00007,0,/graphic/poruact.narc,301,7,,2992,3082,2684,2774,90,36b8a188c242cce011df320fe0ed4c02704c0afccd1fc8d5192392ea535db3a3,524c434efffe00015a00000010000200,,NCLR palette,Confirmed,True,False,,,,,,,,,,False,False
/graphic/poruact.narc,/graphic/poruact.narc!/member_00008,0,/graphic/poruact.narc,301,8,,3084,3174,2776,2866,90,b190f87536a4f4aaca139e0a3ef3b42d18a5cc963a2c16f6e1739eba1221f04c,524c434efffe00015a00000010000200,,NCLR palette,Confirmed,True,False,,,,,,,,,,False,False
/graphic/poruact.narc,/graphic/poruact.narc!/member_00009,0,/graphic/poruact.narc,301,9,,3176,3266,2868,2958,90,0b6691c03a49b37d62b57b56a65b51840eb0cac382e70d6b91311ff769af9828,524c434efffe00015a00000010000200,,NCLR palette,Confirmed,True,False,,,,,,,,,,False,False
/graphic/poruact.narc,/graphic/poruact.narc!/member_00010,0,/graphic/poruact.narc,301,10,,3268,3358,2960,3050,90,e6126b4fa3a89b3f08ebbc4a0139fd7de4d2181a1bb2d04893a4124fe7b23eb8,524c434efffe00015a00000010000200,,NCLR palette,Confirmed,True,False,,,,,,,,,,False,False
/graphic/poruact.narc,/graphic/poruact.narc!/member_00011,0,/graphic/poruact.narc,301,11,,3360,3450,3052,3142,90,ce8fc1277323b98f4bd16e4f0b9df031c96a4f642229ada2313bc8bb731fea0e,524c434efffe00015a00000010000200,,NCLR palette,Confirmed,True,False,,,,,,,,,,False,False
/graphic/poruact.narc,/graphic/poruact.narc!/member_00012,0,/graphic/poruact.narc,301,12,,3452,3542,3144,3234,90,360dfba6561bc6ace5e45cb90d1a728b85bb71e2df6a8f5be5a3cfbd3026ed86,524c434efffe00015a00000010000200,,NCLR palette,Confirmed,True,False,,,,,,,,,,False,False
/graphic/poruact.narc,/graphic/poruact.narc!/member_00013,0,/graphic/poruact.narc,301,13,,3544,3634,3236,3326,90,80179c774b61ee242b7e8d5df518ddfb0809cb0428fc2ad85598a7c24350e37a,524c434efffe00015a00000010000200,,NCLR palette,Confirmed,True,False,,,,,,,,,,False,False
/graphic/poruact.narc,/graphic/poruact.narc!/member_00014,0,/graphic/poruact.narc,301,14,,3636,3726,3328,3418,90,6c1647fa05f86ee773f2c973b6bbf5c470f883389eed2a3a2819e413f3bde5e4,524c434efffe00015a00000010000200,,NCLR palette,Confirmed,True,False,,,,,,,,,,False,False
/graphic/poruact.narc,/graphic/poruact.narc!/member_00015,0,/graphic/poruact.narc,301,15,,3728,3818,3420,3510,90,40463954c8fd78e2a498d8aef0633c61d3e78159f34475cc729a168d7c26b8c8,524c434efffe00015a00000010000200,,NCLR palette,Confirmed,True,False,,,,,,,,,,False,False
/graphic/poruact.narc,/graphic/poruact.narc!/member_00016,0,/graphic/poruact.narc,301,16,,3820,3910,3512,3602,90,782ed8b2db98cd31fb0bb8f3a1b77be15637515bbc7c3224d8da3d2b4d886a40,524c434efffe00015a00000010000200,,NCLR palette,Confirmed,True,False,,,,,,,,,,False,False
/graphic/poruact.narc,/graphic/poruact.narc!/member_00017,0,/graphic/poruact.narc,301,17,,3912,4002,3604,3694,90,aa5e2d3317f7b8b58261fb81edbe20aa9f8c7144c057d9bfd7976082edc332ea,524c434efffe00015a00000010000200,,NCLR palette,Confirmed,True,False,,,,,,,,,,False,False
/graphic/poruact.narc,/graphic/poruact.narc!/member_00018,0,/graphic/poruact.narc,301,18,,4004,4094,3696,3786,90,334cf08874c68cadf0f33646eb479d6f360707581f95813bff8fef97c49b497b,524c434efffe00015a00000010000200,,NCLR palette,Confirmed,True,False,,,,,,,,,,False,False
/graphic/poruact.narc,/graphic/poruact.narc!/member_00019,0,/graphic/poruact.narc,301,19,,4096,4186,3788,3878,90,0b8b4ad13dc3870a3a98c575fd203f5c58ac0bee53421c62356489cd2511863e,524c434efffe00015a00000010000200,,NCLR palette,Confirmed,True,False,,,,,,,,,,False,False
/graphic/poruact.narc,/graphic/poruact.narc!/member_00020,0,/graphic/poruact.narc,301,20,,4188,4278,3880,3970,90,2dec08df47edea3311782c7cf6ff3aeee3661a36e0eae6f28e7369ab923bcda5,524c434efffe00015a00000010000200,,NCLR palette,Confirmed,True,False,,,,,,,,,,False,False
/graphic/poruact.narc,/graphic/poruact.narc!/member_00021,0,/graphic/poruact.narc,301,21,,4280,4370,3972,4062,90,1219be871843a83599d3796f696e2209796a2f392ff12a1117709cfa3d7f35d0,524c434efffe00015a00000010000200,,NCLR palette,Confirmed,True,False,,,,,,,,,,False,False
/graphic/poruact.narc,/graphic/poruact.narc!/member_00022,0,/graphic/poruact.narc,301,22,,4372,4462,4064,4154,90,d6b42414052f47cb730d8ab1d31f66f3b11e9b0aa3130e2ffc9c0dc598674e63,524c434efffe00015a00000010000200,,NCLR palette,Confirmed,True,False,,,,,,,,,,False,False
/graphic/poruact.narc,/graphic/poruact.narc!/member_00023,0,/graphic/poruact.narc,301,23,,4464,4554,4156,4246,90,7b0b4993e324be2baefe653af36376b5fb805d2ce1a9a51049096782e543f3e1,524c434efffe00015a00000010000200,,NCLR palette,Confirmed,True,False,,,,,,,,,,False,False
/graphic/poruact.narc,/graphic/poruact.narc!/member_00024,0,/graphic/poruact.narc,301,24,,4556,4646,4248,4338,90,9f3d022ce46e8f6d8ad71dbc18dbb2de750866b175cdafd9b9afcf6d3979a2d6,524c434efffe00015a00000010000200,,NCLR palette,Confirmed,True,False,,,,,,,,,,False,False
/graphic/poruact.narc,/graphic/poruact.narc!/member_00025,0,/graphic/poruact.narc,301,25,,4648,4738,4340,4430,90,fbac266072646f80b1d5ee66ff3dec450e4cb9717cfa0ce37bb494f35b283cb5,524c434efffe00015a00000010000200,,NCLR palette,Confirmed,True,False,,,,,,,,,,False,False
/graphic/poruact.narc,/graphic/poruact.narc!/member_00026,0,/graphic/poruact.narc,301,26,,4740,4830,4432,4522,90,2932b94f14ad4dc9b111f55dbde8ae9e226ef62239017b986b921f20d02f01cb,524c434efffe00015a00000010000200,,NCLR palette,Confirmed,True,False,,,,,,,,,,False,False
/graphic/poruact.narc,/graphic/poruact.narc!/member_00027,0,/graphic/poruact.narc,301,27,,4832,4922,4524,4614,90,738308adc4e1dd0ee40fe2f7c7e9e403b66e1ae3a3385b7d30a3a711be767980,524c434efffe00015a00000010000200,,NCLR palette,Confirmed,True,False,,,,,,,,,,False,False
/graphic/poruact.narc,/graphic/poruact.narc!/member_00028,0,/graphic/poruact.narc,301,28,,4924,5014,4616,4706,90,96e82cb637569f3c99c1ff27901a010f844f083e9e7b02dfc45682a1362e8cc1,524c434efffe00015a00000010000200,,NCLR palette,Confirmed,True,False,,,,,,,,,,False,False
/graphic/poruact.narc,/graphic/poruact.narc!/member_00029,0,/graphic/poruact.narc,301,29,,5016,5106,4708,4798,90,26810a85b9ea4bde34cb65b50fcc47e17e3392dc1e6ce2fc62175af0dca3de7f,524c434efffe00015a00000010000200,,NCLR palette,Confirmed,True,False,,,,,,,,,,False,False
/graphic/poruact.narc,/graphic/poruact.narc!/member_00030,0,/graphic/poruact.narc,301,30,,5108,5198,4800,4890,90,d4bb48b163adbac51c2089901546b77ed8001f1093495a9633111eafcf38d47a,524c434efffe00015a00000010000200,,NCLR palette,Confirmed,True,False,,,,,,,,,,False,False
/graphic/poruact.narc,/graphic/poruact.narc!/member_00031,0,/graphic/poruact.narc,301,31,,5200,5290,4892,4982,90,fc6d4d05e570fdde46a2a36094598fd87ef372054cdac60a15f7f650d991d7b8,524c434efffe00015a00000010000200,,NCLR palette,Confirmed,True,False,,,,,,,,,,False,False
/graphic/porudemo.narc,/graphic/porudemo.narc!/member_00000,0,/graphic/porudemo.narc,302,0,,100,190,0,90,90,5b1626c28858ba8a7db0da237992902b2ccb3a40475d47081f1a767a91f852b3,524c434efffe00015a00000010000200,,NCLR palette,Confirmed,True,False,,,,,,,,,,False,False
/graphic/porudemo.narc,/graphic/porudemo.narc!/member_00001,0,/graphic/porudemo.narc,302,1,,192,418,92,318,226,775ce11effd3896de2eec939df064f90f3485bcb6468fe232ac203801ef02d95,524c434efffe0001e200000010000200,,NCLR palette,Confirmed,True,False,,,,,,,,,,False,False
/graphic/porudemo.narc,/graphic/porudemo.narc!/member_00002,0,/graphic/porudemo.narc,302,2,,420,2532,320,2432,2112,64a57544cd3e0c33999ea24c14ae0b3e5158b10acc80c2c6ecdf636682dea964,5247434efffe01014008000010000200,,NCGR graphics,Confirmed,True,False,,,,,,,,,,False,False
/graphic/porudemo.narc,/graphic/porudemo.narc!/member_00003,0,/graphic/porudemo.narc,302,3,,2532,5668,2432,5568,3136,ab0709b71a4a842cd69282b42be8d5e0cbacba0937a9ed916b9b5d87d6faf45b,5247434efffe0101400c000010000200,,NCGR graphics,Confirmed,True,False,,,,,,,,,,False,False
/graphic/porudemo.narc,/graphic/porudemo.narc!/member_00004,0,/graphic/porudemo.narc,302,4,,5668,7240,5568,7140,1572,f725dc60f096be1670f694bcafb92ffed975f5c4017c1403e6d7748df88c7968,5243534efffe00012406000010000100,,NSCR screen map,Confirmed,True,False,,,,,,,,,,False,False
/graphic/porudemo.narc,/graphic/porudemo.narc!/member_00005,0,/graphic/porudemo.narc,302,5,,7240,8812,7140,8712,1572,84ba02601be6647753bb190e3372e841e16cdc73eb215ee1033eec56f3672b92,5243534efffe00012406000010000100,,NSCR screen map,Confirmed,True,False,,,,,,,,,,False,False
/graphic/pst_gra.narc,/graphic/pst_gra.narc!/member_00000,0,/graphic/pst_gra.narc,303,0,,1148,16572,0,15424,15424,9f8ff9d565a01ca1ee5d3f2110fc70987d82ba37aa89fb97b86585ea6fd470fb,5247434efffe0101403c000010000200,,NCGR graphics,Confirmed,True,False,,,,,,,,,,False,False
/graphic/pst_gra.narc,/graphic/pst_gra.narc!/member_00001,0,/graphic/pst_gra.narc,303,1,,16572,17124,15424,15976,552,5ea63258ea63faaa7d4cb78d42dec74a6ede6f71ddbab115e7ed2731f3430a82,524c434efffe00012802000010000100,,NCLR palette,Confirmed,True,False,,,,,,,,,,False,False
/graphic/pst_gra.narc,/graphic/pst_gra.narc!/member_00002,0,/graphic/pst_gra.narc,303,2,,17124,37348,15976,36200,20224,d970bb46017a61d43ae947253be6815342bfac4faea6f1545fbc2b14bd3cb3e0,5247434efffe0101004f000010000200,,NCGR graphics,Confirmed,True,False,,,,,,,,,,False,False
/graphic/pst_gra.narc,/graphic/pst_gra.narc!/member_00003,0,/graphic/pst_gra.narc,303,3,,37348,39432,36200,38284,2084,4e6d89ae593a0a98a3d149db037829f176ea3e9e049ce862f5440db57107889c,5243534efffe00012408000010000100,,NSCR screen map,Confirmed,True,False,,,,,,,,,,False,False
/graphic/pst_gra.narc,/graphic/pst_gra.narc!/member_00004,0,/graphic/pst_gra.narc,303,4,,39432,41516,38284,40368,2084,b7dd596550ce9c770a24cba95dd8ff97157562c7e310e129034585d5c5a7f9de,5243534efffe00012408000010000100,,NSCR screen map,Confirmed,True,False,,,,,,,,,,False,False
/graphic/pst_gra.narc,/graphic/pst_gra.narc!/member_00005,0,/graphic/pst_gra.narc,303,5,,41516,43600,40368,42452,2084,bc30cfea382b5b846df496ba5517a736302cdb750beaab2a6ec2399acce7bbf2,5243534efffe00012408000010000100,,NSCR screen map,Confirmed,True,False,,,,,,,,,,False,False
/graphic/pst_gra.narc,/graphic/pst_gra.narc!/member_00006,0,/graphic/pst_gra.narc,303,6,,43600,45684,42452,44536,2084,2fd8a89a5885c7ad0e9e0859ea833d040ee7f3f95cf218d04fe98580b778e17f,5243534efffe00012408000010000100,,NSCR screen map,Confirmed,True,False,,,,,,,,,,False,False
/graphic/pst_gra.narc,/graphic/pst_gra.narc!/member_00007,0,/graphic/pst_gra.narc,303,7,,45684,47768,44536,46620,2084,a10ccfc14a9efbdb42bc6c0970cf790d7b1710074069d9c465a8f738892ccb31,5243534efffe00012408000010000100,,NSCR screen map,Confirmed,True,False,,,,,,,,,,False,False
/graphic/pst_gra.narc,/graphic/pst_gra.narc!/member_00008,0,/graphic/pst_gra.narc,303,8,,47768,49852,46620,48704,2084,2055655af377035d88fcff2d8776eab09e6e15972a118eaeccc34e5234617a4c,5243534efffe00012408000010000100,,NSCR screen map,Confirmed,True,False,,,,,,,,,,False,False
/graphic/pst_gra.narc,/graphic/pst_gra.narc!/member_00009,0,/graphic/pst_gra.narc,303,9,,49852,51936,48704,50788,2084,8ab1d40d94eb935b9b126b501c5d65bf764485554bb57b0906fbd7328d041c98,5243534efffe00012408000010000100,,NSCR screen map,Confirmed,True,False,,,,,,,,,,False,False
/graphic/pst_gra.narc,/graphic/pst_gra.narc!/member_00010,0,/graphic/pst_gra.narc,303,10,,51936,54020,50788,52872,2084,5cb2afb5b8565db460f38bf8315462c41b42601b28db41c5671382944b178a8c,5243534efffe00012408000010000100,,NSCR screen map,Confirmed,True,False,,,,,,,,,,False,False
/graphic/pst_gra.narc,/graphic/pst_gra.narc!/member_00011,0,/graphic/pst_gra.narc,303,11,,54020,62248,52872,61100,8228,42b1aec749aae558e4081e540faa52f81545a99e6b8e77d0f950af969a0fd496,5243534efffe00012420000010000100,,NSCR screen map,Confirmed,True,False,,,,,,,,,,False,False
/graphic/pst_gra.narc,/graphic/pst_gra.narc!/member_00012,0,/graphic/pst_gra.narc,303,12,,62248,64332,61100,63184,2084,941b5bd9438e85a2dad1a56e4a05a203d577a6d2465d399e879aaa3062a8dd54,5243534efffe00012408000010000100,,NSCR screen map,Confirmed,True,False,,,,,,,,,,False,False
/graphic/pst_gra.narc,/graphic/pst_gra.narc!/member_00013,0,/graphic/pst_gra.narc,303,13,,64332,66416,63184,65268,2084,cbc197006db1da19cfcf0555ab680e1d80ac9557b7197be58fcbbc13e016c162,5243534efffe00012408000010000100,,NSCR screen map,Confirmed,True,False,,,,,,,,,,False,False
/graphic/pst_gra.narc,/graphic/pst_gra.narc!/member_00014,0,/graphic/pst_gra.narc,303,14,,66416,66968,65268,65820,552,487981a161878de1f629c0e80bf39b2cba04a564ebb68533d3fc419f735c5f22,524c434efffe00012802000010000100,,NCLR palette,Confirmed,True,False,,,,,,,,,,False,False
/graphic/pst_gra.narc,/graphic/pst_gra.narc!/member_00015,0,/graphic/pst_gra.narc,303,15,,66968,69052,65820,67904,2084,6ebf70f34960b2d821ab2f2bc6348699223e70489d98e8b167110bdfb1c1f5e0,5243534efffe00012408000010000100,,NSCR screen map,Confirmed,True,False,,,,,,,,,,False,False
/graphic/pst_gra.narc,/graphic/pst_gra.narc!/member_00016,0,/graphic/pst_gra.narc,303,16,,69052,75260,67904,74112,6208,e9158f271b347dde19d36837389dec9f0dd5c6c5d6d6050b995e899b2d20754f,5247434efffe01014018000010000200,,NCGR graphics,Confirmed,True,False,,,,,,,,,,False,False
/graphic/pst_gra.narc,/graphic/pst_gra.narc!/member_00017,0,/graphic/pst_gra.narc,303,17,,75260,75371,74112,74223,111,02501a6a5ce892afbfaf7aaf1ac388045db6e55ade71548a00cc3a91b7fb3f37,524e414efffe00016f00000010000300,,NANR animation,Confirmed,True,False,,,,,,,,,,False,False
/graphic/pst_gra.narc,/graphic/pst_gra.narc!/member_00018,0,/graphic/pst_gra.narc,303,18,,75372,75479,74224,74331,107,cf1787e90933add36e347e91e44255574abc71a4a5562e69e744f4c3ef1a5962,5245434efffe00016b00000010000300,,NCER cell,Confirmed,True,False,,,,,,,,,,False,False
/graphic/pst_gra.narc,/graphic/pst_gra.narc!/member_00019,0,/graphic/pst_gra.narc,303,19,,75480,75656,74332,74508,176,c76885843d398d9690d49151c0da5d0639a23efc534417c256c4b70a789c8bf5,5247434efffe0101b000000010000100,,NCGR graphics,Confirmed,True,False,,,,,,,,,,False,False
/graphic/pst_gra.narc,/graphic/pst_gra.narc!/member_00020,0,/graphic/pst_gra.narc,303,20,,75656,75832,74508,74684,176,0035184bda5c9b215ae49bd535d7acd481742cd9d0d2b6e1264844baf33f42f8,5247434efffe0101b000000010000100,,NCGR graphics,Confirmed,True,False,,,,,,,,,,False,False
/graphic/pst_gra.narc,/graphic/pst_gra.narc!/member_00021,0,/graphic/pst_gra.narc,303,21,,75832,76008,74684,74860,176,78ab34e17ddee1e4e60111234bc3b1fa035930d8dbfc76ebfa622dc5ce78468d,5247434efffe0101b000000010000100,,NCGR graphics,Confirmed,True,False,,,,,,,,,,False,False
/graphic/pst_gra.narc,/graphic/pst_gra.narc!/member_00022,0,/graphic/pst_gra.narc,303,22,,76008,76184,74860,75036,176,ce62573127d5c364cfc58d9538854828201188e94ff1b64add1bd7fb50d53c91,5247434efffe0101b000000010000100,,NCGR graphics,Confirmed,True,False,,,,,,,,,,False,False
/graphic/pst_gra.narc,/graphic/pst_gra.narc!/member_00023,0,/graphic/pst_gra.narc,303,23,,76184,76360,75036,75212,176,f4b2068507df014d2c73b719a4f6eee7450581625091dca781a33e5cae3f6c5a,5247434efffe0101b000000010000100,,NCGR graphics,Confirmed,True,False,,,,,,,,,,False,False
/graphic/pst_gra.narc,/graphic/pst_gra.narc!/member_00024,0,/graphic/pst_gra.narc,303,24,,76360,76536,75212,75388,176,57130c58b044d6f2031306018a86d9276d67037250816b0e14643664d39aeeca,5247434efffe0101b000000010000100,,NCGR graphics,Confirmed,True,False,,,,,,,,,,False,False
/graphic/pst_gra.narc,/graphic/pst_gra.narc!/member_00025,0,/graphic/pst_gra.narc,303,25,,76536,76712,75388,75564,176,cc1dabf47a80535710fe68f52140818a1d253d40cea9febf5f475933ac47f003,5247434efffe0101b000000010000100,,NCGR graphics,Confirmed,True,False,,,,,,,,,,False,False
/graphic/pst_gra.narc,/graphic/pst_gra.narc!/member_00026,0,/graphic/pst_gra.narc,303,26,,76712,76888,75564,75740,176,5662713aedefe2f6c4d3210c2d106def0272725297c31ba802a2a5cad651d58b,5247434efffe0101b000000010000100,,NCGR graphics,Confirmed,True,False,,,,,,,,,,False,False
/graphic/pst_gra.narc,/graphic/pst_gra.narc!/member_00027,0,/graphic/pst_gra.narc,303,27,,76888,77064,75740,75916,176,1a9e02cf7658358d8bb00b06a8b78356c38be3a7a479e669f6cd574caa2c99ae,5247434efffe0101b000000010000100,,NCGR graphics,Confirmed,True,False,,,,,,,,,,False,False
/graphic/pst_gra.narc,/graphic/pst_gra.narc!/member_00028,0,/graphic/pst_gra.narc,303,28,,77064,77240,75916,76092,176,b6fc9b3a5d786e0625abf7ad17d321ad88afb7465b44f6fe9497e7c9d0e64635,5247434efffe0101b000000010000100,,NCGR graphics,Confirmed,True,False,,,,,,,,,,False,False
/graphic/pst_gra.narc,/graphic/pst_gra.narc!/member_00029,0,/graphic/pst_gra.narc,303,29,,77240,77416,76092,76268,176,7f363710dedea437710bad429fed308e42c40e4b7130730d39f734dd1fac8fc2,5247434efffe0101b000000010000100,,NCGR graphics,Confirmed,True,False,,,,,,,,,,False,False
/graphic/pst_gra.narc,/graphic/pst_gra.narc!/member_00030,0,/graphic/pst_gra.narc,303,30,,77416,77592,76268,76444,176,40603bdf0e6ef172fac5c648083c0aedb165e6cb00b7c499791b282d19336a8b,5247434efffe0101b000000010000100,,NCGR graphics,Confirmed,True,False,,,,,,,,,,False,False
/graphic/pst_gra.narc,/graphic/pst_gra.narc!/member_00031,0,/graphic/pst_gra.narc,303,31,,77592,77768,76444,76620,176,29fa993689c7aed8838cde42062e1c1c256cc2aba89f34082879d1d36cb034ad,5247434efffe0101b000000010000100,,NCGR graphics,Confirmed,True,False,,,,,,,,,,False,False
/graphic/pst_gra.narc,/graphic/pst_gra.narc!/member_00032,0,/graphic/pst_gra.narc,303,32,,77768,77944,76620,76796,176,57df392fc4626c24acd68e516c06522557af5cc073a66e788c5a312486f4dc36,5247434efffe0101b000000010000100,,NCGR graphics,Confirmed,True,False,,,,,,,,,,False,False
/graphic/pst_gra.narc,/graphic/pst_gra.narc!/member_00033,0,/graphic/pst_gra.narc,303,33,,77944,78120,76796,76972,176,dd7914dd763902898b85d357cb7054aa34f1a7728dff5b809e949ab326d9d0b9,5247434efffe0101b000000010000100,,NCGR graphics,Confirmed,True,False,,,,,,,,,,False,False
/graphic/pst_gra.narc,/graphic/pst_gra.narc!/member_00034,0,/graphic/pst_gra.narc,303,34,,78120,78296,76972,77148,176,31a7c6cc333d6e958fdb23a11e61a5298c92f1d059a01cc09a019964112253fc,5247434efffe0101b000000010000100,,NCGR graphics,Confirmed,True,False,,,,,,,,,,False,False
/graphic/pst_gra.narc,/graphic/pst_gra.narc!/member_00035,0,/graphic/pst_gra.narc,303,35,,78296,78472,77148,77324,176,81e857aba8fdc6fddbd2867a542f56752b5621485e977e1353115a9af2589c13,5247434efffe0101b000000010000100,,NCGR graphics,Confirmed,True,False,,,,,,,,,,False,False
/graphic/pst_gra.narc,/graphic/pst_gra.narc!/member_00036,0,/graphic/pst_gra.narc,303,36,,78472,78648,77324,77500,176,92ce3c2eed2dd1f81b7a86396fe2a5d19143e989aed1fbaf691ff3d6b1cecac9,5247434efffe0101b000000010000100,,NCGR graphics,Confirmed,True,False,,,,,,,,,,False,False
/graphic/pst_gra.narc,/graphic/pst_gra.narc!/member_00037,0,/graphic/pst_gra.narc,303,37,,78648,79200,77500,78052,552,e0cd0c04aa788c325494b5ac63a4fbfe4900d5a29021865f5359d4be1c596110,524c434efffe00012802000010000100,,NCLR palette,Confirmed,True,False,,,,,,,,,,False,False
/graphic/pst_gra.narc,/graphic/pst_gra.narc!/member_00038,0,/graphic/pst_gra.narc,303,38,,79200,79752,78052,78604,552,f5a963d3376d83aa42e0c41e9ff88b748e4649c1487a219cf1e4f0a889e86ffd,524c434efffe00012802000010000100,,NCLR palette,Confirmed,True,False,,,,,,,,,,False,False
/graphic/pst_gra.narc,/graphic/pst_gra.narc!/member_00039,0,/graphic/pst_gra.narc,303,39,,79752,80304,78604,79156,552,2d537893b48453abbc3068ce2bc5852c60c23db452287f6188e04336849fe17e,524c434efffe00012802000010000100,,NCLR palette,Confirmed,True,False,,,,,,,,,,False,False
/graphic/pst_gra.narc,/graphic/pst_gra.narc!/member_00040,0,/graphic/pst_gra.narc,303,40,,80304,80856,79156,79708,552,53460928eadae33e2f951cdafb4ac15dff05f69d0292ac5c7bd16df3465af271,524c434efffe00012802000010000100,,NCLR palette,Confirmed,True,False,,,,,,,,,,False,False
/graphic/pst_gra.narc,/graphic/pst_gra.narc!/member_00041,0,/graphic/pst_gra.narc,303,41,,80856,81146,79708,79998,290,531a1b10dcc141a761f85ae3e744f0acf7f05e1e29d40ca77cea53a359e18c16,524e414efffe00012201000010000300,,NANR animation,Confirmed,True,False,,,,,,,,,,False,False
/graphic/pst_gra.narc,/graphic/pst_gra.narc!/member_00042,0,/graphic/pst_gra.narc,303,42,,81148,81290,80000,80142,142,e92c4e855efeed784b48106592b4b5b6c675e7d8da175f98147245c8a366dd03,5245434efffe00018e00000010000300,,NCER cell,Confirmed,True,False,,,,,,,,,,False,False
/graphic/pst_gra.narc,/graphic/pst_gra.narc!/member_00043,0,/graphic/pst_gra.narc,303,43,,81292,81596,80144,80448,304,412f37aa5412e6a9d08fc7fc334e7735765ed801eb209fa0348d61c135611023,5247434efffe01013001000010000100,,NCGR graphics,Confirmed,True,False,,,,,,,,,,False,False
/graphic/pst_gra.narc,/graphic/pst_gra.narc!/member_00044,0,/graphic/pst_gra.narc,303,44,,81596,81879,80448,80731,283,549442d5587e9b15c9baf8b22810505b78d5a41c94dbdf5578cf7e6ec54396fa,524e414efffe00011b01000010000300,,NANR animation,Confirmed,True,False,,,,,,,,,,False,False
/graphic/pst_gra.narc,/graphic/pst_gra.narc!/member_00045,0,/graphic/pst_gra.narc,303,45,,81880,82135,80732,80987,255,496b7c26d8c676d92abc31b54b7561fb6d261d3da70878889c998f1a58d0353a,5245434efffe0001ff00000010000300,,NCER cell,Confirmed,True,False,,,,,,,,,,False,False
/graphic/pst_gra.narc,/graphic/pst_gra.narc!/member_00046,0,/graphic/pst_gra.narc,303,46,,82136,82344,80988,81196,208,2c2174b546635228e9797afb2ae9bf944bc3a9cda9a3a95f78732e0c43314b09,5247434efffe0101d000000010000100,,NCGR graphics,Confirmed,True,False,,,,,,,,,,False,False
/graphic/pst_gra.narc,/graphic/pst_gra.narc!/member_00047,0,/graphic/pst_gra.narc,303,47,,82344,82527,81196,81379,183,08b7f6612f79dd359380f719315cd3a4a7a9d1ba6092dcd7942e203cb591f9ab,524e414efffe0001b700000010000300,,NANR animation,Confirmed,True,False,,,,,,,,,,False,False
/graphic/pst_gra.narc,/graphic/pst_gra.narc!/member_00048,0,/graphic/pst_gra.narc,303,48,,82528,82743,81380,81595,215,69bc036b6dcd0ec3c91493f0ee575388dc16efc13d7040b0cf7009e43a4b0257,5245434efffe0001d700000010000300,,NCER cell,Confirmed,True,False,,,,,,,,,,False,False
/graphic/pst_gra.narc,/graphic/pst_gra.narc!/member_00049,0,/graphic/pst_gra.narc,303,49,,82744,83560,81596,82412,816,221d45c9f2ffb63a7c742fb5f762dbf1306f19a77a2a6c05c61de8097a620d42,5247434efffe01013003000010000100,,NCGR graphics,Confirmed,True,False,,,,,,,,,,False,False
/graphic/pst_gra.narc,/graphic/pst_gra.narc!/member_00050,0,/graphic/pst_gra.narc,303,50,,83560,83714,82412,82566,154,2db7fb78dd747f600d608eae538a07457399a8d7d5d878debe6439464a1d543f,524e414efffe00019a00000010000300,,NANR animation,Confirmed,True,False,,,,,,,,,,False,False
/graphic/pst_gra.narc,/graphic/pst_gra.narc!/member_00051,0,/graphic/pst_gra.narc,303,51,,83716,83858,82568,82710,142,4b163e3ffb17d8666ce94ef39bcc7ab3863410633e1a1bdc0612a050d8c0a08e,5245434efffe00018e00000010000300,,NCER cell,Confirmed,True,False,,,,,,,,,,False,False
/graphic/pst_gra.narc,/graphic/pst_gra.narc!/member_00052,0,/graphic/pst_gra.narc,303,52,,83860,83972,82712,82824,112,59c4b2520f2382e37f742f99d1347f2808d7391b7be5ba1947769e34b0174478,5247434efffe01017000000010000100,,NCGR graphics,Confirmed,True,False,,,,,,,,,,False,False
/graphic/pst_gra.narc,/graphic/pst_gra.narc!/member_00053,0,/graphic/pst_gra.narc,303,53,,83972,84084,82824,82936,112,8a2d930dbd34a8660758fecbc8038d7c661e0813e134bf6f0a7a0bd8c258f1ba,5247434efffe01017000000010000100,,NCGR graphics,Confirmed,True,False,,,,,,,,,,False,False
/graphic/pst_gra.narc,/graphic/pst_gra.narc!/member_00054,0,/graphic/pst_gra.narc,303,54,,84084,84196,82936,83048,112,f6b433ec913fdb382304952d11507edfbab43064bbef66359d8d8e3583ec0e60,5247434efffe01017000000010000100,,NCGR graphics,Confirmed,True,False,,,,,,,,,,False,False
/graphic/pst_gra.narc,/graphic/pst_gra.narc!/member_00055,0,/graphic/pst_gra.narc,303,55,,84196,84308,83048,83160,112,66095a17a6c8ec266902bb246c17896cacc76b5f637d27d38d1539ef6ee053b6,5247434efffe01017000000010000100,,NCGR graphics,Confirmed,True,False,,,,,,,,,,False,False
/graphic/pst_gra.narc,/graphic/pst_gra.narc!/member_00056,0,/graphic/pst_gra.narc,303,56,,84308,84420,83160,83272,112,653a06cad48dd7a6b6cf328c0154e03ed6208148b053a0eb45209a0d8e299fad,5247434efffe01017000000010000100,,NCGR graphics,Confirmed,True,False,,,,,,,,,,False,False
/graphic/pst_gra.narc,/graphic/pst_gra.narc!/member_00057,0,/graphic/pst_gra.narc,303,57,,84420,84532,83272,83384,112,e28ee99e8d3a1979caf67140f884eb72057748584da1c85e54be0708257bd33c,5247434efffe01017000000010000100,,NCGR graphics,Confirmed,True,False,,,,,,,,,,False,False
/graphic/pst_gra.narc,/graphic/pst_gra.narc!/member_00058,0,/graphic/pst_gra.narc,303,58,,84532,84644,83384,83496,112,c91a19b0d18348ed896a302389ee11635951dce094faaee3a6507ea3a6162cec,5247434efffe01017000000010000100,,NCGR graphics,Confirmed,True,False,,,,,,,,,,False,False
/graphic/pst_gra.narc,/graphic/pst_gra.narc!/member_00059,0,/graphic/pst_gra.narc,303,59,,84644,84934,83496,83786,290,0a43ef11f0985aae0064c759d4c5aa91144a0e7ae0d358f878937a2cd2623cd0,524e414efffe00012201000010000300,,NANR animation,Confirmed,True,False,,,,,,,,,,False,False
/graphic/pst_gra.narc,/graphic/pst_gra.narc!/member_00060,0,/graphic/pst_gra.narc,303,60,,84936,85078,83788,83930,142,7cc318682f90b8c6db47499a8f36fb1b0bd2c370387605d5c7133abccdfca820,5245434efffe00018e00000010000300,,NCER cell,Confirmed,True,False,,,,,,,,,,False,False
/graphic/pst_gra.narc,/graphic/pst_gra.narc!/member_00061,0,/graphic/pst_gra.narc,303,61,,85080,85192,83932,84044,112,74e75834be76fb227c7d6f8f1472edbd7dafe76b58b616ceb698f9ca73788e2b,5247434efffe01017000000010000100,,NCGR graphics,Confirmed,True,False,,,,,,,,,,False,False
/graphic/pst_gra.narc,/graphic/pst_gra.narc!/member_00062,0,/graphic/pst_gra.narc,303,62,,85192,85561,84044,84413,369,2073b9f4410f45fcb4fc4662fc08f40f40a6aeae137601484637dcf566d07754,524e414efffe00017101000010000300,,NANR animation,Confirmed,True,False,,,,,,,,,,False,False
/graphic/pst_gra.narc,/graphic/pst_gra.narc!/member_00063,0,/graphic/pst_gra.narc,303,63,,85564,85933,84416,84785,369,057547063a4ec5904bd936b5d63e215d98364143a36d27987b7692b5b63006d8,5245434efffe00017101000010000300,,NCER cell,Confirmed,True,False,,,,,,,,,,False,False
/graphic/pst_gra.narc,/graphic/pst_gra.narc!/member_00064,0,/graphic/pst_gra.narc,303,64,,85936,86656,84788,85508,720,a768a777082439dfcefe2d9add06563e14171015583413c8051f2aa5dc2591b6,5247434efffe0101d002000010000100,,NCGR graphics,Confirmed,True,False,,,,,,,,,,False,False
/graphic/pst_gra.narc,/graphic/pst_gra.narc!/member_00065,0,/graphic/pst_gra.narc,303,65,,86656,87208,85508,86060,552,b2a73b692483ce234adaa0d67d99845350ca4fd4aa35da55f4686ac9a937c21f,524c434efffe00012802000010000100,,NCLR palette,Confirmed,True,False,,,,,,,,,,False,False
/graphic/pst_gra.narc,/graphic/pst_gra.narc!/member_00066,0,/graphic/pst_gra.narc,303,66,,87208,87375,86060,86227,167,1a4b4baa398b22b124748c3feb74c76d7aa3b26eaea85e93f6178bcc635caf31,524e414efffe0001a700000010000300,,NANR animation,Confirmed,True,False,,,,,,,,,,False,False
/graphic/pst_gra.narc,/graphic/pst_gra.narc!/member_00067,0,/graphic/pst_gra.narc,303,67,,87376,87591,86228,86443,215,db8ac4229eb169539a126ac09ccb7ac2947bef19151677e4b2c88594e307e0f3,5245434efffe0001d700000010000300,,NCER cell,Confirmed,True,False,,,,,,,,,,False,False
/graphic/pst_gra.narc,/graphic/pst_gra.narc!/member_00068,0,/graphic/pst_gra.narc,303,68,,87592,88024,86444,86876,432,17f60c69bf70462406259cceae9cef3207062d9917cc8900f1f9040aa89e562e,5247434efffe0101b001000010000100,,NCGR graphics,Confirmed,True,False,,,,,,,,,,False,False
/graphic/pst_gra.narc,/graphic/pst_gra.narc!/member_00069,0,/graphic/pst_gra.narc,303,69,,88024,88576,86876,87428,552,e67eae3e23c05a79dac9d42cce52243385f79f1d8a0bdd1829e7e4fbcbdfab9b,524c434efffe00012802000010000100,,NCLR palette,Confirmed,True,False,,,,,,,,,,False,False
/graphic/pst_gra.narc,/graphic/pst_gra.narc!/member_00070,0,/graphic/pst_gra.narc,303,70,,88576,88687,87428,87539,111,30249884bd91f10bc9d4e13e7b1495f09991b6f488405a0cdbb61cfb402d10ca,524e414efffe00016f00000010000300,,NANR animation,Confirmed,True,False,,,,,,,,,,False,False
/graphic/pst_gra.narc,/graphic/pst_gra.narc!/member_00071,0,/graphic/pst_gra.narc,303,71,,88688,88795,87540,87647,107,dc7e275467c4ae23635cde791bbf1268d8e7f10613324f118388d4694b83c3f8,5245434efffe00016b00000010000300,,NCER cell,Confirmed,True,False,,,,,,,,,,False,False
/graphic/pst_gra.narc,/graphic/pst_gra.narc!/member_00072,0,/graphic/pst_gra.narc,303,72,,88796,89356,87648,88208,560,185ec9845c744d82b4c0535d1840b19bb57438bcb1529a61d66a392ac1eecbfe,5247434efffe01013002000010000100,,NCGR graphics,Confirmed,True,False,,,,,,,,,,False,False
/graphic/pst_gra.narc,/graphic/pst_gra.narc!/member_00073,0,/graphic/pst_gra.narc,303,73,,89356,89916,88208,88768,560,4b3757de83c8adbce9fdc3a3bad2dd8825aff2916d6e7424825ad4fcb7bbffb0,5247434efffe01013002000010000100,,NCGR graphics,Confirmed,True,False,,,,,,,,,,False,False
/graphic/pst_gra.narc,/graphic/pst_gra.narc!/member_00074,0,/graphic/pst_gra.narc,303,74,,89916,90476,88768,89328,560,69f780778d588eae06b81f9f80e701ff2a863e4083e36a7f84893aacf99753bb,5247434efffe01013002000010000100,,NCGR graphics,Confirmed,True,False,,,,,,,,,,False,False
/graphic/pst_gra.narc,/graphic/pst_gra.narc!/member_00075,0,/graphic/pst_gra.narc,303,75,,90476,91036,89328,89888,560,482c71af0bb1513b860ebca95a3aa5b0059ca9a45e014cb822e3bf2dd85713f0,5247434efffe01013002000010000100,,NCGR graphics,Confirmed,True,False,,,,,,,,,,False,False
/graphic/pst_gra.narc,/graphic/pst_gra.narc!/member_00076,0,/graphic/pst_gra.narc,303,76,,91036,91596,89888,90448,560,c1a9705cb181735c7b17feba07779de5ebf78d408ebc0c555dddefa366cda442,5247434efffe01013002000010000100,,NCGR graphics,Confirmed,True,False,,,,,,,,,,False,False
/graphic/pst_gra.narc,/graphic/pst_gra.narc!/member_00077,0,/graphic/pst_gra.narc,303,77,,91596,92156,90448,91008,560,e7ef875623f1a0d76e7031eb91b8b7aec485d356b3c0cc6de1ab6150c8a19e91,5247434efffe01013002000010000100,,NCGR graphics,Confirmed,True,False,,,,,,,,,,False,False
/graphic/pst_gra.narc,/graphic/pst_gra.narc!/member_00078,0,/graphic/pst_gra.narc,303,78,,92156,92716,91008,91568,560,b6914b8ff199b886189f856a5bbe82c7b05eed85aa2faa843377416e31ffbb8f,5247434efffe01013002000010000100,,NCGR graphics,Confirmed,True,False,,,,,,,,,,False,False
/graphic/pst_gra.narc,/graphic/pst_gra.narc!/member_00079,0,/graphic/pst_gra.narc,303,79,,92716,93276,91568,92128,560,4669ff85dcd1b5041478d4d4903613d631958e20508f8770548cb158ae492314,5247434efffe01013002000010000100,,NCGR graphics,Confirmed,True,False,,,,,,,,,,False,False
/graphic/pst_gra.narc,/graphic/pst_gra.narc!/member_00080,0,/graphic/pst_gra.narc,303,80,,93276,93836,92128,92688,560,fff2ce2519bbec87f16baab96e399b1bcef00ccc579a180d0b0a5404855590d4,5247434efffe01013002000010000100,,NCGR graphics,Confirmed,True,False,,,,,,,,,,False,False
/graphic/pst_gra.narc,/graphic/pst_gra.narc!/member_00081,0,/graphic/pst_gra.narc,303,81,,93836,94396,92688,93248,560,c00eeda030debe2288155a19214de95a0c6056729dd7c3b1549b81784946a453,5247434efffe01013002000010000100,,NCGR graphics,Confirmed,True,False,,,,,,,,,,False,False
